<gpx xmlns:ns3="http://www.garmin.com/xmlschemas/TrackPointExtension/v1" xmlns="http://www.topografix.com/GPX/1/1" xmlns:xsi="http://www.w3.org/2001/XMLSchema-instance" xmlns:ns2="http://www.garmin.com/xmlschemas/GpxExtensions/v3" creator="Garmin Connect" version="1.1" xsi:schemaLocation="http://www.topografix.com/GPX/1/1 http://www.topografix.com/GPX/11.xsd">
  <extensions>
<distance>2921.66</distance>
<average_hr>140.0</average_hr>
<average_speed>2.0269999504089355</average_speed>
<start_time>2026-08-10T09:31:54+00:00</start_time>
<end_time>2026-08-10T09:55:55.676000+00:00</end_time>
<moving_time>1440.0</moving_time>
<elapsed_time>1450.154</elapsed_time>
</extensions>
<metadata>
    <link href="connect.garmin.com">
      <text>Garmin Connect</text>
    </link>
    <time>2026-08-10T09:31:54.000Z</time>
  </metadata>
  <trk>
    <name>Higashikurume City - Base</name>
    <type>running</type>
    <trkseg>
      <trkpt lat="35.7574240677058696746826171875" lon="139.53546565957367420196533203125">
        <ele>43.799999237060546875</ele>
        <time>2026-08-10T09:31:54.000Z</time>
        <extensions>
          <ns3:TrackPointExtension>
            <ns3:hr>80</ns3:hr>
            <ns3:cad>0</ns3:cad>
          </ns3:TrackPointExtension>
        </extensions>
      </trkpt>
      <trkpt lat="35.75750939548015594482421875" lon="139.5354714430868625640869140625">
        <ele>43.799999237060546875</ele>
        <time>2026-08-10T09:31:55.000Z</time>
        <extensions>
          <ns3:TrackPointExtension>
            <ns3:hr>80</ns3:hr>
            <ns3:cad>0</ns3:cad>
          </ns3:TrackPointExtension>
        </extensions>
      </trkpt>
      <trkpt lat="35.7574931345880031585693359375" lon="139.5354758016765117645263671875">
        <ele>43.799999237060546875</ele>
        <time>2026-08-10T09:31:56.000Z</time>
        <extensions>
          <ns3:TrackPointExtension>
            <ns3:hr>80</ns3:hr>
            <ns3:cad>0</ns3:cad>
          </ns3:TrackPointExtension>
        </extensions>
      </trkpt>
      <trkpt lat="35.75747452676296234130859375" lon="139.535483680665493011474609375">
        <ele>43.799999237060546875</ele>
        <time>2026-08-10T09:31:57.000Z</time>
        <extensions>
          <ns3:TrackPointExtension>
            <ns3:hr>81</ns3:hr>
            <ns3:cad>0</ns3:cad>
          </ns3:TrackPointExtension>
        </extensions>
      </trkpt>
      <trkpt lat="35.75743219815194606781005859375" lon="139.535584934055805206298828125">
        <ele>43.40000152587890625</ele>
        <time>2026-08-10T09:32:05.000Z</time>
        <extensions>
          <ns3:TrackPointExtension>
            <ns3:hr>84</ns3:hr>
            <ns3:cad>0</ns3:cad>
          </ns3:TrackPointExtension>
        </extensions>
      </trkpt>
      <trkpt lat="35.75742113403975963592529296875" lon="139.53559960238635540008544921875">
        <ele>43.40000152587890625</ele>
        <time>2026-08-10T09:32:06.000Z</time>
        <extensions>
          <ns3:TrackPointExtension>
            <ns3:hr>86</ns3:hr>
            <ns3:cad>81</ns3:cad>
          </ns3:TrackPointExtension>
        </extensions>
      </trkpt>
      <trkpt lat="35.7574073038995265960693359375" lon="139.53562223352491855621337890625">
        <ele>43.40000152587890625</ele>
        <time>2026-08-10T09:32:07.000Z</time>
        <extensions>
          <ns3:TrackPointExtension>
            <ns3:hr>89</ns3:hr>
            <ns3:cad>81</ns3:cad>
          </ns3:TrackPointExtension>
        </extensions>
      </trkpt>
      <trkpt lat="35.75739230029284954071044921875" lon="139.5356476306915283203125">
        <ele>43.200000762939453125</ele>
        <time>2026-08-10T09:32:08.000Z</time>
        <extensions>
          <ns3:TrackPointExtension>
            <ns3:hr>90</ns3:hr>
            <ns3:cad>81</ns3:cad>
          </ns3:TrackPointExtension>
        </extensions>
      </trkpt>
      <trkpt lat="35.75738458894193172454833984375" lon="139.53566900454461574554443359375">
        <ele>43.200000762939453125</ele>
        <time>2026-08-10T09:32:09.000Z</time>
        <extensions>
          <ns3:TrackPointExtension>
            <ns3:hr>90</ns3:hr>
            <ns3:cad>81</ns3:cad>
          </ns3:TrackPointExtension>
        </extensions>
      </trkpt>
      <trkpt lat="35.757379643619060516357421875" lon="139.5356856845319271087646484375">
        <ele>43.200000762939453125</ele>
        <time>2026-08-10T09:32:10.000Z</time>
        <extensions>
          <ns3:TrackPointExtension>
            <ns3:hr>89</ns3:hr>
            <ns3:cad>81</ns3:cad>
          </ns3:TrackPointExtension>
        </extensions>
      </trkpt>
      <trkpt lat="35.75738056562840938568115234375" lon="139.53570974059402942657470703125">
        <ele>43.200000762939453125</ele>
        <time>2026-08-10T09:32:11.000Z</time>
        <extensions>
          <ns3:TrackPointExtension>
            <ns3:hr>89</ns3:hr>
            <ns3:cad>80</ns3:cad>
          </ns3:TrackPointExtension>
        </extensions>
      </trkpt>
      <trkpt lat="35.757378637790679931640625" lon="139.53573237173259258270263671875">
        <ele>43.200000762939453125</ele>
        <time>2026-08-10T09:32:12.000Z</time>
        <extensions>
          <ns3:TrackPointExtension>
            <ns3:hr>90</ns3:hr>
            <ns3:cad>80</ns3:cad>
          </ns3:TrackPointExtension>
        </extensions>
      </trkpt>
      <trkpt lat="35.7573774643242359161376953125" lon="139.5357681624591350555419921875">
        <ele>43</ele>
        <time>2026-08-10T09:32:13.000Z</time>
        <extensions>
          <ns3:TrackPointExtension>
            <ns3:hr>92</ns3:hr>
            <ns3:cad>80</ns3:cad>
          </ns3:TrackPointExtension>
        </extensions>
      </trkpt>
      <trkpt lat="35.7573826611042022705078125" lon="139.5357919670641422271728515625">
        <ele>43</ele>
        <time>2026-08-10T09:32:14.000Z</time>
        <extensions>
          <ns3:TrackPointExtension>
            <ns3:hr>93</ns3:hr>
            <ns3:cad>82</ns3:cad>
          </ns3:TrackPointExtension>
        </extensions>
      </trkpt>
      <trkpt lat="35.75738727115094661712646484375" lon="139.5358218066394329071044921875">
        <ele>43</ele>
        <time>2026-08-10T09:32:15.000Z</time>
        <extensions>
          <ns3:TrackPointExtension>
            <ns3:hr>93</ns3:hr>
            <ns3:cad>84</ns3:cad>
          </ns3:TrackPointExtension>
        </extensions>
      </trkpt>
      <trkpt lat="35.757385678589344024658203125" lon="139.5358576811850070953369140625">
        <ele>43</ele>
        <time>2026-08-10T09:32:16.000Z</time>
        <extensions>
          <ns3:TrackPointExtension>
            <ns3:hr>93</ns3:hr>
            <ns3:cad>85</ns3:cad>
          </ns3:TrackPointExtension>
        </extensions>
      </trkpt>
      <trkpt lat="35.75738676823675632476806640625" lon="139.53588995151221752166748046875">
        <ele>43.200000762939453125</ele>
        <time>2026-08-10T09:32:17.000Z</time>
        <extensions>
          <ns3:TrackPointExtension>
            <ns3:hr>93</ns3:hr>
            <ns3:cad>85</ns3:cad>
          </ns3:TrackPointExtension>
        </extensions>
      </trkpt>
      <trkpt lat="35.757393725216388702392578125" lon="139.5359145104885101318359375">
        <ele>43.200000762939453125</ele>
        <time>2026-08-10T09:32:18.000Z</time>
        <extensions>
          <ns3:TrackPointExtension>
            <ns3:hr>93</ns3:hr>
            <ns3:cad>85</ns3:cad>
          </ns3:TrackPointExtension>
        </extensions>
      </trkpt>
      <trkpt lat="35.757390372455120086669921875" lon="139.5359498821198940277099609375">
        <ele>43.40000152587890625</ele>
        <time>2026-08-10T09:32:19.000Z</time>
        <extensions>
          <ns3:TrackPointExtension>
            <ns3:hr>95</ns3:hr>
            <ns3:cad>84</ns3:cad>
          </ns3:TrackPointExtension>
        </extensions>
      </trkpt>
      <trkpt lat="35.7573915459215641021728515625" lon="139.5359807275235652923583984375">
        <ele>43.59999847412109375</ele>
        <time>2026-08-10T09:32:20.000Z</time>
        <extensions>
          <ns3:TrackPointExtension>
            <ns3:hr>96</ns3:hr>
            <ns3:cad>84</ns3:cad>
          </ns3:TrackPointExtension>
        </extensions>
      </trkpt>
      <trkpt lat="35.757394395768642425537109375" lon="139.5360030233860015869140625">
        <ele>43.59999847412109375</ele>
        <time>2026-08-10T09:32:21.000Z</time>
        <extensions>
          <ns3:TrackPointExtension>
            <ns3:hr>98</ns3:hr>
            <ns3:cad>84</ns3:cad>
          </ns3:TrackPointExtension>
        </extensions>
      </trkpt>
      <trkpt lat="35.75737905688583850860595703125" lon="139.53602523542940616607666015625">
        <ele>43.799999237060546875</ele>
        <time>2026-08-10T09:32:22.000Z</time>
        <extensions>
          <ns3:TrackPointExtension>
            <ns3:hr>99</ns3:hr>
            <ns3:cad>83</ns3:cad>
          </ns3:TrackPointExtension>
        </extensions>
      </trkpt>
      <trkpt lat="35.7573731057345867156982421875" lon="139.5360538177192211151123046875">
        <ele>43.799999237060546875</ele>
        <time>2026-08-10T09:32:23.000Z</time>
        <extensions>
          <ns3:TrackPointExtension>
            <ns3:hr>101</ns3:hr>
            <ns3:cad>83</ns3:cad>
          </ns3:TrackPointExtension>
        </extensions>
      </trkpt>
      <trkpt lat="35.75738039799034595489501953125" lon="139.5360782928764820098876953125">
        <ele>43.799999237060546875</ele>
        <time>2026-08-10T09:32:24.000Z</time>
        <extensions>
          <ns3:TrackPointExtension>
            <ns3:hr>102</ns3:hr>
            <ns3:cad>83</ns3:cad>
          </ns3:TrackPointExtension>
        </extensions>
      </trkpt>
      <trkpt lat="35.757393054664134979248046875" lon="139.536098577082157135009765625">
        <ele>43.799999237060546875</ele>
        <time>2026-08-10T09:32:25.000Z</time>
        <extensions>
          <ns3:TrackPointExtension>
            <ns3:hr>104</ns3:hr>
            <ns3:cad>84</ns3:cad>
          </ns3:TrackPointExtension>
        </extensions>
      </trkpt>
      <trkpt lat="35.75740051455795764923095703125" lon="139.53611978329718112945556640625">
        <ele>43.799999237060546875</ele>
        <time>2026-08-10T09:32:26.000Z</time>
        <extensions>
          <ns3:TrackPointExtension>
            <ns3:hr>106</ns3:hr>
            <ns3:cad>85</ns3:cad>
          </ns3:TrackPointExtension>
        </extensions>
      </trkpt>
      <trkpt lat="35.75740001164376735687255859375" lon="139.53614643774926662445068359375">
        <ele>43.799999237060546875</ele>
        <time>2026-08-10T09:32:27.000Z</time>
        <extensions>
          <ns3:TrackPointExtension>
            <ns3:hr>108</ns3:hr>
            <ns3:cad>85</ns3:cad>
          </ns3:TrackPointExtension>
        </extensions>
      </trkpt>
      <trkpt lat="35.75740973465144634246826171875" lon="139.5361746847629547119140625">
        <ele>43.799999237060546875</ele>
        <time>2026-08-10T09:32:28.000Z</time>
        <extensions>
          <ns3:TrackPointExtension>
            <ns3:hr>109</ns3:hr>
            <ns3:cad>85</ns3:cad>
          </ns3:TrackPointExtension>
        </extensions>
      </trkpt>
      <trkpt lat="35.75742758810520172119140625" lon="139.5361976511776447296142578125">
        <ele>43.799999237060546875</ele>
        <time>2026-08-10T09:32:29.000Z</time>
        <extensions>
          <ns3:TrackPointExtension>
            <ns3:hr>110</ns3:hr>
            <ns3:cad>85</ns3:cad>
          </ns3:TrackPointExtension>
        </extensions>
      </trkpt>
      <trkpt lat="35.757438652217388153076171875" lon="139.536218941211700439453125">
        <ele>43.799999237060546875</ele>
        <time>2026-08-10T09:32:30.000Z</time>
        <extensions>
          <ns3:TrackPointExtension>
            <ns3:hr>112</ns3:hr>
            <ns3:cad>85</ns3:cad>
          </ns3:TrackPointExtension>
        </extensions>
      </trkpt>
      <trkpt lat="35.75749087147414684295654296875" lon="139.536209888756275177001953125">
        <ele>44</ele>
        <time>2026-08-10T09:32:31.000Z</time>
        <extensions>
          <ns3:TrackPointExtension>
            <ns3:hr>113</ns3:hr>
            <ns3:cad>86</ns3:cad>
          </ns3:TrackPointExtension>
        </extensions>
      </trkpt>
      <trkpt lat="35.7575383968651294708251953125" lon="139.53621801920235157012939453125">
        <ele>44</ele>
        <time>2026-08-10T09:32:32.000Z</time>
        <extensions>
          <ns3:TrackPointExtension>
            <ns3:hr>113</ns3:hr>
            <ns3:cad>86</ns3:cad>
          </ns3:TrackPointExtension>
        </extensions>
      </trkpt>
      <trkpt lat="35.7575558312237262725830078125" lon="139.5362519659101963043212890625">
        <ele>44</ele>
        <time>2026-08-10T09:32:33.000Z</time>
        <extensions>
          <ns3:TrackPointExtension>
            <ns3:hr>114</ns3:hr>
            <ns3:cad>86</ns3:cad>
          </ns3:TrackPointExtension>
        </extensions>
      </trkpt>
      <trkpt lat="35.757573433220386505126953125" lon="139.5362913608551025390625">
        <ele>44</ele>
        <time>2026-08-10T09:32:34.000Z</time>
        <extensions>
          <ns3:TrackPointExtension>
            <ns3:hr>115</ns3:hr>
            <ns3:cad>87</ns3:cad>
          </ns3:TrackPointExtension>
        </extensions>
      </trkpt>
      <trkpt lat="35.75761157087981700897216796875" lon="139.53630418516695499420166015625">
        <ele>44</ele>
        <time>2026-08-10T09:32:35.000Z</time>
        <extensions>
          <ns3:TrackPointExtension>
            <ns3:hr>118</ns3:hr>
            <ns3:cad>87</ns3:cad>
          </ns3:TrackPointExtension>
        </extensions>
      </trkpt>
      <trkpt lat="35.75765021145343780517578125" lon="139.53630569390952587127685546875">
        <ele>43.799999237060546875</ele>
        <time>2026-08-10T09:32:36.000Z</time>
        <extensions>
          <ns3:TrackPointExtension>
            <ns3:hr>120</ns3:hr>
            <ns3:cad>87</ns3:cad>
          </ns3:TrackPointExtension>
        </extensions>
      </trkpt>
      <trkpt lat="35.75767032802104949951171875" lon="139.536323212087154388427734375">
        <ele>43.799999237060546875</ele>
        <time>2026-08-10T09:32:37.000Z</time>
        <extensions>
          <ns3:TrackPointExtension>
            <ns3:hr>121</ns3:hr>
            <ns3:cad>87</ns3:cad>
          </ns3:TrackPointExtension>
        </extensions>
      </trkpt>
      <trkpt lat="35.757689774036407470703125" lon="139.53634508885443210601806640625">
        <ele>43.799999237060546875</ele>
        <time>2026-08-10T09:32:38.000Z</time>
        <extensions>
          <ns3:TrackPointExtension>
            <ns3:hr>122</ns3:hr>
            <ns3:cad>87</ns3:cad>
          </ns3:TrackPointExtension>
        </extensions>
      </trkpt>
      <trkpt lat="35.75770863331854343414306640625" lon="139.5363599248230457305908203125">
        <ele>43.799999237060546875</ele>
        <time>2026-08-10T09:32:39.000Z</time>
        <extensions>
          <ns3:TrackPointExtension>
            <ns3:hr>123</ns3:hr>
            <ns3:cad>86</ns3:cad>
          </ns3:TrackPointExtension>
        </extensions>
      </trkpt>
      <trkpt lat="35.7577258162200450897216796875" lon="139.53638046048581600189208984375">
        <ele>43.799999237060546875</ele>
        <time>2026-08-10T09:32:40.000Z</time>
        <extensions>
          <ns3:TrackPointExtension>
            <ns3:hr>123</ns3:hr>
            <ns3:cad>86</ns3:cad>
          </ns3:TrackPointExtension>
        </extensions>
      </trkpt>
      <trkpt lat="35.75774182565510272979736328125" lon="139.53640359453856945037841796875">
        <ele>44.200000762939453125</ele>
        <time>2026-08-10T09:32:41.000Z</time>
        <extensions>
          <ns3:TrackPointExtension>
            <ns3:hr>123</ns3:hr>
            <ns3:cad>87</ns3:cad>
          </ns3:TrackPointExtension>
        </extensions>
      </trkpt>
      <trkpt lat="35.757755152881145477294921875" lon="139.53643075190484523773193359375">
        <ele>44.200000762939453125</ele>
        <time>2026-08-10T09:32:42.000Z</time>
        <extensions>
          <ns3:TrackPointExtension>
            <ns3:hr>124</ns3:hr>
            <ns3:cad>87</ns3:cad>
          </ns3:TrackPointExtension>
        </extensions>
      </trkpt>
      <trkpt lat="35.75777350924909114837646484375" lon="139.5364618487656116485595703125">
        <ele>44.40000152587890625</ele>
        <time>2026-08-10T09:32:43.000Z</time>
        <extensions>
          <ns3:TrackPointExtension>
            <ns3:hr>125</ns3:hr>
            <ns3:cad>87</ns3:cad>
          </ns3:TrackPointExtension>
        </extensions>
      </trkpt>
      <trkpt lat="35.7578002475202083587646484375" lon="139.53648054040968418121337890625">
        <ele>44.40000152587890625</ele>
        <time>2026-08-10T09:32:44.000Z</time>
        <extensions>
          <ns3:TrackPointExtension>
            <ns3:hr>125</ns3:hr>
            <ns3:cad>87</ns3:cad>
          </ns3:TrackPointExtension>
        </extensions>
      </trkpt>
      <trkpt lat="35.7578305900096893310546875" lon="139.53648506663739681243896484375">
        <ele>44.200000762939453125</ele>
        <time>2026-08-10T09:32:45.000Z</time>
        <extensions>
          <ns3:TrackPointExtension>
            <ns3:hr>125</ns3:hr>
            <ns3:cad>87</ns3:cad>
          </ns3:TrackPointExtension>
        </extensions>
      </trkpt>
      <trkpt lat="35.757753141224384307861328125" lon="139.5370006375014781951904296875">
        <ele>42.59999847412109375</ele>
        <time>2026-08-10T09:32:56.000Z</time>
        <extensions>
          <ns3:TrackPointExtension>
            <ns3:hr>131</ns3:hr>
            <ns3:cad>84</ns3:cad>
          </ns3:TrackPointExtension>
        </extensions>
      </trkpt>
      <trkpt lat="35.75768684037029743194580078125" lon="139.5370490849018096923828125">
        <ele>42.59999847412109375</ele>
        <time>2026-08-10T09:32:57.000Z</time>
        <extensions>
          <ns3:TrackPointExtension>
            <ns3:hr>132</ns3:hr>
            <ns3:cad>84</ns3:cad>
          </ns3:TrackPointExtension>
        </extensions>
      </trkpt>
      <trkpt lat="35.75770787894725799560546875" lon="139.53708236105740070343017578125">
        <ele>42.59999847412109375</ele>
        <time>2026-08-10T09:32:58.000Z</time>
        <extensions>
          <ns3:TrackPointExtension>
            <ns3:hr>132</ns3:hr>
            <ns3:cad>84</ns3:cad>
          </ns3:TrackPointExtension>
        </extensions>
      </trkpt>
      <trkpt lat="35.75771835632622241973876953125" lon="139.5370797626674175262451171875">
        <ele>42.40000152587890625</ele>
        <time>2026-08-10T09:32:59.000Z</time>
        <extensions>
          <ns3:TrackPointExtension>
            <ns3:hr>133</ns3:hr>
            <ns3:cad>84</ns3:cad>
          </ns3:TrackPointExtension>
        </extensions>
      </trkpt>
      <trkpt lat="35.7577472738921642303466796875" lon="139.53707247041165828704833984375">
        <ele>42.40000152587890625</ele>
        <time>2026-08-10T09:33:00.000Z</time>
        <extensions>
          <ns3:TrackPointExtension>
            <ns3:hr>133</ns3:hr>
            <ns3:cad>84</ns3:cad>
          </ns3:TrackPointExtension>
        </extensions>
      </trkpt>
      <trkpt lat="35.7577402330935001373291015625" lon="139.537074565887451171875">
        <ele>42.200000762939453125</ele>
        <time>2026-08-10T09:33:01.000Z</time>
        <extensions>
          <ns3:TrackPointExtension>
            <ns3:hr>134</ns3:hr>
            <ns3:cad>85</ns3:cad>
          </ns3:TrackPointExtension>
        </extensions>
      </trkpt>
      <trkpt lat="35.7577673904597759246826171875" lon="139.53710096888244152069091796875">
        <ele>42.200000762939453125</ele>
        <time>2026-08-10T09:33:02.000Z</time>
        <extensions>
          <ns3:TrackPointExtension>
            <ns3:hr>134</ns3:hr>
            <ns3:cad>85</ns3:cad>
          </ns3:TrackPointExtension>
        </extensions>
      </trkpt>
      <trkpt lat="35.757796056568622589111328125" lon="139.537116475403308868408203125">
        <ele>42.200000762939453125</ele>
        <time>2026-08-10T09:33:03.000Z</time>
        <extensions>
          <ns3:TrackPointExtension>
            <ns3:hr>134</ns3:hr>
            <ns3:cad>85</ns3:cad>
          </ns3:TrackPointExtension>
        </extensions>
      </trkpt>
      <trkpt lat="35.75781759805977344512939453125" lon="139.53712963499128818511962890625">
        <ele>42.200000762939453125</ele>
        <time>2026-08-10T09:33:04.000Z</time>
        <extensions>
          <ns3:TrackPointExtension>
            <ns3:hr>135</ns3:hr>
            <ns3:cad>84</ns3:cad>
          </ns3:TrackPointExtension>
        </extensions>
      </trkpt>
      <trkpt lat="35.75783184729516506195068359375" lon="139.53714631497859954833984375">
        <ele>42.40000152587890625</ele>
        <time>2026-08-10T09:33:05.000Z</time>
        <extensions>
          <ns3:TrackPointExtension>
            <ns3:hr>135</ns3:hr>
            <ns3:cad>83</ns3:cad>
          </ns3:TrackPointExtension>
        </extensions>
      </trkpt>
      <trkpt lat="35.7578488625586032867431640625" lon="139.53715712763369083404541015625">
        <ele>42.40000152587890625</ele>
        <time>2026-08-10T09:33:06.000Z</time>
        <extensions>
          <ns3:TrackPointExtension>
            <ns3:hr>135</ns3:hr>
            <ns3:cad>82</ns3:cad>
          </ns3:TrackPointExtension>
        </extensions>
      </trkpt>
      <trkpt lat="35.7578694820404052734375" lon="139.537174813449382781982421875">
        <ele>42.40000152587890625</ele>
        <time>2026-08-10T09:33:07.000Z</time>
        <extensions>
          <ns3:TrackPointExtension>
            <ns3:hr>136</ns3:hr>
            <ns3:cad>82</ns3:cad>
          </ns3:TrackPointExtension>
        </extensions>
      </trkpt>
      <trkpt lat="35.7578800432384014129638671875" lon="139.53719149343669414520263671875">
        <ele>42.40000152587890625</ele>
        <time>2026-08-10T09:33:08.000Z</time>
        <extensions>
          <ns3:TrackPointExtension>
            <ns3:hr>136</ns3:hr>
            <ns3:cad>82</ns3:cad>
          </ns3:TrackPointExtension>
        </extensions>
      </trkpt>
      <trkpt lat="35.75790393166244029998779296875" lon="139.5372192375361919403076171875">
        <ele>42.40000152587890625</ele>
        <time>2026-08-10T09:33:09.000Z</time>
        <extensions>
          <ns3:TrackPointExtension>
            <ns3:hr>136</ns3:hr>
            <ns3:cad>83</ns3:cad>
          </ns3:TrackPointExtension>
        </extensions>
      </trkpt>
      <trkpt lat="35.75791709125041961669921875" lon="139.53724329359829425811767578125">
        <ele>42.40000152587890625</ele>
        <time>2026-08-10T09:33:10.000Z</time>
        <extensions>
          <ns3:TrackPointExtension>
            <ns3:hr>136</ns3:hr>
            <ns3:cad>83</ns3:cad>
          </ns3:TrackPointExtension>
        </extensions>
      </trkpt>
      <trkpt lat="35.75792782008647918701171875" lon="139.53727397136390209197998046875">
        <ele>42.40000152587890625</ele>
        <time>2026-08-10T09:33:11.000Z</time>
        <extensions>
          <ns3:TrackPointExtension>
            <ns3:hr>136</ns3:hr>
            <ns3:cad>82</ns3:cad>
          </ns3:TrackPointExtension>
        </extensions>
      </trkpt>
      <trkpt lat="35.7579377107322216033935546875" lon="139.53729006461799144744873046875">
        <ele>42.40000152587890625</ele>
        <time>2026-08-10T09:33:12.000Z</time>
        <extensions>
          <ns3:TrackPointExtension>
            <ns3:hr>136</ns3:hr>
            <ns3:cad>82</ns3:cad>
          </ns3:TrackPointExtension>
        </extensions>
      </trkpt>
      <trkpt lat="35.75794097967445850372314453125" lon="139.5373037271201610565185546875">
        <ele>42.40000152587890625</ele>
        <time>2026-08-10T09:33:13.000Z</time>
        <extensions>
          <ns3:TrackPointExtension>
            <ns3:hr>136</ns3:hr>
            <ns3:cad>82</ns3:cad>
          </ns3:TrackPointExtension>
        </extensions>
      </trkpt>
      <trkpt lat="35.7579303346574306488037109375" lon="139.537327028810977935791015625">
        <ele>42.40000152587890625</ele>
        <time>2026-08-10T09:33:14.000Z</time>
        <extensions>
          <ns3:TrackPointExtension>
            <ns3:hr>136</ns3:hr>
            <ns3:cad>82</ns3:cad>
          </ns3:TrackPointExtension>
        </extensions>
      </trkpt>
      <trkpt lat="35.7579340226948261260986328125" lon="139.53735142014920711517333984375">
        <ele>42.40000152587890625</ele>
        <time>2026-08-10T09:33:15.000Z</time>
        <extensions>
          <ns3:TrackPointExtension>
            <ns3:hr>136</ns3:hr>
            <ns3:cad>81</ns3:cad>
          </ns3:TrackPointExtension>
        </extensions>
      </trkpt>
      <trkpt lat="35.7579424045979976654052734375" lon="139.537371955811977386474609375">
        <ele>42.40000152587890625</ele>
        <time>2026-08-10T09:33:16.000Z</time>
        <extensions>
          <ns3:TrackPointExtension>
            <ns3:hr>136</ns3:hr>
            <ns3:cad>81</ns3:cad>
          </ns3:TrackPointExtension>
        </extensions>
      </trkpt>
      <trkpt lat="35.75795187614858150482177734375" lon="139.53739316202700138092041015625">
        <ele>42.40000152587890625</ele>
        <time>2026-08-10T09:33:17.000Z</time>
        <extensions>
          <ns3:TrackPointExtension>
            <ns3:hr>137</ns3:hr>
            <ns3:cad>81</ns3:cad>
          </ns3:TrackPointExtension>
        </extensions>
      </trkpt>
      <trkpt lat="35.75795522890985012054443359375" lon="139.53741411678493022918701171875">
        <ele>42.40000152587890625</ele>
        <time>2026-08-10T09:33:18.000Z</time>
        <extensions>
          <ns3:TrackPointExtension>
            <ns3:hr>137</ns3:hr>
            <ns3:cad>81</ns3:cad>
          </ns3:TrackPointExtension>
        </extensions>
      </trkpt>
      <trkpt lat="35.75796025805175304412841796875" lon="139.5374328084290027618408203125">
        <ele>42.40000152587890625</ele>
        <time>2026-08-10T09:33:19.000Z</time>
        <extensions>
          <ns3:TrackPointExtension>
            <ns3:hr>137</ns3:hr>
            <ns3:cad>81</ns3:cad>
          </ns3:TrackPointExtension>
        </extensions>
      </trkpt>
      <trkpt lat="35.75797333382070064544677734375" lon="139.5374576188623905181884765625">
        <ele>43</ele>
        <time>2026-08-10T09:33:20.000Z</time>
        <extensions>
          <ns3:TrackPointExtension>
            <ns3:hr>137</ns3:hr>
            <ns3:cad>80</ns3:cad>
          </ns3:TrackPointExtension>
        </extensions>
      </trkpt>
      <trkpt lat="35.75798389501869678497314453125" lon="139.537475220859050750732421875">
        <ele>43.200000762939453125</ele>
        <time>2026-08-10T09:33:21.000Z</time>
        <extensions>
          <ns3:TrackPointExtension>
            <ns3:hr>137</ns3:hr>
            <ns3:cad>80</ns3:cad>
          </ns3:TrackPointExtension>
        </extensions>
      </trkpt>
      <trkpt lat="35.7580027543008327484130859375" lon="139.53749324195086956024169921875">
        <ele>43.40000152587890625</ele>
        <time>2026-08-10T09:33:22.000Z</time>
        <extensions>
          <ns3:TrackPointExtension>
            <ns3:hr>137</ns3:hr>
            <ns3:cad>80</ns3:cad>
          </ns3:TrackPointExtension>
        </extensions>
      </trkpt>
      <trkpt lat="35.75801365077495574951171875" lon="139.53751922585070133209228515625">
        <ele>43.59999847412109375</ele>
        <time>2026-08-10T09:33:23.000Z</time>
        <extensions>
          <ns3:TrackPointExtension>
            <ns3:hr>137</ns3:hr>
            <ns3:cad>80</ns3:cad>
          </ns3:TrackPointExtension>
        </extensions>
      </trkpt>
      <trkpt lat="35.75801767408847808837890625" lon="139.53754655085504055023193359375">
        <ele>43.59999847412109375</ele>
        <time>2026-08-10T09:33:24.000Z</time>
        <extensions>
          <ns3:TrackPointExtension>
            <ns3:hr>137</ns3:hr>
            <ns3:cad>80</ns3:cad>
          </ns3:TrackPointExtension>
        </extensions>
      </trkpt>
      <trkpt lat="35.75801155529916286468505859375" lon="139.5375749655067920684814453125">
        <ele>43.59999847412109375</ele>
        <time>2026-08-10T09:33:25.000Z</time>
        <extensions>
          <ns3:TrackPointExtension>
            <ns3:hr>137</ns3:hr>
            <ns3:cad>80</ns3:cad>
          </ns3:TrackPointExtension>
        </extensions>
      </trkpt>
      <trkpt lat="35.75802027247846126556396484375" lon="139.537595249712467193603515625">
        <ele>43.59999847412109375</ele>
        <time>2026-08-10T09:33:26.000Z</time>
        <extensions>
          <ns3:TrackPointExtension>
            <ns3:hr>137</ns3:hr>
            <ns3:cad>80</ns3:cad>
          </ns3:TrackPointExtension>
        </extensions>
      </trkpt>
      <trkpt lat="35.7580322585999965667724609375" lon="139.5376061461865901947021484375">
        <ele>43.59999847412109375</ele>
        <time>2026-08-10T09:33:27.000Z</time>
        <extensions>
          <ns3:TrackPointExtension>
            <ns3:hr>137</ns3:hr>
            <ns3:cad>80</ns3:cad>
          </ns3:TrackPointExtension>
        </extensions>
      </trkpt>
      <trkpt lat="35.758050866425037384033203125" lon="139.53761494718492031097412109375">
        <ele>43.799999237060546875</ele>
        <time>2026-08-10T09:33:28.000Z</time>
        <extensions>
          <ns3:TrackPointExtension>
            <ns3:hr>137</ns3:hr>
            <ns3:cad>80</ns3:cad>
          </ns3:TrackPointExtension>
        </extensions>
      </trkpt>
      <trkpt lat="35.7580771856009960174560546875" lon="139.53762249089777469635009765625">
        <ele>43.799999237060546875</ele>
        <time>2026-08-10T09:33:29.000Z</time>
        <extensions>
          <ns3:TrackPointExtension>
            <ns3:hr>137</ns3:hr>
            <ns3:cad>80</ns3:cad>
          </ns3:TrackPointExtension>
        </extensions>
      </trkpt>
      <trkpt lat="35.7580946199595928192138671875" lon="139.53762416727840900421142578125">
        <ele>43.59999847412109375</ele>
        <time>2026-08-10T09:33:30.000Z</time>
        <extensions>
          <ns3:TrackPointExtension>
            <ns3:hr>137</ns3:hr>
            <ns3:cad>79</ns3:cad>
          </ns3:TrackPointExtension>
        </extensions>
      </trkpt>
      <trkpt lat="35.758116245269775390625" lon="139.53763808123767375946044921875">
        <ele>43.59999847412109375</ele>
        <time>2026-08-10T09:33:31.000Z</time>
        <extensions>
          <ns3:TrackPointExtension>
            <ns3:hr>137</ns3:hr>
            <ns3:cad>79</ns3:cad>
          </ns3:TrackPointExtension>
        </extensions>
      </trkpt>
      <trkpt lat="35.7581388764083385467529296875" lon="139.53764897771179676055908203125">
        <ele>43.40000152587890625</ele>
        <time>2026-08-10T09:33:32.000Z</time>
        <extensions>
          <ns3:TrackPointExtension>
            <ns3:hr>137</ns3:hr>
            <ns3:cad>79</ns3:cad>
          </ns3:TrackPointExtension>
        </extensions>
      </trkpt>
      <trkpt lat="35.75815605930984020233154296875" lon="139.53765752725303173065185546875">
        <ele>43.40000152587890625</ele>
        <time>2026-08-10T09:33:33.000Z</time>
        <extensions>
          <ns3:TrackPointExtension>
            <ns3:hr>138</ns3:hr>
            <ns3:cad>79</ns3:cad>
          </ns3:TrackPointExtension>
        </extensions>
      </trkpt>
      <trkpt lat="35.75817684642970561981201171875" lon="139.53766557388007640838623046875">
        <ele>43.200000762939453125</ele>
        <time>2026-08-10T09:33:34.000Z</time>
        <extensions>
          <ns3:TrackPointExtension>
            <ns3:hr>138</ns3:hr>
            <ns3:cad>80</ns3:cad>
          </ns3:TrackPointExtension>
        </extensions>
      </trkpt>
      <trkpt lat="35.7582114636898040771484375" lon="139.53766993246972560882568359375">
        <ele>43.200000762939453125</ele>
        <time>2026-08-10T09:33:35.000Z</time>
        <extensions>
          <ns3:TrackPointExtension>
            <ns3:hr>138</ns3:hr>
            <ns3:cad>81</ns3:cad>
          </ns3:TrackPointExtension>
        </extensions>
      </trkpt>
      <trkpt lat="35.75823468156158924102783203125" lon="139.5376882888376712799072265625">
        <ele>43</ele>
        <time>2026-08-10T09:33:36.000Z</time>
        <extensions>
          <ns3:TrackPointExtension>
            <ns3:hr>138</ns3:hr>
            <ns3:cad>81</ns3:cad>
          </ns3:TrackPointExtension>
        </extensions>
      </trkpt>
      <trkpt lat="35.7582689635455608367919921875" lon="139.53769893385469913482666015625">
        <ele>42.59999847412109375</ele>
        <time>2026-08-10T09:33:37.000Z</time>
        <extensions>
          <ns3:TrackPointExtension>
            <ns3:hr>139</ns3:hr>
            <ns3:cad>81</ns3:cad>
          </ns3:TrackPointExtension>
        </extensions>
      </trkpt>
      <trkpt lat="35.75829662382602691650390625" lon="139.5377107523381710052490234375">
        <ele>42.59999847412109375</ele>
        <time>2026-08-10T09:33:38.000Z</time>
        <extensions>
          <ns3:TrackPointExtension>
            <ns3:hr>139</ns3:hr>
            <ns3:cad>81</ns3:cad>
          </ns3:TrackPointExtension>
        </extensions>
      </trkpt>
      <trkpt lat="35.75831816531717777252197265625" lon="139.53772567212581634521484375">
        <ele>42.59999847412109375</ele>
        <time>2026-08-10T09:33:39.000Z</time>
        <extensions>
          <ns3:TrackPointExtension>
            <ns3:hr>140</ns3:hr>
            <ns3:cad>80</ns3:cad>
          </ns3:TrackPointExtension>
        </extensions>
      </trkpt>
      <trkpt lat="35.7583363540470600128173828125" lon="139.537746123969554901123046875">
        <ele>42.40000152587890625</ele>
        <time>2026-08-10T09:33:40.000Z</time>
        <extensions>
          <ns3:TrackPointExtension>
            <ns3:hr>140</ns3:hr>
            <ns3:cad>80</ns3:cad>
          </ns3:TrackPointExtension>
        </extensions>
      </trkpt>
      <trkpt lat="35.758377425372600555419921875" lon="139.5377429388463497161865234375">
        <ele>42.40000152587890625</ele>
        <time>2026-08-10T09:33:41.000Z</time>
        <extensions>
          <ns3:TrackPointExtension>
            <ns3:hr>140</ns3:hr>
            <ns3:cad>80</ns3:cad>
          </ns3:TrackPointExtension>
        </extensions>
      </trkpt>
      <trkpt lat="35.75841070152819156646728515625" lon="139.53773933462798595428466796875">
        <ele>42.40000152587890625</ele>
        <time>2026-08-10T09:33:42.000Z</time>
        <extensions>
          <ns3:TrackPointExtension>
            <ns3:hr>140</ns3:hr>
            <ns3:cad>80</ns3:cad>
          </ns3:TrackPointExtension>
        </extensions>
      </trkpt>
      <trkpt lat="35.75843878090381622314453125" lon="139.53774989582598209381103515625">
        <ele>42.40000152587890625</ele>
        <time>2026-08-10T09:33:43.000Z</time>
        <extensions>
          <ns3:TrackPointExtension>
            <ns3:hr>140</ns3:hr>
            <ns3:cad>80</ns3:cad>
          </ns3:TrackPointExtension>
        </extensions>
      </trkpt>
      <trkpt lat="35.7584567181766033172607421875" lon="139.53776883892714977264404296875">
        <ele>42.200000762939453125</ele>
        <time>2026-08-10T09:33:44.000Z</time>
        <extensions>
          <ns3:TrackPointExtension>
            <ns3:hr>140</ns3:hr>
            <ns3:cad>80</ns3:cad>
          </ns3:TrackPointExtension>
        </extensions>
      </trkpt>
      <trkpt lat="35.75846317224204540252685546875" lon="139.53779331408441066741943359375">
        <ele>42.200000762939453125</ele>
        <time>2026-08-10T09:33:45.000Z</time>
        <extensions>
          <ns3:TrackPointExtension>
            <ns3:hr>140</ns3:hr>
            <ns3:cad>80</ns3:cad>
          </ns3:TrackPointExtension>
        </extensions>
      </trkpt>
      <trkpt lat="35.75847255997359752655029296875" lon="139.537817537784576416015625">
        <ele>42.200000762939453125</ele>
        <time>2026-08-10T09:33:46.000Z</time>
        <extensions>
          <ns3:TrackPointExtension>
            <ns3:hr>140</ns3:hr>
            <ns3:cad>80</ns3:cad>
          </ns3:TrackPointExtension>
        </extensions>
      </trkpt>
      <trkpt lat="35.758478008210659027099609375" lon="139.53783891163766384124755859375">
        <ele>42.200000762939453125</ele>
        <time>2026-08-10T09:33:47.000Z</time>
        <extensions>
          <ns3:TrackPointExtension>
            <ns3:hr>140</ns3:hr>
            <ns3:cad>80</ns3:cad>
          </ns3:TrackPointExtension>
        </extensions>
      </trkpt>
      <trkpt lat="35.7584828697144985198974609375" lon="139.53786556608974933624267578125">
        <ele>42</ele>
        <time>2026-08-10T09:33:48.000Z</time>
        <extensions>
          <ns3:TrackPointExtension>
            <ns3:hr>140</ns3:hr>
            <ns3:cad>80</ns3:cad>
          </ns3:TrackPointExtension>
        </extensions>
      </trkpt>
      <trkpt lat="35.7584744878113269805908203125" lon="139.53790160827338695526123046875">
        <ele>42</ele>
        <time>2026-08-10T09:33:49.000Z</time>
        <extensions>
          <ns3:TrackPointExtension>
            <ns3:hr>140</ns3:hr>
            <ns3:cad>79</ns3:cad>
          </ns3:TrackPointExtension>
        </extensions>
      </trkpt>
      <trkpt lat="35.758467614650726318359375" lon="139.537934549152851104736328125">
        <ele>42</ele>
        <time>2026-08-10T09:33:50.000Z</time>
        <extensions>
          <ns3:TrackPointExtension>
            <ns3:hr>140</ns3:hr>
            <ns3:cad>80</ns3:cad>
          </ns3:TrackPointExtension>
        </extensions>
      </trkpt>
      <trkpt lat="35.75847205705940723419189453125" lon="139.53795441426336765289306640625">
        <ele>42</ele>
        <time>2026-08-10T09:33:51.000Z</time>
        <extensions>
          <ns3:TrackPointExtension>
            <ns3:hr>140</ns3:hr>
            <ns3:cad>79</ns3:cad>
          </ns3:TrackPointExtension>
        </extensions>
      </trkpt>
      <trkpt lat="35.75847473926842212677001953125" lon="139.537976793944835662841796875">
        <ele>42</ele>
        <time>2026-08-10T09:33:52.000Z</time>
        <extensions>
          <ns3:TrackPointExtension>
            <ns3:hr>140</ns3:hr>
            <ns3:cad>80</ns3:cad>
          </ns3:TrackPointExtension>
        </extensions>
      </trkpt>
      <trkpt lat="35.7584808580577373504638671875" lon="139.53799984417855739593505859375">
        <ele>42</ele>
        <time>2026-08-10T09:33:53.000Z</time>
        <extensions>
          <ns3:TrackPointExtension>
            <ns3:hr>140</ns3:hr>
            <ns3:cad>80</ns3:cad>
          </ns3:TrackPointExtension>
        </extensions>
      </trkpt>
      <trkpt lat="35.75848965905606746673583984375" lon="139.53802297823131084442138671875">
        <ele>42</ele>
        <time>2026-08-10T09:33:54.000Z</time>
        <extensions>
          <ns3:TrackPointExtension>
            <ns3:hr>140</ns3:hr>
            <ns3:cad>80</ns3:cad>
          </ns3:TrackPointExtension>
        </extensions>
      </trkpt>
      <trkpt lat="35.7584972865879535675048828125" lon="139.5380436815321445465087890625">
        <ele>42</ele>
        <time>2026-08-10T09:33:55.000Z</time>
        <extensions>
          <ns3:TrackPointExtension>
            <ns3:hr>140</ns3:hr>
            <ns3:cad>80</ns3:cad>
          </ns3:TrackPointExtension>
        </extensions>
      </trkpt>
      <trkpt lat="35.7585184089839458465576171875" lon="139.53809757716953754425048828125">
        <ele>42.200000762939453125</ele>
        <time>2026-08-10T09:33:56.000Z</time>
        <extensions>
          <ns3:TrackPointExtension>
            <ns3:hr>140</ns3:hr>
            <ns3:cad>80</ns3:cad>
          </ns3:TrackPointExtension>
        </extensions>
      </trkpt>
      <trkpt lat="35.7585184089839458465576171875" lon="139.53809757716953754425048828125">
        <ele>42.200000762939453125</ele>
        <time>2026-08-10T09:33:57.000Z</time>
        <extensions>
          <ns3:TrackPointExtension>
            <ns3:hr>140</ns3:hr>
            <ns3:cad>80</ns3:cad>
          </ns3:TrackPointExtension>
        </extensions>
      </trkpt>
      <trkpt lat="35.7585301436483860015869140625" lon="139.53811727464199066162109375">
        <ele>42.200000762939453125</ele>
        <time>2026-08-10T09:33:58.000Z</time>
        <extensions>
          <ns3:TrackPointExtension>
            <ns3:hr>140</ns3:hr>
            <ns3:cad>81</ns3:cad>
          </ns3:TrackPointExtension>
        </extensions>
      </trkpt>
      <trkpt lat="35.75854204595088958740234375" lon="139.538135044276714324951171875">
        <ele>42.200000762939453125</ele>
        <time>2026-08-10T09:33:59.000Z</time>
        <extensions>
          <ns3:TrackPointExtension>
            <ns3:hr>140</ns3:hr>
            <ns3:cad>81</ns3:cad>
          </ns3:TrackPointExtension>
        </extensions>
      </trkpt>
      <trkpt lat="35.75855688191950321197509765625" lon="139.5381536521017551422119140625">
        <ele>42.200000762939453125</ele>
        <time>2026-08-10T09:34:00.000Z</time>
        <extensions>
          <ns3:TrackPointExtension>
            <ns3:hr>140</ns3:hr>
            <ns3:cad>80</ns3:cad>
          </ns3:TrackPointExtension>
        </extensions>
      </trkpt>
      <trkpt lat="35.758587978780269622802734375" lon="139.538171254098415374755859375">
        <ele>42.200000762939453125</ele>
        <time>2026-08-10T09:34:01.000Z</time>
        <extensions>
          <ns3:TrackPointExtension>
            <ns3:hr>140</ns3:hr>
            <ns3:cad>80</ns3:cad>
          </ns3:TrackPointExtension>
        </extensions>
      </trkpt>
      <trkpt lat="35.75861739926040172576904296875" lon="139.53819061629474163055419921875">
        <ele>42.200000762939453125</ele>
        <time>2026-08-10T09:34:02.000Z</time>
        <extensions>
          <ns3:TrackPointExtension>
            <ns3:hr>140</ns3:hr>
            <ns3:cad>80</ns3:cad>
          </ns3:TrackPointExtension>
        </extensions>
      </trkpt>
      <trkpt lat="35.75864220969378948211669921875" lon="139.53820486553013324737548828125">
        <ele>42.200000762939453125</ele>
        <time>2026-08-10T09:34:03.000Z</time>
        <extensions>
          <ns3:TrackPointExtension>
            <ns3:hr>140</ns3:hr>
            <ns3:cad>81</ns3:cad>
          </ns3:TrackPointExtension>
        </extensions>
      </trkpt>
      <trkpt lat="35.758659727871417999267578125" lon="139.53822783194482326507568359375">
        <ele>42.40000152587890625</ele>
        <time>2026-08-10T09:34:04.000Z</time>
        <extensions>
          <ns3:TrackPointExtension>
            <ns3:hr>140</ns3:hr>
            <ns3:cad>80</ns3:cad>
          </ns3:TrackPointExtension>
        </extensions>
      </trkpt>
      <trkpt lat="35.75867079198360443115234375" lon="139.53825012780725955963134765625">
        <ele>42.40000152587890625</ele>
        <time>2026-08-10T09:34:05.000Z</time>
        <extensions>
          <ns3:TrackPointExtension>
            <ns3:hr>140</ns3:hr>
            <ns3:cad>80</ns3:cad>
          </ns3:TrackPointExtension>
        </extensions>
      </trkpt>
      <trkpt lat="35.75868411920964717864990234375" lon="139.53827711753547191619873046875">
        <ele>42.40000152587890625</ele>
        <time>2026-08-10T09:34:06.000Z</time>
        <extensions>
          <ns3:TrackPointExtension>
            <ns3:hr>140</ns3:hr>
            <ns3:cad>79</ns3:cad>
          </ns3:TrackPointExtension>
        </extensions>
      </trkpt>
      <trkpt lat="35.75870440341532230377197265625" lon="139.53828164376318454742431640625">
        <ele>42.40000152587890625</ele>
        <time>2026-08-10T09:34:07.000Z</time>
        <extensions>
          <ns3:TrackPointExtension>
            <ns3:hr>141</ns3:hr>
            <ns3:cad>79</ns3:cad>
          </ns3:TrackPointExtension>
        </extensions>
      </trkpt>
      <trkpt lat="35.7587346620857715606689453125" lon="139.53828759491443634033203125">
        <ele>42.40000152587890625</ele>
        <time>2026-08-10T09:34:08.000Z</time>
        <extensions>
          <ns3:TrackPointExtension>
            <ns3:hr>141</ns3:hr>
            <ns3:cad>80</ns3:cad>
          </ns3:TrackPointExtension>
        </extensions>
      </trkpt>
      <trkpt lat="35.75873927213251590728759765625" lon="139.53830846585333347320556640625">
        <ele>42.40000152587890625</ele>
        <time>2026-08-10T09:34:09.000Z</time>
        <extensions>
          <ns3:TrackPointExtension>
            <ns3:hr>141</ns3:hr>
            <ns3:cad>80</ns3:cad>
          </ns3:TrackPointExtension>
        </extensions>
      </trkpt>
      <trkpt lat="35.75875536538660526275634765625" lon="139.53831709921360015869140625">
        <ele>42.40000152587890625</ele>
        <time>2026-08-10T09:34:10.000Z</time>
        <extensions>
          <ns3:TrackPointExtension>
            <ns3:hr>141</ns3:hr>
            <ns3:cad>81</ns3:cad>
          </ns3:TrackPointExtension>
        </extensions>
      </trkpt>
      <trkpt lat="35.758762322366237640380859375" lon="139.5383390597999095916748046875">
        <ele>42.40000152587890625</ele>
        <time>2026-08-10T09:34:11.000Z</time>
        <extensions>
          <ns3:TrackPointExtension>
            <ns3:hr>141</ns3:hr>
            <ns3:cad>81</ns3:cad>
          </ns3:TrackPointExtension>
        </extensions>
      </trkpt>
      <trkpt lat="35.758788473904132843017578125" lon="139.538358338177204132080078125">
        <ele>42.200000762939453125</ele>
        <time>2026-08-10T09:34:12.000Z</time>
        <extensions>
          <ns3:TrackPointExtension>
            <ns3:hr>141</ns3:hr>
            <ns3:cad>81</ns3:cad>
          </ns3:TrackPointExtension>
        </extensions>
      </trkpt>
      <trkpt lat="35.7587988674640655517578125" lon="139.53837535344064235687255859375">
        <ele>42.200000762939453125</ele>
        <time>2026-08-10T09:34:13.000Z</time>
        <extensions>
          <ns3:TrackPointExtension>
            <ns3:hr>140</ns3:hr>
            <ns3:cad>81</ns3:cad>
          </ns3:TrackPointExtension>
        </extensions>
      </trkpt>
      <trkpt lat="35.7588221691548824310302734375" lon="139.53837837092578411102294921875">
        <ele>42</ele>
        <time>2026-08-10T09:34:14.000Z</time>
        <extensions>
          <ns3:TrackPointExtension>
            <ns3:hr>141</ns3:hr>
            <ns3:cad>81</ns3:cad>
          </ns3:TrackPointExtension>
        </extensions>
      </trkpt>
      <trkpt lat="35.75885443948209285736083984375" lon="139.5383749343454837799072265625">
        <ele>42</ele>
        <time>2026-08-10T09:34:15.000Z</time>
        <extensions>
          <ns3:TrackPointExtension>
            <ns3:hr>141</ns3:hr>
            <ns3:cad>80</ns3:cad>
          </ns3:TrackPointExtension>
        </extensions>
      </trkpt>
      <trkpt lat="35.75889333151280879974365234375" lon="139.5383668877184391021728515625">
        <ele>42</ele>
        <time>2026-08-10T09:34:16.000Z</time>
        <extensions>
          <ns3:TrackPointExtension>
            <ns3:hr>141</ns3:hr>
            <ns3:cad>80</ns3:cad>
          </ns3:TrackPointExtension>
        </extensions>
      </trkpt>
      <trkpt lat="35.75893809087574481964111328125" lon="139.53835188411176204681396484375">
        <ele>42</ele>
        <time>2026-08-10T09:34:17.000Z</time>
        <extensions>
          <ns3:TrackPointExtension>
            <ns3:hr>141</ns3:hr>
            <ns3:cad>80</ns3:cad>
          </ns3:TrackPointExtension>
        </extensions>
      </trkpt>
      <trkpt lat="35.75894496403634548187255859375" lon="139.53839396126568317413330078125">
        <ele>41.799999237060546875</ele>
        <time>2026-08-10T09:34:18.000Z</time>
        <extensions>
          <ns3:TrackPointExtension>
            <ns3:hr>141</ns3:hr>
            <ns3:cad>79</ns3:cad>
          </ns3:TrackPointExtension>
        </extensions>
      </trkpt>
      <trkpt lat="35.75894496403634548187255859375" lon="139.53839396126568317413330078125">
        <ele>41.799999237060546875</ele>
        <time>2026-08-10T09:34:19.000Z</time>
        <extensions>
          <ns3:TrackPointExtension>
            <ns3:hr>141</ns3:hr>
            <ns3:cad>79</ns3:cad>
          </ns3:TrackPointExtension>
        </extensions>
      </trkpt>
      <trkpt lat="35.75894010253250598907470703125" lon="139.53842564485967159271240234375">
        <ele>41.799999237060546875</ele>
        <time>2026-08-10T09:34:20.000Z</time>
        <extensions>
          <ns3:TrackPointExtension>
            <ns3:hr>141</ns3:hr>
            <ns3:cad>79</ns3:cad>
          </ns3:TrackPointExtension>
        </extensions>
      </trkpt>
      <trkpt lat="35.75893389992415904998779296875" lon="139.5384567417204380035400390625">
        <ele>41.799999237060546875</ele>
        <time>2026-08-10T09:34:21.000Z</time>
        <extensions>
          <ns3:TrackPointExtension>
            <ns3:hr>141</ns3:hr>
            <ns3:cad>80</ns3:cad>
          </ns3:TrackPointExtension>
        </extensions>
      </trkpt>
      <trkpt lat="35.75892384164035320281982421875" lon="139.53849454410374164581298828125">
        <ele>41.799999237060546875</ele>
        <time>2026-08-10T09:34:22.000Z</time>
        <extensions>
          <ns3:TrackPointExtension>
            <ns3:hr>141</ns3:hr>
            <ns3:cad>80</ns3:cad>
          </ns3:TrackPointExtension>
        </extensions>
      </trkpt>
      <trkpt lat="35.7589180581271648406982421875" lon="139.538527317345142364501953125">
        <ele>42</ele>
        <time>2026-08-10T09:34:23.000Z</time>
        <extensions>
          <ns3:TrackPointExtension>
            <ns3:hr>141</ns3:hr>
            <ns3:cad>80</ns3:cad>
          </ns3:TrackPointExtension>
        </extensions>
      </trkpt>
      <trkpt lat="35.7589126937091350555419921875" lon="139.5385583303868770599365234375">
        <ele>42</ele>
        <time>2026-08-10T09:34:24.000Z</time>
        <extensions>
          <ns3:TrackPointExtension>
            <ns3:hr>141</ns3:hr>
            <ns3:cad>80</ns3:cad>
          </ns3:TrackPointExtension>
        </extensions>
      </trkpt>
      <trkpt lat="35.758924596011638641357421875" lon="139.538571573793888092041015625">
        <ele>42</ele>
        <time>2026-08-10T09:34:25.000Z</time>
        <extensions>
          <ns3:TrackPointExtension>
            <ns3:hr>140</ns3:hr>
            <ns3:cad>80</ns3:cad>
          </ns3:TrackPointExtension>
        </extensions>
      </trkpt>
      <trkpt lat="35.75892451219260692596435546875" lon="139.5385985635221004486083984375">
        <ele>42</ele>
        <time>2026-08-10T09:34:26.000Z</time>
        <extensions>
          <ns3:TrackPointExtension>
            <ns3:hr>140</ns3:hr>
            <ns3:cad>80</ns3:cad>
          </ns3:TrackPointExtension>
        </extensions>
      </trkpt>
      <trkpt lat="35.7589301280677318572998046875" lon="139.538619183003902435302734375">
        <ele>42</ele>
        <time>2026-08-10T09:34:27.000Z</time>
        <extensions>
          <ns3:TrackPointExtension>
            <ns3:hr>140</ns3:hr>
            <ns3:cad>79</ns3:cad>
          </ns3:TrackPointExtension>
        </extensions>
      </trkpt>
      <trkpt lat="35.75894974172115325927734375" lon="139.53863468952476978302001953125">
        <ele>42</ele>
        <time>2026-08-10T09:34:29.000Z</time>
        <extensions>
          <ns3:TrackPointExtension>
            <ns3:hr>141</ns3:hr>
            <ns3:cad>79</ns3:cad>
          </ns3:TrackPointExtension>
        </extensions>
      </trkpt>
      <trkpt lat="35.75896524824202060699462890625" lon="139.53864793293178081512451171875">
        <ele>42.200000762939453125</ele>
        <time>2026-08-10T09:34:30.000Z</time>
        <extensions>
          <ns3:TrackPointExtension>
            <ns3:hr>140</ns3:hr>
            <ns3:cad>79</ns3:cad>
          </ns3:TrackPointExtension>
        </extensions>
      </trkpt>
      <trkpt lat="35.7589981891214847564697265625" lon="139.53865849412977695465087890625">
        <ele>42.200000762939453125</ele>
        <time>2026-08-10T09:34:31.000Z</time>
        <extensions>
          <ns3:TrackPointExtension>
            <ns3:hr>140</ns3:hr>
            <ns3:cad>79</ns3:cad>
          </ns3:TrackPointExtension>
        </extensions>
      </trkpt>
      <trkpt lat="35.7590313814580440521240234375" lon="139.53865547664463520050048828125">
        <ele>42.200000762939453125</ele>
        <time>2026-08-10T09:34:32.000Z</time>
        <extensions>
          <ns3:TrackPointExtension>
            <ns3:hr>140</ns3:hr>
            <ns3:cad>79</ns3:cad>
          </ns3:TrackPointExtension>
        </extensions>
      </trkpt>
      <trkpt lat="35.75907756574451923370361328125" lon="139.53864223323762416839599609375">
        <ele>42.200000762939453125</ele>
        <time>2026-08-10T09:34:33.000Z</time>
        <extensions>
          <ns3:TrackPointExtension>
            <ns3:hr>140</ns3:hr>
            <ns3:cad>79</ns3:cad>
          </ns3:TrackPointExtension>
        </extensions>
      </trkpt>
      <trkpt lat="35.7590965926647186279296875" lon="139.538661427795886993408203125">
        <ele>42.40000152587890625</ele>
        <time>2026-08-10T09:34:34.000Z</time>
        <extensions>
          <ns3:TrackPointExtension>
            <ns3:hr>140</ns3:hr>
            <ns3:cad>79</ns3:cad>
          </ns3:TrackPointExtension>
        </extensions>
      </trkpt>
      <trkpt lat="35.75912433676421642303466796875" lon="139.5386723242700099945068359375">
        <ele>42.59999847412109375</ele>
        <time>2026-08-10T09:34:35.000Z</time>
        <extensions>
          <ns3:TrackPointExtension>
            <ns3:hr>140</ns3:hr>
            <ns3:cad>79</ns3:cad>
          </ns3:TrackPointExtension>
        </extensions>
      </trkpt>
      <trkpt lat="35.759145878255367279052734375" lon="139.53868229873478412628173828125">
        <ele>42.799999237060546875</ele>
        <time>2026-08-10T09:34:36.000Z</time>
        <extensions>
          <ns3:TrackPointExtension>
            <ns3:hr>140</ns3:hr>
            <ns3:cad>78</ns3:cad>
          </ns3:TrackPointExtension>
        </extensions>
      </trkpt>
      <trkpt lat="35.75916440226137638092041015625" lon="139.5386924408376216888427734375">
        <ele>42.799999237060546875</ele>
        <time>2026-08-10T09:34:37.000Z</time>
        <extensions>
          <ns3:TrackPointExtension>
            <ns3:hr>140</ns3:hr>
            <ns3:cad>78</ns3:cad>
          </ns3:TrackPointExtension>
        </extensions>
      </trkpt>
      <trkpt lat="35.7591735385358333587646484375" lon="139.53870912082493305206298828125">
        <ele>42.799999237060546875</ele>
        <time>2026-08-10T09:34:38.000Z</time>
        <extensions>
          <ns3:TrackPointExtension>
            <ns3:hr>140</ns3:hr>
            <ns3:cad>79</ns3:cad>
          </ns3:TrackPointExtension>
        </extensions>
      </trkpt>
      <trkpt lat="35.75917127542197704315185546875" lon="139.53872839920222759246826171875">
        <ele>43</ele>
        <time>2026-08-10T09:34:39.000Z</time>
        <extensions>
          <ns3:TrackPointExtension>
            <ns3:hr>140</ns3:hr>
            <ns3:cad>79</ns3:cad>
          </ns3:TrackPointExtension>
        </extensions>
      </trkpt>
      <trkpt lat="35.75917412526905536651611328125" lon="139.53875103034079074859619140625">
        <ele>43</ele>
        <time>2026-08-10T09:34:40.000Z</time>
        <extensions>
          <ns3:TrackPointExtension>
            <ns3:hr>140</ns3:hr>
            <ns3:cad>77</ns3:cad>
          </ns3:TrackPointExtension>
        </extensions>
      </trkpt>
      <trkpt lat="35.75917026959359645843505859375" lon="139.53877248801290988922119140625">
        <ele>43</ele>
        <time>2026-08-10T09:34:41.000Z</time>
        <extensions>
          <ns3:TrackPointExtension>
            <ns3:hr>140</ns3:hr>
            <ns3:cad>77</ns3:cad>
          </ns3:TrackPointExtension>
        </extensions>
      </trkpt>
      <trkpt lat="35.759167335927486419677734375" lon="139.5387920178472995758056640625">
        <ele>43.200000762939453125</ele>
        <time>2026-08-10T09:34:42.000Z</time>
        <extensions>
          <ns3:TrackPointExtension>
            <ns3:hr>140</ns3:hr>
            <ns3:cad>77</ns3:cad>
          </ns3:TrackPointExtension>
        </extensions>
      </trkpt>
      <trkpt lat="35.7591624744236469268798828125" lon="139.5388112962245941162109375">
        <ele>43.200000762939453125</ele>
        <time>2026-08-10T09:34:43.000Z</time>
        <extensions>
          <ns3:TrackPointExtension>
            <ns3:hr>140</ns3:hr>
            <ns3:cad>77</ns3:cad>
          </ns3:TrackPointExtension>
        </extensions>
      </trkpt>
      <trkpt lat="35.75916255824267864227294921875" lon="139.53883719630539417266845703125">
        <ele>43.200000762939453125</ele>
        <time>2026-08-10T09:34:44.000Z</time>
        <extensions>
          <ns3:TrackPointExtension>
            <ns3:hr>140</ns3:hr>
            <ns3:cad>77</ns3:cad>
          </ns3:TrackPointExtension>
        </extensions>
      </trkpt>
      <trkpt lat="35.75916440226137638092041015625" lon="139.53886116854846477508544921875">
        <ele>43.200000762939453125</ele>
        <time>2026-08-10T09:34:45.000Z</time>
        <extensions>
          <ns3:TrackPointExtension>
            <ns3:hr>141</ns3:hr>
            <ns3:cad>77</ns3:cad>
          </ns3:TrackPointExtension>
        </extensions>
      </trkpt>
      <trkpt lat="35.7591748796403408050537109375" lon="139.53888304531574249267578125">
        <ele>43.200000762939453125</ele>
        <time>2026-08-10T09:34:46.000Z</time>
        <extensions>
          <ns3:TrackPointExtension>
            <ns3:hr>141</ns3:hr>
            <ns3:cad>78</ns3:cad>
          </ns3:TrackPointExtension>
        </extensions>
      </trkpt>
      <trkpt lat="35.75917848385870456695556640625" lon="139.53890710137784481048583984375">
        <ele>43.200000762939453125</ele>
        <time>2026-08-10T09:34:47.000Z</time>
        <extensions>
          <ns3:TrackPointExtension>
            <ns3:hr>141</ns3:hr>
            <ns3:cad>79</ns3:cad>
          </ns3:TrackPointExtension>
        </extensions>
      </trkpt>
      <trkpt lat="35.7591846026480197906494140625" lon="139.53893132507801055908203125">
        <ele>43.200000762939453125</ele>
        <time>2026-08-10T09:34:48.000Z</time>
        <extensions>
          <ns3:TrackPointExtension>
            <ns3:hr>141</ns3:hr>
            <ns3:cad>79</ns3:cad>
          </ns3:TrackPointExtension>
        </extensions>
      </trkpt>
      <trkpt lat="35.75919055379927158355712890625" lon="139.53895236365497112274169921875">
        <ele>43.200000762939453125</ele>
        <time>2026-08-10T09:34:49.000Z</time>
        <extensions>
          <ns3:TrackPointExtension>
            <ns3:hr>141</ns3:hr>
            <ns3:cad>79</ns3:cad>
          </ns3:TrackPointExtension>
        </extensions>
      </trkpt>
      <trkpt lat="35.7591923139989376068115234375" lon="139.53897298313677310943603515625">
        <ele>43</ele>
        <time>2026-08-10T09:34:50.000Z</time>
        <extensions>
          <ns3:TrackPointExtension>
            <ns3:hr>141</ns3:hr>
            <ns3:cad>78</ns3:cad>
          </ns3:TrackPointExtension>
        </extensions>
      </trkpt>
      <trkpt lat="35.75919516384601593017578125" lon="139.53899494372308254241943359375">
        <ele>42.799999237060546875</ele>
        <time>2026-08-10T09:34:51.000Z</time>
        <extensions>
          <ns3:TrackPointExtension>
            <ns3:hr>141</ns3:hr>
            <ns3:cad>78</ns3:cad>
          </ns3:TrackPointExtension>
        </extensions>
      </trkpt>
      <trkpt lat="35.75919910334050655364990234375" lon="139.53901472501456737518310546875">
        <ele>42.799999237060546875</ele>
        <time>2026-08-10T09:34:52.000Z</time>
        <extensions>
          <ns3:TrackPointExtension>
            <ns3:hr>141</ns3:hr>
            <ns3:cad>78</ns3:cad>
          </ns3:TrackPointExtension>
        </extensions>
      </trkpt>
      <trkpt lat="35.75921201147139072418212890625" lon="139.53902897424995899200439453125">
        <ele>42.59999847412109375</ele>
        <time>2026-08-10T09:34:53.000Z</time>
        <extensions>
          <ns3:TrackPointExtension>
            <ns3:hr>142</ns3:hr>
            <ns3:cad>79</ns3:cad>
          </ns3:TrackPointExtension>
        </extensions>
      </trkpt>
      <trkpt lat="35.75923011638224124908447265625" lon="139.53904238529503345489501953125">
        <ele>42.59999847412109375</ele>
        <time>2026-08-10T09:34:54.000Z</time>
        <extensions>
          <ns3:TrackPointExtension>
            <ns3:hr>142</ns3:hr>
            <ns3:cad>79</ns3:cad>
          </ns3:TrackPointExtension>
        </extensions>
      </trkpt>
      <trkpt lat="35.75924537144601345062255859375" lon="139.5390575565397739410400390625">
        <ele>42.59999847412109375</ele>
        <time>2026-08-10T09:34:55.000Z</time>
        <extensions>
          <ns3:TrackPointExtension>
            <ns3:hr>142</ns3:hr>
            <ns3:cad>79</ns3:cad>
          </ns3:TrackPointExtension>
        </extensions>
      </trkpt>
      <trkpt lat="35.75925408862531185150146484375" lon="139.53907608054578304290771484375">
        <ele>42.59999847412109375</ele>
        <time>2026-08-10T09:34:56.000Z</time>
        <extensions>
          <ns3:TrackPointExtension>
            <ns3:hr>143</ns3:hr>
            <ns3:cad>79</ns3:cad>
          </ns3:TrackPointExtension>
        </extensions>
      </trkpt>
      <trkpt lat="35.75926414690911769866943359375" lon="139.5390981249511241912841796875">
        <ele>42.40000152587890625</ele>
        <time>2026-08-10T09:34:57.000Z</time>
        <extensions>
          <ns3:TrackPointExtension>
            <ns3:hr>142</ns3:hr>
            <ns3:cad>79</ns3:cad>
          </ns3:TrackPointExtension>
        </extensions>
      </trkpt>
      <trkpt lat="35.75927470810711383819580078125" lon="139.53912050463259220123291015625">
        <ele>42.40000152587890625</ele>
        <time>2026-08-10T09:34:58.000Z</time>
        <extensions>
          <ns3:TrackPointExtension>
            <ns3:hr>142</ns3:hr>
            <ns3:cad>79</ns3:cad>
          </ns3:TrackPointExtension>
        </extensions>
      </trkpt>
      <trkpt lat="35.75930379331111907958984375" lon="139.5391467399895191192626953125">
        <ele>42.40000152587890625</ele>
        <time>2026-08-10T09:34:59.000Z</time>
        <extensions>
          <ns3:TrackPointExtension>
            <ns3:hr>142</ns3:hr>
            <ns3:cad>79</ns3:cad>
          </ns3:TrackPointExtension>
        </extensions>
      </trkpt>
      <trkpt lat="35.75932533480226993560791015625" lon="139.53917850740253925323486328125">
        <ele>42.40000152587890625</ele>
        <time>2026-08-10T09:35:00.000Z</time>
        <extensions>
          <ns3:TrackPointExtension>
            <ns3:hr>141</ns3:hr>
            <ns3:cad>80</ns3:cad>
          </ns3:TrackPointExtension>
        </extensions>
      </trkpt>
      <trkpt lat="35.75932734645903110504150390625" lon="139.53919962979853153228759765625">
        <ele>42.200000762939453125</ele>
        <time>2026-08-10T09:35:01.000Z</time>
        <extensions>
          <ns3:TrackPointExtension>
            <ns3:hr>140</ns3:hr>
            <ns3:cad>80</ns3:cad>
          </ns3:TrackPointExtension>
        </extensions>
      </trkpt>
      <trkpt lat="35.75932080857455730438232421875" lon="139.5392319001257419586181640625">
        <ele>42.200000762939453125</ele>
        <time>2026-08-10T09:35:02.000Z</time>
        <extensions>
          <ns3:TrackPointExtension>
            <ns3:hr>140</ns3:hr>
            <ns3:cad>80</ns3:cad>
          </ns3:TrackPointExtension>
        </extensions>
      </trkpt>
      <trkpt lat="35.75931644998490810394287109375" lon="139.5392587222158908843994140625">
        <ele>42.200000762939453125</ele>
        <time>2026-08-10T09:35:03.000Z</time>
        <extensions>
          <ns3:TrackPointExtension>
            <ns3:hr>140</ns3:hr>
            <ns3:cad>80</ns3:cad>
          </ns3:TrackPointExtension>
        </extensions>
      </trkpt>
      <trkpt lat="35.75933732092380523681640625" lon="139.5392697863280773162841796875">
        <ele>42.200000762939453125</ele>
        <time>2026-08-10T09:35:04.000Z</time>
        <extensions>
          <ns3:TrackPointExtension>
            <ns3:hr>140</ns3:hr>
            <ns3:cad>79</ns3:cad>
          </ns3:TrackPointExtension>
        </extensions>
      </trkpt>
      <trkpt lat="35.75935752131044864654541015625" lon="139.53928294591605663299560546875">
        <ele>42.200000762939453125</ele>
        <time>2026-08-10T09:35:05.000Z</time>
        <extensions>
          <ns3:TrackPointExtension>
            <ns3:hr>140</ns3:hr>
            <ns3:cad>79</ns3:cad>
          </ns3:TrackPointExtension>
        </extensions>
      </trkpt>
      <trkpt lat="35.75937026180326938629150390625" lon="139.539302475750446319580078125">
        <ele>42.200000762939453125</ele>
        <time>2026-08-10T09:35:06.000Z</time>
        <extensions>
          <ns3:TrackPointExtension>
            <ns3:hr>140</ns3:hr>
            <ns3:cad>78</ns3:cad>
          </ns3:TrackPointExtension>
        </extensions>
      </trkpt>
      <trkpt lat="35.7593673281371593475341796875" lon="139.53932921402156352996826171875">
        <ele>42.200000762939453125</ele>
        <time>2026-08-10T09:35:07.000Z</time>
        <extensions>
          <ns3:TrackPointExtension>
            <ns3:hr>140</ns3:hr>
            <ns3:cad>78</ns3:cad>
          </ns3:TrackPointExtension>
        </extensions>
      </trkpt>
      <trkpt lat="35.75936875306069850921630859375" lon="139.53935444355010986328125">
        <ele>42.200000762939453125</ele>
        <time>2026-08-10T09:35:08.000Z</time>
        <extensions>
          <ns3:TrackPointExtension>
            <ns3:hr>140</ns3:hr>
            <ns3:cad>79</ns3:cad>
          </ns3:TrackPointExtension>
        </extensions>
      </trkpt>
      <trkpt lat="35.7593701779842376708984375" lon="139.5393772423267364501953125">
        <ele>42.200000762939453125</ele>
        <time>2026-08-10T09:35:09.000Z</time>
        <extensions>
          <ns3:TrackPointExtension>
            <ns3:hr>140</ns3:hr>
            <ns3:cad>79</ns3:cad>
          </ns3:TrackPointExtension>
        </extensions>
      </trkpt>
      <trkpt lat="35.7593809068202972412109375" lon="139.53939056955277919769287109375">
        <ele>42.200000762939453125</ele>
        <time>2026-08-10T09:35:10.000Z</time>
        <extensions>
          <ns3:TrackPointExtension>
            <ns3:hr>140</ns3:hr>
            <ns3:cad>79</ns3:cad>
          </ns3:TrackPointExtension>
        </extensions>
      </trkpt>
      <trkpt lat="35.75939473696053028106689453125" lon="139.53939978964626789093017578125">
        <ele>42.200000762939453125</ele>
        <time>2026-08-10T09:35:11.000Z</time>
        <extensions>
          <ns3:TrackPointExtension>
            <ns3:hr>140</ns3:hr>
            <ns3:cad>79</ns3:cad>
          </ns3:TrackPointExtension>
        </extensions>
      </trkpt>
      <trkpt lat="35.759406387805938720703125" lon="139.5394169725477695465087890625">
        <ele>42.200000762939453125</ele>
        <time>2026-08-10T09:35:12.000Z</time>
        <extensions>
          <ns3:TrackPointExtension>
            <ns3:hr>140</ns3:hr>
            <ns3:cad>79</ns3:cad>
          </ns3:TrackPointExtension>
        </extensions>
      </trkpt>
      <trkpt lat="35.7594176195561885833740234375" lon="139.53944169916212558746337890625">
        <ele>42.200000762939453125</ele>
        <time>2026-08-10T09:35:13.000Z</time>
        <extensions>
          <ns3:TrackPointExtension>
            <ns3:hr>140</ns3:hr>
            <ns3:cad>80</ns3:cad>
          </ns3:TrackPointExtension>
        </extensions>
      </trkpt>
      <trkpt lat="35.7594280131161212921142578125" lon="139.53945963643491268157958984375">
        <ele>42.200000762939453125</ele>
        <time>2026-08-10T09:35:14.000Z</time>
        <extensions>
          <ns3:TrackPointExtension>
            <ns3:hr>140</ns3:hr>
            <ns3:cad>80</ns3:cad>
          </ns3:TrackPointExtension>
        </extensions>
      </trkpt>
      <trkpt lat="35.75943656265735626220703125" lon="139.53947237692773342132568359375">
        <ele>42.200000762939453125</ele>
        <time>2026-08-10T09:35:15.000Z</time>
        <extensions>
          <ns3:TrackPointExtension>
            <ns3:hr>141</ns3:hr>
            <ns3:cad>80</ns3:cad>
          </ns3:TrackPointExtension>
        </extensions>
      </trkpt>
      <trkpt lat="35.75944536365568637847900390625" lon="139.53948746435344219207763671875">
        <ele>42.200000762939453125</ele>
        <time>2026-08-10T09:35:16.000Z</time>
        <extensions>
          <ns3:TrackPointExtension>
            <ns3:hr>141</ns3:hr>
            <ns3:cad>80</ns3:cad>
          </ns3:TrackPointExtension>
        </extensions>
      </trkpt>
      <trkpt lat="35.75945307500660419464111328125" lon="139.53951059840619564056396484375">
        <ele>42.200000762939453125</ele>
        <time>2026-08-10T09:35:17.000Z</time>
        <extensions>
          <ns3:TrackPointExtension>
            <ns3:hr>141</ns3:hr>
            <ns3:cad>80</ns3:cad>
          </ns3:TrackPointExtension>
        </extensions>
      </trkpt>
      <trkpt lat="35.75946732424199581146240234375" lon="139.53955133445560932159423828125">
        <ele>42</ele>
        <time>2026-08-10T09:35:18.000Z</time>
        <extensions>
          <ns3:TrackPointExtension>
            <ns3:hr>141</ns3:hr>
            <ns3:cad>80</ns3:cad>
          </ns3:TrackPointExtension>
        </extensions>
      </trkpt>
      <trkpt lat="35.7594890333712100982666015625" lon="139.5395701937377452850341796875">
        <ele>42</ele>
        <time>2026-08-10T09:35:19.000Z</time>
        <extensions>
          <ns3:TrackPointExtension>
            <ns3:hr>140</ns3:hr>
            <ns3:cad>80</ns3:cad>
          </ns3:TrackPointExtension>
        </extensions>
      </trkpt>
      <trkpt lat="35.75950101949274539947509765625" lon="139.539595507085323333740234375">
        <ele>42</ele>
        <time>2026-08-10T09:35:20.000Z</time>
        <extensions>
          <ns3:TrackPointExtension>
            <ns3:hr>140</ns3:hr>
            <ns3:cad>79</ns3:cad>
          </ns3:TrackPointExtension>
        </extensions>
      </trkpt>
      <trkpt lat="35.7595121674239635467529296875" lon="139.53961662948131561279296875">
        <ele>41.799999237060546875</ele>
        <time>2026-08-10T09:35:21.000Z</time>
        <extensions>
          <ns3:TrackPointExtension>
            <ns3:hr>140</ns3:hr>
            <ns3:cad>78</ns3:cad>
          </ns3:TrackPointExtension>
        </extensions>
      </trkpt>
      <trkpt lat="35.75952566228806972503662109375" lon="139.53963213600218296051025390625">
        <ele>41.799999237060546875</ele>
        <time>2026-08-10T09:35:22.000Z</time>
        <extensions>
          <ns3:TrackPointExtension>
            <ns3:hr>139</ns3:hr>
            <ns3:cad>78</ns3:cad>
          </ns3:TrackPointExtension>
        </extensions>
      </trkpt>
      <trkpt lat="35.75955416075885295867919921875" lon="139.5396322198212146759033203125">
        <ele>41.799999237060546875</ele>
        <time>2026-08-10T09:35:23.000Z</time>
        <extensions>
          <ns3:TrackPointExtension>
            <ns3:hr>137</ns3:hr>
            <ns3:cad>79</ns3:cad>
          </ns3:TrackPointExtension>
        </extensions>
      </trkpt>
      <trkpt lat="35.75957478024065494537353515625" lon="139.5396479777991771697998046875">
        <ele>41.799999237060546875</ele>
        <time>2026-08-10T09:35:24.000Z</time>
        <extensions>
          <ns3:TrackPointExtension>
            <ns3:hr>137</ns3:hr>
            <ns3:cad>79</ns3:cad>
          </ns3:TrackPointExtension>
        </extensions>
      </trkpt>
      <trkpt lat="35.759585760533809661865234375" lon="139.53967253677546977996826171875">
        <ele>41.799999237060546875</ele>
        <time>2026-08-10T09:35:25.000Z</time>
        <extensions>
          <ns3:TrackPointExtension>
            <ns3:hr>136</ns3:hr>
            <ns3:cad>79</ns3:cad>
          </ns3:TrackPointExtension>
        </extensions>
      </trkpt>
      <trkpt lat="35.759599842131137847900390625" lon="139.5396935753524303436279296875">
        <ele>41.799999237060546875</ele>
        <time>2026-08-10T09:35:26.000Z</time>
        <extensions>
          <ns3:TrackPointExtension>
            <ns3:hr>136</ns3:hr>
            <ns3:cad>79</ns3:cad>
          </ns3:TrackPointExtension>
        </extensions>
      </trkpt>
      <trkpt lat="35.75960361398756504058837890625" lon="139.53972785733640193939208984375">
        <ele>41.799999237060546875</ele>
        <time>2026-08-10T09:35:27.000Z</time>
        <extensions>
          <ns3:TrackPointExtension>
            <ns3:hr>136</ns3:hr>
            <ns3:cad>79</ns3:cad>
          </ns3:TrackPointExtension>
        </extensions>
      </trkpt>
      <trkpt lat="35.7596060447394847869873046875" lon="139.5397634804248809814453125">
        <ele>41.799999237060546875</ele>
        <time>2026-08-10T09:35:28.000Z</time>
        <extensions>
          <ns3:TrackPointExtension>
            <ns3:hr>136</ns3:hr>
            <ns3:cad>79</ns3:cad>
          </ns3:TrackPointExtension>
        </extensions>
      </trkpt>
      <trkpt lat="35.75961132533848285675048828125" lon="139.539796002209186553955078125">
        <ele>41.799999237060546875</ele>
        <time>2026-08-10T09:35:29.000Z</time>
        <extensions>
          <ns3:TrackPointExtension>
            <ns3:hr>136</ns3:hr>
            <ns3:cad>79</ns3:cad>
          </ns3:TrackPointExtension>
        </extensions>
      </trkpt>
      <trkpt lat="35.75961895287036895751953125" lon="139.53981905244290828704833984375">
        <ele>41.799999237060546875</ele>
        <time>2026-08-10T09:35:30.000Z</time>
        <extensions>
          <ns3:TrackPointExtension>
            <ns3:hr>136</ns3:hr>
            <ns3:cad>79</ns3:cad>
          </ns3:TrackPointExtension>
        </extensions>
      </trkpt>
      <trkpt lat="35.759634710848331451416015625" lon="139.539838917553424835205078125">
        <ele>41.799999237060546875</ele>
        <time>2026-08-10T09:35:31.000Z</time>
        <extensions>
          <ns3:TrackPointExtension>
            <ns3:hr>136</ns3:hr>
            <ns3:cad>79</ns3:cad>
          </ns3:TrackPointExtension>
        </extensions>
      </trkpt>
      <trkpt lat="35.7596613653004169464111328125" lon="139.53983682207763195037841796875">
        <ele>41.799999237060546875</ele>
        <time>2026-08-10T09:35:32.000Z</time>
        <extensions>
          <ns3:TrackPointExtension>
            <ns3:hr>137</ns3:hr>
            <ns3:cad>79</ns3:cad>
          </ns3:TrackPointExtension>
        </extensions>
      </trkpt>
      <trkpt lat="35.759670250117778778076171875" lon="139.5398484729230403900146484375">
        <ele>41.799999237060546875</ele>
        <time>2026-08-10T09:35:33.000Z</time>
        <extensions>
          <ns3:TrackPointExtension>
            <ns3:hr>136</ns3:hr>
            <ns3:cad>78</ns3:cad>
          </ns3:TrackPointExtension>
        </extensions>
      </trkpt>
      <trkpt lat="35.75967452488839626312255859375" lon="139.53986565582454204559326171875">
        <ele>41.799999237060546875</ele>
        <time>2026-08-10T09:35:34.000Z</time>
        <extensions>
          <ns3:TrackPointExtension>
            <ns3:hr>136</ns3:hr>
            <ns3:cad>78</ns3:cad>
          </ns3:TrackPointExtension>
        </extensions>
      </trkpt>
      <trkpt lat="35.75967737473547458648681640625" lon="139.53988728113472461700439453125">
        <ele>41.799999237060546875</ele>
        <time>2026-08-10T09:35:35.000Z</time>
        <extensions>
          <ns3:TrackPointExtension>
            <ns3:hr>136</ns3:hr>
            <ns3:cad>78</ns3:cad>
          </ns3:TrackPointExtension>
        </extensions>
      </trkpt>
      <trkpt lat="35.7596754468977451324462890625" lon="139.53991259448230266571044921875">
        <ele>41.799999237060546875</ele>
        <time>2026-08-10T09:35:36.000Z</time>
        <extensions>
          <ns3:TrackPointExtension>
            <ns3:hr>137</ns3:hr>
            <ns3:cad>79</ns3:cad>
          </ns3:TrackPointExtension>
        </extensions>
      </trkpt>
      <trkpt lat="35.75967167504131793975830078125" lon="139.53993824310600757598876953125">
        <ele>41.799999237060546875</ele>
        <time>2026-08-10T09:35:37.000Z</time>
        <extensions>
          <ns3:TrackPointExtension>
            <ns3:hr>137</ns3:hr>
            <ns3:cad>79</ns3:cad>
          </ns3:TrackPointExtension>
        </extensions>
      </trkpt>
      <trkpt lat="35.759675614535808563232421875" lon="139.53995685093104839324951171875">
        <ele>41.40000152587890625</ele>
        <time>2026-08-10T09:35:38.000Z</time>
        <extensions>
          <ns3:TrackPointExtension>
            <ns3:hr>138</ns3:hr>
            <ns3:cad>80</ns3:cad>
          </ns3:TrackPointExtension>
        </extensions>
      </trkpt>
      <trkpt lat="35.75968240387737751007080078125" lon="139.53997294418513774871826171875">
        <ele>41.40000152587890625</ele>
        <time>2026-08-10T09:35:39.000Z</time>
        <extensions>
          <ns3:TrackPointExtension>
            <ns3:hr>137</ns3:hr>
            <ns3:cad>80</ns3:cad>
          </ns3:TrackPointExtension>
        </extensions>
      </trkpt>
      <trkpt lat="35.75969296507537364959716796875" lon="139.53998786397278308868408203125">
        <ele>41.40000152587890625</ele>
        <time>2026-08-10T09:35:40.000Z</time>
        <extensions>
          <ns3:TrackPointExtension>
            <ns3:hr>137</ns3:hr>
            <ns3:cad>80</ns3:cad>
          </ns3:TrackPointExtension>
        </extensions>
      </trkpt>
      <trkpt lat="35.759703777730464935302734375" lon="139.5400080643594264984130859375">
        <ele>41.200000762939453125</ele>
        <time>2026-08-10T09:35:41.000Z</time>
        <extensions>
          <ns3:TrackPointExtension>
            <ns3:hr>137</ns3:hr>
            <ns3:cad>80</ns3:cad>
          </ns3:TrackPointExtension>
        </extensions>
      </trkpt>
      <trkpt lat="35.7597103156149387359619140625" lon="139.54003128223121166229248046875">
        <ele>41.200000762939453125</ele>
        <time>2026-08-10T09:35:42.000Z</time>
        <extensions>
          <ns3:TrackPointExtension>
            <ns3:hr>137</ns3:hr>
            <ns3:cad>80</ns3:cad>
          </ns3:TrackPointExtension>
        </extensions>
      </trkpt>
      <trkpt lat="35.759723894298076629638671875" lon="139.540046788752079010009765625">
        <ele>41.200000762939453125</ele>
        <time>2026-08-10T09:35:43.000Z</time>
        <extensions>
          <ns3:TrackPointExtension>
            <ns3:hr>137</ns3:hr>
            <ns3:cad>81</ns3:cad>
          </ns3:TrackPointExtension>
        </extensions>
      </trkpt>
      <trkpt lat="35.7597341202199459075927734375" lon="139.5400660671293735504150390625">
        <ele>41.200000762939453125</ele>
        <time>2026-08-10T09:35:44.000Z</time>
        <extensions>
          <ns3:TrackPointExtension>
            <ns3:hr>137</ns3:hr>
            <ns3:cad>81</ns3:cad>
          </ns3:TrackPointExtension>
        </extensions>
      </trkpt>
      <trkpt lat="35.75974761508405208587646484375" lon="139.54008224420249462127685546875">
        <ele>41.200000762939453125</ele>
        <time>2026-08-10T09:35:45.000Z</time>
        <extensions>
          <ns3:TrackPointExtension>
            <ns3:hr>137</ns3:hr>
            <ns3:cad>82</ns3:cad>
          </ns3:TrackPointExtension>
        </extensions>
      </trkpt>
      <trkpt lat="35.7597646303474903106689453125" lon="139.54009749926626682281494140625">
        <ele>41.200000762939453125</ele>
        <time>2026-08-10T09:35:46.000Z</time>
        <extensions>
          <ns3:TrackPointExtension>
            <ns3:hr>137</ns3:hr>
            <ns3:cad>82</ns3:cad>
          </ns3:TrackPointExtension>
        </extensions>
      </trkpt>
      <trkpt lat="35.7597753591835498809814453125" lon="139.5401163585484027862548828125">
        <ele>41.200000762939453125</ele>
        <time>2026-08-10T09:35:47.000Z</time>
        <extensions>
          <ns3:TrackPointExtension>
            <ns3:hr>137</ns3:hr>
            <ns3:cad>82</ns3:cad>
          </ns3:TrackPointExtension>
        </extensions>
      </trkpt>
      <trkpt lat="35.75978793203830718994140625" lon="139.54013337381184101104736328125">
        <ele>41.200000762939453125</ele>
        <time>2026-08-10T09:35:48.000Z</time>
        <extensions>
          <ns3:TrackPointExtension>
            <ns3:hr>137</ns3:hr>
            <ns3:cad>82</ns3:cad>
          </ns3:TrackPointExtension>
        </extensions>
      </trkpt>
      <trkpt lat="35.7597944699227809906005859375" lon="139.54015466384589672088623046875">
        <ele>41.200000762939453125</ele>
        <time>2026-08-10T09:35:49.000Z</time>
        <extensions>
          <ns3:TrackPointExtension>
            <ns3:hr>137</ns3:hr>
            <ns3:cad>82</ns3:cad>
          </ns3:TrackPointExtension>
        </extensions>
      </trkpt>
      <trkpt lat="35.759805031120777130126953125" lon="139.5401760376989841461181640625">
        <ele>41.200000762939453125</ele>
        <time>2026-08-10T09:35:50.000Z</time>
        <extensions>
          <ns3:TrackPointExtension>
            <ns3:hr>137</ns3:hr>
            <ns3:cad>82</ns3:cad>
          </ns3:TrackPointExtension>
        </extensions>
      </trkpt>
      <trkpt lat="35.75981433503329753875732421875" lon="139.5401971600949764251708984375">
        <ele>41.200000762939453125</ele>
        <time>2026-08-10T09:35:51.000Z</time>
        <extensions>
          <ns3:TrackPointExtension>
            <ns3:hr>137</ns3:hr>
            <ns3:cad>81</ns3:cad>
          </ns3:TrackPointExtension>
        </extensions>
      </trkpt>
      <trkpt lat="35.7598202861845493316650390625" lon="139.5402176119387149810791015625">
        <ele>41.200000762939453125</ele>
        <time>2026-08-10T09:35:52.000Z</time>
        <extensions>
          <ns3:TrackPointExtension>
            <ns3:hr>137</ns3:hr>
            <ns3:cad>81</ns3:cad>
          </ns3:TrackPointExtension>
        </extensions>
      </trkpt>
      <trkpt lat="35.7598353736102581024169921875" lon="139.54023328609764575958251953125">
        <ele>41.200000762939453125</ele>
        <time>2026-08-10T09:35:53.000Z</time>
        <extensions>
          <ns3:TrackPointExtension>
            <ns3:hr>137</ns3:hr>
            <ns3:cad>81</ns3:cad>
          </ns3:TrackPointExtension>
        </extensions>
      </trkpt>
      <trkpt lat="35.759852640330791473388671875" lon="139.5402491278946399688720703125">
        <ele>41.200000762939453125</ele>
        <time>2026-08-10T09:35:54.000Z</time>
        <extensions>
          <ns3:TrackPointExtension>
            <ns3:hr>137</ns3:hr>
            <ns3:cad>81</ns3:cad>
          </ns3:TrackPointExtension>
        </extensions>
      </trkpt>
      <trkpt lat="35.7598735950887203216552734375" lon="139.5402596890926361083984375">
        <ele>41.200000762939453125</ele>
        <time>2026-08-10T09:35:55.000Z</time>
        <extensions>
          <ns3:TrackPointExtension>
            <ns3:hr>137</ns3:hr>
            <ns3:cad>81</ns3:cad>
          </ns3:TrackPointExtension>
        </extensions>
      </trkpt>
      <trkpt lat="35.7598797976970672607421875" lon="139.540271423757076263427734375">
        <ele>41.200000762939453125</ele>
        <time>2026-08-10T09:35:56.000Z</time>
        <extensions>
          <ns3:TrackPointExtension>
            <ns3:hr>137</ns3:hr>
            <ns3:cad>81</ns3:cad>
          </ns3:TrackPointExtension>
        </extensions>
      </trkpt>
      <trkpt lat="35.75988323427736759185791015625" lon="139.5402826555073261260986328125">
        <ele>41.200000762939453125</ele>
        <time>2026-08-10T09:35:57.000Z</time>
        <extensions>
          <ns3:TrackPointExtension>
            <ns3:hr>138</ns3:hr>
            <ns3:cad>81</ns3:cad>
          </ns3:TrackPointExtension>
        </extensions>
      </trkpt>
      <trkpt lat="35.7598766125738620758056640625" lon="139.5402927137911319732666015625">
        <ele>41.200000762939453125</ele>
        <time>2026-08-10T09:35:58.000Z</time>
        <extensions>
          <ns3:TrackPointExtension>
            <ns3:hr>138</ns3:hr>
            <ns3:cad>81</ns3:cad>
          </ns3:TrackPointExtension>
        </extensions>
      </trkpt>
      <trkpt lat="35.75986429117619991302490234375" lon="139.54028894193470478057861328125">
        <ele>41.40000152587890625</ele>
        <time>2026-08-10T09:35:59.000Z</time>
        <extensions>
          <ns3:TrackPointExtension>
            <ns3:hr>138</ns3:hr>
            <ns3:cad>80</ns3:cad>
          </ns3:TrackPointExtension>
        </extensions>
      </trkpt>
      <trkpt lat="35.7598491199314594268798828125" lon="139.540278799831867218017578125">
        <ele>41.799999237060546875</ele>
        <time>2026-08-10T09:36:00.000Z</time>
        <extensions>
          <ns3:TrackPointExtension>
            <ns3:hr>138</ns3:hr>
            <ns3:cad>79</ns3:cad>
          </ns3:TrackPointExtension>
        </extensions>
      </trkpt>
      <trkpt lat="35.75983512215316295623779296875" lon="139.5402658917009830474853515625">
        <ele>41.799999237060546875</ele>
        <time>2026-08-10T09:36:01.000Z</time>
        <extensions>
          <ns3:TrackPointExtension>
            <ns3:hr>138</ns3:hr>
            <ns3:cad>79</ns3:cad>
          </ns3:TrackPointExtension>
        </extensions>
      </trkpt>
      <trkpt lat="35.7598206214606761932373046875" lon="139.5402494631707668304443359375">
        <ele>41.799999237060546875</ele>
        <time>2026-08-10T09:36:02.000Z</time>
        <extensions>
          <ns3:TrackPointExtension>
            <ns3:hr>138</ns3:hr>
            <ns3:cad>78</ns3:cad>
          </ns3:TrackPointExtension>
        </extensions>
      </trkpt>
      <trkpt lat="35.75980980880558490753173828125" lon="139.540231525897979736328125">
        <ele>41.799999237060546875</ele>
        <time>2026-08-10T09:36:03.000Z</time>
        <extensions>
          <ns3:TrackPointExtension>
            <ns3:hr>138</ns3:hr>
            <ns3:cad>77</ns3:cad>
          </ns3:TrackPointExtension>
        </extensions>
      </trkpt>
      <trkpt lat="35.75979706831276416778564453125" lon="139.54021367244422435760498046875">
        <ele>41.799999237060546875</ele>
        <time>2026-08-10T09:36:04.000Z</time>
        <extensions>
          <ns3:TrackPointExtension>
            <ns3:hr>138</ns3:hr>
            <ns3:cad>77</ns3:cad>
          </ns3:TrackPointExtension>
        </extensions>
      </trkpt>
      <trkpt lat="35.75978432781994342803955078125" lon="139.54019456170499324798583984375">
        <ele>41.799999237060546875</ele>
        <time>2026-08-10T09:36:05.000Z</time>
        <extensions>
          <ns3:TrackPointExtension>
            <ns3:hr>138</ns3:hr>
            <ns3:cad>79</ns3:cad>
          </ns3:TrackPointExtension>
        </extensions>
      </trkpt>
      <trkpt lat="35.75976991094648838043212890625" lon="139.54017587006092071533203125">
        <ele>41.59999847412109375</ele>
        <time>2026-08-10T09:36:06.000Z</time>
        <extensions>
          <ns3:TrackPointExtension>
            <ns3:hr>137</ns3:hr>
            <ns3:cad>80</ns3:cad>
          </ns3:TrackPointExtension>
        </extensions>
      </trkpt>
      <trkpt lat="35.7597515545785427093505859375" lon="139.54015483148396015167236328125">
        <ele>41.40000152587890625</ele>
        <time>2026-08-10T09:36:07.000Z</time>
        <extensions>
          <ns3:TrackPointExtension>
            <ns3:hr>137</ns3:hr>
            <ns3:cad>81</ns3:cad>
          </ns3:TrackPointExtension>
        </extensions>
      </trkpt>
      <trkpt lat="35.75973588041961193084716796875" lon="139.540139324963092803955078125">
        <ele>41.40000152587890625</ele>
        <time>2026-08-10T09:36:08.000Z</time>
        <extensions>
          <ns3:TrackPointExtension>
            <ns3:hr>137</ns3:hr>
            <ns3:cad>81</ns3:cad>
          </ns3:TrackPointExtension>
        </extensions>
      </trkpt>
      <trkpt lat="35.7597109861671924591064453125" lon="139.54012867994606494903564453125">
        <ele>41.200000762939453125</ele>
        <time>2026-08-10T09:36:09.000Z</time>
        <extensions>
          <ns3:TrackPointExtension>
            <ns3:hr>137</ns3:hr>
            <ns3:cad>81</ns3:cad>
          </ns3:TrackPointExtension>
        </extensions>
      </trkpt>
      <trkpt lat="35.75968307442963123321533203125" lon="139.5401197113096714019775390625">
        <ele>41.200000762939453125</ele>
        <time>2026-08-10T09:36:10.000Z</time>
        <extensions>
          <ns3:TrackPointExtension>
            <ns3:hr>137</ns3:hr>
            <ns3:cad>81</ns3:cad>
          </ns3:TrackPointExtension>
        </extensions>
      </trkpt>
      <trkpt lat="35.7596637122333049774169921875" lon="139.5401041209697723388671875">
        <ele>41.200000762939453125</ele>
        <time>2026-08-10T09:36:11.000Z</time>
        <extensions>
          <ns3:TrackPointExtension>
            <ns3:hr>137</ns3:hr>
            <ns3:cad>80</ns3:cad>
          </ns3:TrackPointExtension>
        </extensions>
      </trkpt>
      <trkpt lat="35.75964753516018390655517578125" lon="139.54009179957211017608642578125">
        <ele>41.200000762939453125</ele>
        <time>2026-08-10T09:36:12.000Z</time>
        <extensions>
          <ns3:TrackPointExtension>
            <ns3:hr>137</ns3:hr>
            <ns3:cad>80</ns3:cad>
          </ns3:TrackPointExtension>
        </extensions>
      </trkpt>
      <trkpt lat="35.75962674804031848907470703125" lon="139.54007126390933990478515625">
        <ele>41.200000762939453125</ele>
        <time>2026-08-10T09:36:13.000Z</time>
        <extensions>
          <ns3:TrackPointExtension>
            <ns3:hr>137</ns3:hr>
            <ns3:cad>79</ns3:cad>
          </ns3:TrackPointExtension>
        </extensions>
      </trkpt>
      <trkpt lat="35.75960914604365825653076171875" lon="139.54005181789398193359375">
        <ele>41.200000762939453125</ele>
        <time>2026-08-10T09:36:14.000Z</time>
        <extensions>
          <ns3:TrackPointExtension>
            <ns3:hr>137</ns3:hr>
            <ns3:cad>80</ns3:cad>
          </ns3:TrackPointExtension>
        </extensions>
      </trkpt>
      <trkpt lat="35.75959523208439350128173828125" lon="139.5400355570018291473388671875">
        <ele>41.200000762939453125</ele>
        <time>2026-08-10T09:36:15.000Z</time>
        <extensions>
          <ns3:TrackPointExtension>
            <ns3:hr>138</ns3:hr>
            <ns3:cad>80</ns3:cad>
          </ns3:TrackPointExtension>
        </extensions>
      </trkpt>
      <trkpt lat="35.7595778815448284149169921875" lon="139.54001401551067829132080078125">
        <ele>41.200000762939453125</ele>
        <time>2026-08-10T09:36:16.000Z</time>
        <extensions>
          <ns3:TrackPointExtension>
            <ns3:hr>138</ns3:hr>
            <ns3:cad>81</ns3:cad>
          </ns3:TrackPointExtension>
        </extensions>
      </trkpt>
      <trkpt lat="35.75956053100526332855224609375" lon="139.53999758698046207427978515625">
        <ele>41.40000152587890625</ele>
        <time>2026-08-10T09:36:17.000Z</time>
        <extensions>
          <ns3:TrackPointExtension>
            <ns3:hr>138</ns3:hr>
            <ns3:cad>81</ns3:cad>
          </ns3:TrackPointExtension>
        </extensions>
      </trkpt>
      <trkpt lat="35.7595483772456645965576171875" lon="139.5399809069931507110595703125">
        <ele>41.40000152587890625</ele>
        <time>2026-08-10T09:36:18.000Z</time>
        <extensions>
          <ns3:TrackPointExtension>
            <ns3:hr>138</ns3:hr>
            <ns3:cad>80</ns3:cad>
          </ns3:TrackPointExtension>
        </extensions>
      </trkpt>
      <trkpt lat="35.7595326192677021026611328125" lon="139.53997395001351833343505859375">
        <ele>41.59999847412109375</ele>
        <time>2026-08-10T09:36:19.000Z</time>
        <extensions>
          <ns3:TrackPointExtension>
            <ns3:hr>138</ns3:hr>
            <ns3:cad>80</ns3:cad>
          </ns3:TrackPointExtension>
        </extensions>
      </trkpt>
      <trkpt lat="35.75951795093715190887451171875" lon="139.5399567671120166778564453125">
        <ele>41.59999847412109375</ele>
        <time>2026-08-10T09:36:20.000Z</time>
        <extensions>
          <ns3:TrackPointExtension>
            <ns3:hr>138</ns3:hr>
            <ns3:cad>80</ns3:cad>
          </ns3:TrackPointExtension>
        </extensions>
      </trkpt>
      <trkpt lat="35.75950889848172664642333984375" lon="139.53994427807629108428955078125">
        <ele>41.59999847412109375</ele>
        <time>2026-08-10T09:36:21.000Z</time>
        <extensions>
          <ns3:TrackPointExtension>
            <ns3:hr>138</ns3:hr>
            <ns3:cad>80</ns3:cad>
          </ns3:TrackPointExtension>
        </extensions>
      </trkpt>
      <trkpt lat="35.75950068421661853790283203125" lon="139.53993120230734348297119140625">
        <ele>41.59999847412109375</ele>
        <time>2026-08-10T09:36:22.000Z</time>
        <extensions>
          <ns3:TrackPointExtension>
            <ns3:hr>138</ns3:hr>
            <ns3:cad>80</ns3:cad>
          </ns3:TrackPointExtension>
        </extensions>
      </trkpt>
      <trkpt lat="35.75948660261929035186767578125" lon="139.53991946764290332794189453125">
        <ele>41.59999847412109375</ele>
        <time>2026-08-10T09:36:23.000Z</time>
        <extensions>
          <ns3:TrackPointExtension>
            <ns3:hr>137</ns3:hr>
            <ns3:cad>79</ns3:cad>
          </ns3:TrackPointExtension>
        </extensions>
      </trkpt>
      <trkpt lat="35.75946883298456668853759765625" lon="139.539903290569782257080078125">
        <ele>41.799999237060546875</ele>
        <time>2026-08-10T09:36:24.000Z</time>
        <extensions>
          <ns3:TrackPointExtension>
            <ns3:hr>137</ns3:hr>
            <ns3:cad>79</ns3:cad>
          </ns3:TrackPointExtension>
        </extensions>
      </trkpt>
      <trkpt lat="35.75946363620460033416748046875" lon="139.53988325782120227813720703125">
        <ele>41.799999237060546875</ele>
        <time>2026-08-10T09:36:25.000Z</time>
        <extensions>
          <ns3:TrackPointExtension>
            <ns3:hr>137</ns3:hr>
            <ns3:cad>79</ns3:cad>
          </ns3:TrackPointExtension>
        </extensions>
      </trkpt>
      <trkpt lat="35.75944603420794010162353515625" lon="139.53987755812704563140869140625">
        <ele>41.799999237060546875</ele>
        <time>2026-08-10T09:36:26.000Z</time>
        <extensions>
          <ns3:TrackPointExtension>
            <ns3:hr>137</ns3:hr>
            <ns3:cad>79</ns3:cad>
          </ns3:TrackPointExtension>
        </extensions>
      </trkpt>
      <trkpt lat="35.75943295843899250030517578125" lon="139.53987940214574337005615234375">
        <ele>41.799999237060546875</ele>
        <time>2026-08-10T09:36:27.000Z</time>
        <extensions>
          <ns3:TrackPointExtension>
            <ns3:hr>137</ns3:hr>
            <ns3:cad>79</ns3:cad>
          </ns3:TrackPointExtension>
        </extensions>
      </trkpt>
      <trkpt lat="35.7594135962426662445068359375" lon="139.5398820005357265472412109375">
        <ele>41.799999237060546875</ele>
        <time>2026-08-10T09:36:28.000Z</time>
        <extensions>
          <ns3:TrackPointExtension>
            <ns3:hr>137</ns3:hr>
            <ns3:cad>80</ns3:cad>
          </ns3:TrackPointExtension>
        </extensions>
      </trkpt>
      <trkpt lat="35.7594050467014312744140625" lon="139.5398716069757938385009765625">
        <ele>41.799999237060546875</ele>
        <time>2026-08-10T09:36:29.000Z</time>
        <extensions>
          <ns3:TrackPointExtension>
            <ns3:hr>137</ns3:hr>
            <ns3:cad>80</ns3:cad>
          </ns3:TrackPointExtension>
        </extensions>
      </trkpt>
      <trkpt lat="35.75939188711345195770263671875" lon="139.5398622192442417144775390625">
        <ele>41.799999237060546875</ele>
        <time>2026-08-10T09:36:30.000Z</time>
        <extensions>
          <ns3:TrackPointExtension>
            <ns3:hr>137</ns3:hr>
            <ns3:cad>79</ns3:cad>
          </ns3:TrackPointExtension>
        </extensions>
      </trkpt>
      <trkpt lat="35.75937830843031406402587890625" lon="139.5398498140275478363037109375">
        <ele>41.799999237060546875</ele>
        <time>2026-08-10T09:36:31.000Z</time>
        <extensions>
          <ns3:TrackPointExtension>
            <ns3:hr>137</ns3:hr>
            <ns3:cad>79</ns3:cad>
          </ns3:TrackPointExtension>
        </extensions>
      </trkpt>
      <trkpt lat="35.759367160499095916748046875" lon="139.5398350618779659271240234375">
        <ele>41.799999237060546875</ele>
        <time>2026-08-10T09:36:32.000Z</time>
        <extensions>
          <ns3:TrackPointExtension>
            <ns3:hr>137</ns3:hr>
            <ns3:cad>79</ns3:cad>
          </ns3:TrackPointExtension>
        </extensions>
      </trkpt>
      <trkpt lat="35.75935282744467258453369140625" lon="139.53981653787195682525634765625">
        <ele>41.799999237060546875</ele>
        <time>2026-08-10T09:36:33.000Z</time>
        <extensions>
          <ns3:TrackPointExtension>
            <ns3:hr>137</ns3:hr>
            <ns3:cad>78</ns3:cad>
          </ns3:TrackPointExtension>
        </extensions>
      </trkpt>
      <trkpt lat="35.759342350065708160400390625" lon="139.539797343313694000244140625">
        <ele>42</ele>
        <time>2026-08-10T09:36:34.000Z</time>
        <extensions>
          <ns3:TrackPointExtension>
            <ns3:hr>137</ns3:hr>
            <ns3:cad>78</ns3:cad>
          </ns3:TrackPointExtension>
        </extensions>
      </trkpt>
      <trkpt lat="35.759336315095424652099609375" lon="139.53977814875543117523193359375">
        <ele>42</ele>
        <time>2026-08-10T09:36:35.000Z</time>
        <extensions>
          <ns3:TrackPointExtension>
            <ns3:hr>137</ns3:hr>
            <ns3:cad>79</ns3:cad>
          </ns3:TrackPointExtension>
        </extensions>
      </trkpt>
      <trkpt lat="35.75932634063065052032470703125" lon="139.53975736163556575775146484375">
        <ele>42</ele>
        <time>2026-08-10T09:36:36.000Z</time>
        <extensions>
          <ns3:TrackPointExtension>
            <ns3:hr>138</ns3:hr>
            <ns3:cad>79</ns3:cad>
          </ns3:TrackPointExtension>
        </extensions>
      </trkpt>
      <trkpt lat="35.75931477360427379608154296875" lon="139.53974001109600067138671875">
        <ele>42</ele>
        <time>2026-08-10T09:36:37.000Z</time>
        <extensions>
          <ns3:TrackPointExtension>
            <ns3:hr>138</ns3:hr>
            <ns3:cad>79</ns3:cad>
          </ns3:TrackPointExtension>
        </extensions>
      </trkpt>
      <trkpt lat="35.75930119492113590240478515625" lon="139.53972383402287960052490234375">
        <ele>42</ele>
        <time>2026-08-10T09:36:38.000Z</time>
        <extensions>
          <ns3:TrackPointExtension>
            <ns3:hr>138</ns3:hr>
            <ns3:cad>79</ns3:cad>
          </ns3:TrackPointExtension>
        </extensions>
      </trkpt>
      <trkpt lat="35.7592858560383319854736328125" lon="139.53970849514007568359375">
        <ele>42</ele>
        <time>2026-08-10T09:36:39.000Z</time>
        <extensions>
          <ns3:TrackPointExtension>
            <ns3:hr>139</ns3:hr>
            <ns3:cad>79</ns3:cad>
          </ns3:TrackPointExtension>
        </extensions>
      </trkpt>
      <trkpt lat="35.75927068479359149932861328125" lon="139.53969432972371578216552734375">
        <ele>42</ele>
        <time>2026-08-10T09:36:40.000Z</time>
        <extensions>
          <ns3:TrackPointExtension>
            <ns3:hr>139</ns3:hr>
            <ns3:cad>80</ns3:cad>
          </ns3:TrackPointExtension>
        </extensions>
      </trkpt>
      <trkpt lat="35.75925660319626331329345703125" lon="139.53968075104057788848876953125">
        <ele>42</ele>
        <time>2026-08-10T09:36:41.000Z</time>
        <extensions>
          <ns3:TrackPointExtension>
            <ns3:hr>139</ns3:hr>
            <ns3:cad>80</ns3:cad>
          </ns3:TrackPointExtension>
        </extensions>
      </trkpt>
      <trkpt lat="35.759245455265045166015625" lon="139.5396709442138671875">
        <ele>42</ele>
        <time>2026-08-10T09:36:42.000Z</time>
        <extensions>
          <ns3:TrackPointExtension>
            <ns3:hr>139</ns3:hr>
            <ns3:cad>79</ns3:cad>
          </ns3:TrackPointExtension>
        </extensions>
      </trkpt>
      <trkpt lat="35.75923481024801731109619140625" lon="139.53965527005493640899658203125">
        <ele>42</ele>
        <time>2026-08-10T09:36:43.000Z</time>
        <extensions>
          <ns3:TrackPointExtension>
            <ns3:hr>139</ns3:hr>
            <ns3:cad>79</ns3:cad>
          </ns3:TrackPointExtension>
        </extensions>
      </trkpt>
      <trkpt lat="35.75922106392681598663330078125" lon="139.53964068554341793060302734375">
        <ele>42</ele>
        <time>2026-08-10T09:36:44.000Z</time>
        <extensions>
          <ns3:TrackPointExtension>
            <ns3:hr>139</ns3:hr>
            <ns3:cad>79</ns3:cad>
          </ns3:TrackPointExtension>
        </extensions>
      </trkpt>
      <trkpt lat="35.7592080719769001007080078125" lon="139.539627023041248321533203125">
        <ele>42</ele>
        <time>2026-08-10T09:36:45.000Z</time>
        <extensions>
          <ns3:TrackPointExtension>
            <ns3:hr>139</ns3:hr>
            <ns3:cad>80</ns3:cad>
          </ns3:TrackPointExtension>
        </extensions>
      </trkpt>
      <trkpt lat="35.7591963373124599456787109375" lon="139.5396117679774761199951171875">
        <ele>42</ele>
        <time>2026-08-10T09:36:46.000Z</time>
        <extensions>
          <ns3:TrackPointExtension>
            <ns3:hr>139</ns3:hr>
            <ns3:cad>80</ns3:cad>
          </ns3:TrackPointExtension>
        </extensions>
      </trkpt>
      <trkpt lat="35.759188793599605560302734375" lon="139.53959341160953044891357421875">
        <ele>42</ele>
        <time>2026-08-10T09:36:47.000Z</time>
        <extensions>
          <ns3:TrackPointExtension>
            <ns3:hr>140</ns3:hr>
            <ns3:cad>80</ns3:cad>
          </ns3:TrackPointExtension>
        </extensions>
      </trkpt>
      <trkpt lat="35.759174712002277374267578125" lon="139.53957597725093364715576171875">
        <ele>42</ele>
        <time>2026-08-10T09:36:48.000Z</time>
        <extensions>
          <ns3:TrackPointExtension>
            <ns3:hr>140</ns3:hr>
            <ns3:cad>80</ns3:cad>
          </ns3:TrackPointExtension>
        </extensions>
      </trkpt>
      <trkpt lat="35.75915358960628509521484375" lon="139.53955770470201969146728515625">
        <ele>42</ele>
        <time>2026-08-10T09:36:49.000Z</time>
        <extensions>
          <ns3:TrackPointExtension>
            <ns3:hr>140</ns3:hr>
            <ns3:cad>80</ns3:cad>
          </ns3:TrackPointExtension>
        </extensions>
      </trkpt>
      <trkpt lat="35.75913858599960803985595703125" lon="139.5395343191921710968017578125">
        <ele>42</ele>
        <time>2026-08-10T09:36:50.000Z</time>
        <extensions>
          <ns3:TrackPointExtension>
            <ns3:hr>140</ns3:hr>
            <ns3:cad>81</ns3:cad>
          </ns3:TrackPointExtension>
        </extensions>
      </trkpt>
      <trkpt lat="35.759130455553531646728515625" lon="139.5395111851394176483154296875">
        <ele>42</ele>
        <time>2026-08-10T09:36:51.000Z</time>
        <extensions>
          <ns3:TrackPointExtension>
            <ns3:hr>140</ns3:hr>
            <ns3:cad>81</ns3:cad>
          </ns3:TrackPointExtension>
        </extensions>
      </trkpt>
      <trkpt lat="35.75912131927907466888427734375" lon="139.5394897274672985076904296875">
        <ele>42</ele>
        <time>2026-08-10T09:36:52.000Z</time>
        <extensions>
          <ns3:TrackPointExtension>
            <ns3:hr>140</ns3:hr>
            <ns3:cad>81</ns3:cad>
          </ns3:TrackPointExtension>
        </extensions>
      </trkpt>
      <trkpt lat="35.75910623185336589813232421875" lon="139.53947271220386028289794921875">
        <ele>42</ele>
        <time>2026-08-10T09:36:53.000Z</time>
        <extensions>
          <ns3:TrackPointExtension>
            <ns3:hr>140</ns3:hr>
            <ns3:cad>81</ns3:cad>
          </ns3:TrackPointExtension>
        </extensions>
      </trkpt>
      <trkpt lat="35.75909298844635486602783203125" lon="139.539462737739086151123046875">
        <ele>42</ele>
        <time>2026-08-10T09:36:54.000Z</time>
        <extensions>
          <ns3:TrackPointExtension>
            <ns3:hr>140</ns3:hr>
            <ns3:cad>81</ns3:cad>
          </ns3:TrackPointExtension>
        </extensions>
      </trkpt>
      <trkpt lat="35.7590820081532001495361328125" lon="139.53944639302790164947509765625">
        <ele>42</ele>
        <time>2026-08-10T09:36:55.000Z</time>
        <extensions>
          <ns3:TrackPointExtension>
            <ns3:hr>141</ns3:hr>
            <ns3:cad>81</ns3:cad>
          </ns3:TrackPointExtension>
        </extensions>
      </trkpt>
      <trkpt lat="35.759066753089427947998046875" lon="139.53943314962089061737060546875">
        <ele>42</ele>
        <time>2026-08-10T09:36:56.000Z</time>
        <extensions>
          <ns3:TrackPointExtension>
            <ns3:hr>141</ns3:hr>
            <ns3:cad>80</ns3:cad>
          </ns3:TrackPointExtension>
        </extensions>
      </trkpt>
      <trkpt lat="35.75905501842498779296875" lon="139.539411775767803192138671875">
        <ele>42</ele>
        <time>2026-08-10T09:36:57.000Z</time>
        <extensions>
          <ns3:TrackPointExtension>
            <ns3:hr>141</ns3:hr>
            <ns3:cad>80</ns3:cad>
          </ns3:TrackPointExtension>
        </extensions>
      </trkpt>
      <trkpt lat="35.7590434513986110687255859375" lon="139.53938419930636882781982421875">
        <ele>42</ele>
        <time>2026-08-10T09:36:58.000Z</time>
        <extensions>
          <ns3:TrackPointExtension>
            <ns3:hr>142</ns3:hr>
            <ns3:cad>79</ns3:cad>
          </ns3:TrackPointExtension>
        </extensions>
      </trkpt>
      <trkpt lat="35.75903213582932949066162109375" lon="139.5393638312816619873046875">
        <ele>42</ele>
        <time>2026-08-10T09:36:59.000Z</time>
        <extensions>
          <ns3:TrackPointExtension>
            <ns3:hr>141</ns3:hr>
            <ns3:cad>79</ns3:cad>
          </ns3:TrackPointExtension>
        </extensions>
      </trkpt>
      <trkpt lat="35.75902459211647510528564453125" lon="139.5393438823521137237548828125">
        <ele>42</ele>
        <time>2026-08-10T09:37:00.000Z</time>
        <extensions>
          <ns3:TrackPointExtension>
            <ns3:hr>141</ns3:hr>
            <ns3:cad>79</ns3:cad>
          </ns3:TrackPointExtension>
        </extensions>
      </trkpt>
      <trkpt lat="35.7590189762413501739501953125" lon="139.539315216243267059326171875">
        <ele>42</ele>
        <time>2026-08-10T09:37:01.000Z</time>
        <extensions>
          <ns3:TrackPointExtension>
            <ns3:hr>141</ns3:hr>
            <ns3:cad>79</ns3:cad>
          </ns3:TrackPointExtension>
        </extensions>
      </trkpt>
      <trkpt lat="35.75900246389210224151611328125" lon="139.53929744660854339599609375">
        <ele>42</ele>
        <time>2026-08-10T09:37:02.000Z</time>
        <extensions>
          <ns3:TrackPointExtension>
            <ns3:hr>141</ns3:hr>
            <ns3:cad>79</ns3:cad>
          </ns3:TrackPointExtension>
        </extensions>
      </trkpt>
      <trkpt lat="35.75898938812315464019775390625" lon="139.53927992843091487884521484375">
        <ele>42</ele>
        <time>2026-08-10T09:37:03.000Z</time>
        <extensions>
          <ns3:TrackPointExtension>
            <ns3:hr>141</ns3:hr>
            <ns3:cad>79</ns3:cad>
          </ns3:TrackPointExtension>
        </extensions>
      </trkpt>
      <trkpt lat="35.7589753903448581695556640625" lon="139.53926450572907924652099609375">
        <ele>42</ele>
        <time>2026-08-10T09:37:04.000Z</time>
        <extensions>
          <ns3:TrackPointExtension>
            <ns3:hr>142</ns3:hr>
            <ns3:cad>79</ns3:cad>
          </ns3:TrackPointExtension>
        </extensions>
      </trkpt>
      <trkpt lat="35.75895720161497592926025390625" lon="139.5392500050365924835205078125">
        <ele>42</ele>
        <time>2026-08-10T09:37:05.000Z</time>
        <extensions>
          <ns3:TrackPointExtension>
            <ns3:hr>141</ns3:hr>
            <ns3:cad>79</ns3:cad>
          </ns3:TrackPointExtension>
        </extensions>
      </trkpt>
      <trkpt lat="35.75893976725637912750244140625" lon="139.53924036584794521331787109375">
        <ele>42</ele>
        <time>2026-08-10T09:37:06.000Z</time>
        <extensions>
          <ns3:TrackPointExtension>
            <ns3:hr>141</ns3:hr>
            <ns3:cad>79</ns3:cad>
          </ns3:TrackPointExtension>
        </extensions>
      </trkpt>
      <trkpt lat="35.7589304633438587188720703125" lon="139.53921823762357234954833984375">
        <ele>42</ele>
        <time>2026-08-10T09:37:07.000Z</time>
        <extensions>
          <ns3:TrackPointExtension>
            <ns3:hr>141</ns3:hr>
            <ns3:cad>79</ns3:cad>
          </ns3:TrackPointExtension>
        </extensions>
      </trkpt>
      <trkpt lat="35.758923590183258056640625" lon="139.53919426538050174713134765625">
        <ele>42</ele>
        <time>2026-08-10T09:37:08.000Z</time>
        <extensions>
          <ns3:TrackPointExtension>
            <ns3:hr>141</ns3:hr>
            <ns3:cad>80</ns3:cad>
          </ns3:TrackPointExtension>
        </extensions>
      </trkpt>
      <trkpt lat="35.75891227461397647857666015625" lon="139.539169371128082275390625">
        <ele>42</ele>
        <time>2026-08-10T09:37:09.000Z</time>
        <extensions>
          <ns3:TrackPointExtension>
            <ns3:hr>141</ns3:hr>
            <ns3:cad>80</ns3:cad>
          </ns3:TrackPointExtension>
        </extensions>
      </trkpt>
      <trkpt lat="35.7588989473879337310791015625" lon="139.5391510985791683197021484375">
        <ele>42.200000762939453125</ele>
        <time>2026-08-10T09:37:10.000Z</time>
        <extensions>
          <ns3:TrackPointExtension>
            <ns3:hr>141</ns3:hr>
            <ns3:cad>80</ns3:cad>
          </ns3:TrackPointExtension>
        </extensions>
      </trkpt>
      <trkpt lat="35.75888092629611492156982421875" lon="139.539131820201873779296875">
        <ele>42.40000152587890625</ele>
        <time>2026-08-10T09:37:11.000Z</time>
        <extensions>
          <ns3:TrackPointExtension>
            <ns3:hr>141</ns3:hr>
            <ns3:cad>81</ns3:cad>
          </ns3:TrackPointExtension>
        </extensions>
      </trkpt>
      <trkpt lat="35.75887070037424564361572265625" lon="139.53911514021456241607666015625">
        <ele>42.40000152587890625</ele>
        <time>2026-08-10T09:37:12.000Z</time>
        <extensions>
          <ns3:TrackPointExtension>
            <ns3:hr>141</ns3:hr>
            <ns3:cad>82</ns3:cad>
          </ns3:TrackPointExtension>
        </extensions>
      </trkpt>
      <trkpt lat="35.7588605582714080810546875" lon="139.5390964485704898834228515625">
        <ele>42.59999847412109375</ele>
        <time>2026-08-10T09:37:13.000Z</time>
        <extensions>
          <ns3:TrackPointExtension>
            <ns3:hr>141</ns3:hr>
            <ns3:cad>82</ns3:cad>
          </ns3:TrackPointExtension>
        </extensions>
      </trkpt>
      <trkpt lat="35.75884756632149219512939453125" lon="139.53907825984060764312744140625">
        <ele>42.799999237060546875</ele>
        <time>2026-08-10T09:37:14.000Z</time>
        <extensions>
          <ns3:TrackPointExtension>
            <ns3:hr>141</ns3:hr>
            <ns3:cad>80</ns3:cad>
          </ns3:TrackPointExtension>
        </extensions>
      </trkpt>
      <trkpt lat="35.758832059800624847412109375" lon="139.53906149603426456451416015625">
        <ele>43</ele>
        <time>2026-08-10T09:37:15.000Z</time>
        <extensions>
          <ns3:TrackPointExtension>
            <ns3:hr>142</ns3:hr>
            <ns3:cad>79</ns3:cad>
          </ns3:TrackPointExtension>
        </extensions>
      </trkpt>
      <trkpt lat="35.7588144578039646148681640625" lon="139.5390401221811771392822265625">
        <ele>43</ele>
        <time>2026-08-10T09:37:16.000Z</time>
        <extensions>
          <ns3:TrackPointExtension>
            <ns3:hr>142</ns3:hr>
            <ns3:cad>79</ns3:cad>
          </ns3:TrackPointExtension>
        </extensions>
      </trkpt>
      <trkpt lat="35.75879995711147785186767578125" lon="139.539019502699375152587890625">
        <ele>43.200000762939453125</ele>
        <time>2026-08-10T09:37:17.000Z</time>
        <extensions>
          <ns3:TrackPointExtension>
            <ns3:hr>142</ns3:hr>
            <ns3:cad>79</ns3:cad>
          </ns3:TrackPointExtension>
        </extensions>
      </trkpt>
      <trkpt lat="35.758794844150543212890625" lon="139.539007432758808135986328125">
        <ele>43.200000762939453125</ele>
        <time>2026-08-10T09:37:18.000Z</time>
        <extensions>
          <ns3:TrackPointExtension>
            <ns3:hr>142</ns3:hr>
            <ns3:cad>79</ns3:cad>
          </ns3:TrackPointExtension>
        </extensions>
      </trkpt>
      <trkpt lat="35.75878478586673736572265625" lon="139.5389807783067226409912109375">
        <ele>43.200000762939453125</ele>
        <time>2026-08-10T09:37:19.000Z</time>
        <extensions>
          <ns3:TrackPointExtension>
            <ns3:hr>141</ns3:hr>
            <ns3:cad>79</ns3:cad>
          </ns3:TrackPointExtension>
        </extensions>
      </trkpt>
      <trkpt lat="35.75878285802900791168212890625" lon="139.53895504586398601531982421875">
        <ele>43.200000762939453125</ele>
        <time>2026-08-10T09:37:20.000Z</time>
        <extensions>
          <ns3:TrackPointExtension>
            <ns3:hr>141</ns3:hr>
            <ns3:cad>79</ns3:cad>
          </ns3:TrackPointExtension>
        </extensions>
      </trkpt>
      <trkpt lat="35.75878872536122798919677734375" lon="139.5389321632683277130126953125">
        <ele>43.40000152587890625</ele>
        <time>2026-08-10T09:37:21.000Z</time>
        <extensions>
          <ns3:TrackPointExtension>
            <ns3:hr>142</ns3:hr>
            <ns3:cad>79</ns3:cad>
          </ns3:TrackPointExtension>
        </extensions>
      </trkpt>
      <trkpt lat="35.75877950526773929595947265625" lon="139.53891917131841182708740234375">
        <ele>43.40000152587890625</ele>
        <time>2026-08-10T09:37:22.000Z</time>
        <extensions>
          <ns3:TrackPointExtension>
            <ns3:hr>142</ns3:hr>
            <ns3:cad>79</ns3:cad>
          </ns3:TrackPointExtension>
        </extensions>
      </trkpt>
      <trkpt lat="35.758761651813983917236328125" lon="139.5389113761484622955322265625">
        <ele>43.40000152587890625</ele>
        <time>2026-08-10T09:37:23.000Z</time>
        <extensions>
          <ns3:TrackPointExtension>
            <ns3:hr>142</ns3:hr>
            <ns3:cad>79</ns3:cad>
          </ns3:TrackPointExtension>
        </extensions>
      </trkpt>
      <trkpt lat="35.75874547474086284637451171875" lon="139.53890324570238590240478515625">
        <ele>43.40000152587890625</ele>
        <time>2026-08-10T09:37:24.000Z</time>
        <extensions>
          <ns3:TrackPointExtension>
            <ns3:hr>142</ns3:hr>
            <ns3:cad>78</ns3:cad>
          </ns3:TrackPointExtension>
        </extensions>
      </trkpt>
      <trkpt lat="35.758730135858058929443359375" lon="139.5388949476182460784912109375">
        <ele>43.40000152587890625</ele>
        <time>2026-08-10T09:37:25.000Z</time>
        <extensions>
          <ns3:TrackPointExtension>
            <ns3:hr>142</ns3:hr>
            <ns3:cad>78</ns3:cad>
          </ns3:TrackPointExtension>
        </extensions>
      </trkpt>
      <trkpt lat="35.7587108574807643890380859375" lon="139.53888514079153537750244140625">
        <ele>43.40000152587890625</ele>
        <time>2026-08-10T09:37:26.000Z</time>
        <extensions>
          <ns3:TrackPointExtension>
            <ns3:hr>142</ns3:hr>
            <ns3:cad>78</ns3:cad>
          </ns3:TrackPointExtension>
        </extensions>
      </trkpt>
      <trkpt lat="35.75869434513151645660400390625" lon="139.5388729870319366455078125">
        <ele>43.200000762939453125</ele>
        <time>2026-08-10T09:37:27.000Z</time>
        <extensions>
          <ns3:TrackPointExtension>
            <ns3:hr>142</ns3:hr>
            <ns3:cad>80</ns3:cad>
          </ns3:TrackPointExtension>
        </extensions>
      </trkpt>
      <trkpt lat="35.75868009589612483978271484375" lon="139.53886066563427448272705078125">
        <ele>43.200000762939453125</ele>
        <time>2026-08-10T09:37:28.000Z</time>
        <extensions>
          <ns3:TrackPointExtension>
            <ns3:hr>142</ns3:hr>
            <ns3:cad>80</ns3:cad>
          </ns3:TrackPointExtension>
        </extensions>
      </trkpt>
      <trkpt lat="35.75866752304136753082275390625" lon="139.53884691931307315826416015625">
        <ele>43</ele>
        <time>2026-08-10T09:37:29.000Z</time>
        <extensions>
          <ns3:TrackPointExtension>
            <ns3:hr>142</ns3:hr>
            <ns3:cad>79</ns3:cad>
          </ns3:TrackPointExtension>
        </extensions>
      </trkpt>
      <trkpt lat="35.75865495018661022186279296875" lon="139.53883283771574497222900390625">
        <ele>42.799999237060546875</ele>
        <time>2026-08-10T09:37:30.000Z</time>
        <extensions>
          <ns3:TrackPointExtension>
            <ns3:hr>142</ns3:hr>
            <ns3:cad>79</ns3:cad>
          </ns3:TrackPointExtension>
        </extensions>
      </trkpt>
      <trkpt lat="35.75864438898861408233642578125" lon="139.5388144813477993011474609375">
        <ele>42.799999237060546875</ele>
        <time>2026-08-10T09:37:31.000Z</time>
        <extensions>
          <ns3:TrackPointExtension>
            <ns3:hr>142</ns3:hr>
            <ns3:cad>79</ns3:cad>
          </ns3:TrackPointExtension>
        </extensions>
      </trkpt>
      <trkpt lat="35.75863164849579334259033203125" lon="139.53879863955080509185791015625">
        <ele>42.59999847412109375</ele>
        <time>2026-08-10T09:37:32.000Z</time>
        <extensions>
          <ns3:TrackPointExtension>
            <ns3:hr>142</ns3:hr>
            <ns3:cad>80</ns3:cad>
          </ns3:TrackPointExtension>
        </extensions>
      </trkpt>
      <trkpt lat="35.758617818355560302734375" lon="139.53878304921090602874755859375">
        <ele>42.59999847412109375</ele>
        <time>2026-08-10T09:37:33.000Z</time>
        <extensions>
          <ns3:TrackPointExtension>
            <ns3:hr>142</ns3:hr>
            <ns3:cad>80</ns3:cad>
          </ns3:TrackPointExtension>
        </extensions>
      </trkpt>
      <trkpt lat="35.75860750861465930938720703125" lon="139.5387665368616580963134765625">
        <ele>42.40000152587890625</ele>
        <time>2026-08-10T09:37:34.000Z</time>
        <extensions>
          <ns3:TrackPointExtension>
            <ns3:hr>141</ns3:hr>
            <ns3:cad>80</ns3:cad>
          </ns3:TrackPointExtension>
        </extensions>
      </trkpt>
      <trkpt lat="35.7585968635976314544677734375" lon="139.53875287435948848724365234375">
        <ele>42.40000152587890625</ele>
        <time>2026-08-10T09:37:35.000Z</time>
        <extensions>
          <ns3:TrackPointExtension>
            <ns3:hr>141</ns3:hr>
            <ns3:cad>80</ns3:cad>
          </ns3:TrackPointExtension>
        </extensions>
      </trkpt>
      <trkpt lat="35.75858554802834987640380859375" lon="139.538741223514080047607421875">
        <ele>42.40000152587890625</ele>
        <time>2026-08-10T09:37:36.000Z</time>
        <extensions>
          <ns3:TrackPointExtension>
            <ns3:hr>141</ns3:hr>
            <ns3:cad>80</ns3:cad>
          </ns3:TrackPointExtension>
        </extensions>
      </trkpt>
      <trkpt lat="35.75857616029679775238037109375" lon="139.538726806640625">
        <ele>42.200000762939453125</ele>
        <time>2026-08-10T09:37:37.000Z</time>
        <extensions>
          <ns3:TrackPointExtension>
            <ns3:hr>141</ns3:hr>
            <ns3:cad>81</ns3:cad>
          </ns3:TrackPointExtension>
        </extensions>
      </trkpt>
      <trkpt lat="35.75856694020330905914306640625" lon="139.5387081988155841827392578125">
        <ele>42.200000762939453125</ele>
        <time>2026-08-10T09:37:38.000Z</time>
        <extensions>
          <ns3:TrackPointExtension>
            <ns3:hr>141</ns3:hr>
            <ns3:cad>81</ns3:cad>
          </ns3:TrackPointExtension>
        </extensions>
      </trkpt>
      <trkpt lat="35.75855738483369350433349609375" lon="139.538690932095050811767578125">
        <ele>42.200000762939453125</ele>
        <time>2026-08-10T09:37:39.000Z</time>
        <extensions>
          <ns3:TrackPointExtension>
            <ns3:hr>141</ns3:hr>
            <ns3:cad>81</ns3:cad>
          </ns3:TrackPointExtension>
        </extensions>
      </trkpt>
      <trkpt lat="35.75854875147342681884765625" lon="139.53867710195481777191162109375">
        <ele>42.200000762939453125</ele>
        <time>2026-08-10T09:37:40.000Z</time>
        <extensions>
          <ns3:TrackPointExtension>
            <ns3:hr>141</ns3:hr>
            <ns3:cad>80</ns3:cad>
          </ns3:TrackPointExtension>
        </extensions>
      </trkpt>
      <trkpt lat="35.758538357913494110107421875" lon="139.53865748830139636993408203125">
        <ele>42.40000152587890625</ele>
        <time>2026-08-10T09:37:41.000Z</time>
        <extensions>
          <ns3:TrackPointExtension>
            <ns3:hr>141</ns3:hr>
            <ns3:cad>80</ns3:cad>
          </ns3:TrackPointExtension>
        </extensions>
      </trkpt>
      <trkpt lat="35.75852855108678340911865234375" lon="139.538638293743133544921875">
        <ele>42.40000152587890625</ele>
        <time>2026-08-10T09:37:42.000Z</time>
        <extensions>
          <ns3:TrackPointExtension>
            <ns3:hr>141</ns3:hr>
            <ns3:cad>80</ns3:cad>
          </ns3:TrackPointExtension>
        </extensions>
      </trkpt>
      <trkpt lat="35.75851698406040668487548828125" lon="139.5386220328509807586669921875">
        <ele>42.40000152587890625</ele>
        <time>2026-08-10T09:37:43.000Z</time>
        <extensions>
          <ns3:TrackPointExtension>
            <ns3:hr>141</ns3:hr>
            <ns3:cad>80</ns3:cad>
          </ns3:TrackPointExtension>
        </extensions>
      </trkpt>
      <trkpt lat="35.75850591994822025299072265625" lon="139.5386062748730182647705078125">
        <ele>42.40000152587890625</ele>
        <time>2026-08-10T09:37:44.000Z</time>
        <extensions>
          <ns3:TrackPointExtension>
            <ns3:hr>141</ns3:hr>
            <ns3:cad>80</ns3:cad>
          </ns3:TrackPointExtension>
        </extensions>
      </trkpt>
      <trkpt lat="35.75849468819797039031982421875" lon="139.5385918579995632171630859375">
        <ele>42.40000152587890625</ele>
        <time>2026-08-10T09:37:45.000Z</time>
        <extensions>
          <ns3:TrackPointExtension>
            <ns3:hr>141</ns3:hr>
            <ns3:cad>80</ns3:cad>
          </ns3:TrackPointExtension>
        </extensions>
      </trkpt>
      <trkpt lat="35.758483707904815673828125" lon="139.53857853077352046966552734375">
        <ele>42.40000152587890625</ele>
        <time>2026-08-10T09:37:46.000Z</time>
        <extensions>
          <ns3:TrackPointExtension>
            <ns3:hr>141</ns3:hr>
            <ns3:cad>79</ns3:cad>
          </ns3:TrackPointExtension>
        </extensions>
      </trkpt>
      <trkpt lat="35.758470632135868072509765625" lon="139.5385677181184291839599609375">
        <ele>42.40000152587890625</ele>
        <time>2026-08-10T09:37:47.000Z</time>
        <extensions>
          <ns3:TrackPointExtension>
            <ns3:hr>141</ns3:hr>
            <ns3:cad>79</ns3:cad>
          </ns3:TrackPointExtension>
        </extensions>
      </trkpt>
      <trkpt lat="35.75846216641366481781005859375" lon="139.5385519601404666900634765625">
        <ele>42.40000152587890625</ele>
        <time>2026-08-10T09:37:48.000Z</time>
        <extensions>
          <ns3:TrackPointExtension>
            <ns3:hr>141</ns3:hr>
            <ns3:cad>78</ns3:cad>
          </ns3:TrackPointExtension>
        </extensions>
      </trkpt>
      <trkpt lat="35.758453868329524993896484375" lon="139.538536369800567626953125">
        <ele>42.40000152587890625</ele>
        <time>2026-08-10T09:37:49.000Z</time>
        <extensions>
          <ns3:TrackPointExtension>
            <ns3:hr>141</ns3:hr>
            <ns3:cad>78</ns3:cad>
          </ns3:TrackPointExtension>
        </extensions>
      </trkpt>
      <trkpt lat="35.758441798388957977294921875" lon="139.53851960599422454833984375">
        <ele>42.40000152587890625</ele>
        <time>2026-08-10T09:37:50.000Z</time>
        <extensions>
          <ns3:TrackPointExtension>
            <ns3:hr>140</ns3:hr>
            <ns3:cad>78</ns3:cad>
          </ns3:TrackPointExtension>
        </extensions>
      </trkpt>
      <trkpt lat="35.75843073427677154541015625" lon="139.53850728459656238555908203125">
        <ele>42.40000152587890625</ele>
        <time>2026-08-10T09:37:51.000Z</time>
        <extensions>
          <ns3:TrackPointExtension>
            <ns3:hr>140</ns3:hr>
            <ns3:cad>78</ns3:cad>
          </ns3:TrackPointExtension>
        </extensions>
      </trkpt>
      <trkpt lat="35.75841858051717281341552734375" lon="139.53849370591342449188232421875">
        <ele>42.40000152587890625</ele>
        <time>2026-08-10T09:37:52.000Z</time>
        <extensions>
          <ns3:TrackPointExtension>
            <ns3:hr>140</ns3:hr>
            <ns3:cad>78</ns3:cad>
          </ns3:TrackPointExtension>
        </extensions>
      </trkpt>
      <trkpt lat="35.758407600224018096923828125" lon="139.538477696478366851806640625">
        <ele>42.40000152587890625</ele>
        <time>2026-08-10T09:37:53.000Z</time>
        <extensions>
          <ns3:TrackPointExtension>
            <ns3:hr>139</ns3:hr>
            <ns3:cad>78</ns3:cad>
          </ns3:TrackPointExtension>
        </extensions>
      </trkpt>
      <trkpt lat="35.75839544646441936492919921875" lon="139.53846554271876811981201171875">
        <ele>42.40000152587890625</ele>
        <time>2026-08-10T09:37:54.000Z</time>
        <extensions>
          <ns3:TrackPointExtension>
            <ns3:hr>139</ns3:hr>
            <ns3:cad>78</ns3:cad>
          </ns3:TrackPointExtension>
        </extensions>
      </trkpt>
      <trkpt lat="35.75838287360966205596923828125" lon="139.538450539112091064453125">
        <ele>42.40000152587890625</ele>
        <time>2026-08-10T09:37:55.000Z</time>
        <extensions>
          <ns3:TrackPointExtension>
            <ns3:hr>139</ns3:hr>
            <ns3:cad>78</ns3:cad>
          </ns3:TrackPointExtension>
        </extensions>
      </trkpt>
      <trkpt lat="35.75836912728846073150634765625" lon="139.53843377530574798583984375">
        <ele>42.40000152587890625</ele>
        <time>2026-08-10T09:37:56.000Z</time>
        <extensions>
          <ns3:TrackPointExtension>
            <ns3:hr>139</ns3:hr>
            <ns3:cad>78</ns3:cad>
          </ns3:TrackPointExtension>
        </extensions>
      </trkpt>
      <trkpt lat="35.75835697352886199951171875" lon="139.53841927461326122283935546875">
        <ele>42.40000152587890625</ele>
        <time>2026-08-10T09:37:57.000Z</time>
        <extensions>
          <ns3:TrackPointExtension>
            <ns3:hr>140</ns3:hr>
            <ns3:cad>80</ns3:cad>
          </ns3:TrackPointExtension>
        </extensions>
      </trkpt>
      <trkpt lat="35.75834699906408786773681640625" lon="139.53840452246367931365966796875">
        <ele>42.59999847412109375</ele>
        <time>2026-08-10T09:37:58.000Z</time>
        <extensions>
          <ns3:TrackPointExtension>
            <ns3:hr>140</ns3:hr>
            <ns3:cad>80</ns3:cad>
          </ns3:TrackPointExtension>
        </extensions>
      </trkpt>
      <trkpt lat="35.75833861716091632843017578125" lon="139.53838239423930644989013671875">
        <ele>42.59999847412109375</ele>
        <time>2026-08-10T09:37:59.000Z</time>
        <extensions>
          <ns3:TrackPointExtension>
            <ns3:hr>140</ns3:hr>
            <ns3:cad>79</ns3:cad>
          </ns3:TrackPointExtension>
        </extensions>
      </trkpt>
      <trkpt lat="35.7583321630954742431640625" lon="139.53836881555616855621337890625">
        <ele>42.59999847412109375</ele>
        <time>2026-08-10T09:38:00.000Z</time>
        <extensions>
          <ns3:TrackPointExtension>
            <ns3:hr>139</ns3:hr>
            <ns3:cad>79</ns3:cad>
          </ns3:TrackPointExtension>
        </extensions>
      </trkpt>
      <trkpt lat="35.75832285918295383453369140625" lon="139.538351632654666900634765625">
        <ele>42.59999847412109375</ele>
        <time>2026-08-10T09:38:01.000Z</time>
        <extensions>
          <ns3:TrackPointExtension>
            <ns3:hr>139</ns3:hr>
            <ns3:cad>79</ns3:cad>
          </ns3:TrackPointExtension>
        </extensions>
      </trkpt>
      <trkpt lat="35.758315734565258026123046875" lon="139.5383286662399768829345703125">
        <ele>42.59999847412109375</ele>
        <time>2026-08-10T09:38:02.000Z</time>
        <extensions>
          <ns3:TrackPointExtension>
            <ns3:hr>139</ns3:hr>
            <ns3:cad>80</ns3:cad>
          </ns3:TrackPointExtension>
        </extensions>
      </trkpt>
      <trkpt lat="35.75830995105206966400146484375" lon="139.5383031852543354034423828125">
        <ele>42.59999847412109375</ele>
        <time>2026-08-10T09:38:03.000Z</time>
        <extensions>
          <ns3:TrackPointExtension>
            <ns3:hr>139</ns3:hr>
            <ns3:cad>80</ns3:cad>
          </ns3:TrackPointExtension>
        </extensions>
      </trkpt>
      <trkpt lat="35.75830341316759586334228515625" lon="139.53828248195350170135498046875">
        <ele>42.59999847412109375</ele>
        <time>2026-08-10T09:38:04.000Z</time>
        <extensions>
          <ns3:TrackPointExtension>
            <ns3:hr>139</ns3:hr>
            <ns3:cad>80</ns3:cad>
          </ns3:TrackPointExtension>
        </extensions>
      </trkpt>
      <trkpt lat="35.75829285196959972381591796875" lon="139.53826085664331912994384765625">
        <ele>42.59999847412109375</ele>
        <time>2026-08-10T09:38:05.000Z</time>
        <extensions>
          <ns3:TrackPointExtension>
            <ns3:hr>139</ns3:hr>
            <ns3:cad>80</ns3:cad>
          </ns3:TrackPointExtension>
        </extensions>
      </trkpt>
      <trkpt lat="35.75828178785741329193115234375" lon="139.5382404886186122894287109375">
        <ele>42.59999847412109375</ele>
        <time>2026-08-10T09:38:06.000Z</time>
        <extensions>
          <ns3:TrackPointExtension>
            <ns3:hr>139</ns3:hr>
            <ns3:cad>80</ns3:cad>
          </ns3:TrackPointExtension>
        </extensions>
      </trkpt>
      <trkpt lat="35.75827608816325664520263671875" lon="139.5382227189838886260986328125">
        <ele>42.59999847412109375</ele>
        <time>2026-08-10T09:38:07.000Z</time>
        <extensions>
          <ns3:TrackPointExtension>
            <ns3:hr>139</ns3:hr>
            <ns3:cad>81</ns3:cad>
          </ns3:TrackPointExtension>
        </extensions>
      </trkpt>
      <trkpt lat="35.75827005319297313690185546875" lon="139.53820712864398956298828125">
        <ele>42.59999847412109375</ele>
        <time>2026-08-10T09:38:08.000Z</time>
        <extensions>
          <ns3:TrackPointExtension>
            <ns3:hr>139</ns3:hr>
            <ns3:cad>81</ns3:cad>
          </ns3:TrackPointExtension>
        </extensions>
      </trkpt>
      <trkpt lat="35.75826519168913364410400390625" lon="139.538192041218280792236328125">
        <ele>42.59999847412109375</ele>
        <time>2026-08-10T09:38:09.000Z</time>
        <extensions>
          <ns3:TrackPointExtension>
            <ns3:hr>139</ns3:hr>
            <ns3:cad>80</ns3:cad>
          </ns3:TrackPointExtension>
        </extensions>
      </trkpt>
      <trkpt lat="35.758260749280452728271484375" lon="139.53817494213581085205078125">
        <ele>42.59999847412109375</ele>
        <time>2026-08-10T09:38:10.000Z</time>
        <extensions>
          <ns3:TrackPointExtension>
            <ns3:hr>139</ns3:hr>
            <ns3:cad>79</ns3:cad>
          </ns3:TrackPointExtension>
        </extensions>
      </trkpt>
      <trkpt lat="35.75825111009180545806884765625" lon="139.538155831396579742431640625">
        <ele>42.59999847412109375</ele>
        <time>2026-08-10T09:38:11.000Z</time>
        <extensions>
          <ns3:TrackPointExtension>
            <ns3:hr>139</ns3:hr>
            <ns3:cad>79</ns3:cad>
          </ns3:TrackPointExtension>
        </extensions>
      </trkpt>
      <trkpt lat="35.75824457220733165740966796875" lon="139.53813781030476093292236328125">
        <ele>42.59999847412109375</ele>
        <time>2026-08-10T09:38:12.000Z</time>
        <extensions>
          <ns3:TrackPointExtension>
            <ns3:hr>138</ns3:hr>
            <ns3:cad>80</ns3:cad>
          </ns3:TrackPointExtension>
        </extensions>
      </trkpt>
      <trkpt lat="35.75823702849447727203369140625" lon="139.53811786137521266937255859375">
        <ele>42.59999847412109375</ele>
        <time>2026-08-10T09:38:13.000Z</time>
        <extensions>
          <ns3:TrackPointExtension>
            <ns3:hr>138</ns3:hr>
            <ns3:cad>80</ns3:cad>
          </ns3:TrackPointExtension>
        </extensions>
      </trkpt>
      <trkpt lat="35.75822479091584682464599609375" lon="139.538105539977550506591796875">
        <ele>42.59999847412109375</ele>
        <time>2026-08-10T09:38:14.000Z</time>
        <extensions>
          <ns3:TrackPointExtension>
            <ns3:hr>139</ns3:hr>
            <ns3:cad>80</ns3:cad>
          </ns3:TrackPointExtension>
        </extensions>
      </trkpt>
      <trkpt lat="35.7582168281078338623046875" lon="139.5380876027047634124755859375">
        <ele>42.59999847412109375</ele>
        <time>2026-08-10T09:38:15.000Z</time>
        <extensions>
          <ns3:TrackPointExtension>
            <ns3:hr>139</ns3:hr>
            <ns3:cad>80</ns3:cad>
          </ns3:TrackPointExtension>
        </extensions>
      </trkpt>
      <trkpt lat="35.75819863937795162200927734375" lon="139.53807947225868701934814453125">
        <ele>42.59999847412109375</ele>
        <time>2026-08-10T09:38:16.000Z</time>
        <extensions>
          <ns3:TrackPointExtension>
            <ns3:hr>139</ns3:hr>
            <ns3:cad>79</ns3:cad>
          </ns3:TrackPointExtension>
        </extensions>
      </trkpt>
      <trkpt lat="35.758183635771274566650390625" lon="139.53806522302329540252685546875">
        <ele>42.59999847412109375</ele>
        <time>2026-08-10T09:38:17.000Z</time>
        <extensions>
          <ns3:TrackPointExtension>
            <ns3:hr>139</ns3:hr>
            <ns3:cad>79</ns3:cad>
          </ns3:TrackPointExtension>
        </extensions>
      </trkpt>
      <trkpt lat="35.758171565830707550048828125" lon="139.53804862685501575469970703125">
        <ele>42.59999847412109375</ele>
        <time>2026-08-10T09:38:18.000Z</time>
        <extensions>
          <ns3:TrackPointExtension>
            <ns3:hr>139</ns3:hr>
            <ns3:cad>79</ns3:cad>
          </ns3:TrackPointExtension>
        </extensions>
      </trkpt>
      <trkpt lat="35.75816192664206027984619140625" lon="139.5380275882780551910400390625">
        <ele>42.59999847412109375</ele>
        <time>2026-08-10T09:38:19.000Z</time>
        <extensions>
          <ns3:TrackPointExtension>
            <ns3:hr>139</ns3:hr>
            <ns3:cad>79</ns3:cad>
          </ns3:TrackPointExtension>
        </extensions>
      </trkpt>
      <trkpt lat="35.75815220363438129425048828125" lon="139.5380037836730480194091796875">
        <ele>42.59999847412109375</ele>
        <time>2026-08-10T09:38:20.000Z</time>
        <extensions>
          <ns3:TrackPointExtension>
            <ns3:hr>139</ns3:hr>
            <ns3:cad>79</ns3:cad>
          </ns3:TrackPointExtension>
        </extensions>
      </trkpt>
      <trkpt lat="35.7581390440464019775390625" lon="139.53798375092446804046630859375">
        <ele>42.59999847412109375</ele>
        <time>2026-08-10T09:38:21.000Z</time>
        <extensions>
          <ns3:TrackPointExtension>
            <ns3:hr>139</ns3:hr>
            <ns3:cad>80</ns3:cad>
          </ns3:TrackPointExtension>
        </extensions>
      </trkpt>
      <trkpt lat="35.7581268064677715301513671875" lon="139.5379605330526828765869140625">
        <ele>42.59999847412109375</ele>
        <time>2026-08-10T09:38:22.000Z</time>
        <extensions>
          <ns3:TrackPointExtension>
            <ns3:hr>139</ns3:hr>
            <ns3:cad>81</ns3:cad>
          </ns3:TrackPointExtension>
        </extensions>
      </trkpt>
      <trkpt lat="35.75811565853655338287353515625" lon="139.53794561326503753662109375">
        <ele>42.799999237060546875</ele>
        <time>2026-08-10T09:38:23.000Z</time>
        <extensions>
          <ns3:TrackPointExtension>
            <ns3:hr>140</ns3:hr>
            <ns3:cad>81</ns3:cad>
          </ns3:TrackPointExtension>
        </extensions>
      </trkpt>
      <trkpt lat="35.75810627080500125885009765625" lon="139.53792843036353588104248046875">
        <ele>42.799999237060546875</ele>
        <time>2026-08-10T09:38:24.000Z</time>
        <extensions>
          <ns3:TrackPointExtension>
            <ns3:hr>140</ns3:hr>
            <ns3:cad>82</ns3:cad>
          </ns3:TrackPointExtension>
        </extensions>
      </trkpt>
      <trkpt lat="35.75809721834957599639892578125" lon="139.537905044853687286376953125">
        <ele>42.799999237060546875</ele>
        <time>2026-08-10T09:38:25.000Z</time>
        <extensions>
          <ns3:TrackPointExtension>
            <ns3:hr>140</ns3:hr>
            <ns3:cad>82</ns3:cad>
          </ns3:TrackPointExtension>
        </extensions>
      </trkpt>
      <trkpt lat="35.7580922730267047882080078125" lon="139.53788383863866329193115234375">
        <ele>42.799999237060546875</ele>
        <time>2026-08-10T09:38:26.000Z</time>
        <extensions>
          <ns3:TrackPointExtension>
            <ns3:hr>140</ns3:hr>
            <ns3:cad>82</ns3:cad>
          </ns3:TrackPointExtension>
        </extensions>
      </trkpt>
      <trkpt lat="35.758086740970611572265625" lon="139.53786489553749561309814453125">
        <ele>42.799999237060546875</ele>
        <time>2026-08-10T09:38:27.000Z</time>
        <extensions>
          <ns3:TrackPointExtension>
            <ns3:hr>140</ns3:hr>
            <ns3:cad>82</ns3:cad>
          </ns3:TrackPointExtension>
        </extensions>
      </trkpt>
      <trkpt lat="35.75808112509548664093017578125" lon="139.53784679062664508819580078125">
        <ele>42.799999237060546875</ele>
        <time>2026-08-10T09:38:28.000Z</time>
        <extensions>
          <ns3:TrackPointExtension>
            <ns3:hr>140</ns3:hr>
            <ns3:cad>81</ns3:cad>
          </ns3:TrackPointExtension>
        </extensions>
      </trkpt>
      <trkpt lat="35.75806704349815845489501953125" lon="139.53782751224935054779052734375">
        <ele>42.799999237060546875</ele>
        <time>2026-08-10T09:38:29.000Z</time>
        <extensions>
          <ns3:TrackPointExtension>
            <ns3:hr>140</ns3:hr>
            <ns3:cad>81</ns3:cad>
          </ns3:TrackPointExtension>
        </extensions>
      </trkpt>
      <trkpt lat="35.758053548634052276611328125" lon="139.5378079824149608612060546875">
        <ele>42.799999237060546875</ele>
        <time>2026-08-10T09:38:30.000Z</time>
        <extensions>
          <ns3:TrackPointExtension>
            <ns3:hr>140</ns3:hr>
            <ns3:cad>81</ns3:cad>
          </ns3:TrackPointExtension>
        </extensions>
      </trkpt>
      <trkpt lat="35.75804843567311763763427734375" lon="139.53777990303933620452880859375">
        <ele>42.799999237060546875</ele>
        <time>2026-08-10T09:38:31.000Z</time>
        <extensions>
          <ns3:TrackPointExtension>
            <ns3:hr>140</ns3:hr>
            <ns3:cad>81</ns3:cad>
          </ns3:TrackPointExtension>
        </extensions>
      </trkpt>
      <trkpt lat="35.75803804211318492889404296875" lon="139.5377600379288196563720703125">
        <ele>43</ele>
        <time>2026-08-10T09:38:32.000Z</time>
        <extensions>
          <ns3:TrackPointExtension>
            <ns3:hr>140</ns3:hr>
            <ns3:cad>81</ns3:cad>
          </ns3:TrackPointExtension>
        </extensions>
      </trkpt>
      <trkpt lat="35.75802303850650787353515625" lon="139.5377483032643795013427734375">
        <ele>43.40000152587890625</ele>
        <time>2026-08-10T09:38:33.000Z</time>
        <extensions>
          <ns3:TrackPointExtension>
            <ns3:hr>140</ns3:hr>
            <ns3:cad>81</ns3:cad>
          </ns3:TrackPointExtension>
        </extensions>
      </trkpt>
      <trkpt lat="35.75801088474690914154052734375" lon="139.5377342216670513153076171875">
        <ele>43.59999847412109375</ele>
        <time>2026-08-10T09:38:34.000Z</time>
        <extensions>
          <ns3:TrackPointExtension>
            <ns3:hr>140</ns3:hr>
            <ns3:cad>81</ns3:cad>
          </ns3:TrackPointExtension>
        </extensions>
      </trkpt>
      <trkpt lat="35.7580010779201984405517578125" lon="139.53770832158625125885009765625">
        <ele>43.59999847412109375</ele>
        <time>2026-08-10T09:38:35.000Z</time>
        <extensions>
          <ns3:TrackPointExtension>
            <ns3:hr>140</ns3:hr>
            <ns3:cad>81</ns3:cad>
          </ns3:TrackPointExtension>
        </extensions>
      </trkpt>
      <trkpt lat="35.75799286365509033203125" lon="139.53766825608909130096435546875">
        <ele>43.799999237060546875</ele>
        <time>2026-08-10T09:38:36.000Z</time>
        <extensions>
          <ns3:TrackPointExtension>
            <ns3:hr>140</ns3:hr>
            <ns3:cad>80</ns3:cad>
          </ns3:TrackPointExtension>
        </extensions>
      </trkpt>
      <trkpt lat="35.7579886727035045623779296875" lon="139.53764612786471843719482421875">
        <ele>43.799999237060546875</ele>
        <time>2026-08-10T09:38:37.000Z</time>
        <extensions>
          <ns3:TrackPointExtension>
            <ns3:hr>140</ns3:hr>
            <ns3:cad>80</ns3:cad>
          </ns3:TrackPointExtension>
        </extensions>
      </trkpt>
      <trkpt lat="35.75798339210450649261474609375" lon="139.5376235805451869964599609375">
        <ele>44</ele>
        <time>2026-08-10T09:38:38.000Z</time>
        <extensions>
          <ns3:TrackPointExtension>
            <ns3:hr>140</ns3:hr>
            <ns3:cad>80</ns3:cad>
          </ns3:TrackPointExtension>
        </extensions>
      </trkpt>
      <trkpt lat="35.75799127109348773956298828125" lon="139.53758577816188335418701171875">
        <ele>44</ele>
        <time>2026-08-10T09:38:39.000Z</time>
        <extensions>
          <ns3:TrackPointExtension>
            <ns3:hr>140</ns3:hr>
            <ns3:cad>80</ns3:cad>
          </ns3:TrackPointExtension>
        </extensions>
      </trkpt>
      <trkpt lat="35.757985822856426239013671875" lon="139.53755610622465610504150390625">
        <ele>44</ele>
        <time>2026-08-10T09:38:40.000Z</time>
        <extensions>
          <ns3:TrackPointExtension>
            <ns3:hr>140</ns3:hr>
            <ns3:cad>80</ns3:cad>
          </ns3:TrackPointExtension>
        </extensions>
      </trkpt>
      <trkpt lat="35.75797266326844692230224609375" lon="139.537536911666393280029296875">
        <ele>44</ele>
        <time>2026-08-10T09:38:41.000Z</time>
        <extensions>
          <ns3:TrackPointExtension>
            <ns3:hr>140</ns3:hr>
            <ns3:cad>80</ns3:cad>
          </ns3:TrackPointExtension>
        </extensions>
      </trkpt>
      <trkpt lat="35.7579658739268779754638671875" lon="139.53752316534519195556640625">
        <ele>44.200000762939453125</ele>
        <time>2026-08-10T09:38:42.000Z</time>
        <extensions>
          <ns3:TrackPointExtension>
            <ns3:hr>140</ns3:hr>
            <ns3:cad>80</ns3:cad>
          </ns3:TrackPointExtension>
        </extensions>
      </trkpt>
      <trkpt lat="35.75796076096594333648681640625" lon="139.537515453994274139404296875">
        <ele>44.200000762939453125</ele>
        <time>2026-08-10T09:38:43.000Z</time>
        <extensions>
          <ns3:TrackPointExtension>
            <ns3:hr>140</ns3:hr>
            <ns3:cad>80</ns3:cad>
          </ns3:TrackPointExtension>
        </extensions>
      </trkpt>
      <trkpt lat="35.75796830467879772186279296875" lon="139.5374901406466960906982421875">
        <ele>44.200000762939453125</ele>
        <time>2026-08-10T09:38:44.000Z</time>
        <extensions>
          <ns3:TrackPointExtension>
            <ns3:hr>140</ns3:hr>
            <ns3:cad>80</ns3:cad>
          </ns3:TrackPointExtension>
        </extensions>
      </trkpt>
      <trkpt lat="35.75796327553689479827880859375" lon="139.53747815452516078948974609375">
        <ele>44</ele>
        <time>2026-08-10T09:38:45.000Z</time>
        <extensions>
          <ns3:TrackPointExtension>
            <ns3:hr>140</ns3:hr>
            <ns3:cad>80</ns3:cad>
          </ns3:TrackPointExtension>
        </extensions>
      </trkpt>
      <trkpt lat="35.7579481042921543121337890625" lon="139.537476561963558197021484375">
        <ele>44</ele>
        <time>2026-08-10T09:38:46.000Z</time>
        <extensions>
          <ns3:TrackPointExtension>
            <ns3:hr>140</ns3:hr>
            <ns3:cad>80</ns3:cad>
          </ns3:TrackPointExtension>
        </extensions>
      </trkpt>
      <trkpt lat="35.75794257223606109619140625" lon="139.53746675513684749603271484375">
        <ele>43.799999237060546875</ele>
        <time>2026-08-10T09:38:47.000Z</time>
        <extensions>
          <ns3:TrackPointExtension>
            <ns3:hr>140</ns3:hr>
            <ns3:cad>79</ns3:cad>
          </ns3:TrackPointExtension>
        </extensions>
      </trkpt>
      <trkpt lat="35.75793427415192127227783203125" lon="139.53744596801698207855224609375">
        <ele>43.59999847412109375</ele>
        <time>2026-08-10T09:38:48.000Z</time>
        <extensions>
          <ns3:TrackPointExtension>
            <ns3:hr>140</ns3:hr>
            <ns3:cad>78</ns3:cad>
          </ns3:TrackPointExtension>
        </extensions>
      </trkpt>
      <trkpt lat="35.75792589224874973297119140625" lon="139.53742660582065582275390625">
        <ele>43.40000152587890625</ele>
        <time>2026-08-10T09:38:49.000Z</time>
        <extensions>
          <ns3:TrackPointExtension>
            <ns3:hr>140</ns3:hr>
            <ns3:cad>78</ns3:cad>
          </ns3:TrackPointExtension>
        </extensions>
      </trkpt>
      <trkpt lat="35.75791868381202220916748046875" lon="139.5374053157866001129150390625">
        <ele>43.200000762939453125</ele>
        <time>2026-08-10T09:38:50.000Z</time>
        <extensions>
          <ns3:TrackPointExtension>
            <ns3:hr>141</ns3:hr>
            <ns3:cad>79</ns3:cad>
          </ns3:TrackPointExtension>
        </extensions>
      </trkpt>
      <trkpt lat="35.75791097246110439300537109375" lon="139.5373855344951152801513671875">
        <ele>43.200000762939453125</ele>
        <time>2026-08-10T09:38:51.000Z</time>
        <extensions>
          <ns3:TrackPointExtension>
            <ns3:hr>142</ns3:hr>
            <ns3:cad>79</ns3:cad>
          </ns3:TrackPointExtension>
        </extensions>
      </trkpt>
      <trkpt lat="35.757904350757598876953125" lon="139.53736566938459873199462890625">
        <ele>43</ele>
        <time>2026-08-10T09:38:52.000Z</time>
        <extensions>
          <ns3:TrackPointExtension>
            <ns3:hr>143</ns3:hr>
            <ns3:cad>80</ns3:cad>
          </ns3:TrackPointExtension>
        </extensions>
      </trkpt>
      <trkpt lat="35.7578944601118564605712890625" lon="139.53734706155955791473388671875">
        <ele>43</ele>
        <time>2026-08-10T09:38:53.000Z</time>
        <extensions>
          <ns3:TrackPointExtension>
            <ns3:hr>143</ns3:hr>
            <ns3:cad>80</ns3:cad>
          </ns3:TrackPointExtension>
        </extensions>
      </trkpt>
      <trkpt lat="35.75788230635225772857666015625" lon="139.53732778318226337432861328125">
        <ele>42.799999237060546875</ele>
        <time>2026-08-10T09:38:54.000Z</time>
        <extensions>
          <ns3:TrackPointExtension>
            <ns3:hr>143</ns3:hr>
            <ns3:cad>80</ns3:cad>
          </ns3:TrackPointExtension>
        </extensions>
      </trkpt>
      <trkpt lat="35.75787275098264217376708984375" lon="139.537311606109142303466796875">
        <ele>42.59999847412109375</ele>
        <time>2026-08-10T09:38:55.000Z</time>
        <extensions>
          <ns3:TrackPointExtension>
            <ns3:hr>144</ns3:hr>
            <ns3:cad>80</ns3:cad>
          </ns3:TrackPointExtension>
        </extensions>
      </trkpt>
      <trkpt lat="35.7578569091856479644775390625" lon="139.53730280511081218719482421875">
        <ele>42.59999847412109375</ele>
        <time>2026-08-10T09:38:56.000Z</time>
        <extensions>
          <ns3:TrackPointExtension>
            <ns3:hr>144</ns3:hr>
            <ns3:cad>81</ns3:cad>
          </ns3:TrackPointExtension>
        </extensions>
      </trkpt>
      <trkpt lat="35.75785263441503047943115234375" lon="139.5372799225151538848876953125">
        <ele>42.59999847412109375</ele>
        <time>2026-08-10T09:38:57.000Z</time>
        <extensions>
          <ns3:TrackPointExtension>
            <ns3:hr>145</ns3:hr>
            <ns3:cad>81</ns3:cad>
          </ns3:TrackPointExtension>
        </extensions>
      </trkpt>
      <trkpt lat="35.75784509070217609405517578125" lon="139.53725972212851047515869140625">
        <ele>42.59999847412109375</ele>
        <time>2026-08-10T09:38:58.000Z</time>
        <extensions>
          <ns3:TrackPointExtension>
            <ns3:hr>145</ns3:hr>
            <ns3:cad>81</ns3:cad>
          </ns3:TrackPointExtension>
        </extensions>
      </trkpt>
      <trkpt lat="35.7578391395509243011474609375" lon="139.537242539227008819580078125">
        <ele>42.59999847412109375</ele>
        <time>2026-08-10T09:38:59.000Z</time>
        <extensions>
          <ns3:TrackPointExtension>
            <ns3:hr>145</ns3:hr>
            <ns3:cad>81</ns3:cad>
          </ns3:TrackPointExtension>
        </extensions>
      </trkpt>
      <trkpt lat="35.7578332722187042236328125" lon="139.53722083009779453277587890625">
        <ele>42.59999847412109375</ele>
        <time>2026-08-10T09:39:00.000Z</time>
        <extensions>
          <ns3:TrackPointExtension>
            <ns3:hr>145</ns3:hr>
            <ns3:cad>81</ns3:cad>
          </ns3:TrackPointExtension>
        </extensions>
      </trkpt>
      <trkpt lat="35.75782681815326213836669921875" lon="139.53720037825405597686767578125">
        <ele>42.799999237060546875</ele>
        <time>2026-08-10T09:39:01.000Z</time>
        <extensions>
          <ns3:TrackPointExtension>
            <ns3:hr>145</ns3:hr>
            <ns3:cad>80</ns3:cad>
          </ns3:TrackPointExtension>
        </extensions>
      </trkpt>
      <trkpt lat="35.75782145373523235321044921875" lon="139.53718109987676143646240234375">
        <ele>42.799999237060546875</ele>
        <time>2026-08-10T09:39:02.000Z</time>
        <extensions>
          <ns3:TrackPointExtension>
            <ns3:hr>144</ns3:hr>
            <ns3:cad>78</ns3:cad>
          </ns3:TrackPointExtension>
        </extensions>
      </trkpt>
      <trkpt lat="35.75781474821269512176513671875" lon="139.53716131858527660369873046875">
        <ele>42.799999237060546875</ele>
        <time>2026-08-10T09:39:03.000Z</time>
        <extensions>
          <ns3:TrackPointExtension>
            <ns3:hr>144</ns3:hr>
            <ns3:cad>78</ns3:cad>
          </ns3:TrackPointExtension>
        </extensions>
      </trkpt>
      <trkpt lat="35.757807791233062744140625" lon="139.5371444709599018096923828125">
        <ele>43</ele>
        <time>2026-08-10T09:39:04.000Z</time>
        <extensions>
          <ns3:TrackPointExtension>
            <ns3:hr>144</ns3:hr>
            <ns3:cad>78</ns3:cad>
          </ns3:TrackPointExtension>
        </extensions>
      </trkpt>
      <trkpt lat="35.75779848732054233551025390625" lon="139.53713449649512767791748046875">
        <ele>43</ele>
        <time>2026-08-10T09:39:05.000Z</time>
        <extensions>
          <ns3:TrackPointExtension>
            <ns3:hr>144</ns3:hr>
            <ns3:cad>78</ns3:cad>
          </ns3:TrackPointExtension>
        </extensions>
      </trkpt>
      <trkpt lat="35.75778876431286334991455078125" lon="139.5371196605265140533447265625">
        <ele>43</ele>
        <time>2026-08-10T09:39:06.000Z</time>
        <extensions>
          <ns3:TrackPointExtension>
            <ns3:hr>144</ns3:hr>
            <ns3:cad>80</ns3:cad>
          </ns3:TrackPointExtension>
        </extensions>
      </trkpt>
      <trkpt lat="35.75778172351419925689697265625" lon="139.537097699940204620361328125">
        <ele>43</ele>
        <time>2026-08-10T09:39:07.000Z</time>
        <extensions>
          <ns3:TrackPointExtension>
            <ns3:hr>144</ns3:hr>
            <ns3:cad>80</ns3:cad>
          </ns3:TrackPointExtension>
        </extensions>
      </trkpt>
      <trkpt lat="35.75777635909616947174072265625" lon="139.5370794273912906646728515625">
        <ele>43</ele>
        <time>2026-08-10T09:39:08.000Z</time>
        <extensions>
          <ns3:TrackPointExtension>
            <ns3:hr>144</ns3:hr>
            <ns3:cad>80</ns3:cad>
          </ns3:TrackPointExtension>
        </extensions>
      </trkpt>
      <trkpt lat="35.75777091085910797119140625" lon="139.53706157393753528594970703125">
        <ele>43</ele>
        <time>2026-08-10T09:39:09.000Z</time>
        <extensions>
          <ns3:TrackPointExtension>
            <ns3:hr>143</ns3:hr>
            <ns3:cad>80</ns3:cad>
          </ns3:TrackPointExtension>
        </extensions>
      </trkpt>
      <trkpt lat="35.75776428915560245513916015625" lon="139.53704732470214366912841796875">
        <ele>43</ele>
        <time>2026-08-10T09:39:10.000Z</time>
        <extensions>
          <ns3:TrackPointExtension>
            <ns3:hr>143</ns3:hr>
            <ns3:cad>79</ns3:cad>
          </ns3:TrackPointExtension>
        </extensions>
      </trkpt>
      <trkpt lat="35.7577603496611118316650390625" lon="139.53703097999095916748046875">
        <ele>43</ele>
        <time>2026-08-10T09:39:11.000Z</time>
        <extensions>
          <ns3:TrackPointExtension>
            <ns3:hr>142</ns3:hr>
            <ns3:cad>79</ns3:cad>
          </ns3:TrackPointExtension>
        </extensions>
      </trkpt>
      <trkpt lat="35.75775347650051116943359375" lon="139.53701446764171123504638671875">
        <ele>43</ele>
        <time>2026-08-10T09:39:12.000Z</time>
        <extensions>
          <ns3:TrackPointExtension>
            <ns3:hr>142</ns3:hr>
            <ns3:cad>79</ns3:cad>
          </ns3:TrackPointExtension>
        </extensions>
      </trkpt>
      <trkpt lat="35.75774668715894222259521484375" lon="139.53699619509279727935791015625">
        <ele>43</ele>
        <time>2026-08-10T09:39:13.000Z</time>
        <extensions>
          <ns3:TrackPointExtension>
            <ns3:hr>141</ns3:hr>
            <ns3:cad>80</ns3:cad>
          </ns3:TrackPointExtension>
        </extensions>
      </trkpt>
      <trkpt lat="35.757740400731563568115234375" lon="139.5369801856577396392822265625">
        <ele>43</ele>
        <time>2026-08-10T09:39:14.000Z</time>
        <extensions>
          <ns3:TrackPointExtension>
            <ns3:hr>141</ns3:hr>
            <ns3:cad>81</ns3:cad>
          </ns3:TrackPointExtension>
        </extensions>
      </trkpt>
      <trkpt lat="35.75772799551486968994140625" lon="139.5369674451649188995361328125">
        <ele>43</ele>
        <time>2026-08-10T09:39:15.000Z</time>
        <extensions>
          <ns3:TrackPointExtension>
            <ns3:hr>140</ns3:hr>
            <ns3:cad>81</ns3:cad>
          </ns3:TrackPointExtension>
        </extensions>
      </trkpt>
      <trkpt lat="35.75771869160234928131103515625" lon="139.53695596195757389068603515625">
        <ele>43</ele>
        <time>2026-08-10T09:39:16.000Z</time>
        <extensions>
          <ns3:TrackPointExtension>
            <ns3:hr>140</ns3:hr>
            <ns3:cad>81</ns3:cad>
          </ns3:TrackPointExtension>
        </extensions>
      </trkpt>
      <trkpt lat="35.757709555327892303466796875" lon="139.53694338910281658172607421875">
        <ele>42.799999237060546875</ele>
        <time>2026-08-10T09:39:17.000Z</time>
        <extensions>
          <ns3:TrackPointExtension>
            <ns3:hr>139</ns3:hr>
            <ns3:cad>81</ns3:cad>
          </ns3:TrackPointExtension>
        </extensions>
      </trkpt>
      <trkpt lat="35.75770293362438678741455078125" lon="139.5369278825819492340087890625">
        <ele>42.799999237060546875</ele>
        <time>2026-08-10T09:39:18.000Z</time>
        <extensions>
          <ns3:TrackPointExtension>
            <ns3:hr>139</ns3:hr>
            <ns3:cad>80</ns3:cad>
          </ns3:TrackPointExtension>
        </extensions>
      </trkpt>
      <trkpt lat="35.75769455172121524810791015625" lon="139.53691170550882816314697265625">
        <ele>42.799999237060546875</ele>
        <time>2026-08-10T09:39:19.000Z</time>
        <extensions>
          <ns3:TrackPointExtension>
            <ns3:hr>139</ns3:hr>
            <ns3:cad>80</ns3:cad>
          </ns3:TrackPointExtension>
        </extensions>
      </trkpt>
      <trkpt lat="35.75768784619867801666259765625" lon="139.5369007252156734466552734375">
        <ele>42.799999237060546875</ele>
        <time>2026-08-10T09:39:20.000Z</time>
        <extensions>
          <ns3:TrackPointExtension>
            <ns3:hr>139</ns3:hr>
            <ns3:cad>81</ns3:cad>
          </ns3:TrackPointExtension>
        </extensions>
      </trkpt>
      <trkpt lat="35.75768566690385341644287109375" lon="139.53688303939998149871826171875">
        <ele>42.799999237060546875</ele>
        <time>2026-08-10T09:39:21.000Z</time>
        <extensions>
          <ns3:TrackPointExtension>
            <ns3:hr>139</ns3:hr>
            <ns3:cad>81</ns3:cad>
          </ns3:TrackPointExtension>
        </extensions>
      </trkpt>
      <trkpt lat="35.7576849125325679779052734375" lon="139.53686208464205265045166015625">
        <ele>42.799999237060546875</ele>
        <time>2026-08-10T09:39:22.000Z</time>
        <extensions>
          <ns3:TrackPointExtension>
            <ns3:hr>139</ns3:hr>
            <ns3:cad>81</ns3:cad>
          </ns3:TrackPointExtension>
        </extensions>
      </trkpt>
      <trkpt lat="35.7576845772564411163330078125" lon="139.536842219531536102294921875">
        <ele>42.799999237060546875</ele>
        <time>2026-08-10T09:39:23.000Z</time>
        <extensions>
          <ns3:TrackPointExtension>
            <ns3:hr>139</ns3:hr>
            <ns3:cad>81</ns3:cad>
          </ns3:TrackPointExtension>
        </extensions>
      </trkpt>
      <trkpt lat="35.7576869241893291473388671875" lon="139.53681908547878265380859375">
        <ele>42.799999237060546875</ele>
        <time>2026-08-10T09:39:24.000Z</time>
        <extensions>
          <ns3:TrackPointExtension>
            <ns3:hr>139</ns3:hr>
            <ns3:cad>81</ns3:cad>
          </ns3:TrackPointExtension>
        </extensions>
      </trkpt>
      <trkpt lat="35.75767862610518932342529296875" lon="139.53680978156626224517822265625">
        <ele>42.799999237060546875</ele>
        <time>2026-08-10T09:39:25.000Z</time>
        <extensions>
          <ns3:TrackPointExtension>
            <ns3:hr>139</ns3:hr>
            <ns3:cad>81</ns3:cad>
          </ns3:TrackPointExtension>
        </extensions>
      </trkpt>
      <trkpt lat="35.75767359696328639984130859375" lon="139.53679569996893405914306640625">
        <ele>42.799999237060546875</ele>
        <time>2026-08-10T09:39:26.000Z</time>
        <extensions>
          <ns3:TrackPointExtension>
            <ns3:hr>139</ns3:hr>
            <ns3:cad>81</ns3:cad>
          </ns3:TrackPointExtension>
        </extensions>
      </trkpt>
      <trkpt lat="35.75767175294458866119384765625" lon="139.53677440993487834930419921875">
        <ele>43</ele>
        <time>2026-08-10T09:39:27.000Z</time>
        <extensions>
          <ns3:TrackPointExtension>
            <ns3:hr>138</ns3:hr>
            <ns3:cad>81</ns3:cad>
          </ns3:TrackPointExtension>
        </extensions>
      </trkpt>
      <trkpt lat="35.75765985064208507537841796875" lon="139.53675915487110614776611328125">
        <ele>43</ele>
        <time>2026-08-10T09:39:28.000Z</time>
        <extensions>
          <ns3:TrackPointExtension>
            <ns3:hr>138</ns3:hr>
            <ns3:cad>82</ns3:cad>
          </ns3:TrackPointExtension>
        </extensions>
      </trkpt>
      <trkpt lat="35.75765063054859638214111328125" lon="139.536740295588970184326171875">
        <ele>43</ele>
        <time>2026-08-10T09:39:29.000Z</time>
        <extensions>
          <ns3:TrackPointExtension>
            <ns3:hr>138</ns3:hr>
            <ns3:cad>83</ns3:cad>
          </ns3:TrackPointExtension>
        </extensions>
      </trkpt>
      <trkpt lat="35.757637806236743927001953125" lon="139.53672864474356174468994140625">
        <ele>43</ele>
        <time>2026-08-10T09:39:30.000Z</time>
        <extensions>
          <ns3:TrackPointExtension>
            <ns3:hr>138</ns3:hr>
            <ns3:cad>83</ns3:cad>
          </ns3:TrackPointExtension>
        </extensions>
      </trkpt>
      <trkpt lat="35.75762716121971607208251953125" lon="139.53670886345207691192626953125">
        <ele>43</ele>
        <time>2026-08-10T09:39:31.000Z</time>
        <extensions>
          <ns3:TrackPointExtension>
            <ns3:hr>138</ns3:hr>
            <ns3:cad>83</ns3:cad>
          </ns3:TrackPointExtension>
        </extensions>
      </trkpt>
      <trkpt lat="35.75761727057397365570068359375" lon="139.53669394366443157196044921875">
        <ele>43</ele>
        <time>2026-08-10T09:39:32.000Z</time>
        <extensions>
          <ns3:TrackPointExtension>
            <ns3:hr>137</ns3:hr>
            <ns3:cad>82</ns3:cad>
          </ns3:TrackPointExtension>
        </extensions>
      </trkpt>
      <trkpt lat="35.7576079666614532470703125" lon="139.53668254427611827850341796875">
        <ele>43</ele>
        <time>2026-08-10T09:39:33.000Z</time>
        <extensions>
          <ns3:TrackPointExtension>
            <ns3:hr>138</ns3:hr>
            <ns3:cad>81</ns3:cad>
          </ns3:TrackPointExtension>
        </extensions>
      </trkpt>
      <trkpt lat="35.757600255310535430908203125" lon="139.5366717316210269927978515625">
        <ele>43.200000762939453125</ele>
        <time>2026-08-10T09:39:34.000Z</time>
        <extensions>
          <ns3:TrackPointExtension>
            <ns3:hr>138</ns3:hr>
            <ns3:cad>81</ns3:cad>
          </ns3:TrackPointExtension>
        </extensions>
      </trkpt>
      <trkpt lat="35.75759413652122020721435546875" lon="139.53665505163371562957763671875">
        <ele>43.200000762939453125</ele>
        <time>2026-08-10T09:39:35.000Z</time>
        <extensions>
          <ns3:TrackPointExtension>
            <ns3:hr>138</ns3:hr>
            <ns3:cad>81</ns3:cad>
          </ns3:TrackPointExtension>
        </extensions>
      </trkpt>
      <trkpt lat="35.75758793391287326812744140625" lon="139.53664071857929229736328125">
        <ele>43.59999847412109375</ele>
        <time>2026-08-10T09:39:36.000Z</time>
        <extensions>
          <ns3:TrackPointExtension>
            <ns3:hr>138</ns3:hr>
            <ns3:cad>81</ns3:cad>
          </ns3:TrackPointExtension>
        </extensions>
      </trkpt>
      <trkpt lat="35.75757913291454315185546875" lon="139.5366252958774566650390625">
        <ele>43.799999237060546875</ele>
        <time>2026-08-10T09:39:37.000Z</time>
        <extensions>
          <ns3:TrackPointExtension>
            <ns3:hr>138</ns3:hr>
            <ns3:cad>81</ns3:cad>
          </ns3:TrackPointExtension>
        </extensions>
      </trkpt>
      <trkpt lat="35.75757401995360851287841796875" lon="139.53660987317562103271484375">
        <ele>44</ele>
        <time>2026-08-10T09:39:38.000Z</time>
        <extensions>
          <ns3:TrackPointExtension>
            <ns3:hr>138</ns3:hr>
            <ns3:cad>81</ns3:cad>
          </ns3:TrackPointExtension>
        </extensions>
      </trkpt>
      <trkpt lat="35.7575665600597858428955078125" lon="139.5365957915782928466796875">
        <ele>44</ele>
        <time>2026-08-10T09:39:39.000Z</time>
        <extensions>
          <ns3:TrackPointExtension>
            <ns3:hr>138</ns3:hr>
            <ns3:cad>80</ns3:cad>
          </ns3:TrackPointExtension>
        </extensions>
      </trkpt>
      <trkpt lat="35.757555998861789703369140625" lon="139.536577351391315460205078125">
        <ele>44.200000762939453125</ele>
        <time>2026-08-10T09:39:40.000Z</time>
        <extensions>
          <ns3:TrackPointExtension>
            <ns3:hr>138</ns3:hr>
            <ns3:cad>80</ns3:cad>
          </ns3:TrackPointExtension>
        </extensions>
      </trkpt>
      <trkpt lat="35.7575454376637935638427734375" lon="139.53655832447111606597900390625">
        <ele>44.200000762939453125</ele>
        <time>2026-08-10T09:39:41.000Z</time>
        <extensions>
          <ns3:TrackPointExtension>
            <ns3:hr>138</ns3:hr>
            <ns3:cad>80</ns3:cad>
          </ns3:TrackPointExtension>
        </extensions>
      </trkpt>
      <trkpt lat="35.7575353793799877166748046875" lon="139.53653837554156780242919921875">
        <ele>44.200000762939453125</ele>
        <time>2026-08-10T09:39:42.000Z</time>
        <extensions>
          <ns3:TrackPointExtension>
            <ns3:hr>138</ns3:hr>
            <ns3:cad>80</ns3:cad>
          </ns3:TrackPointExtension>
        </extensions>
      </trkpt>
      <trkpt lat="35.75752682983875274658203125" lon="139.53651691786944866180419921875">
        <ele>44.40000152587890625</ele>
        <time>2026-08-10T09:39:43.000Z</time>
        <extensions>
          <ns3:TrackPointExtension>
            <ns3:hr>138</ns3:hr>
            <ns3:cad>80</ns3:cad>
          </ns3:TrackPointExtension>
        </extensions>
      </trkpt>
      <trkpt lat="35.75751601718366146087646484375" lon="139.5364953763782978057861328125">
        <ele>44.40000152587890625</ele>
        <time>2026-08-10T09:39:44.000Z</time>
        <extensions>
          <ns3:TrackPointExtension>
            <ns3:hr>138</ns3:hr>
            <ns3:cad>80</ns3:cad>
          </ns3:TrackPointExtension>
        </extensions>
      </trkpt>
      <trkpt lat="35.757505036890506744384765625" lon="139.5364779420197010040283203125">
        <ele>44.40000152587890625</ele>
        <time>2026-08-10T09:39:45.000Z</time>
        <extensions>
          <ns3:TrackPointExtension>
            <ns3:hr>138</ns3:hr>
            <ns3:cad>80</ns3:cad>
          </ns3:TrackPointExtension>
        </extensions>
      </trkpt>
      <trkpt lat="35.757491290569305419921875" lon="139.53645623289048671722412109375">
        <ele>44.40000152587890625</ele>
        <time>2026-08-10T09:39:46.000Z</time>
        <extensions>
          <ns3:TrackPointExtension>
            <ns3:hr>139</ns3:hr>
            <ns3:cad>80</ns3:cad>
          </ns3:TrackPointExtension>
        </extensions>
      </trkpt>
      <trkpt lat="35.75747779570519924163818359375" lon="139.5364346913993358612060546875">
        <ele>44.200000762939453125</ele>
        <time>2026-08-10T09:39:47.000Z</time>
        <extensions>
          <ns3:TrackPointExtension>
            <ns3:hr>139</ns3:hr>
            <ns3:cad>80</ns3:cad>
          </ns3:TrackPointExtension>
        </extensions>
      </trkpt>
      <trkpt lat="35.757467485964298248291015625" lon="139.5364045165479183197021484375">
        <ele>44.200000762939453125</ele>
        <time>2026-08-10T09:39:48.000Z</time>
        <extensions>
          <ns3:TrackPointExtension>
            <ns3:hr>139</ns3:hr>
            <ns3:cad>80</ns3:cad>
          </ns3:TrackPointExtension>
        </extensions>
      </trkpt>
      <trkpt lat="35.75746170245110988616943359375" lon="139.53637727536261081695556640625">
        <ele>44.200000762939453125</ele>
        <time>2026-08-10T09:39:49.000Z</time>
        <extensions>
          <ns3:TrackPointExtension>
            <ns3:hr>139</ns3:hr>
            <ns3:cad>80</ns3:cad>
          </ns3:TrackPointExtension>
        </extensions>
      </trkpt>
      <trkpt lat="35.75745399110019207000732421875" lon="139.53635497950017452239990234375">
        <ele>44.200000762939453125</ele>
        <time>2026-08-10T09:39:50.000Z</time>
        <extensions>
          <ns3:TrackPointExtension>
            <ns3:hr>139</ns3:hr>
            <ns3:cad>80</ns3:cad>
          </ns3:TrackPointExtension>
        </extensions>
      </trkpt>
      <trkpt lat="35.7574482075870037078857421875" lon="139.5363381318747997283935546875">
        <ele>44.200000762939453125</ele>
        <time>2026-08-10T09:39:51.000Z</time>
        <extensions>
          <ns3:TrackPointExtension>
            <ns3:hr>139</ns3:hr>
            <ns3:cad>81</ns3:cad>
          </ns3:TrackPointExtension>
        </extensions>
      </trkpt>
      <trkpt lat="35.75743756256997585296630859375" lon="139.536323212087154388427734375">
        <ele>44.200000762939453125</ele>
        <time>2026-08-10T09:39:52.000Z</time>
        <extensions>
          <ns3:TrackPointExtension>
            <ns3:hr>139</ns3:hr>
            <ns3:cad>81</ns3:cad>
          </ns3:TrackPointExtension>
        </extensions>
      </trkpt>
      <trkpt lat="35.75742281042039394378662109375" lon="139.5363128185272216796875">
        <ele>44.200000762939453125</ele>
        <time>2026-08-10T09:39:53.000Z</time>
        <extensions>
          <ns3:TrackPointExtension>
            <ns3:hr>139</ns3:hr>
            <ns3:cad>81</ns3:cad>
          </ns3:TrackPointExtension>
        </extensions>
      </trkpt>
      <trkpt lat="35.75740856118500232696533203125" lon="139.5362900197505950927734375">
        <ele>44.200000762939453125</ele>
        <time>2026-08-10T09:39:54.000Z</time>
        <extensions>
          <ns3:TrackPointExtension>
            <ns3:hr>139</ns3:hr>
            <ns3:cad>81</ns3:cad>
          </ns3:TrackPointExtension>
        </extensions>
      </trkpt>
      <trkpt lat="35.75740017928183078765869140625" lon="139.5362658798694610595703125">
        <ele>44.200000762939453125</ele>
        <time>2026-08-10T09:39:55.000Z</time>
        <extensions>
          <ns3:TrackPointExtension>
            <ns3:hr>139</ns3:hr>
            <ns3:cad>80</ns3:cad>
          </ns3:TrackPointExtension>
        </extensions>
      </trkpt>
      <trkpt lat="35.7573928870260715484619140625" lon="139.53624467365443706512451171875">
        <ele>44</ele>
        <time>2026-08-10T09:39:56.000Z</time>
        <extensions>
          <ns3:TrackPointExtension>
            <ns3:hr>139</ns3:hr>
            <ns3:cad>80</ns3:cad>
          </ns3:TrackPointExtension>
        </extensions>
      </trkpt>
      <trkpt lat="35.75738660059869289398193359375" lon="139.5362204499542713165283203125">
        <ele>44</ele>
        <time>2026-08-10T09:39:57.000Z</time>
        <extensions>
          <ns3:TrackPointExtension>
            <ns3:hr>139</ns3:hr>
            <ns3:cad>81</ns3:cad>
          </ns3:TrackPointExtension>
        </extensions>
      </trkpt>
      <trkpt lat="35.7573757879436016082763671875" lon="139.53619672916829586029052734375">
        <ele>44</ele>
        <time>2026-08-10T09:39:58.000Z</time>
        <extensions>
          <ns3:TrackPointExtension>
            <ns3:hr>139</ns3:hr>
            <ns3:cad>81</ns3:cad>
          </ns3:TrackPointExtension>
        </extensions>
      </trkpt>
      <trkpt lat="35.75735910795629024505615234375" lon="139.53617409802973270416259765625">
        <ele>44</ele>
        <time>2026-08-10T09:39:59.000Z</time>
        <extensions>
          <ns3:TrackPointExtension>
            <ns3:hr>139</ns3:hr>
            <ns3:cad>81</ns3:cad>
          </ns3:TrackPointExtension>
        </extensions>
      </trkpt>
      <trkpt lat="35.757343769073486328125" lon="139.53615331090986728668212890625">
        <ele>44</ele>
        <time>2026-08-10T09:40:00.000Z</time>
        <extensions>
          <ns3:TrackPointExtension>
            <ns3:hr>139</ns3:hr>
            <ns3:cad>81</ns3:cad>
          </ns3:TrackPointExtension>
        </extensions>
      </trkpt>
      <trkpt lat="35.75733446516096591949462890625" lon="139.53614090569317340850830078125">
        <ele>44</ele>
        <time>2026-08-10T09:40:01.000Z</time>
        <extensions>
          <ns3:TrackPointExtension>
            <ns3:hr>138</ns3:hr>
            <ns3:cad>81</ns3:cad>
          </ns3:TrackPointExtension>
        </extensions>
      </trkpt>
      <trkpt lat="35.75733128003776073455810546875" lon="139.53611458651721477508544921875">
        <ele>44</ele>
        <time>2026-08-10T09:40:02.000Z</time>
        <extensions>
          <ns3:TrackPointExtension>
            <ns3:hr>138</ns3:hr>
            <ns3:cad>81</ns3:cad>
          </ns3:TrackPointExtension>
        </extensions>
      </trkpt>
      <trkpt lat="35.7573291845619678497314453125" lon="139.53608281910419464111328125">
        <ele>43.799999237060546875</ele>
        <time>2026-08-10T09:40:03.000Z</time>
        <extensions>
          <ns3:TrackPointExtension>
            <ns3:hr>138</ns3:hr>
            <ns3:cad>81</ns3:cad>
          </ns3:TrackPointExtension>
        </extensions>
      </trkpt>
      <trkpt lat="35.7573263347148895263671875" lon="139.536058343946933746337890625">
        <ele>43.799999237060546875</ele>
        <time>2026-08-10T09:40:04.000Z</time>
        <extensions>
          <ns3:TrackPointExtension>
            <ns3:hr>138</ns3:hr>
            <ns3:cad>81</ns3:cad>
          </ns3:TrackPointExtension>
        </extensions>
      </trkpt>
      <trkpt lat="35.7573197968304157257080078125" lon="139.5360300131142139434814453125">
        <ele>43.799999237060546875</ele>
        <time>2026-08-10T09:40:05.000Z</time>
        <extensions>
          <ns3:TrackPointExtension>
            <ns3:hr>138</ns3:hr>
            <ns3:cad>81</ns3:cad>
          </ns3:TrackPointExtension>
        </extensions>
      </trkpt>
      <trkpt lat="35.75730831362307071685791015625" lon="139.53601132147014141082763671875">
        <ele>43.59999847412109375</ele>
        <time>2026-08-10T09:40:06.000Z</time>
        <extensions>
          <ns3:TrackPointExtension>
            <ns3:hr>138</ns3:hr>
            <ns3:cad>81</ns3:cad>
          </ns3:TrackPointExtension>
        </extensions>
      </trkpt>
      <trkpt lat="35.75730546377599239349365234375" lon="139.535990618169307708740234375">
        <ele>43.59999847412109375</ele>
        <time>2026-08-10T09:40:07.000Z</time>
        <extensions>
          <ns3:TrackPointExtension>
            <ns3:hr>138</ns3:hr>
            <ns3:cad>81</ns3:cad>
          </ns3:TrackPointExtension>
        </extensions>
      </trkpt>
      <trkpt lat="35.75729926116764545440673828125" lon="139.53597678802907466888427734375">
        <ele>43.799999237060546875</ele>
        <time>2026-08-10T09:40:08.000Z</time>
        <extensions>
          <ns3:TrackPointExtension>
            <ns3:hr>138</ns3:hr>
            <ns3:cad>81</ns3:cad>
          </ns3:TrackPointExtension>
        </extensions>
      </trkpt>
      <trkpt lat="35.757291801273822784423828125" lon="139.53596253879368305206298828125">
        <ele>43.799999237060546875</ele>
        <time>2026-08-10T09:40:09.000Z</time>
        <extensions>
          <ns3:TrackPointExtension>
            <ns3:hr>138</ns3:hr>
            <ns3:cad>81</ns3:cad>
          </ns3:TrackPointExtension>
        </extensions>
      </trkpt>
      <trkpt lat="35.75727528892457485198974609375" lon="139.53594996593892574310302734375">
        <ele>43.59999847412109375</ele>
        <time>2026-08-10T09:40:10.000Z</time>
        <extensions>
          <ns3:TrackPointExtension>
            <ns3:hr>138</ns3:hr>
            <ns3:cad>81</ns3:cad>
          </ns3:TrackPointExtension>
        </extensions>
      </trkpt>
      <trkpt lat="35.757262967526912689208984375" lon="139.53593823127448558807373046875">
        <ele>43.59999847412109375</ele>
        <time>2026-08-10T09:40:11.000Z</time>
        <extensions>
          <ns3:TrackPointExtension>
            <ns3:hr>138</ns3:hr>
            <ns3:cad>81</ns3:cad>
          </ns3:TrackPointExtension>
        </extensions>
      </trkpt>
      <trkpt lat="35.75725148431956768035888671875" lon="139.53591912053525447845458984375">
        <ele>43.59999847412109375</ele>
        <time>2026-08-10T09:40:12.000Z</time>
        <extensions>
          <ns3:TrackPointExtension>
            <ns3:hr>138</ns3:hr>
            <ns3:cad>80</ns3:cad>
          </ns3:TrackPointExtension>
        </extensions>
      </trkpt>
      <trkpt lat="35.75724544934928417205810546875" lon="139.53591576777398586273193359375">
        <ele>43.59999847412109375</ele>
        <time>2026-08-10T09:40:13.000Z</time>
        <extensions>
          <ns3:TrackPointExtension>
            <ns3:hr>138</ns3:hr>
            <ns3:cad>80</ns3:cad>
          </ns3:TrackPointExtension>
        </extensions>
      </trkpt>
      <trkpt lat="35.757236145436763763427734375" lon="139.53589447773993015289306640625">
        <ele>43.40000152587890625</ele>
        <time>2026-08-10T09:40:14.000Z</time>
        <extensions>
          <ns3:TrackPointExtension>
            <ns3:hr>138</ns3:hr>
            <ns3:cad>79</ns3:cad>
          </ns3:TrackPointExtension>
        </extensions>
      </trkpt>
      <trkpt lat="35.7572229020297527313232421875" lon="139.53587084077298641204833984375">
        <ele>43.40000152587890625</ele>
        <time>2026-08-10T09:40:15.000Z</time>
        <extensions>
          <ns3:TrackPointExtension>
            <ns3:hr>138</ns3:hr>
            <ns3:cad>79</ns3:cad>
          </ns3:TrackPointExtension>
        </extensions>
      </trkpt>
      <trkpt lat="35.75720722787082195281982421875" lon="139.53585944138467311859130859375">
        <ele>43.40000152587890625</ele>
        <time>2026-08-10T09:40:16.000Z</time>
        <extensions>
          <ns3:TrackPointExtension>
            <ns3:hr>138</ns3:hr>
            <ns3:cad>79</ns3:cad>
          </ns3:TrackPointExtension>
        </extensions>
      </trkpt>
      <trkpt lat="35.757193230092525482177734375" lon="139.53584418632090091705322265625">
        <ele>43.40000152587890625</ele>
        <time>2026-08-10T09:40:17.000Z</time>
        <extensions>
          <ns3:TrackPointExtension>
            <ns3:hr>138</ns3:hr>
            <ns3:cad>80</ns3:cad>
          </ns3:TrackPointExtension>
        </extensions>
      </trkpt>
      <trkpt lat="35.75718325562775135040283203125" lon="139.53582943417131900787353515625">
        <ele>43.40000152587890625</ele>
        <time>2026-08-10T09:40:18.000Z</time>
        <extensions>
          <ns3:TrackPointExtension>
            <ns3:hr>139</ns3:hr>
            <ns3:cad>80</ns3:cad>
          </ns3:TrackPointExtension>
        </extensions>
      </trkpt>
      <trkpt lat="35.7571736164391040802001953125" lon="139.53582155518233776092529296875">
        <ele>43.40000152587890625</ele>
        <time>2026-08-10T09:40:19.000Z</time>
        <extensions>
          <ns3:TrackPointExtension>
            <ns3:hr>139</ns3:hr>
            <ns3:cad>80</ns3:cad>
          </ns3:TrackPointExtension>
        </extensions>
      </trkpt>
      <trkpt lat="35.7571628876030445098876953125" lon="139.53580579720437526702880859375">
        <ele>43.40000152587890625</ele>
        <time>2026-08-10T09:40:20.000Z</time>
        <extensions>
          <ns3:TrackPointExtension>
            <ns3:hr>138</ns3:hr>
            <ns3:cad>80</ns3:cad>
          </ns3:TrackPointExtension>
        </extensions>
      </trkpt>
      <trkpt lat="35.75715626589953899383544921875" lon="139.53578014858067035675048828125">
        <ele>43.40000152587890625</ele>
        <time>2026-08-10T09:40:21.000Z</time>
        <extensions>
          <ns3:TrackPointExtension>
            <ns3:hr>138</ns3:hr>
            <ns3:cad>81</ns3:cad>
          </ns3:TrackPointExtension>
        </extensions>
      </trkpt>
      <trkpt lat="35.7571548409759998321533203125" lon="139.53575181774795055389404296875">
        <ele>43.40000152587890625</ele>
        <time>2026-08-10T09:40:22.000Z</time>
        <extensions>
          <ns3:TrackPointExtension>
            <ns3:hr>138</ns3:hr>
            <ns3:cad>81</ns3:cad>
          </ns3:TrackPointExtension>
        </extensions>
      </trkpt>
      <trkpt lat="35.75715123675763607025146484375" lon="139.535716362297534942626953125">
        <ele>43.200000762939453125</ele>
        <time>2026-08-10T09:40:23.000Z</time>
        <extensions>
          <ns3:TrackPointExtension>
            <ns3:hr>138</ns3:hr>
            <ns3:cad>80</ns3:cad>
          </ns3:TrackPointExtension>
        </extensions>
      </trkpt>
      <trkpt lat="35.7571454532444477081298828125" lon="139.53569549135863780975341796875">
        <ele>43.200000762939453125</ele>
        <time>2026-08-10T09:40:24.000Z</time>
        <extensions>
          <ns3:TrackPointExtension>
            <ns3:hr>138</ns3:hr>
            <ns3:cad>80</ns3:cad>
          </ns3:TrackPointExtension>
        </extensions>
      </trkpt>
      <trkpt lat="35.7571447826921939849853515625" lon="139.5356739498674869537353515625">
        <ele>43.200000762939453125</ele>
        <time>2026-08-10T09:40:25.000Z</time>
        <extensions>
          <ns3:TrackPointExtension>
            <ns3:hr>138</ns3:hr>
            <ns3:cad>80</ns3:cad>
          </ns3:TrackPointExtension>
        </extensions>
      </trkpt>
      <trkpt lat="35.75714067555963993072509765625" lon="139.53565609641373157501220703125">
        <ele>43.200000762939453125</ele>
        <time>2026-08-10T09:40:26.000Z</time>
        <extensions>
          <ns3:TrackPointExtension>
            <ns3:hr>137</ns3:hr>
            <ns3:cad>80</ns3:cad>
          </ns3:TrackPointExtension>
        </extensions>
      </trkpt>
      <trkpt lat="35.757136233150959014892578125" lon="139.53563229180872440338134765625">
        <ele>43.40000152587890625</ele>
        <time>2026-08-10T09:40:27.000Z</time>
        <extensions>
          <ns3:TrackPointExtension>
            <ns3:hr>136</ns3:hr>
            <ns3:cad>80</ns3:cad>
          </ns3:TrackPointExtension>
        </extensions>
      </trkpt>
      <trkpt lat="35.7571332156658172607421875" lon="139.53560697846114635467529296875">
        <ele>43.59999847412109375</ele>
        <time>2026-08-10T09:40:28.000Z</time>
        <extensions>
          <ns3:TrackPointExtension>
            <ns3:hr>135</ns3:hr>
            <ns3:cad>80</ns3:cad>
          </ns3:TrackPointExtension>
        </extensions>
      </trkpt>
      <trkpt lat="35.7571243308484554290771484375" lon="139.53558183275163173675537109375">
        <ele>43.59999847412109375</ele>
        <time>2026-08-10T09:40:29.000Z</time>
        <extensions>
          <ns3:TrackPointExtension>
            <ns3:hr>134</ns3:hr>
            <ns3:cad>81</ns3:cad>
          </ns3:TrackPointExtension>
        </extensions>
      </trkpt>
      <trkpt lat="35.75711779296398162841796875" lon="139.5355592854321002960205078125">
        <ele>43.799999237060546875</ele>
        <time>2026-08-10T09:40:30.000Z</time>
        <extensions>
          <ns3:TrackPointExtension>
            <ns3:hr>134</ns3:hr>
            <ns3:cad>80</ns3:cad>
          </ns3:TrackPointExtension>
        </extensions>
      </trkpt>
      <trkpt lat="35.7571112550795078277587890625" lon="139.53554176725447177886962890625">
        <ele>43.799999237060546875</ele>
        <time>2026-08-10T09:40:31.000Z</time>
        <extensions>
          <ns3:TrackPointExtension>
            <ns3:hr>134</ns3:hr>
            <ns3:cad>80</ns3:cad>
          </ns3:TrackPointExtension>
        </extensions>
      </trkpt>
      <trkpt lat="35.75710027478635311126708984375" lon="139.53552357852458953857421875">
        <ele>43.799999237060546875</ele>
        <time>2026-08-10T09:40:32.000Z</time>
        <extensions>
          <ns3:TrackPointExtension>
            <ns3:hr>134</ns3:hr>
            <ns3:cad>80</ns3:cad>
          </ns3:TrackPointExtension>
        </extensions>
      </trkpt>
      <trkpt lat="35.757101364433765411376953125" lon="139.53553296625614166259765625">
        <ele>43.799999237060546875</ele>
        <time>2026-08-10T09:40:33.000Z</time>
        <extensions>
          <ns3:TrackPointExtension>
            <ns3:hr>134</ns3:hr>
            <ns3:cad>80</ns3:cad>
          </ns3:TrackPointExtension>
        </extensions>
      </trkpt>
      <trkpt lat="35.757092647254467010498046875" lon="139.5355163700878620147705078125">
        <ele>43.799999237060546875</ele>
        <time>2026-08-10T09:40:34.000Z</time>
        <extensions>
          <ns3:TrackPointExtension>
            <ns3:hr>134</ns3:hr>
            <ns3:cad>80</ns3:cad>
          </ns3:TrackPointExtension>
        </extensions>
      </trkpt>
      <trkpt lat="35.757083930075168609619140625" lon="139.53550203703343868255615234375">
        <ele>43.799999237060546875</ele>
        <time>2026-08-10T09:40:35.000Z</time>
        <extensions>
          <ns3:TrackPointExtension>
            <ns3:hr>134</ns3:hr>
            <ns3:cad>80</ns3:cad>
          </ns3:TrackPointExtension>
        </extensions>
      </trkpt>
      <trkpt lat="35.7570755481719970703125" lon="139.53548594377934932708740234375">
        <ele>43.59999847412109375</ele>
        <time>2026-08-10T09:40:36.000Z</time>
        <extensions>
          <ns3:TrackPointExtension>
            <ns3:hr>134</ns3:hr>
            <ns3:cad>80</ns3:cad>
          </ns3:TrackPointExtension>
        </extensions>
      </trkpt>
      <trkpt lat="35.75706607662141323089599609375" lon="139.53546415083110332489013671875">
        <ele>43.59999847412109375</ele>
        <time>2026-08-10T09:40:37.000Z</time>
        <extensions>
          <ns3:TrackPointExtension>
            <ns3:hr>134</ns3:hr>
            <ns3:cad>80</ns3:cad>
          </ns3:TrackPointExtension>
        </extensions>
      </trkpt>
      <trkpt lat="35.7570602931082248687744140625" lon="139.53544403426349163055419921875">
        <ele>43.40000152587890625</ele>
        <time>2026-08-10T09:40:38.000Z</time>
        <extensions>
          <ns3:TrackPointExtension>
            <ns3:hr>134</ns3:hr>
            <ns3:cad>80</ns3:cad>
          </ns3:TrackPointExtension>
        </extensions>
      </trkpt>
      <trkpt lat="35.75705316849052906036376953125" lon="139.53542056493461132049560546875">
        <ele>43.40000152587890625</ele>
        <time>2026-08-10T09:40:39.000Z</time>
        <extensions>
          <ns3:TrackPointExtension>
            <ns3:hr>134</ns3:hr>
            <ns3:cad>80</ns3:cad>
          </ns3:TrackPointExtension>
        </extensions>
      </trkpt>
      <trkpt lat="35.7570447027683258056640625" lon="139.53540598042309284210205078125">
        <ele>43.200000762939453125</ele>
        <time>2026-08-10T09:40:40.000Z</time>
        <extensions>
          <ns3:TrackPointExtension>
            <ns3:hr>134</ns3:hr>
            <ns3:cad>80</ns3:cad>
          </ns3:TrackPointExtension>
        </extensions>
      </trkpt>
      <trkpt lat="35.75703757815062999725341796875" lon="139.5353856123983860015869140625">
        <ele>43.200000762939453125</ele>
        <time>2026-08-10T09:40:41.000Z</time>
        <extensions>
          <ns3:TrackPointExtension>
            <ns3:hr>134</ns3:hr>
            <ns3:cad>80</ns3:cad>
          </ns3:TrackPointExtension>
        </extensions>
      </trkpt>
      <trkpt lat="35.75703196227550506591796875" lon="139.53536708839237689971923828125">
        <ele>43.200000762939453125</ele>
        <time>2026-08-10T09:40:42.000Z</time>
        <extensions>
          <ns3:TrackPointExtension>
            <ns3:hr>134</ns3:hr>
            <ns3:cad>81</ns3:cad>
          </ns3:TrackPointExtension>
        </extensions>
      </trkpt>
      <trkpt lat="35.7570232450962066650390625" lon="139.5353497378528118133544921875">
        <ele>43.200000762939453125</ele>
        <time>2026-08-10T09:40:43.000Z</time>
        <extensions>
          <ns3:TrackPointExtension>
            <ns3:hr>134</ns3:hr>
            <ns3:cad>81</ns3:cad>
          </ns3:TrackPointExtension>
        </extensions>
      </trkpt>
      <trkpt lat="35.75701260007917881011962890625" lon="139.5353319682180881500244140625">
        <ele>43</ele>
        <time>2026-08-10T09:40:44.000Z</time>
        <extensions>
          <ns3:TrackPointExtension>
            <ns3:hr>134</ns3:hr>
            <ns3:cad>81</ns3:cad>
          </ns3:TrackPointExtension>
        </extensions>
      </trkpt>
      <trkpt lat="35.75700170360505580902099609375" lon="139.5353111810982227325439453125">
        <ele>43</ele>
        <time>2026-08-10T09:40:45.000Z</time>
        <extensions>
          <ns3:TrackPointExtension>
            <ns3:hr>134</ns3:hr>
            <ns3:cad>81</ns3:cad>
          </ns3:TrackPointExtension>
        </extensions>
      </trkpt>
      <trkpt lat="35.75699030421674251556396484375" lon="139.53529290854930877685546875">
        <ele>43.200000762939453125</ele>
        <time>2026-08-10T09:40:46.000Z</time>
        <extensions>
          <ns3:TrackPointExtension>
            <ns3:hr>134</ns3:hr>
            <ns3:cad>81</ns3:cad>
          </ns3:TrackPointExtension>
        </extensions>
      </trkpt>
      <trkpt lat="35.75698100030422210693359375" lon="139.535270445048809051513671875">
        <ele>43.200000762939453125</ele>
        <time>2026-08-10T09:40:47.000Z</time>
        <extensions>
          <ns3:TrackPointExtension>
            <ns3:hr>134</ns3:hr>
            <ns3:cad>80</ns3:cad>
          </ns3:TrackPointExtension>
        </extensions>
      </trkpt>
      <trkpt lat="35.756974630057811737060546875" lon="139.53524655662477016448974609375">
        <ele>43.200000762939453125</ele>
        <time>2026-08-10T09:40:48.000Z</time>
        <extensions>
          <ns3:TrackPointExtension>
            <ns3:hr>135</ns3:hr>
            <ns3:cad>80</ns3:cad>
          </ns3:TrackPointExtension>
        </extensions>
      </trkpt>
      <trkpt lat="35.7569633983075618743896484375" lon="139.53522426076233386993408203125">
        <ele>43.200000762939453125</ele>
        <time>2026-08-10T09:40:49.000Z</time>
        <extensions>
          <ns3:TrackPointExtension>
            <ns3:hr>135</ns3:hr>
            <ns3:cad>80</ns3:cad>
          </ns3:TrackPointExtension>
        </extensions>
      </trkpt>
      <trkpt lat="35.75695174746215343475341796875" lon="139.5352048985660076141357421875">
        <ele>43.200000762939453125</ele>
        <time>2026-08-10T09:40:50.000Z</time>
        <extensions>
          <ns3:TrackPointExtension>
            <ns3:hr>135</ns3:hr>
            <ns3:cad>81</ns3:cad>
          </ns3:TrackPointExtension>
        </extensions>
      </trkpt>
      <trkpt lat="35.75693674385547637939453125" lon="139.53518251888453960418701171875">
        <ele>43.200000762939453125</ele>
        <time>2026-08-10T09:40:51.000Z</time>
        <extensions>
          <ns3:TrackPointExtension>
            <ns3:hr>134</ns3:hr>
            <ns3:cad>82</ns3:cad>
          </ns3:TrackPointExtension>
        </extensions>
      </trkpt>
      <trkpt lat="35.756920315325260162353515625" lon="139.53515946865081787109375">
        <ele>43.200000762939453125</ele>
        <time>2026-08-10T09:40:52.000Z</time>
        <extensions>
          <ns3:TrackPointExtension>
            <ns3:hr>134</ns3:hr>
            <ns3:cad>82</ns3:cad>
          </ns3:TrackPointExtension>
        </extensions>
      </trkpt>
      <trkpt lat="35.7569110952317714691162109375" lon="139.53513608314096927642822265625">
        <ele>43.200000762939453125</ele>
        <time>2026-08-10T09:40:53.000Z</time>
        <extensions>
          <ns3:TrackPointExtension>
            <ns3:hr>134</ns3:hr>
            <ns3:cad>82</ns3:cad>
          </ns3:TrackPointExtension>
        </extensions>
      </trkpt>
      <trkpt lat="35.7569033838808536529541015625" lon="139.5351157151162624359130859375">
        <ele>43.200000762939453125</ele>
        <time>2026-08-10T09:40:54.000Z</time>
        <extensions>
          <ns3:TrackPointExtension>
            <ns3:hr>135</ns3:hr>
            <ns3:cad>83</ns3:cad>
          </ns3:TrackPointExtension>
        </extensions>
      </trkpt>
      <trkpt lat="35.7568971812725067138671875" lon="139.5350912399590015411376953125">
        <ele>43.40000152587890625</ele>
        <time>2026-08-10T09:40:55.000Z</time>
        <extensions>
          <ns3:TrackPointExtension>
            <ns3:hr>135</ns3:hr>
            <ns3:cad>83</ns3:cad>
          </ns3:TrackPointExtension>
        </extensions>
      </trkpt>
      <trkpt lat="35.75688888318836688995361328125" lon="139.53506886027753353118896484375">
        <ele>43.40000152587890625</ele>
        <time>2026-08-10T09:40:56.000Z</time>
        <extensions>
          <ns3:TrackPointExtension>
            <ns3:hr>135</ns3:hr>
            <ns3:cad>83</ns3:cad>
          </ns3:TrackPointExtension>
        </extensions>
      </trkpt>
      <trkpt lat="35.7568795792758464813232421875" lon="139.5350468158721923828125">
        <ele>43.59999847412109375</ele>
        <time>2026-08-10T09:40:57.000Z</time>
        <extensions>
          <ns3:TrackPointExtension>
            <ns3:hr>135</ns3:hr>
            <ns3:cad>82</ns3:cad>
          </ns3:TrackPointExtension>
        </extensions>
      </trkpt>
      <trkpt lat="35.75687102973461151123046875" lon="139.53502125106751918792724609375">
        <ele>43.799999237060546875</ele>
        <time>2026-08-10T09:40:58.000Z</time>
        <extensions>
          <ns3:TrackPointExtension>
            <ns3:hr>136</ns3:hr>
            <ns3:cad>82</ns3:cad>
          </ns3:TrackPointExtension>
        </extensions>
      </trkpt>
      <trkpt lat="35.75686164200305938720703125" lon="139.53500197269022464752197265625">
        <ele>43.799999237060546875</ele>
        <time>2026-08-10T09:40:59.000Z</time>
        <extensions>
          <ns3:TrackPointExtension>
            <ns3:hr>136</ns3:hr>
            <ns3:cad>81</ns3:cad>
          </ns3:TrackPointExtension>
        </extensions>
      </trkpt>
      <trkpt lat="35.7568487338721752166748046875" lon="139.534987471997737884521484375">
        <ele>43.799999237060546875</ele>
        <time>2026-08-10T09:41:00.000Z</time>
        <extensions>
          <ns3:TrackPointExtension>
            <ns3:hr>136</ns3:hr>
            <ns3:cad>81</ns3:cad>
          </ns3:TrackPointExtension>
        </extensions>
      </trkpt>
      <trkpt lat="35.7568354904651641845703125" lon="139.534971378743648529052734375">
        <ele>44</ele>
        <time>2026-08-10T09:41:01.000Z</time>
        <extensions>
          <ns3:TrackPointExtension>
            <ns3:hr>136</ns3:hr>
            <ns3:cad>81</ns3:cad>
          </ns3:TrackPointExtension>
        </extensions>
      </trkpt>
      <trkpt lat="35.7568272762000560760498046875" lon="139.53495184890925884246826171875">
        <ele>44.200000762939453125</ele>
        <time>2026-08-10T09:41:02.000Z</time>
        <extensions>
          <ns3:TrackPointExtension>
            <ns3:hr>137</ns3:hr>
            <ns3:cad>81</ns3:cad>
          </ns3:TrackPointExtension>
        </extensions>
      </trkpt>
      <trkpt lat="35.7568188942968845367431640625" lon="139.53493709675967693328857421875">
        <ele>44.200000762939453125</ele>
        <time>2026-08-10T09:41:03.000Z</time>
        <extensions>
          <ns3:TrackPointExtension>
            <ns3:hr>137</ns3:hr>
            <ns3:cad>81</ns3:cad>
          </ns3:TrackPointExtension>
        </extensions>
      </trkpt>
      <trkpt lat="35.7568101771175861358642578125" lon="139.5349202491343021392822265625">
        <ele>44.200000762939453125</ele>
        <time>2026-08-10T09:41:04.000Z</time>
        <extensions>
          <ns3:TrackPointExtension>
            <ns3:hr>138</ns3:hr>
            <ns3:cad>81</ns3:cad>
          </ns3:TrackPointExtension>
        </extensions>
      </trkpt>
      <trkpt lat="35.7568028010427951812744140625" lon="139.534900970757007598876953125">
        <ele>44.200000762939453125</ele>
        <time>2026-08-10T09:41:05.000Z</time>
        <extensions>
          <ns3:TrackPointExtension>
            <ns3:hr>139</ns3:hr>
            <ns3:cad>80</ns3:cad>
          </ns3:TrackPointExtension>
        </extensions>
      </trkpt>
      <trkpt lat="35.756793580949306488037109375" lon="139.53487808816134929656982421875">
        <ele>44.200000762939453125</ele>
        <time>2026-08-10T09:41:06.000Z</time>
        <extensions>
          <ns3:TrackPointExtension>
            <ns3:hr>139</ns3:hr>
            <ns3:cad>80</ns3:cad>
          </ns3:TrackPointExtension>
        </extensions>
      </trkpt>
      <trkpt lat="35.75678410939872264862060546875" lon="139.53485545702278614044189453125">
        <ele>44.40000152587890625</ele>
        <time>2026-08-10T09:41:07.000Z</time>
        <extensions>
          <ns3:TrackPointExtension>
            <ns3:hr>140</ns3:hr>
            <ns3:cad>81</ns3:cad>
          </ns3:TrackPointExtension>
        </extensions>
      </trkpt>
      <trkpt lat="35.7567766495048999786376953125" lon="139.53482897020876407623291015625">
        <ele>44.40000152587890625</ele>
        <time>2026-08-10T09:41:08.000Z</time>
        <extensions>
          <ns3:TrackPointExtension>
            <ns3:hr>141</ns3:hr>
            <ns3:cad>83</ns3:cad>
          </ns3:TrackPointExtension>
        </extensions>
      </trkpt>
      <trkpt lat="35.75677019543945789337158203125" lon="139.53480751253664493560791015625">
        <ele>44.40000152587890625</ele>
        <time>2026-08-10T09:41:09.000Z</time>
        <extensions>
          <ns3:TrackPointExtension>
            <ns3:hr>141</ns3:hr>
            <ns3:cad>83</ns3:cad>
          </ns3:TrackPointExtension>
        </extensions>
      </trkpt>
      <trkpt lat="35.75676583684980869293212890625" lon="139.53478504903614521026611328125">
        <ele>44.59999847412109375</ele>
        <time>2026-08-10T09:41:10.000Z</time>
        <extensions>
          <ns3:TrackPointExtension>
            <ns3:hr>142</ns3:hr>
            <ns3:cad>83</ns3:cad>
          </ns3:TrackPointExtension>
        </extensions>
      </trkpt>
      <trkpt lat="35.75675904750823974609375" lon="139.53475839458405971527099609375">
        <ele>44.59999847412109375</ele>
        <time>2026-08-10T09:41:11.000Z</time>
        <extensions>
          <ns3:TrackPointExtension>
            <ns3:hr>142</ns3:hr>
            <ns3:cad>82</ns3:cad>
          </ns3:TrackPointExtension>
        </extensions>
      </trkpt>
      <trkpt lat="35.7567531801760196685791015625" lon="139.53474079258739948272705078125">
        <ele>44.799999237060546875</ele>
        <time>2026-08-10T09:41:12.000Z</time>
        <extensions>
          <ns3:TrackPointExtension>
            <ns3:hr>142</ns3:hr>
            <ns3:cad>81</ns3:cad>
          </ns3:TrackPointExtension>
        </extensions>
      </trkpt>
      <trkpt lat="35.75674873776733875274658203125" lon="139.53472134657204151153564453125">
        <ele>44.799999237060546875</ele>
        <time>2026-08-10T09:41:13.000Z</time>
        <extensions>
          <ns3:TrackPointExtension>
            <ns3:hr>142</ns3:hr>
            <ns3:cad>80</ns3:cad>
          </ns3:TrackPointExtension>
        </extensions>
      </trkpt>
      <trkpt lat="35.756744630634784698486328125" lon="139.53469754196703433990478515625">
        <ele>44.799999237060546875</ele>
        <time>2026-08-10T09:41:14.000Z</time>
        <extensions>
          <ns3:TrackPointExtension>
            <ns3:hr>143</ns3:hr>
            <ns3:cad>80</ns3:cad>
          </ns3:TrackPointExtension>
        </extensions>
      </trkpt>
      <trkpt lat="35.75673163868486881256103515625" lon="139.53466803766787052154541015625">
        <ele>45</ele>
        <time>2026-08-10T09:41:15.000Z</time>
        <extensions>
          <ns3:TrackPointExtension>
            <ns3:hr>143</ns3:hr>
            <ns3:cad>80</ns3:cad>
          </ns3:TrackPointExtension>
        </extensions>
      </trkpt>
      <trkpt lat="35.756723172962665557861328125" lon="139.5346493460237979888916015625">
        <ele>45</ele>
        <time>2026-08-10T09:41:16.000Z</time>
        <extensions>
          <ns3:TrackPointExtension>
            <ns3:hr>143</ns3:hr>
            <ns3:cad>80</ns3:cad>
          </ns3:TrackPointExtension>
        </extensions>
      </trkpt>
      <trkpt lat="35.7567146234214305877685546875" lon="139.5346248708665370941162109375">
        <ele>45.200000762939453125</ele>
        <time>2026-08-10T09:41:17.000Z</time>
        <extensions>
          <ns3:TrackPointExtension>
            <ns3:hr>144</ns3:hr>
            <ns3:cad>80</ns3:cad>
          </ns3:TrackPointExtension>
        </extensions>
      </trkpt>
      <trkpt lat="35.75670515187084674835205078125" lon="139.53460467047989368438720703125">
        <ele>45.200000762939453125</ele>
        <time>2026-08-10T09:41:18.000Z</time>
        <extensions>
          <ns3:TrackPointExtension>
            <ns3:hr>144</ns3:hr>
            <ns3:cad>80</ns3:cad>
          </ns3:TrackPointExtension>
        </extensions>
      </trkpt>
      <trkpt lat="35.756697021424770355224609375" lon="139.5345814526081085205078125">
        <ele>45.200000762939453125</ele>
        <time>2026-08-10T09:41:19.000Z</time>
        <extensions>
          <ns3:TrackPointExtension>
            <ns3:hr>145</ns3:hr>
            <ns3:cad>80</ns3:cad>
          </ns3:TrackPointExtension>
        </extensions>
      </trkpt>
      <trkpt lat="35.7566864602267742156982421875" lon="139.5345611684024333953857421875">
        <ele>45.200000762939453125</ele>
        <time>2026-08-10T09:41:20.000Z</time>
        <extensions>
          <ns3:TrackPointExtension>
            <ns3:hr>145</ns3:hr>
            <ns3:cad>80</ns3:cad>
          </ns3:TrackPointExtension>
        </extensions>
      </trkpt>
      <trkpt lat="35.75667715631425380706787109375" lon="139.534550942480564117431640625">
        <ele>44.799999237060546875</ele>
        <time>2026-08-10T09:41:21.000Z</time>
        <extensions>
          <ns3:TrackPointExtension>
            <ns3:hr>145</ns3:hr>
            <ns3:cad>80</ns3:cad>
          </ns3:TrackPointExtension>
        </extensions>
      </trkpt>
      <trkpt lat="35.75666852295398712158203125" lon="139.534524790942668914794921875">
        <ele>44.59999847412109375</ele>
        <time>2026-08-10T09:41:22.000Z</time>
        <extensions>
          <ns3:TrackPointExtension>
            <ns3:hr>146</ns3:hr>
            <ns3:cad>80</ns3:cad>
          </ns3:TrackPointExtension>
        </extensions>
      </trkpt>
      <trkpt lat="35.7566599734127521514892578125" lon="139.53450157307088375091552734375">
        <ele>44.59999847412109375</ele>
        <time>2026-08-10T09:41:23.000Z</time>
        <extensions>
          <ns3:TrackPointExtension>
            <ns3:hr>146</ns3:hr>
            <ns3:cad>82</ns3:cad>
          </ns3:TrackPointExtension>
        </extensions>
      </trkpt>
      <trkpt lat="35.75665268115699291229248046875" lon="139.53448011539876461029052734375">
        <ele>44.59999847412109375</ele>
        <time>2026-08-10T09:41:24.000Z</time>
        <extensions>
          <ns3:TrackPointExtension>
            <ns3:hr>146</ns3:hr>
            <ns3:cad>82</ns3:cad>
          </ns3:TrackPointExtension>
        </extensions>
      </trkpt>
      <trkpt lat="35.7566477358341217041015625" lon="139.534460417926311492919921875">
        <ele>44.59999847412109375</ele>
        <time>2026-08-10T09:41:25.000Z</time>
        <extensions>
          <ns3:TrackPointExtension>
            <ns3:hr>146</ns3:hr>
            <ns3:cad>83</ns3:cad>
          </ns3:TrackPointExtension>
        </extensions>
      </trkpt>
      <trkpt lat="35.75663960538804531097412109375" lon="139.53444574959576129913330078125">
        <ele>44.59999847412109375</ele>
        <time>2026-08-10T09:41:26.000Z</time>
        <extensions>
          <ns3:TrackPointExtension>
            <ns3:hr>146</ns3:hr>
            <ns3:cad>83</ns3:cad>
          </ns3:TrackPointExtension>
        </extensions>
      </trkpt>
      <trkpt lat="35.75663005001842975616455078125" lon="139.53442982397973537445068359375">
        <ele>44.59999847412109375</ele>
        <time>2026-08-10T09:41:27.000Z</time>
        <extensions>
          <ns3:TrackPointExtension>
            <ns3:hr>147</ns3:hr>
            <ns3:cad>83</ns3:cad>
          </ns3:TrackPointExtension>
        </extensions>
      </trkpt>
      <trkpt lat="35.75661831535398960113525390625" lon="139.5344159938395023345947265625">
        <ele>44.59999847412109375</ele>
        <time>2026-08-10T09:41:28.000Z</time>
        <extensions>
          <ns3:TrackPointExtension>
            <ns3:hr>147</ns3:hr>
            <ns3:cad>81</ns3:cad>
          </ns3:TrackPointExtension>
        </extensions>
      </trkpt>
      <trkpt lat="35.7566093467175960540771484375" lon="139.534399397671222686767578125">
        <ele>44.40000152587890625</ele>
        <time>2026-08-10T09:41:29.000Z</time>
        <extensions>
          <ns3:TrackPointExtension>
            <ns3:hr>146</ns3:hr>
            <ns3:cad>80</ns3:cad>
          </ns3:TrackPointExtension>
        </extensions>
      </trkpt>
      <trkpt lat="35.75660188682377338409423828125" lon="139.53438020311295986175537109375">
        <ele>44.40000152587890625</ele>
        <time>2026-08-10T09:41:30.000Z</time>
        <extensions>
          <ns3:TrackPointExtension>
            <ns3:hr>146</ns3:hr>
            <ns3:cad>80</ns3:cad>
          </ns3:TrackPointExtension>
        </extensions>
      </trkpt>
      <trkpt lat="35.756595097482204437255859375" lon="139.5343626849353313446044921875">
        <ele>44.40000152587890625</ele>
        <time>2026-08-10T09:41:31.000Z</time>
        <extensions>
          <ns3:TrackPointExtension>
            <ns3:hr>146</ns3:hr>
            <ns3:cad>80</ns3:cad>
          </ns3:TrackPointExtension>
        </extensions>
      </trkpt>
      <trkpt lat="35.75658939778804779052734375" lon="139.53434449620544910430908203125">
        <ele>44.40000152587890625</ele>
        <time>2026-08-10T09:41:32.000Z</time>
        <extensions>
          <ns3:TrackPointExtension>
            <ns3:hr>146</ns3:hr>
            <ns3:cad>81</ns3:cad>
          </ns3:TrackPointExtension>
        </extensions>
      </trkpt>
      <trkpt lat="35.75658428482711315155029296875" lon="139.5343264751136302947998046875">
        <ele>44.40000152587890625</ele>
        <time>2026-08-10T09:41:33.000Z</time>
        <extensions>
          <ns3:TrackPointExtension>
            <ns3:hr>145</ns3:hr>
            <ns3:cad>82</ns3:cad>
          </ns3:TrackPointExtension>
        </extensions>
      </trkpt>
      <trkpt lat="35.75657464563846588134765625" lon="139.5343090407550334930419921875">
        <ele>44.40000152587890625</ele>
        <time>2026-08-10T09:41:34.000Z</time>
        <extensions>
          <ns3:TrackPointExtension>
            <ns3:hr>146</ns3:hr>
            <ns3:cad>82</ns3:cad>
          </ns3:TrackPointExtension>
        </extensions>
      </trkpt>
      <trkpt lat="35.7565657608211040496826171875" lon="139.534292109310626983642578125">
        <ele>44.40000152587890625</ele>
        <time>2026-08-10T09:41:35.000Z</time>
        <extensions>
          <ns3:TrackPointExtension>
            <ns3:hr>145</ns3:hr>
            <ns3:cad>81</ns3:cad>
          </ns3:TrackPointExtension>
        </extensions>
      </trkpt>
      <trkpt lat="35.75655628927052021026611328125" lon="139.534271657466888427734375">
        <ele>44.40000152587890625</ele>
        <time>2026-08-10T09:41:36.000Z</time>
        <extensions>
          <ns3:TrackPointExtension>
            <ns3:hr>145</ns3:hr>
            <ns3:cad>81</ns3:cad>
          </ns3:TrackPointExtension>
        </extensions>
      </trkpt>
      <trkpt lat="35.75654773972928524017333984375" lon="139.53424843959510326385498046875">
        <ele>44.40000152587890625</ele>
        <time>2026-08-10T09:41:37.000Z</time>
        <extensions>
          <ns3:TrackPointExtension>
            <ns3:hr>145</ns3:hr>
            <ns3:cad>81</ns3:cad>
          </ns3:TrackPointExtension>
        </extensions>
      </trkpt>
      <trkpt lat="35.75654002837836742401123046875" lon="139.53422631137073040008544921875">
        <ele>44.40000152587890625</ele>
        <time>2026-08-10T09:41:38.000Z</time>
        <extensions>
          <ns3:TrackPointExtension>
            <ns3:hr>145</ns3:hr>
            <ns3:cad>81</ns3:cad>
          </ns3:TrackPointExtension>
        </extensions>
      </trkpt>
      <trkpt lat="35.756531059741973876953125" lon="139.534206949174404144287109375">
        <ele>44.40000152587890625</ele>
        <time>2026-08-10T09:41:39.000Z</time>
        <extensions>
          <ns3:TrackPointExtension>
            <ns3:hr>145</ns3:hr>
            <ns3:cad>81</ns3:cad>
          </ns3:TrackPointExtension>
        </extensions>
      </trkpt>
      <trkpt lat="35.7565218396484851837158203125" lon="139.53418649733066558837890625">
        <ele>44.40000152587890625</ele>
        <time>2026-08-10T09:41:40.000Z</time>
        <extensions>
          <ns3:TrackPointExtension>
            <ns3:hr>145</ns3:hr>
            <ns3:cad>81</ns3:cad>
          </ns3:TrackPointExtension>
        </extensions>
      </trkpt>
      <trkpt lat="35.7565131224691867828369140625" lon="139.534165374934673309326171875">
        <ele>44.40000152587890625</ele>
        <time>2026-08-10T09:41:41.000Z</time>
        <extensions>
          <ns3:TrackPointExtension>
            <ns3:hr>145</ns3:hr>
            <ns3:cad>81</ns3:cad>
          </ns3:TrackPointExtension>
        </extensions>
      </trkpt>
      <trkpt lat="35.75650432147085666656494140625" lon="139.5341460965573787689208984375">
        <ele>44.59999847412109375</ele>
        <time>2026-08-10T09:41:42.000Z</time>
        <extensions>
          <ns3:TrackPointExtension>
            <ns3:hr>145</ns3:hr>
            <ns3:cad>81</ns3:cad>
          </ns3:TrackPointExtension>
        </extensions>
      </trkpt>
      <trkpt lat="35.75649476610124111175537109375" lon="139.53412639908492565155029296875">
        <ele>44.59999847412109375</ele>
        <time>2026-08-10T09:41:43.000Z</time>
        <extensions>
          <ns3:TrackPointExtension>
            <ns3:hr>145</ns3:hr>
            <ns3:cad>81</ns3:cad>
          </ns3:TrackPointExtension>
        </extensions>
      </trkpt>
      <trkpt lat="35.75648822821676731109619140625" lon="139.5341061986982822418212890625">
        <ele>44.59999847412109375</ele>
        <time>2026-08-10T09:41:44.000Z</time>
        <extensions>
          <ns3:TrackPointExtension>
            <ns3:hr>145</ns3:hr>
            <ns3:cad>81</ns3:cad>
          </ns3:TrackPointExtension>
        </extensions>
      </trkpt>
      <trkpt lat="35.7564816065132617950439453125" lon="139.5340879261493682861328125">
        <ele>44.59999847412109375</ele>
        <time>2026-08-10T09:41:45.000Z</time>
        <extensions>
          <ns3:TrackPointExtension>
            <ns3:hr>145</ns3:hr>
            <ns3:cad>81</ns3:cad>
          </ns3:TrackPointExtension>
        </extensions>
      </trkpt>
      <trkpt lat="35.7564760744571685791015625" lon="139.534071497619152069091796875">
        <ele>44.59999847412109375</ele>
        <time>2026-08-10T09:41:46.000Z</time>
        <extensions>
          <ns3:TrackPointExtension>
            <ns3:hr>145</ns3:hr>
            <ns3:cad>81</ns3:cad>
          </ns3:TrackPointExtension>
        </extensions>
      </trkpt>
      <trkpt lat="35.75646693818271160125732421875" lon="139.53405666165053844451904296875">
        <ele>44.59999847412109375</ele>
        <time>2026-08-10T09:41:47.000Z</time>
        <extensions>
          <ns3:TrackPointExtension>
            <ns3:hr>144</ns3:hr>
            <ns3:cad>80</ns3:cad>
          </ns3:TrackPointExtension>
        </extensions>
      </trkpt>
      <trkpt lat="35.75646040029823780059814453125" lon="139.53403755091130733489990234375">
        <ele>44.59999847412109375</ele>
        <time>2026-08-10T09:41:48.000Z</time>
        <extensions>
          <ns3:TrackPointExtension>
            <ns3:hr>144</ns3:hr>
            <ns3:cad>80</ns3:cad>
          </ns3:TrackPointExtension>
        </extensions>
      </trkpt>
      <trkpt lat="35.75645235367119312286376953125" lon="139.53401978127658367156982421875">
        <ele>44.59999847412109375</ele>
        <time>2026-08-10T09:41:49.000Z</time>
        <extensions>
          <ns3:TrackPointExtension>
            <ns3:hr>144</ns3:hr>
            <ns3:cad>81</ns3:cad>
          </ns3:TrackPointExtension>
        </extensions>
      </trkpt>
      <trkpt lat="35.7564430497586727142333984375" lon="139.533996395766735076904296875">
        <ele>44.59999847412109375</ele>
        <time>2026-08-10T09:41:50.000Z</time>
        <extensions>
          <ns3:TrackPointExtension>
            <ns3:hr>145</ns3:hr>
            <ns3:cad>81</ns3:cad>
          </ns3:TrackPointExtension>
        </extensions>
      </trkpt>
      <trkpt lat="35.75643223710358142852783203125" lon="139.5339771173894405364990234375">
        <ele>44.59999847412109375</ele>
        <time>2026-08-10T09:41:51.000Z</time>
        <extensions>
          <ns3:TrackPointExtension>
            <ns3:hr>145</ns3:hr>
            <ns3:cad>81</ns3:cad>
          </ns3:TrackPointExtension>
        </extensions>
      </trkpt>
      <trkpt lat="35.7564232684671878814697265625" lon="139.53395976684987545013427734375">
        <ele>44.59999847412109375</ele>
        <time>2026-08-10T09:41:52.000Z</time>
        <extensions>
          <ns3:TrackPointExtension>
            <ns3:hr>145</ns3:hr>
            <ns3:cad>81</ns3:cad>
          </ns3:TrackPointExtension>
        </extensions>
      </trkpt>
      <trkpt lat="35.756415389478206634521484375" lon="139.5339404046535491943359375">
        <ele>44.59999847412109375</ele>
        <time>2026-08-10T09:41:53.000Z</time>
        <extensions>
          <ns3:TrackPointExtension>
            <ns3:hr>146</ns3:hr>
            <ns3:cad>80</ns3:cad>
          </ns3:TrackPointExtension>
        </extensions>
      </trkpt>
      <trkpt lat="35.7564061693847179412841796875" lon="139.53391919843852519989013671875">
        <ele>44.799999237060546875</ele>
        <time>2026-08-10T09:41:54.000Z</time>
        <extensions>
          <ns3:TrackPointExtension>
            <ns3:hr>146</ns3:hr>
            <ns3:cad>80</ns3:cad>
          </ns3:TrackPointExtension>
        </extensions>
      </trkpt>
      <trkpt lat="35.75639770366251468658447265625" lon="139.53390218317508697509765625">
        <ele>44.799999237060546875</ele>
        <time>2026-08-10T09:41:55.000Z</time>
        <extensions>
          <ns3:TrackPointExtension>
            <ns3:hr>147</ns3:hr>
            <ns3:cad>81</ns3:cad>
          </ns3:TrackPointExtension>
        </extensions>
      </trkpt>
      <trkpt lat="35.7563880644738674163818359375" lon="139.53388449735939502716064453125">
        <ele>44.799999237060546875</ele>
        <time>2026-08-10T09:41:56.000Z</time>
        <extensions>
          <ns3:TrackPointExtension>
            <ns3:hr>147</ns3:hr>
            <ns3:cad>81</ns3:cad>
          </ns3:TrackPointExtension>
        </extensions>
      </trkpt>
      <trkpt lat="35.7563793472945690155029296875" lon="139.53386605717241764068603515625">
        <ele>44.799999237060546875</ele>
        <time>2026-08-10T09:41:57.000Z</time>
        <extensions>
          <ns3:TrackPointExtension>
            <ns3:hr>147</ns3:hr>
            <ns3:cad>81</ns3:cad>
          </ns3:TrackPointExtension>
        </extensions>
      </trkpt>
      <trkpt lat="35.7563733123242855072021484375" lon="139.533845521509647369384765625">
        <ele>44.799999237060546875</ele>
        <time>2026-08-10T09:41:58.000Z</time>
        <extensions>
          <ns3:TrackPointExtension>
            <ns3:hr>147</ns3:hr>
            <ns3:cad>81</ns3:cad>
          </ns3:TrackPointExtension>
        </extensions>
      </trkpt>
      <trkpt lat="35.75636786408722400665283203125" lon="139.53381911851465702056884765625">
        <ele>44.799999237060546875</ele>
        <time>2026-08-10T09:41:59.000Z</time>
        <extensions>
          <ns3:TrackPointExtension>
            <ns3:hr>147</ns3:hr>
            <ns3:cad>81</ns3:cad>
          </ns3:TrackPointExtension>
        </extensions>
      </trkpt>
      <trkpt lat="35.7563562132418155670166015625" lon="139.53379757702350616455078125">
        <ele>44.799999237060546875</ele>
        <time>2026-08-10T09:42:00.000Z</time>
        <extensions>
          <ns3:TrackPointExtension>
            <ns3:hr>147</ns3:hr>
            <ns3:cad>81</ns3:cad>
          </ns3:TrackPointExtension>
        </extensions>
      </trkpt>
      <trkpt lat="35.75634607113897800445556640625" lon="139.53377368859946727752685546875">
        <ele>45</ele>
        <time>2026-08-10T09:42:01.000Z</time>
        <extensions>
          <ns3:TrackPointExtension>
            <ns3:hr>147</ns3:hr>
            <ns3:cad>80</ns3:cad>
          </ns3:TrackPointExtension>
        </extensions>
      </trkpt>
      <trkpt lat="35.7563374377787113189697265625" lon="139.5337498001754283905029296875">
        <ele>45</ele>
        <time>2026-08-10T09:42:02.000Z</time>
        <extensions>
          <ns3:TrackPointExtension>
            <ns3:hr>147</ns3:hr>
            <ns3:cad>80</ns3:cad>
          </ns3:TrackPointExtension>
        </extensions>
      </trkpt>
      <trkpt lat="35.7563293911516666412353515625" lon="139.53373043797910213470458984375">
        <ele>45</ele>
        <time>2026-08-10T09:42:03.000Z</time>
        <extensions>
          <ns3:TrackPointExtension>
            <ns3:hr>147</ns3:hr>
            <ns3:cad>79</ns3:cad>
          </ns3:TrackPointExtension>
        </extensions>
      </trkpt>
      <trkpt lat="35.75631690211594104766845703125" lon="139.533714093267917633056640625">
        <ele>45.200000762939453125</ele>
        <time>2026-08-10T09:42:04.000Z</time>
        <extensions>
          <ns3:TrackPointExtension>
            <ns3:hr>147</ns3:hr>
            <ns3:cad>79</ns3:cad>
          </ns3:TrackPointExtension>
        </extensions>
      </trkpt>
      <trkpt lat="35.75630231760442256927490234375" lon="139.53369691036641597747802734375">
        <ele>45.200000762939453125</ele>
        <time>2026-08-10T09:42:05.000Z</time>
        <extensions>
          <ns3:TrackPointExtension>
            <ns3:hr>147</ns3:hr>
            <ns3:cad>79</ns3:cad>
          </ns3:TrackPointExtension>
        </extensions>
      </trkpt>
      <trkpt lat="35.75629108585417270660400390625" lon="139.53367981128394603729248046875">
        <ele>45.200000762939453125</ele>
        <time>2026-08-10T09:42:06.000Z</time>
        <extensions>
          <ns3:TrackPointExtension>
            <ns3:hr>147</ns3:hr>
            <ns3:cad>79</ns3:cad>
          </ns3:TrackPointExtension>
        </extensions>
      </trkpt>
      <trkpt lat="35.75628287158906459808349609375" lon="139.5336632989346981048583984375">
        <ele>45.200000762939453125</ele>
        <time>2026-08-10T09:42:07.000Z</time>
        <extensions>
          <ns3:TrackPointExtension>
            <ns3:hr>148</ns3:hr>
            <ns3:cad>78</ns3:cad>
          </ns3:TrackPointExtension>
        </extensions>
      </trkpt>
      <trkpt lat="35.7562801055610179901123046875" lon="139.53364527784287929534912109375">
        <ele>45.200000762939453125</ele>
        <time>2026-08-10T09:42:08.000Z</time>
        <extensions>
          <ns3:TrackPointExtension>
            <ns3:hr>148</ns3:hr>
            <ns3:cad>78</ns3:cad>
          </ns3:TrackPointExtension>
        </extensions>
      </trkpt>
      <trkpt lat="35.75627448968589305877685546875" lon="139.53363136388361454010009765625">
        <ele>45.200000762939453125</ele>
        <time>2026-08-10T09:42:09.000Z</time>
        <extensions>
          <ns3:TrackPointExtension>
            <ns3:hr>148</ns3:hr>
            <ns3:cad>78</ns3:cad>
          </ns3:TrackPointExtension>
        </extensions>
      </trkpt>
      <trkpt lat="35.75626359321177005767822265625" lon="139.53361677937209606170654296875">
        <ele>45.40000152587890625</ele>
        <time>2026-08-10T09:42:10.000Z</time>
        <extensions>
          <ns3:TrackPointExtension>
            <ns3:hr>149</ns3:hr>
            <ns3:cad>78</ns3:cad>
          </ns3:TrackPointExtension>
        </extensions>
      </trkpt>
      <trkpt lat="35.75625571422278881072998046875" lon="139.5336056314408779144287109375">
        <ele>45.40000152587890625</ele>
        <time>2026-08-10T09:42:11.000Z</time>
        <extensions>
          <ns3:TrackPointExtension>
            <ns3:hr>149</ns3:hr>
            <ns3:cad>78</ns3:cad>
          </ns3:TrackPointExtension>
        </extensions>
      </trkpt>
      <trkpt lat="35.756247080862522125244140625" lon="139.53360051847994327545166015625">
        <ele>45.40000152587890625</ele>
        <time>2026-08-10T09:42:12.000Z</time>
        <extensions>
          <ns3:TrackPointExtension>
            <ns3:hr>149</ns3:hr>
            <ns3:cad>78</ns3:cad>
          </ns3:TrackPointExtension>
        </extensions>
      </trkpt>
      <trkpt lat="35.75623794458806514739990234375" lon="139.53359230421483516693115234375">
        <ele>45.40000152587890625</ele>
        <time>2026-08-10T09:42:13.000Z</time>
        <extensions>
          <ns3:TrackPointExtension>
            <ns3:hr>149</ns3:hr>
            <ns3:cad>76</ns3:cad>
          </ns3:TrackPointExtension>
        </extensions>
      </trkpt>
      <trkpt lat="35.756226964294910430908203125" lon="139.533588029444217681884765625">
        <ele>45.40000152587890625</ele>
        <time>2026-08-10T09:42:14.000Z</time>
        <extensions>
          <ns3:TrackPointExtension>
            <ns3:hr>149</ns3:hr>
            <ns3:cad>76</ns3:cad>
          </ns3:TrackPointExtension>
        </extensions>
      </trkpt>
      <trkpt lat="35.756218247115612030029296875" lon="139.53357989899814128875732421875">
        <ele>45.40000152587890625</ele>
        <time>2026-08-10T09:42:15.000Z</time>
        <extensions>
          <ns3:TrackPointExtension>
            <ns3:hr>148</ns3:hr>
            <ns3:cad>76</ns3:cad>
          </ns3:TrackPointExtension>
        </extensions>
      </trkpt>
      <trkpt lat="35.7562023214995861053466796875" lon="139.53357704915106296539306640625">
        <ele>45.200000762939453125</ele>
        <time>2026-08-10T09:42:16.000Z</time>
        <extensions>
          <ns3:TrackPointExtension>
            <ns3:hr>146</ns3:hr>
            <ns3:cad>76</ns3:cad>
          </ns3:TrackPointExtension>
        </extensions>
      </trkpt>
      <trkpt lat="35.75619511306285858154296875" lon="139.53354544937610626220703125">
        <ele>45</ele>
        <time>2026-08-10T09:42:17.000Z</time>
        <extensions>
          <ns3:TrackPointExtension>
            <ns3:hr>144</ns3:hr>
            <ns3:cad>77</ns3:cad>
          </ns3:TrackPointExtension>
        </extensions>
      </trkpt>
      <trkpt lat="35.75619955547153949737548828125" lon="139.533515609800815582275390625">
        <ele>45</ele>
        <time>2026-08-10T09:42:18.000Z</time>
        <extensions>
          <ns3:TrackPointExtension>
            <ns3:hr>143</ns3:hr>
            <ns3:cad>77</ns3:cad>
          </ns3:TrackPointExtension>
        </extensions>
      </trkpt>
      <trkpt lat="35.7562029920518398284912109375" lon="139.5334825851023197174072265625">
        <ele>45</ele>
        <time>2026-08-10T09:42:19.000Z</time>
        <extensions>
          <ns3:TrackPointExtension>
            <ns3:hr>143</ns3:hr>
            <ns3:cad>78</ns3:cad>
          </ns3:TrackPointExtension>
        </extensions>
      </trkpt>
      <trkpt lat="35.75619754381477832794189453125" lon="139.53346632421016693115234375">
        <ele>45</ele>
        <time>2026-08-10T09:42:20.000Z</time>
        <extensions>
          <ns3:TrackPointExtension>
            <ns3:hr>142</ns3:hr>
            <ns3:cad>79</ns3:cad>
          </ns3:TrackPointExtension>
        </extensions>
      </trkpt>
      <trkpt lat="35.75619335286319255828857421875" lon="139.53344964422285556793212890625">
        <ele>45</ele>
        <time>2026-08-10T09:42:21.000Z</time>
        <extensions>
          <ns3:TrackPointExtension>
            <ns3:hr>142</ns3:hr>
            <ns3:cad>81</ns3:cad>
          </ns3:TrackPointExtension>
        </extensions>
      </trkpt>
      <trkpt lat="35.7561842165887355804443359375" lon="139.53343212604522705078125">
        <ele>45</ele>
        <time>2026-08-10T09:42:22.000Z</time>
        <extensions>
          <ns3:TrackPointExtension>
            <ns3:hr>142</ns3:hr>
            <ns3:cad>81</ns3:cad>
          </ns3:TrackPointExtension>
        </extensions>
      </trkpt>
      <trkpt lat="35.75617742724716663360595703125" lon="139.53341494314372539520263671875">
        <ele>45</ele>
        <time>2026-08-10T09:42:23.000Z</time>
        <extensions>
          <ns3:TrackPointExtension>
            <ns3:hr>143</ns3:hr>
            <ns3:cad>80</ns3:cad>
          </ns3:TrackPointExtension>
        </extensions>
      </trkpt>
      <trkpt lat="35.7561729848384857177734375" lon="139.5333940722048282623291015625">
        <ele>45</ele>
        <time>2026-08-10T09:42:24.000Z</time>
        <extensions>
          <ns3:TrackPointExtension>
            <ns3:hr>143</ns3:hr>
            <ns3:cad>80</ns3:cad>
          </ns3:TrackPointExtension>
        </extensions>
      </trkpt>
      <trkpt lat="35.75616686604917049407958984375" lon="139.53338091261684894561767578125">
        <ele>45</ele>
        <time>2026-08-10T09:42:25.000Z</time>
        <extensions>
          <ns3:TrackPointExtension>
            <ns3:hr>143</ns3:hr>
            <ns3:cad>78</ns3:cad>
          </ns3:TrackPointExtension>
        </extensions>
      </trkpt>
      <trkpt lat="35.7561563886702060699462890625" lon="139.533372111618518829345703125">
        <ele>45</ele>
        <time>2026-08-10T09:42:26.000Z</time>
        <extensions>
          <ns3:TrackPointExtension>
            <ns3:hr>143</ns3:hr>
            <ns3:cad>78</ns3:cad>
          </ns3:TrackPointExtension>
        </extensions>
      </trkpt>
      <trkpt lat="35.756147839128971099853515625" lon="139.53335425816476345062255859375">
        <ele>45</ele>
        <time>2026-08-10T09:42:27.000Z</time>
        <extensions>
          <ns3:TrackPointExtension>
            <ns3:hr>143</ns3:hr>
            <ns3:cad>77</ns3:cad>
          </ns3:TrackPointExtension>
        </extensions>
      </trkpt>
      <trkpt lat="35.75613937340676784515380859375" lon="139.53333095647394657135009765625">
        <ele>44.799999237060546875</ele>
        <time>2026-08-10T09:42:28.000Z</time>
        <extensions>
          <ns3:TrackPointExtension>
            <ns3:hr>142</ns3:hr>
            <ns3:cad>77</ns3:cad>
          </ns3:TrackPointExtension>
        </extensions>
      </trkpt>
      <trkpt lat="35.75613342225551605224609375" lon="139.5333122648298740386962890625">
        <ele>44.799999237060546875</ele>
        <time>2026-08-10T09:42:29.000Z</time>
        <extensions>
          <ns3:TrackPointExtension>
            <ns3:hr>142</ns3:hr>
            <ns3:cad>77</ns3:cad>
          </ns3:TrackPointExtension>
        </extensions>
      </trkpt>
      <trkpt lat="35.75613032095134258270263671875" lon="139.5332961715757846832275390625">
        <ele>44.799999237060546875</ele>
        <time>2026-08-10T09:42:30.000Z</time>
        <extensions>
          <ns3:TrackPointExtension>
            <ns3:hr>142</ns3:hr>
            <ns3:cad>78</ns3:cad>
          </ns3:TrackPointExtension>
        </extensions>
      </trkpt>
      <trkpt lat="35.75612026266753673553466796875" lon="139.53327898867428302764892578125">
        <ele>44.799999237060546875</ele>
        <time>2026-08-10T09:42:31.000Z</time>
        <extensions>
          <ns3:TrackPointExtension>
            <ns3:hr>142</ns3:hr>
            <ns3:cad>78</ns3:cad>
          </ns3:TrackPointExtension>
        </extensions>
      </trkpt>
      <trkpt lat="35.7561087794601917266845703125" lon="139.53326574526727199554443359375">
        <ele>44.799999237060546875</ele>
        <time>2026-08-10T09:42:32.000Z</time>
        <extensions>
          <ns3:TrackPointExtension>
            <ns3:hr>142</ns3:hr>
            <ns3:cad>78</ns3:cad>
          </ns3:TrackPointExtension>
        </extensions>
      </trkpt>
      <trkpt lat="35.7561003975570201873779296875" lon="139.53324931673705577850341796875">
        <ele>44.799999237060546875</ele>
        <time>2026-08-10T09:42:33.000Z</time>
        <extensions>
          <ns3:TrackPointExtension>
            <ns3:hr>142</ns3:hr>
            <ns3:cad>78</ns3:cad>
          </ns3:TrackPointExtension>
        </extensions>
      </trkpt>
      <trkpt lat="35.7560946978628635406494140625" lon="139.533231966197490692138671875">
        <ele>44.799999237060546875</ele>
        <time>2026-08-10T09:42:34.000Z</time>
        <extensions>
          <ns3:TrackPointExtension>
            <ns3:hr>142</ns3:hr>
            <ns3:cad>78</ns3:cad>
          </ns3:TrackPointExtension>
        </extensions>
      </trkpt>
      <trkpt lat="35.75608916580677032470703125" lon="139.53321578912436962127685546875">
        <ele>45</ele>
        <time>2026-08-10T09:42:35.000Z</time>
        <extensions>
          <ns3:TrackPointExtension>
            <ns3:hr>141</ns3:hr>
            <ns3:cad>78</ns3:cad>
          </ns3:TrackPointExtension>
        </extensions>
      </trkpt>
      <trkpt lat="35.75608120299875736236572265625" lon="139.5332009531557559967041015625">
        <ele>45</ele>
        <time>2026-08-10T09:42:36.000Z</time>
        <extensions>
          <ns3:TrackPointExtension>
            <ns3:hr>141</ns3:hr>
            <ns3:cad>78</ns3:cad>
          </ns3:TrackPointExtension>
        </extensions>
      </trkpt>
      <trkpt lat="35.7560749165713787078857421875" lon="139.5331893861293792724609375">
        <ele>45</ele>
        <time>2026-08-10T09:42:37.000Z</time>
        <extensions>
          <ns3:TrackPointExtension>
            <ns3:hr>141</ns3:hr>
            <ns3:cad>78</ns3:cad>
          </ns3:TrackPointExtension>
        </extensions>
      </trkpt>
      <trkpt lat="35.756068043410778045654296875" lon="139.53317203558981418609619140625">
        <ele>45</ele>
        <time>2026-08-10T09:42:38.000Z</time>
        <extensions>
          <ns3:TrackPointExtension>
            <ns3:hr>141</ns3:hr>
            <ns3:cad>78</ns3:cad>
          </ns3:TrackPointExtension>
        </extensions>
      </trkpt>
      <trkpt lat="35.75606276281177997589111328125" lon="139.5331563614308834075927734375">
        <ele>45</ele>
        <time>2026-08-10T09:42:39.000Z</time>
        <extensions>
          <ns3:TrackPointExtension>
            <ns3:hr>141</ns3:hr>
            <ns3:cad>78</ns3:cad>
          </ns3:TrackPointExtension>
        </extensions>
      </trkpt>
      <trkpt lat="35.75605689547955989837646484375" lon="139.53314269892871379852294921875">
        <ele>45</ele>
        <time>2026-08-10T09:42:40.000Z</time>
        <extensions>
          <ns3:TrackPointExtension>
            <ns3:hr>140</ns3:hr>
            <ns3:cad>78</ns3:cad>
          </ns3:TrackPointExtension>
        </extensions>
      </trkpt>
      <trkpt lat="35.7560501061379909515380859375" lon="139.5331265218555927276611328125">
        <ele>45</ele>
        <time>2026-08-10T09:42:41.000Z</time>
        <extensions>
          <ns3:TrackPointExtension>
            <ns3:hr>140</ns3:hr>
            <ns3:cad>78</ns3:cad>
          </ns3:TrackPointExtension>
        </extensions>
      </trkpt>
      <trkpt lat="35.7560420595109462738037109375" lon="139.53310900367796421051025390625">
        <ele>45</ele>
        <time>2026-08-10T09:42:42.000Z</time>
        <extensions>
          <ns3:TrackPointExtension>
            <ns3:hr>140</ns3:hr>
            <ns3:cad>78</ns3:cad>
          </ns3:TrackPointExtension>
        </extensions>
      </trkpt>
      <trkpt lat="35.75603485107421875" lon="139.53309349715709686279296875">
        <ele>45</ele>
        <time>2026-08-10T09:42:43.000Z</time>
        <extensions>
          <ns3:TrackPointExtension>
            <ns3:hr>140</ns3:hr>
            <ns3:cad>78</ns3:cad>
          </ns3:TrackPointExtension>
        </extensions>
      </trkpt>
      <trkpt lat="35.75602613389492034912109375" lon="139.53307807445526123046875">
        <ele>45</ele>
        <time>2026-08-10T09:42:44.000Z</time>
        <extensions>
          <ns3:TrackPointExtension>
            <ns3:hr>140</ns3:hr>
            <ns3:cad>78</ns3:cad>
          </ns3:TrackPointExtension>
        </extensions>
      </trkpt>
      <trkpt lat="35.756021775305271148681640625" lon="139.53305535949766635894775390625">
        <ele>45</ele>
        <time>2026-08-10T09:42:45.000Z</time>
        <extensions>
          <ns3:TrackPointExtension>
            <ns3:hr>139</ns3:hr>
            <ns3:cad>78</ns3:cad>
          </ns3:TrackPointExtension>
        </extensions>
      </trkpt>
      <trkpt lat="35.756013728678226470947265625" lon="139.533036164939403533935546875">
        <ele>45</ele>
        <time>2026-08-10T09:42:46.000Z</time>
        <extensions>
          <ns3:TrackPointExtension>
            <ns3:hr>139</ns3:hr>
            <ns3:cad>78</ns3:cad>
          </ns3:TrackPointExtension>
        </extensions>
      </trkpt>
      <trkpt lat="35.7560051791369915008544921875" lon="139.53301965259015560150146484375">
        <ele>44.799999237060546875</ele>
        <time>2026-08-10T09:42:47.000Z</time>
        <extensions>
          <ns3:TrackPointExtension>
            <ns3:hr>139</ns3:hr>
            <ns3:cad>77</ns3:cad>
          </ns3:TrackPointExtension>
        </extensions>
      </trkpt>
      <trkpt lat="35.755996964871883392333984375" lon="139.53300322405993938446044921875">
        <ele>44.799999237060546875</ele>
        <time>2026-08-10T09:42:48.000Z</time>
        <extensions>
          <ns3:TrackPointExtension>
            <ns3:hr>139</ns3:hr>
            <ns3:cad>77</ns3:cad>
          </ns3:TrackPointExtension>
        </extensions>
      </trkpt>
      <trkpt lat="35.75598648749291896820068359375" lon="139.532989226281642913818359375">
        <ele>44.799999237060546875</ele>
        <time>2026-08-10T09:42:49.000Z</time>
        <extensions>
          <ns3:TrackPointExtension>
            <ns3:hr>139</ns3:hr>
            <ns3:cad>77</ns3:cad>
          </ns3:TrackPointExtension>
        </extensions>
      </trkpt>
      <trkpt lat="35.7559771835803985595703125" lon="139.532972462475299835205078125">
        <ele>44.799999237060546875</ele>
        <time>2026-08-10T09:42:50.000Z</time>
        <extensions>
          <ns3:TrackPointExtension>
            <ns3:hr>138</ns3:hr>
            <ns3:cad>78</ns3:cad>
          </ns3:TrackPointExtension>
        </extensions>
      </trkpt>
      <trkpt lat="35.75596905313432216644287109375" lon="139.53294840641319751739501953125">
        <ele>44.799999237060546875</ele>
        <time>2026-08-10T09:42:51.000Z</time>
        <extensions>
          <ns3:TrackPointExtension>
            <ns3:hr>138</ns3:hr>
            <ns3:cad>78</ns3:cad>
          </ns3:TrackPointExtension>
        </extensions>
      </trkpt>
      <trkpt lat="35.7559637725353240966796875" lon="139.53292896039783954620361328125">
        <ele>44.799999237060546875</ele>
        <time>2026-08-10T09:42:52.000Z</time>
        <extensions>
          <ns3:TrackPointExtension>
            <ns3:hr>138</ns3:hr>
            <ns3:cad>79</ns3:cad>
          </ns3:TrackPointExtension>
        </extensions>
      </trkpt>
      <trkpt lat="35.75596041977405548095703125" lon="139.53290850855410099029541015625">
        <ele>44.799999237060546875</ele>
        <time>2026-08-10T09:42:53.000Z</time>
        <extensions>
          <ns3:TrackPointExtension>
            <ns3:hr>138</ns3:hr>
            <ns3:cad>79</ns3:cad>
          </ns3:TrackPointExtension>
        </extensions>
      </trkpt>
      <trkpt lat="35.755955390632152557373046875" lon="139.53286609612405300140380859375">
        <ele>44.799999237060546875</ele>
        <time>2026-08-10T09:42:54.000Z</time>
        <extensions>
          <ns3:TrackPointExtension>
            <ns3:hr>139</ns3:hr>
            <ns3:cad>80</ns3:cad>
          </ns3:TrackPointExtension>
        </extensions>
      </trkpt>
      <trkpt lat="35.7559441588819026947021484375" lon="139.5328458957374095916748046875">
        <ele>45</ele>
        <time>2026-08-10T09:42:55.000Z</time>
        <extensions>
          <ns3:TrackPointExtension>
            <ns3:hr>139</ns3:hr>
            <ns3:cad>80</ns3:cad>
          </ns3:TrackPointExtension>
        </extensions>
      </trkpt>
      <trkpt lat="35.75593938119709491729736328125" lon="139.5328214205801486968994140625">
        <ele>45</ele>
        <time>2026-08-10T09:42:56.000Z</time>
        <extensions>
          <ns3:TrackPointExtension>
            <ns3:hr>139</ns3:hr>
            <ns3:cad>80</ns3:cad>
          </ns3:TrackPointExtension>
        </extensions>
      </trkpt>
      <trkpt lat="35.75593049637973308563232421875" lon="139.5328019745647907257080078125">
        <ele>45</ele>
        <time>2026-08-10T09:42:57.000Z</time>
        <extensions>
          <ns3:TrackPointExtension>
            <ns3:hr>140</ns3:hr>
            <ns3:cad>80</ns3:cad>
          </ns3:TrackPointExtension>
        </extensions>
      </trkpt>
      <trkpt lat="35.755919516086578369140625" lon="139.53278646804392337799072265625">
        <ele>45</ele>
        <time>2026-08-10T09:42:58.000Z</time>
        <extensions>
          <ns3:TrackPointExtension>
            <ns3:hr>140</ns3:hr>
            <ns3:cad>80</ns3:cad>
          </ns3:TrackPointExtension>
        </extensions>
      </trkpt>
      <trkpt lat="35.75591155327856540679931640625" lon="139.53276584856212139129638671875">
        <ele>45</ele>
        <time>2026-08-10T09:42:59.000Z</time>
        <extensions>
          <ns3:TrackPointExtension>
            <ns3:hr>140</ns3:hr>
            <ns3:cad>80</ns3:cad>
          </ns3:TrackPointExtension>
        </extensions>
      </trkpt>
      <trkpt lat="35.755903087556362152099609375" lon="139.5327449776232242584228515625">
        <ele>45</ele>
        <time>2026-08-10T09:43:00.000Z</time>
        <extensions>
          <ns3:TrackPointExtension>
            <ns3:hr>140</ns3:hr>
            <ns3:cad>80</ns3:cad>
          </ns3:TrackPointExtension>
        </extensions>
      </trkpt>
      <trkpt lat="35.75589336454868316650390625" lon="139.5327280461788177490234375">
        <ele>45</ele>
        <time>2026-08-10T09:43:01.000Z</time>
        <extensions>
          <ns3:TrackPointExtension>
            <ns3:hr>140</ns3:hr>
            <ns3:cad>80</ns3:cad>
          </ns3:TrackPointExtension>
        </extensions>
      </trkpt>
      <trkpt lat="35.75588439591228961944580078125" lon="139.532706923782825469970703125">
        <ele>45</ele>
        <time>2026-08-10T09:43:02.000Z</time>
        <extensions>
          <ns3:TrackPointExtension>
            <ns3:hr>141</ns3:hr>
            <ns3:cad>80</ns3:cad>
          </ns3:TrackPointExtension>
        </extensions>
      </trkpt>
      <trkpt lat="35.7558767683804035186767578125" lon="139.5326873101294040679931640625">
        <ele>45</ele>
        <time>2026-08-10T09:43:03.000Z</time>
        <extensions>
          <ns3:TrackPointExtension>
            <ns3:hr>141</ns3:hr>
            <ns3:cad>80</ns3:cad>
          </ns3:TrackPointExtension>
        </extensions>
      </trkpt>
      <trkpt lat="35.7558697275817394256591796875" lon="139.53266878612339496612548828125">
        <ele>45</ele>
        <time>2026-08-10T09:43:04.000Z</time>
        <extensions>
          <ns3:TrackPointExtension>
            <ns3:hr>141</ns3:hr>
            <ns3:cad>80</ns3:cad>
          </ns3:TrackPointExtension>
        </extensions>
      </trkpt>
      <trkpt lat="35.75586251914501190185546875" lon="139.53265185467898845672607421875">
        <ele>45</ele>
        <time>2026-08-10T09:43:05.000Z</time>
        <extensions>
          <ns3:TrackPointExtension>
            <ns3:hr>141</ns3:hr>
            <ns3:cad>80</ns3:cad>
          </ns3:TrackPointExtension>
        </extensions>
      </trkpt>
      <trkpt lat="35.75585371814668178558349609375" lon="139.5326356776058673858642578125">
        <ele>45</ele>
        <time>2026-08-10T09:43:06.000Z</time>
        <extensions>
          <ns3:TrackPointExtension>
            <ns3:hr>141</ns3:hr>
            <ns3:cad>80</ns3:cad>
          </ns3:TrackPointExtension>
        </extensions>
      </trkpt>
      <trkpt lat="35.7558429054915904998779296875" lon="139.53262411057949066162109375">
        <ele>45</ele>
        <time>2026-08-10T09:43:07.000Z</time>
        <extensions>
          <ns3:TrackPointExtension>
            <ns3:hr>141</ns3:hr>
            <ns3:cad>80</ns3:cad>
          </ns3:TrackPointExtension>
        </extensions>
      </trkpt>
      <trkpt lat="35.75583158992230892181396484375" lon="139.53260625712573528289794921875">
        <ele>45</ele>
        <time>2026-08-10T09:43:08.000Z</time>
        <extensions>
          <ns3:TrackPointExtension>
            <ns3:hr>142</ns3:hr>
            <ns3:cad>80</ns3:cad>
          </ns3:TrackPointExtension>
        </extensions>
      </trkpt>
      <trkpt lat="35.75582069344818592071533203125" lon="139.532587230205535888671875">
        <ele>45</ele>
        <time>2026-08-10T09:43:09.000Z</time>
        <extensions>
          <ns3:TrackPointExtension>
            <ns3:hr>142</ns3:hr>
            <ns3:cad>81</ns3:cad>
          </ns3:TrackPointExtension>
        </extensions>
      </trkpt>
      <trkpt lat="35.7558137364685535430908203125" lon="139.5325724780559539794921875">
        <ele>45</ele>
        <time>2026-08-10T09:43:10.000Z</time>
        <extensions>
          <ns3:TrackPointExtension>
            <ns3:hr>142</ns3:hr>
            <ns3:cad>81</ns3:cad>
          </ns3:TrackPointExtension>
        </extensions>
      </trkpt>
      <trkpt lat="35.75580828823149204254150390625" lon="139.53255579806864261627197265625">
        <ele>44.799999237060546875</ele>
        <time>2026-08-10T09:43:11.000Z</time>
        <extensions>
          <ns3:TrackPointExtension>
            <ns3:hr>142</ns3:hr>
            <ns3:cad>81</ns3:cad>
          </ns3:TrackPointExtension>
        </extensions>
      </trkpt>
      <trkpt lat="35.75580074451863765716552734375" lon="139.532533921301364898681640625">
        <ele>44.799999237060546875</ele>
        <time>2026-08-10T09:43:12.000Z</time>
        <extensions>
          <ns3:TrackPointExtension>
            <ns3:hr>143</ns3:hr>
            <ns3:cad>80</ns3:cad>
          </ns3:TrackPointExtension>
        </extensions>
      </trkpt>
      <trkpt lat="35.75579144060611724853515625" lon="139.53251539729535579681396484375">
        <ele>44.799999237060546875</ele>
        <time>2026-08-10T09:43:13.000Z</time>
        <extensions>
          <ns3:TrackPointExtension>
            <ns3:hr>143</ns3:hr>
            <ns3:cad>80</ns3:cad>
          </ns3:TrackPointExtension>
        </extensions>
      </trkpt>
      <trkpt lat="35.75578398071229457855224609375" lon="139.5324928499758243560791015625">
        <ele>44.799999237060546875</ele>
        <time>2026-08-10T09:43:14.000Z</time>
        <extensions>
          <ns3:TrackPointExtension>
            <ns3:hr>143</ns3:hr>
            <ns3:cad>80</ns3:cad>
          </ns3:TrackPointExtension>
        </extensions>
      </trkpt>
      <trkpt lat="35.7557798735797405242919921875" lon="139.5324732363224029541015625">
        <ele>44.799999237060546875</ele>
        <time>2026-08-10T09:43:15.000Z</time>
        <extensions>
          <ns3:TrackPointExtension>
            <ns3:hr>143</ns3:hr>
            <ns3:cad>80</ns3:cad>
          </ns3:TrackPointExtension>
        </extensions>
      </trkpt>
      <trkpt lat="35.75577534735202789306640625" lon="139.53245085664093494415283203125">
        <ele>44.799999237060546875</ele>
        <time>2026-08-10T09:43:16.000Z</time>
        <extensions>
          <ns3:TrackPointExtension>
            <ns3:hr>143</ns3:hr>
            <ns3:cad>81</ns3:cad>
          </ns3:TrackPointExtension>
        </extensions>
      </trkpt>
      <trkpt lat="35.755769312381744384765625" lon="139.5324304886162281036376953125">
        <ele>45</ele>
        <time>2026-08-10T09:43:17.000Z</time>
        <extensions>
          <ns3:TrackPointExtension>
            <ns3:hr>143</ns3:hr>
            <ns3:cad>82</ns3:cad>
          </ns3:TrackPointExtension>
        </extensions>
      </trkpt>
      <trkpt lat="35.75576369650661945343017578125" lon="139.53241079114377498626708984375">
        <ele>45</ele>
        <time>2026-08-10T09:43:18.000Z</time>
        <extensions>
          <ns3:TrackPointExtension>
            <ns3:hr>144</ns3:hr>
            <ns3:cad>82</ns3:cad>
          </ns3:TrackPointExtension>
        </extensions>
      </trkpt>
      <trkpt lat="35.75575497932732105255126953125" lon="139.53238983638584613800048828125">
        <ele>45</ele>
        <time>2026-08-10T09:43:19.000Z</time>
        <extensions>
          <ns3:TrackPointExtension>
            <ns3:hr>143</ns3:hr>
            <ns3:cad>82</ns3:cad>
          </ns3:TrackPointExtension>
        </extensions>
      </trkpt>
      <trkpt lat="35.75574676506221294403076171875" lon="139.53236837871372699737548828125">
        <ele>45.200000762939453125</ele>
        <time>2026-08-10T09:43:20.000Z</time>
        <extensions>
          <ns3:TrackPointExtension>
            <ns3:hr>144</ns3:hr>
            <ns3:cad>81</ns3:cad>
          </ns3:TrackPointExtension>
        </extensions>
      </trkpt>
      <trkpt lat="35.75574056245386600494384765625" lon="139.53234826214611530303955078125">
        <ele>45.200000762939453125</ele>
        <time>2026-08-10T09:43:21.000Z</time>
        <extensions>
          <ns3:TrackPointExtension>
            <ns3:hr>144</ns3:hr>
            <ns3:cad>81</ns3:cad>
          </ns3:TrackPointExtension>
        </extensions>
      </trkpt>
      <trkpt lat="35.7557362876832485198974609375" lon="139.53232060186564922332763671875">
        <ele>45.200000762939453125</ele>
        <time>2026-08-10T09:43:22.000Z</time>
        <extensions>
          <ns3:TrackPointExtension>
            <ns3:hr>143</ns3:hr>
            <ns3:cad>81</ns3:cad>
          </ns3:TrackPointExtension>
        </extensions>
      </trkpt>
      <trkpt lat="35.75573922134935855865478515625" lon="139.53229679726064205169677734375">
        <ele>45.200000762939453125</ele>
        <time>2026-08-10T09:43:23.000Z</time>
        <extensions>
          <ns3:TrackPointExtension>
            <ns3:hr>143</ns3:hr>
            <ns3:cad>81</ns3:cad>
          </ns3:TrackPointExtension>
        </extensions>
      </trkpt>
      <trkpt lat="35.75574047863483428955078125" lon="139.532275758683681488037109375">
        <ele>45</ele>
        <time>2026-08-10T09:43:24.000Z</time>
        <extensions>
          <ns3:TrackPointExtension>
            <ns3:hr>143</ns3:hr>
            <ns3:cad>80</ns3:cad>
          </ns3:TrackPointExtension>
        </extensions>
      </trkpt>
      <trkpt lat="35.75573905371129512786865234375" lon="139.5322554744780063629150390625">
        <ele>45</ele>
        <time>2026-08-10T09:43:25.000Z</time>
        <extensions>
          <ns3:TrackPointExtension>
            <ns3:hr>143</ns3:hr>
            <ns3:cad>80</ns3:cad>
          </ns3:TrackPointExtension>
        </extensions>
      </trkpt>
      <trkpt lat="35.75573980808258056640625" lon="139.53223275952041149139404296875">
        <ele>45</ele>
        <time>2026-08-10T09:43:26.000Z</time>
        <extensions>
          <ns3:TrackPointExtension>
            <ns3:hr>143</ns3:hr>
            <ns3:cad>80</ns3:cad>
          </ns3:TrackPointExtension>
        </extensions>
      </trkpt>
      <trkpt lat="35.7557396404445171356201171875" lon="139.53221239149570465087890625">
        <ele>45</ele>
        <time>2026-08-10T09:43:27.000Z</time>
        <extensions>
          <ns3:TrackPointExtension>
            <ns3:hr>143</ns3:hr>
            <ns3:cad>81</ns3:cad>
          </ns3:TrackPointExtension>
        </extensions>
      </trkpt>
      <trkpt lat="35.75573888607323169708251953125" lon="139.5321911014616489410400390625">
        <ele>45</ele>
        <time>2026-08-10T09:43:28.000Z</time>
        <extensions>
          <ns3:TrackPointExtension>
            <ns3:hr>143</ns3:hr>
            <ns3:cad>81</ns3:cad>
          </ns3:TrackPointExtension>
        </extensions>
      </trkpt>
      <trkpt lat="35.75573586858808994293212890625" lon="139.5321736671030521392822265625">
        <ele>45</ele>
        <time>2026-08-10T09:43:29.000Z</time>
        <extensions>
          <ns3:TrackPointExtension>
            <ns3:hr>143</ns3:hr>
            <ns3:cad>81</ns3:cad>
          </ns3:TrackPointExtension>
        </extensions>
      </trkpt>
      <trkpt lat="35.75573385693132877349853515625" lon="139.5321575738489627838134765625">
        <ele>45</ele>
        <time>2026-08-10T09:43:30.000Z</time>
        <extensions>
          <ns3:TrackPointExtension>
            <ns3:hr>143</ns3:hr>
            <ns3:cad>81</ns3:cad>
          </ns3:TrackPointExtension>
        </extensions>
      </trkpt>
      <trkpt lat="35.7557305879890918731689453125" lon="139.5321379601955413818359375">
        <ele>45</ele>
        <time>2026-08-10T09:43:31.000Z</time>
        <extensions>
          <ns3:TrackPointExtension>
            <ns3:hr>143</ns3:hr>
            <ns3:cad>80</ns3:cad>
          </ns3:TrackPointExtension>
        </extensions>
      </trkpt>
      <trkpt lat="35.75572916306555271148681640625" lon="139.532114826142787933349609375">
        <ele>45</ele>
        <time>2026-08-10T09:43:32.000Z</time>
        <extensions>
          <ns3:TrackPointExtension>
            <ns3:hr>143</ns3:hr>
            <ns3:cad>80</ns3:cad>
          </ns3:TrackPointExtension>
        </extensions>
      </trkpt>
      <trkpt lat="35.75572572648525238037109375" lon="139.5320915244519710540771484375">
        <ele>45</ele>
        <time>2026-08-10T09:43:33.000Z</time>
        <extensions>
          <ns3:TrackPointExtension>
            <ns3:hr>143</ns3:hr>
            <ns3:cad>80</ns3:cad>
          </ns3:TrackPointExtension>
        </extensions>
      </trkpt>
      <trkpt lat="35.75572815723717212677001953125" lon="139.5320700667798519134521484375">
        <ele>45</ele>
        <time>2026-08-10T09:43:34.000Z</time>
        <extensions>
          <ns3:TrackPointExtension>
            <ns3:hr>143</ns3:hr>
            <ns3:cad>80</ns3:cad>
          </ns3:TrackPointExtension>
        </extensions>
      </trkpt>
      <trkpt lat="35.7557305879890918731689453125" lon="139.532045423984527587890625">
        <ele>45</ele>
        <time>2026-08-10T09:43:35.000Z</time>
        <extensions>
          <ns3:TrackPointExtension>
            <ns3:hr>142</ns3:hr>
            <ns3:cad>79</ns3:cad>
          </ns3:TrackPointExtension>
        </extensions>
      </trkpt>
      <trkpt lat="35.75572765432298183441162109375" lon="139.5320199429988861083984375">
        <ele>44.799999237060546875</ele>
        <time>2026-08-10T09:43:36.000Z</time>
        <extensions>
          <ns3:TrackPointExtension>
            <ns3:hr>142</ns3:hr>
            <ns3:cad>79</ns3:cad>
          </ns3:TrackPointExtension>
        </extensions>
      </trkpt>
      <trkpt lat="35.75572413392364978790283203125" lon="139.53199647367000579833984375">
        <ele>44.799999237060546875</ele>
        <time>2026-08-10T09:43:37.000Z</time>
        <extensions>
          <ns3:TrackPointExtension>
            <ns3:hr>142</ns3:hr>
            <ns3:cad>80</ns3:cad>
          </ns3:TrackPointExtension>
        </extensions>
      </trkpt>
      <trkpt lat="35.75571994297206401824951171875" lon="139.53197359107434749603271484375">
        <ele>45</ele>
        <time>2026-08-10T09:43:38.000Z</time>
        <extensions>
          <ns3:TrackPointExtension>
            <ns3:hr>142</ns3:hr>
            <ns3:cad>80</ns3:cad>
          </ns3:TrackPointExtension>
        </extensions>
      </trkpt>
      <trkpt lat="35.75571407563984394073486328125" lon="139.5319533906877040863037109375">
        <ele>45</ele>
        <time>2026-08-10T09:43:39.000Z</time>
        <extensions>
          <ns3:TrackPointExtension>
            <ns3:hr>142</ns3:hr>
            <ns3:cad>80</ns3:cad>
          </ns3:TrackPointExtension>
        </extensions>
      </trkpt>
      <trkpt lat="35.7557141594588756561279296875" lon="139.5319314301013946533203125">
        <ele>45</ele>
        <time>2026-08-10T09:43:40.000Z</time>
        <extensions>
          <ns3:TrackPointExtension>
            <ns3:hr>142</ns3:hr>
            <ns3:cad>79</ns3:cad>
          </ns3:TrackPointExtension>
        </extensions>
      </trkpt>
      <trkpt lat="35.75571441091597080230712890625" lon="139.531909637153148651123046875">
        <ele>45</ele>
        <time>2026-08-10T09:43:41.000Z</time>
        <extensions>
          <ns3:TrackPointExtension>
            <ns3:hr>143</ns3:hr>
            <ns3:cad>79</ns3:cad>
          </ns3:TrackPointExtension>
        </extensions>
      </trkpt>
      <trkpt lat="35.75571206398308277130126953125" lon="139.53188625164330005645751953125">
        <ele>45</ele>
        <time>2026-08-10T09:43:42.000Z</time>
        <extensions>
          <ns3:TrackPointExtension>
            <ns3:hr>143</ns3:hr>
            <ns3:cad>79</ns3:cad>
          </ns3:TrackPointExtension>
        </extensions>
      </trkpt>
      <trkpt lat="35.7557094655930995941162109375" lon="139.53185808844864368438720703125">
        <ele>45</ele>
        <time>2026-08-10T09:43:43.000Z</time>
        <extensions>
          <ns3:TrackPointExtension>
            <ns3:hr>143</ns3:hr>
            <ns3:cad>79</ns3:cad>
          </ns3:TrackPointExtension>
        </extensions>
      </trkpt>
      <trkpt lat="35.75570762157440185546875" lon="139.53182925470173358917236328125">
        <ele>45</ele>
        <time>2026-08-10T09:43:44.000Z</time>
        <extensions>
          <ns3:TrackPointExtension>
            <ns3:hr>143</ns3:hr>
            <ns3:cad>79</ns3:cad>
          </ns3:TrackPointExtension>
        </extensions>
      </trkpt>
      <trkpt lat="35.75569890439510345458984375" lon="139.531806372106075286865234375">
        <ele>45</ele>
        <time>2026-08-10T09:43:45.000Z</time>
        <extensions>
          <ns3:TrackPointExtension>
            <ns3:hr>143</ns3:hr>
            <ns3:cad>80</ns3:cad>
          </ns3:TrackPointExtension>
        </extensions>
      </trkpt>
      <trkpt lat="35.7556870020925998687744140625" lon="139.53179153613746166229248046875">
        <ele>45</ele>
        <time>2026-08-10T09:43:46.000Z</time>
        <extensions>
          <ns3:TrackPointExtension>
            <ns3:hr>143</ns3:hr>
            <ns3:cad>81</ns3:cad>
          </ns3:TrackPointExtension>
        </extensions>
      </trkpt>
      <trkpt lat="35.75567333959043025970458984375" lon="139.5317710004746913909912109375">
        <ele>45</ele>
        <time>2026-08-10T09:43:47.000Z</time>
        <extensions>
          <ns3:TrackPointExtension>
            <ns3:hr>143</ns3:hr>
            <ns3:cad>81</ns3:cad>
          </ns3:TrackPointExtension>
        </extensions>
      </trkpt>
      <trkpt lat="35.7556606829166412353515625" lon="139.5317485369741916656494140625">
        <ele>45</ele>
        <time>2026-08-10T09:43:48.000Z</time>
        <extensions>
          <ns3:TrackPointExtension>
            <ns3:hr>143</ns3:hr>
            <ns3:cad>82</ns3:cad>
          </ns3:TrackPointExtension>
        </extensions>
      </trkpt>
      <trkpt lat="35.7556497864425182342529296875" lon="139.53173168934881687164306640625">
        <ele>45</ele>
        <time>2026-08-10T09:43:49.000Z</time>
        <extensions>
          <ns3:TrackPointExtension>
            <ns3:hr>142</ns3:hr>
            <ns3:cad>82</ns3:cad>
          </ns3:TrackPointExtension>
        </extensions>
      </trkpt>
      <trkpt lat="35.75563679449260234832763671875" lon="139.53172297216951847076416015625">
        <ele>45</ele>
        <time>2026-08-10T09:43:50.000Z</time>
        <extensions>
          <ns3:TrackPointExtension>
            <ns3:hr>142</ns3:hr>
            <ns3:cad>81</ns3:cad>
          </ns3:TrackPointExtension>
        </extensions>
      </trkpt>
      <trkpt lat="35.75562841258943080902099609375" lon="139.531705789268016815185546875">
        <ele>45.200000762939453125</ele>
        <time>2026-08-10T09:43:51.000Z</time>
        <extensions>
          <ns3:TrackPointExtension>
            <ns3:hr>142</ns3:hr>
            <ns3:cad>80</ns3:cad>
          </ns3:TrackPointExtension>
        </extensions>
      </trkpt>
      <trkpt lat="35.75561483390629291534423828125" lon="139.5316912047564983367919921875">
        <ele>45.200000762939453125</ele>
        <time>2026-08-10T09:43:52.000Z</time>
        <extensions>
          <ns3:TrackPointExtension>
            <ns3:hr>142</ns3:hr>
            <ns3:cad>80</ns3:cad>
          </ns3:TrackPointExtension>
        </extensions>
      </trkpt>
      <trkpt lat="35.75559572316706180572509765625" lon="139.53168424777686595916748046875">
        <ele>45.200000762939453125</ele>
        <time>2026-08-10T09:43:53.000Z</time>
        <extensions>
          <ns3:TrackPointExtension>
            <ns3:hr>142</ns3:hr>
            <ns3:cad>80</ns3:cad>
          </ns3:TrackPointExtension>
        </extensions>
      </trkpt>
      <trkpt lat="35.75558566488325595855712890625" lon="139.5316529832780361175537109375">
        <ele>45.200000762939453125</ele>
        <time>2026-08-10T09:43:54.000Z</time>
        <extensions>
          <ns3:TrackPointExtension>
            <ns3:hr>142</ns3:hr>
            <ns3:cad>81</ns3:cad>
          </ns3:TrackPointExtension>
        </extensions>
      </trkpt>
      <trkpt lat="35.7555810548365116119384765625" lon="139.53162674792110919952392578125">
        <ele>45.200000762939453125</ele>
        <time>2026-08-10T09:43:55.000Z</time>
        <extensions>
          <ns3:TrackPointExtension>
            <ns3:hr>142</ns3:hr>
            <ns3:cad>81</ns3:cad>
          </ns3:TrackPointExtension>
        </extensions>
      </trkpt>
      <trkpt lat="35.7555756904184818267822265625" lon="139.53159908764064311981201171875">
        <ele>45.200000762939453125</ele>
        <time>2026-08-10T09:43:56.000Z</time>
        <extensions>
          <ns3:TrackPointExtension>
            <ns3:hr>142</ns3:hr>
            <ns3:cad>81</ns3:cad>
          </ns3:TrackPointExtension>
        </extensions>
      </trkpt>
      <trkpt lat="35.7555720023810863494873046875" lon="139.5315705053508281707763671875">
        <ele>45.200000762939453125</ele>
        <time>2026-08-10T09:43:57.000Z</time>
        <extensions>
          <ns3:TrackPointExtension>
            <ns3:hr>142</ns3:hr>
            <ns3:cad>81</ns3:cad>
          </ns3:TrackPointExtension>
        </extensions>
      </trkpt>
      <trkpt lat="35.75556202791631221771240234375" lon="139.531542845070362091064453125">
        <ele>45.200000762939453125</ele>
        <time>2026-08-10T09:43:58.000Z</time>
        <extensions>
          <ns3:TrackPointExtension>
            <ns3:hr>143</ns3:hr>
            <ns3:cad>80</ns3:cad>
          </ns3:TrackPointExtension>
        </extensions>
      </trkpt>
      <trkpt lat="35.75554861687123775482177734375" lon="139.53152616508305072784423828125">
        <ele>45.200000762939453125</ele>
        <time>2026-08-10T09:43:59.000Z</time>
        <extensions>
          <ns3:TrackPointExtension>
            <ns3:hr>143</ns3:hr>
            <ns3:cad>80</ns3:cad>
          </ns3:TrackPointExtension>
        </extensions>
      </trkpt>
      <trkpt lat="35.75554023496806621551513671875" lon="139.5315068028867244720458984375">
        <ele>45.200000762939453125</ele>
        <time>2026-08-10T09:44:00.000Z</time>
        <extensions>
          <ns3:TrackPointExtension>
            <ns3:hr>143</ns3:hr>
            <ns3:cad>80</ns3:cad>
          </ns3:TrackPointExtension>
        </extensions>
      </trkpt>
      <trkpt lat="35.75553101487457752227783203125" lon="139.53149062581360340118408203125">
        <ele>45.200000762939453125</ele>
        <time>2026-08-10T09:44:01.000Z</time>
        <extensions>
          <ns3:TrackPointExtension>
            <ns3:hr>143</ns3:hr>
            <ns3:cad>80</ns3:cad>
          </ns3:TrackPointExtension>
        </extensions>
      </trkpt>
      <trkpt lat="35.75551894493401050567626953125" lon="139.53147922642529010772705078125">
        <ele>45.200000762939453125</ele>
        <time>2026-08-10T09:44:02.000Z</time>
        <extensions>
          <ns3:TrackPointExtension>
            <ns3:hr>144</ns3:hr>
            <ns3:cad>81</ns3:cad>
          </ns3:TrackPointExtension>
        </extensions>
      </trkpt>
      <trkpt lat="35.75550938956439495086669921875" lon="139.53146900050342082977294921875">
        <ele>45.200000762939453125</ele>
        <time>2026-08-10T09:44:03.000Z</time>
        <extensions>
          <ns3:TrackPointExtension>
            <ns3:hr>144</ns3:hr>
            <ns3:cad>81</ns3:cad>
          </ns3:TrackPointExtension>
        </extensions>
      </trkpt>
      <trkpt lat="35.755496062338352203369140625" lon="139.53145458362996578216552734375">
        <ele>45.40000152587890625</ele>
        <time>2026-08-10T09:44:04.000Z</time>
        <extensions>
          <ns3:TrackPointExtension>
            <ns3:hr>144</ns3:hr>
            <ns3:cad>81</ns3:cad>
          </ns3:TrackPointExtension>
        </extensions>
      </trkpt>
      <trkpt lat="35.75548189692199230194091796875" lon="139.5314424298703670501708984375">
        <ele>45.40000152587890625</ele>
        <time>2026-08-10T09:44:05.000Z</time>
        <extensions>
          <ns3:TrackPointExtension>
            <ns3:hr>144</ns3:hr>
            <ns3:cad>81</ns3:cad>
          </ns3:TrackPointExtension>
        </extensions>
      </trkpt>
      <trkpt lat="35.7554653845727443695068359375" lon="139.53143144957721233367919921875">
        <ele>45.40000152587890625</ele>
        <time>2026-08-10T09:44:06.000Z</time>
        <extensions>
          <ns3:TrackPointExtension>
            <ns3:hr>144</ns3:hr>
            <ns3:cad>81</ns3:cad>
          </ns3:TrackPointExtension>
        </extensions>
      </trkpt>
      <trkpt lat="35.75545021332800388336181640625" lon="139.5314218103885650634765625">
        <ele>45.40000152587890625</ele>
        <time>2026-08-10T09:44:07.000Z</time>
        <extensions>
          <ns3:TrackPointExtension>
            <ns3:hr>144</ns3:hr>
            <ns3:cad>80</ns3:cad>
          </ns3:TrackPointExtension>
        </extensions>
      </trkpt>
      <trkpt lat="35.7554380595684051513671875" lon="139.53140093944966793060302734375">
        <ele>45.40000152587890625</ele>
        <time>2026-08-10T09:44:08.000Z</time>
        <extensions>
          <ns3:TrackPointExtension>
            <ns3:hr>144</ns3:hr>
            <ns3:cad>80</ns3:cad>
          </ns3:TrackPointExtension>
        </extensions>
      </trkpt>
      <trkpt lat="35.75542867183685302734375" lon="139.53138031996786594390869140625">
        <ele>45.40000152587890625</ele>
        <time>2026-08-10T09:44:09.000Z</time>
        <extensions>
          <ns3:TrackPointExtension>
            <ns3:hr>144</ns3:hr>
            <ns3:cad>80</ns3:cad>
          </ns3:TrackPointExtension>
        </extensions>
      </trkpt>
      <trkpt lat="35.755412243306636810302734375" lon="139.53136883676052093505859375">
        <ele>45.40000152587890625</ele>
        <time>2026-08-10T09:44:10.000Z</time>
        <extensions>
          <ns3:TrackPointExtension>
            <ns3:hr>144</ns3:hr>
            <ns3:cad>80</ns3:cad>
          </ns3:TrackPointExtension>
        </extensions>
      </trkpt>
      <trkpt lat="35.75539338402450084686279296875" lon="139.5313592813909053802490234375">
        <ele>45.40000152587890625</ele>
        <time>2026-08-10T09:44:11.000Z</time>
        <extensions>
          <ns3:TrackPointExtension>
            <ns3:hr>145</ns3:hr>
            <ns3:cad>80</ns3:cad>
          </ns3:TrackPointExtension>
        </extensions>
      </trkpt>
      <trkpt lat="35.75536899268627166748046875" lon="139.5313519053161144256591796875">
        <ele>45.40000152587890625</ele>
        <time>2026-08-10T09:44:12.000Z</time>
        <extensions>
          <ns3:TrackPointExtension>
            <ns3:hr>145</ns3:hr>
            <ns3:cad>80</ns3:cad>
          </ns3:TrackPointExtension>
        </extensions>
      </trkpt>
      <trkpt lat="35.75535021722316741943359375" lon="139.53135148622095584869384765625">
        <ele>45.40000152587890625</ele>
        <time>2026-08-10T09:44:13.000Z</time>
        <extensions>
          <ns3:TrackPointExtension>
            <ns3:hr>145</ns3:hr>
            <ns3:cad>81</ns3:cad>
          </ns3:TrackPointExtension>
        </extensions>
      </trkpt>
      <trkpt lat="35.75533303432166576385498046875" lon="139.53134394250810146331787109375">
        <ele>45.40000152587890625</ele>
        <time>2026-08-10T09:44:14.000Z</time>
        <extensions>
          <ns3:TrackPointExtension>
            <ns3:hr>145</ns3:hr>
            <ns3:cad>81</ns3:cad>
          </ns3:TrackPointExtension>
        </extensions>
      </trkpt>
      <trkpt lat="35.7553202100098133087158203125" lon="139.53133623115718364715576171875">
        <ele>45.200000762939453125</ele>
        <time>2026-08-10T09:44:15.000Z</time>
        <extensions>
          <ns3:TrackPointExtension>
            <ns3:hr>145</ns3:hr>
            <ns3:cad>81</ns3:cad>
          </ns3:TrackPointExtension>
        </extensions>
      </trkpt>
      <trkpt lat="35.7553081400692462921142578125" lon="139.53132315538823604583740234375">
        <ele>45.200000762939453125</ele>
        <time>2026-08-10T09:44:16.000Z</time>
        <extensions>
          <ns3:TrackPointExtension>
            <ns3:hr>145</ns3:hr>
            <ns3:cad>80</ns3:cad>
          </ns3:TrackPointExtension>
        </extensions>
      </trkpt>
      <trkpt lat="35.755297243595123291015625" lon="139.53130957670509815216064453125">
        <ele>45.200000762939453125</ele>
        <time>2026-08-10T09:44:17.000Z</time>
        <extensions>
          <ns3:TrackPointExtension>
            <ns3:hr>145</ns3:hr>
            <ns3:cad>80</ns3:cad>
          </ns3:TrackPointExtension>
        </extensions>
      </trkpt>
      <trkpt lat="35.7552873529493808746337890625" lon="139.5312945730984210968017578125">
        <ele>45.200000762939453125</ele>
        <time>2026-08-10T09:44:18.000Z</time>
        <extensions>
          <ns3:TrackPointExtension>
            <ns3:hr>145</ns3:hr>
            <ns3:cad>80</ns3:cad>
          </ns3:TrackPointExtension>
        </extensions>
      </trkpt>
      <trkpt lat="35.75527637265622615814208984375" lon="139.5312798209488391876220703125">
        <ele>45.200000762939453125</ele>
        <time>2026-08-10T09:44:19.000Z</time>
        <extensions>
          <ns3:TrackPointExtension>
            <ns3:hr>145</ns3:hr>
            <ns3:cad>80</ns3:cad>
          </ns3:TrackPointExtension>
        </extensions>
      </trkpt>
      <trkpt lat="35.75526145286858081817626953125" lon="139.53126330859959125518798828125">
        <ele>45.200000762939453125</ele>
        <time>2026-08-10T09:44:20.000Z</time>
        <extensions>
          <ns3:TrackPointExtension>
            <ns3:hr>145</ns3:hr>
            <ns3:cad>80</ns3:cad>
          </ns3:TrackPointExtension>
        </extensions>
      </trkpt>
      <trkpt lat="35.75524468906223773956298828125" lon="139.5312489755451679229736328125">
        <ele>45.200000762939453125</ele>
        <time>2026-08-10T09:44:21.000Z</time>
        <extensions>
          <ns3:TrackPointExtension>
            <ns3:hr>145</ns3:hr>
            <ns3:cad>80</ns3:cad>
          </ns3:TrackPointExtension>
        </extensions>
      </trkpt>
      <trkpt lat="35.7552313618361949920654296875" lon="139.5312348939478397369384765625">
        <ele>45</ele>
        <time>2026-08-10T09:44:22.000Z</time>
        <extensions>
          <ns3:TrackPointExtension>
            <ns3:hr>145</ns3:hr>
            <ns3:cad>80</ns3:cad>
          </ns3:TrackPointExtension>
        </extensions>
      </trkpt>
      <trkpt lat="35.75521987862884998321533203125" lon="139.5312214829027652740478515625">
        <ele>45</ele>
        <time>2026-08-10T09:44:23.000Z</time>
        <extensions>
          <ns3:TrackPointExtension>
            <ns3:hr>145</ns3:hr>
            <ns3:cad>81</ns3:cad>
          </ns3:TrackPointExtension>
        </extensions>
      </trkpt>
      <trkpt lat="35.7552109099924564361572265625" lon="139.5312060602009296417236328125">
        <ele>45</ele>
        <time>2026-08-10T09:44:24.000Z</time>
        <extensions>
          <ns3:TrackPointExtension>
            <ns3:hr>145</ns3:hr>
            <ns3:cad>81</ns3:cad>
          </ns3:TrackPointExtension>
        </extensions>
      </trkpt>
      <trkpt lat="35.755199678242206573486328125" lon="139.53118912875652313232421875">
        <ele>45</ele>
        <time>2026-08-10T09:44:25.000Z</time>
        <extensions>
          <ns3:TrackPointExtension>
            <ns3:hr>145</ns3:hr>
            <ns3:cad>81</ns3:cad>
          </ns3:TrackPointExtension>
        </extensions>
      </trkpt>
      <trkpt lat="35.7551872730255126953125" lon="139.531180076301097869873046875">
        <ele>45</ele>
        <time>2026-08-10T09:44:26.000Z</time>
        <extensions>
          <ns3:TrackPointExtension>
            <ns3:hr>145</ns3:hr>
            <ns3:cad>81</ns3:cad>
          </ns3:TrackPointExtension>
        </extensions>
      </trkpt>
      <trkpt lat="35.7551710121333599090576171875" lon="139.5311668328940868377685546875">
        <ele>45</ele>
        <time>2026-08-10T09:44:27.000Z</time>
        <extensions>
          <ns3:TrackPointExtension>
            <ns3:hr>145</ns3:hr>
            <ns3:cad>81</ns3:cad>
          </ns3:TrackPointExtension>
        </extensions>
      </trkpt>
      <trkpt lat="35.75516087003052234649658203125" lon="139.53114931471645832061767578125">
        <ele>45</ele>
        <time>2026-08-10T09:44:28.000Z</time>
        <extensions>
          <ns3:TrackPointExtension>
            <ns3:hr>145</ns3:hr>
            <ns3:cad>80</ns3:cad>
          </ns3:TrackPointExtension>
        </extensions>
      </trkpt>
      <trkpt lat="35.75514812953770160675048828125" lon="139.5311312936246395111083984375">
        <ele>45</ele>
        <time>2026-08-10T09:44:29.000Z</time>
        <extensions>
          <ns3:TrackPointExtension>
            <ns3:hr>145</ns3:hr>
            <ns3:cad>80</ns3:cad>
          </ns3:TrackPointExtension>
        </extensions>
      </trkpt>
      <trkpt lat="35.75513890944421291351318359375" lon="139.53111511655151844024658203125">
        <ele>45</ele>
        <time>2026-08-10T09:44:30.000Z</time>
        <extensions>
          <ns3:TrackPointExtension>
            <ns3:hr>145</ns3:hr>
            <ns3:cad>80</ns3:cad>
          </ns3:TrackPointExtension>
        </extensions>
      </trkpt>
      <trkpt lat="35.75512600131332874298095703125" lon="139.531108327209949493408203125">
        <ele>45</ele>
        <time>2026-08-10T09:44:31.000Z</time>
        <extensions>
          <ns3:TrackPointExtension>
            <ns3:hr>145</ns3:hr>
            <ns3:cad>79</ns3:cad>
          </ns3:TrackPointExtension>
        </extensions>
      </trkpt>
      <trkpt lat="35.75510940514504909515380859375" lon="139.53109969384968280792236328125">
        <ele>45</ele>
        <time>2026-08-10T09:44:32.000Z</time>
        <extensions>
          <ns3:TrackPointExtension>
            <ns3:hr>146</ns3:hr>
            <ns3:cad>80</ns3:cad>
          </ns3:TrackPointExtension>
        </extensions>
      </trkpt>
      <trkpt lat="35.75509482063353061676025390625" lon="139.531090222299098968505859375">
        <ele>45</ele>
        <time>2026-08-10T09:44:33.000Z</time>
        <extensions>
          <ns3:TrackPointExtension>
            <ns3:hr>146</ns3:hr>
            <ns3:cad>80</ns3:cad>
          </ns3:TrackPointExtension>
        </extensions>
      </trkpt>
      <trkpt lat="35.75508006848394870758056640625" lon="139.53108041547238826751708984375">
        <ele>45</ele>
        <time>2026-08-10T09:44:34.000Z</time>
        <extensions>
          <ns3:TrackPointExtension>
            <ns3:hr>146</ns3:hr>
            <ns3:cad>80</ns3:cad>
          </ns3:TrackPointExtension>
        </extensions>
      </trkpt>
      <trkpt lat="35.75506280176341533660888671875" lon="139.5310726203024387359619140625">
        <ele>45</ele>
        <time>2026-08-10T09:44:35.000Z</time>
        <extensions>
          <ns3:TrackPointExtension>
            <ns3:hr>146</ns3:hr>
            <ns3:cad>80</ns3:cad>
          </ns3:TrackPointExtension>
        </extensions>
      </trkpt>
      <trkpt lat="35.75504436157643795013427734375" lon="139.53106038272380828857421875">
        <ele>45.200000762939453125</ele>
        <time>2026-08-10T09:44:36.000Z</time>
        <extensions>
          <ns3:TrackPointExtension>
            <ns3:hr>146</ns3:hr>
            <ns3:cad>80</ns3:cad>
          </ns3:TrackPointExtension>
        </extensions>
      </trkpt>
      <trkpt lat="35.75502743013203144073486328125" lon="139.531053341925144195556640625">
        <ele>45</ele>
        <time>2026-08-10T09:44:37.000Z</time>
        <extensions>
          <ns3:TrackPointExtension>
            <ns3:hr>146</ns3:hr>
            <ns3:cad>80</ns3:cad>
          </ns3:TrackPointExtension>
        </extensions>
      </trkpt>
      <trkpt lat="35.7550067268311977386474609375" lon="139.5310521684587001800537109375">
        <ele>45</ele>
        <time>2026-08-10T09:44:38.000Z</time>
        <extensions>
          <ns3:TrackPointExtension>
            <ns3:hr>146</ns3:hr>
            <ns3:cad>80</ns3:cad>
          </ns3:TrackPointExtension>
        </extensions>
      </trkpt>
      <trkpt lat="35.75498954392969608306884765625" lon="139.5310488156974315643310546875">
        <ele>45</ele>
        <time>2026-08-10T09:44:39.000Z</time>
        <extensions>
          <ns3:TrackPointExtension>
            <ns3:hr>146</ns3:hr>
            <ns3:cad>80</ns3:cad>
          </ns3:TrackPointExtension>
        </extensions>
      </trkpt>
      <trkpt lat="35.75497361831367015838623046875" lon="139.531041271984577178955078125">
        <ele>45.200000762939453125</ele>
        <time>2026-08-10T09:44:40.000Z</time>
        <extensions>
          <ns3:TrackPointExtension>
            <ns3:hr>146</ns3:hr>
            <ns3:cad>80</ns3:cad>
          </ns3:TrackPointExtension>
        </extensions>
      </trkpt>
      <trkpt lat="35.75495836324989795684814453125" lon="139.53103163279592990875244140625">
        <ele>45.200000762939453125</ele>
        <time>2026-08-10T09:44:41.000Z</time>
        <extensions>
          <ns3:TrackPointExtension>
            <ns3:hr>146</ns3:hr>
            <ns3:cad>80</ns3:cad>
          </ns3:TrackPointExtension>
        </extensions>
      </trkpt>
      <trkpt lat="35.75494042597711086273193359375" lon="139.5310236699879169464111328125">
        <ele>45.200000762939453125</ele>
        <time>2026-08-10T09:44:42.000Z</time>
        <extensions>
          <ns3:TrackPointExtension>
            <ns3:hr>146</ns3:hr>
            <ns3:cad>80</ns3:cad>
          </ns3:TrackPointExtension>
        </extensions>
      </trkpt>
      <trkpt lat="35.75492366217076778411865234375" lon="139.53101201914250850677490234375">
        <ele>45.200000762939453125</ele>
        <time>2026-08-10T09:44:43.000Z</time>
        <extensions>
          <ns3:TrackPointExtension>
            <ns3:hr>146</ns3:hr>
            <ns3:cad>80</ns3:cad>
          </ns3:TrackPointExtension>
        </extensions>
      </trkpt>
      <trkpt lat="35.75491025112569332122802734375" lon="139.531001038849353790283203125">
        <ele>45.40000152587890625</ele>
        <time>2026-08-10T09:44:44.000Z</time>
        <extensions>
          <ns3:TrackPointExtension>
            <ns3:hr>146</ns3:hr>
            <ns3:cad>80</ns3:cad>
          </ns3:TrackPointExtension>
        </extensions>
      </trkpt>
      <trkpt lat="35.75489918701350688934326171875" lon="139.5309847779572010040283203125">
        <ele>45.200000762939453125</ele>
        <time>2026-08-10T09:44:45.000Z</time>
        <extensions>
          <ns3:TrackPointExtension>
            <ns3:hr>147</ns3:hr>
            <ns3:cad>81</ns3:cad>
          </ns3:TrackPointExtension>
        </extensions>
      </trkpt>
      <trkpt lat="35.7548883743584156036376953125" lon="139.5309633202850818634033203125">
        <ele>45.200000762939453125</ele>
        <time>2026-08-10T09:44:46.000Z</time>
        <extensions>
          <ns3:TrackPointExtension>
            <ns3:hr>147</ns3:hr>
            <ns3:cad>81</ns3:cad>
          </ns3:TrackPointExtension>
        </extensions>
      </trkpt>
      <trkpt lat="35.75487655587494373321533203125" lon="139.5309485681354999542236328125">
        <ele>45.200000762939453125</ele>
        <time>2026-08-10T09:44:47.000Z</time>
        <extensions>
          <ns3:TrackPointExtension>
            <ns3:hr>147</ns3:hr>
            <ns3:cad>81</ns3:cad>
          </ns3:TrackPointExtension>
        </extensions>
      </trkpt>
      <trkpt lat="35.75486549176275730133056640625" lon="139.53093792311847209930419921875">
        <ele>45.200000762939453125</ele>
        <time>2026-08-10T09:44:48.000Z</time>
        <extensions>
          <ns3:TrackPointExtension>
            <ns3:hr>147</ns3:hr>
            <ns3:cad>81</ns3:cad>
          </ns3:TrackPointExtension>
        </extensions>
      </trkpt>
      <trkpt lat="35.75485291890799999237060546875" lon="139.53092501498758792877197265625">
        <ele>45.200000762939453125</ele>
        <time>2026-08-10T09:44:49.000Z</time>
        <extensions>
          <ns3:TrackPointExtension>
            <ns3:hr>147</ns3:hr>
            <ns3:cad>81</ns3:cad>
          </ns3:TrackPointExtension>
        </extensions>
      </trkpt>
      <trkpt lat="35.754837580025196075439453125" lon="139.53091462142765522003173828125">
        <ele>45.200000762939453125</ele>
        <time>2026-08-10T09:44:50.000Z</time>
        <extensions>
          <ns3:TrackPointExtension>
            <ns3:hr>146</ns3:hr>
            <ns3:cad>81</ns3:cad>
          </ns3:TrackPointExtension>
        </extensions>
      </trkpt>
      <trkpt lat="35.75482626445591449737548828125" lon="139.53089768998324871063232421875">
        <ele>45.200000762939453125</ele>
        <time>2026-08-10T09:44:51.000Z</time>
        <extensions>
          <ns3:TrackPointExtension>
            <ns3:hr>146</ns3:hr>
            <ns3:cad>81</ns3:cad>
          </ns3:TrackPointExtension>
        </extensions>
      </trkpt>
      <trkpt lat="35.7548186369240283966064453125" lon="139.53088008798658847808837890625">
        <ele>45.200000762939453125</ele>
        <time>2026-08-10T09:44:52.000Z</time>
        <extensions>
          <ns3:TrackPointExtension>
            <ns3:hr>146</ns3:hr>
            <ns3:cad>81</ns3:cad>
          </ns3:TrackPointExtension>
        </extensions>
      </trkpt>
      <trkpt lat="35.75481109321117401123046875" lon="139.53085443936288356781005859375">
        <ele>45.200000762939453125</ele>
        <time>2026-08-10T09:44:53.000Z</time>
        <extensions>
          <ns3:TrackPointExtension>
            <ns3:hr>146</ns3:hr>
            <ns3:cad>80</ns3:cad>
          </ns3:TrackPointExtension>
        </extensions>
      </trkpt>
      <trkpt lat="35.75480648316442966461181640625" lon="139.5308282040059566497802734375">
        <ele>45.200000762939453125</ele>
        <time>2026-08-10T09:44:54.000Z</time>
        <extensions>
          <ns3:TrackPointExtension>
            <ns3:hr>145</ns3:hr>
            <ns3:cad>80</ns3:cad>
          </ns3:TrackPointExtension>
        </extensions>
      </trkpt>
      <trkpt lat="35.75479625724256038665771484375" lon="139.53080548904836177825927734375">
        <ele>45.200000762939453125</ele>
        <time>2026-08-10T09:44:55.000Z</time>
        <extensions>
          <ns3:TrackPointExtension>
            <ns3:hr>145</ns3:hr>
            <ns3:cad>81</ns3:cad>
          </ns3:TrackPointExtension>
        </extensions>
      </trkpt>
      <trkpt lat="35.75478351674973964691162109375" lon="139.53079157508909702301025390625">
        <ele>45.200000762939453125</ele>
        <time>2026-08-10T09:44:56.000Z</time>
        <extensions>
          <ns3:TrackPointExtension>
            <ns3:hr>144</ns3:hr>
            <ns3:cad>81</ns3:cad>
          </ns3:TrackPointExtension>
        </extensions>
      </trkpt>
      <trkpt lat="35.75477245263755321502685546875" lon="139.5307807624340057373046875">
        <ele>45.200000762939453125</ele>
        <time>2026-08-10T09:44:57.000Z</time>
        <extensions>
          <ns3:TrackPointExtension>
            <ns3:hr>144</ns3:hr>
            <ns3:cad>81</ns3:cad>
          </ns3:TrackPointExtension>
        </extensions>
      </trkpt>
      <trkpt lat="35.75475837104022502899169921875" lon="139.53077179379761219024658203125">
        <ele>45.200000762939453125</ele>
        <time>2026-08-10T09:44:58.000Z</time>
        <extensions>
          <ns3:TrackPointExtension>
            <ns3:hr>143</ns3:hr>
            <ns3:cad>81</ns3:cad>
          </ns3:TrackPointExtension>
        </extensions>
      </trkpt>
      <trkpt lat="35.75474596582353115081787109375" lon="139.53076642937958240509033203125">
        <ele>45.200000762939453125</ele>
        <time>2026-08-10T09:44:59.000Z</time>
        <extensions>
          <ns3:TrackPointExtension>
            <ns3:hr>143</ns3:hr>
            <ns3:cad>81</ns3:cad>
          </ns3:TrackPointExtension>
        </extensions>
      </trkpt>
      <trkpt lat="35.75473196804523468017578125" lon="139.5307621546089649200439453125">
        <ele>45.200000762939453125</ele>
        <time>2026-08-10T09:45:00.000Z</time>
        <extensions>
          <ns3:TrackPointExtension>
            <ns3:hr>142</ns3:hr>
            <ns3:cad>80</ns3:cad>
          </ns3:TrackPointExtension>
        </extensions>
      </trkpt>
      <trkpt lat="35.75471914373338222503662109375" lon="139.5307564549148082733154296875">
        <ele>45.200000762939453125</ele>
        <time>2026-08-10T09:45:01.000Z</time>
        <extensions>
          <ns3:TrackPointExtension>
            <ns3:hr>142</ns3:hr>
            <ns3:cad>80</ns3:cad>
          </ns3:TrackPointExtension>
        </extensions>
      </trkpt>
      <trkpt lat="35.75470841489732265472412109375" lon="139.530747234821319580078125">
        <ele>45.200000762939453125</ele>
        <time>2026-08-10T09:45:02.000Z</time>
        <extensions>
          <ns3:TrackPointExtension>
            <ns3:hr>142</ns3:hr>
            <ns3:cad>80</ns3:cad>
          </ns3:TrackPointExtension>
        </extensions>
      </trkpt>
      <trkpt lat="35.75469751842319965362548828125" lon="139.53073315322399139404296875">
        <ele>45.200000762939453125</ele>
        <time>2026-08-10T09:45:03.000Z</time>
        <extensions>
          <ns3:TrackPointExtension>
            <ns3:hr>142</ns3:hr>
            <ns3:cad>79</ns3:cad>
          </ns3:TrackPointExtension>
        </extensions>
      </trkpt>
      <trkpt lat="35.75468276627361774444580078125" lon="139.53071714378893375396728515625">
        <ele>45.40000152587890625</ele>
        <time>2026-08-10T09:45:04.000Z</time>
        <extensions>
          <ns3:TrackPointExtension>
            <ns3:hr>142</ns3:hr>
            <ns3:cad>79</ns3:cad>
          </ns3:TrackPointExtension>
        </extensions>
      </trkpt>
      <trkpt lat="35.7546714507043361663818359375" lon="139.53069937415421009063720703125">
        <ele>45.59999847412109375</ele>
        <time>2026-08-10T09:45:05.000Z</time>
        <extensions>
          <ns3:TrackPointExtension>
            <ns3:hr>142</ns3:hr>
            <ns3:cad>79</ns3:cad>
          </ns3:TrackPointExtension>
        </extensions>
      </trkpt>
      <trkpt lat="35.75465963222086429595947265625" lon="139.53068747185170650482177734375">
        <ele>45.59999847412109375</ele>
        <time>2026-08-10T09:45:06.000Z</time>
        <extensions>
          <ns3:TrackPointExtension>
            <ns3:hr>142</ns3:hr>
            <ns3:cad>80</ns3:cad>
          </ns3:TrackPointExtension>
        </extensions>
      </trkpt>
      <trkpt lat="35.754651837050914764404296875" lon="139.53067204914987087249755859375">
        <ele>45.59999847412109375</ele>
        <time>2026-08-10T09:45:07.000Z</time>
        <extensions>
          <ns3:TrackPointExtension>
            <ns3:hr>142</ns3:hr>
            <ns3:cad>81</ns3:cad>
          </ns3:TrackPointExtension>
        </extensions>
      </trkpt>
      <trkpt lat="35.75464001856744289398193359375" lon="139.5306528545916080474853515625">
        <ele>45.59999847412109375</ele>
        <time>2026-08-10T09:45:08.000Z</time>
        <extensions>
          <ns3:TrackPointExtension>
            <ns3:hr>142</ns3:hr>
            <ns3:cad>81</ns3:cad>
          </ns3:TrackPointExtension>
        </extensions>
      </trkpt>
      <trkpt lat="35.75463616289198398590087890625" lon="139.530633576214313507080078125">
        <ele>45.59999847412109375</ele>
        <time>2026-08-10T09:45:09.000Z</time>
        <extensions>
          <ns3:TrackPointExtension>
            <ns3:hr>142</ns3:hr>
            <ns3:cad>81</ns3:cad>
          </ns3:TrackPointExtension>
        </extensions>
      </trkpt>
      <trkpt lat="35.75463398359715938568115234375" lon="139.53061086125671863555908203125">
        <ele>45.59999847412109375</ele>
        <time>2026-08-10T09:45:10.000Z</time>
        <extensions>
          <ns3:TrackPointExtension>
            <ns3:hr>142</ns3:hr>
            <ns3:cad>81</ns3:cad>
          </ns3:TrackPointExtension>
        </extensions>
      </trkpt>
      <trkpt lat="35.75462576933205127716064453125" lon="139.53059409745037555694580078125">
        <ele>45.40000152587890625</ele>
        <time>2026-08-10T09:45:11.000Z</time>
        <extensions>
          <ns3:TrackPointExtension>
            <ns3:hr>142</ns3:hr>
            <ns3:cad>81</ns3:cad>
          </ns3:TrackPointExtension>
        </extensions>
      </trkpt>
      <trkpt lat="35.75462124310433864593505859375" lon="139.53057230450212955474853515625">
        <ele>45.40000152587890625</ele>
        <time>2026-08-10T09:45:12.000Z</time>
        <extensions>
          <ns3:TrackPointExtension>
            <ns3:hr>142</ns3:hr>
            <ns3:cad>81</ns3:cad>
          </ns3:TrackPointExtension>
        </extensions>
      </trkpt>
      <trkpt lat="35.7546157948672771453857421875" lon="139.53055922873318195343017578125">
        <ele>45.40000152587890625</ele>
        <time>2026-08-10T09:45:13.000Z</time>
        <extensions>
          <ns3:TrackPointExtension>
            <ns3:hr>141</ns3:hr>
            <ns3:cad>81</ns3:cad>
          </ns3:TrackPointExtension>
        </extensions>
      </trkpt>
      <trkpt lat="35.75461185537278652191162109375" lon="139.53054749406874179840087890625">
        <ele>45.40000152587890625</ele>
        <time>2026-08-10T09:45:14.000Z</time>
        <extensions>
          <ns3:TrackPointExtension>
            <ns3:hr>141</ns3:hr>
            <ns3:cad>81</ns3:cad>
          </ns3:TrackPointExtension>
        </extensions>
      </trkpt>
      <trkpt lat="35.75460129417479038238525390625" lon="139.53053290955722332000732421875">
        <ele>45.40000152587890625</ele>
        <time>2026-08-10T09:45:15.000Z</time>
        <extensions>
          <ns3:TrackPointExtension>
            <ns3:hr>141</ns3:hr>
            <ns3:cad>81</ns3:cad>
          </ns3:TrackPointExtension>
        </extensions>
      </trkpt>
      <trkpt lat="35.75459559448063373565673828125" lon="139.53051991760730743408203125">
        <ele>45.40000152587890625</ele>
        <time>2026-08-10T09:45:16.000Z</time>
        <extensions>
          <ns3:TrackPointExtension>
            <ns3:hr>140</ns3:hr>
            <ns3:cad>80</ns3:cad>
          </ns3:TrackPointExtension>
        </extensions>
      </trkpt>
      <trkpt lat="35.7545896433293819427490234375" lon="139.53050809912383556365966796875">
        <ele>45.40000152587890625</ele>
        <time>2026-08-10T09:45:17.000Z</time>
        <extensions>
          <ns3:TrackPointExtension>
            <ns3:hr>140</ns3:hr>
            <ns3:cad>81</ns3:cad>
          </ns3:TrackPointExtension>
        </extensions>
      </trkpt>
      <trkpt lat="35.7545851171016693115234375" lon="139.53048680908977985382080078125">
        <ele>45.40000152587890625</ele>
        <time>2026-08-10T09:45:18.000Z</time>
        <extensions>
          <ns3:TrackPointExtension>
            <ns3:hr>140</ns3:hr>
            <ns3:cad>81</ns3:cad>
          </ns3:TrackPointExtension>
        </extensions>
      </trkpt>
      <trkpt lat="35.754581429064273834228515625" lon="139.5304647646844387054443359375">
        <ele>45.40000152587890625</ele>
        <time>2026-08-10T09:45:19.000Z</time>
        <extensions>
          <ns3:TrackPointExtension>
            <ns3:hr>140</ns3:hr>
            <ns3:cad>82</ns3:cad>
          </ns3:TrackPointExtension>
        </extensions>
      </trkpt>
      <trkpt lat="35.75457983650267124176025390625" lon="139.53044892288744449615478515625">
        <ele>45.40000152587890625</ele>
        <time>2026-08-10T09:45:20.000Z</time>
        <extensions>
          <ns3:TrackPointExtension>
            <ns3:hr>140</ns3:hr>
            <ns3:cad>82</ns3:cad>
          </ns3:TrackPointExtension>
        </extensions>
      </trkpt>
      <trkpt lat="35.7545712031424045562744140625" lon="139.53043031506240367889404296875">
        <ele>45.40000152587890625</ele>
        <time>2026-08-10T09:45:21.000Z</time>
        <extensions>
          <ns3:TrackPointExtension>
            <ns3:hr>140</ns3:hr>
            <ns3:cad>82</ns3:cad>
          </ns3:TrackPointExtension>
        </extensions>
      </trkpt>
      <trkpt lat="35.75455837883055210113525390625" lon="139.53040550462901592254638671875">
        <ele>45.40000152587890625</ele>
        <time>2026-08-10T09:45:22.000Z</time>
        <extensions>
          <ns3:TrackPointExtension>
            <ns3:hr>140</ns3:hr>
            <ns3:cad>81</ns3:cad>
          </ns3:TrackPointExtension>
        </extensions>
      </trkpt>
      <trkpt lat="35.7545400224626064300537109375" lon="139.53038589097559452056884765625">
        <ele>45.40000152587890625</ele>
        <time>2026-08-10T09:45:23.000Z</time>
        <extensions>
          <ns3:TrackPointExtension>
            <ns3:hr>140</ns3:hr>
            <ns3:cad>81</ns3:cad>
          </ns3:TrackPointExtension>
        </extensions>
      </trkpt>
      <trkpt lat="35.75452837161719799041748046875" lon="139.5303682051599025726318359375">
        <ele>45.40000152587890625</ele>
        <time>2026-08-10T09:45:24.000Z</time>
        <extensions>
          <ns3:TrackPointExtension>
            <ns3:hr>140</ns3:hr>
            <ns3:cad>82</ns3:cad>
          </ns3:TrackPointExtension>
        </extensions>
      </trkpt>
      <trkpt lat="35.75451747514307498931884765625" lon="139.5303457416594028472900390625">
        <ele>45.40000152587890625</ele>
        <time>2026-08-10T09:45:25.000Z</time>
        <extensions>
          <ns3:TrackPointExtension>
            <ns3:hr>140</ns3:hr>
            <ns3:cad>83</ns3:cad>
          </ns3:TrackPointExtension>
        </extensions>
      </trkpt>
      <trkpt lat="35.75451563112437725067138671875" lon="139.53032336197793483734130859375">
        <ele>45.40000152587890625</ele>
        <time>2026-08-10T09:45:26.000Z</time>
        <extensions>
          <ns3:TrackPointExtension>
            <ns3:hr>140</ns3:hr>
            <ns3:cad>83</ns3:cad>
          </ns3:TrackPointExtension>
        </extensions>
      </trkpt>
      <trkpt lat="35.7545068301260471343994140625" lon="139.53028782270848751068115234375">
        <ele>45.40000152587890625</ele>
        <time>2026-08-10T09:45:27.000Z</time>
        <extensions>
          <ns3:TrackPointExtension>
            <ns3:hr>140</ns3:hr>
            <ns3:cad>82</ns3:cad>
          </ns3:TrackPointExtension>
        </extensions>
      </trkpt>
      <trkpt lat="35.754494257271289825439453125" lon="139.53026703558862209320068359375">
        <ele>45.40000152587890625</ele>
        <time>2026-08-10T09:45:28.000Z</time>
        <extensions>
          <ns3:TrackPointExtension>
            <ns3:hr>140</ns3:hr>
            <ns3:cad>82</ns3:cad>
          </ns3:TrackPointExtension>
        </extensions>
      </trkpt>
      <trkpt lat="35.75448361225426197052001953125" lon="139.53025295399129390716552734375">
        <ele>45.40000152587890625</ele>
        <time>2026-08-10T09:45:29.000Z</time>
        <extensions>
          <ns3:TrackPointExtension>
            <ns3:hr>140</ns3:hr>
            <ns3:cad>81</ns3:cad>
          </ns3:TrackPointExtension>
        </extensions>
      </trkpt>
      <trkpt lat="35.75447036884725093841552734375" lon="139.53024239279329776763916015625">
        <ele>45.40000152587890625</ele>
        <time>2026-08-10T09:45:30.000Z</time>
        <extensions>
          <ns3:TrackPointExtension>
            <ns3:hr>140</ns3:hr>
            <ns3:cad>81</ns3:cad>
          </ns3:TrackPointExtension>
        </extensions>
      </trkpt>
      <trkpt lat="35.7544665969908237457275390625" lon="139.53022110275924205780029296875">
        <ele>45.40000152587890625</ele>
        <time>2026-08-10T09:45:31.000Z</time>
        <extensions>
          <ns3:TrackPointExtension>
            <ns3:hr>140</ns3:hr>
            <ns3:cad>80</ns3:cad>
          </ns3:TrackPointExtension>
        </extensions>
      </trkpt>
      <trkpt lat="35.75445578433573246002197265625" lon="139.530197046697139739990234375">
        <ele>45.40000152587890625</ele>
        <time>2026-08-10T09:45:32.000Z</time>
        <extensions>
          <ns3:TrackPointExtension>
            <ns3:hr>141</ns3:hr>
            <ns3:cad>80</ns3:cad>
          </ns3:TrackPointExtension>
        </extensions>
      </trkpt>
      <trkpt lat="35.75444052927196025848388671875" lon="139.5301794447004795074462890625">
        <ele>45.59999847412109375</ele>
        <time>2026-08-10T09:45:33.000Z</time>
        <extensions>
          <ns3:TrackPointExtension>
            <ns3:hr>141</ns3:hr>
            <ns3:cad>80</ns3:cad>
          </ns3:TrackPointExtension>
        </extensions>
      </trkpt>
      <trkpt lat="35.75442862696945667266845703125" lon="139.5301665365695953369140625">
        <ele>45.59999847412109375</ele>
        <time>2026-08-10T09:45:34.000Z</time>
        <extensions>
          <ns3:TrackPointExtension>
            <ns3:hr>141</ns3:hr>
            <ns3:cad>81</ns3:cad>
          </ns3:TrackPointExtension>
        </extensions>
      </trkpt>
      <trkpt lat="35.75441052205860614776611328125" lon="139.530146420001983642578125">
        <ele>45.59999847412109375</ele>
        <time>2026-08-10T09:45:35.000Z</time>
        <extensions>
          <ns3:TrackPointExtension>
            <ns3:hr>142</ns3:hr>
            <ns3:cad>83</ns3:cad>
          </ns3:TrackPointExtension>
        </extensions>
      </trkpt>
      <trkpt lat="35.75440214015543460845947265625" lon="139.53012420795857906341552734375">
        <ele>45.59999847412109375</ele>
        <time>2026-08-10T09:45:36.000Z</time>
        <extensions>
          <ns3:TrackPointExtension>
            <ns3:hr>142</ns3:hr>
            <ns3:cad>83</ns3:cad>
          </ns3:TrackPointExtension>
        </extensions>
      </trkpt>
      <trkpt lat="35.75439375825226306915283203125" lon="139.5300996489822864532470703125">
        <ele>45.59999847412109375</ele>
        <time>2026-08-10T09:45:37.000Z</time>
        <extensions>
          <ns3:TrackPointExtension>
            <ns3:hr>142</ns3:hr>
            <ns3:cad>83</ns3:cad>
          </ns3:TrackPointExtension>
        </extensions>
      </trkpt>
      <trkpt lat="35.75437883846461772918701171875" lon="139.5300768502056598663330078125">
        <ele>45.59999847412109375</ele>
        <time>2026-08-10T09:45:38.000Z</time>
        <extensions>
          <ns3:TrackPointExtension>
            <ns3:hr>142</ns3:hr>
            <ns3:cad>82</ns3:cad>
          </ns3:TrackPointExtension>
        </extensions>
      </trkpt>
      <trkpt lat="35.7543737255036830902099609375" lon="139.53005723655223846435546875">
        <ele>45.59999847412109375</ele>
        <time>2026-08-10T09:45:39.000Z</time>
        <extensions>
          <ns3:TrackPointExtension>
            <ns3:hr>142</ns3:hr>
            <ns3:cad>81</ns3:cad>
          </ns3:TrackPointExtension>
        </extensions>
      </trkpt>
      <trkpt lat="35.75436928309500217437744140625" lon="139.53004122711718082427978515625">
        <ele>45.59999847412109375</ele>
        <time>2026-08-10T09:45:40.000Z</time>
        <extensions>
          <ns3:TrackPointExtension>
            <ns3:hr>142</ns3:hr>
            <ns3:cad>81</ns3:cad>
          </ns3:TrackPointExtension>
        </extensions>
      </trkpt>
      <trkpt lat="35.7543546147644519805908203125" lon="139.53003041446208953857421875">
        <ele>45.59999847412109375</ele>
        <time>2026-08-10T09:45:41.000Z</time>
        <extensions>
          <ns3:TrackPointExtension>
            <ns3:hr>142</ns3:hr>
            <ns3:cad>80</ns3:cad>
          </ns3:TrackPointExtension>
        </extensions>
      </trkpt>
      <trkpt lat="35.754344053566455841064453125" lon="139.5300163328647613525390625">
        <ele>45.59999847412109375</ele>
        <time>2026-08-10T09:45:42.000Z</time>
        <extensions>
          <ns3:TrackPointExtension>
            <ns3:hr>142</ns3:hr>
            <ns3:cad>80</ns3:cad>
          </ns3:TrackPointExtension>
        </extensions>
      </trkpt>
      <trkpt lat="35.75433072634041309356689453125" lon="139.53000434674322605133056640625">
        <ele>45.59999847412109375</ele>
        <time>2026-08-10T09:45:43.000Z</time>
        <extensions>
          <ns3:TrackPointExtension>
            <ns3:hr>142</ns3:hr>
            <ns3:cad>81</ns3:cad>
          </ns3:TrackPointExtension>
        </extensions>
      </trkpt>
      <trkpt lat="35.754326283931732177734375" lon="139.52999043278396129608154296875">
        <ele>45.59999847412109375</ele>
        <time>2026-08-10T09:45:44.000Z</time>
        <extensions>
          <ns3:TrackPointExtension>
            <ns3:hr>142</ns3:hr>
            <ns3:cad>81</ns3:cad>
          </ns3:TrackPointExtension>
        </extensions>
      </trkpt>
      <trkpt lat="35.75432016514241695404052734375" lon="139.52997417189180850982666015625">
        <ele>45.59999847412109375</ele>
        <time>2026-08-10T09:45:45.000Z</time>
        <extensions>
          <ns3:TrackPointExtension>
            <ns3:hr>142</ns3:hr>
            <ns3:cad>81</ns3:cad>
          </ns3:TrackPointExtension>
        </extensions>
      </trkpt>
      <trkpt lat="35.75432083569467067718505859375" lon="139.5299444161355495452880859375">
        <ele>45.59999847412109375</ele>
        <time>2026-08-10T09:45:46.000Z</time>
        <extensions>
          <ns3:TrackPointExtension>
            <ns3:hr>142</ns3:hr>
            <ns3:cad>80</ns3:cad>
          </ns3:TrackPointExtension>
        </extensions>
      </trkpt>
      <trkpt lat="35.75431580655276775360107421875" lon="139.52992002479732036590576171875">
        <ele>45.59999847412109375</ele>
        <time>2026-08-10T09:45:47.000Z</time>
        <extensions>
          <ns3:TrackPointExtension>
            <ns3:hr>142</ns3:hr>
            <ns3:cad>80</ns3:cad>
          </ns3:TrackPointExtension>
        </extensions>
      </trkpt>
      <trkpt lat="35.7543153874576091766357421875" lon="139.52990778721868991851806640625">
        <ele>45.59999847412109375</ele>
        <time>2026-08-10T09:45:48.000Z</time>
        <extensions>
          <ns3:TrackPointExtension>
            <ns3:hr>142</ns3:hr>
            <ns3:cad>80</ns3:cad>
          </ns3:TrackPointExtension>
        </extensions>
      </trkpt>
      <trkpt lat="35.754313208162784576416015625" lon="139.5298929512500762939453125">
        <ele>45.59999847412109375</ele>
        <time>2026-08-10T09:45:49.000Z</time>
        <extensions>
          <ns3:TrackPointExtension>
            <ns3:hr>141</ns3:hr>
            <ns3:cad>81</ns3:cad>
          </ns3:TrackPointExtension>
        </extensions>
      </trkpt>
      <trkpt lat="35.75430558063089847564697265625" lon="139.52987023629248142242431640625">
        <ele>45.59999847412109375</ele>
        <time>2026-08-10T09:45:50.000Z</time>
        <extensions>
          <ns3:TrackPointExtension>
            <ns3:hr>141</ns3:hr>
            <ns3:cad>81</ns3:cad>
          </ns3:TrackPointExtension>
        </extensions>
      </trkpt>
      <trkpt lat="35.754296444356441497802734375" lon="139.52985296957194805145263671875">
        <ele>45.59999847412109375</ele>
        <time>2026-08-10T09:45:51.000Z</time>
        <extensions>
          <ns3:TrackPointExtension>
            <ns3:hr>141</ns3:hr>
            <ns3:cad>81</ns3:cad>
          </ns3:TrackPointExtension>
        </extensions>
      </trkpt>
      <trkpt lat="35.7542889006435871124267578125" lon="139.5298347808420658111572265625">
        <ele>45.59999847412109375</ele>
        <time>2026-08-10T09:45:52.000Z</time>
        <extensions>
          <ns3:TrackPointExtension>
            <ns3:hr>141</ns3:hr>
            <ns3:cad>81</ns3:cad>
          </ns3:TrackPointExtension>
        </extensions>
      </trkpt>
      <trkpt lat="35.75427624396979808807373046875" lon="139.52981860376894474029541015625">
        <ele>45.59999847412109375</ele>
        <time>2026-08-10T09:45:53.000Z</time>
        <extensions>
          <ns3:TrackPointExtension>
            <ns3:hr>141</ns3:hr>
            <ns3:cad>81</ns3:cad>
          </ns3:TrackPointExtension>
        </extensions>
      </trkpt>
      <trkpt lat="35.75426216237246990203857421875" lon="139.5298089645802974700927734375">
        <ele>45.59999847412109375</ele>
        <time>2026-08-10T09:45:54.000Z</time>
        <extensions>
          <ns3:TrackPointExtension>
            <ns3:hr>141</ns3:hr>
            <ns3:cad>81</ns3:cad>
          </ns3:TrackPointExtension>
        </extensions>
      </trkpt>
      <trkpt lat="35.7542483322322368621826171875" lon="139.5297955535352230072021484375">
        <ele>45.799999237060546875</ele>
        <time>2026-08-10T09:45:55.000Z</time>
        <extensions>
          <ns3:TrackPointExtension>
            <ns3:hr>141</ns3:hr>
            <ns3:cad>81</ns3:cad>
          </ns3:TrackPointExtension>
        </extensions>
      </trkpt>
      <trkpt lat="35.75423617847263813018798828125" lon="139.52977535314857959747314453125">
        <ele>45.799999237060546875</ele>
        <time>2026-08-10T09:45:56.000Z</time>
        <extensions>
          <ns3:TrackPointExtension>
            <ns3:hr>140</ns3:hr>
            <ns3:cad>81</ns3:cad>
          </ns3:TrackPointExtension>
        </extensions>
      </trkpt>
      <trkpt lat="35.7542235217988491058349609375" lon="139.5297445915639400482177734375">
        <ele>45.799999237060546875</ele>
        <time>2026-08-10T09:45:57.000Z</time>
        <extensions>
          <ns3:TrackPointExtension>
            <ns3:hr>140</ns3:hr>
            <ns3:cad>81</ns3:cad>
          </ns3:TrackPointExtension>
        </extensions>
      </trkpt>
      <trkpt lat="35.75421421788632869720458984375" lon="139.529727995395660400390625">
        <ele>45.799999237060546875</ele>
        <time>2026-08-10T09:45:58.000Z</time>
        <extensions>
          <ns3:TrackPointExtension>
            <ns3:hr>140</ns3:hr>
            <ns3:cad>81</ns3:cad>
          </ns3:TrackPointExtension>
        </extensions>
      </trkpt>
      <trkpt lat="35.75420935638248920440673828125" lon="139.529706537723541259765625">
        <ele>45.799999237060546875</ele>
        <time>2026-08-10T09:45:59.000Z</time>
        <extensions>
          <ns3:TrackPointExtension>
            <ns3:hr>140</ns3:hr>
            <ns3:cad>81</ns3:cad>
          </ns3:TrackPointExtension>
        </extensions>
      </trkpt>
      <trkpt lat="35.75419745407998561859130859375" lon="139.5296835713088512420654296875">
        <ele>45.799999237060546875</ele>
        <time>2026-08-10T09:46:00.000Z</time>
        <extensions>
          <ns3:TrackPointExtension>
            <ns3:hr>140</ns3:hr>
            <ns3:cad>80</ns3:cad>
          </ns3:TrackPointExtension>
        </extensions>
      </trkpt>
      <trkpt lat="35.75419141910970211029052734375" lon="139.5296634547412395477294921875">
        <ele>45.799999237060546875</ele>
        <time>2026-08-10T09:46:01.000Z</time>
        <extensions>
          <ns3:TrackPointExtension>
            <ns3:hr>140</ns3:hr>
            <ns3:cad>80</ns3:cad>
          </ns3:TrackPointExtension>
        </extensions>
      </trkpt>
      <trkpt lat="35.7541849650442600250244140625" lon="139.52963973395526409149169921875">
        <ele>45.799999237060546875</ele>
        <time>2026-08-10T09:46:02.000Z</time>
        <extensions>
          <ns3:TrackPointExtension>
            <ns3:hr>140</ns3:hr>
            <ns3:cad>79</ns3:cad>
          </ns3:TrackPointExtension>
        </extensions>
      </trkpt>
      <trkpt lat="35.7541819475591182708740234375" lon="139.529610984027385711669921875">
        <ele>45.59999847412109375</ele>
        <time>2026-08-10T09:46:03.000Z</time>
        <extensions>
          <ns3:TrackPointExtension>
            <ns3:hr>140</ns3:hr>
            <ns3:cad>79</ns3:cad>
          </ns3:TrackPointExtension>
        </extensions>
      </trkpt>
      <trkpt lat="35.75417406857013702392578125" lon="139.529592208564281463623046875">
        <ele>45.59999847412109375</ele>
        <time>2026-08-10T09:46:04.000Z</time>
        <extensions>
          <ns3:TrackPointExtension>
            <ns3:hr>140</ns3:hr>
            <ns3:cad>81</ns3:cad>
          </ns3:TrackPointExtension>
        </extensions>
      </trkpt>
      <trkpt lat="35.75416526757180690765380859375" lon="139.5295742712914943695068359375">
        <ele>45.59999847412109375</ele>
        <time>2026-08-10T09:46:05.000Z</time>
        <extensions>
          <ns3:TrackPointExtension>
            <ns3:hr>140</ns3:hr>
            <ns3:cad>81</ns3:cad>
          </ns3:TrackPointExtension>
        </extensions>
      </trkpt>
      <trkpt lat="35.7541490904986858367919921875" lon="139.52955826185643672943115234375">
        <ele>45.59999847412109375</ele>
        <time>2026-08-10T09:46:06.000Z</time>
        <extensions>
          <ns3:TrackPointExtension>
            <ns3:hr>140</ns3:hr>
            <ns3:cad>81</ns3:cad>
          </ns3:TrackPointExtension>
        </extensions>
      </trkpt>
      <trkpt lat="35.7541427202522754669189453125" lon="139.52953688800334930419921875">
        <ele>45.59999847412109375</ele>
        <time>2026-08-10T09:46:07.000Z</time>
        <extensions>
          <ns3:TrackPointExtension>
            <ns3:hr>140</ns3:hr>
            <ns3:cad>80</ns3:cad>
          </ns3:TrackPointExtension>
        </extensions>
      </trkpt>
      <trkpt lat="35.75413794256746768951416015625" lon="139.52951132319867610931396484375">
        <ele>45.799999237060546875</ele>
        <time>2026-08-10T09:46:08.000Z</time>
        <extensions>
          <ns3:TrackPointExtension>
            <ns3:hr>140</ns3:hr>
            <ns3:cad>80</ns3:cad>
          </ns3:TrackPointExtension>
        </extensions>
      </trkpt>
      <trkpt lat="35.75413861311972141265869140625" lon="139.529490955173969268798828125">
        <ele>45.799999237060546875</ele>
        <time>2026-08-10T09:46:09.000Z</time>
        <extensions>
          <ns3:TrackPointExtension>
            <ns3:hr>140</ns3:hr>
            <ns3:cad>80</ns3:cad>
          </ns3:TrackPointExtension>
        </extensions>
      </trkpt>
      <trkpt lat="35.7541363500058650970458984375" lon="139.52947142533957958221435546875">
        <ele>45.799999237060546875</ele>
        <time>2026-08-10T09:46:10.000Z</time>
        <extensions>
          <ns3:TrackPointExtension>
            <ns3:hr>140</ns3:hr>
            <ns3:cad>81</ns3:cad>
          </ns3:TrackPointExtension>
        </extensions>
      </trkpt>
      <trkpt lat="35.7541309855878353118896484375" lon="139.5294488780200481414794921875">
        <ele>45.799999237060546875</ele>
        <time>2026-08-10T09:46:11.000Z</time>
        <extensions>
          <ns3:TrackPointExtension>
            <ns3:hr>140</ns3:hr>
            <ns3:cad>81</ns3:cad>
          </ns3:TrackPointExtension>
        </extensions>
      </trkpt>
      <trkpt lat="35.7541279681026935577392578125" lon="139.52942918054759502410888671875">
        <ele>45.799999237060546875</ele>
        <time>2026-08-10T09:46:12.000Z</time>
        <extensions>
          <ns3:TrackPointExtension>
            <ns3:hr>140</ns3:hr>
            <ns3:cad>81</ns3:cad>
          </ns3:TrackPointExtension>
        </extensions>
      </trkpt>
      <trkpt lat="35.75412570498883724212646484375" lon="139.52940638177096843719482421875">
        <ele>45.799999237060546875</ele>
        <time>2026-08-10T09:46:13.000Z</time>
        <extensions>
          <ns3:TrackPointExtension>
            <ns3:hr>140</ns3:hr>
            <ns3:cad>81</ns3:cad>
          </ns3:TrackPointExtension>
        </extensions>
      </trkpt>
      <trkpt lat="35.7541152276098728179931640625" lon="139.52940420247614383697509765625">
        <ele>46</ele>
        <time>2026-08-10T09:46:14.000Z</time>
        <extensions>
          <ns3:TrackPointExtension>
            <ns3:hr>140</ns3:hr>
            <ns3:cad>79</ns3:cad>
          </ns3:TrackPointExtension>
        </extensions>
      </trkpt>
      <trkpt lat="35.7541008107364177703857421875" lon="139.52939028851687908172607421875">
        <ele>46</ele>
        <time>2026-08-10T09:46:15.000Z</time>
        <extensions>
          <ns3:TrackPointExtension>
            <ns3:hr>140</ns3:hr>
            <ns3:cad>79</ns3:cad>
          </ns3:TrackPointExtension>
        </extensions>
      </trkpt>
      <trkpt lat="35.75409905053675174713134765625" lon="139.52936413697898387908935546875">
        <ele>46</ele>
        <time>2026-08-10T09:46:16.000Z</time>
        <extensions>
          <ns3:TrackPointExtension>
            <ns3:hr>140</ns3:hr>
            <ns3:cad>79</ns3:cad>
          </ns3:TrackPointExtension>
        </extensions>
      </trkpt>
      <trkpt lat="35.75409167446196079254150390625" lon="139.52934318222105503082275390625">
        <ele>46</ele>
        <time>2026-08-10T09:46:17.000Z</time>
        <extensions>
          <ns3:TrackPointExtension>
            <ns3:hr>140</ns3:hr>
            <ns3:cad>80</ns3:cad>
          </ns3:TrackPointExtension>
        </extensions>
      </trkpt>
      <trkpt lat="35.75409150682389736175537109375" lon="139.5293241553008556365966796875">
        <ele>46</ele>
        <time>2026-08-10T09:46:18.000Z</time>
        <extensions>
          <ns3:TrackPointExtension>
            <ns3:hr>140</ns3:hr>
            <ns3:cad>80</ns3:cad>
          </ns3:TrackPointExtension>
        </extensions>
      </trkpt>
      <trkpt lat="35.7540910877287387847900390625" lon="139.52930831350386142730712890625">
        <ele>46</ele>
        <time>2026-08-10T09:46:19.000Z</time>
        <extensions>
          <ns3:TrackPointExtension>
            <ns3:hr>139</ns3:hr>
            <ns3:cad>81</ns3:cad>
          </ns3:TrackPointExtension>
        </extensions>
      </trkpt>
      <trkpt lat="35.75409502722322940826416015625" lon="139.5292879454791545867919921875">
        <ele>46</ele>
        <time>2026-08-10T09:46:20.000Z</time>
        <extensions>
          <ns3:TrackPointExtension>
            <ns3:hr>138</ns3:hr>
            <ns3:cad>81</ns3:cad>
          </ns3:TrackPointExtension>
        </extensions>
      </trkpt>
      <trkpt lat="35.7540977932512760162353515625" lon="139.529260955750942230224609375">
        <ele>46</ele>
        <time>2026-08-10T09:46:21.000Z</time>
        <extensions>
          <ns3:TrackPointExtension>
            <ns3:hr>138</ns3:hr>
            <ns3:cad>81</ns3:cad>
          </ns3:TrackPointExtension>
        </extensions>
      </trkpt>
      <trkpt lat="35.75409829616546630859375" lon="139.52923187054693698883056640625">
        <ele>46</ele>
        <time>2026-08-10T09:46:22.000Z</time>
        <extensions>
          <ns3:TrackPointExtension>
            <ns3:hr>138</ns3:hr>
            <ns3:cad>80</ns3:cad>
          </ns3:TrackPointExtension>
        </extensions>
      </trkpt>
      <trkpt lat="35.75410173274576663970947265625" lon="139.52921795658767223358154296875">
        <ele>46</ele>
        <time>2026-08-10T09:46:23.000Z</time>
        <extensions>
          <ns3:TrackPointExtension>
            <ns3:hr>137</ns3:hr>
            <ns3:cad>80</ns3:cad>
          </ns3:TrackPointExtension>
        </extensions>
      </trkpt>
      <trkpt lat="35.75410692952573299407958984375" lon="139.52922516502439975738525390625">
        <ele>45.799999237060546875</ele>
        <time>2026-08-10T09:46:24.000Z</time>
        <extensions>
          <ns3:TrackPointExtension>
            <ns3:hr>136</ns3:hr>
            <ns3:cad>80</ns3:cad>
          </ns3:TrackPointExtension>
        </extensions>
      </trkpt>
      <trkpt lat="35.75411631725728511810302734375" lon="139.52923622913658618927001953125">
        <ele>45.799999237060546875</ele>
        <time>2026-08-10T09:46:25.000Z</time>
        <extensions>
          <ns3:TrackPointExtension>
            <ns3:hr>136</ns3:hr>
            <ns3:cad>82</ns3:cad>
          </ns3:TrackPointExtension>
        </extensions>
      </trkpt>
      <trkpt lat="35.75412419624626636505126953125" lon="139.529242850840091705322265625">
        <ele>45.799999237060546875</ele>
        <time>2026-08-10T09:46:26.000Z</time>
        <extensions>
          <ns3:TrackPointExtension>
            <ns3:hr>136</ns3:hr>
            <ns3:cad>82</ns3:cad>
          </ns3:TrackPointExtension>
        </extensions>
      </trkpt>
      <trkpt lat="35.75413006357848644256591796875" lon="139.52925316058099269866943359375">
        <ele>46</ele>
        <time>2026-08-10T09:46:27.000Z</time>
        <extensions>
          <ns3:TrackPointExtension>
            <ns3:hr>136</ns3:hr>
            <ns3:cad>81</ns3:cad>
          </ns3:TrackPointExtension>
        </extensions>
      </trkpt>
      <trkpt lat="35.75414322316646575927734375" lon="139.52927830629050731658935546875">
        <ele>46</ele>
        <time>2026-08-10T09:46:28.000Z</time>
        <extensions>
          <ns3:TrackPointExtension>
            <ns3:hr>136</ns3:hr>
            <ns3:cad>80</ns3:cad>
          </ns3:TrackPointExtension>
        </extensions>
      </trkpt>
      <trkpt lat="35.7541407085955142974853515625" lon="139.52929976396262645721435546875">
        <ele>46</ele>
        <time>2026-08-10T09:46:29.000Z</time>
        <extensions>
          <ns3:TrackPointExtension>
            <ns3:hr>136</ns3:hr>
            <ns3:cad>80</ns3:cad>
          </ns3:TrackPointExtension>
        </extensions>
      </trkpt>
      <trkpt lat="35.7541417144238948822021484375" lon="139.52932122163474559783935546875">
        <ele>46</ele>
        <time>2026-08-10T09:46:30.000Z</time>
        <extensions>
          <ns3:TrackPointExtension>
            <ns3:hr>137</ns3:hr>
            <ns3:cad>80</ns3:cad>
          </ns3:TrackPointExtension>
        </extensions>
      </trkpt>
      <trkpt lat="35.75414615683257579803466796875" lon="139.52934645116329193115234375">
        <ele>46</ele>
        <time>2026-08-10T09:46:31.000Z</time>
        <extensions>
          <ns3:TrackPointExtension>
            <ns3:hr>136</ns3:hr>
            <ns3:cad>80</ns3:cad>
          </ns3:TrackPointExtension>
        </extensions>
      </trkpt>
      <trkpt lat="35.7541487552225589752197265625" lon="139.5293674059212207794189453125">
        <ele>46</ele>
        <time>2026-08-10T09:46:32.000Z</time>
        <extensions>
          <ns3:TrackPointExtension>
            <ns3:hr>136</ns3:hr>
            <ns3:cad>81</ns3:cad>
          </ns3:TrackPointExtension>
        </extensions>
      </trkpt>
      <trkpt lat="35.754161663353443145751953125" lon="139.52939741313457489013671875">
        <ele>46</ele>
        <time>2026-08-10T09:46:33.000Z</time>
        <extensions>
          <ns3:TrackPointExtension>
            <ns3:hr>136</ns3:hr>
            <ns3:cad>81</ns3:cad>
          </ns3:TrackPointExtension>
        </extensions>
      </trkpt>
      <trkpt lat="35.75416979379951953887939453125" lon="139.529426582157611846923828125">
        <ele>46</ele>
        <time>2026-08-10T09:46:34.000Z</time>
        <extensions>
          <ns3:TrackPointExtension>
            <ns3:hr>136</ns3:hr>
            <ns3:cad>81</ns3:cad>
          </ns3:TrackPointExtension>
        </extensions>
      </trkpt>
      <trkpt lat="35.75417700223624706268310546875" lon="139.5294421724975109100341796875">
        <ele>45.799999237060546875</ele>
        <time>2026-08-10T09:46:35.000Z</time>
        <extensions>
          <ns3:TrackPointExtension>
            <ns3:hr>136</ns3:hr>
            <ns3:cad>81</ns3:cad>
          </ns3:TrackPointExtension>
        </extensions>
      </trkpt>
      <trkpt lat="35.7541853003203868865966796875" lon="139.52944963239133358001708984375">
        <ele>45.799999237060546875</ele>
        <time>2026-08-10T09:46:36.000Z</time>
        <extensions>
          <ns3:TrackPointExtension>
            <ns3:hr>135</ns3:hr>
            <ns3:cad>82</ns3:cad>
          </ns3:TrackPointExtension>
        </extensions>
      </trkpt>
      <trkpt lat="35.754197873175144195556640625" lon="139.52945985831320285797119140625">
        <ele>45.799999237060546875</ele>
        <time>2026-08-10T09:46:37.000Z</time>
        <extensions>
          <ns3:TrackPointExtension>
            <ns3:hr>135</ns3:hr>
            <ns3:cad>82</ns3:cad>
          </ns3:TrackPointExtension>
        </extensions>
      </trkpt>
      <trkpt lat="35.75420130975544452667236328125" lon="139.52948148362338542938232421875">
        <ele>45.799999237060546875</ele>
        <time>2026-08-10T09:46:38.000Z</time>
        <extensions>
          <ns3:TrackPointExtension>
            <ns3:hr>135</ns3:hr>
            <ns3:cad>82</ns3:cad>
          </ns3:TrackPointExtension>
        </extensions>
      </trkpt>
      <trkpt lat="35.75420214794576168060302734375" lon="139.52949933707714080810546875">
        <ele>45.799999237060546875</ele>
        <time>2026-08-10T09:46:39.000Z</time>
        <extensions>
          <ns3:TrackPointExtension>
            <ns3:hr>135</ns3:hr>
            <ns3:cad>82</ns3:cad>
          </ns3:TrackPointExtension>
        </extensions>
      </trkpt>
      <trkpt lat="35.75420483015477657318115234375" lon="139.529517106711864471435546875">
        <ele>45.799999237060546875</ele>
        <time>2026-08-10T09:46:40.000Z</time>
        <extensions>
          <ns3:TrackPointExtension>
            <ns3:hr>135</ns3:hr>
            <ns3:cad>82</ns3:cad>
          </ns3:TrackPointExtension>
        </extensions>
      </trkpt>
      <trkpt lat="35.75421203859150409698486328125" lon="139.5295461080968379974365234375">
        <ele>45.799999237060546875</ele>
        <time>2026-08-10T09:46:41.000Z</time>
        <extensions>
          <ns3:TrackPointExtension>
            <ns3:hr>135</ns3:hr>
            <ns3:cad>82</ns3:cad>
          </ns3:TrackPointExtension>
        </extensions>
      </trkpt>
      <trkpt lat="35.75421991758048534393310546875" lon="139.52957049943506717681884765625">
        <ele>45.799999237060546875</ele>
        <time>2026-08-10T09:46:42.000Z</time>
        <extensions>
          <ns3:TrackPointExtension>
            <ns3:hr>135</ns3:hr>
            <ns3:cad>83</ns3:cad>
          </ns3:TrackPointExtension>
        </extensions>
      </trkpt>
      <trkpt lat="35.75422377325594425201416015625" lon="139.5296047814190387725830078125">
        <ele>45.799999237060546875</ele>
        <time>2026-08-10T09:46:43.000Z</time>
        <extensions>
          <ns3:TrackPointExtension>
            <ns3:hr>135</ns3:hr>
            <ns3:cad>83</ns3:cad>
          </ns3:TrackPointExtension>
        </extensions>
      </trkpt>
      <trkpt lat="35.7542324066162109375" lon="139.529627747833728790283203125">
        <ele>45.799999237060546875</ele>
        <time>2026-08-10T09:46:44.000Z</time>
        <extensions>
          <ns3:TrackPointExtension>
            <ns3:hr>135</ns3:hr>
            <ns3:cad>83</ns3:cad>
          </ns3:TrackPointExtension>
        </extensions>
      </trkpt>
      <trkpt lat="35.7542449794709682464599609375" lon="139.529655240476131439208984375">
        <ele>45.799999237060546875</ele>
        <time>2026-08-10T09:46:45.000Z</time>
        <extensions>
          <ns3:TrackPointExtension>
            <ns3:hr>135</ns3:hr>
            <ns3:cad>84</ns3:cad>
          </ns3:TrackPointExtension>
        </extensions>
      </trkpt>
      <trkpt lat="35.7542476616799831390380859375" lon="139.52969119884073734283447265625">
        <ele>45.799999237060546875</ele>
        <time>2026-08-10T09:46:46.000Z</time>
        <extensions>
          <ns3:TrackPointExtension>
            <ns3:hr>136</ns3:hr>
            <ns3:cad>84</ns3:cad>
          </ns3:TrackPointExtension>
        </extensions>
      </trkpt>
      <trkpt lat="35.75425378046929836273193359375" lon="139.5297201164066791534423828125">
        <ele>45.799999237060546875</ele>
        <time>2026-08-10T09:46:47.000Z</time>
        <extensions>
          <ns3:TrackPointExtension>
            <ns3:hr>136</ns3:hr>
            <ns3:cad>83</ns3:cad>
          </ns3:TrackPointExtension>
        </extensions>
      </trkpt>
      <trkpt lat="35.7542578876018524169921875" lon="139.52974475920200347900390625">
        <ele>45.59999847412109375</ele>
        <time>2026-08-10T09:46:48.000Z</time>
        <extensions>
          <ns3:TrackPointExtension>
            <ns3:hr>136</ns3:hr>
            <ns3:cad>82</ns3:cad>
          </ns3:TrackPointExtension>
        </extensions>
      </trkpt>
      <trkpt lat="35.7542734779417514801025390625" lon="139.5297573320567607879638671875">
        <ele>45.59999847412109375</ele>
        <time>2026-08-10T09:46:49.000Z</time>
        <extensions>
          <ns3:TrackPointExtension>
            <ns3:hr>137</ns3:hr>
            <ns3:cad>82</ns3:cad>
          </ns3:TrackPointExtension>
        </extensions>
      </trkpt>
      <trkpt lat="35.75430038385093212127685546875" lon="139.52977183274924755096435546875">
        <ele>45.59999847412109375</ele>
        <time>2026-08-10T09:46:50.000Z</time>
        <extensions>
          <ns3:TrackPointExtension>
            <ns3:hr>137</ns3:hr>
            <ns3:cad>81</ns3:cad>
          </ns3:TrackPointExtension>
        </extensions>
      </trkpt>
      <trkpt lat="35.75432251207530498504638671875" lon="139.52977887354791164398193359375">
        <ele>45.59999847412109375</ele>
        <time>2026-08-10T09:46:51.000Z</time>
        <extensions>
          <ns3:TrackPointExtension>
            <ns3:hr>138</ns3:hr>
            <ns3:cad>81</ns3:cad>
          </ns3:TrackPointExtension>
        </extensions>
      </trkpt>
      <trkpt lat="35.75433827005326747894287109375" lon="139.5297922007739543914794921875">
        <ele>45.59999847412109375</ele>
        <time>2026-08-10T09:46:52.000Z</time>
        <extensions>
          <ns3:TrackPointExtension>
            <ns3:hr>138</ns3:hr>
            <ns3:cad>81</ns3:cad>
          </ns3:TrackPointExtension>
        </extensions>
      </trkpt>
      <trkpt lat="35.75434707105159759521484375" lon="139.5298116467893123626708984375">
        <ele>45.59999847412109375</ele>
        <time>2026-08-10T09:46:53.000Z</time>
        <extensions>
          <ns3:TrackPointExtension>
            <ns3:hr>138</ns3:hr>
            <ns3:cad>81</ns3:cad>
          </ns3:TrackPointExtension>
        </extensions>
      </trkpt>
      <trkpt lat="35.75436106882989406585693359375" lon="139.52983067370951175689697265625">
        <ele>45.59999847412109375</ele>
        <time>2026-08-10T09:46:54.000Z</time>
        <extensions>
          <ns3:TrackPointExtension>
            <ns3:hr>139</ns3:hr>
            <ns3:cad>81</ns3:cad>
          </ns3:TrackPointExtension>
        </extensions>
      </trkpt>
      <trkpt lat="35.7543703727424144744873046875" lon="139.52984944917261600494384765625">
        <ele>45.59999847412109375</ele>
        <time>2026-08-10T09:46:55.000Z</time>
        <extensions>
          <ns3:TrackPointExtension>
            <ns3:hr>139</ns3:hr>
            <ns3:cad>81</ns3:cad>
          </ns3:TrackPointExtension>
        </extensions>
      </trkpt>
      <trkpt lat="35.75437732972204685211181640625" lon="139.529877193272113800048828125">
        <ele>45.59999847412109375</ele>
        <time>2026-08-10T09:46:56.000Z</time>
        <extensions>
          <ns3:TrackPointExtension>
            <ns3:hr>140</ns3:hr>
            <ns3:cad>81</ns3:cad>
          </ns3:TrackPointExtension>
        </extensions>
      </trkpt>
      <trkpt lat="35.7543919980525970458984375" lon="139.52989823184907436370849609375">
        <ele>45.59999847412109375</ele>
        <time>2026-08-10T09:46:57.000Z</time>
        <extensions>
          <ns3:TrackPointExtension>
            <ns3:hr>140</ns3:hr>
            <ns3:cad>81</ns3:cad>
          </ns3:TrackPointExtension>
        </extensions>
      </trkpt>
      <trkpt lat="35.75439677573740482330322265625" lon="139.5299216173589229583740234375">
        <ele>45.59999847412109375</ele>
        <time>2026-08-10T09:46:58.000Z</time>
        <extensions>
          <ns3:TrackPointExtension>
            <ns3:hr>141</ns3:hr>
            <ns3:cad>81</ns3:cad>
          </ns3:TrackPointExtension>
        </extensions>
      </trkpt>
      <trkpt lat="35.75439945794641971588134765625" lon="139.52994818799197673797607421875">
        <ele>45.59999847412109375</ele>
        <time>2026-08-10T09:46:59.000Z</time>
        <extensions>
          <ns3:TrackPointExtension>
            <ns3:hr>141</ns3:hr>
            <ns3:cad>82</ns3:cad>
          </ns3:TrackPointExtension>
        </extensions>
      </trkpt>
      <trkpt lat="35.754407756030559539794921875" lon="139.52997266314923763275146484375">
        <ele>45.59999847412109375</ele>
        <time>2026-08-10T09:47:00.000Z</time>
        <extensions>
          <ns3:TrackPointExtension>
            <ns3:hr>142</ns3:hr>
            <ns3:cad>82</ns3:cad>
          </ns3:TrackPointExtension>
        </extensions>
      </trkpt>
      <trkpt lat="35.75441990979015827178955078125" lon="139.52999412082135677337646484375">
        <ele>45.59999847412109375</ele>
        <time>2026-08-10T09:47:01.000Z</time>
        <extensions>
          <ns3:TrackPointExtension>
            <ns3:hr>142</ns3:hr>
            <ns3:cad>82</ns3:cad>
          </ns3:TrackPointExtension>
        </extensions>
      </trkpt>
      <trkpt lat="35.75443164445459842681884765625" lon="139.5300136506557464599609375">
        <ele>45.799999237060546875</ele>
        <time>2026-08-10T09:47:02.000Z</time>
        <extensions>
          <ns3:TrackPointExtension>
            <ns3:hr>142</ns3:hr>
            <ns3:cad>82</ns3:cad>
          </ns3:TrackPointExtension>
        </extensions>
      </trkpt>
      <trkpt lat="35.754432566463947296142578125" lon="139.53003686852753162384033203125">
        <ele>45.799999237060546875</ele>
        <time>2026-08-10T09:47:03.000Z</time>
        <extensions>
          <ns3:TrackPointExtension>
            <ns3:hr>142</ns3:hr>
            <ns3:cad>82</ns3:cad>
          </ns3:TrackPointExtension>
        </extensions>
      </trkpt>
      <trkpt lat="35.75443700887262821197509765625" lon="139.5300574041903018951416015625">
        <ele>45.799999237060546875</ele>
        <time>2026-08-10T09:47:04.000Z</time>
        <extensions>
          <ns3:TrackPointExtension>
            <ns3:hr>143</ns3:hr>
            <ns3:cad>82</ns3:cad>
          </ns3:TrackPointExtension>
        </extensions>
      </trkpt>
      <trkpt lat="35.75443566776812076568603515625" lon="139.53008548356592655181884765625">
        <ele>45.799999237060546875</ele>
        <time>2026-08-10T09:47:05.000Z</time>
        <extensions>
          <ns3:TrackPointExtension>
            <ns3:hr>143</ns3:hr>
            <ns3:cad>82</ns3:cad>
          </ns3:TrackPointExtension>
        </extensions>
      </trkpt>
      <trkpt lat="35.7544456422328948974609375" lon="139.53010794706642627716064453125">
        <ele>45.799999237060546875</ele>
        <time>2026-08-10T09:47:06.000Z</time>
        <extensions>
          <ns3:TrackPointExtension>
            <ns3:hr>143</ns3:hr>
            <ns3:cad>82</ns3:cad>
          </ns3:TrackPointExtension>
        </extensions>
      </trkpt>
      <trkpt lat="35.7544483244419097900390625" lon="139.53013879247009754180908203125">
        <ele>45.799999237060546875</ele>
        <time>2026-08-10T09:47:07.000Z</time>
        <extensions>
          <ns3:TrackPointExtension>
            <ns3:hr>143</ns3:hr>
            <ns3:cad>82</ns3:cad>
          </ns3:TrackPointExtension>
        </extensions>
      </trkpt>
      <trkpt lat="35.75445259921252727508544921875" lon="139.53016712330281734466552734375">
        <ele>45.799999237060546875</ele>
        <time>2026-08-10T09:47:08.000Z</time>
        <extensions>
          <ns3:TrackPointExtension>
            <ns3:hr>144</ns3:hr>
            <ns3:cad>82</ns3:cad>
          </ns3:TrackPointExtension>
        </extensions>
      </trkpt>
      <trkpt lat="35.754460394382476806640625" lon="139.530191011726856231689453125">
        <ele>45.59999847412109375</ele>
        <time>2026-08-10T09:47:09.000Z</time>
        <extensions>
          <ns3:TrackPointExtension>
            <ns3:hr>144</ns3:hr>
            <ns3:cad>81</ns3:cad>
          </ns3:TrackPointExtension>
        </extensions>
      </trkpt>
      <trkpt lat="35.7544810138642787933349609375" lon="139.53020651824772357940673828125">
        <ele>45.59999847412109375</ele>
        <time>2026-08-10T09:47:10.000Z</time>
        <extensions>
          <ns3:TrackPointExtension>
            <ns3:hr>144</ns3:hr>
            <ns3:cad>81</ns3:cad>
          </ns3:TrackPointExtension>
        </extensions>
      </trkpt>
      <trkpt lat="35.75449459254741668701171875" lon="139.53022328205406665802001953125">
        <ele>45.59999847412109375</ele>
        <time>2026-08-10T09:47:11.000Z</time>
        <extensions>
          <ns3:TrackPointExtension>
            <ns3:hr>144</ns3:hr>
            <ns3:cad>81</ns3:cad>
          </ns3:TrackPointExtension>
        </extensions>
      </trkpt>
      <trkpt lat="35.754509009420871734619140625" lon="139.5302411355078220367431640625">
        <ele>45.59999847412109375</ele>
        <time>2026-08-10T09:47:12.000Z</time>
        <extensions>
          <ns3:TrackPointExtension>
            <ns3:hr>144</ns3:hr>
            <ns3:cad>81</ns3:cad>
          </ns3:TrackPointExtension>
        </extensions>
      </trkpt>
      <trkpt lat="35.75452317483723163604736328125" lon="139.5302604138851165771484375">
        <ele>45.59999847412109375</ele>
        <time>2026-08-10T09:47:13.000Z</time>
        <extensions>
          <ns3:TrackPointExtension>
            <ns3:hr>144</ns3:hr>
            <ns3:cad>81</ns3:cad>
          </ns3:TrackPointExtension>
        </extensions>
      </trkpt>
      <trkpt lat="35.7545363344252109527587890625" lon="139.53028078190982341766357421875">
        <ele>45.59999847412109375</ele>
        <time>2026-08-10T09:47:14.000Z</time>
        <extensions>
          <ns3:TrackPointExtension>
            <ns3:hr>145</ns3:hr>
            <ns3:cad>81</ns3:cad>
          </ns3:TrackPointExtension>
        </extensions>
      </trkpt>
      <trkpt lat="35.754547230899333953857421875" lon="139.530299641191959381103515625">
        <ele>45.59999847412109375</ele>
        <time>2026-08-10T09:47:15.000Z</time>
        <extensions>
          <ns3:TrackPointExtension>
            <ns3:hr>145</ns3:hr>
            <ns3:cad>81</ns3:cad>
          </ns3:TrackPointExtension>
        </extensions>
      </trkpt>
      <trkpt lat="35.75456055812537670135498046875" lon="139.5303194224834442138671875">
        <ele>45.59999847412109375</ele>
        <time>2026-08-10T09:47:16.000Z</time>
        <extensions>
          <ns3:TrackPointExtension>
            <ns3:hr>145</ns3:hr>
            <ns3:cad>80</ns3:cad>
          </ns3:TrackPointExtension>
        </extensions>
      </trkpt>
      <trkpt lat="35.754567347466945648193359375" lon="139.5303397066891193389892578125">
        <ele>45.59999847412109375</ele>
        <time>2026-08-10T09:47:17.000Z</time>
        <extensions>
          <ns3:TrackPointExtension>
            <ns3:hr>145</ns3:hr>
            <ns3:cad>80</ns3:cad>
          </ns3:TrackPointExtension>
        </extensions>
      </trkpt>
      <trkpt lat="35.75457732193171977996826171875" lon="139.530358649790287017822265625">
        <ele>45.59999847412109375</ele>
        <time>2026-08-10T09:47:18.000Z</time>
        <extensions>
          <ns3:TrackPointExtension>
            <ns3:hr>145</ns3:hr>
            <ns3:cad>80</ns3:cad>
          </ns3:TrackPointExtension>
        </extensions>
      </trkpt>
      <trkpt lat="35.75459307990968227386474609375" lon="139.5303782634437084197998046875">
        <ele>45.59999847412109375</ele>
        <time>2026-08-10T09:47:19.000Z</time>
        <extensions>
          <ns3:TrackPointExtension>
            <ns3:hr>145</ns3:hr>
            <ns3:cad>81</ns3:cad>
          </ns3:TrackPointExtension>
        </extensions>
      </trkpt>
      <trkpt lat="35.7546033896505832672119140625" lon="139.53039519488811492919921875">
        <ele>45.59999847412109375</ele>
        <time>2026-08-10T09:47:20.000Z</time>
        <extensions>
          <ns3:TrackPointExtension>
            <ns3:hr>145</ns3:hr>
            <ns3:cad>81</ns3:cad>
          </ns3:TrackPointExtension>
        </extensions>
      </trkpt>
      <trkpt lat="35.754610262811183929443359375" lon="139.5304164849221706390380859375">
        <ele>45.59999847412109375</ele>
        <time>2026-08-10T09:47:21.000Z</time>
        <extensions>
          <ns3:TrackPointExtension>
            <ns3:hr>145</ns3:hr>
            <ns3:cad>81</ns3:cad>
          </ns3:TrackPointExtension>
        </extensions>
      </trkpt>
      <trkpt lat="35.754610262811183929443359375" lon="139.53044624067842960357666015625">
        <ele>45.59999847412109375</ele>
        <time>2026-08-10T09:47:22.000Z</time>
        <extensions>
          <ns3:TrackPointExtension>
            <ns3:hr>145</ns3:hr>
            <ns3:cad>80</ns3:cad>
          </ns3:TrackPointExtension>
        </extensions>
      </trkpt>
      <trkpt lat="35.7546231709420680999755859375" lon="139.530463255941867828369140625">
        <ele>45.59999847412109375</ele>
        <time>2026-08-10T09:47:23.000Z</time>
        <extensions>
          <ns3:TrackPointExtension>
            <ns3:hr>145</ns3:hr>
            <ns3:cad>80</ns3:cad>
          </ns3:TrackPointExtension>
        </extensions>
      </trkpt>
      <trkpt lat="35.7546308822929859161376953125" lon="139.53048228286206722259521484375">
        <ele>45.59999847412109375</ele>
        <time>2026-08-10T09:47:24.000Z</time>
        <extensions>
          <ns3:TrackPointExtension>
            <ns3:hr>145</ns3:hr>
            <ns3:cad>79</ns3:cad>
          </ns3:TrackPointExtension>
        </extensions>
      </trkpt>
      <trkpt lat="35.7546328939497470855712890625" lon="139.5305026508867740631103515625">
        <ele>45.40000152587890625</ele>
        <time>2026-08-10T09:47:25.000Z</time>
        <extensions>
          <ns3:TrackPointExtension>
            <ns3:hr>145</ns3:hr>
            <ns3:cad>79</ns3:cad>
          </ns3:TrackPointExtension>
        </extensions>
      </trkpt>
      <trkpt lat="35.75463716872036457061767578125" lon="139.5305187441408634185791015625">
        <ele>45.40000152587890625</ele>
        <time>2026-08-10T09:47:26.000Z</time>
        <extensions>
          <ns3:TrackPointExtension>
            <ns3:hr>145</ns3:hr>
            <ns3:cad>79</ns3:cad>
          </ns3:TrackPointExtension>
        </extensions>
      </trkpt>
      <trkpt lat="35.7546479813754558563232421875" lon="139.5305351726710796356201171875">
        <ele>45.40000152587890625</ele>
        <time>2026-08-10T09:47:27.000Z</time>
        <extensions>
          <ns3:TrackPointExtension>
            <ns3:hr>145</ns3:hr>
            <ns3:cad>79</ns3:cad>
          </ns3:TrackPointExtension>
        </extensions>
      </trkpt>
      <trkpt lat="35.75466566719114780426025390625" lon="139.5305509306490421295166015625">
        <ele>45.40000152587890625</ele>
        <time>2026-08-10T09:47:28.000Z</time>
        <extensions>
          <ns3:TrackPointExtension>
            <ns3:hr>145</ns3:hr>
            <ns3:cad>79</ns3:cad>
          </ns3:TrackPointExtension>
        </extensions>
      </trkpt>
      <trkpt lat="35.75469215400516986846923828125" lon="139.530547074973583221435546875">
        <ele>45.40000152587890625</ele>
        <time>2026-08-10T09:47:29.000Z</time>
        <extensions>
          <ns3:TrackPointExtension>
            <ns3:hr>145</ns3:hr>
            <ns3:cad>79</ns3:cad>
          </ns3:TrackPointExtension>
        </extensions>
      </trkpt>
      <trkpt lat="35.75470958836376667022705078125" lon="139.5305562950670719146728515625">
        <ele>45.40000152587890625</ele>
        <time>2026-08-10T09:47:30.000Z</time>
        <extensions>
          <ns3:TrackPointExtension>
            <ns3:hr>145</ns3:hr>
            <ns3:cad>80</ns3:cad>
          </ns3:TrackPointExtension>
        </extensions>
      </trkpt>
      <trkpt lat="35.75471914373338222503662109375" lon="139.53057356178760528564453125">
        <ele>45.40000152587890625</ele>
        <time>2026-08-10T09:47:31.000Z</time>
        <extensions>
          <ns3:TrackPointExtension>
            <ns3:hr>145</ns3:hr>
            <ns3:cad>81</ns3:cad>
          </ns3:TrackPointExtension>
        </extensions>
      </trkpt>
      <trkpt lat="35.75473037548363208770751953125" lon="139.5305898226797580718994140625">
        <ele>45.40000152587890625</ele>
        <time>2026-08-10T09:47:32.000Z</time>
        <extensions>
          <ns3:TrackPointExtension>
            <ns3:hr>145</ns3:hr>
            <ns3:cad>81</ns3:cad>
          </ns3:TrackPointExtension>
        </extensions>
      </trkpt>
      <trkpt lat="35.75474269688129425048828125" lon="139.5306042395532131195068359375">
        <ele>45.40000152587890625</ele>
        <time>2026-08-10T09:47:33.000Z</time>
        <extensions>
          <ns3:TrackPointExtension>
            <ns3:hr>146</ns3:hr>
            <ns3:cad>81</ns3:cad>
          </ns3:TrackPointExtension>
        </extensions>
      </trkpt>
      <trkpt lat="35.75476004742085933685302734375" lon="139.53061304055154323577880859375">
        <ele>45.40000152587890625</ele>
        <time>2026-08-10T09:47:34.000Z</time>
        <extensions>
          <ns3:TrackPointExtension>
            <ns3:hr>146</ns3:hr>
            <ns3:cad>81</ns3:cad>
          </ns3:TrackPointExtension>
        </extensions>
      </trkpt>
      <trkpt lat="35.7547586224973201751708984375" lon="139.53064405359327793121337890625">
        <ele>45.40000152587890625</ele>
        <time>2026-08-10T09:47:35.000Z</time>
        <extensions>
          <ns3:TrackPointExtension>
            <ns3:hr>146</ns3:hr>
            <ns3:cad>80</ns3:cad>
          </ns3:TrackPointExtension>
        </extensions>
      </trkpt>
      <trkpt lat="35.7547602988779544830322265625" lon="139.53067280352115631103515625">
        <ele>45.40000152587890625</ele>
        <time>2026-08-10T09:47:36.000Z</time>
        <extensions>
          <ns3:TrackPointExtension>
            <ns3:hr>146</ns3:hr>
            <ns3:cad>80</ns3:cad>
          </ns3:TrackPointExtension>
        </extensions>
      </trkpt>
      <trkpt lat="35.75475635938346385955810546875" lon="139.530697278678417205810546875">
        <ele>45.40000152587890625</ele>
        <time>2026-08-10T09:47:37.000Z</time>
        <extensions>
          <ns3:TrackPointExtension>
            <ns3:hr>146</ns3:hr>
            <ns3:cad>80</ns3:cad>
          </ns3:TrackPointExtension>
        </extensions>
      </trkpt>
      <trkpt lat="35.75475820340216159820556640625" lon="139.530723430216312408447265625">
        <ele>45.40000152587890625</ele>
        <time>2026-08-10T09:47:38.000Z</time>
        <extensions>
          <ns3:TrackPointExtension>
            <ns3:hr>146</ns3:hr>
            <ns3:cad>80</ns3:cad>
          </ns3:TrackPointExtension>
        </extensions>
      </trkpt>
      <trkpt lat="35.75476859696209430694580078125" lon="139.53073876909911632537841796875">
        <ele>45.40000152587890625</ele>
        <time>2026-08-10T09:47:39.000Z</time>
        <extensions>
          <ns3:TrackPointExtension>
            <ns3:hr>146</ns3:hr>
            <ns3:cad>80</ns3:cad>
          </ns3:TrackPointExtension>
        </extensions>
      </trkpt>
      <trkpt lat="35.7547767274081707000732421875" lon="139.530752263963222503662109375">
        <ele>45.40000152587890625</ele>
        <time>2026-08-10T09:47:40.000Z</time>
        <extensions>
          <ns3:TrackPointExtension>
            <ns3:hr>146</ns3:hr>
            <ns3:cad>80</ns3:cad>
          </ns3:TrackPointExtension>
        </extensions>
      </trkpt>
      <trkpt lat="35.754793994128704071044921875" lon="139.5307621546089649200439453125">
        <ele>45.40000152587890625</ele>
        <time>2026-08-10T09:47:41.000Z</time>
        <extensions>
          <ns3:TrackPointExtension>
            <ns3:hr>146</ns3:hr>
            <ns3:cad>80</ns3:cad>
          </ns3:TrackPointExtension>
        </extensions>
      </trkpt>
      <trkpt lat="35.75481335632503032684326171875" lon="139.5307789184153079986572265625">
        <ele>45.59999847412109375</ele>
        <time>2026-08-10T09:47:42.000Z</time>
        <extensions>
          <ns3:TrackPointExtension>
            <ns3:hr>146</ns3:hr>
            <ns3:cad>80</ns3:cad>
          </ns3:TrackPointExtension>
        </extensions>
      </trkpt>
      <trkpt lat="35.7548323832452297210693359375" lon="139.53078822232782840728759765625">
        <ele>45.40000152587890625</ele>
        <time>2026-08-10T09:47:43.000Z</time>
        <extensions>
          <ns3:TrackPointExtension>
            <ns3:hr>146</ns3:hr>
            <ns3:cad>81</ns3:cad>
          </ns3:TrackPointExtension>
        </extensions>
      </trkpt>
      <trkpt lat="35.75486700050532817840576171875" lon="139.53079283237457275390625">
        <ele>45.40000152587890625</ele>
        <time>2026-08-10T09:47:44.000Z</time>
        <extensions>
          <ns3:TrackPointExtension>
            <ns3:hr>146</ns3:hr>
            <ns3:cad>81</ns3:cad>
          </ns3:TrackPointExtension>
        </extensions>
      </trkpt>
      <trkpt lat="35.75486985035240650177001953125" lon="139.530811607837677001953125">
        <ele>45.40000152587890625</ele>
        <time>2026-08-10T09:47:45.000Z</time>
        <extensions>
          <ns3:TrackPointExtension>
            <ns3:hr>146</ns3:hr>
            <ns3:cad>81</ns3:cad>
          </ns3:TrackPointExtension>
        </extensions>
      </trkpt>
      <trkpt lat="35.754877813160419464111328125" lon="139.5308288745582103729248046875">
        <ele>45.40000152587890625</ele>
        <time>2026-08-10T09:47:46.000Z</time>
        <extensions>
          <ns3:TrackPointExtension>
            <ns3:hr>146</ns3:hr>
            <ns3:cad>81</ns3:cad>
          </ns3:TrackPointExtension>
        </extensions>
      </trkpt>
      <trkpt lat="35.7548873685300350189208984375" lon="139.53084622509777545928955078125">
        <ele>45.40000152587890625</ele>
        <time>2026-08-10T09:47:47.000Z</time>
        <extensions>
          <ns3:TrackPointExtension>
            <ns3:hr>146</ns3:hr>
            <ns3:cad>81</ns3:cad>
          </ns3:TrackPointExtension>
        </extensions>
      </trkpt>
      <trkpt lat="35.75488661415874958038330078125" lon="139.5308691076934337615966796875">
        <ele>45.200000762939453125</ele>
        <time>2026-08-10T09:47:48.000Z</time>
        <extensions>
          <ns3:TrackPointExtension>
            <ns3:hr>146</ns3:hr>
            <ns3:cad>80</ns3:cad>
          </ns3:TrackPointExtension>
        </extensions>
      </trkpt>
      <trkpt lat="35.75489155948162078857421875" lon="139.530889727175235748291015625">
        <ele>45.200000762939453125</ele>
        <time>2026-08-10T09:47:49.000Z</time>
        <extensions>
          <ns3:TrackPointExtension>
            <ns3:hr>146</ns3:hr>
            <ns3:cad>81</ns3:cad>
          </ns3:TrackPointExtension>
        </extensions>
      </trkpt>
      <trkpt lat="35.75491326861083507537841796875" lon="139.5308945886790752410888671875">
        <ele>45.200000762939453125</ele>
        <time>2026-08-10T09:47:50.000Z</time>
        <extensions>
          <ns3:TrackPointExtension>
            <ns3:hr>146</ns3:hr>
            <ns3:cad>81</ns3:cad>
          </ns3:TrackPointExtension>
        </extensions>
      </trkpt>
      <trkpt lat="35.754924751818180084228515625" lon="139.53090992756187915802001953125">
        <ele>45.200000762939453125</ele>
        <time>2026-08-10T09:47:51.000Z</time>
        <extensions>
          <ns3:TrackPointExtension>
            <ns3:hr>146</ns3:hr>
            <ns3:cad>81</ns3:cad>
          </ns3:TrackPointExtension>
        </extensions>
      </trkpt>
      <trkpt lat="35.75494377873837947845458984375" lon="139.530918896198272705078125">
        <ele>45.200000762939453125</ele>
        <time>2026-08-10T09:47:52.000Z</time>
        <extensions>
          <ns3:TrackPointExtension>
            <ns3:hr>146</ns3:hr>
            <ns3:cad>80</ns3:cad>
          </ns3:TrackPointExtension>
        </extensions>
      </trkpt>
      <trkpt lat="35.75496875680983066558837890625" lon="139.53092535026371479034423828125">
        <ele>45.200000762939453125</ele>
        <time>2026-08-10T09:47:53.000Z</time>
        <extensions>
          <ns3:TrackPointExtension>
            <ns3:hr>145</ns3:hr>
            <ns3:cad>80</ns3:cad>
          </ns3:TrackPointExtension>
        </extensions>
      </trkpt>
      <trkpt lat="35.7549845986068248748779296875" lon="139.53093775548040866851806640625">
        <ele>45.200000762939453125</ele>
        <time>2026-08-10T09:47:54.000Z</time>
        <extensions>
          <ns3:TrackPointExtension>
            <ns3:hr>145</ns3:hr>
            <ns3:cad>81</ns3:cad>
          </ns3:TrackPointExtension>
        </extensions>
      </trkpt>
      <trkpt lat="35.75499658472836017608642578125" lon="139.530955441296100616455078125">
        <ele>45</ele>
        <time>2026-08-10T09:47:55.000Z</time>
        <extensions>
          <ns3:TrackPointExtension>
            <ns3:hr>145</ns3:hr>
            <ns3:cad>81</ns3:cad>
          </ns3:TrackPointExtension>
        </extensions>
      </trkpt>
      <trkpt lat="35.75500966049730777740478515625" lon="139.5309685170650482177734375">
        <ele>45</ele>
        <time>2026-08-10T09:47:56.000Z</time>
        <extensions>
          <ns3:TrackPointExtension>
            <ns3:hr>145</ns3:hr>
            <ns3:cad>81</ns3:cad>
          </ns3:TrackPointExtension>
        </extensions>
      </trkpt>
      <trkpt lat="35.75502458028495311737060546875" lon="139.530980251729488372802734375">
        <ele>45</ele>
        <time>2026-08-10T09:47:57.000Z</time>
        <extensions>
          <ns3:TrackPointExtension>
            <ns3:hr>144</ns3:hr>
            <ns3:cad>80</ns3:cad>
          </ns3:TrackPointExtension>
        </extensions>
      </trkpt>
      <trkpt lat="35.7550405897200107574462890625" lon="139.530987627804279327392578125">
        <ele>45</ele>
        <time>2026-08-10T09:47:58.000Z</time>
        <extensions>
          <ns3:TrackPointExtension>
            <ns3:hr>144</ns3:hr>
            <ns3:cad>80</ns3:cad>
          </ns3:TrackPointExtension>
        </extensions>
      </trkpt>
      <trkpt lat="35.7550637237727642059326171875" lon="139.5310007035732269287109375">
        <ele>45</ele>
        <time>2026-08-10T09:47:59.000Z</time>
        <extensions>
          <ns3:TrackPointExtension>
            <ns3:hr>144</ns3:hr>
            <ns3:cad>80</ns3:cad>
          </ns3:TrackPointExtension>
        </extensions>
      </trkpt>
      <trkpt lat="35.75508157722651958465576171875" lon="139.53101637773215770721435546875">
        <ele>45</ele>
        <time>2026-08-10T09:48:00.000Z</time>
        <extensions>
          <ns3:TrackPointExtension>
            <ns3:hr>145</ns3:hr>
            <ns3:cad>80</ns3:cad>
          </ns3:TrackPointExtension>
        </extensions>
      </trkpt>
      <trkpt lat="35.755097083747386932373046875" lon="139.53102459199726581573486328125">
        <ele>45</ele>
        <time>2026-08-10T09:48:01.000Z</time>
        <extensions>
          <ns3:TrackPointExtension>
            <ns3:hr>145</ns3:hr>
            <ns3:cad>80</ns3:cad>
          </ns3:TrackPointExtension>
        </extensions>
      </trkpt>
      <trkpt lat="35.755109488964080810546875" lon="139.53103146515786647796630859375">
        <ele>45</ele>
        <time>2026-08-10T09:48:02.000Z</time>
        <extensions>
          <ns3:TrackPointExtension>
            <ns3:hr>145</ns3:hr>
            <ns3:cad>80</ns3:cad>
          </ns3:TrackPointExtension>
        </extensions>
      </trkpt>
      <trkpt lat="35.75511678121984004974365234375" lon="139.5310454629361629486083984375">
        <ele>45</ele>
        <time>2026-08-10T09:48:03.000Z</time>
        <extensions>
          <ns3:TrackPointExtension>
            <ns3:hr>145</ns3:hr>
            <ns3:cad>80</ns3:cad>
          </ns3:TrackPointExtension>
        </extensions>
      </trkpt>
      <trkpt lat="35.7551254145801067352294921875" lon="139.5310565270483493804931640625">
        <ele>45</ele>
        <time>2026-08-10T09:48:04.000Z</time>
        <extensions>
          <ns3:TrackPointExtension>
            <ns3:hr>145</ns3:hr>
            <ns3:cad>80</ns3:cad>
          </ns3:TrackPointExtension>
        </extensions>
      </trkpt>
      <trkpt lat="35.75514100492000579833984375" lon="139.53106172382831573486328125">
        <ele>45</ele>
        <time>2026-08-10T09:48:05.000Z</time>
        <extensions>
          <ns3:TrackPointExtension>
            <ns3:hr>145</ns3:hr>
            <ns3:cad>81</ns3:cad>
          </ns3:TrackPointExtension>
        </extensions>
      </trkpt>
      <trkpt lat="35.755165480077266693115234375" lon="139.53106164000928401947021484375">
        <ele>45</ele>
        <time>2026-08-10T09:48:06.000Z</time>
        <extensions>
          <ns3:TrackPointExtension>
            <ns3:hr>144</ns3:hr>
            <ns3:cad>81</ns3:cad>
          </ns3:TrackPointExtension>
        </extensions>
      </trkpt>
      <trkpt lat="35.7551894523203372955322265625" lon="139.5310639031231403350830078125">
        <ele>45</ele>
        <time>2026-08-10T09:48:07.000Z</time>
        <extensions>
          <ns3:TrackPointExtension>
            <ns3:hr>144</ns3:hr>
            <ns3:cad>81</ns3:cad>
          </ns3:TrackPointExtension>
        </extensions>
      </trkpt>
      <trkpt lat="35.75520194135606288909912109375" lon="139.5310830138623714447021484375">
        <ele>44.799999237060546875</ele>
        <time>2026-08-10T09:48:08.000Z</time>
        <extensions>
          <ns3:TrackPointExtension>
            <ns3:hr>144</ns3:hr>
            <ns3:cad>80</ns3:cad>
          </ns3:TrackPointExtension>
        </extensions>
      </trkpt>
      <trkpt lat="35.7552112452685832977294921875" lon="139.53110623173415660858154296875">
        <ele>44.799999237060546875</ele>
        <time>2026-08-10T09:48:09.000Z</time>
        <extensions>
          <ns3:TrackPointExtension>
            <ns3:hr>145</ns3:hr>
            <ns3:cad>80</ns3:cad>
          </ns3:TrackPointExtension>
        </extensions>
      </trkpt>
      <trkpt lat="35.75523194856941699981689453125" lon="139.53111494891345500946044921875">
        <ele>44.59999847412109375</ele>
        <time>2026-08-10T09:48:10.000Z</time>
        <extensions>
          <ns3:TrackPointExtension>
            <ns3:hr>145</ns3:hr>
            <ns3:cad>80</ns3:cad>
          </ns3:TrackPointExtension>
        </extensions>
      </trkpt>
      <trkpt lat="35.755248963832855224609375" lon="139.53112802468240261077880859375">
        <ele>44.59999847412109375</ele>
        <time>2026-08-10T09:48:11.000Z</time>
        <extensions>
          <ns3:TrackPointExtension>
            <ns3:hr>145</ns3:hr>
            <ns3:cad>80</ns3:cad>
          </ns3:TrackPointExtension>
        </extensions>
      </trkpt>
      <trkpt lat="35.75526363216340541839599609375" lon="139.5311453752219676971435546875">
        <ele>44.59999847412109375</ele>
        <time>2026-08-10T09:48:12.000Z</time>
        <extensions>
          <ns3:TrackPointExtension>
            <ns3:hr>145</ns3:hr>
            <ns3:cad>80</ns3:cad>
          </ns3:TrackPointExtension>
        </extensions>
      </trkpt>
      <trkpt lat="35.7552709244191646575927734375" lon="139.53117261640727519989013671875">
        <ele>44.59999847412109375</ele>
        <time>2026-08-10T09:48:13.000Z</time>
        <extensions>
          <ns3:TrackPointExtension>
            <ns3:hr>145</ns3:hr>
            <ns3:cad>80</ns3:cad>
          </ns3:TrackPointExtension>
        </extensions>
      </trkpt>
      <trkpt lat="35.7552798092365264892578125" lon="139.5311913080513477325439453125">
        <ele>44.40000152587890625</ele>
        <time>2026-08-10T09:48:14.000Z</time>
        <extensions>
          <ns3:TrackPointExtension>
            <ns3:hr>145</ns3:hr>
            <ns3:cad>80</ns3:cad>
          </ns3:TrackPointExtension>
        </extensions>
      </trkpt>
      <trkpt lat="35.75527754612267017364501953125" lon="139.53122374601662158966064453125">
        <ele>44.40000152587890625</ele>
        <time>2026-08-10T09:48:15.000Z</time>
        <extensions>
          <ns3:TrackPointExtension>
            <ns3:hr>145</ns3:hr>
            <ns3:cad>80</ns3:cad>
          </ns3:TrackPointExtension>
        </extensions>
      </trkpt>
      <trkpt lat="35.755285508930683135986328125" lon="139.53124889172613620758056640625">
        <ele>44.59999847412109375</ele>
        <time>2026-08-10T09:48:16.000Z</time>
        <extensions>
          <ns3:TrackPointExtension>
            <ns3:hr>145</ns3:hr>
            <ns3:cad>80</ns3:cad>
          </ns3:TrackPointExtension>
        </extensions>
      </trkpt>
      <trkpt lat="35.7552984170615673065185546875" lon="139.5312620513141155242919921875">
        <ele>44.59999847412109375</ele>
        <time>2026-08-10T09:48:17.000Z</time>
        <extensions>
          <ns3:TrackPointExtension>
            <ns3:hr>145</ns3:hr>
            <ns3:cad>80</ns3:cad>
          </ns3:TrackPointExtension>
        </extensions>
      </trkpt>
      <trkpt lat="35.75530998408794403076171875" lon="139.5312744565308094024658203125">
        <ele>44.59999847412109375</ele>
        <time>2026-08-10T09:48:18.000Z</time>
        <extensions>
          <ns3:TrackPointExtension>
            <ns3:hr>145</ns3:hr>
            <ns3:cad>80</ns3:cad>
          </ns3:TrackPointExtension>
        </extensions>
      </trkpt>
      <trkpt lat="35.75532113201916217803955078125" lon="139.5312882028520107269287109375">
        <ele>44.59999847412109375</ele>
        <time>2026-08-10T09:48:19.000Z</time>
        <extensions>
          <ns3:TrackPointExtension>
            <ns3:hr>145</ns3:hr>
            <ns3:cad>80</ns3:cad>
          </ns3:TrackPointExtension>
        </extensions>
      </trkpt>
      <trkpt lat="35.7553389854729175567626953125" lon="139.53130102716386318206787109375">
        <ele>44.59999847412109375</ele>
        <time>2026-08-10T09:48:20.000Z</time>
        <extensions>
          <ns3:TrackPointExtension>
            <ns3:hr>145</ns3:hr>
            <ns3:cad>80</ns3:cad>
          </ns3:TrackPointExtension>
        </extensions>
      </trkpt>
      <trkpt lat="35.75535818003118038177490234375" lon="139.5313145220279693603515625">
        <ele>44.59999847412109375</ele>
        <time>2026-08-10T09:48:21.000Z</time>
        <extensions>
          <ns3:TrackPointExtension>
            <ns3:hr>145</ns3:hr>
            <ns3:cad>80</ns3:cad>
          </ns3:TrackPointExtension>
        </extensions>
      </trkpt>
      <trkpt lat="35.75537435710430145263671875" lon="139.53132701106369495391845703125">
        <ele>44.59999847412109375</ele>
        <time>2026-08-10T09:48:22.000Z</time>
        <extensions>
          <ns3:TrackPointExtension>
            <ns3:hr>145</ns3:hr>
            <ns3:cad>80</ns3:cad>
          </ns3:TrackPointExtension>
        </extensions>
      </trkpt>
      <trkpt lat="35.75539221055805683135986328125" lon="139.53134067356586456298828125">
        <ele>44.59999847412109375</ele>
        <time>2026-08-10T09:48:23.000Z</time>
        <extensions>
          <ns3:TrackPointExtension>
            <ns3:hr>145</ns3:hr>
            <ns3:cad>80</ns3:cad>
          </ns3:TrackPointExtension>
        </extensions>
      </trkpt>
      <trkpt lat="35.75540729798376560211181640625" lon="139.5313535816967487335205078125">
        <ele>44.59999847412109375</ele>
        <time>2026-08-10T09:48:24.000Z</time>
        <extensions>
          <ns3:TrackPointExtension>
            <ns3:hr>145</ns3:hr>
            <ns3:cad>80</ns3:cad>
          </ns3:TrackPointExtension>
        </extensions>
      </trkpt>
      <trkpt lat="35.75541718862950801849365234375" lon="139.531371183693408966064453125">
        <ele>44.59999847412109375</ele>
        <time>2026-08-10T09:48:25.000Z</time>
        <extensions>
          <ns3:TrackPointExtension>
            <ns3:hr>145</ns3:hr>
            <ns3:cad>79</ns3:cad>
          </ns3:TrackPointExtension>
        </extensions>
      </trkpt>
      <trkpt lat="35.75542456470429897308349609375" lon="139.53138937242329120635986328125">
        <ele>44.59999847412109375</ele>
        <time>2026-08-10T09:48:26.000Z</time>
        <extensions>
          <ns3:TrackPointExtension>
            <ns3:hr>145</ns3:hr>
            <ns3:cad>78</ns3:cad>
          </ns3:TrackPointExtension>
        </extensions>
      </trkpt>
      <trkpt lat="35.7554338686168193817138671875" lon="139.5314057171344757080078125">
        <ele>44.59999847412109375</ele>
        <time>2026-08-10T09:48:27.000Z</time>
        <extensions>
          <ns3:TrackPointExtension>
            <ns3:hr>145</ns3:hr>
            <ns3:cad>78</ns3:cad>
          </ns3:TrackPointExtension>
        </extensions>
      </trkpt>
      <trkpt lat="35.75544803403317928314208984375" lon="139.5314213074743747711181640625">
        <ele>44.59999847412109375</ele>
        <time>2026-08-10T09:48:28.000Z</time>
        <extensions>
          <ns3:TrackPointExtension>
            <ns3:hr>145</ns3:hr>
            <ns3:cad>78</ns3:cad>
          </ns3:TrackPointExtension>
        </extensions>
      </trkpt>
      <trkpt lat="35.7554610259830951690673828125" lon="139.53143547289073467254638671875">
        <ele>44.59999847412109375</ele>
        <time>2026-08-10T09:48:29.000Z</time>
        <extensions>
          <ns3:TrackPointExtension>
            <ns3:hr>145</ns3:hr>
            <ns3:cad>80</ns3:cad>
          </ns3:TrackPointExtension>
        </extensions>
      </trkpt>
      <trkpt lat="35.75547351501882076263427734375" lon="139.531449973583221435546875">
        <ele>44.59999847412109375</ele>
        <time>2026-08-10T09:48:30.000Z</time>
        <extensions>
          <ns3:TrackPointExtension>
            <ns3:hr>145</ns3:hr>
            <ns3:cad>80</ns3:cad>
          </ns3:TrackPointExtension>
        </extensions>
      </trkpt>
      <trkpt lat="35.7554861716926097869873046875" lon="139.53146397136151790618896484375">
        <ele>44.59999847412109375</ele>
        <time>2026-08-10T09:48:31.000Z</time>
        <extensions>
          <ns3:TrackPointExtension>
            <ns3:hr>145</ns3:hr>
            <ns3:cad>80</ns3:cad>
          </ns3:TrackPointExtension>
        </extensions>
      </trkpt>
      <trkpt lat="35.75550788082182407379150390625" lon="139.53147855587303638458251953125">
        <ele>44.59999847412109375</ele>
        <time>2026-08-10T09:48:32.000Z</time>
        <extensions>
          <ns3:TrackPointExtension>
            <ns3:hr>145</ns3:hr>
            <ns3:cad>80</ns3:cad>
          </ns3:TrackPointExtension>
        </extensions>
      </trkpt>
      <trkpt lat="35.75551609508693218231201171875" lon="139.53149481676518917083740234375">
        <ele>44.59999847412109375</ele>
        <time>2026-08-10T09:48:33.000Z</time>
        <extensions>
          <ns3:TrackPointExtension>
            <ns3:hr>145</ns3:hr>
            <ns3:cad>80</ns3:cad>
          </ns3:TrackPointExtension>
        </extensions>
      </trkpt>
      <trkpt lat="35.75552481226623058319091796875" lon="139.53151375986635684967041015625">
        <ele>44.59999847412109375</ele>
        <time>2026-08-10T09:48:34.000Z</time>
        <extensions>
          <ns3:TrackPointExtension>
            <ns3:hr>145</ns3:hr>
            <ns3:cad>80</ns3:cad>
          </ns3:TrackPointExtension>
        </extensions>
      </trkpt>
      <trkpt lat="35.75553235597908496856689453125" lon="139.531533457338809967041015625">
        <ele>44.59999847412109375</ele>
        <time>2026-08-10T09:48:35.000Z</time>
        <extensions>
          <ns3:TrackPointExtension>
            <ns3:hr>145</ns3:hr>
            <ns3:cad>79</ns3:cad>
          </ns3:TrackPointExtension>
        </extensions>
      </trkpt>
      <trkpt lat="35.75553973205387592315673828125" lon="139.53155097551643848419189453125">
        <ele>44.59999847412109375</ele>
        <time>2026-08-10T09:48:36.000Z</time>
        <extensions>
          <ns3:TrackPointExtension>
            <ns3:hr>145</ns3:hr>
            <ns3:cad>79</ns3:cad>
          </ns3:TrackPointExtension>
        </extensions>
      </trkpt>
      <trkpt lat="35.75555029325187206268310546875" lon="139.53156623058021068572998046875">
        <ele>44.59999847412109375</ele>
        <time>2026-08-10T09:48:37.000Z</time>
        <extensions>
          <ns3:TrackPointExtension>
            <ns3:hr>145</ns3:hr>
            <ns3:cad>79</ns3:cad>
          </ns3:TrackPointExtension>
        </extensions>
      </trkpt>
      <trkpt lat="35.75556269846856594085693359375" lon="139.53158475458621978759765625">
        <ele>44.59999847412109375</ele>
        <time>2026-08-10T09:48:38.000Z</time>
        <extensions>
          <ns3:TrackPointExtension>
            <ns3:hr>145</ns3:hr>
            <ns3:cad>79</ns3:cad>
          </ns3:TrackPointExtension>
        </extensions>
      </trkpt>
      <trkpt lat="35.75557091273367404937744140625" lon="139.53160512261092662811279296875">
        <ele>44.799999237060546875</ele>
        <time>2026-08-10T09:48:39.000Z</time>
        <extensions>
          <ns3:TrackPointExtension>
            <ns3:hr>144</ns3:hr>
            <ns3:cad>80</ns3:cad>
          </ns3:TrackPointExtension>
        </extensions>
      </trkpt>
      <trkpt lat="35.7555850781500339508056640625" lon="139.53161987476050853729248046875">
        <ele>44.799999237060546875</ele>
        <time>2026-08-10T09:48:40.000Z</time>
        <extensions>
          <ns3:TrackPointExtension>
            <ns3:hr>144</ns3:hr>
            <ns3:cad>80</ns3:cad>
          </ns3:TrackPointExtension>
        </extensions>
      </trkpt>
      <trkpt lat="35.755591951310634613037109375" lon="139.5316395722329616546630859375">
        <ele>44.799999237060546875</ele>
        <time>2026-08-10T09:48:41.000Z</time>
        <extensions>
          <ns3:TrackPointExtension>
            <ns3:hr>144</ns3:hr>
            <ns3:cad>80</ns3:cad>
          </ns3:TrackPointExtension>
        </extensions>
      </trkpt>
      <trkpt lat="35.7555934600532054901123046875" lon="139.531663544476032257080078125">
        <ele>44.799999237060546875</ele>
        <time>2026-08-10T09:48:42.000Z</time>
        <extensions>
          <ns3:TrackPointExtension>
            <ns3:hr>143</ns3:hr>
            <ns3:cad>80</ns3:cad>
          </ns3:TrackPointExtension>
        </extensions>
      </trkpt>
      <trkpt lat="35.755595304071903228759765625" lon="139.531683661043643951416015625">
        <ele>44.799999237060546875</ele>
        <time>2026-08-10T09:48:43.000Z</time>
        <extensions>
          <ns3:TrackPointExtension>
            <ns3:hr>143</ns3:hr>
            <ns3:cad>80</ns3:cad>
          </ns3:TrackPointExtension>
        </extensions>
      </trkpt>
      <trkpt lat="35.7555944658815860748291015625" lon="139.5317076332867145538330078125">
        <ele>44.799999237060546875</ele>
        <time>2026-08-10T09:48:44.000Z</time>
        <extensions>
          <ns3:TrackPointExtension>
            <ns3:hr>143</ns3:hr>
            <ns3:cad>80</ns3:cad>
          </ns3:TrackPointExtension>
        </extensions>
      </trkpt>
      <trkpt lat="35.75559387914836406707763671875" lon="139.5317347906529903411865234375">
        <ele>44.59999847412109375</ele>
        <time>2026-08-10T09:48:45.000Z</time>
        <extensions>
          <ns3:TrackPointExtension>
            <ns3:hr>142</ns3:hr>
            <ns3:cad>80</ns3:cad>
          </ns3:TrackPointExtension>
        </extensions>
      </trkpt>
      <trkpt lat="35.7556001655757427215576171875" lon="139.5317542366683483123779296875">
        <ele>44.59999847412109375</ele>
        <time>2026-08-10T09:48:46.000Z</time>
        <extensions>
          <ns3:TrackPointExtension>
            <ns3:hr>142</ns3:hr>
            <ns3:cad>80</ns3:cad>
          </ns3:TrackPointExtension>
        </extensions>
      </trkpt>
      <trkpt lat="35.75561030767858028411865234375" lon="139.53176991082727909088134765625">
        <ele>44.40000152587890625</ele>
        <time>2026-08-10T09:48:47.000Z</time>
        <extensions>
          <ns3:TrackPointExtension>
            <ns3:hr>142</ns3:hr>
            <ns3:cad>80</ns3:cad>
          </ns3:TrackPointExtension>
        </extensions>
      </trkpt>
      <trkpt lat="35.7556192763149738311767578125" lon="139.53178533352911472320556640625">
        <ele>44.40000152587890625</ele>
        <time>2026-08-10T09:48:48.000Z</time>
        <extensions>
          <ns3:TrackPointExtension>
            <ns3:hr>142</ns3:hr>
            <ns3:cad>81</ns3:cad>
          </ns3:TrackPointExtension>
        </extensions>
      </trkpt>
      <trkpt lat="35.75562539510428905487060546875" lon="139.53179933130741119384765625">
        <ele>44.40000152587890625</ele>
        <time>2026-08-10T09:48:49.000Z</time>
        <extensions>
          <ns3:TrackPointExtension>
            <ns3:hr>141</ns3:hr>
            <ns3:cad>81</ns3:cad>
          </ns3:TrackPointExtension>
        </extensions>
      </trkpt>
      <trkpt lat="35.7556357048451900482177734375" lon="139.5318098925054073333740234375">
        <ele>44.40000152587890625</ele>
        <time>2026-08-10T09:48:50.000Z</time>
        <extensions>
          <ns3:TrackPointExtension>
            <ns3:hr>141</ns3:hr>
            <ns3:cad>80</ns3:cad>
          </ns3:TrackPointExtension>
        </extensions>
      </trkpt>
      <trkpt lat="35.75565456412732601165771484375" lon="139.53181349672377109527587890625">
        <ele>44.40000152587890625</ele>
        <time>2026-08-10T09:48:51.000Z</time>
        <extensions>
          <ns3:TrackPointExtension>
            <ns3:hr>141</ns3:hr>
            <ns3:cad>80</ns3:cad>
          </ns3:TrackPointExtension>
        </extensions>
      </trkpt>
      <trkpt lat="35.75566512532532215118408203125" lon="139.531819112598896026611328125">
        <ele>44.40000152587890625</ele>
        <time>2026-08-10T09:48:52.000Z</time>
        <extensions>
          <ns3:TrackPointExtension>
            <ns3:hr>141</ns3:hr>
            <ns3:cad>80</ns3:cad>
          </ns3:TrackPointExtension>
        </extensions>
      </trkpt>
      <trkpt lat="35.75567568652331829071044921875" lon="139.53183562494814395904541015625">
        <ele>44.40000152587890625</ele>
        <time>2026-08-10T09:48:53.000Z</time>
        <extensions>
          <ns3:TrackPointExtension>
            <ns3:hr>141</ns3:hr>
            <ns3:cad>80</ns3:cad>
          </ns3:TrackPointExtension>
        </extensions>
      </trkpt>
      <trkpt lat="35.75568004511296749114990234375" lon="139.5318561606109142303466796875">
        <ele>44.40000152587890625</ele>
        <time>2026-08-10T09:48:54.000Z</time>
        <extensions>
          <ns3:TrackPointExtension>
            <ns3:hr>141</ns3:hr>
            <ns3:cad>80</ns3:cad>
          </ns3:TrackPointExtension>
        </extensions>
      </trkpt>
      <trkpt lat="35.75569194741547107696533203125" lon="139.53187032602727413177490234375">
        <ele>44.40000152587890625</ele>
        <time>2026-08-10T09:48:55.000Z</time>
        <extensions>
          <ns3:TrackPointExtension>
            <ns3:hr>141</ns3:hr>
            <ns3:cad>80</ns3:cad>
          </ns3:TrackPointExtension>
        </extensions>
      </trkpt>
      <trkpt lat="35.75569395907223224639892578125" lon="139.531886167824268341064453125">
        <ele>44.40000152587890625</ele>
        <time>2026-08-10T09:48:56.000Z</time>
        <extensions>
          <ns3:TrackPointExtension>
            <ns3:hr>142</ns3:hr>
            <ns3:cad>80</ns3:cad>
          </ns3:TrackPointExtension>
        </extensions>
      </trkpt>
      <trkpt lat="35.755693875253200531005859375" lon="139.53190393745899200439453125">
        <ele>44.40000152587890625</ele>
        <time>2026-08-10T09:48:57.000Z</time>
        <extensions>
          <ns3:TrackPointExtension>
            <ns3:hr>141</ns3:hr>
            <ns3:cad>80</ns3:cad>
          </ns3:TrackPointExtension>
        </extensions>
      </trkpt>
      <trkpt lat="35.7556980662047863006591796875" lon="139.53191827051341533660888671875">
        <ele>44.40000152587890625</ele>
        <time>2026-08-10T09:48:58.000Z</time>
        <extensions>
          <ns3:TrackPointExtension>
            <ns3:hr>141</ns3:hr>
            <ns3:cad>81</ns3:cad>
          </ns3:TrackPointExtension>
        </extensions>
      </trkpt>
      <trkpt lat="35.75570887885987758636474609375" lon="139.53192480839788913726806640625">
        <ele>44.59999847412109375</ele>
        <time>2026-08-10T09:48:59.000Z</time>
        <extensions>
          <ns3:TrackPointExtension>
            <ns3:hr>141</ns3:hr>
            <ns3:cad>81</ns3:cad>
          </ns3:TrackPointExtension>
        </extensions>
      </trkpt>
      <trkpt lat="35.755711980164051055908203125" lon="139.531946517527103424072265625">
        <ele>44.59999847412109375</ele>
        <time>2026-08-10T09:49:00.000Z</time>
        <extensions>
          <ns3:TrackPointExtension>
            <ns3:hr>141</ns3:hr>
            <ns3:cad>81</ns3:cad>
          </ns3:TrackPointExtension>
        </extensions>
      </trkpt>
      <trkpt lat="35.755707956850528717041015625" lon="139.53197501599788665771484375">
        <ele>44.59999847412109375</ele>
        <time>2026-08-10T09:49:01.000Z</time>
        <extensions>
          <ns3:TrackPointExtension>
            <ns3:hr>141</ns3:hr>
            <ns3:cad>80</ns3:cad>
          </ns3:TrackPointExtension>
        </extensions>
      </trkpt>
      <trkpt lat="35.75570636428892612457275390625" lon="139.5319996587932109832763671875">
        <ele>44.59999847412109375</ele>
        <time>2026-08-10T09:49:02.000Z</time>
        <extensions>
          <ns3:TrackPointExtension>
            <ns3:hr>140</ns3:hr>
            <ns3:cad>80</ns3:cad>
          </ns3:TrackPointExtension>
        </extensions>
      </trkpt>
      <trkpt lat="35.75571365654468536376953125" lon="139.53201483003795146942138671875">
        <ele>44.59999847412109375</ele>
        <time>2026-08-10T09:49:03.000Z</time>
        <extensions>
          <ns3:TrackPointExtension>
            <ns3:hr>140</ns3:hr>
            <ns3:cad>79</ns3:cad>
          </ns3:TrackPointExtension>
        </extensions>
      </trkpt>
      <trkpt lat="35.75571876950562000274658203125" lon="139.53202790580689907073974609375">
        <ele>44.59999847412109375</ele>
        <time>2026-08-10T09:49:04.000Z</time>
        <extensions>
          <ns3:TrackPointExtension>
            <ns3:hr>140</ns3:hr>
            <ns3:cad>79</ns3:cad>
          </ns3:TrackPointExtension>
        </extensions>
      </trkpt>
      <trkpt lat="35.75572296045720577239990234375" lon="139.532049782574176788330078125">
        <ele>44.40000152587890625</ele>
        <time>2026-08-10T09:49:05.000Z</time>
        <extensions>
          <ns3:TrackPointExtension>
            <ns3:hr>140</ns3:hr>
            <ns3:cad>78</ns3:cad>
          </ns3:TrackPointExtension>
        </extensions>
      </trkpt>
      <trkpt lat="35.75573201291263103485107421875" lon="139.5320623554289340972900390625">
        <ele>44.40000152587890625</ele>
        <time>2026-08-10T09:49:06.000Z</time>
        <extensions>
          <ns3:TrackPointExtension>
            <ns3:hr>140</ns3:hr>
            <ns3:cad>78</ns3:cad>
          </ns3:TrackPointExtension>
        </extensions>
      </trkpt>
      <trkpt lat="35.75574173592031002044677734375" lon="139.53207400627434253692626953125">
        <ele>44.40000152587890625</ele>
        <time>2026-08-10T09:49:07.000Z</time>
        <extensions>
          <ns3:TrackPointExtension>
            <ns3:hr>140</ns3:hr>
            <ns3:cad>78</ns3:cad>
          </ns3:TrackPointExtension>
        </extensions>
      </trkpt>
      <trkpt lat="35.75575162656605243682861328125" lon="139.532085992395877838134765625">
        <ele>44.40000152587890625</ele>
        <time>2026-08-10T09:49:08.000Z</time>
        <extensions>
          <ns3:TrackPointExtension>
            <ns3:hr>140</ns3:hr>
            <ns3:cad>78</ns3:cad>
          </ns3:TrackPointExtension>
        </extensions>
      </trkpt>
      <trkpt lat="35.75575699098408222198486328125" lon="139.5321039296686649322509765625">
        <ele>44.40000152587890625</ele>
        <time>2026-08-10T09:49:09.000Z</time>
        <extensions>
          <ns3:TrackPointExtension>
            <ns3:hr>140</ns3:hr>
            <ns3:cad>78</ns3:cad>
          </ns3:TrackPointExtension>
        </extensions>
      </trkpt>
      <trkpt lat="35.7557617686688899993896484375" lon="139.53212111257016658782958984375">
        <ele>44.40000152587890625</ele>
        <time>2026-08-10T09:49:10.000Z</time>
        <extensions>
          <ns3:TrackPointExtension>
            <ns3:hr>140</ns3:hr>
            <ns3:cad>79</ns3:cad>
          </ns3:TrackPointExtension>
        </extensions>
      </trkpt>
      <trkpt lat="35.75576302595436573028564453125" lon="139.53213921748101711273193359375">
        <ele>44.40000152587890625</ele>
        <time>2026-08-10T09:49:11.000Z</time>
        <extensions>
          <ns3:TrackPointExtension>
            <ns3:hr>140</ns3:hr>
            <ns3:cad>79</ns3:cad>
          </ns3:TrackPointExtension>
        </extensions>
      </trkpt>
      <trkpt lat="35.75576805509626865386962890625" lon="139.53216570429503917694091796875">
        <ele>44.40000152587890625</ele>
        <time>2026-08-10T09:49:12.000Z</time>
        <extensions>
          <ns3:TrackPointExtension>
            <ns3:hr>140</ns3:hr>
            <ns3:cad>78</ns3:cad>
          </ns3:TrackPointExtension>
        </extensions>
      </trkpt>
      <trkpt lat="35.7557758502662181854248046875" lon="139.53218598850071430206298828125">
        <ele>44.40000152587890625</ele>
        <time>2026-08-10T09:49:13.000Z</time>
        <extensions>
          <ns3:TrackPointExtension>
            <ns3:hr>140</ns3:hr>
            <ns3:cad>78</ns3:cad>
          </ns3:TrackPointExtension>
        </extensions>
      </trkpt>
      <trkpt lat="35.755780376493930816650390625" lon="139.53221431933343410491943359375">
        <ele>44.40000152587890625</ele>
        <time>2026-08-10T09:49:14.000Z</time>
        <extensions>
          <ns3:TrackPointExtension>
            <ns3:hr>140</ns3:hr>
            <ns3:cad>77</ns3:cad>
          </ns3:TrackPointExtension>
        </extensions>
      </trkpt>
      <trkpt lat="35.75578364543616771697998046875" lon="139.53223963268101215362548828125">
        <ele>44.40000152587890625</ele>
        <time>2026-08-10T09:49:15.000Z</time>
        <extensions>
          <ns3:TrackPointExtension>
            <ns3:hr>140</ns3:hr>
            <ns3:cad>77</ns3:cad>
          </ns3:TrackPointExtension>
        </extensions>
      </trkpt>
      <trkpt lat="35.75579152442514896392822265625" lon="139.532256312668323516845703125">
        <ele>44.40000152587890625</ele>
        <time>2026-08-10T09:49:16.000Z</time>
        <extensions>
          <ns3:TrackPointExtension>
            <ns3:hr>139</ns3:hr>
            <ns3:cad>78</ns3:cad>
          </ns3:TrackPointExtension>
        </extensions>
      </trkpt>
      <trkpt lat="35.75579487718641757965087890625" lon="139.53226679004728794097900390625">
        <ele>44.40000152587890625</ele>
        <time>2026-08-10T09:49:17.000Z</time>
        <extensions>
          <ns3:TrackPointExtension>
            <ns3:hr>139</ns3:hr>
            <ns3:cad>78</ns3:cad>
          </ns3:TrackPointExtension>
        </extensions>
      </trkpt>
      <trkpt lat="35.75579739175736904144287109375" lon="139.5322873257100582122802734375">
        <ele>44.40000152587890625</ele>
        <time>2026-08-10T09:49:18.000Z</time>
        <extensions>
          <ns3:TrackPointExtension>
            <ns3:hr>139</ns3:hr>
            <ns3:cad>79</ns3:cad>
          </ns3:TrackPointExtension>
        </extensions>
      </trkpt>
      <trkpt lat="35.75579470954835414886474609375" lon="139.5323104597628116607666015625">
        <ele>44.40000152587890625</ele>
        <time>2026-08-10T09:49:19.000Z</time>
        <extensions>
          <ns3:TrackPointExtension>
            <ns3:hr>138</ns3:hr>
            <ns3:cad>79</ns3:cad>
          </ns3:TrackPointExtension>
        </extensions>
      </trkpt>
      <trkpt lat="35.75579722411930561065673828125" lon="139.53232747502624988555908203125">
        <ele>44.40000152587890625</ele>
        <time>2026-08-10T09:49:20.000Z</time>
        <extensions>
          <ns3:TrackPointExtension>
            <ns3:hr>138</ns3:hr>
            <ns3:cad>77</ns3:cad>
          </ns3:TrackPointExtension>
        </extensions>
      </trkpt>
      <trkpt lat="35.7558028399944305419921875" lon="139.53234641812741756439208984375">
        <ele>44.40000152587890625</ele>
        <time>2026-08-10T09:49:21.000Z</time>
        <extensions>
          <ns3:TrackPointExtension>
            <ns3:hr>138</ns3:hr>
            <ns3:cad>77</ns3:cad>
          </ns3:TrackPointExtension>
        </extensions>
      </trkpt>
      <trkpt lat="35.7558026723563671112060546875" lon="139.532372988760471343994140625">
        <ele>44.40000152587890625</ele>
        <time>2026-08-10T09:49:22.000Z</time>
        <extensions>
          <ns3:TrackPointExtension>
            <ns3:hr>137</ns3:hr>
            <ns3:cad>76</ns3:cad>
          </ns3:TrackPointExtension>
        </extensions>
      </trkpt>
      <trkpt lat="35.7558056898415088653564453125" lon="139.5323899202048778533935546875">
        <ele>44.40000152587890625</ele>
        <time>2026-08-10T09:49:23.000Z</time>
        <extensions>
          <ns3:TrackPointExtension>
            <ns3:hr>137</ns3:hr>
            <ns3:cad>76</ns3:cad>
          </ns3:TrackPointExtension>
        </extensions>
      </trkpt>
      <trkpt lat="35.755806528031826019287109375" lon="139.53241196461021900177001953125">
        <ele>44.40000152587890625</ele>
        <time>2026-08-10T09:49:24.000Z</time>
        <extensions>
          <ns3:TrackPointExtension>
            <ns3:hr>137</ns3:hr>
            <ns3:cad>78</ns3:cad>
          </ns3:TrackPointExtension>
        </extensions>
      </trkpt>
      <trkpt lat="35.75581365264952182769775390625" lon="139.53243501484394073486328125">
        <ele>44.40000152587890625</ele>
        <time>2026-08-10T09:49:25.000Z</time>
        <extensions>
          <ns3:TrackPointExtension>
            <ns3:hr>136</ns3:hr>
            <ns3:cad>78</ns3:cad>
          </ns3:TrackPointExtension>
        </extensions>
      </trkpt>
      <trkpt lat="35.75582991354167461395263671875" lon="139.5324351824820041656494140625">
        <ele>44.40000152587890625</ele>
        <time>2026-08-10T09:49:26.000Z</time>
        <extensions>
          <ns3:TrackPointExtension>
            <ns3:hr>136</ns3:hr>
            <ns3:cad>78</ns3:cad>
          </ns3:TrackPointExtension>
        </extensions>
      </trkpt>
      <trkpt lat="35.75582899153232574462890625" lon="139.53245647251605987548828125">
        <ele>44.40000152587890625</ele>
        <time>2026-08-10T09:49:27.000Z</time>
        <extensions>
          <ns3:TrackPointExtension>
            <ns3:hr>136</ns3:hr>
            <ns3:cad>76</ns3:cad>
          </ns3:TrackPointExtension>
        </extensions>
      </trkpt>
      <trkpt lat="35.75583226047456264495849609375" lon="139.53247658908367156982421875">
        <ele>44.40000152587890625</ele>
        <time>2026-08-10T09:49:28.000Z</time>
        <extensions>
          <ns3:TrackPointExtension>
            <ns3:hr>136</ns3:hr>
            <ns3:cad>76</ns3:cad>
          </ns3:TrackPointExtension>
        </extensions>
      </trkpt>
      <trkpt lat="35.7558408938348293304443359375" lon="139.532495699822902679443359375">
        <ele>44.200000762939453125</ele>
        <time>2026-08-10T09:49:29.000Z</time>
        <extensions>
          <ns3:TrackPointExtension>
            <ns3:hr>136</ns3:hr>
            <ns3:cad>76</ns3:cad>
          </ns3:TrackPointExtension>
        </extensions>
      </trkpt>
      <trkpt lat="35.7558630220592021942138671875" lon="139.532517492771148681640625">
        <ele>44.200000762939453125</ele>
        <time>2026-08-10T09:49:30.000Z</time>
        <extensions>
          <ns3:TrackPointExtension>
            <ns3:hr>136</ns3:hr>
            <ns3:cad>77</ns3:cad>
          </ns3:TrackPointExtension>
        </extensions>
      </trkpt>
      <trkpt lat="35.75589202344417572021484375" lon="139.5325156487524509429931640625">
        <ele>44.200000762939453125</ele>
        <time>2026-08-10T09:49:31.000Z</time>
        <extensions>
          <ns3:TrackPointExtension>
            <ns3:hr>135</ns3:hr>
            <ns3:cad>78</ns3:cad>
          </ns3:TrackPointExtension>
        </extensions>
      </trkpt>
      <trkpt lat="35.75589981861412525177001953125" lon="139.5325327478349208831787109375">
        <ele>44.200000762939453125</ele>
        <time>2026-08-10T09:49:32.000Z</time>
        <extensions>
          <ns3:TrackPointExtension>
            <ns3:hr>135</ns3:hr>
            <ns3:cad>78</ns3:cad>
          </ns3:TrackPointExtension>
        </extensions>
      </trkpt>
      <trkpt lat="35.75590132735669612884521484375" lon="139.53255663625895977020263671875">
        <ele>44</ele>
        <time>2026-08-10T09:49:33.000Z</time>
        <extensions>
          <ns3:TrackPointExtension>
            <ns3:hr>135</ns3:hr>
            <ns3:cad>79</ns3:cad>
          </ns3:TrackPointExtension>
        </extensions>
      </trkpt>
      <trkpt lat="35.75590115971863269805908203125" lon="139.53258312307298183441162109375">
        <ele>44</ele>
        <time>2026-08-10T09:49:34.000Z</time>
        <extensions>
          <ns3:TrackPointExtension>
            <ns3:hr>135</ns3:hr>
            <ns3:cad>79</ns3:cad>
          </ns3:TrackPointExtension>
        </extensions>
      </trkpt>
      <trkpt lat="35.75589604675769805908203125" lon="139.53261396847665309906005859375">
        <ele>44</ele>
        <time>2026-08-10T09:49:35.000Z</time>
        <extensions>
          <ns3:TrackPointExtension>
            <ns3:hr>135</ns3:hr>
            <ns3:cad>79</ns3:cad>
          </ns3:TrackPointExtension>
        </extensions>
      </trkpt>
      <trkpt lat="35.75590417720377445220947265625" lon="139.53263157047331333160400390625">
        <ele>44</ele>
        <time>2026-08-10T09:49:36.000Z</time>
        <extensions>
          <ns3:TrackPointExtension>
            <ns3:hr>135</ns3:hr>
            <ns3:cad>78</ns3:cad>
          </ns3:TrackPointExtension>
        </extensions>
      </trkpt>
      <trkpt lat="35.75591306202113628387451171875" lon="139.53265537507832050323486328125">
        <ele>44</ele>
        <time>2026-08-10T09:49:37.000Z</time>
        <extensions>
          <ns3:TrackPointExtension>
            <ns3:hr>135</ns3:hr>
            <ns3:cad>78</ns3:cad>
          </ns3:TrackPointExtension>
        </extensions>
      </trkpt>
      <trkpt lat="35.75592010281980037689208984375" lon="139.5326792635023593902587890625">
        <ele>44</ele>
        <time>2026-08-10T09:49:38.000Z</time>
        <extensions>
          <ns3:TrackPointExtension>
            <ns3:hr>135</ns3:hr>
            <ns3:cad>79</ns3:cad>
          </ns3:TrackPointExtension>
        </extensions>
      </trkpt>
      <trkpt lat="35.75593921355903148651123046875" lon="139.53269979916512966156005859375">
        <ele>44</ele>
        <time>2026-08-10T09:49:39.000Z</time>
        <extensions>
          <ns3:TrackPointExtension>
            <ns3:hr>135</ns3:hr>
            <ns3:cad>79</ns3:cad>
          </ns3:TrackPointExtension>
        </extensions>
      </trkpt>
      <trkpt lat="35.7559557259082794189453125" lon="139.53272108919918537139892578125">
        <ele>44</ele>
        <time>2026-08-10T09:49:40.000Z</time>
        <extensions>
          <ns3:TrackPointExtension>
            <ns3:hr>136</ns3:hr>
            <ns3:cad>80</ns3:cad>
          </ns3:TrackPointExtension>
        </extensions>
      </trkpt>
      <trkpt lat="35.7559652812778949737548828125" lon="139.5327360928058624267578125">
        <ele>44</ele>
        <time>2026-08-10T09:49:41.000Z</time>
        <extensions>
          <ns3:TrackPointExtension>
            <ns3:hr>136</ns3:hr>
            <ns3:cad>80</ns3:cad>
          </ns3:TrackPointExtension>
        </extensions>
      </trkpt>
      <trkpt lat="35.7559743337333202362060546875" lon="139.5327540300786495208740234375">
        <ele>44</ele>
        <time>2026-08-10T09:49:42.000Z</time>
        <extensions>
          <ns3:TrackPointExtension>
            <ns3:hr>136</ns3:hr>
            <ns3:cad>80</ns3:cad>
          </ns3:TrackPointExtension>
        </extensions>
      </trkpt>
      <trkpt lat="35.75598162598907947540283203125" lon="139.53277565538883209228515625">
        <ele>44</ele>
        <time>2026-08-10T09:49:43.000Z</time>
        <extensions>
          <ns3:TrackPointExtension>
            <ns3:hr>136</ns3:hr>
            <ns3:cad>81</ns3:cad>
          </ns3:TrackPointExtension>
        </extensions>
      </trkpt>
      <trkpt lat="35.75599034316837787628173828125" lon="139.53279401175677776336669921875">
        <ele>44</ele>
        <time>2026-08-10T09:49:44.000Z</time>
        <extensions>
          <ns3:TrackPointExtension>
            <ns3:hr>136</ns3:hr>
            <ns3:cad>81</ns3:cad>
          </ns3:TrackPointExtension>
        </extensions>
      </trkpt>
      <trkpt lat="35.75599168427288532257080078125" lon="139.5328111946582794189453125">
        <ele>44</ele>
        <time>2026-08-10T09:49:45.000Z</time>
        <extensions>
          <ns3:TrackPointExtension>
            <ns3:hr>136</ns3:hr>
            <ns3:cad>81</ns3:cad>
          </ns3:TrackPointExtension>
        </extensions>
      </trkpt>
      <trkpt lat="35.75599956326186656951904296875" lon="139.532826282083988189697265625">
        <ele>44.200000762939453125</ele>
        <time>2026-08-10T09:49:46.000Z</time>
        <extensions>
          <ns3:TrackPointExtension>
            <ns3:hr>136</ns3:hr>
            <ns3:cad>81</ns3:cad>
          </ns3:TrackPointExtension>
        </extensions>
      </trkpt>
      <trkpt lat="35.75601347722113132476806640625" lon="139.5328460633754730224609375">
        <ele>44.200000762939453125</ele>
        <time>2026-08-10T09:49:47.000Z</time>
        <extensions>
          <ns3:TrackPointExtension>
            <ns3:hr>136</ns3:hr>
            <ns3:cad>81</ns3:cad>
          </ns3:TrackPointExtension>
        </extensions>
      </trkpt>
      <trkpt lat="35.75603158213198184967041015625" lon="139.532866515219211578369140625">
        <ele>44.200000762939453125</ele>
        <time>2026-08-10T09:49:48.000Z</time>
        <extensions>
          <ns3:TrackPointExtension>
            <ns3:hr>136</ns3:hr>
            <ns3:cad>81</ns3:cad>
          </ns3:TrackPointExtension>
        </extensions>
      </trkpt>
      <trkpt lat="35.75604314915835857391357421875" lon="139.53288738615810871124267578125">
        <ele>44.200000762939453125</ele>
        <time>2026-08-10T09:49:49.000Z</time>
        <extensions>
          <ns3:TrackPointExtension>
            <ns3:hr>137</ns3:hr>
            <ns3:cad>81</ns3:cad>
          </ns3:TrackPointExtension>
        </extensions>
      </trkpt>
      <trkpt lat="35.75604625046253204345703125" lon="139.53291152603924274444580078125">
        <ele>44</ele>
        <time>2026-08-10T09:49:50.000Z</time>
        <extensions>
          <ns3:TrackPointExtension>
            <ns3:hr>137</ns3:hr>
            <ns3:cad>82</ns3:cad>
          </ns3:TrackPointExtension>
        </extensions>
      </trkpt>
      <trkpt lat="35.75604616664350032806396484375" lon="139.5329347439110279083251953125">
        <ele>44.200000762939453125</ele>
        <time>2026-08-10T09:49:51.000Z</time>
        <extensions>
          <ns3:TrackPointExtension>
            <ns3:hr>137</ns3:hr>
            <ns3:cad>83</ns3:cad>
          </ns3:TrackPointExtension>
        </extensions>
      </trkpt>
      <trkpt lat="35.75605689547955989837646484375" lon="139.53295310027897357940673828125">
        <ele>44.200000762939453125</ele>
        <time>2026-08-10T09:49:52.000Z</time>
        <extensions>
          <ns3:TrackPointExtension>
            <ns3:hr>137</ns3:hr>
            <ns3:cad>83</ns3:cad>
          </ns3:TrackPointExtension>
        </extensions>
      </trkpt>
      <trkpt lat="35.7560658641159534454345703125" lon="139.532970450818538665771484375">
        <ele>44.200000762939453125</ele>
        <time>2026-08-10T09:49:53.000Z</time>
        <extensions>
          <ns3:TrackPointExtension>
            <ns3:hr>138</ns3:hr>
            <ns3:cad>83</ns3:cad>
          </ns3:TrackPointExtension>
        </extensions>
      </trkpt>
      <trkpt lat="35.7560765929520130157470703125" lon="139.53298763372004032135009765625">
        <ele>44</ele>
        <time>2026-08-10T09:49:54.000Z</time>
        <extensions>
          <ns3:TrackPointExtension>
            <ns3:hr>138</ns3:hr>
            <ns3:cad>83</ns3:cad>
          </ns3:TrackPointExtension>
        </extensions>
      </trkpt>
      <trkpt lat="35.7560910098254680633544921875" lon="139.533004648983478546142578125">
        <ele>44</ele>
        <time>2026-08-10T09:49:55.000Z</time>
        <extensions>
          <ns3:TrackPointExtension>
            <ns3:hr>139</ns3:hr>
            <ns3:cad>83</ns3:cad>
          </ns3:TrackPointExtension>
        </extensions>
      </trkpt>
      <trkpt lat="35.756092853844165802001953125" lon="139.5330276153981685638427734375">
        <ele>44</ele>
        <time>2026-08-10T09:49:56.000Z</time>
        <extensions>
          <ns3:TrackPointExtension>
            <ns3:hr>139</ns3:hr>
            <ns3:cad>82</ns3:cad>
          </ns3:TrackPointExtension>
        </extensions>
      </trkpt>
      <trkpt lat="35.75608908198773860931396484375" lon="139.5330594666302204132080078125">
        <ele>44</ele>
        <time>2026-08-10T09:49:57.000Z</time>
        <extensions>
          <ns3:TrackPointExtension>
            <ns3:hr>139</ns3:hr>
            <ns3:cad>80</ns3:cad>
          </ns3:TrackPointExtension>
        </extensions>
      </trkpt>
      <trkpt lat="35.75609511695802211761474609375" lon="139.53308419324457645416259765625">
        <ele>44</ele>
        <time>2026-08-10T09:49:58.000Z</time>
        <extensions>
          <ns3:TrackPointExtension>
            <ns3:hr>140</ns3:hr>
            <ns3:cad>79</ns3:cad>
          </ns3:TrackPointExtension>
        </extensions>
      </trkpt>
      <trkpt lat="35.75610869564116001129150390625" lon="139.53310799784958362579345703125">
        <ele>44</ele>
        <time>2026-08-10T09:49:59.000Z</time>
        <extensions>
          <ns3:TrackPointExtension>
            <ns3:hr>140</ns3:hr>
            <ns3:cad>79</ns3:cad>
          </ns3:TrackPointExtension>
        </extensions>
      </trkpt>
      <trkpt lat="35.75613065622746944427490234375" lon="139.53312057070434093475341796875">
        <ele>44</ele>
        <time>2026-08-10T09:50:00.000Z</time>
        <extensions>
          <ns3:TrackPointExtension>
            <ns3:hr>140</ns3:hr>
            <ns3:cad>79</ns3:cad>
          </ns3:TrackPointExtension>
        </extensions>
      </trkpt>
      <trkpt lat="35.756138451397418975830078125" lon="139.533134736120700836181640625">
        <ele>44.200000762939453125</ele>
        <time>2026-08-10T09:50:01.000Z</time>
        <extensions>
          <ns3:TrackPointExtension>
            <ns3:hr>140</ns3:hr>
            <ns3:cad>80</ns3:cad>
          </ns3:TrackPointExtension>
        </extensions>
      </trkpt>
      <trkpt lat="35.7561434805393218994140625" lon="139.53315393067896366119384765625">
        <ele>44.200000762939453125</ele>
        <time>2026-08-10T09:50:02.000Z</time>
        <extensions>
          <ns3:TrackPointExtension>
            <ns3:hr>141</ns3:hr>
            <ns3:cad>81</ns3:cad>
          </ns3:TrackPointExtension>
        </extensions>
      </trkpt>
      <trkpt lat="35.75614809058606624603271484375" lon="139.53317438252270221710205078125">
        <ele>44.200000762939453125</ele>
        <time>2026-08-10T09:50:03.000Z</time>
        <extensions>
          <ns3:TrackPointExtension>
            <ns3:hr>141</ns3:hr>
            <ns3:cad>81</ns3:cad>
          </ns3:TrackPointExtension>
        </extensions>
      </trkpt>
      <trkpt lat="35.75615487992763519287109375" lon="139.53318997286260128021240234375">
        <ele>44.200000762939453125</ele>
        <time>2026-08-10T09:50:04.000Z</time>
        <extensions>
          <ns3:TrackPointExtension>
            <ns3:hr>141</ns3:hr>
            <ns3:cad>81</ns3:cad>
          </ns3:TrackPointExtension>
        </extensions>
      </trkpt>
      <trkpt lat="35.75615697540342807769775390625" lon="139.5332103408873081207275390625">
        <ele>44.200000762939453125</ele>
        <time>2026-08-10T09:50:05.000Z</time>
        <extensions>
          <ns3:TrackPointExtension>
            <ns3:hr>141</ns3:hr>
            <ns3:cad>81</ns3:cad>
          </ns3:TrackPointExtension>
        </extensions>
      </trkpt>
      <trkpt lat="35.756165273487567901611328125" lon="139.5332338102161884307861328125">
        <ele>44.200000762939453125</ele>
        <time>2026-08-10T09:50:06.000Z</time>
        <extensions>
          <ns3:TrackPointExtension>
            <ns3:hr>141</ns3:hr>
            <ns3:cad>81</ns3:cad>
          </ns3:TrackPointExtension>
        </extensions>
      </trkpt>
      <trkpt lat="35.75616016052663326263427734375" lon="139.533264152705669403076171875">
        <ele>44.200000762939453125</ele>
        <time>2026-08-10T09:50:07.000Z</time>
        <extensions>
          <ns3:TrackPointExtension>
            <ns3:hr>141</ns3:hr>
            <ns3:cad>80</ns3:cad>
          </ns3:TrackPointExtension>
        </extensions>
      </trkpt>
      <trkpt lat="35.7561597414314746856689453125" lon="139.53328720293939113616943359375">
        <ele>44.200000762939453125</ele>
        <time>2026-08-10T09:50:08.000Z</time>
        <extensions>
          <ns3:TrackPointExtension>
            <ns3:hr>141</ns3:hr>
            <ns3:cad>80</ns3:cad>
          </ns3:TrackPointExtension>
        </extensions>
      </trkpt>
      <trkpt lat="35.75616485439240932464599609375" lon="139.5333032123744487762451171875">
        <ele>44.200000762939453125</ele>
        <time>2026-08-10T09:50:09.000Z</time>
        <extensions>
          <ns3:TrackPointExtension>
            <ns3:hr>141</ns3:hr>
            <ns3:cad>81</ns3:cad>
          </ns3:TrackPointExtension>
        </extensions>
      </trkpt>
      <trkpt lat="35.75617021881043910980224609375" lon="139.533331878483295440673828125">
        <ele>44.200000762939453125</ele>
        <time>2026-08-10T09:50:10.000Z</time>
        <extensions>
          <ns3:TrackPointExtension>
            <ns3:hr>140</ns3:hr>
            <ns3:cad>81</ns3:cad>
          </ns3:TrackPointExtension>
        </extensions>
      </trkpt>
      <trkpt lat="35.756182372570037841796875" lon="139.53334822319447994232177734375">
        <ele>44.200000762939453125</ele>
        <time>2026-08-10T09:50:11.000Z</time>
        <extensions>
          <ns3:TrackPointExtension>
            <ns3:hr>140</ns3:hr>
            <ns3:cad>81</ns3:cad>
          </ns3:TrackPointExtension>
        </extensions>
      </trkpt>
      <trkpt lat="35.7561915926635265350341796875" lon="139.5333571918308734893798828125">
        <ele>44.200000762939453125</ele>
        <time>2026-08-10T09:50:12.000Z</time>
        <extensions>
          <ns3:TrackPointExtension>
            <ns3:hr>140</ns3:hr>
            <ns3:cad>81</ns3:cad>
          </ns3:TrackPointExtension>
        </extensions>
      </trkpt>
      <trkpt lat="35.7561969570815563201904296875" lon="139.53337588347494602203369140625">
        <ele>44.200000762939453125</ele>
        <time>2026-08-10T09:50:13.000Z</time>
        <extensions>
          <ns3:TrackPointExtension>
            <ns3:hr>140</ns3:hr>
            <ns3:cad>80</ns3:cad>
          </ns3:TrackPointExtension>
        </extensions>
      </trkpt>
      <trkpt lat="35.75620139949023723602294921875" lon="139.5333994366228580474853515625">
        <ele>44.200000762939453125</ele>
        <time>2026-08-10T09:50:14.000Z</time>
        <extensions>
          <ns3:TrackPointExtension>
            <ns3:hr>140</ns3:hr>
            <ns3:cad>80</ns3:cad>
          </ns3:TrackPointExtension>
        </extensions>
      </trkpt>
      <trkpt lat="35.7562130503356456756591796875" lon="139.5334172062575817108154296875">
        <ele>44</ele>
        <time>2026-08-10T09:50:15.000Z</time>
        <extensions>
          <ns3:TrackPointExtension>
            <ns3:hr>140</ns3:hr>
            <ns3:cad>78</ns3:cad>
          </ns3:TrackPointExtension>
        </extensions>
      </trkpt>
      <trkpt lat="35.75623140670359134674072265625" lon="139.53342634253203868865966796875">
        <ele>44</ele>
        <time>2026-08-10T09:50:16.000Z</time>
        <extensions>
          <ns3:TrackPointExtension>
            <ns3:hr>140</ns3:hr>
            <ns3:cad>78</ns3:cad>
          </ns3:TrackPointExtension>
        </extensions>
      </trkpt>
      <trkpt lat="35.75624339282512664794921875" lon="139.53343891538679599761962890625">
        <ele>44</ele>
        <time>2026-08-10T09:50:17.000Z</time>
        <extensions>
          <ns3:TrackPointExtension>
            <ns3:hr>140</ns3:hr>
            <ns3:cad>78</ns3:cad>
          </ns3:TrackPointExtension>
        </extensions>
      </trkpt>
      <trkpt lat="35.7562529481947422027587890625" lon="139.5334571041166782379150390625">
        <ele>44</ele>
        <time>2026-08-10T09:50:18.000Z</time>
        <extensions>
          <ns3:TrackPointExtension>
            <ns3:hr>140</ns3:hr>
            <ns3:cad>78</ns3:cad>
          </ns3:TrackPointExtension>
        </extensions>
      </trkpt>
      <trkpt lat="35.75626342557370662689208984375" lon="139.53347378410398960113525390625">
        <ele>44</ele>
        <time>2026-08-10T09:50:19.000Z</time>
        <extensions>
          <ns3:TrackPointExtension>
            <ns3:hr>140</ns3:hr>
            <ns3:cad>79</ns3:cad>
          </ns3:TrackPointExtension>
        </extensions>
      </trkpt>
      <trkpt lat="35.75627834536135196685791015625" lon="139.533486105501651763916015625">
        <ele>44</ele>
        <time>2026-08-10T09:50:20.000Z</time>
        <extensions>
          <ns3:TrackPointExtension>
            <ns3:hr>140</ns3:hr>
            <ns3:cad>79</ns3:cad>
          </ns3:TrackPointExtension>
        </extensions>
      </trkpt>
      <trkpt lat="35.756284296512603759765625" lon="139.5335006900131702423095703125">
        <ele>44</ele>
        <time>2026-08-10T09:50:21.000Z</time>
        <extensions>
          <ns3:TrackPointExtension>
            <ns3:hr>140</ns3:hr>
            <ns3:cad>80</ns3:cad>
          </ns3:TrackPointExtension>
        </extensions>
      </trkpt>
      <trkpt lat="35.75629678554832935333251953125" lon="139.533520303666591644287109375">
        <ele>44</ele>
        <time>2026-08-10T09:50:22.000Z</time>
        <extensions>
          <ns3:TrackPointExtension>
            <ns3:hr>141</ns3:hr>
            <ns3:cad>81</ns3:cad>
          </ns3:TrackPointExtension>
        </extensions>
      </trkpt>
      <trkpt lat="35.7563055865466594696044921875" lon="139.53353111632168292999267578125">
        <ele>44</ele>
        <time>2026-08-10T09:50:23.000Z</time>
        <extensions>
          <ns3:TrackPointExtension>
            <ns3:hr>141</ns3:hr>
            <ns3:cad>81</ns3:cad>
          </ns3:TrackPointExtension>
        </extensions>
      </trkpt>
      <trkpt lat="35.7563186623156070709228515625" lon="139.5335459522902965545654296875">
        <ele>44</ele>
        <time>2026-08-10T09:50:24.000Z</time>
        <extensions>
          <ns3:TrackPointExtension>
            <ns3:hr>141</ns3:hr>
            <ns3:cad>81</ns3:cad>
          </ns3:TrackPointExtension>
        </extensions>
      </trkpt>
      <trkpt lat="35.756322853267192840576171875" lon="139.5335667394101619720458984375">
        <ele>44</ele>
        <time>2026-08-10T09:50:25.000Z</time>
        <extensions>
          <ns3:TrackPointExtension>
            <ns3:hr>141</ns3:hr>
            <ns3:cad>80</ns3:cad>
          </ns3:TrackPointExtension>
        </extensions>
      </trkpt>
      <trkpt lat="35.756319500505924224853515625" lon="139.53359917737543582916259765625">
        <ele>44</ele>
        <time>2026-08-10T09:50:26.000Z</time>
        <extensions>
          <ns3:TrackPointExtension>
            <ns3:hr>141</ns3:hr>
            <ns3:cad>80</ns3:cad>
          </ns3:TrackPointExtension>
        </extensions>
      </trkpt>
      <trkpt lat="35.756321847438812255859375" lon="139.533628262579441070556640625">
        <ele>44</ele>
        <time>2026-08-10T09:50:27.000Z</time>
        <extensions>
          <ns3:TrackPointExtension>
            <ns3:hr>141</ns3:hr>
            <ns3:cad>80</ns3:cad>
          </ns3:TrackPointExtension>
        </extensions>
      </trkpt>
      <trkpt lat="35.75632913969457149505615234375" lon="139.5336507260799407958984375">
        <ele>44</ele>
        <time>2026-08-10T09:50:28.000Z</time>
        <extensions>
          <ns3:TrackPointExtension>
            <ns3:hr>141</ns3:hr>
            <ns3:cad>79</ns3:cad>
          </ns3:TrackPointExtension>
        </extensions>
      </trkpt>
      <trkpt lat="35.75634204782545566558837890625" lon="139.53366824425756931304931640625">
        <ele>44</ele>
        <time>2026-08-10T09:50:29.000Z</time>
        <extensions>
          <ns3:TrackPointExtension>
            <ns3:hr>141</ns3:hr>
            <ns3:cad>79</ns3:cad>
          </ns3:TrackPointExtension>
        </extensions>
      </trkpt>
      <trkpt lat="35.756359398365020751953125" lon="139.53368500806391239166259765625">
        <ele>43.799999237060546875</ele>
        <time>2026-08-10T09:50:30.000Z</time>
        <extensions>
          <ns3:TrackPointExtension>
            <ns3:hr>141</ns3:hr>
            <ns3:cad>78</ns3:cad>
          </ns3:TrackPointExtension>
        </extensions>
      </trkpt>
      <trkpt lat="35.75636275112628936767578125" lon="139.53369925729930400848388671875">
        <ele>43.799999237060546875</ele>
        <time>2026-08-10T09:50:31.000Z</time>
        <extensions>
          <ns3:TrackPointExtension>
            <ns3:hr>141</ns3:hr>
            <ns3:cad>78</ns3:cad>
          </ns3:TrackPointExtension>
        </extensions>
      </trkpt>
      <trkpt lat="35.756359398365020751953125" lon="139.5337246544659137725830078125">
        <ele>43.799999237060546875</ele>
        <time>2026-08-10T09:50:32.000Z</time>
        <extensions>
          <ns3:TrackPointExtension>
            <ns3:hr>141</ns3:hr>
            <ns3:cad>78</ns3:cad>
          </ns3:TrackPointExtension>
        </extensions>
      </trkpt>
      <trkpt lat="35.75636903755366802215576171875" lon="139.533748291432857513427734375">
        <ele>43.59999847412109375</ele>
        <time>2026-08-10T09:50:33.000Z</time>
        <extensions>
          <ns3:TrackPointExtension>
            <ns3:hr>141</ns3:hr>
            <ns3:cad>80</ns3:cad>
          </ns3:TrackPointExtension>
        </extensions>
      </trkpt>
      <trkpt lat="35.75637674890458583831787109375" lon="139.53376614488661289215087890625">
        <ele>43.799999237060546875</ele>
        <time>2026-08-10T09:50:34.000Z</time>
        <extensions>
          <ns3:TrackPointExtension>
            <ns3:hr>141</ns3:hr>
            <ns3:cad>80</ns3:cad>
          </ns3:TrackPointExtension>
        </extensions>
      </trkpt>
      <trkpt lat="35.75638194568455219268798828125" lon="139.53378408215939998626708984375">
        <ele>43.799999237060546875</ele>
        <time>2026-08-10T09:50:35.000Z</time>
        <extensions>
          <ns3:TrackPointExtension>
            <ns3:hr>141</ns3:hr>
            <ns3:cad>81</ns3:cad>
          </ns3:TrackPointExtension>
        </extensions>
      </trkpt>
      <trkpt lat="35.75638948939740657806396484375" lon="139.5338031090795993804931640625">
        <ele>43.799999237060546875</ele>
        <time>2026-08-10T09:50:36.000Z</time>
        <extensions>
          <ns3:TrackPointExtension>
            <ns3:hr>142</ns3:hr>
            <ns3:cad>81</ns3:cad>
          </ns3:TrackPointExtension>
        </extensions>
      </trkpt>
      <trkpt lat="35.756393931806087493896484375" lon="139.533824063837528228759765625">
        <ele>43.799999237060546875</ele>
        <time>2026-08-10T09:50:37.000Z</time>
        <extensions>
          <ns3:TrackPointExtension>
            <ns3:hr>142</ns3:hr>
            <ns3:cad>80</ns3:cad>
          </ns3:TrackPointExtension>
        </extensions>
      </trkpt>
      <trkpt lat="35.7563987933099269866943359375" lon="139.53384694643318653106689453125">
        <ele>43.799999237060546875</ele>
        <time>2026-08-10T09:50:38.000Z</time>
        <extensions>
          <ns3:TrackPointExtension>
            <ns3:hr>142</ns3:hr>
            <ns3:cad>80</ns3:cad>
          </ns3:TrackPointExtension>
        </extensions>
      </trkpt>
      <trkpt lat="35.756406672298908233642578125" lon="139.5338658057153224945068359375">
        <ele>43.799999237060546875</ele>
        <time>2026-08-10T09:50:39.000Z</time>
        <extensions>
          <ns3:TrackPointExtension>
            <ns3:hr>142</ns3:hr>
            <ns3:cad>80</ns3:cad>
          </ns3:TrackPointExtension>
        </extensions>
      </trkpt>
      <trkpt lat="35.75642033480107784271240234375" lon="139.533881060779094696044921875">
        <ele>43.799999237060546875</ele>
        <time>2026-08-10T09:50:40.000Z</time>
        <extensions>
          <ns3:TrackPointExtension>
            <ns3:hr>142</ns3:hr>
            <ns3:cad>80</ns3:cad>
          </ns3:TrackPointExtension>
        </extensions>
      </trkpt>
      <trkpt lat="35.75642838142812252044677734375" lon="139.5338949747383594512939453125">
        <ele>43.799999237060546875</ele>
        <time>2026-08-10T09:50:41.000Z</time>
        <extensions>
          <ns3:TrackPointExtension>
            <ns3:hr>142</ns3:hr>
            <ns3:cad>80</ns3:cad>
          </ns3:TrackPointExtension>
        </extensions>
      </trkpt>
      <trkpt lat="35.75643542222678661346435546875" lon="139.5339097268879413604736328125">
        <ele>43.799999237060546875</ele>
        <time>2026-08-10T09:50:42.000Z</time>
        <extensions>
          <ns3:TrackPointExtension>
            <ns3:hr>143</ns3:hr>
            <ns3:cad>80</ns3:cad>
          </ns3:TrackPointExtension>
        </extensions>
      </trkpt>
      <trkpt lat="35.756442546844482421875" lon="139.5339264906942844390869140625">
        <ele>43.799999237060546875</ele>
        <time>2026-08-10T09:50:43.000Z</time>
        <extensions>
          <ns3:TrackPointExtension>
            <ns3:hr>143</ns3:hr>
            <ns3:cad>80</ns3:cad>
          </ns3:TrackPointExtension>
        </extensions>
      </trkpt>
      <trkpt lat="35.7564490847289562225341796875" lon="139.53393864445388317108154296875">
        <ele>43.799999237060546875</ele>
        <time>2026-08-10T09:50:44.000Z</time>
        <extensions>
          <ns3:TrackPointExtension>
            <ns3:hr>143</ns3:hr>
            <ns3:cad>80</ns3:cad>
          </ns3:TrackPointExtension>
        </extensions>
      </trkpt>
      <trkpt lat="35.75645687989890575408935546875" lon="139.5339593477547168731689453125">
        <ele>43.799999237060546875</ele>
        <time>2026-08-10T09:50:45.000Z</time>
        <extensions>
          <ns3:TrackPointExtension>
            <ns3:hr>143</ns3:hr>
            <ns3:cad>79</ns3:cad>
          </ns3:TrackPointExtension>
        </extensions>
      </trkpt>
      <trkpt lat="35.75646945275366306304931640625" lon="139.53397485427558422088623046875">
        <ele>43.59999847412109375</ele>
        <time>2026-08-10T09:50:46.000Z</time>
        <extensions>
          <ns3:TrackPointExtension>
            <ns3:hr>143</ns3:hr>
            <ns3:cad>79</ns3:cad>
          </ns3:TrackPointExtension>
        </extensions>
      </trkpt>
      <trkpt lat="35.75648034922778606414794921875" lon="139.53399010933935642242431640625">
        <ele>43.59999847412109375</ele>
        <time>2026-08-10T09:50:47.000Z</time>
        <extensions>
          <ns3:TrackPointExtension>
            <ns3:hr>143</ns3:hr>
            <ns3:cad>78</ns3:cad>
          </ns3:TrackPointExtension>
        </extensions>
      </trkpt>
      <trkpt lat="35.75648671947419643402099609375" lon="139.5340061187744140625">
        <ele>43.59999847412109375</ele>
        <time>2026-08-10T09:50:48.000Z</time>
        <extensions>
          <ns3:TrackPointExtension>
            <ns3:hr>143</ns3:hr>
            <ns3:cad>78</ns3:cad>
          </ns3:TrackPointExtension>
        </extensions>
      </trkpt>
      <trkpt lat="35.75649359263479709625244140625" lon="139.534022547304630279541015625">
        <ele>43.59999847412109375</ele>
        <time>2026-08-10T09:50:49.000Z</time>
        <extensions>
          <ns3:TrackPointExtension>
            <ns3:hr>143</ns3:hr>
            <ns3:cad>79</ns3:cad>
          </ns3:TrackPointExtension>
        </extensions>
      </trkpt>
      <trkpt lat="35.7565017230808734893798828125" lon="139.53404023312032222747802734375">
        <ele>43.59999847412109375</ele>
        <time>2026-08-10T09:50:50.000Z</time>
        <extensions>
          <ns3:TrackPointExtension>
            <ns3:hr>143</ns3:hr>
            <ns3:cad>79</ns3:cad>
          </ns3:TrackPointExtension>
        </extensions>
      </trkpt>
      <trkpt lat="35.75651002116501331329345703125" lon="139.5340582542121410369873046875">
        <ele>43.59999847412109375</ele>
        <time>2026-08-10T09:50:51.000Z</time>
        <extensions>
          <ns3:TrackPointExtension>
            <ns3:hr>143</ns3:hr>
            <ns3:cad>79</ns3:cad>
          </ns3:TrackPointExtension>
        </extensions>
      </trkpt>
      <trkpt lat="35.756521336734294891357421875" lon="139.53407585620880126953125">
        <ele>43.59999847412109375</ele>
        <time>2026-08-10T09:50:52.000Z</time>
        <extensions>
          <ns3:TrackPointExtension>
            <ns3:hr>143</ns3:hr>
            <ns3:cad>79</ns3:cad>
          </ns3:TrackPointExtension>
        </extensions>
      </trkpt>
      <trkpt lat="35.756530053913593292236328125" lon="139.53409538604319095611572265625">
        <ele>43.59999847412109375</ele>
        <time>2026-08-10T09:50:53.000Z</time>
        <extensions>
          <ns3:TrackPointExtension>
            <ns3:hr>143</ns3:hr>
            <ns3:cad>78</ns3:cad>
          </ns3:TrackPointExtension>
        </extensions>
      </trkpt>
      <trkpt lat="35.756535418331623077392578125" lon="139.53411567024886608123779296875">
        <ele>43.59999847412109375</ele>
        <time>2026-08-10T09:50:54.000Z</time>
        <extensions>
          <ns3:TrackPointExtension>
            <ns3:hr>143</ns3:hr>
            <ns3:cad>78</ns3:cad>
          </ns3:TrackPointExtension>
        </extensions>
      </trkpt>
      <trkpt lat="35.75654421932995319366455078125" lon="139.5341336913406848907470703125">
        <ele>43.59999847412109375</ele>
        <time>2026-08-10T09:50:55.000Z</time>
        <extensions>
          <ns3:TrackPointExtension>
            <ns3:hr>143</ns3:hr>
            <ns3:cad>79</ns3:cad>
          </ns3:TrackPointExtension>
        </extensions>
      </trkpt>
      <trkpt lat="35.7565503381192684173583984375" lon="139.5341517962515354156494140625">
        <ele>43.59999847412109375</ele>
        <time>2026-08-10T09:50:56.000Z</time>
        <extensions>
          <ns3:TrackPointExtension>
            <ns3:hr>143</ns3:hr>
            <ns3:cad>79</ns3:cad>
          </ns3:TrackPointExtension>
        </extensions>
      </trkpt>
      <trkpt lat="35.7565567083656787872314453125" lon="139.53417040407657623291015625">
        <ele>43.59999847412109375</ele>
        <time>2026-08-10T09:50:57.000Z</time>
        <extensions>
          <ns3:TrackPointExtension>
            <ns3:hr>143</ns3:hr>
            <ns3:cad>80</ns3:cad>
          </ns3:TrackPointExtension>
        </extensions>
      </trkpt>
      <trkpt lat="35.75656467117369174957275390625" lon="139.53418725170195102691650390625">
        <ele>43.59999847412109375</ele>
        <time>2026-08-10T09:50:58.000Z</time>
        <extensions>
          <ns3:TrackPointExtension>
            <ns3:hr>143</ns3:hr>
            <ns3:cad>80</ns3:cad>
          </ns3:TrackPointExtension>
        </extensions>
      </trkpt>
      <trkpt lat="35.7565704546868801116943359375" lon="139.53420334495604038238525390625">
        <ele>43.59999847412109375</ele>
        <time>2026-08-10T09:50:59.000Z</time>
        <extensions>
          <ns3:TrackPointExtension>
            <ns3:hr>143</ns3:hr>
            <ns3:cad>80</ns3:cad>
          </ns3:TrackPointExtension>
        </extensions>
      </trkpt>
      <trkpt lat="35.75657338835299015045166015625" lon="139.53422161750495433807373046875">
        <ele>43.40000152587890625</ele>
        <time>2026-08-10T09:51:00.000Z</time>
        <extensions>
          <ns3:TrackPointExtension>
            <ns3:hr>143</ns3:hr>
            <ns3:cad>79</ns3:cad>
          </ns3:TrackPointExtension>
        </extensions>
      </trkpt>
      <trkpt lat="35.75657975859940052032470703125" lon="139.53423670493066310882568359375">
        <ele>43.40000152587890625</ele>
        <time>2026-08-10T09:51:01.000Z</time>
        <extensions>
          <ns3:TrackPointExtension>
            <ns3:hr>143</ns3:hr>
            <ns3:cad>79</ns3:cad>
          </ns3:TrackPointExtension>
        </extensions>
      </trkpt>
      <trkpt lat="35.75658327899873256683349609375" lon="139.53425221145153045654296875">
        <ele>43.40000152587890625</ele>
        <time>2026-08-10T09:51:02.000Z</time>
        <extensions>
          <ns3:TrackPointExtension>
            <ns3:hr>143</ns3:hr>
            <ns3:cad>78</ns3:cad>
          </ns3:TrackPointExtension>
        </extensions>
      </trkpt>
      <trkpt lat="35.756590068340301513671875" lon="139.5342701487243175506591796875">
        <ele>43.40000152587890625</ele>
        <time>2026-08-10T09:51:03.000Z</time>
        <extensions>
          <ns3:TrackPointExtension>
            <ns3:hr>142</ns3:hr>
            <ns3:cad>78</ns3:cad>
          </ns3:TrackPointExtension>
        </extensions>
      </trkpt>
      <trkpt lat="35.75659467838704586029052734375" lon="139.53428884036839008331298828125">
        <ele>43.40000152587890625</ele>
        <time>2026-08-10T09:51:04.000Z</time>
        <extensions>
          <ns3:TrackPointExtension>
            <ns3:hr>142</ns3:hr>
            <ns3:cad>78</ns3:cad>
          </ns3:TrackPointExtension>
        </extensions>
      </trkpt>
      <trkpt lat="35.756602473556995391845703125" lon="139.5343051850795745849609375">
        <ele>43.59999847412109375</ele>
        <time>2026-08-10T09:51:05.000Z</time>
        <extensions>
          <ns3:TrackPointExtension>
            <ns3:hr>142</ns3:hr>
            <ns3:cad>78</ns3:cad>
          </ns3:TrackPointExtension>
        </extensions>
      </trkpt>
      <trkpt lat="35.756611526012420654296875" lon="139.53432186506688594818115234375">
        <ele>43.59999847412109375</ele>
        <time>2026-08-10T09:51:06.000Z</time>
        <extensions>
          <ns3:TrackPointExtension>
            <ns3:hr>142</ns3:hr>
            <ns3:cad>78</ns3:cad>
          </ns3:TrackPointExtension>
        </extensions>
      </trkpt>
      <trkpt lat="35.75662401504814624786376953125" lon="139.5343375392258167266845703125">
        <ele>43.59999847412109375</ele>
        <time>2026-08-10T09:51:07.000Z</time>
        <extensions>
          <ns3:TrackPointExtension>
            <ns3:hr>142</ns3:hr>
            <ns3:cad>79</ns3:cad>
          </ns3:TrackPointExtension>
        </extensions>
      </trkpt>
      <trkpt lat="35.7566324807703495025634765625" lon="139.53435405157506465911865234375">
        <ele>43.40000152587890625</ele>
        <time>2026-08-10T09:51:08.000Z</time>
        <extensions>
          <ns3:TrackPointExtension>
            <ns3:hr>142</ns3:hr>
            <ns3:cad>79</ns3:cad>
          </ns3:TrackPointExtension>
        </extensions>
      </trkpt>
      <trkpt lat="35.7566385157406330108642578125" lon="139.534367211163043975830078125">
        <ele>43.40000152587890625</ele>
        <time>2026-08-10T09:51:09.000Z</time>
        <extensions>
          <ns3:TrackPointExtension>
            <ns3:hr>142</ns3:hr>
            <ns3:cad>79</ns3:cad>
          </ns3:TrackPointExtension>
        </extensions>
      </trkpt>
      <trkpt lat="35.75664496980607509613037109375" lon="139.53438808210194110870361328125">
        <ele>43.59999847412109375</ele>
        <time>2026-08-10T09:51:10.000Z</time>
        <extensions>
          <ns3:TrackPointExtension>
            <ns3:hr>142</ns3:hr>
            <ns3:cad>77</ns3:cad>
          </ns3:TrackPointExtension>
        </extensions>
      </trkpt>
      <trkpt lat="35.756649412214756011962890625" lon="139.53440601937472820281982421875">
        <ele>43.40000152587890625</ele>
        <time>2026-08-10T09:51:11.000Z</time>
        <extensions>
          <ns3:TrackPointExtension>
            <ns3:hr>141</ns3:hr>
            <ns3:cad>77</ns3:cad>
          </ns3:TrackPointExtension>
        </extensions>
      </trkpt>
      <trkpt lat="35.75665804557502269744873046875" lon="139.53442060388624668121337890625">
        <ele>43.40000152587890625</ele>
        <time>2026-08-10T09:51:12.000Z</time>
        <extensions>
          <ns3:TrackPointExtension>
            <ns3:hr>141</ns3:hr>
            <ns3:cad>78</ns3:cad>
          </ns3:TrackPointExtension>
        </extensions>
      </trkpt>
      <trkpt lat="35.75666860677301883697509765625" lon="139.5344351045787334442138671875">
        <ele>43.59999847412109375</ele>
        <time>2026-08-10T09:51:13.000Z</time>
        <extensions>
          <ns3:TrackPointExtension>
            <ns3:hr>141</ns3:hr>
            <ns3:cad>78</ns3:cad>
          </ns3:TrackPointExtension>
        </extensions>
      </trkpt>
      <trkpt lat="35.75667983852326869964599609375" lon="139.5344505272805690765380859375">
        <ele>43.59999847412109375</ele>
        <time>2026-08-10T09:51:14.000Z</time>
        <extensions>
          <ns3:TrackPointExtension>
            <ns3:hr>141</ns3:hr>
            <ns3:cad>78</ns3:cad>
          </ns3:TrackPointExtension>
        </extensions>
      </trkpt>
      <trkpt lat="35.75668754987418651580810546875" lon="139.53446569852530956268310546875">
        <ele>43.59999847412109375</ele>
        <time>2026-08-10T09:51:15.000Z</time>
        <extensions>
          <ns3:TrackPointExtension>
            <ns3:hr>141</ns3:hr>
            <ns3:cad>78</ns3:cad>
          </ns3:TrackPointExtension>
        </extensions>
      </trkpt>
      <trkpt lat="35.75669392012059688568115234375" lon="139.53448128886520862579345703125">
        <ele>43.40000152587890625</ele>
        <time>2026-08-10T09:51:16.000Z</time>
        <extensions>
          <ns3:TrackPointExtension>
            <ns3:hr>141</ns3:hr>
            <ns3:cad>78</ns3:cad>
          </ns3:TrackPointExtension>
        </extensions>
      </trkpt>
      <trkpt lat="35.75669693760573863983154296875" lon="139.534495286643505096435546875">
        <ele>43.40000152587890625</ele>
        <time>2026-08-10T09:51:17.000Z</time>
        <extensions>
          <ns3:TrackPointExtension>
            <ns3:hr>141</ns3:hr>
            <ns3:cad>77</ns3:cad>
          </ns3:TrackPointExtension>
        </extensions>
      </trkpt>
      <trkpt lat="35.75670632533729076385498046875" lon="139.53451146371662616729736328125">
        <ele>43.40000152587890625</ele>
        <time>2026-08-10T09:51:18.000Z</time>
        <extensions>
          <ns3:TrackPointExtension>
            <ns3:hr>141</ns3:hr>
            <ns3:cad>77</ns3:cad>
          </ns3:TrackPointExtension>
        </extensions>
      </trkpt>
      <trkpt lat="35.75671789236366748809814453125" lon="139.53452504239976406097412109375">
        <ele>43.40000152587890625</ele>
        <time>2026-08-10T09:51:19.000Z</time>
        <extensions>
          <ns3:TrackPointExtension>
            <ns3:hr>140</ns3:hr>
            <ns3:cad>77</ns3:cad>
          </ns3:TrackPointExtension>
        </extensions>
      </trkpt>
      <trkpt lat="35.75672686100006103515625" lon="139.53453929163515567779541015625">
        <ele>43.40000152587890625</ele>
        <time>2026-08-10T09:51:20.000Z</time>
        <extensions>
          <ns3:TrackPointExtension>
            <ns3:hr>140</ns3:hr>
            <ns3:cad>77</ns3:cad>
          </ns3:TrackPointExtension>
        </extensions>
      </trkpt>
      <trkpt lat="35.756738595664501190185546875" lon="139.53455303795635700225830078125">
        <ele>43.40000152587890625</ele>
        <time>2026-08-10T09:51:21.000Z</time>
        <extensions>
          <ns3:TrackPointExtension>
            <ns3:hr>140</ns3:hr>
            <ns3:cad>78</ns3:cad>
          </ns3:TrackPointExtension>
        </extensions>
      </trkpt>
      <trkpt lat="35.75675225816667079925537109375" lon="139.53456376679241657257080078125">
        <ele>43.40000152587890625</ele>
        <time>2026-08-10T09:51:22.000Z</time>
        <extensions>
          <ns3:TrackPointExtension>
            <ns3:hr>140</ns3:hr>
            <ns3:cad>80</ns3:cad>
          </ns3:TrackPointExtension>
        </extensions>
      </trkpt>
      <trkpt lat="35.75676181353628635406494140625" lon="139.5345802791416645050048828125">
        <ele>43.40000152587890625</ele>
        <time>2026-08-10T09:51:23.000Z</time>
        <extensions>
          <ns3:TrackPointExtension>
            <ns3:hr>140</ns3:hr>
            <ns3:cad>80</ns3:cad>
          </ns3:TrackPointExtension>
        </extensions>
      </trkpt>
      <trkpt lat="35.75676768086850643157958984375" lon="139.53459880314767360687255859375">
        <ele>43.40000152587890625</ele>
        <time>2026-08-10T09:51:24.000Z</time>
        <extensions>
          <ns3:TrackPointExtension>
            <ns3:hr>139</ns3:hr>
            <ns3:cad>79</ns3:cad>
          </ns3:TrackPointExtension>
        </extensions>
      </trkpt>
      <trkpt lat="35.756769441068172454833984375" lon="139.53461824916303157806396484375">
        <ele>43.40000152587890625</ele>
        <time>2026-08-10T09:51:25.000Z</time>
        <extensions>
          <ns3:TrackPointExtension>
            <ns3:hr>139</ns3:hr>
            <ns3:cad>79</ns3:cad>
          </ns3:TrackPointExtension>
        </extensions>
      </trkpt>
      <trkpt lat="35.75676667504012584686279296875" lon="139.534641467034816741943359375">
        <ele>43.40000152587890625</ele>
        <time>2026-08-10T09:51:26.000Z</time>
        <extensions>
          <ns3:TrackPointExtension>
            <ns3:hr>139</ns3:hr>
            <ns3:cad>79</ns3:cad>
          </ns3:TrackPointExtension>
        </extensions>
      </trkpt>
      <trkpt lat="35.756752677261829376220703125" lon="139.5346699655055999755859375">
        <ele>43.59999847412109375</ele>
        <time>2026-08-10T09:51:27.000Z</time>
        <extensions>
          <ns3:TrackPointExtension>
            <ns3:hr>139</ns3:hr>
            <ns3:cad>79</ns3:cad>
          </ns3:TrackPointExtension>
        </extensions>
      </trkpt>
      <trkpt lat="35.75675292871892452239990234375" lon="139.5346858911216259002685546875">
        <ele>43.59999847412109375</ele>
        <time>2026-08-10T09:51:28.000Z</time>
        <extensions>
          <ns3:TrackPointExtension>
            <ns3:hr>139</ns3:hr>
            <ns3:cad>79</ns3:cad>
          </ns3:TrackPointExtension>
        </extensions>
      </trkpt>
      <trkpt lat="35.7567682676017284393310546875" lon="139.53469569794833660125732421875">
        <ele>43.59999847412109375</ele>
        <time>2026-08-10T09:51:29.000Z</time>
        <extensions>
          <ns3:TrackPointExtension>
            <ns3:hr>139</ns3:hr>
            <ns3:cad>79</ns3:cad>
          </ns3:TrackPointExtension>
        </extensions>
      </trkpt>
      <trkpt lat="35.7567806728184223175048828125" lon="139.53471296466886997222900390625">
        <ele>43.59999847412109375</ele>
        <time>2026-08-10T09:51:30.000Z</time>
        <extensions>
          <ns3:TrackPointExtension>
            <ns3:hr>139</ns3:hr>
            <ns3:cad>79</ns3:cad>
          </ns3:TrackPointExtension>
        </extensions>
      </trkpt>
      <trkpt lat="35.75678360648453235626220703125" lon="139.53473098576068878173828125">
        <ele>43.59999847412109375</ele>
        <time>2026-08-10T09:51:31.000Z</time>
        <extensions>
          <ns3:TrackPointExtension>
            <ns3:hr>139</ns3:hr>
            <ns3:cad>77</ns3:cad>
          </ns3:TrackPointExtension>
        </extensions>
      </trkpt>
      <trkpt lat="35.7567924074828624725341796875" lon="139.5347479172050952911376953125">
        <ele>43.59999847412109375</ele>
        <time>2026-08-10T09:51:32.000Z</time>
        <extensions>
          <ns3:TrackPointExtension>
            <ns3:hr>139</ns3:hr>
            <ns3:cad>77</ns3:cad>
          </ns3:TrackPointExtension>
        </extensions>
      </trkpt>
      <trkpt lat="35.75680724345147609710693359375" lon="139.5347599871456623077392578125">
        <ele>43.59999847412109375</ele>
        <time>2026-08-10T09:51:33.000Z</time>
        <extensions>
          <ns3:TrackPointExtension>
            <ns3:hr>139</ns3:hr>
            <ns3:cad>77</ns3:cad>
          </ns3:TrackPointExtension>
        </extensions>
      </trkpt>
      <trkpt lat="35.75682199560105800628662109375" lon="139.5347683690488338470458984375">
        <ele>43.40000152587890625</ele>
        <time>2026-08-10T09:51:34.000Z</time>
        <extensions>
          <ns3:TrackPointExtension>
            <ns3:hr>139</ns3:hr>
            <ns3:cad>79</ns3:cad>
          </ns3:TrackPointExtension>
        </extensions>
      </trkpt>
      <trkpt lat="35.7568269409239292144775390625" lon="139.534781277179718017578125">
        <ele>43.40000152587890625</ele>
        <time>2026-08-10T09:51:35.000Z</time>
        <extensions>
          <ns3:TrackPointExtension>
            <ns3:hr>139</ns3:hr>
            <ns3:cad>79</ns3:cad>
          </ns3:TrackPointExtension>
        </extensions>
      </trkpt>
      <trkpt lat="35.756828784942626953125" lon="139.53480097465217113494873046875">
        <ele>43.40000152587890625</ele>
        <time>2026-08-10T09:51:36.000Z</time>
        <extensions>
          <ns3:TrackPointExtension>
            <ns3:hr>139</ns3:hr>
            <ns3:cad>78</ns3:cad>
          </ns3:TrackPointExtension>
        </extensions>
      </trkpt>
      <trkpt lat="35.7568306289613246917724609375" lon="139.53482226468622684478759765625">
        <ele>43.200000762939453125</ele>
        <time>2026-08-10T09:51:37.000Z</time>
        <extensions>
          <ns3:TrackPointExtension>
            <ns3:hr>138</ns3:hr>
            <ns3:cad>78</ns3:cad>
          </ns3:TrackPointExtension>
        </extensions>
      </trkpt>
      <trkpt lat="35.75683875940740108489990234375" lon="139.534843303263187408447265625">
        <ele>43.200000762939453125</ele>
        <time>2026-08-10T09:51:38.000Z</time>
        <extensions>
          <ns3:TrackPointExtension>
            <ns3:hr>138</ns3:hr>
            <ns3:cad>78</ns3:cad>
          </ns3:TrackPointExtension>
        </extensions>
      </trkpt>
      <trkpt lat="35.75683926232159137725830078125" lon="139.53487222082912921905517578125">
        <ele>43.200000762939453125</ele>
        <time>2026-08-10T09:51:39.000Z</time>
        <extensions>
          <ns3:TrackPointExtension>
            <ns3:hr>138</ns3:hr>
            <ns3:cad>78</ns3:cad>
          </ns3:TrackPointExtension>
        </extensions>
      </trkpt>
      <trkpt lat="35.75684982351958751678466796875" lon="139.5348910801112651824951171875">
        <ele>43</ele>
        <time>2026-08-10T09:51:40.000Z</time>
        <extensions>
          <ns3:TrackPointExtension>
            <ns3:hr>136</ns3:hr>
            <ns3:cad>78</ns3:cad>
          </ns3:TrackPointExtension>
        </extensions>
      </trkpt>
      <trkpt lat="35.75686608441174030303955078125" lon="139.53490532934665679931640625">
        <ele>43</ele>
        <time>2026-08-10T09:51:41.000Z</time>
        <extensions>
          <ns3:TrackPointExtension>
            <ns3:hr>136</ns3:hr>
            <ns3:cad>76</ns3:cad>
          </ns3:TrackPointExtension>
        </extensions>
      </trkpt>
      <trkpt lat="35.756871365010738372802734375" lon="139.5349256135523319244384765625">
        <ele>43</ele>
        <time>2026-08-10T09:51:42.000Z</time>
        <extensions>
          <ns3:TrackPointExtension>
            <ns3:hr>135</ns3:hr>
            <ns3:cad>76</ns3:cad>
          </ns3:TrackPointExtension>
        </extensions>
      </trkpt>
      <trkpt lat="35.7568738795816898345947265625" lon="139.5349547825753688812255859375">
        <ele>43</ele>
        <time>2026-08-10T09:51:43.000Z</time>
        <extensions>
          <ns3:TrackPointExtension>
            <ns3:hr>135</ns3:hr>
            <ns3:cad>76</ns3:cad>
          </ns3:TrackPointExtension>
        </extensions>
      </trkpt>
      <trkpt lat="35.75686558149755001068115234375" lon="139.5349876396358013153076171875">
        <ele>43</ele>
        <time>2026-08-10T09:51:44.000Z</time>
        <extensions>
          <ns3:TrackPointExtension>
            <ns3:hr>135</ns3:hr>
            <ns3:cad>77</ns3:cad>
          </ns3:TrackPointExtension>
        </extensions>
      </trkpt>
      <trkpt lat="35.75686273165047168731689453125" lon="139.53501353971660137176513671875">
        <ele>43</ele>
        <time>2026-08-10T09:51:45.000Z</time>
        <extensions>
          <ns3:TrackPointExtension>
            <ns3:hr>135</ns3:hr>
            <ns3:cad>79</ns3:cad>
          </ns3:TrackPointExtension>
        </extensions>
      </trkpt>
      <trkpt lat="35.7568708620965480804443359375" lon="139.5350184850394725799560546875">
        <ele>42.799999237060546875</ele>
        <time>2026-08-10T09:51:46.000Z</time>
        <extensions>
          <ns3:TrackPointExtension>
            <ns3:hr>135</ns3:hr>
            <ns3:cad>79</ns3:cad>
          </ns3:TrackPointExtension>
        </extensions>
      </trkpt>
      <trkpt lat="35.75688846409320831298828125" lon="139.5350266993045806884765625">
        <ele>42.799999237060546875</ele>
        <time>2026-08-10T09:51:47.000Z</time>
        <extensions>
          <ns3:TrackPointExtension>
            <ns3:hr>135</ns3:hr>
            <ns3:cad>80</ns3:cad>
          </ns3:TrackPointExtension>
        </extensions>
      </trkpt>
      <trkpt lat="35.75690112076699733734130859375" lon="139.535037763416767120361328125">
        <ele>42.799999237060546875</ele>
        <time>2026-08-10T09:51:48.000Z</time>
        <extensions>
          <ns3:TrackPointExtension>
            <ns3:hr>135</ns3:hr>
            <ns3:cad>80</ns3:cad>
          </ns3:TrackPointExtension>
        </extensions>
      </trkpt>
      <trkpt lat="35.75690631754696369171142578125" lon="139.53505829907953739166259765625">
        <ele>42.59999847412109375</ele>
        <time>2026-08-10T09:51:49.000Z</time>
        <extensions>
          <ns3:TrackPointExtension>
            <ns3:hr>134</ns3:hr>
            <ns3:cad>79</ns3:cad>
          </ns3:TrackPointExtension>
        </extensions>
      </trkpt>
      <trkpt lat="35.75691503472626209259033203125" lon="139.5350771583616733551025390625">
        <ele>42.59999847412109375</ele>
        <time>2026-08-10T09:51:50.000Z</time>
        <extensions>
          <ns3:TrackPointExtension>
            <ns3:hr>134</ns3:hr>
            <ns3:cad>79</ns3:cad>
          </ns3:TrackPointExtension>
        </extensions>
      </trkpt>
      <trkpt lat="35.75692006386816501617431640625" lon="139.53509450890123844146728515625">
        <ele>42.200000762939453125</ele>
        <time>2026-08-10T09:51:51.000Z</time>
        <extensions>
          <ns3:TrackPointExtension>
            <ns3:hr>134</ns3:hr>
            <ns3:cad>79</ns3:cad>
          </ns3:TrackPointExtension>
        </extensions>
      </trkpt>
      <trkpt lat="35.756924338638782501220703125" lon="139.53511613421142101287841796875">
        <ele>41.799999237060546875</ele>
        <time>2026-08-10T09:51:52.000Z</time>
        <extensions>
          <ns3:TrackPointExtension>
            <ns3:hr>135</ns3:hr>
            <ns3:cad>80</ns3:cad>
          </ns3:TrackPointExtension>
        </extensions>
      </trkpt>
      <trkpt lat="35.7569332234561443328857421875" lon="139.535137005150318145751953125">
        <ele>41.799999237060546875</ele>
        <time>2026-08-10T09:51:53.000Z</time>
        <extensions>
          <ns3:TrackPointExtension>
            <ns3:hr>135</ns3:hr>
            <ns3:cad>81</ns3:cad>
          </ns3:TrackPointExtension>
        </extensions>
      </trkpt>
      <trkpt lat="35.75694638304412364959716796875" lon="139.5351581275463104248046875">
        <ele>41.799999237060546875</ele>
        <time>2026-08-10T09:51:54.000Z</time>
        <extensions>
          <ns3:TrackPointExtension>
            <ns3:hr>134</ns3:hr>
            <ns3:cad>81</ns3:cad>
          </ns3:TrackPointExtension>
        </extensions>
      </trkpt>
      <trkpt lat="35.7569607160985469818115234375" lon="139.535179249942302703857421875">
        <ele>41.799999237060546875</ele>
        <time>2026-08-10T09:51:55.000Z</time>
        <extensions>
          <ns3:TrackPointExtension>
            <ns3:hr>135</ns3:hr>
            <ns3:cad>82</ns3:cad>
          </ns3:TrackPointExtension>
        </extensions>
      </trkpt>
      <trkpt lat="35.75697035528719425201416015625" lon="139.53519643284380435943603515625">
        <ele>41.59999847412109375</ele>
        <time>2026-08-10T09:51:56.000Z</time>
        <extensions>
          <ns3:TrackPointExtension>
            <ns3:hr>135</ns3:hr>
            <ns3:cad>82</ns3:cad>
          </ns3:TrackPointExtension>
        </extensions>
      </trkpt>
      <trkpt lat="35.75697697699069976806640625" lon="139.535226523876190185546875">
        <ele>41.59999847412109375</ele>
        <time>2026-08-10T09:51:57.000Z</time>
        <extensions>
          <ns3:TrackPointExtension>
            <ns3:hr>135</ns3:hr>
            <ns3:cad>82</ns3:cad>
          </ns3:TrackPointExtension>
        </extensions>
      </trkpt>
      <trkpt lat="35.7569825090467929840087890625" lon="139.53524789772927761077880859375">
        <ele>41.59999847412109375</ele>
        <time>2026-08-10T09:51:58.000Z</time>
        <extensions>
          <ns3:TrackPointExtension>
            <ns3:hr>135</ns3:hr>
            <ns3:cad>82</ns3:cad>
          </ns3:TrackPointExtension>
        </extensions>
      </trkpt>
      <trkpt lat="35.75699097476899623870849609375" lon="139.53527153469622135162353515625">
        <ele>41.59999847412109375</ele>
        <time>2026-08-10T09:51:59.000Z</time>
        <extensions>
          <ns3:TrackPointExtension>
            <ns3:hr>135</ns3:hr>
            <ns3:cad>82</ns3:cad>
          </ns3:TrackPointExtension>
        </extensions>
      </trkpt>
      <trkpt lat="35.757008828222751617431640625" lon="139.5352853648364543914794921875">
        <ele>41.59999847412109375</ele>
        <time>2026-08-10T09:52:00.000Z</time>
        <extensions>
          <ns3:TrackPointExtension>
            <ns3:hr>135</ns3:hr>
            <ns3:cad>83</ns3:cad>
          </ns3:TrackPointExtension>
        </extensions>
      </trkpt>
      <trkpt lat="35.75701444409787654876708984375" lon="139.53530992381274700164794921875">
        <ele>41.799999237060546875</ele>
        <time>2026-08-10T09:52:01.000Z</time>
        <extensions>
          <ns3:TrackPointExtension>
            <ns3:hr>135</ns3:hr>
            <ns3:cad>83</ns3:cad>
          </ns3:TrackPointExtension>
        </extensions>
      </trkpt>
      <trkpt lat="35.75702433474361896514892578125" lon="139.53533314168453216552734375">
        <ele>41.799999237060546875</ele>
        <time>2026-08-10T09:52:02.000Z</time>
        <extensions>
          <ns3:TrackPointExtension>
            <ns3:hr>136</ns3:hr>
            <ns3:cad>83</ns3:cad>
          </ns3:TrackPointExtension>
        </extensions>
      </trkpt>
      <trkpt lat="35.7570361532270908355712890625" lon="139.53535434789955615997314453125">
        <ele>41.799999237060546875</ele>
        <time>2026-08-10T09:52:03.000Z</time>
        <extensions>
          <ns3:TrackPointExtension>
            <ns3:hr>136</ns3:hr>
            <ns3:cad>82</ns3:cad>
          </ns3:TrackPointExtension>
        </extensions>
      </trkpt>
      <trkpt lat="35.75704872608184814453125" lon="139.5353762246668338775634765625">
        <ele>41.799999237060546875</ele>
        <time>2026-08-10T09:52:04.000Z</time>
        <extensions>
          <ns3:TrackPointExtension>
            <ns3:hr>136</ns3:hr>
            <ns3:cad>82</ns3:cad>
          </ns3:TrackPointExtension>
        </extensions>
      </trkpt>
      <trkpt lat="35.7570599578320980072021484375" lon="139.53539692796766757965087890625">
        <ele>41.799999237060546875</ele>
        <time>2026-08-10T09:52:05.000Z</time>
        <extensions>
          <ns3:TrackPointExtension>
            <ns3:hr>136</ns3:hr>
            <ns3:cad>82</ns3:cad>
          </ns3:TrackPointExtension>
        </extensions>
      </trkpt>
      <trkpt lat="35.75706842355430126190185546875" lon="139.535417966544628143310546875">
        <ele>41.59999847412109375</ele>
        <time>2026-08-10T09:52:06.000Z</time>
        <extensions>
          <ns3:TrackPointExtension>
            <ns3:hr>136</ns3:hr>
            <ns3:cad>82</ns3:cad>
          </ns3:TrackPointExtension>
        </extensions>
      </trkpt>
      <trkpt lat="35.7570780627429485321044921875" lon="139.535441100597381591796875">
        <ele>41.59999847412109375</ele>
        <time>2026-08-10T09:52:07.000Z</time>
        <extensions>
          <ns3:TrackPointExtension>
            <ns3:hr>137</ns3:hr>
            <ns3:cad>81</ns3:cad>
          </ns3:TrackPointExtension>
        </extensions>
      </trkpt>
      <trkpt lat="35.7570881210267543792724609375" lon="139.53546197153627872467041015625">
        <ele>41.59999847412109375</ele>
        <time>2026-08-10T09:52:08.000Z</time>
        <extensions>
          <ns3:TrackPointExtension>
            <ns3:hr>137</ns3:hr>
            <ns3:cad>81</ns3:cad>
          </ns3:TrackPointExtension>
        </extensions>
      </trkpt>
      <trkpt lat="35.7570944912731647491455078125" lon="139.53548124991357326507568359375">
        <ele>41.59999847412109375</ele>
        <time>2026-08-10T09:52:09.000Z</time>
        <extensions>
          <ns3:TrackPointExtension>
            <ns3:hr>137</ns3:hr>
            <ns3:cad>81</ns3:cad>
          </ns3:TrackPointExtension>
        </extensions>
      </trkpt>
      <trkpt lat="35.7570998556911945343017578125" lon="139.53550253994762897491455078125">
        <ele>41.59999847412109375</ele>
        <time>2026-08-10T09:52:10.000Z</time>
        <extensions>
          <ns3:TrackPointExtension>
            <ns3:hr>137</ns3:hr>
            <ns3:cad>81</ns3:cad>
          </ns3:TrackPointExtension>
        </extensions>
      </trkpt>
      <trkpt lat="35.7571045495569705963134765625" lon="139.53552315942943096160888671875">
        <ele>41.59999847412109375</ele>
        <time>2026-08-10T09:52:11.000Z</time>
        <extensions>
          <ns3:TrackPointExtension>
            <ns3:hr>137</ns3:hr>
            <ns3:cad>81</ns3:cad>
          </ns3:TrackPointExtension>
        </extensions>
      </trkpt>
      <trkpt lat="35.75710832141339778900146484375" lon="139.53554176725447177886962890625">
        <ele>41.799999237060546875</ele>
        <time>2026-08-10T09:52:12.000Z</time>
        <extensions>
          <ns3:TrackPointExtension>
            <ns3:hr>138</ns3:hr>
            <ns3:cad>81</ns3:cad>
          </ns3:TrackPointExtension>
        </extensions>
      </trkpt>
      <trkpt lat="35.7571162842214107513427734375" lon="139.53556121326982975006103515625">
        <ele>41.799999237060546875</ele>
        <time>2026-08-10T09:52:13.000Z</time>
        <extensions>
          <ns3:TrackPointExtension>
            <ns3:hr>138</ns3:hr>
            <ns3:cad>80</ns3:cad>
          </ns3:TrackPointExtension>
        </extensions>
      </trkpt>
      <trkpt lat="35.757130198180675506591796875" lon="139.53557730652391910552978515625">
        <ele>42</ele>
        <time>2026-08-10T09:52:14.000Z</time>
        <extensions>
          <ns3:TrackPointExtension>
            <ns3:hr>138</ns3:hr>
            <ns3:cad>80</ns3:cad>
          </ns3:TrackPointExtension>
        </extensions>
      </trkpt>
      <trkpt lat="35.75714989565312862396240234375" lon="139.53558795154094696044921875">
        <ele>42</ele>
        <time>2026-08-10T09:52:15.000Z</time>
        <extensions>
          <ns3:TrackPointExtension>
            <ns3:hr>138</ns3:hr>
            <ns3:cad>80</ns3:cad>
          </ns3:TrackPointExtension>
        </extensions>
      </trkpt>
      <trkpt lat="35.75716917403042316436767578125" lon="139.53560798428952693939208984375">
        <ele>42</ele>
        <time>2026-08-10T09:52:16.000Z</time>
        <extensions>
          <ns3:TrackPointExtension>
            <ns3:hr>138</ns3:hr>
            <ns3:cad>81</ns3:cad>
          </ns3:TrackPointExtension>
        </extensions>
      </trkpt>
      <trkpt lat="35.7571761310100555419921875" lon="139.53563195653259754180908203125">
        <ele>42.200000762939453125</ele>
        <time>2026-08-10T09:52:17.000Z</time>
        <extensions>
          <ns3:TrackPointExtension>
            <ns3:hr>138</ns3:hr>
            <ns3:cad>81</ns3:cad>
          </ns3:TrackPointExtension>
        </extensions>
      </trkpt>
      <trkpt lat="35.75718677602708339691162109375" lon="139.53565341420471668243408203125">
        <ele>42</ele>
        <time>2026-08-10T09:52:18.000Z</time>
        <extensions>
          <ns3:TrackPointExtension>
            <ns3:hr>139</ns3:hr>
            <ns3:cad>81</ns3:cad>
          </ns3:TrackPointExtension>
        </extensions>
      </trkpt>
      <trkpt lat="35.75719960033893585205078125" lon="139.5356682501733303070068359375">
        <ele>42.200000762939453125</ele>
        <time>2026-08-10T09:52:19.000Z</time>
        <extensions>
          <ns3:TrackPointExtension>
            <ns3:hr>139</ns3:hr>
            <ns3:cad>81</ns3:cad>
          </ns3:TrackPointExtension>
        </extensions>
      </trkpt>
      <trkpt lat="35.75721426866948604583740234375" lon="139.53568761236965656280517578125">
        <ele>42.200000762939453125</ele>
        <time>2026-08-10T09:52:20.000Z</time>
        <extensions>
          <ns3:TrackPointExtension>
            <ns3:hr>139</ns3:hr>
            <ns3:cad>81</ns3:cad>
          </ns3:TrackPointExtension>
        </extensions>
      </trkpt>
      <trkpt lat="35.7572259195148944854736328125" lon="139.53570907004177570343017578125">
        <ele>42.200000762939453125</ele>
        <time>2026-08-10T09:52:21.000Z</time>
        <extensions>
          <ns3:TrackPointExtension>
            <ns3:hr>139</ns3:hr>
            <ns3:cad>81</ns3:cad>
          </ns3:TrackPointExtension>
        </extensions>
      </trkpt>
      <trkpt lat="35.7572302781045436859130859375" lon="139.53573471866548061370849609375">
        <ele>42</ele>
        <time>2026-08-10T09:52:22.000Z</time>
        <extensions>
          <ns3:TrackPointExtension>
            <ns3:hr>139</ns3:hr>
            <ns3:cad>81</ns3:cad>
          </ns3:TrackPointExtension>
        </extensions>
      </trkpt>
      <trkpt lat="35.75723304413259029388427734375" lon="139.5357616245746612548828125">
        <ele>42</ele>
        <time>2026-08-10T09:52:23.000Z</time>
        <extensions>
          <ns3:TrackPointExtension>
            <ns3:hr>139</ns3:hr>
            <ns3:cad>82</ns3:cad>
          </ns3:TrackPointExtension>
        </extensions>
      </trkpt>
      <trkpt lat="35.757232122123241424560546875" lon="139.5357884466648101806640625">
        <ele>42</ele>
        <time>2026-08-10T09:52:24.000Z</time>
        <extensions>
          <ns3:TrackPointExtension>
            <ns3:hr>139</ns3:hr>
            <ns3:cad>82</ns3:cad>
          </ns3:TrackPointExtension>
        </extensions>
      </trkpt>
      <trkpt lat="35.7572378218173980712890625" lon="139.5358097366988658905029296875">
        <ele>41.799999237060546875</ele>
        <time>2026-08-10T09:52:25.000Z</time>
        <extensions>
          <ns3:TrackPointExtension>
            <ns3:hr>139</ns3:hr>
            <ns3:cad>82</ns3:cad>
          </ns3:TrackPointExtension>
        </extensions>
      </trkpt>
      <trkpt lat="35.75723757036030292510986328125" lon="139.53582876361906528472900390625">
        <ele>41.799999237060546875</ele>
        <time>2026-08-10T09:52:26.000Z</time>
        <extensions>
          <ns3:TrackPointExtension>
            <ns3:hr>139</ns3:hr>
            <ns3:cad>82</ns3:cad>
          </ns3:TrackPointExtension>
        </extensions>
      </trkpt>
      <trkpt lat="35.75724662281572818756103515625" lon="139.5358482934534549713134765625">
        <ele>41.799999237060546875</ele>
        <time>2026-08-10T09:52:27.000Z</time>
        <extensions>
          <ns3:TrackPointExtension>
            <ns3:hr>139</ns3:hr>
            <ns3:cad>81</ns3:cad>
          </ns3:TrackPointExtension>
        </extensions>
      </trkpt>
      <trkpt lat="35.75725316070020198822021484375" lon="139.53587226569652557373046875">
        <ele>41.799999237060546875</ele>
        <time>2026-08-10T09:52:28.000Z</time>
        <extensions>
          <ns3:TrackPointExtension>
            <ns3:hr>140</ns3:hr>
            <ns3:cad>81</ns3:cad>
          </ns3:TrackPointExtension>
        </extensions>
      </trkpt>
      <trkpt lat="35.7572648115456104278564453125" lon="139.5358915440738201141357421875">
        <ele>41.799999237060546875</ele>
        <time>2026-08-10T09:52:29.000Z</time>
        <extensions>
          <ns3:TrackPointExtension>
            <ns3:hr>140</ns3:hr>
            <ns3:cad>80</ns3:cad>
          </ns3:TrackPointExtension>
        </extensions>
      </trkpt>
      <trkpt lat="35.75727277435362339019775390625" lon="139.53591358847916126251220703125">
        <ele>41.799999237060546875</ele>
        <time>2026-08-10T09:52:30.000Z</time>
        <extensions>
          <ns3:TrackPointExtension>
            <ns3:hr>140</ns3:hr>
            <ns3:cad>80</ns3:cad>
          </ns3:TrackPointExtension>
        </extensions>
      </trkpt>
      <trkpt lat="35.75727763585746288299560546875" lon="139.535941667854785919189453125">
        <ele>41.799999237060546875</ele>
        <time>2026-08-10T09:52:31.000Z</time>
        <extensions>
          <ns3:TrackPointExtension>
            <ns3:hr>140</ns3:hr>
            <ns3:cad>80</ns3:cad>
          </ns3:TrackPointExtension>
        </extensions>
      </trkpt>
      <trkpt lat="35.75728467665612697601318359375" lon="139.535969160497188568115234375">
        <ele>41.799999237060546875</ele>
        <time>2026-08-10T09:52:32.000Z</time>
        <extensions>
          <ns3:TrackPointExtension>
            <ns3:hr>141</ns3:hr>
            <ns3:cad>81</ns3:cad>
          </ns3:TrackPointExtension>
        </extensions>
      </trkpt>
      <trkpt lat="35.7572968304157257080078125" lon="139.5359881035983562469482421875">
        <ele>41.799999237060546875</ele>
        <time>2026-08-10T09:52:33.000Z</time>
        <extensions>
          <ns3:TrackPointExtension>
            <ns3:hr>142</ns3:hr>
            <ns3:cad>81</ns3:cad>
          </ns3:TrackPointExtension>
        </extensions>
      </trkpt>
      <trkpt lat="35.7573129236698150634765625" lon="139.5360082201659679412841796875">
        <ele>41.799999237060546875</ele>
        <time>2026-08-10T09:52:34.000Z</time>
        <extensions>
          <ns3:TrackPointExtension>
            <ns3:hr>142</ns3:hr>
            <ns3:cad>81</ns3:cad>
          </ns3:TrackPointExtension>
        </extensions>
      </trkpt>
      <trkpt lat="35.75732725672423839569091796875" lon="139.5360290072858333587646484375">
        <ele>42</ele>
        <time>2026-08-10T09:52:35.000Z</time>
        <extensions>
          <ns3:TrackPointExtension>
            <ns3:hr>143</ns3:hr>
            <ns3:cad>80</ns3:cad>
          </ns3:TrackPointExtension>
        </extensions>
      </trkpt>
      <trkpt lat="35.75733697973191738128662109375" lon="139.5360524766147136688232421875">
        <ele>42.200000762939453125</ele>
        <time>2026-08-10T09:52:36.000Z</time>
        <extensions>
          <ns3:TrackPointExtension>
            <ns3:hr>143</ns3:hr>
            <ns3:cad>80</ns3:cad>
          </ns3:TrackPointExtension>
        </extensions>
      </trkpt>
      <trkpt lat="35.757347457110881805419921875" lon="139.536071754992008209228515625">
        <ele>42.40000152587890625</ele>
        <time>2026-08-10T09:52:37.000Z</time>
        <extensions>
          <ns3:TrackPointExtension>
            <ns3:hr>143</ns3:hr>
            <ns3:cad>80</ns3:cad>
          </ns3:TrackPointExtension>
        </extensions>
      </trkpt>
      <trkpt lat="35.75735810212790966033935546875" lon="139.5360896922647953033447265625">
        <ele>42.40000152587890625</ele>
        <time>2026-08-10T09:52:38.000Z</time>
        <extensions>
          <ns3:TrackPointExtension>
            <ns3:hr>143</ns3:hr>
            <ns3:cad>79</ns3:cad>
          </ns3:TrackPointExtension>
        </extensions>
      </trkpt>
      <trkpt lat="35.75736531056463718414306640625" lon="139.5361094735562801361083984375">
        <ele>42.40000152587890625</ele>
        <time>2026-08-10T09:52:39.000Z</time>
        <extensions>
          <ns3:TrackPointExtension>
            <ns3:hr>143</ns3:hr>
            <ns3:cad>80</ns3:cad>
          </ns3:TrackPointExtension>
        </extensions>
      </trkpt>
      <trkpt lat="35.75737662613391876220703125" lon="139.53612665645778179168701171875">
        <ele>42.40000152587890625</ele>
        <time>2026-08-10T09:52:40.000Z</time>
        <extensions>
          <ns3:TrackPointExtension>
            <ns3:hr>144</ns3:hr>
            <ns3:cad>80</ns3:cad>
          </ns3:TrackPointExtension>
        </extensions>
      </trkpt>
      <trkpt lat="35.75738710351288318634033203125" lon="139.53614476136863231658935546875">
        <ele>42.59999847412109375</ele>
        <time>2026-08-10T09:52:41.000Z</time>
        <extensions>
          <ns3:TrackPointExtension>
            <ns3:hr>144</ns3:hr>
            <ns3:cad>80</ns3:cad>
          </ns3:TrackPointExtension>
        </extensions>
      </trkpt>
      <trkpt lat="35.75740369968116283416748046875" lon="139.53616705723106861114501953125">
        <ele>42.59999847412109375</ele>
        <time>2026-08-10T09:52:42.000Z</time>
        <extensions>
          <ns3:TrackPointExtension>
            <ns3:hr>144</ns3:hr>
            <ns3:cad>81</ns3:cad>
          </ns3:TrackPointExtension>
        </extensions>
      </trkpt>
      <trkpt lat="35.75741074047982692718505859375" lon="139.536191783845424652099609375">
        <ele>42.59999847412109375</ele>
        <time>2026-08-10T09:52:43.000Z</time>
        <extensions>
          <ns3:TrackPointExtension>
            <ns3:hr>144</ns3:hr>
            <ns3:cad>81</ns3:cad>
          </ns3:TrackPointExtension>
        </extensions>
      </trkpt>
      <trkpt lat="35.757417865097522735595703125" lon="139.53621583990752696990966796875">
        <ele>42.59999847412109375</ele>
        <time>2026-08-10T09:52:44.000Z</time>
        <extensions>
          <ns3:TrackPointExtension>
            <ns3:hr>145</ns3:hr>
            <ns3:cad>82</ns3:cad>
          </ns3:TrackPointExtension>
        </extensions>
      </trkpt>
      <trkpt lat="35.7574277557432651519775390625" lon="139.536233358085155487060546875">
        <ele>42.59999847412109375</ele>
        <time>2026-08-10T09:52:45.000Z</time>
        <extensions>
          <ns3:TrackPointExtension>
            <ns3:hr>145</ns3:hr>
            <ns3:cad>82</ns3:cad>
          </ns3:TrackPointExtension>
        </extensions>
      </trkpt>
      <trkpt lat="35.75743773020803928375244140625" lon="139.5362476073205471038818359375">
        <ele>42.59999847412109375</ele>
        <time>2026-08-10T09:52:46.000Z</time>
        <extensions>
          <ns3:TrackPointExtension>
            <ns3:hr>145</ns3:hr>
            <ns3:cad>83</ns3:cad>
          </ns3:TrackPointExtension>
        </extensions>
      </trkpt>
      <trkpt lat="35.7574508897960186004638671875" lon="139.53626395203173160552978515625">
        <ele>42.59999847412109375</ele>
        <time>2026-08-10T09:52:47.000Z</time>
        <extensions>
          <ns3:TrackPointExtension>
            <ns3:hr>146</ns3:hr>
            <ns3:cad>83</ns3:cad>
          </ns3:TrackPointExtension>
        </extensions>
      </trkpt>
      <trkpt lat="35.75746321119368076324462890625" lon="139.5362774468958377838134765625">
        <ele>42.799999237060546875</ele>
        <time>2026-08-10T09:52:48.000Z</time>
        <extensions>
          <ns3:TrackPointExtension>
            <ns3:hr>147</ns3:hr>
            <ns3:cad>83</ns3:cad>
          </ns3:TrackPointExtension>
        </extensions>
      </trkpt>
      <trkpt lat="35.75747025199234485626220703125" lon="139.5362915284931659698486328125">
        <ele>42.799999237060546875</ele>
        <time>2026-08-10T09:52:49.000Z</time>
        <extensions>
          <ns3:TrackPointExtension>
            <ns3:hr>148</ns3:hr>
            <ns3:cad>83</ns3:cad>
          </ns3:TrackPointExtension>
        </extensions>
      </trkpt>
      <trkpt lat="35.75747729279100894927978515625" lon="139.5363056100904941558837890625">
        <ele>42.799999237060546875</ele>
        <time>2026-08-10T09:52:50.000Z</time>
        <extensions>
          <ns3:TrackPointExtension>
            <ns3:hr>148</ns3:hr>
            <ns3:cad>83</ns3:cad>
          </ns3:TrackPointExtension>
        </extensions>
      </trkpt>
      <trkpt lat="35.75748282484710216522216796875" lon="139.5363237150013446807861328125">
        <ele>42.59999847412109375</ele>
        <time>2026-08-10T09:52:51.000Z</time>
        <extensions>
          <ns3:TrackPointExtension>
            <ns3:hr>148</ns3:hr>
            <ns3:cad>82</ns3:cad>
          </ns3:TrackPointExtension>
        </extensions>
      </trkpt>
      <trkpt lat="35.7574894465506076812744140625" lon="139.536348022520542144775390625">
        <ele>42.59999847412109375</ele>
        <time>2026-08-10T09:52:52.000Z</time>
        <extensions>
          <ns3:TrackPointExtension>
            <ns3:hr>148</ns3:hr>
            <ns3:cad>82</ns3:cad>
          </ns3:TrackPointExtension>
        </extensions>
      </trkpt>
      <trkpt lat="35.75749975629150867462158203125" lon="139.53636520542204380035400390625">
        <ele>42.59999847412109375</ele>
        <time>2026-08-10T09:52:53.000Z</time>
        <extensions>
          <ns3:TrackPointExtension>
            <ns3:hr>149</ns3:hr>
            <ns3:cad>82</ns3:cad>
          </ns3:TrackPointExtension>
        </extensions>
      </trkpt>
      <trkpt lat="35.757512412965297698974609375" lon="139.53638129867613315582275390625">
        <ele>42.59999847412109375</ele>
        <time>2026-08-10T09:52:54.000Z</time>
        <extensions>
          <ns3:TrackPointExtension>
            <ns3:hr>149</ns3:hr>
            <ns3:cad>82</ns3:cad>
          </ns3:TrackPointExtension>
        </extensions>
      </trkpt>
      <trkpt lat="35.7575276680290699005126953125" lon="139.5364018343389034271240234375">
        <ele>42.40000152587890625</ele>
        <time>2026-08-10T09:52:55.000Z</time>
        <extensions>
          <ns3:TrackPointExtension>
            <ns3:hr>149</ns3:hr>
            <ns3:cad>82</ns3:cad>
          </ns3:TrackPointExtension>
        </extensions>
      </trkpt>
      <trkpt lat="35.75753361918032169342041015625" lon="139.5364268124103546142578125">
        <ele>42.40000152587890625</ele>
        <time>2026-08-10T09:52:56.000Z</time>
        <extensions>
          <ns3:TrackPointExtension>
            <ns3:hr>149</ns3:hr>
            <ns3:cad>82</ns3:cad>
          </ns3:TrackPointExtension>
        </extensions>
      </trkpt>
      <trkpt lat="35.75756044127047061920166015625" lon="139.536437876522541046142578125">
        <ele>42.200000762939453125</ele>
        <time>2026-08-10T09:52:57.000Z</time>
        <extensions>
          <ns3:TrackPointExtension>
            <ns3:hr>150</ns3:hr>
            <ns3:cad>82</ns3:cad>
          </ns3:TrackPointExtension>
        </extensions>
      </trkpt>
      <trkpt lat="35.75757854618132114410400390625" lon="139.53645505942404270172119140625">
        <ele>42.200000762939453125</ele>
        <time>2026-08-10T09:52:58.000Z</time>
        <extensions>
          <ns3:TrackPointExtension>
            <ns3:hr>151</ns3:hr>
            <ns3:cad>82</ns3:cad>
          </ns3:TrackPointExtension>
        </extensions>
      </trkpt>
      <trkpt lat="35.7575891911983489990234375" lon="139.5364766009151935577392578125">
        <ele>42.200000762939453125</ele>
        <time>2026-08-10T09:52:59.000Z</time>
        <extensions>
          <ns3:TrackPointExtension>
            <ns3:hr>151</ns3:hr>
            <ns3:cad>82</ns3:cad>
          </ns3:TrackPointExtension>
        </extensions>
      </trkpt>
      <trkpt lat="35.7575957290828227996826171875" lon="139.53649462200701236724853515625">
        <ele>42.200000762939453125</ele>
        <time>2026-08-10T09:53:00.000Z</time>
        <extensions>
          <ns3:TrackPointExtension>
            <ns3:hr>151</ns3:hr>
            <ns3:cad>82</ns3:cad>
          </ns3:TrackPointExtension>
        </extensions>
      </trkpt>
      <trkpt lat="35.75760017149150371551513671875" lon="139.5365153253078460693359375">
        <ele>42.40000152587890625</ele>
        <time>2026-08-10T09:53:01.000Z</time>
        <extensions>
          <ns3:TrackPointExtension>
            <ns3:hr>151</ns3:hr>
            <ns3:cad>81</ns3:cad>
          </ns3:TrackPointExtension>
        </extensions>
      </trkpt>
      <trkpt lat="35.75760536827147006988525390625" lon="139.5365341007709503173828125">
        <ele>42.40000152587890625</ele>
        <time>2026-08-10T09:53:02.000Z</time>
        <extensions>
          <ns3:TrackPointExtension>
            <ns3:hr>151</ns3:hr>
            <ns3:cad>81</ns3:cad>
          </ns3:TrackPointExtension>
        </extensions>
      </trkpt>
      <trkpt lat="35.75760838575661182403564453125" lon="139.5365574024617671966552734375">
        <ele>42.59999847412109375</ele>
        <time>2026-08-10T09:53:03.000Z</time>
        <extensions>
          <ns3:TrackPointExtension>
            <ns3:hr>151</ns3:hr>
            <ns3:cad>81</ns3:cad>
          </ns3:TrackPointExtension>
        </extensions>
      </trkpt>
      <trkpt lat="35.75761358253657817840576171875" lon="139.53657441772520542144775390625">
        <ele>42.59999847412109375</ele>
        <time>2026-08-10T09:53:04.000Z</time>
        <extensions>
          <ns3:TrackPointExtension>
            <ns3:hr>151</ns3:hr>
            <ns3:cad>81</ns3:cad>
          </ns3:TrackPointExtension>
        </extensions>
      </trkpt>
      <trkpt lat="35.75762816704809665679931640625" lon="139.536586068570613861083984375">
        <ele>42.59999847412109375</ele>
        <time>2026-08-10T09:53:05.000Z</time>
        <extensions>
          <ns3:TrackPointExtension>
            <ns3:hr>151</ns3:hr>
            <ns3:cad>81</ns3:cad>
          </ns3:TrackPointExtension>
        </extensions>
      </trkpt>
      <trkpt lat="35.75764216482639312744140625" lon="139.536598138511180877685546875">
        <ele>42.59999847412109375</ele>
        <time>2026-08-10T09:53:06.000Z</time>
        <extensions>
          <ns3:TrackPointExtension>
            <ns3:hr>151</ns3:hr>
            <ns3:cad>81</ns3:cad>
          </ns3:TrackPointExtension>
        </extensions>
      </trkpt>
      <trkpt lat="35.7576508820056915283203125" lon="139.5366147346794605255126953125">
        <ele>41.799999237060546875</ele>
        <time>2026-08-10T09:53:07.000Z</time>
        <extensions>
          <ns3:TrackPointExtension>
            <ns3:hr>151</ns3:hr>
            <ns3:cad>80</ns3:cad>
          </ns3:TrackPointExtension>
        </extensions>
      </trkpt>
      <trkpt lat="35.7576481997966766357421875" lon="139.5367123000323772430419921875">
        <ele>41.59999847412109375</ele>
        <time>2026-08-10T09:53:11.000Z</time>
        <extensions>
          <ns3:TrackPointExtension>
            <ns3:hr>152</ns3:hr>
            <ns3:cad>82</ns3:cad>
          </ns3:TrackPointExtension>
        </extensions>
      </trkpt>
      <trkpt lat="35.75765113346278667449951171875" lon="139.53673300333321094512939453125">
        <ele>41.59999847412109375</ele>
        <time>2026-08-10T09:53:12.000Z</time>
        <extensions>
          <ns3:TrackPointExtension>
            <ns3:hr>153</ns3:hr>
            <ns3:cad>82</ns3:cad>
          </ns3:TrackPointExtension>
        </extensions>
      </trkpt>
      <trkpt lat="35.75765180401504039764404296875" lon="139.53675362281501293182373046875">
        <ele>41.59999847412109375</ele>
        <time>2026-08-10T09:53:13.000Z</time>
        <extensions>
          <ns3:TrackPointExtension>
            <ns3:hr>153</ns3:hr>
            <ns3:cad>82</ns3:cad>
          </ns3:TrackPointExtension>
        </extensions>
      </trkpt>
      <trkpt lat="35.757656581699848175048828125" lon="139.5367780141532421112060546875">
        <ele>41.59999847412109375</ele>
        <time>2026-08-10T09:53:14.000Z</time>
        <extensions>
          <ns3:TrackPointExtension>
            <ns3:hr>153</ns3:hr>
            <ns3:cad>82</ns3:cad>
          </ns3:TrackPointExtension>
        </extensions>
      </trkpt>
      <trkpt lat="35.757668316364288330078125" lon="139.53680173493921756744384765625">
        <ele>41.59999847412109375</ele>
        <time>2026-08-10T09:53:15.000Z</time>
        <extensions>
          <ns3:TrackPointExtension>
            <ns3:hr>153</ns3:hr>
            <ns3:cad>82</ns3:cad>
          </ns3:TrackPointExtension>
        </extensions>
      </trkpt>
      <trkpt lat="35.757679045200347900390625" lon="139.5368252880871295928955078125">
        <ele>41.40000152587890625</ele>
        <time>2026-08-10T09:53:16.000Z</time>
        <extensions>
          <ns3:TrackPointExtension>
            <ns3:hr>152</ns3:hr>
            <ns3:cad>82</ns3:cad>
          </ns3:TrackPointExtension>
        </extensions>
      </trkpt>
      <trkpt lat="35.7576865889132022857666015625" lon="139.53684733249247074127197265625">
        <ele>41.200000762939453125</ele>
        <time>2026-08-10T09:53:17.000Z</time>
        <extensions>
          <ns3:TrackPointExtension>
            <ns3:hr>152</ns3:hr>
            <ns3:cad>82</ns3:cad>
          </ns3:TrackPointExtension>
        </extensions>
      </trkpt>
      <trkpt lat="35.75769706629216670989990234375" lon="139.536865688860416412353515625">
        <ele>41.200000762939453125</ele>
        <time>2026-08-10T09:53:18.000Z</time>
        <extensions>
          <ns3:TrackPointExtension>
            <ns3:hr>153</ns3:hr>
            <ns3:cad>82</ns3:cad>
          </ns3:TrackPointExtension>
        </extensions>
      </trkpt>
      <trkpt lat="35.75770360417664051055908203125" lon="139.53688940964639186859130859375">
        <ele>41</ele>
        <time>2026-08-10T09:53:19.000Z</time>
        <extensions>
          <ns3:TrackPointExtension>
            <ns3:hr>153</ns3:hr>
            <ns3:cad>82</ns3:cad>
          </ns3:TrackPointExtension>
        </extensions>
      </trkpt>
      <trkpt lat="35.75770108960568904876708984375" lon="139.53692327253520488739013671875">
        <ele>41</ele>
        <time>2026-08-10T09:53:20.000Z</time>
        <extensions>
          <ns3:TrackPointExtension>
            <ns3:hr>153</ns3:hr>
            <ns3:cad>82</ns3:cad>
          </ns3:TrackPointExtension>
        </extensions>
      </trkpt>
      <trkpt lat="35.75770385563373565673828125" lon="139.5369483344256877899169921875">
        <ele>41</ele>
        <time>2026-08-10T09:53:21.000Z</time>
        <extensions>
          <ns3:TrackPointExtension>
            <ns3:hr>153</ns3:hr>
            <ns3:cad>82</ns3:cad>
          </ns3:TrackPointExtension>
        </extensions>
      </trkpt>
      <trkpt lat="35.75771148316562175750732421875" lon="139.53696727752685546875">
        <ele>41</ele>
        <time>2026-08-10T09:53:22.000Z</time>
        <extensions>
          <ns3:TrackPointExtension>
            <ns3:hr>153</ns3:hr>
            <ns3:cad>81</ns3:cad>
          </ns3:TrackPointExtension>
        </extensions>
      </trkpt>
      <trkpt lat="35.75771684758365154266357421875" lon="139.53698337078094482421875">
        <ele>41</ele>
        <time>2026-08-10T09:53:23.000Z</time>
        <extensions>
          <ns3:TrackPointExtension>
            <ns3:hr>153</ns3:hr>
            <ns3:cad>80</ns3:cad>
          </ns3:TrackPointExtension>
        </extensions>
      </trkpt>
      <trkpt lat="35.7577238045632839202880859375" lon="139.53699653036892414093017578125">
        <ele>41.200000762939453125</ele>
        <time>2026-08-10T09:53:24.000Z</time>
        <extensions>
          <ns3:TrackPointExtension>
            <ns3:hr>152</ns3:hr>
            <ns3:cad>79</ns3:cad>
          </ns3:TrackPointExtension>
        </extensions>
      </trkpt>
      <trkpt lat="35.75773227028548717498779296875" lon="139.53701019287109375">
        <ele>41.200000762939453125</ele>
        <time>2026-08-10T09:53:25.000Z</time>
        <extensions>
          <ns3:TrackPointExtension>
            <ns3:hr>152</ns3:hr>
            <ns3:cad>79</ns3:cad>
          </ns3:TrackPointExtension>
        </extensions>
      </trkpt>
      <trkpt lat="35.7577449269592761993408203125" lon="139.537025280296802520751953125">
        <ele>41.200000762939453125</ele>
        <time>2026-08-10T09:53:26.000Z</time>
        <extensions>
          <ns3:TrackPointExtension>
            <ns3:hr>152</ns3:hr>
            <ns3:cad>78</ns3:cad>
          </ns3:TrackPointExtension>
        </extensions>
      </trkpt>
      <trkpt lat="35.75775884091854095458984375" lon="139.53704212792217731475830078125">
        <ele>41.200000762939453125</ele>
        <time>2026-08-10T09:53:27.000Z</time>
        <extensions>
          <ns3:TrackPointExtension>
            <ns3:hr>152</ns3:hr>
            <ns3:cad>78</ns3:cad>
          </ns3:TrackPointExtension>
        </extensions>
      </trkpt>
      <trkpt lat="35.75777283869683742523193359375" lon="139.53705755062401294708251953125">
        <ele>41</ele>
        <time>2026-08-10T09:53:28.000Z</time>
        <extensions>
          <ns3:TrackPointExtension>
            <ns3:hr>152</ns3:hr>
            <ns3:cad>78</ns3:cad>
          </ns3:TrackPointExtension>
        </extensions>
      </trkpt>
      <trkpt lat="35.75777887366712093353271484375" lon="139.5370754040777683258056640625">
        <ele>41</ele>
        <time>2026-08-10T09:53:29.000Z</time>
        <extensions>
          <ns3:TrackPointExtension>
            <ns3:hr>151</ns3:hr>
            <ns3:cad>78</ns3:cad>
          </ns3:TrackPointExtension>
        </extensions>
      </trkpt>
      <trkpt lat="35.7577841542661190032958984375" lon="139.5370982028543949127197265625">
        <ele>40.59999847412109375</ele>
        <time>2026-08-10T09:53:30.000Z</time>
        <extensions>
          <ns3:TrackPointExtension>
            <ns3:hr>151</ns3:hr>
            <ns3:cad>78</ns3:cad>
          </ns3:TrackPointExtension>
        </extensions>
      </trkpt>
      <trkpt lat="35.75778977014124393463134765625" lon="139.5371176488697528839111328125">
        <ele>40.59999847412109375</ele>
        <time>2026-08-10T09:53:31.000Z</time>
        <extensions>
          <ns3:TrackPointExtension>
            <ns3:hr>151</ns3:hr>
            <ns3:cad>78</ns3:cad>
          </ns3:TrackPointExtension>
        </extensions>
      </trkpt>
      <trkpt lat="35.7578049413859844207763671875" lon="139.5371327362954616546630859375">
        <ele>40.59999847412109375</ele>
        <time>2026-08-10T09:53:32.000Z</time>
        <extensions>
          <ns3:TrackPointExtension>
            <ns3:hr>150</ns3:hr>
            <ns3:cad>77</ns3:cad>
          </ns3:TrackPointExtension>
        </extensions>
      </trkpt>
      <trkpt lat="35.7578196935355663299560546875" lon="139.5371496677398681640625">
        <ele>40.59999847412109375</ele>
        <time>2026-08-10T09:53:33.000Z</time>
        <extensions>
          <ns3:TrackPointExtension>
            <ns3:hr>150</ns3:hr>
            <ns3:cad>77</ns3:cad>
          </ns3:TrackPointExtension>
        </extensions>
      </trkpt>
      <trkpt lat="35.757830925285816192626953125" lon="139.5371612347662448883056640625">
        <ele>40.59999847412109375</ele>
        <time>2026-08-10T09:53:34.000Z</time>
        <extensions>
          <ns3:TrackPointExtension>
            <ns3:hr>150</ns3:hr>
            <ns3:cad>78</ns3:cad>
          </ns3:TrackPointExtension>
        </extensions>
      </trkpt>
      <trkpt lat="35.7578374631702899932861328125" lon="139.53717791475355625152587890625">
        <ele>40.59999847412109375</ele>
        <time>2026-08-10T09:53:35.000Z</time>
        <extensions>
          <ns3:TrackPointExtension>
            <ns3:hr>149</ns3:hr>
            <ns3:cad>78</ns3:cad>
          </ns3:TrackPointExtension>
        </extensions>
      </trkpt>
      <trkpt lat="35.7578445039689540863037109375" lon="139.53719635494053363800048828125">
        <ele>40.59999847412109375</ele>
        <time>2026-08-10T09:53:36.000Z</time>
        <extensions>
          <ns3:TrackPointExtension>
            <ns3:hr>149</ns3:hr>
            <ns3:cad>80</ns3:cad>
          </ns3:TrackPointExtension>
        </extensions>
      </trkpt>
      <trkpt lat="35.7578532211482524871826171875" lon="139.53721345402300357818603515625">
        <ele>40.59999847412109375</ele>
        <time>2026-08-10T09:53:37.000Z</time>
        <extensions>
          <ns3:TrackPointExtension>
            <ns3:hr>149</ns3:hr>
            <ns3:cad>80</ns3:cad>
          </ns3:TrackPointExtension>
        </extensions>
      </trkpt>
      <trkpt lat="35.75786185450851917266845703125" lon="139.53723675571382045745849609375">
        <ele>40.59999847412109375</ele>
        <time>2026-08-10T09:53:38.000Z</time>
        <extensions>
          <ns3:TrackPointExtension>
            <ns3:hr>149</ns3:hr>
            <ns3:cad>79</ns3:cad>
          </ns3:TrackPointExtension>
        </extensions>
      </trkpt>
      <trkpt lat="35.75787157751619815826416015625" lon="139.5372581295669078826904296875">
        <ele>40.59999847412109375</ele>
        <time>2026-08-10T09:53:39.000Z</time>
        <extensions>
          <ns3:TrackPointExtension>
            <ns3:hr>148</ns3:hr>
            <ns3:cad>79</ns3:cad>
          </ns3:TrackPointExtension>
        </extensions>
      </trkpt>
      <trkpt lat="35.75787962414324283599853515625" lon="139.53727900050580501556396484375">
        <ele>40.59999847412109375</ele>
        <time>2026-08-10T09:53:40.000Z</time>
        <extensions>
          <ns3:TrackPointExtension>
            <ns3:hr>148</ns3:hr>
            <ns3:cad>79</ns3:cad>
          </ns3:TrackPointExtension>
        </extensions>
      </trkpt>
      <trkpt lat="35.75789161026477813720703125" lon="139.53729920089244842529296875">
        <ele>40.59999847412109375</ele>
        <time>2026-08-10T09:53:41.000Z</time>
        <extensions>
          <ns3:TrackPointExtension>
            <ns3:hr>148</ns3:hr>
            <ns3:cad>79</ns3:cad>
          </ns3:TrackPointExtension>
        </extensions>
      </trkpt>
      <trkpt lat="35.75790208764374256134033203125" lon="139.53732091002166271209716796875">
        <ele>40.59999847412109375</ele>
        <time>2026-08-10T09:53:42.000Z</time>
        <extensions>
          <ns3:TrackPointExtension>
            <ns3:hr>148</ns3:hr>
            <ns3:cad>79</ns3:cad>
          </ns3:TrackPointExtension>
        </extensions>
      </trkpt>
      <trkpt lat="35.75791306793689727783203125" lon="139.5373396016657352447509765625">
        <ele>40.59999847412109375</ele>
        <time>2026-08-10T09:53:43.000Z</time>
        <extensions>
          <ns3:TrackPointExtension>
            <ns3:hr>147</ns3:hr>
            <ns3:cad>80</ns3:cad>
          </ns3:TrackPointExtension>
        </extensions>
      </trkpt>
      <trkpt lat="35.75792924501001834869384765625" lon="139.5373577065765857696533203125">
        <ele>40.59999847412109375</ele>
        <time>2026-08-10T09:53:44.000Z</time>
        <extensions>
          <ns3:TrackPointExtension>
            <ns3:hr>147</ns3:hr>
            <ns3:cad>80</ns3:cad>
          </ns3:TrackPointExtension>
        </extensions>
      </trkpt>
      <trkpt lat="35.7579417340457439422607421875" lon="139.537377990782260894775390625">
        <ele>40.59999847412109375</ele>
        <time>2026-08-10T09:53:45.000Z</time>
        <extensions>
          <ns3:TrackPointExtension>
            <ns3:hr>147</ns3:hr>
            <ns3:cad>81</ns3:cad>
          </ns3:TrackPointExtension>
        </extensions>
      </trkpt>
      <trkpt lat="35.75795070268213748931884765625" lon="139.5373982749879360198974609375">
        <ele>40.59999847412109375</ele>
        <time>2026-08-10T09:53:46.000Z</time>
        <extensions>
          <ns3:TrackPointExtension>
            <ns3:hr>147</ns3:hr>
            <ns3:cad>81</ns3:cad>
          </ns3:TrackPointExtension>
        </extensions>
      </trkpt>
      <trkpt lat="35.7579566538333892822265625" lon="139.53741797246038913726806640625">
        <ele>40.799999237060546875</ele>
        <time>2026-08-10T09:53:47.000Z</time>
        <extensions>
          <ns3:TrackPointExtension>
            <ns3:hr>146</ns3:hr>
            <ns3:cad>81</ns3:cad>
          </ns3:TrackPointExtension>
        </extensions>
      </trkpt>
      <trkpt lat="35.75796729885041713714599609375" lon="139.53743624500930309295654296875">
        <ele>41</ele>
        <time>2026-08-10T09:53:48.000Z</time>
        <extensions>
          <ns3:TrackPointExtension>
            <ns3:hr>146</ns3:hr>
            <ns3:cad>81</ns3:cad>
          </ns3:TrackPointExtension>
        </extensions>
      </trkpt>
      <trkpt lat="35.7579772733151912689208984375" lon="139.53745300881564617156982421875">
        <ele>41</ele>
        <time>2026-08-10T09:53:49.000Z</time>
        <extensions>
          <ns3:TrackPointExtension>
            <ns3:hr>147</ns3:hr>
            <ns3:cad>81</ns3:cad>
          </ns3:TrackPointExtension>
        </extensions>
      </trkpt>
      <trkpt lat="35.75798372738063335418701171875" lon="139.53747429884970188140869140625">
        <ele>41.200000762939453125</ele>
        <time>2026-08-10T09:53:50.000Z</time>
        <extensions>
          <ns3:TrackPointExtension>
            <ns3:hr>147</ns3:hr>
            <ns3:cad>80</ns3:cad>
          </ns3:TrackPointExtension>
        </extensions>
      </trkpt>
      <trkpt lat="35.7579888403415679931640625" lon="139.537496007978916168212890625">
        <ele>41.200000762939453125</ele>
        <time>2026-08-10T09:53:51.000Z</time>
        <extensions>
          <ns3:TrackPointExtension>
            <ns3:hr>147</ns3:hr>
            <ns3:cad>80</ns3:cad>
          </ns3:TrackPointExtension>
        </extensions>
      </trkpt>
      <trkpt lat="35.75799680314958095550537109375" lon="139.53751687891781330108642578125">
        <ele>41.200000762939453125</ele>
        <time>2026-08-10T09:53:52.000Z</time>
        <extensions>
          <ns3:TrackPointExtension>
            <ns3:hr>147</ns3:hr>
            <ns3:cad>80</ns3:cad>
          </ns3:TrackPointExtension>
        </extensions>
      </trkpt>
      <trkpt lat="35.75800250284373760223388671875" lon="139.5375343970954418182373046875">
        <ele>41.59999847412109375</ele>
        <time>2026-08-10T09:53:53.000Z</time>
        <extensions>
          <ns3:TrackPointExtension>
            <ns3:hr>146</ns3:hr>
            <ns3:cad>79</ns3:cad>
          </ns3:TrackPointExtension>
        </extensions>
      </trkpt>
      <trkpt lat="35.75801591388881206512451171875" lon="139.53755141235888004302978515625">
        <ele>41.799999237060546875</ele>
        <time>2026-08-10T09:53:54.000Z</time>
        <extensions>
          <ns3:TrackPointExtension>
            <ns3:hr>146</ns3:hr>
            <ns3:cad>79</ns3:cad>
          </ns3:TrackPointExtension>
        </extensions>
      </trkpt>
      <trkpt lat="35.7580263912677764892578125" lon="139.53757069073617458343505859375">
        <ele>41.799999237060546875</ele>
        <time>2026-08-10T09:53:55.000Z</time>
        <extensions>
          <ns3:TrackPointExtension>
            <ns3:hr>146</ns3:hr>
            <ns3:cad>80</ns3:cad>
          </ns3:TrackPointExtension>
        </extensions>
      </trkpt>
      <trkpt lat="35.758034102618694305419921875" lon="139.53759248368442058563232421875">
        <ele>41.799999237060546875</ele>
        <time>2026-08-10T09:53:56.000Z</time>
        <extensions>
          <ns3:TrackPointExtension>
            <ns3:hr>146</ns3:hr>
            <ns3:cad>80</ns3:cad>
          </ns3:TrackPointExtension>
        </extensions>
      </trkpt>
      <trkpt lat="35.758039467036724090576171875" lon="139.5376138575375080108642578125">
        <ele>41.799999237060546875</ele>
        <time>2026-08-10T09:53:57.000Z</time>
        <extensions>
          <ns3:TrackPointExtension>
            <ns3:hr>146</ns3:hr>
            <ns3:cad>81</ns3:cad>
          </ns3:TrackPointExtension>
        </extensions>
      </trkpt>
      <trkpt lat="35.75804776512086391448974609375" lon="139.5376289449632167816162109375">
        <ele>41.799999237060546875</ele>
        <time>2026-08-10T09:53:58.000Z</time>
        <extensions>
          <ns3:TrackPointExtension>
            <ns3:hr>146</ns3:hr>
            <ns3:cad>81</ns3:cad>
          </ns3:TrackPointExtension>
        </extensions>
      </trkpt>
      <trkpt lat="35.75805363245308399200439453125" lon="139.5376430265605449676513671875">
        <ele>41.799999237060546875</ele>
        <time>2026-08-10T09:53:59.000Z</time>
        <extensions>
          <ns3:TrackPointExtension>
            <ns3:hr>146</ns3:hr>
            <ns3:cad>81</ns3:cad>
          </ns3:TrackPointExtension>
        </extensions>
      </trkpt>
      <trkpt lat="35.758065618574619293212890625" lon="139.53765752725303173065185546875">
        <ele>41.799999237060546875</ele>
        <time>2026-08-10T09:54:00.000Z</time>
        <extensions>
          <ns3:TrackPointExtension>
            <ns3:hr>146</ns3:hr>
            <ns3:cad>80</ns3:cad>
          </ns3:TrackPointExtension>
        </extensions>
      </trkpt>
      <trkpt lat="35.7580698095262050628662109375" lon="139.53766423277556896209716796875">
        <ele>41.799999237060546875</ele>
        <time>2026-08-10T09:54:01.000Z</time>
        <extensions>
          <ns3:TrackPointExtension>
            <ns3:hr>146</ns3:hr>
            <ns3:cad>80</ns3:cad>
          </ns3:TrackPointExtension>
        </extensions>
      </trkpt>
      <trkpt lat="35.75807710178196430206298828125" lon="139.53768501989543437957763671875">
        <ele>42</ele>
        <time>2026-08-10T09:54:02.000Z</time>
        <extensions>
          <ns3:TrackPointExtension>
            <ns3:hr>146</ns3:hr>
            <ns3:cad>80</ns3:cad>
          </ns3:TrackPointExtension>
        </extensions>
      </trkpt>
      <trkpt lat="35.7580879144370555877685546875" lon="139.537707231938838958740234375">
        <ele>42</ele>
        <time>2026-08-10T09:54:03.000Z</time>
        <extensions>
          <ns3:TrackPointExtension>
            <ns3:hr>146</ns3:hr>
            <ns3:cad>80</ns3:cad>
          </ns3:TrackPointExtension>
        </extensions>
      </trkpt>
      <trkpt lat="35.75809185393154621124267578125" lon="139.5377258397638797760009765625">
        <ele>42</ele>
        <time>2026-08-10T09:54:04.000Z</time>
        <extensions>
          <ns3:TrackPointExtension>
            <ns3:hr>146</ns3:hr>
            <ns3:cad>79</ns3:cad>
          </ns3:TrackPointExtension>
        </extensions>
      </trkpt>
      <trkpt lat="35.758099816739559173583984375" lon="139.5377466268837451934814453125">
        <ele>42</ele>
        <time>2026-08-10T09:54:05.000Z</time>
        <extensions>
          <ns3:TrackPointExtension>
            <ns3:hr>146</ns3:hr>
            <ns3:cad>79</ns3:cad>
          </ns3:TrackPointExtension>
        </extensions>
      </trkpt>
      <trkpt lat="35.75810308568179607391357421875" lon="139.53776883892714977264404296875">
        <ele>42</ele>
        <time>2026-08-10T09:54:06.000Z</time>
        <extensions>
          <ns3:TrackPointExtension>
            <ns3:hr>146</ns3:hr>
            <ns3:cad>80</ns3:cad>
          </ns3:TrackPointExtension>
        </extensions>
      </trkpt>
      <trkpt lat="35.75810752809047698974609375" lon="139.537797756493091583251953125">
        <ele>42</ele>
        <time>2026-08-10T09:54:07.000Z</time>
        <extensions>
          <ns3:TrackPointExtension>
            <ns3:hr>146</ns3:hr>
            <ns3:cad>80</ns3:cad>
          </ns3:TrackPointExtension>
        </extensions>
      </trkpt>
      <trkpt lat="35.7581100426614284515380859375" lon="139.53782851807773113250732421875">
        <ele>41.799999237060546875</ele>
        <time>2026-08-10T09:54:08.000Z</time>
        <extensions>
          <ns3:TrackPointExtension>
            <ns3:hr>146</ns3:hr>
            <ns3:cad>80</ns3:cad>
          </ns3:TrackPointExtension>
        </extensions>
      </trkpt>
      <trkpt lat="35.7581175863742828369140625" lon="139.5378492213785648345947265625">
        <ele>41.799999237060546875</ele>
        <time>2026-08-10T09:54:09.000Z</time>
        <extensions>
          <ns3:TrackPointExtension>
            <ns3:hr>146</ns3:hr>
            <ns3:cad>80</ns3:cad>
          </ns3:TrackPointExtension>
        </extensions>
      </trkpt>
      <trkpt lat="35.7581315003335475921630859375" lon="139.5378669910132884979248046875">
        <ele>41.59999847412109375</ele>
        <time>2026-08-10T09:54:10.000Z</time>
        <extensions>
          <ns3:TrackPointExtension>
            <ns3:hr>146</ns3:hr>
            <ns3:cad>81</ns3:cad>
          </ns3:TrackPointExtension>
        </extensions>
      </trkpt>
      <trkpt lat="35.75814164243638515472412109375" lon="139.53788735903799533843994140625">
        <ele>41.40000152587890625</ele>
        <time>2026-08-10T09:54:11.000Z</time>
        <extensions>
          <ns3:TrackPointExtension>
            <ns3:hr>145</ns3:hr>
            <ns3:cad>81</ns3:cad>
          </ns3:TrackPointExtension>
        </extensions>
      </trkpt>
      <trkpt lat="35.75814633630216121673583984375" lon="139.5379095710813999176025390625">
        <ele>41.200000762939453125</ele>
        <time>2026-08-10T09:54:12.000Z</time>
        <extensions>
          <ns3:TrackPointExtension>
            <ns3:hr>145</ns3:hr>
            <ns3:cad>81</ns3:cad>
          </ns3:TrackPointExtension>
        </extensions>
      </trkpt>
      <trkpt lat="35.75815312564373016357421875" lon="139.5379316993057727813720703125">
        <ele>41</ele>
        <time>2026-08-10T09:54:13.000Z</time>
        <extensions>
          <ns3:TrackPointExtension>
            <ns3:hr>145</ns3:hr>
            <ns3:cad>81</ns3:cad>
          </ns3:TrackPointExtension>
        </extensions>
      </trkpt>
      <trkpt lat="35.7581698894500732421875" lon="139.537938572466373443603515625">
        <ele>40.799999237060546875</ele>
        <time>2026-08-10T09:54:14.000Z</time>
        <extensions>
          <ns3:TrackPointExtension>
            <ns3:hr>145</ns3:hr>
            <ns3:cad>81</ns3:cad>
          </ns3:TrackPointExtension>
        </extensions>
      </trkpt>
      <trkpt lat="35.75817684642970561981201171875" lon="139.5379581861197948455810546875">
        <ele>40.799999237060546875</ele>
        <time>2026-08-10T09:54:15.000Z</time>
        <extensions>
          <ns3:TrackPointExtension>
            <ns3:hr>145</ns3:hr>
            <ns3:cad>81</ns3:cad>
          </ns3:TrackPointExtension>
        </extensions>
      </trkpt>
      <trkpt lat="35.758175589144229888916015625" lon="139.53799196518957614898681640625">
        <ele>40.799999237060546875</ele>
        <time>2026-08-10T09:54:16.000Z</time>
        <extensions>
          <ns3:TrackPointExtension>
            <ns3:hr>145</ns3:hr>
            <ns3:cad>81</ns3:cad>
          </ns3:TrackPointExtension>
        </extensions>
      </trkpt>
      <trkpt lat="35.75817994773387908935546875" lon="139.5380146801471710205078125">
        <ele>40.799999237060546875</ele>
        <time>2026-08-10T09:54:17.000Z</time>
        <extensions>
          <ns3:TrackPointExtension>
            <ns3:hr>145</ns3:hr>
            <ns3:cad>81</ns3:cad>
          </ns3:TrackPointExtension>
        </extensions>
      </trkpt>
      <trkpt lat="35.75817969627678394317626953125" lon="139.538035131990909576416015625">
        <ele>40.799999237060546875</ele>
        <time>2026-08-10T09:54:18.000Z</time>
        <extensions>
          <ns3:TrackPointExtension>
            <ns3:hr>145</ns3:hr>
            <ns3:cad>80</ns3:cad>
          </ns3:TrackPointExtension>
        </extensions>
      </trkpt>
      <trkpt lat="35.7581881619989871978759765625" lon="139.53805290162563323974609375">
        <ele>40.799999237060546875</ele>
        <time>2026-08-10T09:54:19.000Z</time>
        <extensions>
          <ns3:TrackPointExtension>
            <ns3:hr>145</ns3:hr>
            <ns3:cad>80</ns3:cad>
          </ns3:TrackPointExtension>
        </extensions>
      </trkpt>
      <trkpt lat="35.75819738209247589111328125" lon="139.53806790523231029510498046875">
        <ele>40.799999237060546875</ele>
        <time>2026-08-10T09:54:20.000Z</time>
        <extensions>
          <ns3:TrackPointExtension>
            <ns3:hr>145</ns3:hr>
            <ns3:cad>80</ns3:cad>
          </ns3:TrackPointExtension>
        </extensions>
      </trkpt>
      <trkpt lat="35.75820744037628173828125" lon="139.5380822382867336273193359375">
        <ele>40.799999237060546875</ele>
        <time>2026-08-10T09:54:21.000Z</time>
        <extensions>
          <ns3:TrackPointExtension>
            <ns3:hr>144</ns3:hr>
            <ns3:cad>81</ns3:cad>
          </ns3:TrackPointExtension>
        </extensions>
      </trkpt>
      <trkpt lat="35.758211128413677215576171875" lon="139.53810445033013820648193359375">
        <ele>40.799999237060546875</ele>
        <time>2026-08-10T09:54:22.000Z</time>
        <extensions>
          <ns3:TrackPointExtension>
            <ns3:hr>144</ns3:hr>
            <ns3:cad>81</ns3:cad>
          </ns3:TrackPointExtension>
        </extensions>
      </trkpt>
      <trkpt lat="35.75821825303137302398681640625" lon="139.5381218008697032928466796875">
        <ele>40.799999237060546875</ele>
        <time>2026-08-10T09:54:23.000Z</time>
        <extensions>
          <ns3:TrackPointExtension>
            <ns3:hr>144</ns3:hr>
            <ns3:cad>80</ns3:cad>
          </ns3:TrackPointExtension>
        </extensions>
      </trkpt>
      <trkpt lat="35.75822747312486171722412109375" lon="139.5381395705044269561767578125">
        <ele>40.799999237060546875</ele>
        <time>2026-08-10T09:54:24.000Z</time>
        <extensions>
          <ns3:TrackPointExtension>
            <ns3:hr>143</ns3:hr>
            <ns3:cad>79</ns3:cad>
          </ns3:TrackPointExtension>
        </extensions>
      </trkpt>
      <trkpt lat="35.75823736377060413360595703125" lon="139.53815750777721405029296875">
        <ele>40.59999847412109375</ele>
        <time>2026-08-10T09:54:25.000Z</time>
        <extensions>
          <ns3:TrackPointExtension>
            <ns3:hr>143</ns3:hr>
            <ns3:cad>79</ns3:cad>
          </ns3:TrackPointExtension>
        </extensions>
      </trkpt>
      <trkpt lat="35.758261419832706451416015625" lon="139.53816446475684642791748046875">
        <ele>40.40000152587890625</ele>
        <time>2026-08-10T09:54:26.000Z</time>
        <extensions>
          <ns3:TrackPointExtension>
            <ns3:hr>142</ns3:hr>
            <ns3:cad>79</ns3:cad>
          </ns3:TrackPointExtension>
        </extensions>
      </trkpt>
      <trkpt lat="35.75828145258128643035888671875" lon="139.53817033208906650543212890625">
        <ele>40.40000152587890625</ele>
        <time>2026-08-10T09:54:27.000Z</time>
        <extensions>
          <ns3:TrackPointExtension>
            <ns3:hr>142</ns3:hr>
            <ns3:cad>79</ns3:cad>
          </ns3:TrackPointExtension>
        </extensions>
      </trkpt>
      <trkpt lat="35.75829285196959972381591796875" lon="139.538183324038982391357421875">
        <ele>40.200000762939453125</ele>
        <time>2026-08-10T09:54:28.000Z</time>
        <extensions>
          <ns3:TrackPointExtension>
            <ns3:hr>142</ns3:hr>
            <ns3:cad>79</ns3:cad>
          </ns3:TrackPointExtension>
        </extensions>
      </trkpt>
      <trkpt lat="35.75830358080565929412841796875" lon="139.538193047046661376953125">
        <ele>40.200000762939453125</ele>
        <time>2026-08-10T09:54:29.000Z</time>
        <extensions>
          <ns3:TrackPointExtension>
            <ns3:hr>141</ns3:hr>
            <ns3:cad>79</ns3:cad>
          </ns3:TrackPointExtension>
        </extensions>
      </trkpt>
      <trkpt lat="35.75831078924238681793212890625" lon="139.538203440606594085693359375">
        <ele>40.200000762939453125</ele>
        <time>2026-08-10T09:54:30.000Z</time>
        <extensions>
          <ns3:TrackPointExtension>
            <ns3:hr>141</ns3:hr>
            <ns3:cad>80</ns3:cad>
          </ns3:TrackPointExtension>
        </extensions>
      </trkpt>
      <trkpt lat="35.7583222724497318267822265625" lon="139.538222886621952056884765625">
        <ele>40.40000152587890625</ele>
        <time>2026-08-10T09:54:31.000Z</time>
        <extensions>
          <ns3:TrackPointExtension>
            <ns3:hr>141</ns3:hr>
            <ns3:cad>80</ns3:cad>
          </ns3:TrackPointExtension>
        </extensions>
      </trkpt>
      <trkpt lat="35.7583333365619182586669921875" lon="139.538236968219280242919921875">
        <ele>40.799999237060546875</ele>
        <time>2026-08-10T09:54:32.000Z</time>
        <extensions>
          <ns3:TrackPointExtension>
            <ns3:hr>141</ns3:hr>
            <ns3:cad>79</ns3:cad>
          </ns3:TrackPointExtension>
        </extensions>
      </trkpt>
      <trkpt lat="35.7583447359502315521240234375" lon="139.538252390921115875244140625">
        <ele>40.799999237060546875</ele>
        <time>2026-08-10T09:54:33.000Z</time>
        <extensions>
          <ns3:TrackPointExtension>
            <ns3:hr>140</ns3:hr>
            <ns3:cad>79</ns3:cad>
          </ns3:TrackPointExtension>
        </extensions>
      </trkpt>
      <trkpt lat="35.75835571624338626861572265625" lon="139.53826940618455410003662109375">
        <ele>40.799999237060546875</ele>
        <time>2026-08-10T09:54:34.000Z</time>
        <extensions>
          <ns3:TrackPointExtension>
            <ns3:hr>140</ns3:hr>
            <ns3:cad>79</ns3:cad>
          </ns3:TrackPointExtension>
        </extensions>
      </trkpt>
      <trkpt lat="35.75836141593754291534423828125" lon="139.538286589086055755615234375">
        <ele>40.799999237060546875</ele>
        <time>2026-08-10T09:54:35.000Z</time>
        <extensions>
          <ns3:TrackPointExtension>
            <ns3:hr>140</ns3:hr>
            <ns3:cad>78</ns3:cad>
          </ns3:TrackPointExtension>
        </extensions>
      </trkpt>
      <trkpt lat="35.75836543925106525421142578125" lon="139.5383021794259548187255859375">
        <ele>40.799999237060546875</ele>
        <time>2026-08-10T09:54:36.000Z</time>
        <extensions>
          <ns3:TrackPointExtension>
            <ns3:hr>140</ns3:hr>
            <ns3:cad>78</ns3:cad>
          </ns3:TrackPointExtension>
        </extensions>
      </trkpt>
      <trkpt lat="35.75836837291717529296875" lon="139.5383177697658538818359375">
        <ele>40.799999237060546875</ele>
        <time>2026-08-10T09:54:37.000Z</time>
        <extensions>
          <ns3:TrackPointExtension>
            <ns3:hr>140</ns3:hr>
            <ns3:cad>79</ns3:cad>
          </ns3:TrackPointExtension>
        </extensions>
      </trkpt>
      <trkpt lat="35.75837298296391963958740234375" lon="139.538336209952831268310546875">
        <ele>40.799999237060546875</ele>
        <time>2026-08-10T09:54:38.000Z</time>
        <extensions>
          <ns3:TrackPointExtension>
            <ns3:hr>140</ns3:hr>
            <ns3:cad>80</ns3:cad>
          </ns3:TrackPointExtension>
        </extensions>
      </trkpt>
      <trkpt lat="35.758376419544219970703125" lon="139.538349620997905731201171875">
        <ele>40.799999237060546875</ele>
        <time>2026-08-10T09:54:39.000Z</time>
        <extensions>
          <ns3:TrackPointExtension>
            <ns3:hr>140</ns3:hr>
            <ns3:cad>80</ns3:cad>
          </ns3:TrackPointExtension>
        </extensions>
      </trkpt>
      <trkpt lat="35.7583903335034847259521484375" lon="139.5383675582706928253173828125">
        <ele>40.799999237060546875</ele>
        <time>2026-08-10T09:54:40.000Z</time>
        <extensions>
          <ns3:TrackPointExtension>
            <ns3:hr>140</ns3:hr>
            <ns3:cad>79</ns3:cad>
          </ns3:TrackPointExtension>
        </extensions>
      </trkpt>
      <trkpt lat="35.75840131379663944244384765625" lon="139.53838440589606761932373046875">
        <ele>40.799999237060546875</ele>
        <time>2026-08-10T09:54:41.000Z</time>
        <extensions>
          <ns3:TrackPointExtension>
            <ns3:hr>140</ns3:hr>
            <ns3:cad>78</ns3:cad>
          </ns3:TrackPointExtension>
        </extensions>
      </trkpt>
      <trkpt lat="35.75841556303203105926513671875" lon="139.53839630819857120513916015625">
        <ele>40.799999237060546875</ele>
        <time>2026-08-10T09:54:42.000Z</time>
        <extensions>
          <ns3:TrackPointExtension>
            <ns3:hr>140</ns3:hr>
            <ns3:cad>77</ns3:cad>
          </ns3:TrackPointExtension>
        </extensions>
      </trkpt>
      <trkpt lat="35.75843618251383304595947265625" lon="139.53840686939656734466552734375">
        <ele>40.59999847412109375</ele>
        <time>2026-08-10T09:54:43.000Z</time>
        <extensions>
          <ns3:TrackPointExtension>
            <ns3:hr>140</ns3:hr>
            <ns3:cad>77</ns3:cad>
          </ns3:TrackPointExtension>
        </extensions>
      </trkpt>
      <trkpt lat="35.75843919999897480010986328125" lon="139.53842832706868648529052734375">
        <ele>40.59999847412109375</ele>
        <time>2026-08-10T09:54:44.000Z</time>
        <extensions>
          <ns3:TrackPointExtension>
            <ns3:hr>139</ns3:hr>
            <ns3:cad>77</ns3:cad>
          </ns3:TrackPointExtension>
        </extensions>
      </trkpt>
      <trkpt lat="35.758446156978607177734375" lon="139.5384446717798709869384765625">
        <ele>40.59999847412109375</ele>
        <time>2026-08-10T09:54:45.000Z</time>
        <extensions>
          <ns3:TrackPointExtension>
            <ns3:hr>139</ns3:hr>
            <ns3:cad>77</ns3:cad>
          </ns3:TrackPointExtension>
        </extensions>
      </trkpt>
      <trkpt lat="35.7584540359675884246826171875" lon="139.53846051357686519622802734375">
        <ele>40.59999847412109375</ele>
        <time>2026-08-10T09:54:46.000Z</time>
        <extensions>
          <ns3:TrackPointExtension>
            <ns3:hr>139</ns3:hr>
            <ns3:cad>78</ns3:cad>
          </ns3:TrackPointExtension>
        </extensions>
      </trkpt>
      <trkpt lat="35.7584609091281890869140625" lon="139.5384815521538257598876953125">
        <ele>40.59999847412109375</ele>
        <time>2026-08-10T09:54:47.000Z</time>
        <extensions>
          <ns3:TrackPointExtension>
            <ns3:hr>139</ns3:hr>
            <ns3:cad>78</ns3:cad>
          </ns3:TrackPointExtension>
        </extensions>
      </trkpt>
      <trkpt lat="35.75847071595489978790283203125" lon="139.53849186189472675323486328125">
        <ele>40.59999847412109375</ele>
        <time>2026-08-10T09:54:48.000Z</time>
        <extensions>
          <ns3:TrackPointExtension>
            <ns3:hr>138</ns3:hr>
            <ns3:cad>79</ns3:cad>
          </ns3:TrackPointExtension>
        </extensions>
      </trkpt>
      <trkpt lat="35.75847557745873928070068359375" lon="139.53851013444364070892333984375">
        <ele>40.59999847412109375</ele>
        <time>2026-08-10T09:54:49.000Z</time>
        <extensions>
          <ns3:TrackPointExtension>
            <ns3:hr>138</ns3:hr>
            <ns3:cad>79</ns3:cad>
          </ns3:TrackPointExtension>
        </extensions>
      </trkpt>
      <trkpt lat="35.758476667106151580810546875" lon="139.53853175975382328033447265625">
        <ele>40.59999847412109375</ele>
        <time>2026-08-10T09:54:50.000Z</time>
        <extensions>
          <ns3:TrackPointExtension>
            <ns3:hr>138</ns3:hr>
            <ns3:cad>78</ns3:cad>
          </ns3:TrackPointExtension>
        </extensions>
      </trkpt>
      <trkpt lat="35.75847893022000789642333984375" lon="139.5385486073791980743408203125">
        <ele>40.59999847412109375</ele>
        <time>2026-08-10T09:54:51.000Z</time>
        <extensions>
          <ns3:TrackPointExtension>
            <ns3:hr>137</ns3:hr>
            <ns3:cad>78</ns3:cad>
          </ns3:TrackPointExtension>
        </extensions>
      </trkpt>
      <trkpt lat="35.75848580338060855865478515625" lon="139.53857299871742725372314453125">
        <ele>40.59999847412109375</ele>
        <time>2026-08-10T09:54:52.000Z</time>
        <extensions>
          <ns3:TrackPointExtension>
            <ns3:hr>137</ns3:hr>
            <ns3:cad>79</ns3:cad>
          </ns3:TrackPointExtension>
        </extensions>
      </trkpt>
      <trkpt lat="35.75848949141800403594970703125" lon="139.538595043122768402099609375">
        <ele>40.59999847412109375</ele>
        <time>2026-08-10T09:54:53.000Z</time>
        <extensions>
          <ns3:TrackPointExtension>
            <ns3:hr>137</ns3:hr>
            <ns3:cad>79</ns3:cad>
          </ns3:TrackPointExtension>
        </extensions>
      </trkpt>
      <trkpt lat="35.7584957778453826904296875" lon="139.53861214220523834228515625">
        <ele>40.59999847412109375</ele>
        <time>2026-08-10T09:54:54.000Z</time>
        <extensions>
          <ns3:TrackPointExtension>
            <ns3:hr>137</ns3:hr>
            <ns3:cad>78</ns3:cad>
          </ns3:TrackPointExtension>
        </extensions>
      </trkpt>
      <trkpt lat="35.75850944034755229949951171875" lon="139.53861809335649013519287109375">
        <ele>40.59999847412109375</ele>
        <time>2026-08-10T09:54:55.000Z</time>
        <extensions>
          <ns3:TrackPointExtension>
            <ns3:hr>137</ns3:hr>
            <ns3:cad>78</ns3:cad>
          </ns3:TrackPointExtension>
        </extensions>
      </trkpt>
      <trkpt lat="35.7585244439542293548583984375" lon="139.53861960209906101226806640625">
        <ele>40.59999847412109375</ele>
        <time>2026-08-10T09:54:56.000Z</time>
        <extensions>
          <ns3:TrackPointExtension>
            <ns3:hr>137</ns3:hr>
            <ns3:cad>78</ns3:cad>
          </ns3:TrackPointExtension>
        </extensions>
      </trkpt>
      <trkpt lat="35.75854078866541385650634765625" lon="139.53862287104129791259765625">
        <ele>40.799999237060546875</ele>
        <time>2026-08-10T09:54:57.000Z</time>
        <extensions>
          <ns3:TrackPointExtension>
            <ns3:hr>137</ns3:hr>
            <ns3:cad>78</ns3:cad>
          </ns3:TrackPointExtension>
        </extensions>
      </trkpt>
      <trkpt lat="35.75854581780731678009033203125" lon="139.53863971866667270660400390625">
        <ele>40.799999237060546875</ele>
        <time>2026-08-10T09:54:58.000Z</time>
        <extensions>
          <ns3:TrackPointExtension>
            <ns3:hr>137</ns3:hr>
            <ns3:cad>78</ns3:cad>
          </ns3:TrackPointExtension>
        </extensions>
      </trkpt>
      <trkpt lat="35.7585519365966320037841796875" lon="139.5386622659862041473388671875">
        <ele>40.799999237060546875</ele>
        <time>2026-08-10T09:54:59.000Z</time>
        <extensions>
          <ns3:TrackPointExtension>
            <ns3:hr>137</ns3:hr>
            <ns3:cad>78</ns3:cad>
          </ns3:TrackPointExtension>
        </extensions>
      </trkpt>
      <trkpt lat="35.75855403207242488861083984375" lon="139.53869738616049289703369140625">
        <ele>40.799999237060546875</ele>
        <time>2026-08-10T09:55:00.000Z</time>
        <extensions>
          <ns3:TrackPointExtension>
            <ns3:hr>137</ns3:hr>
            <ns3:cad>79</ns3:cad>
          </ns3:TrackPointExtension>
        </extensions>
      </trkpt>
      <trkpt lat="35.75855948030948638916015625" lon="139.53872085548937320709228515625">
        <ele>40.799999237060546875</ele>
        <time>2026-08-10T09:55:01.000Z</time>
        <extensions>
          <ns3:TrackPointExtension>
            <ns3:hr>137</ns3:hr>
            <ns3:cad>79</ns3:cad>
          </ns3:TrackPointExtension>
        </extensions>
      </trkpt>
      <trkpt lat="35.75856358744204044342041015625" lon="139.5387410558760166168212890625">
        <ele>40.799999237060546875</ele>
        <time>2026-08-10T09:55:02.000Z</time>
        <extensions>
          <ns3:TrackPointExtension>
            <ns3:hr>136</ns3:hr>
            <ns3:cad>78</ns3:cad>
          </ns3:TrackPointExtension>
        </extensions>
      </trkpt>
      <trkpt lat="35.75857196934521198272705078125" lon="139.5387544669210910797119140625">
        <ele>40.59999847412109375</ele>
        <time>2026-08-10T09:55:03.000Z</time>
        <extensions>
          <ns3:TrackPointExtension>
            <ns3:hr>136</ns3:hr>
            <ns3:cad>77</ns3:cad>
          </ns3:TrackPointExtension>
        </extensions>
      </trkpt>
      <trkpt lat="35.75857481919229030609130859375" lon="139.53877600841224193572998046875">
        <ele>40.59999847412109375</ele>
        <time>2026-08-10T09:55:04.000Z</time>
        <extensions>
          <ns3:TrackPointExtension>
            <ns3:hr>136</ns3:hr>
            <ns3:cad>77</ns3:cad>
          </ns3:TrackPointExtension>
        </extensions>
      </trkpt>
      <trkpt lat="35.7585794292390346527099609375" lon="139.538793526589870452880859375">
        <ele>40.59999847412109375</ele>
        <time>2026-08-10T09:55:05.000Z</time>
        <extensions>
          <ns3:TrackPointExtension>
            <ns3:hr>136</ns3:hr>
            <ns3:cad>78</ns3:cad>
          </ns3:TrackPointExtension>
        </extensions>
      </trkpt>
      <trkpt lat="35.75858320109546184539794921875" lon="139.5388121344149112701416015625">
        <ele>40.59999847412109375</ele>
        <time>2026-08-10T09:55:06.000Z</time>
        <extensions>
          <ns3:TrackPointExtension>
            <ns3:hr>136</ns3:hr>
            <ns3:cad>78</ns3:cad>
          </ns3:TrackPointExtension>
        </extensions>
      </trkpt>
      <trkpt lat="35.75858420692384243011474609375" lon="139.53882931731641292572021484375">
        <ele>40.59999847412109375</ele>
        <time>2026-08-10T09:55:07.000Z</time>
        <extensions>
          <ns3:TrackPointExtension>
            <ns3:hr>136</ns3:hr>
            <ns3:cad>80</ns3:cad>
          </ns3:TrackPointExtension>
        </extensions>
      </trkpt>
      <trkpt lat="35.758596695959568023681640625" lon="139.5388423092663288116455078125">
        <ele>40.59999847412109375</ele>
        <time>2026-08-10T09:55:08.000Z</time>
        <extensions>
          <ns3:TrackPointExtension>
            <ns3:hr>135</ns3:hr>
            <ns3:cad>80</ns3:cad>
          </ns3:TrackPointExtension>
        </extensions>
      </trkpt>
      <trkpt lat="35.75860968790948390960693359375" lon="139.5388520322740077972412109375">
        <ele>40.59999847412109375</ele>
        <time>2026-08-10T09:55:09.000Z</time>
        <extensions>
          <ns3:TrackPointExtension>
            <ns3:hr>135</ns3:hr>
            <ns3:cad>78</ns3:cad>
          </ns3:TrackPointExtension>
        </extensions>
      </trkpt>
      <trkpt lat="35.75862276367843151092529296875" lon="139.5388649404048919677734375">
        <ele>40.59999847412109375</ele>
        <time>2026-08-10T09:55:10.000Z</time>
        <extensions>
          <ns3:TrackPointExtension>
            <ns3:hr>135</ns3:hr>
            <ns3:cad>78</ns3:cad>
          </ns3:TrackPointExtension>
        </extensions>
      </trkpt>
      <trkpt lat="35.7586434669792652130126953125" lon="139.53886368311941623687744140625">
        <ele>40.59999847412109375</ele>
        <time>2026-08-10T09:55:11.000Z</time>
        <extensions>
          <ns3:TrackPointExtension>
            <ns3:hr>135</ns3:hr>
            <ns3:cad>77</ns3:cad>
          </ns3:TrackPointExtension>
        </extensions>
      </trkpt>
      <trkpt lat="35.75866316445171833038330078125" lon="139.53885965980589389801025390625">
        <ele>40.59999847412109375</ele>
        <time>2026-08-10T09:55:12.000Z</time>
        <extensions>
          <ns3:TrackPointExtension>
            <ns3:hr>135</ns3:hr>
            <ns3:cad>77</ns3:cad>
          </ns3:TrackPointExtension>
        </extensions>
      </trkpt>
      <trkpt lat="35.75866702012717723846435546875" lon="139.5388795249164104461669921875">
        <ele>40.59999847412109375</ele>
        <time>2026-08-10T09:55:13.000Z</time>
        <extensions>
          <ns3:TrackPointExtension>
            <ns3:hr>135</ns3:hr>
            <ns3:cad>79</ns3:cad>
          </ns3:TrackPointExtension>
        </extensions>
      </trkpt>
      <trkpt lat="35.7586726360023021697998046875" lon="139.53890450298786163330078125">
        <ele>40.59999847412109375</ele>
        <time>2026-08-10T09:55:14.000Z</time>
        <extensions>
          <ns3:TrackPointExtension>
            <ns3:hr>135</ns3:hr>
            <ns3:cad>79</ns3:cad>
          </ns3:TrackPointExtension>
        </extensions>
      </trkpt>
      <trkpt lat="35.7586733065545558929443359375" lon="139.5389293134212493896484375">
        <ele>40.59999847412109375</ele>
        <time>2026-08-10T09:55:15.000Z</time>
        <extensions>
          <ns3:TrackPointExtension>
            <ns3:hr>136</ns3:hr>
            <ns3:cad>77</ns3:cad>
          </ns3:TrackPointExtension>
        </extensions>
      </trkpt>
      <trkpt lat="35.75868227519094944000244140625" lon="139.53895336948335170745849609375">
        <ele>40.799999237060546875</ele>
        <time>2026-08-10T09:55:16.000Z</time>
        <extensions>
          <ns3:TrackPointExtension>
            <ns3:hr>136</ns3:hr>
            <ns3:cad>77</ns3:cad>
          </ns3:TrackPointExtension>
        </extensions>
      </trkpt>
      <trkpt lat="35.758696608245372772216796875" lon="139.53896510414779186248779296875">
        <ele>40.799999237060546875</ele>
        <time>2026-08-10T09:55:17.000Z</time>
        <extensions>
          <ns3:TrackPointExtension>
            <ns3:hr>136</ns3:hr>
            <ns3:cad>77</ns3:cad>
          </ns3:TrackPointExtension>
        </extensions>
      </trkpt>
      <trkpt lat="35.75870792381465435028076171875" lon="139.53898186795413494110107421875">
        <ele>40.799999237060546875</ele>
        <time>2026-08-10T09:55:18.000Z</time>
        <extensions>
          <ns3:TrackPointExtension>
            <ns3:hr>137</ns3:hr>
            <ns3:cad>77</ns3:cad>
          </ns3:TrackPointExtension>
        </extensions>
      </trkpt>
      <trkpt lat="35.75872083194553852081298828125" lon="139.53899159096181392669677734375">
        <ele>40.799999237060546875</ele>
        <time>2026-08-10T09:55:19.000Z</time>
        <extensions>
          <ns3:TrackPointExtension>
            <ns3:hr>137</ns3:hr>
            <ns3:cad>77</ns3:cad>
          </ns3:TrackPointExtension>
        </extensions>
      </trkpt>
      <trkpt lat="35.75873323716223239898681640625" lon="139.5390059240162372589111328125">
        <ele>41</ele>
        <time>2026-08-10T09:55:20.000Z</time>
        <extensions>
          <ns3:TrackPointExtension>
            <ns3:hr>138</ns3:hr>
            <ns3:cad>77</ns3:cad>
          </ns3:TrackPointExtension>
        </extensions>
      </trkpt>
      <trkpt lat="35.75874296016991138458251953125" lon="139.5390193350613117218017578125">
        <ele>41</ele>
        <time>2026-08-10T09:55:21.000Z</time>
        <extensions>
          <ns3:TrackPointExtension>
            <ns3:hr>138</ns3:hr>
            <ns3:cad>78</ns3:cad>
          </ns3:TrackPointExtension>
        </extensions>
      </trkpt>
      <trkpt lat="35.7587544433772563934326171875" lon="139.5390273816883563995361328125">
        <ele>41</ele>
        <time>2026-08-10T09:55:22.000Z</time>
        <extensions>
          <ns3:TrackPointExtension>
            <ns3:hr>138</ns3:hr>
            <ns3:cad>78</ns3:cad>
          </ns3:TrackPointExtension>
        </extensions>
      </trkpt>
      <trkpt lat="35.75876626186072826385498046875" lon="139.539035260677337646484375">
        <ele>41.200000762939453125</ele>
        <time>2026-08-10T09:55:23.000Z</time>
        <extensions>
          <ns3:TrackPointExtension>
            <ns3:hr>138</ns3:hr>
            <ns3:cad>77</ns3:cad>
          </ns3:TrackPointExtension>
        </extensions>
      </trkpt>
      <trkpt lat="35.75878235511481761932373046875" lon="139.539047665894031524658203125">
        <ele>41.200000762939453125</ele>
        <time>2026-08-10T09:55:24.000Z</time>
        <extensions>
          <ns3:TrackPointExtension>
            <ns3:hr>138</ns3:hr>
            <ns3:cad>77</ns3:cad>
          </ns3:TrackPointExtension>
        </extensions>
      </trkpt>
      <trkpt lat="35.7587935030460357666015625" lon="139.539054371416568756103515625">
        <ele>41.40000152587890625</ele>
        <time>2026-08-10T09:55:25.000Z</time>
        <extensions>
          <ns3:TrackPointExtension>
            <ns3:hr>138</ns3:hr>
            <ns3:cad>77</ns3:cad>
          </ns3:TrackPointExtension>
        </extensions>
      </trkpt>
      <trkpt lat="35.75879392214119434356689453125" lon="139.539055712521076202392578125">
        <ele>41.40000152587890625</ele>
        <time>2026-08-10T09:55:26.000Z</time>
        <extensions>
          <ns3:TrackPointExtension>
            <ns3:hr>138</ns3:hr>
            <ns3:cad>78</ns3:cad>
          </ns3:TrackPointExtension>
        </extensions>
      </trkpt>
      <trkpt lat="35.758787132799625396728515625" lon="139.5390553772449493408203125">
        <ele>41.40000152587890625</ele>
        <time>2026-08-10T09:55:27.000Z</time>
        <extensions>
          <ns3:TrackPointExtension>
            <ns3:hr>138</ns3:hr>
            <ns3:cad>78</ns3:cad>
          </ns3:TrackPointExtension>
        </extensions>
      </trkpt>
      <trkpt lat="35.7587792538106441497802734375" lon="139.539043642580509185791015625">
        <ele>41.799999237060546875</ele>
        <time>2026-08-10T09:55:28.000Z</time>
        <extensions>
          <ns3:TrackPointExtension>
            <ns3:hr>138</ns3:hr>
            <ns3:cad>78</ns3:cad>
          </ns3:TrackPointExtension>
        </extensions>
      </trkpt>
      <trkpt lat="35.75877397321164608001708984375" lon="139.539029560983180999755859375">
        <ele>42.200000762939453125</ele>
        <time>2026-08-10T09:55:29.000Z</time>
        <extensions>
          <ns3:TrackPointExtension>
            <ns3:hr>138</ns3:hr>
            <ns3:cad>78</ns3:cad>
          </ns3:TrackPointExtension>
        </extensions>
      </trkpt>
      <trkpt lat="35.7587658427655696868896484375" lon="139.53901153989136219024658203125">
        <ele>42.40000152587890625</ele>
        <time>2026-08-10T09:55:30.000Z</time>
        <extensions>
          <ns3:TrackPointExtension>
            <ns3:hr>138</ns3:hr>
            <ns3:cad>78</ns3:cad>
          </ns3:TrackPointExtension>
        </extensions>
      </trkpt>
      <trkpt lat="35.75875603593885898590087890625" lon="139.53899829648435115814208984375">
        <ele>42.59999847412109375</ele>
        <time>2026-08-10T09:55:31.000Z</time>
        <extensions>
          <ns3:TrackPointExtension>
            <ns3:hr>138</ns3:hr>
            <ns3:cad>78</ns3:cad>
          </ns3:TrackPointExtension>
        </extensions>
      </trkpt>
      <trkpt lat="35.75874480418860912322998046875" lon="139.53898589126765727996826171875">
        <ele>42.59999847412109375</ele>
        <time>2026-08-10T09:55:32.000Z</time>
        <extensions>
          <ns3:TrackPointExtension>
            <ns3:hr>137</ns3:hr>
            <ns3:cad>78</ns3:cad>
          </ns3:TrackPointExtension>
        </extensions>
      </trkpt>
      <trkpt lat="35.758734829723834991455078125" lon="139.5389747433364391326904296875">
        <ele>42.59999847412109375</ele>
        <time>2026-08-10T09:55:33.000Z</time>
        <extensions>
          <ns3:TrackPointExtension>
            <ns3:hr>137</ns3:hr>
            <ns3:cad>78</ns3:cad>
          </ns3:TrackPointExtension>
        </extensions>
      </trkpt>
      <trkpt lat="35.75872016139328479766845703125" lon="139.53896124847233295440673828125">
        <ele>42.59999847412109375</ele>
        <time>2026-08-10T09:55:34.000Z</time>
        <extensions>
          <ns3:TrackPointExtension>
            <ns3:hr>137</ns3:hr>
            <ns3:cad>79</ns3:cad>
          </ns3:TrackPointExtension>
        </extensions>
      </trkpt>
      <trkpt lat="35.7587049901485443115234375" lon="139.53895471058785915374755859375">
        <ele>42.59999847412109375</ele>
        <time>2026-08-10T09:55:35.000Z</time>
        <extensions>
          <ns3:TrackPointExtension>
            <ns3:hr>137</ns3:hr>
            <ns3:cad>79</ns3:cad>
          </ns3:TrackPointExtension>
        </extensions>
      </trkpt>
      <trkpt lat="35.75869417749345302581787109375" lon="139.53894448466598987579345703125">
        <ele>42.40000152587890625</ele>
        <time>2026-08-10T09:55:36.000Z</time>
        <extensions>
          <ns3:TrackPointExtension>
            <ns3:hr>137</ns3:hr>
            <ns3:cad>78</ns3:cad>
          </ns3:TrackPointExtension>
        </extensions>
      </trkpt>
      <trkpt lat="35.75868093408644199371337890625" lon="139.538938701152801513671875">
        <ele>42.200000762939453125</ele>
        <time>2026-08-10T09:55:37.000Z</time>
        <extensions>
          <ns3:TrackPointExtension>
            <ns3:hr>136</ns3:hr>
            <ns3:cad>78</ns3:cad>
          </ns3:TrackPointExtension>
        </extensions>
      </trkpt>
      <trkpt lat="35.758671797811985015869140625" lon="139.53892101533710956573486328125">
        <ele>42</ele>
        <time>2026-08-10T09:55:38.000Z</time>
        <extensions>
          <ns3:TrackPointExtension>
            <ns3:hr>136</ns3:hr>
            <ns3:cad>76</ns3:cad>
          </ns3:TrackPointExtension>
        </extensions>
      </trkpt>
      <trkpt lat="35.75866048224270343780517578125" lon="139.53890944831073284149169921875">
        <ele>42</ele>
        <time>2026-08-10T09:55:39.000Z</time>
        <extensions>
          <ns3:TrackPointExtension>
            <ns3:hr>136</ns3:hr>
            <ns3:cad>76</ns3:cad>
          </ns3:TrackPointExtension>
        </extensions>
      </trkpt>
      <trkpt lat="35.7586461491882801055908203125" lon="139.53889913856983184814453125">
        <ele>41.799999237060546875</ele>
        <time>2026-08-10T09:55:40.000Z</time>
        <extensions>
          <ns3:TrackPointExtension>
            <ns3:hr>135</ns3:hr>
            <ns3:cad>76</ns3:cad>
          </ns3:TrackPointExtension>
        </extensions>
      </trkpt>
      <trkpt lat="35.75863600708544254302978515625" lon="139.538883380591869354248046875">
        <ele>41.59999847412109375</ele>
        <time>2026-08-10T09:55:41.000Z</time>
        <extensions>
          <ns3:TrackPointExtension>
            <ns3:hr>135</ns3:hr>
            <ns3:cad>77</ns3:cad>
          </ns3:TrackPointExtension>
        </extensions>
      </trkpt>
      <trkpt lat="35.7586240209639072418212890625" lon="139.53887441195547580718994140625">
        <ele>41.59999847412109375</ele>
        <time>2026-08-10T09:55:42.000Z</time>
        <extensions>
          <ns3:TrackPointExtension>
            <ns3:hr>135</ns3:hr>
            <ns3:cad>77</ns3:cad>
          </ns3:TrackPointExtension>
        </extensions>
      </trkpt>
      <trkpt lat="35.75860734097659587860107421875" lon="139.53885764814913272857666015625">
        <ele>41.40000152587890625</ele>
        <time>2026-08-10T09:55:43.000Z</time>
        <extensions>
          <ns3:TrackPointExtension>
            <ns3:hr>134</ns3:hr>
            <ns3:cad>77</ns3:cad>
          </ns3:TrackPointExtension>
        </extensions>
      </trkpt>
      <trkpt lat="35.7585941813886165618896484375" lon="139.53883568756282329559326171875">
        <ele>41.200000762939453125</ele>
        <time>2026-08-10T09:55:44.000Z</time>
        <extensions>
          <ns3:TrackPointExtension>
            <ns3:hr>134</ns3:hr>
            <ns3:cad>77</ns3:cad>
          </ns3:TrackPointExtension>
        </extensions>
      </trkpt>
      <trkpt lat="35.75858035124838352203369140625" lon="139.53881733119487762451171875">
        <ele>41</ele>
        <time>2026-08-10T09:55:45.000Z</time>
        <extensions>
          <ns3:TrackPointExtension>
            <ns3:hr>134</ns3:hr>
            <ns3:cad>77</ns3:cad>
          </ns3:TrackPointExtension>
        </extensions>
      </trkpt>
      <trkpt lat="35.7585656829178333282470703125" lon="139.53879981301724910736083984375">
        <ele>40.799999237060546875</ele>
        <time>2026-08-10T09:55:46.000Z</time>
        <extensions>
          <ns3:TrackPointExtension>
            <ns3:hr>134</ns3:hr>
            <ns3:cad>77</ns3:cad>
          </ns3:TrackPointExtension>
        </extensions>
      </trkpt>
      <trkpt lat="35.75855411589145660400390625" lon="139.53878355212509632110595703125">
        <ele>40.799999237060546875</ele>
        <time>2026-08-10T09:55:47.000Z</time>
        <extensions>
          <ns3:TrackPointExtension>
            <ns3:hr>133</ns3:hr>
            <ns3:cad>77</ns3:cad>
          </ns3:TrackPointExtension>
        </extensions>
      </trkpt>
      <trkpt lat="35.7585472427308559417724609375" lon="139.5387598313391208648681640625">
        <ele>40.59999847412109375</ele>
        <time>2026-08-10T09:55:48.000Z</time>
        <extensions>
          <ns3:TrackPointExtension>
            <ns3:hr>134</ns3:hr>
            <ns3:cad>78</ns3:cad>
          </ns3:TrackPointExtension>
        </extensions>
      </trkpt>
      <trkpt lat="35.7585368491709232330322265625" lon="139.53873996622860431671142578125">
        <ele>40.59999847412109375</ele>
        <time>2026-08-10T09:55:49.000Z</time>
        <extensions>
          <ns3:TrackPointExtension>
            <ns3:hr>134</ns3:hr>
            <ns3:cad>80</ns3:cad>
          </ns3:TrackPointExtension>
        </extensions>
      </trkpt>
      <trkpt lat="35.75852192938327789306640625" lon="139.5387236215174198150634765625">
        <ele>40.59999847412109375</ele>
        <time>2026-08-10T09:55:50.000Z</time>
        <extensions>
          <ns3:TrackPointExtension>
            <ns3:hr>134</ns3:hr>
            <ns3:cad>80</ns3:cad>
          </ns3:TrackPointExtension>
        </extensions>
      </trkpt>
      <trkpt lat="35.758508183062076568603515625" lon="139.53870710916817188262939453125">
        <ele>40.59999847412109375</ele>
        <time>2026-08-10T09:55:51.000Z</time>
        <extensions>
          <ns3:TrackPointExtension>
            <ns3:hr>134</ns3:hr>
            <ns3:cad>80</ns3:cad>
          </ns3:TrackPointExtension>
        </extensions>
      </trkpt>
      <trkpt lat="35.75850307010114192962646484375" lon="139.53868456184864044189453125">
        <ele>40.59999847412109375</ele>
        <time>2026-08-10T09:55:52.000Z</time>
        <extensions>
          <ns3:TrackPointExtension>
            <ns3:hr>134</ns3:hr>
            <ns3:cad>80</ns3:cad>
          </ns3:TrackPointExtension>
        </extensions>
      </trkpt>
      <trkpt lat="35.75849334709346294403076171875" lon="139.5386679656803607940673828125">
        <ele>40.59999847412109375</ele>
        <time>2026-08-10T09:55:53.000Z</time>
        <extensions>
          <ns3:TrackPointExtension>
            <ns3:hr>135</ns3:hr>
            <ns3:cad>80</ns3:cad>
          </ns3:TrackPointExtension>
        </extensions>
      </trkpt>
      <trkpt lat="35.75847742147743701934814453125" lon="139.5386562310159206390380859375">
        <ele>40.59999847412109375</ele>
        <time>2026-08-10T09:55:54.000Z</time>
        <extensions>
          <ns3:TrackPointExtension>
            <ns3:hr>135</ns3:hr>
            <ns3:cad>79</ns3:cad>
          </ns3:TrackPointExtension>
        </extensions>
      </trkpt>
      <trkpt lat="35.758468620479106903076171875" lon="139.53863804228603839874267578125">
        <ele>40.59999847412109375</ele>
        <time>2026-08-10T09:55:55.000Z</time>
        <extensions>
          <ns3:TrackPointExtension>
            <ns3:hr>135</ns3:hr>
            <ns3:cad>79</ns3:cad>
          </ns3:TrackPointExtension>
        </extensions>
      </trkpt>
      <trkpt lat="35.75846635736525058746337890625" lon="139.53861792571842670440673828125">
        <ele>40.59999847412109375</ele>
        <time>2026-08-10T09:55:56.000Z</time>
        <extensions>
          <ns3:TrackPointExtension>
            <ns3:hr>135</ns3:hr>
            <ns3:cad>78</ns3:cad>
          </ns3:TrackPointExtension>
        </extensions>
      </trkpt>
      <trkpt lat="35.7584573887288570404052734375" lon="139.538600407540798187255859375">
        <ele>40.59999847412109375</ele>
        <time>2026-08-10T09:55:57.000Z</time>
        <extensions>
          <ns3:TrackPointExtension>
            <ns3:hr>135</ns3:hr>
            <ns3:cad>78</ns3:cad>
          </ns3:TrackPointExtension>
        </extensions>
      </trkpt>
      <trkpt lat="35.758450515568256378173828125" lon="139.5385838113725185394287109375">
        <ele>40.40000152587890625</ele>
        <time>2026-08-10T09:55:58.000Z</time>
        <extensions>
          <ns3:TrackPointExtension>
            <ns3:hr>136</ns3:hr>
            <ns3:cad>78</ns3:cad>
          </ns3:TrackPointExtension>
        </extensions>
      </trkpt>
      <trkpt lat="35.75844104401767253875732421875" lon="139.53856394626200199127197265625">
        <ele>40.40000152587890625</ele>
        <time>2026-08-10T09:55:59.000Z</time>
        <extensions>
          <ns3:TrackPointExtension>
            <ns3:hr>137</ns3:hr>
            <ns3:cad>78</ns3:cad>
          </ns3:TrackPointExtension>
        </extensions>
      </trkpt>
      <trkpt lat="35.7584287226200103759765625" lon="139.538546092808246612548828125">
        <ele>40.40000152587890625</ele>
        <time>2026-08-10T09:56:00.000Z</time>
        <extensions>
          <ns3:TrackPointExtension>
            <ns3:hr>138</ns3:hr>
            <ns3:cad>78</ns3:cad>
          </ns3:TrackPointExtension>
        </extensions>
      </trkpt>
      <trkpt lat="35.75842042453587055206298828125" lon="139.538531340658664703369140625">
        <ele>40.40000152587890625</ele>
        <time>2026-08-10T09:56:01.000Z</time>
        <extensions>
          <ns3:TrackPointExtension>
            <ns3:hr>138</ns3:hr>
            <ns3:cad>78</ns3:cad>
          </ns3:TrackPointExtension>
        </extensions>
      </trkpt>
      <trkpt lat="35.758409611880779266357421875" lon="139.5385174266993999481201171875">
        <ele>40.40000152587890625</ele>
        <time>2026-08-10T09:56:02.000Z</time>
        <extensions>
          <ns3:TrackPointExtension>
            <ns3:hr>139</ns3:hr>
            <ns3:cad>78</ns3:cad>
          </ns3:TrackPointExtension>
        </extensions>
      </trkpt>
      <trkpt lat="35.75839863158762454986572265625" lon="139.53849622048437595367431640625">
        <ele>40.40000152587890625</ele>
        <time>2026-08-10T09:56:03.000Z</time>
        <extensions>
          <ns3:TrackPointExtension>
            <ns3:hr>139</ns3:hr>
            <ns3:cad>78</ns3:cad>
          </ns3:TrackPointExtension>
        </extensions>
      </trkpt>
      <trkpt lat="35.758385471999645233154296875" lon="139.538483731448650360107421875">
        <ele>40.40000152587890625</ele>
        <time>2026-08-10T09:56:04.000Z</time>
        <extensions>
          <ns3:TrackPointExtension>
            <ns3:hr>139</ns3:hr>
            <ns3:cad>78</ns3:cad>
          </ns3:TrackPointExtension>
        </extensions>
      </trkpt>
      <trkpt lat="35.758371390402317047119140625" lon="139.538477361202239990234375">
        <ele>40.59999847412109375</ele>
        <time>2026-08-10T09:56:05.000Z</time>
        <extensions>
          <ns3:TrackPointExtension>
            <ns3:hr>139</ns3:hr>
            <ns3:cad>78</ns3:cad>
          </ns3:TrackPointExtension>
        </extensions>
      </trkpt>
    </trkseg>
  </trk>
</gpx>
