<gpx xmlns:ns3="http://www.garmin.com/xmlschemas/TrackPointExtension/v1" xmlns="http://www.topografix.com/GPX/1/1" xmlns:xsi="http://www.w3.org/2001/XMLSchema-instance" xmlns:ns2="http://www.garmin.com/xmlschemas/GpxExtensions/v3" creator="Garmin Connect" version="1.1" xsi:schemaLocation="http://www.topografix.com/GPX/1/1 http://www.topografix.com/GPX/11.xsd">
  <extensions>
<distance>4113.88</distance>
<average_hr>145.0</average_hr>
<average_speed>2.2100000381469727</average_speed>
<start_time>2026-08-25T09:06:44+00:00</start_time>
<end_time>2026-08-25T09:37:45.675000+00:00</end_time>
<moving_time>1844.026</moving_time>
<elapsed_time>1882.442</elapsed_time>
</extensions>
<metadata>
    <link href="connect.garmin.com">
      <text>Garmin Connect</text>
    </link>
    <time>2026-08-25T09:06:44.000Z</time>
  </metadata>
  <trk>
    <name>Higashikurume City - Base</name>
    <type>running</type>
    <trkseg>
      <trkpt lat="35.75677044689655303955078125" lon="139.53552098013460636138916015625">
        <ele>44</ele>
        <time>2026-08-25T09:06:44.000Z</time>
        <extensions>
          <ns3:TrackPointExtension>
            <ns3:hr>82</ns3:hr>
            <ns3:cad>0</ns3:cad>
          </ns3:TrackPointExtension>
        </extensions>
      </trkpt>
      <trkpt lat="35.75677044689655303955078125" lon="139.53552098013460636138916015625">
        <ele>44.799999237060546875</ele>
        <time>2026-08-25T09:06:45.000Z</time>
        <extensions>
          <ns3:TrackPointExtension>
            <ns3:hr>82</ns3:hr>
            <ns3:cad>0</ns3:cad>
          </ns3:TrackPointExtension>
        </extensions>
      </trkpt>
      <trkpt lat="35.7567764818668365478515625" lon="139.53553489409387111663818359375">
        <ele>44.40000152587890625</ele>
        <time>2026-08-25T09:06:46.000Z</time>
        <extensions>
          <ns3:TrackPointExtension>
            <ns3:hr>83</ns3:hr>
            <ns3:cad>0</ns3:cad>
          </ns3:TrackPointExtension>
        </extensions>
      </trkpt>
      <trkpt lat="35.75678528286516666412353515625" lon="139.5355532504618167877197265625">
        <ele>44.200000762939453125</ele>
        <time>2026-08-25T09:06:47.000Z</time>
        <extensions>
          <ns3:TrackPointExtension>
            <ns3:hr>83</ns3:hr>
            <ns3:cad>0</ns3:cad>
          </ns3:TrackPointExtension>
        </extensions>
      </trkpt>
      <trkpt lat="35.75679433532059192657470703125" lon="139.53557244502007961273193359375">
        <ele>44.200000762939453125</ele>
        <time>2026-08-25T09:06:48.000Z</time>
        <extensions>
          <ns3:TrackPointExtension>
            <ns3:hr>85</ns3:hr>
            <ns3:cad>82</ns3:cad>
          </ns3:TrackPointExtension>
        </extensions>
      </trkpt>
      <trkpt lat="35.75680506415665149688720703125" lon="139.535593651235103607177734375">
        <ele>44.200000762939453125</ele>
        <time>2026-08-25T09:06:49.000Z</time>
        <extensions>
          <ns3:TrackPointExtension>
            <ns3:hr>87</ns3:hr>
            <ns3:cad>83</ns3:cad>
          </ns3:TrackPointExtension>
        </extensions>
      </trkpt>
      <trkpt lat="35.75681461952626705169677734375" lon="139.5356139354407787322998046875">
        <ele>44.200000762939453125</ele>
        <time>2026-08-25T09:06:50.000Z</time>
        <extensions>
          <ns3:TrackPointExtension>
            <ns3:hr>88</ns3:hr>
            <ns3:cad>83</ns3:cad>
          </ns3:TrackPointExtension>
        </extensions>
      </trkpt>
      <trkpt lat="35.75682266615331172943115234375" lon="139.53563447110354900360107421875">
        <ele>44.200000762939453125</ele>
        <time>2026-08-25T09:06:51.000Z</time>
        <extensions>
          <ns3:TrackPointExtension>
            <ns3:hr>90</ns3:hr>
            <ns3:cad>83</ns3:cad>
          </ns3:TrackPointExtension>
        </extensions>
      </trkpt>
      <trkpt lat="35.7568346522748470306396484375" lon="139.53565643168985843658447265625">
        <ele>44.200000762939453125</ele>
        <time>2026-08-25T09:06:52.000Z</time>
        <extensions>
          <ns3:TrackPointExtension>
            <ns3:hr>93</ns3:hr>
            <ns3:cad>81</ns3:cad>
          </ns3:TrackPointExtension>
        </extensions>
      </trkpt>
      <trkpt lat="35.756846554577350616455078125" lon="139.53567487187683582305908203125">
        <ele>44.200000762939453125</ele>
        <time>2026-08-25T09:06:53.000Z</time>
        <extensions>
          <ns3:TrackPointExtension>
            <ns3:hr>92</ns3:hr>
            <ns3:cad>81</ns3:cad>
          </ns3:TrackPointExtension>
        </extensions>
      </trkpt>
      <trkpt lat="35.75686139054596424102783203125" lon="139.53568493016064167022705078125">
        <ele>44.200000762939453125</ele>
        <time>2026-08-25T09:06:54.000Z</time>
        <extensions>
          <ns3:TrackPointExtension>
            <ns3:hr>92</ns3:hr>
            <ns3:cad>81</ns3:cad>
          </ns3:TrackPointExtension>
        </extensions>
      </trkpt>
      <trkpt lat="35.756880752742290496826171875" lon="139.5356903783977031707763671875">
        <ele>44.200000762939453125</ele>
        <time>2026-08-25T09:06:55.000Z</time>
        <extensions>
          <ns3:TrackPointExtension>
            <ns3:hr>90</ns3:hr>
            <ns3:cad>80</ns3:cad>
          </ns3:TrackPointExtension>
        </extensions>
      </trkpt>
      <trkpt lat="35.75690128840506076812744140625" lon="139.535692892968654632568359375">
        <ele>44.200000762939453125</ele>
        <time>2026-08-25T09:06:56.000Z</time>
        <extensions>
          <ns3:TrackPointExtension>
            <ns3:hr>90</ns3:hr>
            <ns3:cad>80</ns3:cad>
          </ns3:TrackPointExtension>
        </extensions>
      </trkpt>
      <trkpt lat="35.7569235004484653472900390625" lon="139.5357024483382701873779296875">
        <ele>44</ele>
        <time>2026-08-25T09:06:57.000Z</time>
        <extensions>
          <ns3:TrackPointExtension>
            <ns3:hr>91</ns3:hr>
            <ns3:cad>80</ns3:cad>
          </ns3:TrackPointExtension>
        </extensions>
      </trkpt>
      <trkpt lat="35.75694420374929904937744140625" lon="139.535712338984012603759765625">
        <ele>44</ele>
        <time>2026-08-25T09:06:58.000Z</time>
        <extensions>
          <ns3:TrackPointExtension>
            <ns3:hr>91</ns3:hr>
            <ns3:cad>82</ns3:cad>
          </ns3:TrackPointExtension>
        </extensions>
      </trkpt>
      <trkpt lat="35.75696214102208614349365234375" lon="139.53572734259068965911865234375">
        <ele>44</ele>
        <time>2026-08-25T09:06:59.000Z</time>
        <extensions>
          <ns3:TrackPointExtension>
            <ns3:hr>91</ns3:hr>
            <ns3:cad>83</ns3:cad>
          </ns3:TrackPointExtension>
        </extensions>
      </trkpt>
      <trkpt lat="35.756981670856475830078125" lon="139.53574192710220813751220703125">
        <ele>44</ele>
        <time>2026-08-25T09:07:00.000Z</time>
        <extensions>
          <ns3:TrackPointExtension>
            <ns3:hr>93</ns3:hr>
            <ns3:cad>83</ns3:cad>
          </ns3:TrackPointExtension>
        </extensions>
      </trkpt>
      <trkpt lat="35.75699952431023120880126953125" lon="139.53575885854661464691162109375">
        <ele>43.799999237060546875</ele>
        <time>2026-08-25T09:07:01.000Z</time>
        <extensions>
          <ns3:TrackPointExtension>
            <ns3:hr>95</ns3:hr>
            <ns3:cad>83</ns3:cad>
          </ns3:TrackPointExtension>
        </extensions>
      </trkpt>
      <trkpt lat="35.75701612047851085662841796875" lon="139.53577646054327487945556640625">
        <ele>43.799999237060546875</ele>
        <time>2026-08-25T09:07:02.000Z</time>
        <extensions>
          <ns3:TrackPointExtension>
            <ns3:hr>96</ns3:hr>
            <ns3:cad>83</ns3:cad>
          </ns3:TrackPointExtension>
        </extensions>
      </trkpt>
      <trkpt lat="35.7570287771522998809814453125" lon="139.53579054214060306549072265625">
        <ele>43.799999237060546875</ele>
        <time>2026-08-25T09:07:03.000Z</time>
        <extensions>
          <ns3:TrackPointExtension>
            <ns3:hr>100</ns3:hr>
            <ns3:cad>83</ns3:cad>
          </ns3:TrackPointExtension>
        </extensions>
      </trkpt>
      <trkpt lat="35.75704109854996204376220703125" lon="139.53580210916697978973388671875">
        <ele>43.799999237060546875</ele>
        <time>2026-08-25T09:07:04.000Z</time>
        <extensions>
          <ns3:TrackPointExtension>
            <ns3:hr>102</ns3:hr>
            <ns3:cad>83</ns3:cad>
          </ns3:TrackPointExtension>
        </extensions>
      </trkpt>
      <trkpt lat="35.75705367140471935272216796875" lon="139.5358174480497837066650390625">
        <ele>43.799999237060546875</ele>
        <time>2026-08-25T09:07:05.000Z</time>
        <extensions>
          <ns3:TrackPointExtension>
            <ns3:hr>103</ns3:hr>
            <ns3:cad>82</ns3:cad>
          </ns3:TrackPointExtension>
        </extensions>
      </trkpt>
      <trkpt lat="35.757070519030094146728515625" lon="139.53583538532257080078125">
        <ele>43.799999237060546875</ele>
        <time>2026-08-25T09:07:06.000Z</time>
        <extensions>
          <ns3:TrackPointExtension>
            <ns3:hr>104</ns3:hr>
            <ns3:cad>81</ns3:cad>
          </ns3:TrackPointExtension>
        </extensions>
      </trkpt>
      <trkpt lat="35.75708560645580291748046875" lon="139.5358501374721527099609375">
        <ele>43.799999237060546875</ele>
        <time>2026-08-25T09:07:07.000Z</time>
        <extensions>
          <ns3:TrackPointExtension>
            <ns3:hr>104</ns3:hr>
            <ns3:cad>81</ns3:cad>
          </ns3:TrackPointExtension>
        </extensions>
      </trkpt>
      <trkpt lat="35.75710345990955829620361328125" lon="139.53586664982140064239501953125">
        <ele>43.799999237060546875</ele>
        <time>2026-08-25T09:07:08.000Z</time>
        <extensions>
          <ns3:TrackPointExtension>
            <ns3:hr>104</ns3:hr>
            <ns3:cad>81</ns3:cad>
          </ns3:TrackPointExtension>
        </extensions>
      </trkpt>
      <trkpt lat="35.75712190009653568267822265625" lon="139.53588324598968029022216796875">
        <ele>43.799999237060546875</ele>
        <time>2026-08-25T09:07:09.000Z</time>
        <extensions>
          <ns3:TrackPointExtension>
            <ns3:hr>104</ns3:hr>
            <ns3:cad>81</ns3:cad>
          </ns3:TrackPointExtension>
        </extensions>
      </trkpt>
      <trkpt lat="35.75713782571256160736083984375" lon="139.53589732758700847625732421875">
        <ele>43.799999237060546875</ele>
        <time>2026-08-25T09:07:10.000Z</time>
        <extensions>
          <ns3:TrackPointExtension>
            <ns3:hr>105</ns3:hr>
            <ns3:cad>81</ns3:cad>
          </ns3:TrackPointExtension>
        </extensions>
      </trkpt>
      <trkpt lat="35.75715509243309497833251953125" lon="139.53591744415462017059326171875">
        <ele>43.799999237060546875</ele>
        <time>2026-08-25T09:07:11.000Z</time>
        <extensions>
          <ns3:TrackPointExtension>
            <ns3:hr>105</ns3:hr>
            <ns3:cad>80</ns3:cad>
          </ns3:TrackPointExtension>
        </extensions>
      </trkpt>
      <trkpt lat="35.75717017985880374908447265625" lon="139.53593621961772441864013671875">
        <ele>43.799999237060546875</ele>
        <time>2026-08-25T09:07:12.000Z</time>
        <extensions>
          <ns3:TrackPointExtension>
            <ns3:hr>105</ns3:hr>
            <ns3:cad>79</ns3:cad>
          </ns3:TrackPointExtension>
        </extensions>
      </trkpt>
      <trkpt lat="35.757178477942943572998046875" lon="139.53595700673758983612060546875">
        <ele>43.799999237060546875</ele>
        <time>2026-08-25T09:07:13.000Z</time>
        <extensions>
          <ns3:TrackPointExtension>
            <ns3:hr>106</ns3:hr>
            <ns3:cad>79</ns3:cad>
          </ns3:TrackPointExtension>
        </extensions>
      </trkpt>
      <trkpt lat="35.75718644075095653533935546875" lon="139.53598198480904102325439453125">
        <ele>43.799999237060546875</ele>
        <time>2026-08-25T09:07:14.000Z</time>
        <extensions>
          <ns3:TrackPointExtension>
            <ns3:hr>106</ns3:hr>
            <ns3:cad>79</ns3:cad>
          </ns3:TrackPointExtension>
        </extensions>
      </trkpt>
      <trkpt lat="35.75719356536865234375" lon="139.536006711423397064208984375">
        <ele>43.799999237060546875</ele>
        <time>2026-08-25T09:07:15.000Z</time>
        <extensions>
          <ns3:TrackPointExtension>
            <ns3:hr>106</ns3:hr>
            <ns3:cad>79</ns3:cad>
          </ns3:TrackPointExtension>
        </extensions>
      </trkpt>
      <trkpt lat="35.75720638968050479888916015625" lon="139.5360249839723110198974609375">
        <ele>43.799999237060546875</ele>
        <time>2026-08-25T09:07:16.000Z</time>
        <extensions>
          <ns3:TrackPointExtension>
            <ns3:hr>106</ns3:hr>
            <ns3:cad>80</ns3:cad>
          </ns3:TrackPointExtension>
        </extensions>
      </trkpt>
      <trkpt lat="35.75722013600170612335205078125" lon="139.53603596426546573638916015625">
        <ele>43.799999237060546875</ele>
        <time>2026-08-25T09:07:17.000Z</time>
        <extensions>
          <ns3:TrackPointExtension>
            <ns3:hr>107</ns3:hr>
            <ns3:cad>80</ns3:cad>
          </ns3:TrackPointExtension>
        </extensions>
      </trkpt>
      <trkpt lat="35.757239498198032379150390625" lon="139.53604266978800296783447265625">
        <ele>44</ele>
        <time>2026-08-25T09:07:18.000Z</time>
        <extensions>
          <ns3:TrackPointExtension>
            <ns3:hr>107</ns3:hr>
            <ns3:cad>80</ns3:cad>
          </ns3:TrackPointExtension>
        </extensions>
      </trkpt>
      <trkpt lat="35.757257603108882904052734375" lon="139.536038897931575775146484375">
        <ele>44</ele>
        <time>2026-08-25T09:07:19.000Z</time>
        <extensions>
          <ns3:TrackPointExtension>
            <ns3:hr>107</ns3:hr>
            <ns3:cad>79</ns3:cad>
          </ns3:TrackPointExtension>
        </extensions>
      </trkpt>
      <trkpt lat="35.75727813877165317535400390625" lon="139.536031521856784820556640625">
        <ele>44</ele>
        <time>2026-08-25T09:07:20.000Z</time>
        <extensions>
          <ns3:TrackPointExtension>
            <ns3:hr>107</ns3:hr>
            <ns3:cad>79</ns3:cad>
          </ns3:TrackPointExtension>
        </extensions>
      </trkpt>
      <trkpt lat="35.75729909352958202362060546875" lon="139.536021463572978973388671875">
        <ele>44</ele>
        <time>2026-08-25T09:07:21.000Z</time>
        <extensions>
          <ns3:TrackPointExtension>
            <ns3:hr>108</ns3:hr>
            <ns3:cad>79</ns3:cad>
          </ns3:TrackPointExtension>
        </extensions>
      </trkpt>
      <trkpt lat="35.75731451623141765594482421875" lon="139.53601618297398090362548828125">
        <ele>44</ele>
        <time>2026-08-25T09:07:22.000Z</time>
        <extensions>
          <ns3:TrackPointExtension>
            <ns3:hr>108</ns3:hr>
            <ns3:cad>80</ns3:cad>
          </ns3:TrackPointExtension>
        </extensions>
      </trkpt>
      <trkpt lat="35.7573311962187290191650390625" lon="139.53602322377264499664306640625">
        <ele>44.200000762939453125</ele>
        <time>2026-08-25T09:07:23.000Z</time>
        <extensions>
          <ns3:TrackPointExtension>
            <ns3:hr>109</ns3:hr>
            <ns3:cad>81</ns3:cad>
          </ns3:TrackPointExtension>
        </extensions>
      </trkpt>
      <trkpt lat="35.75733547098934650421142578125" lon="139.53603831119835376739501953125">
        <ele>44.200000762939453125</ele>
        <time>2026-08-25T09:07:24.000Z</time>
        <extensions>
          <ns3:TrackPointExtension>
            <ns3:hr>109</ns3:hr>
            <ns3:cad>81</ns3:cad>
          </ns3:TrackPointExtension>
        </extensions>
      </trkpt>
      <trkpt lat="35.75734016485512256622314453125" lon="139.53605708666145801544189453125">
        <ele>44.200000762939453125</ele>
        <time>2026-08-25T09:07:25.000Z</time>
        <extensions>
          <ns3:TrackPointExtension>
            <ns3:hr>110</ns3:hr>
            <ns3:cad>81</ns3:cad>
          </ns3:TrackPointExtension>
        </extensions>
      </trkpt>
      <trkpt lat="35.757351480424404144287109375" lon="139.5360769517719745635986328125">
        <ele>44.200000762939453125</ele>
        <time>2026-08-25T09:07:26.000Z</time>
        <extensions>
          <ns3:TrackPointExtension>
            <ns3:hr>110</ns3:hr>
            <ns3:cad>80</ns3:cad>
          </ns3:TrackPointExtension>
        </extensions>
      </trkpt>
      <trkpt lat="35.75736128725111484527587890625" lon="139.5360974036157131195068359375">
        <ele>44.200000762939453125</ele>
        <time>2026-08-25T09:07:27.000Z</time>
        <extensions>
          <ns3:TrackPointExtension>
            <ns3:hr>110</ns3:hr>
            <ns3:cad>80</ns3:cad>
          </ns3:TrackPointExtension>
        </extensions>
      </trkpt>
      <trkpt lat="35.75737486593425273895263671875" lon="139.53611995093524456024169921875">
        <ele>44.200000762939453125</ele>
        <time>2026-08-25T09:07:28.000Z</time>
        <extensions>
          <ns3:TrackPointExtension>
            <ns3:hr>110</ns3:hr>
            <ns3:cad>80</ns3:cad>
          </ns3:TrackPointExtension>
        </extensions>
      </trkpt>
      <trkpt lat="35.7573865167796611785888671875" lon="139.536144845187664031982421875">
        <ele>44.200000762939453125</ele>
        <time>2026-08-25T09:07:29.000Z</time>
        <extensions>
          <ns3:TrackPointExtension>
            <ns3:hr>111</ns3:hr>
            <ns3:cad>80</ns3:cad>
          </ns3:TrackPointExtension>
        </extensions>
      </trkpt>
      <trkpt lat="35.75739665888249874114990234375" lon="139.5361661352217197418212890625">
        <ele>44.40000152587890625</ele>
        <time>2026-08-25T09:07:30.000Z</time>
        <extensions>
          <ns3:TrackPointExtension>
            <ns3:hr>111</ns3:hr>
            <ns3:cad>81</ns3:cad>
          </ns3:TrackPointExtension>
        </extensions>
      </trkpt>
      <trkpt lat="35.75740504078567028045654296875" lon="139.5361896045506000518798828125">
        <ele>44.40000152587890625</ele>
        <time>2026-08-25T09:07:31.000Z</time>
        <extensions>
          <ns3:TrackPointExtension>
            <ns3:hr>110</ns3:hr>
            <ns3:cad>81</ns3:cad>
          </ns3:TrackPointExtension>
        </extensions>
      </trkpt>
      <trkpt lat="35.75741576962172985076904296875" lon="139.5362140797078609466552734375">
        <ele>44.40000152587890625</ele>
        <time>2026-08-25T09:07:32.000Z</time>
        <extensions>
          <ns3:TrackPointExtension>
            <ns3:hr>111</ns3:hr>
            <ns3:cad>81</ns3:cad>
          </ns3:TrackPointExtension>
        </extensions>
      </trkpt>
      <trkpt lat="35.75742381624877452850341796875" lon="139.5362348668277263641357421875">
        <ele>44.40000152587890625</ele>
        <time>2026-08-25T09:07:33.000Z</time>
        <extensions>
          <ns3:TrackPointExtension>
            <ns3:hr>111</ns3:hr>
            <ns3:cad>81</ns3:cad>
          </ns3:TrackPointExtension>
        </extensions>
      </trkpt>
      <trkpt lat="35.75743387453258037567138671875" lon="139.53625372610986232757568359375">
        <ele>44.40000152587890625</ele>
        <time>2026-08-25T09:07:34.000Z</time>
        <extensions>
          <ns3:TrackPointExtension>
            <ns3:hr>111</ns3:hr>
            <ns3:cad>81</ns3:cad>
          </ns3:TrackPointExtension>
        </extensions>
      </trkpt>
      <trkpt lat="35.75744309462606906890869140625" lon="139.53627585433423519134521484375">
        <ele>44.40000152587890625</ele>
        <time>2026-08-25T09:07:35.000Z</time>
        <extensions>
          <ns3:TrackPointExtension>
            <ns3:hr>112</ns3:hr>
            <ns3:cad>81</ns3:cad>
          </ns3:TrackPointExtension>
        </extensions>
      </trkpt>
      <trkpt lat="35.757450722157955169677734375" lon="139.53629312105476856231689453125">
        <ele>44.59999847412109375</ele>
        <time>2026-08-25T09:07:36.000Z</time>
        <extensions>
          <ns3:TrackPointExtension>
            <ns3:hr>113</ns3:hr>
            <ns3:cad>81</ns3:cad>
          </ns3:TrackPointExtension>
        </extensions>
      </trkpt>
      <trkpt lat="35.75746513903141021728515625" lon="139.53631776385009288787841796875">
        <ele>44.59999847412109375</ele>
        <time>2026-08-25T09:07:37.000Z</time>
        <extensions>
          <ns3:TrackPointExtension>
            <ns3:hr>115</ns3:hr>
            <ns3:cad>81</ns3:cad>
          </ns3:TrackPointExtension>
        </extensions>
      </trkpt>
      <trkpt lat="35.7574780471622943878173828125" lon="139.53633897006511688232421875">
        <ele>44.59999847412109375</ele>
        <time>2026-08-25T09:07:38.000Z</time>
        <extensions>
          <ns3:TrackPointExtension>
            <ns3:hr>116</ns3:hr>
            <ns3:cad>80</ns3:cad>
          </ns3:TrackPointExtension>
        </extensions>
      </trkpt>
      <trkpt lat="35.7574894465506076812744140625" lon="139.5363599248230457305908203125">
        <ele>44.59999847412109375</ele>
        <time>2026-08-25T09:07:39.000Z</time>
        <extensions>
          <ns3:TrackPointExtension>
            <ns3:hr>116</ns3:hr>
            <ns3:cad>80</ns3:cad>
          </ns3:TrackPointExtension>
        </extensions>
      </trkpt>
      <trkpt lat="35.75749958865344524383544921875" lon="139.53638800419867038726806640625">
        <ele>44.59999847412109375</ele>
        <time>2026-08-25T09:07:40.000Z</time>
        <extensions>
          <ns3:TrackPointExtension>
            <ns3:hr>117</ns3:hr>
            <ns3:cad>81</ns3:cad>
          </ns3:TrackPointExtension>
        </extensions>
      </trkpt>
      <trkpt lat="35.75751165859401226043701171875" lon="139.53641516156494617462158203125">
        <ele>44.59999847412109375</ele>
        <time>2026-08-25T09:07:41.000Z</time>
        <extensions>
          <ns3:TrackPointExtension>
            <ns3:hr>118</ns3:hr>
            <ns3:cad>81</ns3:cad>
          </ns3:TrackPointExtension>
        </extensions>
      </trkpt>
      <trkpt lat="35.757523477077484130859375" lon="139.5364380441606044769287109375">
        <ele>44.59999847412109375</ele>
        <time>2026-08-25T09:07:42.000Z</time>
        <extensions>
          <ns3:TrackPointExtension>
            <ns3:hr>119</ns3:hr>
            <ns3:cad>81</ns3:cad>
          </ns3:TrackPointExtension>
        </extensions>
      </trkpt>
      <trkpt lat="35.75753680430352687835693359375" lon="139.536459334194660186767578125">
        <ele>44.59999847412109375</ele>
        <time>2026-08-25T09:07:43.000Z</time>
        <extensions>
          <ns3:TrackPointExtension>
            <ns3:hr>120</ns3:hr>
            <ns3:cad>81</ns3:cad>
          </ns3:TrackPointExtension>
        </extensions>
      </trkpt>
      <trkpt lat="35.75754937715828418731689453125" lon="139.5364809595048427581787109375">
        <ele>44.59999847412109375</ele>
        <time>2026-08-25T09:07:44.000Z</time>
        <extensions>
          <ns3:TrackPointExtension>
            <ns3:hr>120</ns3:hr>
            <ns3:cad>81</ns3:cad>
          </ns3:TrackPointExtension>
        </extensions>
      </trkpt>
      <trkpt lat="35.757564045488834381103515625" lon="139.53650283627212047576904296875">
        <ele>44.59999847412109375</ele>
        <time>2026-08-25T09:07:45.000Z</time>
        <extensions>
          <ns3:TrackPointExtension>
            <ns3:hr>121</ns3:hr>
            <ns3:cad>82</ns3:cad>
          </ns3:TrackPointExtension>
        </extensions>
      </trkpt>
      <trkpt lat="35.7575772888958454132080078125" lon="139.53652312047779560089111328125">
        <ele>44.59999847412109375</ele>
        <time>2026-08-25T09:07:46.000Z</time>
        <extensions>
          <ns3:TrackPointExtension>
            <ns3:hr>121</ns3:hr>
            <ns3:cad>82</ns3:cad>
          </ns3:TrackPointExtension>
        </extensions>
      </trkpt>
      <trkpt lat="35.7575829885900020599365234375" lon="139.53654457814991474151611328125">
        <ele>44.59999847412109375</ele>
        <time>2026-08-25T09:07:47.000Z</time>
        <extensions>
          <ns3:TrackPointExtension>
            <ns3:hr>122</ns3:hr>
            <ns3:cad>82</ns3:cad>
          </ns3:TrackPointExtension>
        </extensions>
      </trkpt>
      <trkpt lat="35.7575860060751438140869140625" lon="139.53656695783138275146484375">
        <ele>44.59999847412109375</ele>
        <time>2026-08-25T09:07:48.000Z</time>
        <extensions>
          <ns3:TrackPointExtension>
            <ns3:hr>123</ns3:hr>
            <ns3:cad>82</ns3:cad>
          </ns3:TrackPointExtension>
        </extensions>
      </trkpt>
      <trkpt lat="35.75759279541671276092529296875" lon="139.5365892536938190460205078125">
        <ele>44.59999847412109375</ele>
        <time>2026-08-25T09:07:49.000Z</time>
        <extensions>
          <ns3:TrackPointExtension>
            <ns3:hr>124</ns3:hr>
            <ns3:cad>82</ns3:cad>
          </ns3:TrackPointExtension>
        </extensions>
      </trkpt>
      <trkpt lat="35.75759815983474254608154296875" lon="139.53660660423338413238525390625">
        <ele>44.59999847412109375</ele>
        <time>2026-08-25T09:07:50.000Z</time>
        <extensions>
          <ns3:TrackPointExtension>
            <ns3:hr>124</ns3:hr>
            <ns3:cad>81</ns3:cad>
          </ns3:TrackPointExtension>
        </extensions>
      </trkpt>
      <trkpt lat="35.75761693529784679412841796875" lon="139.53662336803972721099853515625">
        <ele>44.40000152587890625</ele>
        <time>2026-08-25T09:07:51.000Z</time>
        <extensions>
          <ns3:TrackPointExtension>
            <ns3:hr>125</ns3:hr>
            <ns3:cad>81</ns3:cad>
          </ns3:TrackPointExtension>
        </extensions>
      </trkpt>
      <trkpt lat="35.7576352916657924652099609375" lon="139.5366371981799602508544921875">
        <ele>44.40000152587890625</ele>
        <time>2026-08-25T09:07:52.000Z</time>
        <extensions>
          <ns3:TrackPointExtension>
            <ns3:hr>125</ns3:hr>
            <ns3:cad>81</ns3:cad>
          </ns3:TrackPointExtension>
        </extensions>
      </trkpt>
      <trkpt lat="35.75768767856061458587646484375" lon="139.53675337135791778564453125">
        <ele>43.200000762939453125</ele>
        <time>2026-08-25T09:07:57.000Z</time>
        <extensions>
          <ns3:TrackPointExtension>
            <ns3:hr>127</ns3:hr>
            <ns3:cad>83</ns3:cad>
          </ns3:TrackPointExtension>
        </extensions>
      </trkpt>
      <trkpt lat="35.7576964795589447021484375" lon="139.53677742742002010345458984375">
        <ele>43.200000762939453125</ele>
        <time>2026-08-25T09:07:58.000Z</time>
        <extensions>
          <ns3:TrackPointExtension>
            <ns3:hr>127</ns3:hr>
            <ns3:cad>82</ns3:cad>
          </ns3:TrackPointExtension>
        </extensions>
      </trkpt>
      <trkpt lat="35.75771198607981204986572265625" lon="139.5368128828704357147216796875">
        <ele>43.200000762939453125</ele>
        <time>2026-08-25T09:07:59.000Z</time>
        <extensions>
          <ns3:TrackPointExtension>
            <ns3:hr>127</ns3:hr>
            <ns3:cad>81</ns3:cad>
          </ns3:TrackPointExtension>
        </extensions>
      </trkpt>
      <trkpt lat="35.75772204436361789703369140625" lon="139.53684280626475811004638671875">
        <ele>43</ele>
        <time>2026-08-25T09:08:00.000Z</time>
        <extensions>
          <ns3:TrackPointExtension>
            <ns3:hr>127</ns3:hr>
            <ns3:cad>81</ns3:cad>
          </ns3:TrackPointExtension>
        </extensions>
      </trkpt>
      <trkpt lat="35.75772305019199848175048828125" lon="139.536868035793304443359375">
        <ele>43</ele>
        <time>2026-08-25T09:08:01.000Z</time>
        <extensions>
          <ns3:TrackPointExtension>
            <ns3:hr>126</ns3:hr>
            <ns3:cad>81</ns3:cad>
          </ns3:TrackPointExtension>
        </extensions>
      </trkpt>
      <trkpt lat="35.757725648581981658935546875" lon="139.536897204816341400146484375">
        <ele>43</ele>
        <time>2026-08-25T09:08:02.000Z</time>
        <extensions>
          <ns3:TrackPointExtension>
            <ns3:hr>127</ns3:hr>
            <ns3:cad>81</ns3:cad>
          </ns3:TrackPointExtension>
        </extensions>
      </trkpt>
      <trkpt lat="35.75773931108415126800537109375" lon="139.5369225181639194488525390625">
        <ele>43</ele>
        <time>2026-08-25T09:08:03.000Z</time>
        <extensions>
          <ns3:TrackPointExtension>
            <ns3:hr>127</ns3:hr>
            <ns3:cad>81</ns3:cad>
          </ns3:TrackPointExtension>
        </extensions>
      </trkpt>
      <trkpt lat="35.7577499561011791229248046875" lon="139.53694649040699005126953125">
        <ele>43</ele>
        <time>2026-08-25T09:08:04.000Z</time>
        <extensions>
          <ns3:TrackPointExtension>
            <ns3:hr>127</ns3:hr>
            <ns3:cad>81</ns3:cad>
          </ns3:TrackPointExtension>
        </extensions>
      </trkpt>
      <trkpt lat="35.75776043348014354705810546875" lon="139.53696794807910919189453125">
        <ele>43</ele>
        <time>2026-08-25T09:08:05.000Z</time>
        <extensions>
          <ns3:TrackPointExtension>
            <ns3:hr>127</ns3:hr>
            <ns3:cad>81</ns3:cad>
          </ns3:TrackPointExtension>
        </extensions>
      </trkpt>
      <trkpt lat="35.7577720843255519866943359375" lon="139.5369858853518962860107421875">
        <ele>43</ele>
        <time>2026-08-25T09:08:06.000Z</time>
        <extensions>
          <ns3:TrackPointExtension>
            <ns3:hr>127</ns3:hr>
            <ns3:cad>81</ns3:cad>
          </ns3:TrackPointExtension>
        </extensions>
      </trkpt>
      <trkpt lat="35.75778306461870670318603515625" lon="139.53700927086174488067626953125">
        <ele>43</ele>
        <time>2026-08-25T09:08:07.000Z</time>
        <extensions>
          <ns3:TrackPointExtension>
            <ns3:hr>127</ns3:hr>
            <ns3:cad>82</ns3:cad>
          </ns3:TrackPointExtension>
        </extensions>
      </trkpt>
      <trkpt lat="35.75779396109282970428466796875" lon="139.53703257255256175994873046875">
        <ele>43</ele>
        <time>2026-08-25T09:08:08.000Z</time>
        <extensions>
          <ns3:TrackPointExtension>
            <ns3:hr>127</ns3:hr>
            <ns3:cad>82</ns3:cad>
          </ns3:TrackPointExtension>
        </extensions>
      </trkpt>
      <trkpt lat="35.75780150480568408966064453125" lon="139.53705511987209320068359375">
        <ele>43</ele>
        <time>2026-08-25T09:08:09.000Z</time>
        <extensions>
          <ns3:TrackPointExtension>
            <ns3:hr>127</ns3:hr>
            <ns3:cad>82</ns3:cad>
          </ns3:TrackPointExtension>
        </extensions>
      </trkpt>
      <trkpt lat="35.757807791233062744140625" lon="139.537078253924846649169921875">
        <ele>43</ele>
        <time>2026-08-25T09:08:10.000Z</time>
        <extensions>
          <ns3:TrackPointExtension>
            <ns3:hr>127</ns3:hr>
            <ns3:cad>82</ns3:cad>
          </ns3:TrackPointExtension>
        </extensions>
      </trkpt>
      <trkpt lat="35.75781374238431453704833984375" lon="139.53710331581532955169677734375">
        <ele>43</ele>
        <time>2026-08-25T09:08:11.000Z</time>
        <extensions>
          <ns3:TrackPointExtension>
            <ns3:hr>127</ns3:hr>
            <ns3:cad>82</ns3:cad>
          </ns3:TrackPointExtension>
        </extensions>
      </trkpt>
      <trkpt lat="35.7578227110207080841064453125" lon="139.5371250249445438385009765625">
        <ele>43</ele>
        <time>2026-08-25T09:08:12.000Z</time>
        <extensions>
          <ns3:TrackPointExtension>
            <ns3:hr>127</ns3:hr>
            <ns3:cad>82</ns3:cad>
          </ns3:TrackPointExtension>
        </extensions>
      </trkpt>
      <trkpt lat="35.75783503241837024688720703125" lon="139.53714706934988498687744140625">
        <ele>43</ele>
        <time>2026-08-25T09:08:13.000Z</time>
        <extensions>
          <ns3:TrackPointExtension>
            <ns3:hr>127</ns3:hr>
            <ns3:cad>82</ns3:cad>
          </ns3:TrackPointExtension>
        </extensions>
      </trkpt>
      <trkpt lat="35.7578445039689540863037109375" lon="139.5371697843074798583984375">
        <ele>43</ele>
        <time>2026-08-25T09:08:14.000Z</time>
        <extensions>
          <ns3:TrackPointExtension>
            <ns3:hr>127</ns3:hr>
            <ns3:cad>82</ns3:cad>
          </ns3:TrackPointExtension>
        </extensions>
      </trkpt>
      <trkpt lat="35.757851712405681610107421875" lon="139.53719249926507472991943359375">
        <ele>43</ele>
        <time>2026-08-25T09:08:15.000Z</time>
        <extensions>
          <ns3:TrackPointExtension>
            <ns3:hr>127</ns3:hr>
            <ns3:cad>82</ns3:cad>
          </ns3:TrackPointExtension>
        </extensions>
      </trkpt>
      <trkpt lat="35.7578582502901554107666015625" lon="139.53721940517425537109375">
        <ele>43</ele>
        <time>2026-08-25T09:08:16.000Z</time>
        <extensions>
          <ns3:TrackPointExtension>
            <ns3:hr>127</ns3:hr>
            <ns3:cad>81</ns3:cad>
          </ns3:TrackPointExtension>
        </extensions>
      </trkpt>
      <trkpt lat="35.75786772184073925018310546875" lon="139.537241868674755096435546875">
        <ele>43</ele>
        <time>2026-08-25T09:08:17.000Z</time>
        <extensions>
          <ns3:TrackPointExtension>
            <ns3:hr>128</ns3:hr>
            <ns3:cad>81</ns3:cad>
          </ns3:TrackPointExtension>
        </extensions>
      </trkpt>
      <trkpt lat="35.757874511182308197021484375" lon="139.53726567327976226806640625">
        <ele>43</ele>
        <time>2026-08-25T09:08:18.000Z</time>
        <extensions>
          <ns3:TrackPointExtension>
            <ns3:hr>128</ns3:hr>
            <ns3:cad>81</ns3:cad>
          </ns3:TrackPointExtension>
        </extensions>
      </trkpt>
      <trkpt lat="35.75787979178130626678466796875" lon="139.53729190863668918609619140625">
        <ele>43</ele>
        <time>2026-08-25T09:08:19.000Z</time>
        <extensions>
          <ns3:TrackPointExtension>
            <ns3:hr>128</ns3:hr>
            <ns3:cad>81</ns3:cad>
          </ns3:TrackPointExtension>
        </extensions>
      </trkpt>
      <trkpt lat="35.75788599438965320587158203125" lon="139.53731772489845752716064453125">
        <ele>43</ele>
        <time>2026-08-25T09:08:20.000Z</time>
        <extensions>
          <ns3:TrackPointExtension>
            <ns3:hr>129</ns3:hr>
            <ns3:cad>81</ns3:cad>
          </ns3:TrackPointExtension>
        </extensions>
      </trkpt>
      <trkpt lat="35.7578974775969982147216796875" lon="139.53734454698860645294189453125">
        <ele>43</ele>
        <time>2026-08-25T09:08:21.000Z</time>
        <extensions>
          <ns3:TrackPointExtension>
            <ns3:hr>129</ns3:hr>
            <ns3:cad>81</ns3:cad>
          </ns3:TrackPointExtension>
        </extensions>
      </trkpt>
      <trkpt lat="35.75791013427078723907470703125" lon="139.537368603050708770751953125">
        <ele>43</ele>
        <time>2026-08-25T09:08:22.000Z</time>
        <extensions>
          <ns3:TrackPointExtension>
            <ns3:hr>128</ns3:hr>
            <ns3:cad>81</ns3:cad>
          </ns3:TrackPointExtension>
        </extensions>
      </trkpt>
      <trkpt lat="35.7579244673252105712890625" lon="139.53739081509411334991455078125">
        <ele>43</ele>
        <time>2026-08-25T09:08:23.000Z</time>
        <extensions>
          <ns3:TrackPointExtension>
            <ns3:hr>128</ns3:hr>
            <ns3:cad>81</ns3:cad>
          </ns3:TrackPointExtension>
        </extensions>
      </trkpt>
      <trkpt lat="35.75793762691318988800048828125" lon="139.5374150387942790985107421875">
        <ele>43</ele>
        <time>2026-08-25T09:08:24.000Z</time>
        <extensions>
          <ns3:TrackPointExtension>
            <ns3:hr>128</ns3:hr>
            <ns3:cad>81</ns3:cad>
          </ns3:TrackPointExtension>
        </extensions>
      </trkpt>
      <trkpt lat="35.757948271930217742919921875" lon="139.53744093887507915496826171875">
        <ele>43</ele>
        <time>2026-08-25T09:08:25.000Z</time>
        <extensions>
          <ns3:TrackPointExtension>
            <ns3:hr>128</ns3:hr>
            <ns3:cad>81</ns3:cad>
          </ns3:TrackPointExtension>
        </extensions>
      </trkpt>
      <trkpt lat="35.757956989109516143798828125" lon="139.53746289946138858795166015625">
        <ele>43</ele>
        <time>2026-08-25T09:08:26.000Z</time>
        <extensions>
          <ns3:TrackPointExtension>
            <ns3:hr>128</ns3:hr>
            <ns3:cad>81</ns3:cad>
          </ns3:TrackPointExtension>
        </extensions>
      </trkpt>
      <trkpt lat="35.75796813704073429107666015625" lon="139.53748603351414203643798828125">
        <ele>43</ele>
        <time>2026-08-25T09:08:27.000Z</time>
        <extensions>
          <ns3:TrackPointExtension>
            <ns3:hr>128</ns3:hr>
            <ns3:cad>81</ns3:cad>
          </ns3:TrackPointExtension>
        </extensions>
      </trkpt>
      <trkpt lat="35.75797936879098415374755859375" lon="139.5375058986246585845947265625">
        <ele>43</ele>
        <time>2026-08-25T09:08:28.000Z</time>
        <extensions>
          <ns3:TrackPointExtension>
            <ns3:hr>128</ns3:hr>
            <ns3:cad>80</ns3:cad>
          </ns3:TrackPointExtension>
        </extensions>
      </trkpt>
      <trkpt lat="35.7579926960170269012451171875" lon="139.53752316534519195556640625">
        <ele>43.200000762939453125</ele>
        <time>2026-08-25T09:08:29.000Z</time>
        <extensions>
          <ns3:TrackPointExtension>
            <ns3:hr>128</ns3:hr>
            <ns3:cad>80</ns3:cad>
          </ns3:TrackPointExtension>
        </extensions>
      </trkpt>
      <trkpt lat="35.758005268871784210205078125" lon="139.5375454612076282501220703125">
        <ele>43.40000152587890625</ele>
        <time>2026-08-25T09:08:30.000Z</time>
        <extensions>
          <ns3:TrackPointExtension>
            <ns3:hr>129</ns3:hr>
            <ns3:cad>80</ns3:cad>
          </ns3:TrackPointExtension>
        </extensions>
      </trkpt>
      <trkpt lat="35.75801323167979717254638671875" lon="139.53755945898592472076416015625">
        <ele>43.40000152587890625</ele>
        <time>2026-08-25T09:08:31.000Z</time>
        <extensions>
          <ns3:TrackPointExtension>
            <ns3:hr>130</ns3:hr>
            <ns3:cad>80</ns3:cad>
          </ns3:TrackPointExtension>
        </extensions>
      </trkpt>
      <trkpt lat="35.75801876373589038848876953125" lon="139.53757739625871181488037109375">
        <ele>43.59999847412109375</ele>
        <time>2026-08-25T09:08:32.000Z</time>
        <extensions>
          <ns3:TrackPointExtension>
            <ns3:hr>130</ns3:hr>
            <ns3:cad>80</ns3:cad>
          </ns3:TrackPointExtension>
        </extensions>
      </trkpt>
      <trkpt lat="35.75802580453455448150634765625" lon="139.5376017875969409942626953125">
        <ele>43.799999237060546875</ele>
        <time>2026-08-25T09:08:33.000Z</time>
        <extensions>
          <ns3:TrackPointExtension>
            <ns3:hr>130</ns3:hr>
            <ns3:cad>80</ns3:cad>
          </ns3:TrackPointExtension>
        </extensions>
      </trkpt>
      <trkpt lat="35.758033096790313720703125" lon="139.53762349672615528106689453125">
        <ele>44</ele>
        <time>2026-08-25T09:08:34.000Z</time>
        <extensions>
          <ns3:TrackPointExtension>
            <ns3:hr>130</ns3:hr>
            <ns3:cad>80</ns3:cad>
          </ns3:TrackPointExtension>
        </extensions>
      </trkpt>
      <trkpt lat="35.75804256834089756011962890625" lon="139.53764252364635467529296875">
        <ele>44</ele>
        <time>2026-08-25T09:08:35.000Z</time>
        <extensions>
          <ns3:TrackPointExtension>
            <ns3:hr>131</ns3:hr>
            <ns3:cad>80</ns3:cad>
          </ns3:TrackPointExtension>
        </extensions>
      </trkpt>
      <trkpt lat="35.758052207529544830322265625" lon="139.53766356222331523895263671875">
        <ele>44</ele>
        <time>2026-08-25T09:08:36.000Z</time>
        <extensions>
          <ns3:TrackPointExtension>
            <ns3:hr>131</ns3:hr>
            <ns3:cad>80</ns3:cad>
          </ns3:TrackPointExtension>
        </extensions>
      </trkpt>
      <trkpt lat="35.75805882923305034637451171875" lon="139.53768409788608551025390625">
        <ele>44</ele>
        <time>2026-08-25T09:08:37.000Z</time>
        <extensions>
          <ns3:TrackPointExtension>
            <ns3:hr>131</ns3:hr>
            <ns3:cad>80</ns3:cad>
          </ns3:TrackPointExtension>
        </extensions>
      </trkpt>
      <trkpt lat="35.75807056389749050140380859375" lon="139.5377020351588726043701171875">
        <ele>44</ele>
        <time>2026-08-25T09:08:38.000Z</time>
        <extensions>
          <ns3:TrackPointExtension>
            <ns3:hr>131</ns3:hr>
            <ns3:cad>80</ns3:cad>
          </ns3:TrackPointExtension>
        </extensions>
      </trkpt>
      <trkpt lat="35.75808112509548664093017578125" lon="139.53771837987005710601806640625">
        <ele>43.799999237060546875</ele>
        <time>2026-08-25T09:08:39.000Z</time>
        <extensions>
          <ns3:TrackPointExtension>
            <ns3:hr>131</ns3:hr>
            <ns3:cad>80</ns3:cad>
          </ns3:TrackPointExtension>
        </extensions>
      </trkpt>
      <trkpt lat="35.7580885849893093109130859375" lon="139.537739418447017669677734375">
        <ele>43.59999847412109375</ele>
        <time>2026-08-25T09:08:40.000Z</time>
        <extensions>
          <ns3:TrackPointExtension>
            <ns3:hr>131</ns3:hr>
            <ns3:cad>80</ns3:cad>
          </ns3:TrackPointExtension>
        </extensions>
      </trkpt>
      <trkpt lat="35.75809772126376628875732421875" lon="139.53776280395686626434326171875">
        <ele>43.59999847412109375</ele>
        <time>2026-08-25T09:08:41.000Z</time>
        <extensions>
          <ns3:TrackPointExtension>
            <ns3:hr>131</ns3:hr>
            <ns3:cad>80</ns3:cad>
          </ns3:TrackPointExtension>
        </extensions>
      </trkpt>
      <trkpt lat="35.75810828246176242828369140625" lon="139.53778870403766632080078125">
        <ele>43.40000152587890625</ele>
        <time>2026-08-25T09:08:42.000Z</time>
        <extensions>
          <ns3:TrackPointExtension>
            <ns3:hr>132</ns3:hr>
            <ns3:cad>80</ns3:cad>
          </ns3:TrackPointExtension>
        </extensions>
      </trkpt>
      <trkpt lat="35.75812035240232944488525390625" lon="139.53781007789075374603271484375">
        <ele>43</ele>
        <time>2026-08-25T09:08:43.000Z</time>
        <extensions>
          <ns3:TrackPointExtension>
            <ns3:hr>132</ns3:hr>
            <ns3:cad>80</ns3:cad>
          </ns3:TrackPointExtension>
        </extensions>
      </trkpt>
      <trkpt lat="35.7581301592290401458740234375" lon="139.53783555887639522552490234375">
        <ele>42.799999237060546875</ele>
        <time>2026-08-25T09:08:44.000Z</time>
        <extensions>
          <ns3:TrackPointExtension>
            <ns3:hr>132</ns3:hr>
            <ns3:cad>80</ns3:cad>
          </ns3:TrackPointExtension>
        </extensions>
      </trkpt>
      <trkpt lat="35.7581408880650997161865234375" lon="139.53786875121295452117919921875">
        <ele>42.59999847412109375</ele>
        <time>2026-08-25T09:08:45.000Z</time>
        <extensions>
          <ns3:TrackPointExtension>
            <ns3:hr>132</ns3:hr>
            <ns3:cad>81</ns3:cad>
          </ns3:TrackPointExtension>
        </extensions>
      </trkpt>
      <trkpt lat="35.75814776122570037841796875" lon="139.5379008539021015167236328125">
        <ele>42.59999847412109375</ele>
        <time>2026-08-25T09:08:46.000Z</time>
        <extensions>
          <ns3:TrackPointExtension>
            <ns3:hr>132</ns3:hr>
            <ns3:cad>81</ns3:cad>
          </ns3:TrackPointExtension>
        </extensions>
      </trkpt>
      <trkpt lat="35.7581522874534130096435546875" lon="139.53792843036353588104248046875">
        <ele>42.59999847412109375</ele>
        <time>2026-08-25T09:08:47.000Z</time>
        <extensions>
          <ns3:TrackPointExtension>
            <ns3:hr>132</ns3:hr>
            <ns3:cad>81</ns3:cad>
          </ns3:TrackPointExtension>
        </extensions>
      </trkpt>
      <trkpt lat="35.75816293247044086456298828125" lon="139.53795273788273334503173828125">
        <ele>42.40000152587890625</ele>
        <time>2026-08-25T09:08:48.000Z</time>
        <extensions>
          <ns3:TrackPointExtension>
            <ns3:hr>133</ns3:hr>
            <ns3:cad>81</ns3:cad>
          </ns3:TrackPointExtension>
        </extensions>
      </trkpt>
      <trkpt lat="35.75817265547811985015869140625" lon="139.53797805123031139373779296875">
        <ele>42.40000152587890625</ele>
        <time>2026-08-25T09:08:49.000Z</time>
        <extensions>
          <ns3:TrackPointExtension>
            <ns3:hr>133</ns3:hr>
            <ns3:cad>81</ns3:cad>
          </ns3:TrackPointExtension>
        </extensions>
      </trkpt>
      <trkpt lat="35.75817952863872051239013671875" lon="139.5380041189491748809814453125">
        <ele>42.59999847412109375</ele>
        <time>2026-08-25T09:08:50.000Z</time>
        <extensions>
          <ns3:TrackPointExtension>
            <ns3:hr>134</ns3:hr>
            <ns3:cad>81</ns3:cad>
          </ns3:TrackPointExtension>
        </extensions>
      </trkpt>
      <trkpt lat="35.7581884972751140594482421875" lon="139.5380306057631969451904296875">
        <ele>42.59999847412109375</ele>
        <time>2026-08-25T09:08:51.000Z</time>
        <extensions>
          <ns3:TrackPointExtension>
            <ns3:hr>135</ns3:hr>
            <ns3:cad>81</ns3:cad>
          </ns3:TrackPointExtension>
        </extensions>
      </trkpt>
      <trkpt lat="35.7581988908350467681884765625" lon="139.53805415891110897064208984375">
        <ele>42.59999847412109375</ele>
        <time>2026-08-25T09:08:52.000Z</time>
        <extensions>
          <ns3:TrackPointExtension>
            <ns3:hr>135</ns3:hr>
            <ns3:cad>81</ns3:cad>
          </ns3:TrackPointExtension>
        </extensions>
      </trkpt>
      <trkpt lat="35.75821087695658206939697265625" lon="139.5380778796970844268798828125">
        <ele>42.59999847412109375</ele>
        <time>2026-08-25T09:08:53.000Z</time>
        <extensions>
          <ns3:TrackPointExtension>
            <ns3:hr>135</ns3:hr>
            <ns3:cad>81</ns3:cad>
          </ns3:TrackPointExtension>
        </extensions>
      </trkpt>
      <trkpt lat="35.75822110287845134735107421875" lon="139.53810092993080615997314453125">
        <ele>42.59999847412109375</ele>
        <time>2026-08-25T09:08:54.000Z</time>
        <extensions>
          <ns3:TrackPointExtension>
            <ns3:hr>134</ns3:hr>
            <ns3:cad>81</ns3:cad>
          </ns3:TrackPointExtension>
        </extensions>
      </trkpt>
      <trkpt lat="35.7582463324069976806640625" lon="139.53814635984599590301513671875">
        <ele>42.59999847412109375</ele>
        <time>2026-08-25T09:08:55.000Z</time>
        <extensions>
          <ns3:TrackPointExtension>
            <ns3:hr>134</ns3:hr>
            <ns3:cad>82</ns3:cad>
          </ns3:TrackPointExtension>
        </extensions>
      </trkpt>
      <trkpt lat="35.7582463324069976806640625" lon="139.53814635984599590301513671875">
        <ele>42.59999847412109375</ele>
        <time>2026-08-25T09:08:56.000Z</time>
        <extensions>
          <ns3:TrackPointExtension>
            <ns3:hr>134</ns3:hr>
            <ns3:cad>82</ns3:cad>
          </ns3:TrackPointExtension>
        </extensions>
      </trkpt>
      <trkpt lat="35.75825865380465984344482421875" lon="139.538165889680385589599609375">
        <ele>42.59999847412109375</ele>
        <time>2026-08-25T09:08:57.000Z</time>
        <extensions>
          <ns3:TrackPointExtension>
            <ns3:hr>134</ns3:hr>
            <ns3:cad>82</ns3:cad>
          </ns3:TrackPointExtension>
        </extensions>
      </trkpt>
      <trkpt lat="35.7582703046500682830810546875" lon="139.53818474896252155303955078125">
        <ele>42.59999847412109375</ele>
        <time>2026-08-25T09:08:58.000Z</time>
        <extensions>
          <ns3:TrackPointExtension>
            <ns3:hr>135</ns3:hr>
            <ns3:cad>83</ns3:cad>
          </ns3:TrackPointExtension>
        </extensions>
      </trkpt>
      <trkpt lat="35.75828011147677898406982421875" lon="139.53820469789206981658935546875">
        <ele>42.59999847412109375</ele>
        <time>2026-08-25T09:08:59.000Z</time>
        <extensions>
          <ns3:TrackPointExtension>
            <ns3:hr>135</ns3:hr>
            <ns3:cad>83</ns3:cad>
          </ns3:TrackPointExtension>
        </extensions>
      </trkpt>
      <trkpt lat="35.75829050503671169281005859375" lon="139.53822582028806209564208984375">
        <ele>42.59999847412109375</ele>
        <time>2026-08-25T09:09:00.000Z</time>
        <extensions>
          <ns3:TrackPointExtension>
            <ns3:hr>135</ns3:hr>
            <ns3:cad>82</ns3:cad>
          </ns3:TrackPointExtension>
        </extensions>
      </trkpt>
      <trkpt lat="35.75830198824405670166015625" lon="139.5382485352456569671630859375">
        <ele>42.59999847412109375</ele>
        <time>2026-08-25T09:09:01.000Z</time>
        <extensions>
          <ns3:TrackPointExtension>
            <ns3:hr>135</ns3:hr>
            <ns3:cad>82</ns3:cad>
          </ns3:TrackPointExtension>
        </extensions>
      </trkpt>
      <trkpt lat="35.75831430964171886444091796875" lon="139.53827007673680782318115234375">
        <ele>42.59999847412109375</ele>
        <time>2026-08-25T09:09:02.000Z</time>
        <extensions>
          <ns3:TrackPointExtension>
            <ns3:hr>135</ns3:hr>
            <ns3:cad>82</ns3:cad>
          </ns3:TrackPointExtension>
        </extensions>
      </trkpt>
      <trkpt lat="35.7583279721438884735107421875" lon="139.53829052858054637908935546875">
        <ele>42.59999847412109375</ele>
        <time>2026-08-25T09:09:03.000Z</time>
        <extensions>
          <ns3:TrackPointExtension>
            <ns3:hr>136</ns3:hr>
            <ns3:cad>82</ns3:cad>
          </ns3:TrackPointExtension>
        </extensions>
      </trkpt>
      <trkpt lat="35.758341215550899505615234375" lon="139.53831198625266551971435546875">
        <ele>42.59999847412109375</ele>
        <time>2026-08-25T09:09:04.000Z</time>
        <extensions>
          <ns3:TrackPointExtension>
            <ns3:hr>135</ns3:hr>
            <ns3:cad>82</ns3:cad>
          </ns3:TrackPointExtension>
        </extensions>
      </trkpt>
      <trkpt lat="35.75835295021533966064453125" lon="139.53833185136318206787109375">
        <ele>42.59999847412109375</ele>
        <time>2026-08-25T09:09:05.000Z</time>
        <extensions>
          <ns3:TrackPointExtension>
            <ns3:hr>135</ns3:hr>
            <ns3:cad>82</ns3:cad>
          </ns3:TrackPointExtension>
        </extensions>
      </trkpt>
      <trkpt lat="35.758367367088794708251953125" lon="139.53835322521626949310302734375">
        <ele>42.59999847412109375</ele>
        <time>2026-08-25T09:09:06.000Z</time>
        <extensions>
          <ns3:TrackPointExtension>
            <ns3:hr>135</ns3:hr>
            <ns3:cad>82</ns3:cad>
          </ns3:TrackPointExtension>
        </extensions>
      </trkpt>
      <trkpt lat="35.75837985612452030181884765625" lon="139.5383735932409763336181640625">
        <ele>42.59999847412109375</ele>
        <time>2026-08-25T09:09:07.000Z</time>
        <extensions>
          <ns3:TrackPointExtension>
            <ns3:hr>135</ns3:hr>
            <ns3:cad>82</ns3:cad>
          </ns3:TrackPointExtension>
        </extensions>
      </trkpt>
      <trkpt lat="35.758392177522182464599609375" lon="139.53839496709406375885009765625">
        <ele>42.59999847412109375</ele>
        <time>2026-08-25T09:09:08.000Z</time>
        <extensions>
          <ns3:TrackPointExtension>
            <ns3:hr>135</ns3:hr>
            <ns3:cad>82</ns3:cad>
          </ns3:TrackPointExtension>
        </extensions>
      </trkpt>
      <trkpt lat="35.75840315781533718109130859375" lon="139.53841776587069034576416015625">
        <ele>42.59999847412109375</ele>
        <time>2026-08-25T09:09:09.000Z</time>
        <extensions>
          <ns3:TrackPointExtension>
            <ns3:hr>135</ns3:hr>
            <ns3:cad>83</ns3:cad>
          </ns3:TrackPointExtension>
        </extensions>
      </trkpt>
      <trkpt lat="35.7584131322801113128662109375" lon="139.5384383015334606170654296875">
        <ele>42.59999847412109375</ele>
        <time>2026-08-25T09:09:10.000Z</time>
        <extensions>
          <ns3:TrackPointExtension>
            <ns3:hr>135</ns3:hr>
            <ns3:cad>83</ns3:cad>
          </ns3:TrackPointExtension>
        </extensions>
      </trkpt>
      <trkpt lat="35.75842042453587055206298828125" lon="139.53845649026334285736083984375">
        <ele>42.59999847412109375</ele>
        <time>2026-08-25T09:09:11.000Z</time>
        <extensions>
          <ns3:TrackPointExtension>
            <ns3:hr>135</ns3:hr>
            <ns3:cad>83</ns3:cad>
          </ns3:TrackPointExtension>
        </extensions>
      </trkpt>
      <trkpt lat="35.7584305666387081146240234375" lon="139.53848063014447689056396484375">
        <ele>42.59999847412109375</ele>
        <time>2026-08-25T09:09:12.000Z</time>
        <extensions>
          <ns3:TrackPointExtension>
            <ns3:hr>136</ns3:hr>
            <ns3:cad>82</ns3:cad>
          </ns3:TrackPointExtension>
        </extensions>
      </trkpt>
      <trkpt lat="35.75844188220798969268798828125" lon="139.53850460238754749298095703125">
        <ele>42.59999847412109375</ele>
        <time>2026-08-25T09:09:13.000Z</time>
        <extensions>
          <ns3:TrackPointExtension>
            <ns3:hr>135</ns3:hr>
            <ns3:cad>82</ns3:cad>
          </ns3:TrackPointExtension>
        </extensions>
      </trkpt>
      <trkpt lat="35.75845244340598583221435546875" lon="139.5385274849832057952880859375">
        <ele>42.59999847412109375</ele>
        <time>2026-08-25T09:09:14.000Z</time>
        <extensions>
          <ns3:TrackPointExtension>
            <ns3:hr>135</ns3:hr>
            <ns3:cad>82</ns3:cad>
          </ns3:TrackPointExtension>
        </extensions>
      </trkpt>
      <trkpt lat="35.75846183113753795623779296875" lon="139.53854911029338836669921875">
        <ele>42.59999847412109375</ele>
        <time>2026-08-25T09:09:15.000Z</time>
        <extensions>
          <ns3:TrackPointExtension>
            <ns3:hr>135</ns3:hr>
            <ns3:cad>82</ns3:cad>
          </ns3:TrackPointExtension>
        </extensions>
      </trkpt>
      <trkpt lat="35.758474655449390411376953125" lon="139.5385698974132537841796875">
        <ele>42.59999847412109375</ele>
        <time>2026-08-25T09:09:16.000Z</time>
        <extensions>
          <ns3:TrackPointExtension>
            <ns3:hr>136</ns3:hr>
            <ns3:cad>82</ns3:cad>
          </ns3:TrackPointExtension>
        </extensions>
      </trkpt>
      <trkpt lat="35.75848639011383056640625" lon="139.5385931991040706634521484375">
        <ele>42.59999847412109375</ele>
        <time>2026-08-25T09:09:17.000Z</time>
        <extensions>
          <ns3:TrackPointExtension>
            <ns3:hr>135</ns3:hr>
            <ns3:cad>83</ns3:cad>
          </ns3:TrackPointExtension>
        </extensions>
      </trkpt>
      <trkpt lat="35.75849913060665130615234375" lon="139.5386133156716823577880859375">
        <ele>42.59999847412109375</ele>
        <time>2026-08-25T09:09:18.000Z</time>
        <extensions>
          <ns3:TrackPointExtension>
            <ns3:hr>135</ns3:hr>
            <ns3:cad>83</ns3:cad>
          </ns3:TrackPointExtension>
        </extensions>
      </trkpt>
      <trkpt lat="35.7585137151181697845458984375" lon="139.53863334842026233673095703125">
        <ele>42.59999847412109375</ele>
        <time>2026-08-25T09:09:19.000Z</time>
        <extensions>
          <ns3:TrackPointExtension>
            <ns3:hr>135</ns3:hr>
            <ns3:cad>84</ns3:cad>
          </ns3:TrackPointExtension>
        </extensions>
      </trkpt>
      <trkpt lat="35.75852553360164165496826171875" lon="139.53865564428269863128662109375">
        <ele>42.59999847412109375</ele>
        <time>2026-08-25T09:09:20.000Z</time>
        <extensions>
          <ns3:TrackPointExtension>
            <ns3:hr>135</ns3:hr>
            <ns3:cad>84</ns3:cad>
          </ns3:TrackPointExtension>
        </extensions>
      </trkpt>
      <trkpt lat="35.758537352085113525390625" lon="139.53867877833545207977294921875">
        <ele>42.59999847412109375</ele>
        <time>2026-08-25T09:09:21.000Z</time>
        <extensions>
          <ns3:TrackPointExtension>
            <ns3:hr>135</ns3:hr>
            <ns3:cad>83</ns3:cad>
          </ns3:TrackPointExtension>
        </extensions>
      </trkpt>
      <trkpt lat="35.75854514725506305694580078125" lon="139.538705348968505859375">
        <ele>42.59999847412109375</ele>
        <time>2026-08-25T09:09:22.000Z</time>
        <extensions>
          <ns3:TrackPointExtension>
            <ns3:hr>135</ns3:hr>
            <ns3:cad>82</ns3:cad>
          </ns3:TrackPointExtension>
        </extensions>
      </trkpt>
      <trkpt lat="35.75855679810047149658203125" lon="139.53873644582927227020263671875">
        <ele>42.40000152587890625</ele>
        <time>2026-08-25T09:09:23.000Z</time>
        <extensions>
          <ns3:TrackPointExtension>
            <ns3:hr>135</ns3:hr>
            <ns3:cad>81</ns3:cad>
          </ns3:TrackPointExtension>
        </extensions>
      </trkpt>
      <trkpt lat="35.75856886804103851318359375" lon="139.5387584902346134185791015625">
        <ele>42.40000152587890625</ele>
        <time>2026-08-25T09:09:24.000Z</time>
        <extensions>
          <ns3:TrackPointExtension>
            <ns3:hr>135</ns3:hr>
            <ns3:cad>81</ns3:cad>
          </ns3:TrackPointExtension>
        </extensions>
      </trkpt>
      <trkpt lat="35.7585834525525569915771484375" lon="139.5387722365558147430419921875">
        <ele>42.40000152587890625</ele>
        <time>2026-08-25T09:09:25.000Z</time>
        <extensions>
          <ns3:TrackPointExtension>
            <ns3:hr>136</ns3:hr>
            <ns3:cad>81</ns3:cad>
          </ns3:TrackPointExtension>
        </extensions>
      </trkpt>
      <trkpt lat="35.7586055807769298553466796875" lon="139.53878908418118953704833984375">
        <ele>42.40000152587890625</ele>
        <time>2026-08-25T09:09:26.000Z</time>
        <extensions>
          <ns3:TrackPointExtension>
            <ns3:hr>136</ns3:hr>
            <ns3:cad>82</ns3:cad>
          </ns3:TrackPointExtension>
        </extensions>
      </trkpt>
      <trkpt lat="35.7586250267922878265380859375" lon="139.53880794346332550048828125">
        <ele>42.40000152587890625</ele>
        <time>2026-08-25T09:09:27.000Z</time>
        <extensions>
          <ns3:TrackPointExtension>
            <ns3:hr>136</ns3:hr>
            <ns3:cad>82</ns3:cad>
          </ns3:TrackPointExtension>
        </extensions>
      </trkpt>
      <trkpt lat="35.75864019803702831268310546875" lon="139.53882764093577861785888671875">
        <ele>42.40000152587890625</ele>
        <time>2026-08-25T09:09:28.000Z</time>
        <extensions>
          <ns3:TrackPointExtension>
            <ns3:hr>136</ns3:hr>
            <ns3:cad>82</ns3:cad>
          </ns3:TrackPointExtension>
        </extensions>
      </trkpt>
      <trkpt lat="35.75865142978727817535400390625" lon="139.53884658403694629669189453125">
        <ele>42.40000152587890625</ele>
        <time>2026-08-25T09:09:29.000Z</time>
        <extensions>
          <ns3:TrackPointExtension>
            <ns3:hr>137</ns3:hr>
            <ns3:cad>82</ns3:cad>
          </ns3:TrackPointExtension>
        </extensions>
      </trkpt>
      <trkpt lat="35.7586642540991306304931640625" lon="139.5388674549758434295654296875">
        <ele>42.40000152587890625</ele>
        <time>2026-08-25T09:09:30.000Z</time>
        <extensions>
          <ns3:TrackPointExtension>
            <ns3:hr>138</ns3:hr>
            <ns3:cad>82</ns3:cad>
          </ns3:TrackPointExtension>
        </extensions>
      </trkpt>
      <trkpt lat="35.7586753182113170623779296875" lon="139.5388855598866939544677734375">
        <ele>42.40000152587890625</ele>
        <time>2026-08-25T09:09:31.000Z</time>
        <extensions>
          <ns3:TrackPointExtension>
            <ns3:hr>139</ns3:hr>
            <ns3:cad>82</ns3:cad>
          </ns3:TrackPointExtension>
        </extensions>
      </trkpt>
      <trkpt lat="35.75868780724704265594482421875" lon="139.53889939002692699432373046875">
        <ele>42.40000152587890625</ele>
        <time>2026-08-25T09:09:32.000Z</time>
        <extensions>
          <ns3:TrackPointExtension>
            <ns3:hr>139</ns3:hr>
            <ns3:cad>82</ns3:cad>
          </ns3:TrackPointExtension>
        </extensions>
      </trkpt>
      <trkpt lat="35.758699961006641387939453125" lon="139.5389160700142383575439453125">
        <ele>42.59999847412109375</ele>
        <time>2026-08-25T09:09:33.000Z</time>
        <extensions>
          <ns3:TrackPointExtension>
            <ns3:hr>139</ns3:hr>
            <ns3:cad>82</ns3:cad>
          </ns3:TrackPointExtension>
        </extensions>
      </trkpt>
      <trkpt lat="35.75871714390814304351806640625" lon="139.53893275000154972076416015625">
        <ele>42.799999237060546875</ele>
        <time>2026-08-25T09:09:34.000Z</time>
        <extensions>
          <ns3:TrackPointExtension>
            <ns3:hr>140</ns3:hr>
            <ns3:cad>82</ns3:cad>
          </ns3:TrackPointExtension>
        </extensions>
      </trkpt>
      <trkpt lat="35.7587326504290103912353515625" lon="139.53894766978919506072998046875">
        <ele>43</ele>
        <time>2026-08-25T09:09:35.000Z</time>
        <extensions>
          <ns3:TrackPointExtension>
            <ns3:hr>140</ns3:hr>
            <ns3:cad>81</ns3:cad>
          </ns3:TrackPointExtension>
        </extensions>
      </trkpt>
      <trkpt lat="35.75875067152082920074462890625" lon="139.5389641821384429931640625">
        <ele>43.200000762939453125</ele>
        <time>2026-08-25T09:09:36.000Z</time>
        <extensions>
          <ns3:TrackPointExtension>
            <ns3:hr>140</ns3:hr>
            <ns3:cad>80</ns3:cad>
          </ns3:TrackPointExtension>
        </extensions>
      </trkpt>
      <trkpt lat="35.75876533985137939453125" lon="139.53898404724895954132080078125">
        <ele>43.40000152587890625</ele>
        <time>2026-08-25T09:09:37.000Z</time>
        <extensions>
          <ns3:TrackPointExtension>
            <ns3:hr>140</ns3:hr>
            <ns3:cad>80</ns3:cad>
          </ns3:TrackPointExtension>
        </extensions>
      </trkpt>
      <trkpt lat="35.75878017581999301910400390625" lon="139.5390005595982074737548828125">
        <ele>43.59999847412109375</ele>
        <time>2026-08-25T09:09:38.000Z</time>
        <extensions>
          <ns3:TrackPointExtension>
            <ns3:hr>140</ns3:hr>
            <ns3:cad>81</ns3:cad>
          </ns3:TrackPointExtension>
        </extensions>
      </trkpt>
      <trkpt lat="35.7587963528931140899658203125" lon="139.53901941888034343719482421875">
        <ele>43.59999847412109375</ele>
        <time>2026-08-25T09:09:39.000Z</time>
        <extensions>
          <ns3:TrackPointExtension>
            <ns3:hr>140</ns3:hr>
            <ns3:cad>81</ns3:cad>
          </ns3:TrackPointExtension>
        </extensions>
      </trkpt>
      <trkpt lat="35.75880984775722026824951171875" lon="139.5390360988676548004150390625">
        <ele>43.799999237060546875</ele>
        <time>2026-08-25T09:09:40.000Z</time>
        <extensions>
          <ns3:TrackPointExtension>
            <ns3:hr>140</ns3:hr>
            <ns3:cad>81</ns3:cad>
          </ns3:TrackPointExtension>
        </extensions>
      </trkpt>
      <trkpt lat="35.75882258825004100799560546875" lon="139.5390528626739978790283203125">
        <ele>43.799999237060546875</ele>
        <time>2026-08-25T09:09:41.000Z</time>
        <extensions>
          <ns3:TrackPointExtension>
            <ns3:hr>140</ns3:hr>
            <ns3:cad>79</ns3:cad>
          </ns3:TrackPointExtension>
        </extensions>
      </trkpt>
      <trkpt lat="35.758835412561893463134765625" lon="139.53906945884227752685546875">
        <ele>43.799999237060546875</ele>
        <time>2026-08-25T09:09:42.000Z</time>
        <extensions>
          <ns3:TrackPointExtension>
            <ns3:hr>140</ns3:hr>
            <ns3:cad>79</ns3:cad>
          </ns3:TrackPointExtension>
        </extensions>
      </trkpt>
      <trkpt lat="35.7588483206927776336669921875" lon="139.539085887372493743896484375">
        <ele>43.799999237060546875</ele>
        <time>2026-08-25T09:09:43.000Z</time>
        <extensions>
          <ns3:TrackPointExtension>
            <ns3:hr>140</ns3:hr>
            <ns3:cad>80</ns3:cad>
          </ns3:TrackPointExtension>
        </extensions>
      </trkpt>
      <trkpt lat="35.7588603906333446502685546875" lon="139.53910156153142452239990234375">
        <ele>43.799999237060546875</ele>
        <time>2026-08-25T09:09:44.000Z</time>
        <extensions>
          <ns3:TrackPointExtension>
            <ns3:hr>140</ns3:hr>
            <ns3:cad>80</ns3:cad>
          </ns3:TrackPointExtension>
        </extensions>
      </trkpt>
      <trkpt lat="35.75887237675487995147705078125" lon="139.539120085537433624267578125">
        <ele>43.59999847412109375</ele>
        <time>2026-08-25T09:09:45.000Z</time>
        <extensions>
          <ns3:TrackPointExtension>
            <ns3:hr>140</ns3:hr>
            <ns3:cad>80</ns3:cad>
          </ns3:TrackPointExtension>
        </extensions>
      </trkpt>
      <trkpt lat="35.7588841952383518218994140625" lon="139.53913710080087184906005859375">
        <ele>43.40000152587890625</ele>
        <time>2026-08-25T09:09:46.000Z</time>
        <extensions>
          <ns3:TrackPointExtension>
            <ns3:hr>139</ns3:hr>
            <ns3:cad>80</ns3:cad>
          </ns3:TrackPointExtension>
        </extensions>
      </trkpt>
      <trkpt lat="35.75889769010245800018310546875" lon="139.53915419988334178924560546875">
        <ele>43.200000762939453125</ele>
        <time>2026-08-25T09:09:47.000Z</time>
        <extensions>
          <ns3:TrackPointExtension>
            <ns3:hr>139</ns3:hr>
            <ns3:cad>80</ns3:cad>
          </ns3:TrackPointExtension>
        </extensions>
      </trkpt>
      <trkpt lat="35.75890959240496158599853515625" lon="139.53917230479419231414794921875">
        <ele>43</ele>
        <time>2026-08-25T09:09:48.000Z</time>
        <extensions>
          <ns3:TrackPointExtension>
            <ns3:hr>139</ns3:hr>
            <ns3:cad>81</ns3:cad>
          </ns3:TrackPointExtension>
        </extensions>
      </trkpt>
      <trkpt lat="35.75892350636422634124755859375" lon="139.5391881465911865234375">
        <ele>43</ele>
        <time>2026-08-25T09:09:49.000Z</time>
        <extensions>
          <ns3:TrackPointExtension>
            <ns3:hr>139</ns3:hr>
            <ns3:cad>81</ns3:cad>
          </ns3:TrackPointExtension>
        </extensions>
      </trkpt>
      <trkpt lat="35.75893959961831569671630859375" lon="139.53920633532106876373291015625">
        <ele>42.799999237060546875</ele>
        <time>2026-08-25T09:09:50.000Z</time>
        <extensions>
          <ns3:TrackPointExtension>
            <ns3:hr>139</ns3:hr>
            <ns3:cad>81</ns3:cad>
          </ns3:TrackPointExtension>
        </extensions>
      </trkpt>
      <trkpt lat="35.758957453072071075439453125" lon="139.53922427259385585784912109375">
        <ele>42.59999847412109375</ele>
        <time>2026-08-25T09:09:51.000Z</time>
        <extensions>
          <ns3:TrackPointExtension>
            <ns3:hr>138</ns3:hr>
            <ns3:cad>80</ns3:cad>
          </ns3:TrackPointExtension>
        </extensions>
      </trkpt>
      <trkpt lat="35.7589696906507015228271484375" lon="139.53924556262791156768798828125">
        <ele>42.40000152587890625</ele>
        <time>2026-08-25T09:09:52.000Z</time>
        <extensions>
          <ns3:TrackPointExtension>
            <ns3:hr>138</ns3:hr>
            <ns3:cad>80</ns3:cad>
          </ns3:TrackPointExtension>
        </extensions>
      </trkpt>
      <trkpt lat="35.7589794136583805084228515625" lon="139.5392714627087116241455078125">
        <ele>42.40000152587890625</ele>
        <time>2026-08-25T09:09:53.000Z</time>
        <extensions>
          <ns3:TrackPointExtension>
            <ns3:hr>138</ns3:hr>
            <ns3:cad>80</ns3:cad>
          </ns3:TrackPointExtension>
        </extensions>
      </trkpt>
      <trkpt lat="35.7589888013899326324462890625" lon="139.53929652459919452667236328125">
        <ele>42.200000762939453125</ele>
        <time>2026-08-25T09:09:54.000Z</time>
        <extensions>
          <ns3:TrackPointExtension>
            <ns3:hr>138</ns3:hr>
            <ns3:cad>81</ns3:cad>
          </ns3:TrackPointExtension>
        </extensions>
      </trkpt>
      <trkpt lat="35.758999697864055633544921875" lon="139.53931882046163082122802734375">
        <ele>42.200000762939453125</ele>
        <time>2026-08-25T09:09:55.000Z</time>
        <extensions>
          <ns3:TrackPointExtension>
            <ns3:hr>137</ns3:hr>
            <ns3:cad>82</ns3:cad>
          </ns3:TrackPointExtension>
        </extensions>
      </trkpt>
      <trkpt lat="35.75901352800428867340087890625" lon="139.53934027813374996185302734375">
        <ele>42.200000762939453125</ele>
        <time>2026-08-25T09:09:56.000Z</time>
        <extensions>
          <ns3:TrackPointExtension>
            <ns3:hr>137</ns3:hr>
            <ns3:cad>82</ns3:cad>
          </ns3:TrackPointExtension>
        </extensions>
      </trkpt>
      <trkpt lat="35.75902710668742656707763671875" lon="139.53935838304460048675537109375">
        <ele>42.40000152587890625</ele>
        <time>2026-08-25T09:09:57.000Z</time>
        <extensions>
          <ns3:TrackPointExtension>
            <ns3:hr>137</ns3:hr>
            <ns3:cad>82</ns3:cad>
          </ns3:TrackPointExtension>
        </extensions>
      </trkpt>
      <trkpt lat="35.7590397633612155914306640625" lon="139.5393764041364192962646484375">
        <ele>42.40000152587890625</ele>
        <time>2026-08-25T09:09:58.000Z</time>
        <extensions>
          <ns3:TrackPointExtension>
            <ns3:hr>137</ns3:hr>
            <ns3:cad>82</ns3:cad>
          </ns3:TrackPointExtension>
        </extensions>
      </trkpt>
      <trkpt lat="35.75905359350144863128662109375" lon="139.5393960177898406982421875">
        <ele>42.40000152587890625</ele>
        <time>2026-08-25T09:09:59.000Z</time>
        <extensions>
          <ns3:TrackPointExtension>
            <ns3:hr>137</ns3:hr>
            <ns3:cad>82</ns3:cad>
          </ns3:TrackPointExtension>
        </extensions>
      </trkpt>
      <trkpt lat="35.759068094193935394287109375" lon="139.539412446320056915283203125">
        <ele>42.40000152587890625</ele>
        <time>2026-08-25T09:10:00.000Z</time>
        <extensions>
          <ns3:TrackPointExtension>
            <ns3:hr>137</ns3:hr>
            <ns3:cad>81</ns3:cad>
          </ns3:TrackPointExtension>
        </extensions>
      </trkpt>
      <trkpt lat="35.75908242724835872650146484375" lon="139.539427869021892547607421875">
        <ele>42.40000152587890625</ele>
        <time>2026-08-25T09:10:01.000Z</time>
        <extensions>
          <ns3:TrackPointExtension>
            <ns3:hr>137</ns3:hr>
            <ns3:cad>81</ns3:cad>
          </ns3:TrackPointExtension>
        </extensions>
      </trkpt>
      <trkpt lat="35.7590965926647186279296875" lon="139.53944421373307704925537109375">
        <ele>42.40000152587890625</ele>
        <time>2026-08-25T09:10:02.000Z</time>
        <extensions>
          <ns3:TrackPointExtension>
            <ns3:hr>137</ns3:hr>
            <ns3:cad>81</ns3:cad>
          </ns3:TrackPointExtension>
        </extensions>
      </trkpt>
      <trkpt lat="35.7591098360717296600341796875" lon="139.5394592173397541046142578125">
        <ele>42.40000152587890625</ele>
        <time>2026-08-25T09:10:03.000Z</time>
        <extensions>
          <ns3:TrackPointExtension>
            <ns3:hr>137</ns3:hr>
            <ns3:cad>80</ns3:cad>
          </ns3:TrackPointExtension>
        </extensions>
      </trkpt>
      <trkpt lat="35.7591245882213115692138671875" lon="139.539476819336414337158203125">
        <ele>42.40000152587890625</ele>
        <time>2026-08-25T09:10:04.000Z</time>
        <extensions>
          <ns3:TrackPointExtension>
            <ns3:hr>137</ns3:hr>
            <ns3:cad>80</ns3:cad>
          </ns3:TrackPointExtension>
        </extensions>
      </trkpt>
      <trkpt lat="35.75913942418992519378662109375" lon="139.53949517570436000823974609375">
        <ele>42.40000152587890625</ele>
        <time>2026-08-25T09:10:05.000Z</time>
        <extensions>
          <ns3:TrackPointExtension>
            <ns3:hr>137</ns3:hr>
            <ns3:cad>80</ns3:cad>
          </ns3:TrackPointExtension>
        </extensions>
      </trkpt>
      <trkpt lat="35.7591520808637142181396484375" lon="139.53951395116746425628662109375">
        <ele>42.200000762939453125</ele>
        <time>2026-08-25T09:10:06.000Z</time>
        <extensions>
          <ns3:TrackPointExtension>
            <ns3:hr>138</ns3:hr>
            <ns3:cad>79</ns3:cad>
          </ns3:TrackPointExtension>
        </extensions>
      </trkpt>
      <trkpt lat="35.75916540808975696563720703125" lon="139.5395346544682979583740234375">
        <ele>42.200000762939453125</ele>
        <time>2026-08-25T09:10:07.000Z</time>
        <extensions>
          <ns3:TrackPointExtension>
            <ns3:hr>138</ns3:hr>
            <ns3:cad>80</ns3:cad>
          </ns3:TrackPointExtension>
        </extensions>
      </trkpt>
      <trkpt lat="35.75917814858257770538330078125" lon="139.53955083154141902923583984375">
        <ele>42.200000762939453125</ele>
        <time>2026-08-25T09:10:08.000Z</time>
        <extensions>
          <ns3:TrackPointExtension>
            <ns3:hr>139</ns3:hr>
            <ns3:cad>81</ns3:cad>
          </ns3:TrackPointExtension>
        </extensions>
      </trkpt>
      <trkpt lat="35.75919172726571559906005859375" lon="139.53956843353807926177978515625">
        <ele>42.200000762939453125</ele>
        <time>2026-08-25T09:10:09.000Z</time>
        <extensions>
          <ns3:TrackPointExtension>
            <ns3:hr>139</ns3:hr>
            <ns3:cad>81</ns3:cad>
          </ns3:TrackPointExtension>
        </extensions>
      </trkpt>
      <trkpt lat="35.759206227958202362060546875" lon="139.5395862869918346405029296875">
        <ele>42.200000762939453125</ele>
        <time>2026-08-25T09:10:10.000Z</time>
        <extensions>
          <ns3:TrackPointExtension>
            <ns3:hr>139</ns3:hr>
            <ns3:cad>82</ns3:cad>
          </ns3:TrackPointExtension>
        </extensions>
      </trkpt>
      <trkpt lat="35.7592184655368328094482421875" lon="139.53960455954074859619140625">
        <ele>42.200000762939453125</ele>
        <time>2026-08-25T09:10:11.000Z</time>
        <extensions>
          <ns3:TrackPointExtension>
            <ns3:hr>139</ns3:hr>
            <ns3:cad>82</ns3:cad>
          </ns3:TrackPointExtension>
        </extensions>
      </trkpt>
      <trkpt lat="35.7592298649251461029052734375" lon="139.5396241731941699981689453125">
        <ele>42.200000762939453125</ele>
        <time>2026-08-25T09:10:12.000Z</time>
        <extensions>
          <ns3:TrackPointExtension>
            <ns3:hr>139</ns3:hr>
            <ns3:cad>82</ns3:cad>
          </ns3:TrackPointExtension>
        </extensions>
      </trkpt>
      <trkpt lat="35.75924352742731571197509765625" lon="139.53964537940919399261474609375">
        <ele>42.200000762939453125</ele>
        <time>2026-08-25T09:10:13.000Z</time>
        <extensions>
          <ns3:TrackPointExtension>
            <ns3:hr>139</ns3:hr>
            <ns3:cad>82</ns3:cad>
          </ns3:TrackPointExtension>
        </extensions>
      </trkpt>
      <trkpt lat="35.7592580281198024749755859375" lon="139.5396627299487590789794921875">
        <ele>42.200000762939453125</ele>
        <time>2026-08-25T09:10:14.000Z</time>
        <extensions>
          <ns3:TrackPointExtension>
            <ns3:hr>138</ns3:hr>
            <ns3:cad>81</ns3:cad>
          </ns3:TrackPointExtension>
        </extensions>
      </trkpt>
      <trkpt lat="35.7592704333364963531494140625" lon="139.53968100249767303466796875">
        <ele>42.200000762939453125</ele>
        <time>2026-08-25T09:10:15.000Z</time>
        <extensions>
          <ns3:TrackPointExtension>
            <ns3:hr>138</ns3:hr>
            <ns3:cad>81</ns3:cad>
          </ns3:TrackPointExtension>
        </extensions>
      </trkpt>
      <trkpt lat="35.75928501784801483154296875" lon="139.53970120288431644439697265625">
        <ele>42.200000762939453125</ele>
        <time>2026-08-25T09:10:16.000Z</time>
        <extensions>
          <ns3:TrackPointExtension>
            <ns3:hr>138</ns3:hr>
            <ns3:cad>81</ns3:cad>
          </ns3:TrackPointExtension>
        </extensions>
      </trkpt>
      <trkpt lat="35.75929935090243816375732421875" lon="139.539720900356769561767578125">
        <ele>42.200000762939453125</ele>
        <time>2026-08-25T09:10:17.000Z</time>
        <extensions>
          <ns3:TrackPointExtension>
            <ns3:hr>138</ns3:hr>
            <ns3:cad>82</ns3:cad>
          </ns3:TrackPointExtension>
        </extensions>
      </trkpt>
      <trkpt lat="35.75931527651846408843994140625" lon="139.539738334715366363525390625">
        <ele>42.200000762939453125</ele>
        <time>2026-08-25T09:10:18.000Z</time>
        <extensions>
          <ns3:TrackPointExtension>
            <ns3:hr>137</ns3:hr>
            <ns3:cad>82</ns3:cad>
          </ns3:TrackPointExtension>
        </extensions>
      </trkpt>
      <trkpt lat="35.759330280125141143798828125" lon="139.5397589541971683502197265625">
        <ele>42.200000762939453125</ele>
        <time>2026-08-25T09:10:19.000Z</time>
        <extensions>
          <ns3:TrackPointExtension>
            <ns3:hr>137</ns3:hr>
            <ns3:cad>82</ns3:cad>
          </ns3:TrackPointExtension>
        </extensions>
      </trkpt>
      <trkpt lat="35.7593406736850738525390625" lon="139.53977982513606548309326171875">
        <ele>42.200000762939453125</ele>
        <time>2026-08-25T09:10:20.000Z</time>
        <extensions>
          <ns3:TrackPointExtension>
            <ns3:hr>137</ns3:hr>
            <ns3:cad>82</ns3:cad>
          </ns3:TrackPointExtension>
        </extensions>
      </trkpt>
      <trkpt lat="35.759353078901767730712890625" lon="139.53980228863656520843505859375">
        <ele>42.200000762939453125</ele>
        <time>2026-08-25T09:10:21.000Z</time>
        <extensions>
          <ns3:TrackPointExtension>
            <ns3:hr>137</ns3:hr>
            <ns3:cad>82</ns3:cad>
          </ns3:TrackPointExtension>
        </extensions>
      </trkpt>
      <trkpt lat="35.75936414301395416259765625" lon="139.539824165403842926025390625">
        <ele>42.200000762939453125</ele>
        <time>2026-08-25T09:10:22.000Z</time>
        <extensions>
          <ns3:TrackPointExtension>
            <ns3:hr>137</ns3:hr>
            <ns3:cad>82</ns3:cad>
          </ns3:TrackPointExtension>
        </extensions>
      </trkpt>
      <trkpt lat="35.75937755405902862548828125" lon="139.53984587453305721282958984375">
        <ele>42</ele>
        <time>2026-08-25T09:10:23.000Z</time>
        <extensions>
          <ns3:TrackPointExtension>
            <ns3:hr>138</ns3:hr>
            <ns3:cad>82</ns3:cad>
          </ns3:TrackPointExtension>
        </extensions>
      </trkpt>
      <trkpt lat="35.75938560068607330322265625" lon="139.53987219370901584625244140625">
        <ele>42</ele>
        <time>2026-08-25T09:10:24.000Z</time>
        <extensions>
          <ns3:TrackPointExtension>
            <ns3:hr>138</ns3:hr>
            <ns3:cad>82</ns3:cad>
          </ns3:TrackPointExtension>
        </extensions>
      </trkpt>
      <trkpt lat="35.75939892791211605072021484375" lon="139.53989448957145214080810546875">
        <ele>42</ele>
        <time>2026-08-25T09:10:25.000Z</time>
        <extensions>
          <ns3:TrackPointExtension>
            <ns3:hr>138</ns3:hr>
            <ns3:cad>83</ns3:cad>
          </ns3:TrackPointExtension>
        </extensions>
      </trkpt>
      <trkpt lat="35.7594129256904125213623046875" lon="139.5399177074432373046875">
        <ele>42</ele>
        <time>2026-08-25T09:10:26.000Z</time>
        <extensions>
          <ns3:TrackPointExtension>
            <ns3:hr>138</ns3:hr>
            <ns3:cad>83</ns3:cad>
          </ns3:TrackPointExtension>
        </extensions>
      </trkpt>
      <trkpt lat="35.75942843221127986907958984375" lon="139.53993991948664188385009765625">
        <ele>42.200000762939453125</ele>
        <time>2026-08-25T09:10:27.000Z</time>
        <extensions>
          <ns3:TrackPointExtension>
            <ns3:hr>138</ns3:hr>
            <ns3:cad>83</ns3:cad>
          </ns3:TrackPointExtension>
        </extensions>
      </trkpt>
      <trkpt lat="35.7594437710940837860107421875" lon="139.53996506519615650177001953125">
        <ele>42.200000762939453125</ele>
        <time>2026-08-25T09:10:28.000Z</time>
        <extensions>
          <ns3:TrackPointExtension>
            <ns3:hr>138</ns3:hr>
            <ns3:cad>83</ns3:cad>
          </ns3:TrackPointExtension>
        </extensions>
      </trkpt>
      <trkpt lat="35.75945894233882427215576171875" lon="139.53998518176376819610595703125">
        <ele>42.200000762939453125</ele>
        <time>2026-08-25T09:10:29.000Z</time>
        <extensions>
          <ns3:TrackPointExtension>
            <ns3:hr>138</ns3:hr>
            <ns3:cad>82</ns3:cad>
          </ns3:TrackPointExtension>
        </extensions>
      </trkpt>
      <trkpt lat="35.759475789964199066162109375" lon="139.5399983413517475128173828125">
        <ele>42.200000762939453125</ele>
        <time>2026-08-25T09:10:30.000Z</time>
        <extensions>
          <ns3:TrackPointExtension>
            <ns3:hr>138</ns3:hr>
            <ns3:cad>82</ns3:cad>
          </ns3:TrackPointExtension>
        </extensions>
      </trkpt>
      <trkpt lat="35.75948995538055896759033203125" lon="139.54001083038747310638427734375">
        <ele>42.200000762939453125</ele>
        <time>2026-08-25T09:10:31.000Z</time>
        <extensions>
          <ns3:TrackPointExtension>
            <ns3:hr>138</ns3:hr>
            <ns3:cad>82</ns3:cad>
          </ns3:TrackPointExtension>
        </extensions>
      </trkpt>
      <trkpt lat="35.7595098204910755157470703125" lon="139.540026001632213592529296875">
        <ele>42.200000762939453125</ele>
        <time>2026-08-25T09:10:32.000Z</time>
        <extensions>
          <ns3:TrackPointExtension>
            <ns3:hr>138</ns3:hr>
            <ns3:cad>82</ns3:cad>
          </ns3:TrackPointExtension>
        </extensions>
      </trkpt>
      <trkpt lat="35.75952448882162570953369140625" lon="139.5400397479534149169921875">
        <ele>42.200000762939453125</ele>
        <time>2026-08-25T09:10:33.000Z</time>
        <extensions>
          <ns3:TrackPointExtension>
            <ns3:hr>138</ns3:hr>
            <ns3:cad>82</ns3:cad>
          </ns3:TrackPointExtension>
        </extensions>
      </trkpt>
      <trkpt lat="35.7595393247902393341064453125" lon="139.54005726613104343414306640625">
        <ele>42</ele>
        <time>2026-08-25T09:10:34.000Z</time>
        <extensions>
          <ns3:TrackPointExtension>
            <ns3:hr>138</ns3:hr>
            <ns3:cad>82</ns3:cad>
          </ns3:TrackPointExtension>
        </extensions>
      </trkpt>
      <trkpt lat="35.7595537416636943817138671875" lon="139.54007604159414768218994140625">
        <ele>42</ele>
        <time>2026-08-25T09:10:35.000Z</time>
        <extensions>
          <ns3:TrackPointExtension>
            <ns3:hr>137</ns3:hr>
            <ns3:cad>82</ns3:cad>
          </ns3:TrackPointExtension>
        </extensions>
      </trkpt>
      <trkpt lat="35.75956958346068859100341796875" lon="139.54009448178112506866455078125">
        <ele>42</ele>
        <time>2026-08-25T09:10:36.000Z</time>
        <extensions>
          <ns3:TrackPointExtension>
            <ns3:hr>137</ns3:hr>
            <ns3:cad>82</ns3:cad>
          </ns3:TrackPointExtension>
        </extensions>
      </trkpt>
      <trkpt lat="35.75958131812512874603271484375" lon="139.54011158086359500885009765625">
        <ele>42</ele>
        <time>2026-08-25T09:10:37.000Z</time>
        <extensions>
          <ns3:TrackPointExtension>
            <ns3:hr>137</ns3:hr>
            <ns3:cad>82</ns3:cad>
          </ns3:TrackPointExtension>
        </extensions>
      </trkpt>
      <trkpt lat="35.75959774665534496307373046875" lon="139.5401363074779510498046875">
        <ele>42</ele>
        <time>2026-08-25T09:10:38.000Z</time>
        <extensions>
          <ns3:TrackPointExtension>
            <ns3:hr>137</ns3:hr>
            <ns3:cad>83</ns3:cad>
          </ns3:TrackPointExtension>
        </extensions>
      </trkpt>
      <trkpt lat="35.759611912071704864501953125" lon="139.54015935771167278289794921875">
        <ele>41.799999237060546875</ele>
        <time>2026-08-25T09:10:39.000Z</time>
        <extensions>
          <ns3:TrackPointExtension>
            <ns3:hr>137</ns3:hr>
            <ns3:cad>83</ns3:cad>
          </ns3:TrackPointExtension>
        </extensions>
      </trkpt>
      <trkpt lat="35.75962431728839874267578125" lon="139.540178216993808746337890625">
        <ele>41.799999237060546875</ele>
        <time>2026-08-25T09:10:40.000Z</time>
        <extensions>
          <ns3:TrackPointExtension>
            <ns3:hr>137</ns3:hr>
            <ns3:cad>83</ns3:cad>
          </ns3:TrackPointExtension>
        </extensions>
      </trkpt>
      <trkpt lat="35.759636722505092620849609375" lon="139.5401981659233570098876953125">
        <ele>41.799999237060546875</ele>
        <time>2026-08-25T09:10:41.000Z</time>
        <extensions>
          <ns3:TrackPointExtension>
            <ns3:hr>137</ns3:hr>
            <ns3:cad>83</ns3:cad>
          </ns3:TrackPointExtension>
        </extensions>
      </trkpt>
      <trkpt lat="35.75964988209307193756103515625" lon="139.540219120681285858154296875">
        <ele>41.59999847412109375</ele>
        <time>2026-08-25T09:10:42.000Z</time>
        <extensions>
          <ns3:TrackPointExtension>
            <ns3:hr>137</ns3:hr>
            <ns3:cad>82</ns3:cad>
          </ns3:TrackPointExtension>
        </extensions>
      </trkpt>
      <trkpt lat="35.75966312550008296966552734375" lon="139.54023714177310466766357421875">
        <ele>41.59999847412109375</ele>
        <time>2026-08-25T09:10:43.000Z</time>
        <extensions>
          <ns3:TrackPointExtension>
            <ns3:hr>137</ns3:hr>
            <ns3:cad>82</ns3:cad>
          </ns3:TrackPointExtension>
        </extensions>
      </trkpt>
      <trkpt lat="35.75968064367771148681640625" lon="139.5402565039694309234619140625">
        <ele>41.59999847412109375</ele>
        <time>2026-08-25T09:10:44.000Z</time>
        <extensions>
          <ns3:TrackPointExtension>
            <ns3:hr>137</ns3:hr>
            <ns3:cad>83</ns3:cad>
          </ns3:TrackPointExtension>
        </extensions>
      </trkpt>
      <trkpt lat="35.759697072207927703857421875" lon="139.5402749441564083099365234375">
        <ele>41.59999847412109375</ele>
        <time>2026-08-25T09:10:45.000Z</time>
        <extensions>
          <ns3:TrackPointExtension>
            <ns3:hr>137</ns3:hr>
            <ns3:cad>83</ns3:cad>
          </ns3:TrackPointExtension>
        </extensions>
      </trkpt>
      <trkpt lat="35.7597136683762073516845703125" lon="139.540292881429195404052734375">
        <ele>41.59999847412109375</ele>
        <time>2026-08-25T09:10:46.000Z</time>
        <extensions>
          <ns3:TrackPointExtension>
            <ns3:hr>137</ns3:hr>
            <ns3:cad>82</ns3:cad>
          </ns3:TrackPointExtension>
        </extensions>
      </trkpt>
      <trkpt lat="35.75973093509674072265625" lon="139.54031107015907764434814453125">
        <ele>41.59999847412109375</ele>
        <time>2026-08-25T09:10:47.000Z</time>
        <extensions>
          <ns3:TrackPointExtension>
            <ns3:hr>137</ns3:hr>
            <ns3:cad>81</ns3:cad>
          </ns3:TrackPointExtension>
        </extensions>
      </trkpt>
      <trkpt lat="35.75974795036017894744873046875" lon="139.540329091250896453857421875">
        <ele>41.799999237060546875</ele>
        <time>2026-08-25T09:10:48.000Z</time>
        <extensions>
          <ns3:TrackPointExtension>
            <ns3:hr>137</ns3:hr>
            <ns3:cad>80</ns3:cad>
          </ns3:TrackPointExtension>
        </extensions>
      </trkpt>
      <trkpt lat="35.75976471416652202606201171875" lon="139.540345855057239532470703125">
        <ele>41.799999237060546875</ele>
        <time>2026-08-25T09:10:49.000Z</time>
        <extensions>
          <ns3:TrackPointExtension>
            <ns3:hr>137</ns3:hr>
            <ns3:cad>80</ns3:cad>
          </ns3:TrackPointExtension>
        </extensions>
      </trkpt>
      <trkpt lat="35.75978198088705539703369140625" lon="139.54036421142518520355224609375">
        <ele>42</ele>
        <time>2026-08-25T09:10:50.000Z</time>
        <extensions>
          <ns3:TrackPointExtension>
            <ns3:hr>137</ns3:hr>
            <ns3:cad>80</ns3:cad>
          </ns3:TrackPointExtension>
        </extensions>
      </trkpt>
      <trkpt lat="35.75979807414114475250244140625" lon="139.54038265161216259002685546875">
        <ele>42</ele>
        <time>2026-08-25T09:10:51.000Z</time>
        <extensions>
          <ns3:TrackPointExtension>
            <ns3:hr>137</ns3:hr>
            <ns3:cad>81</ns3:cad>
          </ns3:TrackPointExtension>
        </extensions>
      </trkpt>
      <trkpt lat="35.75981131754815578460693359375" lon="139.54040025360882282257080078125">
        <ele>42.200000762939453125</ele>
        <time>2026-08-25T09:10:52.000Z</time>
        <extensions>
          <ns3:TrackPointExtension>
            <ns3:hr>137</ns3:hr>
            <ns3:cad>81</ns3:cad>
          </ns3:TrackPointExtension>
        </extensions>
      </trkpt>
      <trkpt lat="35.7598243094980716705322265625" lon="139.5404221303761005401611328125">
        <ele>42.40000152587890625</ele>
        <time>2026-08-25T09:10:53.000Z</time>
        <extensions>
          <ns3:TrackPointExtension>
            <ns3:hr>137</ns3:hr>
            <ns3:cad>81</ns3:cad>
          </ns3:TrackPointExtension>
        </extensions>
      </trkpt>
      <trkpt lat="35.75983847491443157196044921875" lon="139.5404425822198390960693359375">
        <ele>42.59999847412109375</ele>
        <time>2026-08-25T09:10:54.000Z</time>
        <extensions>
          <ns3:TrackPointExtension>
            <ns3:hr>137</ns3:hr>
            <ns3:cad>81</ns3:cad>
          </ns3:TrackPointExtension>
        </extensions>
      </trkpt>
      <trkpt lat="35.75985104776918888092041015625" lon="139.54046479426324367523193359375">
        <ele>42.59999847412109375</ele>
        <time>2026-08-25T09:10:55.000Z</time>
        <extensions>
          <ns3:TrackPointExtension>
            <ns3:hr>137</ns3:hr>
            <ns3:cad>81</ns3:cad>
          </ns3:TrackPointExtension>
        </extensions>
      </trkpt>
      <trkpt lat="35.759864039719104766845703125" lon="139.5404861681163311004638671875">
        <ele>42.59999847412109375</ele>
        <time>2026-08-25T09:10:56.000Z</time>
        <extensions>
          <ns3:TrackPointExtension>
            <ns3:hr>137</ns3:hr>
            <ns3:cad>81</ns3:cad>
          </ns3:TrackPointExtension>
        </extensions>
      </trkpt>
      <trkpt lat="35.75987971387803554534912109375" lon="139.540502093732357025146484375">
        <ele>42.59999847412109375</ele>
        <time>2026-08-25T09:10:57.000Z</time>
        <extensions>
          <ns3:TrackPointExtension>
            <ns3:hr>137</ns3:hr>
            <ns3:cad>81</ns3:cad>
          </ns3:TrackPointExtension>
        </extensions>
      </trkpt>
      <trkpt lat="35.75989522039890289306640625" lon="139.540521539747714996337890625">
        <ele>42.40000152587890625</ele>
        <time>2026-08-25T09:10:58.000Z</time>
        <extensions>
          <ns3:TrackPointExtension>
            <ns3:hr>137</ns3:hr>
            <ns3:cad>81</ns3:cad>
          </ns3:TrackPointExtension>
        </extensions>
      </trkpt>
      <trkpt lat="35.7599094696342945098876953125" lon="139.54054039902985095977783203125">
        <ele>42.200000762939453125</ele>
        <time>2026-08-25T09:10:59.000Z</time>
        <extensions>
          <ns3:TrackPointExtension>
            <ns3:hr>137</ns3:hr>
            <ns3:cad>80</ns3:cad>
          </ns3:TrackPointExtension>
        </extensions>
      </trkpt>
      <trkpt lat="35.7599225454032421112060546875" lon="139.5405574142932891845703125">
        <ele>42</ele>
        <time>2026-08-25T09:11:00.000Z</time>
        <extensions>
          <ns3:TrackPointExtension>
            <ns3:hr>137</ns3:hr>
            <ns3:cad>80</ns3:cad>
          </ns3:TrackPointExtension>
        </extensions>
      </trkpt>
      <trkpt lat="35.75993587262928485870361328125" lon="139.54058012925088405609130859375">
        <ele>42</ele>
        <time>2026-08-25T09:11:01.000Z</time>
        <extensions>
          <ns3:TrackPointExtension>
            <ns3:hr>137</ns3:hr>
            <ns3:cad>81</ns3:cad>
          </ns3:TrackPointExtension>
        </extensions>
      </trkpt>
      <trkpt lat="35.7599517144262790679931640625" lon="139.54060108400881290435791015625">
        <ele>41.799999237060546875</ele>
        <time>2026-08-25T09:11:02.000Z</time>
        <extensions>
          <ns3:TrackPointExtension>
            <ns3:hr>137</ns3:hr>
            <ns3:cad>81</ns3:cad>
          </ns3:TrackPointExtension>
        </extensions>
      </trkpt>
      <trkpt lat="35.75996789149940013885498046875" lon="139.54062371514737606048583984375">
        <ele>41.40000152587890625</ele>
        <time>2026-08-25T09:11:03.000Z</time>
        <extensions>
          <ns3:TrackPointExtension>
            <ns3:hr>137</ns3:hr>
            <ns3:cad>82</ns3:cad>
          </ns3:TrackPointExtension>
        </extensions>
      </trkpt>
      <trkpt lat="35.759980380535125732421875" lon="139.54064466990530490875244140625">
        <ele>41.40000152587890625</ele>
        <time>2026-08-25T09:11:04.000Z</time>
        <extensions>
          <ns3:TrackPointExtension>
            <ns3:hr>137</ns3:hr>
            <ns3:cad>83</ns3:cad>
          </ns3:TrackPointExtension>
        </extensions>
      </trkpt>
      <trkpt lat="35.75999446213245391845703125" lon="139.54066696576774120330810546875">
        <ele>41.200000762939453125</ele>
        <time>2026-08-25T09:11:05.000Z</time>
        <extensions>
          <ns3:TrackPointExtension>
            <ns3:hr>137</ns3:hr>
            <ns3:cad>83</ns3:cad>
          </ns3:TrackPointExtension>
        </extensions>
      </trkpt>
      <trkpt lat="35.7600087113678455352783203125" lon="139.54069278202950954437255859375">
        <ele>41.200000762939453125</ele>
        <time>2026-08-25T09:11:06.000Z</time>
        <extensions>
          <ns3:TrackPointExtension>
            <ns3:hr>137</ns3:hr>
            <ns3:cad>83</ns3:cad>
          </ns3:TrackPointExtension>
        </extensions>
      </trkpt>
      <trkpt lat="35.760018937289714813232421875" lon="139.54071843065321445465087890625">
        <ele>41.200000762939453125</ele>
        <time>2026-08-25T09:11:07.000Z</time>
        <extensions>
          <ns3:TrackPointExtension>
            <ns3:hr>137</ns3:hr>
            <ns3:cad>83</ns3:cad>
          </ns3:TrackPointExtension>
        </extensions>
      </trkpt>
      <trkpt lat="35.760032348334789276123046875" lon="139.5407451689243316650390625">
        <ele>41.200000762939453125</ele>
        <time>2026-08-25T09:11:08.000Z</time>
        <extensions>
          <ns3:TrackPointExtension>
            <ns3:hr>137</ns3:hr>
            <ns3:cad>83</ns3:cad>
          </ns3:TrackPointExtension>
        </extensions>
      </trkpt>
      <trkpt lat="35.760046429932117462158203125" lon="139.5407760143280029296875">
        <ele>41.200000762939453125</ele>
        <time>2026-08-25T09:11:09.000Z</time>
        <extensions>
          <ns3:TrackPointExtension>
            <ns3:hr>137</ns3:hr>
            <ns3:cad>83</ns3:cad>
          </ns3:TrackPointExtension>
        </extensions>
      </trkpt>
      <trkpt lat="35.7600576616823673248291015625" lon="139.5408009923994541168212890625">
        <ele>41</ele>
        <time>2026-08-25T09:11:10.000Z</time>
        <extensions>
          <ns3:TrackPointExtension>
            <ns3:hr>137</ns3:hr>
            <ns3:cad>84</ns3:cad>
          </ns3:TrackPointExtension>
        </extensions>
      </trkpt>
      <trkpt lat="35.76006981544196605682373046875" lon="139.54082320444285869598388671875">
        <ele>41</ele>
        <time>2026-08-25T09:11:11.000Z</time>
        <extensions>
          <ns3:TrackPointExtension>
            <ns3:hr>138</ns3:hr>
            <ns3:cad>85</ns3:cad>
          </ns3:TrackPointExtension>
        </extensions>
      </trkpt>
      <trkpt lat="35.7600801251828670501708984375" lon="139.54084952361881732940673828125">
        <ele>41</ele>
        <time>2026-08-25T09:11:12.000Z</time>
        <extensions>
          <ns3:TrackPointExtension>
            <ns3:hr>138</ns3:hr>
            <ns3:cad>85</ns3:cad>
          </ns3:TrackPointExtension>
        </extensions>
      </trkpt>
      <trkpt lat="35.760089345276355743408203125" lon="139.5408737473189830780029296875">
        <ele>41</ele>
        <time>2026-08-25T09:11:13.000Z</time>
        <extensions>
          <ns3:TrackPointExtension>
            <ns3:hr>138</ns3:hr>
            <ns3:cad>84</ns3:cad>
          </ns3:TrackPointExtension>
        </extensions>
      </trkpt>
      <trkpt lat="35.7600965537130832672119140625" lon="139.54090065322816371917724609375">
        <ele>41</ele>
        <time>2026-08-25T09:11:14.000Z</time>
        <extensions>
          <ns3:TrackPointExtension>
            <ns3:hr>139</ns3:hr>
            <ns3:cad>84</ns3:cad>
          </ns3:TrackPointExtension>
        </extensions>
      </trkpt>
      <trkpt lat="35.76010636053979396820068359375" lon="139.54092630185186862945556640625">
        <ele>41</ele>
        <time>2026-08-25T09:11:15.000Z</time>
        <extensions>
          <ns3:TrackPointExtension>
            <ns3:hr>139</ns3:hr>
            <ns3:cad>83</ns3:cad>
          </ns3:TrackPointExtension>
        </extensions>
      </trkpt>
      <trkpt lat="35.76011742465198040008544921875" lon="139.5409542135894298553466796875">
        <ele>41</ele>
        <time>2026-08-25T09:11:16.000Z</time>
        <extensions>
          <ns3:TrackPointExtension>
            <ns3:hr>139</ns3:hr>
            <ns3:cad>83</ns3:cad>
          </ns3:TrackPointExtension>
        </extensions>
      </trkpt>
      <trkpt lat="35.76013200916349887847900390625" lon="139.5409780181944370269775390625">
        <ele>41</ele>
        <time>2026-08-25T09:11:17.000Z</time>
        <extensions>
          <ns3:TrackPointExtension>
            <ns3:hr>139</ns3:hr>
            <ns3:cad>82</ns3:cad>
          </ns3:TrackPointExtension>
        </extensions>
      </trkpt>
      <trkpt lat="35.7601441629230976104736328125" lon="139.54100106842815876007080078125">
        <ele>41</ele>
        <time>2026-08-25T09:11:18.000Z</time>
        <extensions>
          <ns3:TrackPointExtension>
            <ns3:hr>140</ns3:hr>
            <ns3:cad>82</ns3:cad>
          </ns3:TrackPointExtension>
        </extensions>
      </trkpt>
      <trkpt lat="35.76015212573111057281494140625" lon="139.5410249568521976470947265625">
        <ele>41</ele>
        <time>2026-08-25T09:11:19.000Z</time>
        <extensions>
          <ns3:TrackPointExtension>
            <ns3:hr>140</ns3:hr>
            <ns3:cad>82</ns3:cad>
          </ns3:TrackPointExtension>
        </extensions>
      </trkpt>
      <trkpt lat="35.760161764919757843017578125" lon="139.54104951582849025726318359375">
        <ele>41</ele>
        <time>2026-08-25T09:11:20.000Z</time>
        <extensions>
          <ns3:TrackPointExtension>
            <ns3:hr>140</ns3:hr>
            <ns3:cad>83</ns3:cad>
          </ns3:TrackPointExtension>
        </extensions>
      </trkpt>
      <trkpt lat="35.76017081737518310546875" lon="139.541073739528656005859375">
        <ele>41</ele>
        <time>2026-08-25T09:11:21.000Z</time>
        <extensions>
          <ns3:TrackPointExtension>
            <ns3:hr>140</ns3:hr>
            <ns3:cad>83</ns3:cad>
          </ns3:TrackPointExtension>
        </extensions>
      </trkpt>
      <trkpt lat="35.76018179766833782196044921875" lon="139.5410992205142974853515625">
        <ele>41</ele>
        <time>2026-08-25T09:11:22.000Z</time>
        <extensions>
          <ns3:TrackPointExtension>
            <ns3:hr>140</ns3:hr>
            <ns3:cad>84</ns3:cad>
          </ns3:TrackPointExtension>
        </extensions>
      </trkpt>
      <trkpt lat="35.76018900610506534576416015625" lon="139.54112126491963863372802734375">
        <ele>41</ele>
        <time>2026-08-25T09:11:23.000Z</time>
        <extensions>
          <ns3:TrackPointExtension>
            <ns3:hr>140</ns3:hr>
            <ns3:cad>84</ns3:cad>
          </ns3:TrackPointExtension>
        </extensions>
      </trkpt>
      <trkpt lat="35.76019638217985630035400390625" lon="139.54114574007689952850341796875">
        <ele>41</ele>
        <time>2026-08-25T09:11:24.000Z</time>
        <extensions>
          <ns3:TrackPointExtension>
            <ns3:hr>140</ns3:hr>
            <ns3:cad>84</ns3:cad>
          </ns3:TrackPointExtension>
        </extensions>
      </trkpt>
      <trkpt lat="35.76020426116883754730224609375" lon="139.5411716401576995849609375">
        <ele>41</ele>
        <time>2026-08-25T09:11:25.000Z</time>
        <extensions>
          <ns3:TrackPointExtension>
            <ns3:hr>140</ns3:hr>
            <ns3:cad>84</ns3:cad>
          </ns3:TrackPointExtension>
        </extensions>
      </trkpt>
      <trkpt lat="35.760211050510406494140625" lon="139.5411999709904193878173828125">
        <ele>41</ele>
        <time>2026-08-25T09:11:26.000Z</time>
        <extensions>
          <ns3:TrackPointExtension>
            <ns3:hr>140</ns3:hr>
            <ns3:cad>84</ns3:cad>
          </ns3:TrackPointExtension>
        </extensions>
      </trkpt>
      <trkpt lat="35.76021700166165828704833984375" lon="139.54122570343315601348876953125">
        <ele>41.200000762939453125</ele>
        <time>2026-08-25T09:11:27.000Z</time>
        <extensions>
          <ns3:TrackPointExtension>
            <ns3:hr>140</ns3:hr>
            <ns3:cad>84</ns3:cad>
          </ns3:TrackPointExtension>
        </extensions>
      </trkpt>
      <trkpt lat="35.76022337190806865692138671875" lon="139.5412465743720531463623046875">
        <ele>41.200000762939453125</ele>
        <time>2026-08-25T09:11:28.000Z</time>
        <extensions>
          <ns3:TrackPointExtension>
            <ns3:hr>140</ns3:hr>
            <ns3:cad>84</ns3:cad>
          </ns3:TrackPointExtension>
        </extensions>
      </trkpt>
      <trkpt lat="35.76023175381124019622802734375" lon="139.54127146862447261810302734375">
        <ele>41.200000762939453125</ele>
        <time>2026-08-25T09:11:29.000Z</time>
        <extensions>
          <ns3:TrackPointExtension>
            <ns3:hr>140</ns3:hr>
            <ns3:cad>83</ns3:cad>
          </ns3:TrackPointExtension>
        </extensions>
      </trkpt>
      <trkpt lat="35.7602390460669994354248046875" lon="139.5412948541343212127685546875">
        <ele>41.200000762939453125</ele>
        <time>2026-08-25T09:11:30.000Z</time>
        <extensions>
          <ns3:TrackPointExtension>
            <ns3:hr>141</ns3:hr>
            <ns3:cad>83</ns3:cad>
          </ns3:TrackPointExtension>
        </extensions>
      </trkpt>
      <trkpt lat="35.7602561451494693756103515625" lon="139.54134397208690643310546875">
        <ele>41.200000762939453125</ele>
        <time>2026-08-25T09:11:31.000Z</time>
        <extensions>
          <ns3:TrackPointExtension>
            <ns3:hr>141</ns3:hr>
            <ns3:cad>84</ns3:cad>
          </ns3:TrackPointExtension>
        </extensions>
      </trkpt>
      <trkpt lat="35.7602561451494693756103515625" lon="139.54134397208690643310546875">
        <ele>41.200000762939453125</ele>
        <time>2026-08-25T09:11:32.000Z</time>
        <extensions>
          <ns3:TrackPointExtension>
            <ns3:hr>141</ns3:hr>
            <ns3:cad>84</ns3:cad>
          </ns3:TrackPointExtension>
        </extensions>
      </trkpt>
      <trkpt lat="35.76026268303394317626953125" lon="139.5413701236248016357421875">
        <ele>41.200000762939453125</ele>
        <time>2026-08-25T09:11:33.000Z</time>
        <extensions>
          <ns3:TrackPointExtension>
            <ns3:hr>141</ns3:hr>
            <ns3:cad>84</ns3:cad>
          </ns3:TrackPointExtension>
        </extensions>
      </trkpt>
      <trkpt lat="35.76026779599487781524658203125" lon="139.54139770008623600006103515625">
        <ele>41.200000762939453125</ele>
        <time>2026-08-25T09:11:34.000Z</time>
        <extensions>
          <ns3:TrackPointExtension>
            <ns3:hr>141</ns3:hr>
            <ns3:cad>84</ns3:cad>
          </ns3:TrackPointExtension>
        </extensions>
      </trkpt>
      <trkpt lat="35.76027207076549530029296875" lon="139.54142468981444835662841796875">
        <ele>41.200000762939453125</ele>
        <time>2026-08-25T09:11:35.000Z</time>
        <extensions>
          <ns3:TrackPointExtension>
            <ns3:hr>141</ns3:hr>
            <ns3:cad>84</ns3:cad>
          </ns3:TrackPointExtension>
        </extensions>
      </trkpt>
      <trkpt lat="35.76027617789804935455322265625" lon="139.54145302064716815948486328125">
        <ele>41.200000762939453125</ele>
        <time>2026-08-25T09:11:36.000Z</time>
        <extensions>
          <ns3:TrackPointExtension>
            <ns3:hr>142</ns3:hr>
            <ns3:cad>84</ns3:cad>
          </ns3:TrackPointExtension>
        </extensions>
      </trkpt>
      <trkpt lat="35.760283805429935455322265625" lon="139.54148168675601482391357421875">
        <ele>41.200000762939453125</ele>
        <time>2026-08-25T09:11:37.000Z</time>
        <extensions>
          <ns3:TrackPointExtension>
            <ns3:hr>142</ns3:hr>
            <ns3:cad>83</ns3:cad>
          </ns3:TrackPointExtension>
        </extensions>
      </trkpt>
      <trkpt lat="35.76029260642826557159423828125" lon="139.54150649718940258026123046875">
        <ele>41.200000762939453125</ele>
        <time>2026-08-25T09:11:38.000Z</time>
        <extensions>
          <ns3:TrackPointExtension>
            <ns3:hr>142</ns3:hr>
            <ns3:cad>83</ns3:cad>
          </ns3:TrackPointExtension>
        </extensions>
      </trkpt>
      <trkpt lat="35.76029495336115360260009765625" lon="139.5415352471172809600830078125">
        <ele>41.200000762939453125</ele>
        <time>2026-08-25T09:11:39.000Z</time>
        <extensions>
          <ns3:TrackPointExtension>
            <ns3:hr>142</ns3:hr>
            <ns3:cad>82</ns3:cad>
          </ns3:TrackPointExtension>
        </extensions>
      </trkpt>
      <trkpt lat="35.76029947958886623382568359375" lon="139.5415644161403179168701171875">
        <ele>41</ele>
        <time>2026-08-25T09:11:40.000Z</time>
        <extensions>
          <ns3:TrackPointExtension>
            <ns3:hr>142</ns3:hr>
            <ns3:cad>82</ns3:cad>
          </ns3:TrackPointExtension>
        </extensions>
      </trkpt>
      <trkpt lat="35.76030350290238857269287109375" lon="139.5415898971259593963623046875">
        <ele>41</ele>
        <time>2026-08-25T09:11:41.000Z</time>
        <extensions>
          <ns3:TrackPointExtension>
            <ns3:hr>143</ns3:hr>
            <ns3:cad>82</ns3:cad>
          </ns3:TrackPointExtension>
        </extensions>
      </trkpt>
      <trkpt lat="35.76030853204429149627685546875" lon="139.5416168868541717529296875">
        <ele>41</ele>
        <time>2026-08-25T09:11:42.000Z</time>
        <extensions>
          <ns3:TrackPointExtension>
            <ns3:hr>143</ns3:hr>
            <ns3:cad>83</ns3:cad>
          </ns3:TrackPointExtension>
        </extensions>
      </trkpt>
      <trkpt lat="35.7603161595761775970458984375" lon="139.54164144583046436309814453125">
        <ele>41</ele>
        <time>2026-08-25T09:11:43.000Z</time>
        <extensions>
          <ns3:TrackPointExtension>
            <ns3:hr>143</ns3:hr>
            <ns3:cad>83</ns3:cad>
          </ns3:TrackPointExtension>
        </extensions>
      </trkpt>
      <trkpt lat="35.76032496057450771331787109375" lon="139.5416649989783763885498046875">
        <ele>41</ele>
        <time>2026-08-25T09:11:44.000Z</time>
        <extensions>
          <ns3:TrackPointExtension>
            <ns3:hr>143</ns3:hr>
            <ns3:cad>84</ns3:cad>
          </ns3:TrackPointExtension>
        </extensions>
      </trkpt>
      <trkpt lat="35.76033283956348896026611328125" lon="139.5416874624788761138916015625">
        <ele>41</ele>
        <time>2026-08-25T09:11:45.000Z</time>
        <extensions>
          <ns3:TrackPointExtension>
            <ns3:hr>143</ns3:hr>
            <ns3:cad>84</ns3:cad>
          </ns3:TrackPointExtension>
        </extensions>
      </trkpt>
      <trkpt lat="35.76033853925764560699462890625" lon="139.54171319492161273956298828125">
        <ele>41</ele>
        <time>2026-08-25T09:11:46.000Z</time>
        <extensions>
          <ns3:TrackPointExtension>
            <ns3:hr>143</ns3:hr>
            <ns3:cad>82</ns3:cad>
          </ns3:TrackPointExtension>
        </extensions>
      </trkpt>
      <trkpt lat="35.7603443227708339691162109375" lon="139.54174219630658626556396484375">
        <ele>40.799999237060546875</ele>
        <time>2026-08-25T09:11:47.000Z</time>
        <extensions>
          <ns3:TrackPointExtension>
            <ns3:hr>143</ns3:hr>
            <ns3:cad>82</ns3:cad>
          </ns3:TrackPointExtension>
        </extensions>
      </trkpt>
      <trkpt lat="35.76035027392208576202392578125" lon="139.54177186824381351470947265625">
        <ele>40.799999237060546875</ele>
        <time>2026-08-25T09:11:48.000Z</time>
        <extensions>
          <ns3:TrackPointExtension>
            <ns3:hr>143</ns3:hr>
            <ns3:cad>82</ns3:cad>
          </ns3:TrackPointExtension>
        </extensions>
      </trkpt>
      <trkpt lat="35.7603577338159084320068359375" lon="139.54180154018104076385498046875">
        <ele>40.799999237060546875</ele>
        <time>2026-08-25T09:11:49.000Z</time>
        <extensions>
          <ns3:TrackPointExtension>
            <ns3:hr>143</ns3:hr>
            <ns3:cad>82</ns3:cad>
          </ns3:TrackPointExtension>
        </extensions>
      </trkpt>
      <trkpt lat="35.76036217622458934783935546875" lon="139.541829116642475128173828125">
        <ele>40.799999237060546875</ele>
        <time>2026-08-25T09:11:50.000Z</time>
        <extensions>
          <ns3:TrackPointExtension>
            <ns3:hr>143</ns3:hr>
            <ns3:cad>82</ns3:cad>
          </ns3:TrackPointExtension>
        </extensions>
      </trkpt>
      <trkpt lat="35.7603661157190799713134765625" lon="139.54185367561876773834228515625">
        <ele>40.799999237060546875</ele>
        <time>2026-08-25T09:11:51.000Z</time>
        <extensions>
          <ns3:TrackPointExtension>
            <ns3:hr>143</ns3:hr>
            <ns3:cad>82</ns3:cad>
          </ns3:TrackPointExtension>
        </extensions>
      </trkpt>
      <trkpt lat="35.7603681273758411407470703125" lon="139.5418752171099185943603515625">
        <ele>40.799999237060546875</ele>
        <time>2026-08-25T09:11:52.000Z</time>
        <extensions>
          <ns3:TrackPointExtension>
            <ns3:hr>143</ns3:hr>
            <ns3:cad>82</ns3:cad>
          </ns3:TrackPointExtension>
        </extensions>
      </trkpt>
      <trkpt lat="35.760371647775173187255859375" lon="139.5419010333716869354248046875">
        <ele>40.59999847412109375</ele>
        <time>2026-08-25T09:11:53.000Z</time>
        <extensions>
          <ns3:TrackPointExtension>
            <ns3:hr>143</ns3:hr>
            <ns3:cad>82</ns3:cad>
          </ns3:TrackPointExtension>
        </extensions>
      </trkpt>
      <trkpt lat="35.76037307269871234893798828125" lon="139.5419271849095821380615234375">
        <ele>40.59999847412109375</ele>
        <time>2026-08-25T09:11:54.000Z</time>
        <extensions>
          <ns3:TrackPointExtension>
            <ns3:hr>143</ns3:hr>
            <ns3:cad>82</ns3:cad>
          </ns3:TrackPointExtension>
        </extensions>
      </trkpt>
      <trkpt lat="35.7603755034506320953369140625" lon="139.541953504085540771484375">
        <ele>40.59999847412109375</ele>
        <time>2026-08-25T09:11:55.000Z</time>
        <extensions>
          <ns3:TrackPointExtension>
            <ns3:hr>143</ns3:hr>
            <ns3:cad>81</ns3:cad>
          </ns3:TrackPointExtension>
        </extensions>
      </trkpt>
      <trkpt lat="35.76037894003093242645263671875" lon="139.541982673108577728271484375">
        <ele>40.59999847412109375</ele>
        <time>2026-08-25T09:11:56.000Z</time>
        <extensions>
          <ns3:TrackPointExtension>
            <ns3:hr>143</ns3:hr>
            <ns3:cad>81</ns3:cad>
          </ns3:TrackPointExtension>
        </extensions>
      </trkpt>
      <trkpt lat="35.76038204133510589599609375" lon="139.54201175831258296966552734375">
        <ele>40.59999847412109375</ele>
        <time>2026-08-25T09:11:57.000Z</time>
        <extensions>
          <ns3:TrackPointExtension>
            <ns3:hr>143</ns3:hr>
            <ns3:cad>82</ns3:cad>
          </ns3:TrackPointExtension>
        </extensions>
      </trkpt>
      <trkpt lat="35.7603813707828521728515625" lon="139.542038999497890472412109375">
        <ele>40.59999847412109375</ele>
        <time>2026-08-25T09:11:58.000Z</time>
        <extensions>
          <ns3:TrackPointExtension>
            <ns3:hr>143</ns3:hr>
            <ns3:cad>82</ns3:cad>
          </ns3:TrackPointExtension>
        </extensions>
      </trkpt>
      <trkpt lat="35.7603805325925350189208984375" lon="139.54206489957869052886962890625">
        <ele>40.59999847412109375</ele>
        <time>2026-08-25T09:11:59.000Z</time>
        <extensions>
          <ns3:TrackPointExtension>
            <ns3:hr>143</ns3:hr>
            <ns3:cad>83</ns3:cad>
          </ns3:TrackPointExtension>
        </extensions>
      </trkpt>
      <trkpt lat="35.76038413681089878082275390625" lon="139.54208836890757083892822265625">
        <ele>40.59999847412109375</ele>
        <time>2026-08-25T09:12:00.000Z</time>
        <extensions>
          <ns3:TrackPointExtension>
            <ns3:hr>143</ns3:hr>
            <ns3:cad>83</ns3:cad>
          </ns3:TrackPointExtension>
        </extensions>
      </trkpt>
      <trkpt lat="35.76039067469537258148193359375" lon="139.5421162806451320648193359375">
        <ele>40.799999237060546875</ele>
        <time>2026-08-25T09:12:01.000Z</time>
        <extensions>
          <ns3:TrackPointExtension>
            <ns3:hr>143</ns3:hr>
            <ns3:cad>83</ns3:cad>
          </ns3:TrackPointExtension>
        </extensions>
      </trkpt>
      <trkpt lat="35.7604013197124004364013671875" lon="139.54214729368686676025390625">
        <ele>40.799999237060546875</ele>
        <time>2026-08-25T09:12:02.000Z</time>
        <extensions>
          <ns3:TrackPointExtension>
            <ns3:hr>143</ns3:hr>
            <ns3:cad>82</ns3:cad>
          </ns3:TrackPointExtension>
        </extensions>
      </trkpt>
      <trkpt lat="35.760412551462650299072265625" lon="139.54217755235731601715087890625">
        <ele>40.799999237060546875</ele>
        <time>2026-08-25T09:12:03.000Z</time>
        <extensions>
          <ns3:TrackPointExtension>
            <ns3:hr>142</ns3:hr>
            <ns3:cad>82</ns3:cad>
          </ns3:TrackPointExtension>
        </extensions>
      </trkpt>
      <trkpt lat="35.76042235828936100006103515625" lon="139.54220672138035297393798828125">
        <ele>41</ele>
        <time>2026-08-25T09:12:04.000Z</time>
        <extensions>
          <ns3:TrackPointExtension>
            <ns3:hr>142</ns3:hr>
            <ns3:cad>82</ns3:cad>
          </ns3:TrackPointExtension>
        </extensions>
      </trkpt>
      <trkpt lat="35.76042830944061279296875" lon="139.54223237000405788421630859375">
        <ele>41</ele>
        <time>2026-08-25T09:12:05.000Z</time>
        <extensions>
          <ns3:TrackPointExtension>
            <ns3:hr>142</ns3:hr>
            <ns3:cad>82</ns3:cad>
          </ns3:TrackPointExtension>
        </extensions>
      </trkpt>
      <trkpt lat="35.76043861918151378631591796875" lon="139.54226237721741199493408203125">
        <ele>41</ele>
        <time>2026-08-25T09:12:06.000Z</time>
        <extensions>
          <ns3:TrackPointExtension>
            <ns3:hr>142</ns3:hr>
            <ns3:cad>83</ns3:cad>
          </ns3:TrackPointExtension>
        </extensions>
      </trkpt>
      <trkpt lat="35.760445408523082733154296875" lon="139.54228919930756092071533203125">
        <ele>41</ele>
        <time>2026-08-25T09:12:07.000Z</time>
        <extensions>
          <ns3:TrackPointExtension>
            <ns3:hr>142</ns3:hr>
            <ns3:cad>83</ns3:cad>
          </ns3:TrackPointExtension>
        </extensions>
      </trkpt>
      <trkpt lat="35.7604509405791759490966796875" lon="139.542309902608394622802734375">
        <ele>40.799999237060546875</ele>
        <time>2026-08-25T09:12:08.000Z</time>
        <extensions>
          <ns3:TrackPointExtension>
            <ns3:hr>142</ns3:hr>
            <ns3:cad>83</ns3:cad>
          </ns3:TrackPointExtension>
        </extensions>
      </trkpt>
      <trkpt lat="35.7604566402733325958251953125" lon="139.542342759668827056884765625">
        <ele>40.799999237060546875</ele>
        <time>2026-08-25T09:12:09.000Z</time>
        <extensions>
          <ns3:TrackPointExtension>
            <ns3:hr>142</ns3:hr>
            <ns3:cad>83</ns3:cad>
          </ns3:TrackPointExtension>
        </extensions>
      </trkpt>
      <trkpt lat="35.76046326197683811187744140625" lon="139.54237050376832485198974609375">
        <ele>40.799999237060546875</ele>
        <time>2026-08-25T09:12:10.000Z</time>
        <extensions>
          <ns3:TrackPointExtension>
            <ns3:hr>141</ns3:hr>
            <ns3:cad>83</ns3:cad>
          </ns3:TrackPointExtension>
        </extensions>
      </trkpt>
      <trkpt lat="35.76046627946197986602783203125" lon="139.54239984042942523956298828125">
        <ele>40.59999847412109375</ele>
        <time>2026-08-25T09:12:11.000Z</time>
        <extensions>
          <ns3:TrackPointExtension>
            <ns3:hr>141</ns3:hr>
            <ns3:cad>83</ns3:cad>
          </ns3:TrackPointExtension>
        </extensions>
      </trkpt>
      <trkpt lat="35.76046862639486789703369140625" lon="139.5424294285476207733154296875">
        <ele>40.59999847412109375</ele>
        <time>2026-08-25T09:12:12.000Z</time>
        <extensions>
          <ns3:TrackPointExtension>
            <ns3:hr>141</ns3:hr>
            <ns3:cad>83</ns3:cad>
          </ns3:TrackPointExtension>
        </extensions>
      </trkpt>
      <trkpt lat="35.76047323644161224365234375" lon="139.54245734028518199920654296875">
        <ele>40.59999847412109375</ele>
        <time>2026-08-25T09:12:13.000Z</time>
        <extensions>
          <ns3:TrackPointExtension>
            <ns3:hr>141</ns3:hr>
            <ns3:cad>82</ns3:cad>
          </ns3:TrackPointExtension>
        </extensions>
      </trkpt>
      <trkpt lat="35.760479606688022613525390625" lon="139.5424881018698215484619140625">
        <ele>40.59999847412109375</ele>
        <time>2026-08-25T09:12:14.000Z</time>
        <extensions>
          <ns3:TrackPointExtension>
            <ns3:hr>142</ns3:hr>
            <ns3:cad>81</ns3:cad>
          </ns3:TrackPointExtension>
        </extensions>
      </trkpt>
      <trkpt lat="35.76049008406698703765869140625" lon="139.54251768998801708221435546875">
        <ele>40.59999847412109375</ele>
        <time>2026-08-25T09:12:15.000Z</time>
        <extensions>
          <ns3:TrackPointExtension>
            <ns3:hr>142</ns3:hr>
            <ns3:cad>81</ns3:cad>
          </ns3:TrackPointExtension>
        </extensions>
      </trkpt>
      <trkpt lat="35.7604921795427799224853515625" lon="139.54254618845880031585693359375">
        <ele>40.59999847412109375</ele>
        <time>2026-08-25T09:12:16.000Z</time>
        <extensions>
          <ns3:TrackPointExtension>
            <ns3:hr>142</ns3:hr>
            <ns3:cad>81</ns3:cad>
          </ns3:TrackPointExtension>
        </extensions>
      </trkpt>
      <trkpt lat="35.76049779541790485382080078125" lon="139.54257376492023468017578125">
        <ele>40.799999237060546875</ele>
        <time>2026-08-25T09:12:17.000Z</time>
        <extensions>
          <ns3:TrackPointExtension>
            <ns3:hr>142</ns3:hr>
            <ns3:cad>81</ns3:cad>
          </ns3:TrackPointExtension>
        </extensions>
      </trkpt>
      <trkpt lat="35.760499052703380584716796875" lon="139.54259790480136871337890625">
        <ele>40.799999237060546875</ele>
        <time>2026-08-25T09:12:18.000Z</time>
        <extensions>
          <ns3:TrackPointExtension>
            <ns3:hr>143</ns3:hr>
            <ns3:cad>82</ns3:cad>
          </ns3:TrackPointExtension>
        </extensions>
      </trkpt>
      <trkpt lat="35.76050751842558383941650390625" lon="139.54263302497565746307373046875">
        <ele>40.799999237060546875</ele>
        <time>2026-08-25T09:12:19.000Z</time>
        <extensions>
          <ns3:TrackPointExtension>
            <ns3:hr>143</ns3:hr>
            <ns3:cad>83</ns3:cad>
          </ns3:TrackPointExtension>
        </extensions>
      </trkpt>
      <trkpt lat="35.76051414012908935546875" lon="139.542657248675823211669921875">
        <ele>40.799999237060546875</ele>
        <time>2026-08-25T09:12:20.000Z</time>
        <extensions>
          <ns3:TrackPointExtension>
            <ns3:hr>144</ns3:hr>
            <ns3:cad>83</ns3:cad>
          </ns3:TrackPointExtension>
        </extensions>
      </trkpt>
      <trkpt lat="35.760522522032260894775390625" lon="139.542683400213718414306640625">
        <ele>40.799999237060546875</ele>
        <time>2026-08-25T09:12:21.000Z</time>
        <extensions>
          <ns3:TrackPointExtension>
            <ns3:hr>145</ns3:hr>
            <ns3:cad>84</ns3:cad>
          </ns3:TrackPointExtension>
        </extensions>
      </trkpt>
      <trkpt lat="35.760529227554798126220703125" lon="139.54270963557064533233642578125">
        <ele>40.799999237060546875</ele>
        <time>2026-08-25T09:12:22.000Z</time>
        <extensions>
          <ns3:TrackPointExtension>
            <ns3:hr>146</ns3:hr>
            <ns3:cad>84</ns3:cad>
          </ns3:TrackPointExtension>
        </extensions>
      </trkpt>
      <trkpt lat="35.7605314068496227264404296875" lon="139.54273662529885768890380859375">
        <ele>40.799999237060546875</ele>
        <time>2026-08-25T09:12:23.000Z</time>
        <extensions>
          <ns3:TrackPointExtension>
            <ns3:hr>147</ns3:hr>
            <ns3:cad>83</ns3:cad>
          </ns3:TrackPointExtension>
        </extensions>
      </trkpt>
      <trkpt lat="35.76053216122090816497802734375" lon="139.54276797361671924591064453125">
        <ele>41</ele>
        <time>2026-08-25T09:12:24.000Z</time>
        <extensions>
          <ns3:TrackPointExtension>
            <ns3:hr>147</ns3:hr>
            <ns3:cad>83</ns3:cad>
          </ns3:TrackPointExtension>
        </extensions>
      </trkpt>
      <trkpt lat="35.76053651981055736541748046875" lon="139.542792029678821563720703125">
        <ele>41</ele>
        <time>2026-08-25T09:12:25.000Z</time>
        <extensions>
          <ns3:TrackPointExtension>
            <ns3:hr>147</ns3:hr>
            <ns3:cad>83</ns3:cad>
          </ns3:TrackPointExtension>
        </extensions>
      </trkpt>
      <trkpt lat="35.760545991361141204833984375" lon="139.54282865859568119049072265625">
        <ele>41</ele>
        <time>2026-08-25T09:12:26.000Z</time>
        <extensions>
          <ns3:TrackPointExtension>
            <ns3:hr>147</ns3:hr>
            <ns3:cad>83</ns3:cad>
          </ns3:TrackPointExtension>
        </extensions>
      </trkpt>
      <trkpt lat="35.76055261306464672088623046875" lon="139.54285715706646442413330078125">
        <ele>41</ele>
        <time>2026-08-25T09:12:27.000Z</time>
        <extensions>
          <ns3:TrackPointExtension>
            <ns3:hr>147</ns3:hr>
            <ns3:cad>83</ns3:cad>
          </ns3:TrackPointExtension>
        </extensions>
      </trkpt>
      <trkpt lat="35.76055948622524738311767578125" lon="139.542881213128566741943359375">
        <ele>41</ele>
        <time>2026-08-25T09:12:28.000Z</time>
        <extensions>
          <ns3:TrackPointExtension>
            <ns3:hr>147</ns3:hr>
            <ns3:cad>83</ns3:cad>
          </ns3:TrackPointExtension>
        </extensions>
      </trkpt>
      <trkpt lat="35.76056577265262603759765625" lon="139.54290929250419139862060546875">
        <ele>41</ele>
        <time>2026-08-25T09:12:29.000Z</time>
        <extensions>
          <ns3:TrackPointExtension>
            <ns3:hr>147</ns3:hr>
            <ns3:cad>83</ns3:cad>
          </ns3:TrackPointExtension>
        </extensions>
      </trkpt>
      <trkpt lat="35.7605696283280849456787109375" lon="139.54292857088148593902587890625">
        <ele>40.799999237060546875</ele>
        <time>2026-08-25T09:12:30.000Z</time>
        <extensions>
          <ns3:TrackPointExtension>
            <ns3:hr>147</ns3:hr>
            <ns3:cad>83</ns3:cad>
          </ns3:TrackPointExtension>
        </extensions>
      </trkpt>
      <trkpt lat="35.76057591475546360015869140625" lon="139.54295539297163486480712890625">
        <ele>40.799999237060546875</ele>
        <time>2026-08-25T09:12:31.000Z</time>
        <extensions>
          <ns3:TrackPointExtension>
            <ns3:hr>147</ns3:hr>
            <ns3:cad>83</ns3:cad>
          </ns3:TrackPointExtension>
        </extensions>
      </trkpt>
      <trkpt lat="35.76058446429669857025146484375" lon="139.5429833047091960906982421875">
        <ele>40.799999237060546875</ele>
        <time>2026-08-25T09:12:32.000Z</time>
        <extensions>
          <ns3:TrackPointExtension>
            <ns3:hr>147</ns3:hr>
            <ns3:cad>83</ns3:cad>
          </ns3:TrackPointExtension>
        </extensions>
      </trkpt>
      <trkpt lat="35.760594271123409271240234375" lon="139.5430076122283935546875">
        <ele>40.799999237060546875</ele>
        <time>2026-08-25T09:12:33.000Z</time>
        <extensions>
          <ns3:TrackPointExtension>
            <ns3:hr>147</ns3:hr>
            <ns3:cad>83</ns3:cad>
          </ns3:TrackPointExtension>
        </extensions>
      </trkpt>
      <trkpt lat="35.76060407795011997222900390625" lon="139.543034099042415618896484375">
        <ele>40.799999237060546875</ele>
        <time>2026-08-25T09:12:34.000Z</time>
        <extensions>
          <ns3:TrackPointExtension>
            <ns3:hr>146</ns3:hr>
            <ns3:cad>83</ns3:cad>
          </ns3:TrackPointExtension>
        </extensions>
      </trkpt>
      <trkpt lat="35.760613046586513519287109375" lon="139.54306134022772312164306640625">
        <ele>41</ele>
        <time>2026-08-25T09:12:35.000Z</time>
        <extensions>
          <ns3:TrackPointExtension>
            <ns3:hr>146</ns3:hr>
            <ns3:cad>83</ns3:cad>
          </ns3:TrackPointExtension>
        </extensions>
      </trkpt>
      <trkpt lat="35.76062142848968505859375" lon="139.54307399690151214599609375">
        <ele>41</ele>
        <time>2026-08-25T09:12:36.000Z</time>
        <extensions>
          <ns3:TrackPointExtension>
            <ns3:hr>146</ns3:hr>
            <ns3:cad>83</ns3:cad>
          </ns3:TrackPointExtension>
        </extensions>
      </trkpt>
      <trkpt lat="35.76062972657382488250732421875" lon="139.54310475848615169525146484375">
        <ele>41</ele>
        <time>2026-08-25T09:12:37.000Z</time>
        <extensions>
          <ns3:TrackPointExtension>
            <ns3:hr>146</ns3:hr>
            <ns3:cad>83</ns3:cad>
          </ns3:TrackPointExtension>
        </extensions>
      </trkpt>
      <trkpt lat="35.76063626445829868316650390625" lon="139.54312973655760288238525390625">
        <ele>41</ele>
        <time>2026-08-25T09:12:38.000Z</time>
        <extensions>
          <ns3:TrackPointExtension>
            <ns3:hr>146</ns3:hr>
            <ns3:cad>83</ns3:cad>
          </ns3:TrackPointExtension>
        </extensions>
      </trkpt>
      <trkpt lat="35.76064229942858219146728515625" lon="139.543150104582309722900390625">
        <ele>41</ele>
        <time>2026-08-25T09:12:39.000Z</time>
        <extensions>
          <ns3:TrackPointExtension>
            <ns3:hr>147</ns3:hr>
            <ns3:cad>83</ns3:cad>
          </ns3:TrackPointExtension>
        </extensions>
      </trkpt>
      <trkpt lat="35.76065336354076862335205078125" lon="139.5431814529001712799072265625">
        <ele>41</ele>
        <time>2026-08-25T09:12:40.000Z</time>
        <extensions>
          <ns3:TrackPointExtension>
            <ns3:hr>147</ns3:hr>
            <ns3:cad>83</ns3:cad>
          </ns3:TrackPointExtension>
        </extensions>
      </trkpt>
      <trkpt lat="35.76066023670136928558349609375" lon="139.543209113180637359619140625">
        <ele>40.799999237060546875</ele>
        <time>2026-08-25T09:12:41.000Z</time>
        <extensions>
          <ns3:TrackPointExtension>
            <ns3:hr>147</ns3:hr>
            <ns3:cad>83</ns3:cad>
          </ns3:TrackPointExtension>
        </extensions>
      </trkpt>
      <trkpt lat="35.76066560111939907073974609375" lon="139.5432364381849765777587890625">
        <ele>40.799999237060546875</ele>
        <time>2026-08-25T09:12:42.000Z</time>
        <extensions>
          <ns3:TrackPointExtension>
            <ns3:hr>147</ns3:hr>
            <ns3:cad>83</ns3:cad>
          </ns3:TrackPointExtension>
        </extensions>
      </trkpt>
      <trkpt lat="35.760670714080333709716796875" lon="139.5432632602751255035400390625">
        <ele>40.799999237060546875</ele>
        <time>2026-08-25T09:12:43.000Z</time>
        <extensions>
          <ns3:TrackPointExtension>
            <ns3:hr>147</ns3:hr>
            <ns3:cad>84</ns3:cad>
          </ns3:TrackPointExtension>
        </extensions>
      </trkpt>
      <trkpt lat="35.76067574322223663330078125" lon="139.54328530468046665191650390625">
        <ele>40.799999237060546875</ele>
        <time>2026-08-25T09:12:44.000Z</time>
        <extensions>
          <ns3:TrackPointExtension>
            <ns3:hr>147</ns3:hr>
            <ns3:cad>85</ns3:cad>
          </ns3:TrackPointExtension>
        </extensions>
      </trkpt>
      <trkpt lat="35.76068110764026641845703125" lon="139.54331112094223499298095703125">
        <ele>40.799999237060546875</ele>
        <time>2026-08-25T09:12:45.000Z</time>
        <extensions>
          <ns3:TrackPointExtension>
            <ns3:hr>147</ns3:hr>
            <ns3:cad>85</ns3:cad>
          </ns3:TrackPointExtension>
        </extensions>
      </trkpt>
      <trkpt lat="35.76068772934377193450927734375" lon="139.54334163106977939605712890625">
        <ele>40.799999237060546875</ele>
        <time>2026-08-25T09:12:46.000Z</time>
        <extensions>
          <ns3:TrackPointExtension>
            <ns3:hr>147</ns3:hr>
            <ns3:cad>85</ns3:cad>
          </ns3:TrackPointExtension>
        </extensions>
      </trkpt>
      <trkpt lat="35.76069477014243602752685546875" lon="139.5433658547699451446533203125">
        <ele>40.799999237060546875</ele>
        <time>2026-08-25T09:12:47.000Z</time>
        <extensions>
          <ns3:TrackPointExtension>
            <ns3:hr>147</ns3:hr>
            <ns3:cad>85</ns3:cad>
          </ns3:TrackPointExtension>
        </extensions>
      </trkpt>
      <trkpt lat="35.760701559484004974365234375" lon="139.54339108429849147796630859375">
        <ele>40.799999237060546875</ele>
        <time>2026-08-25T09:12:48.000Z</time>
        <extensions>
          <ns3:TrackPointExtension>
            <ns3:hr>148</ns3:hr>
            <ns3:cad>84</ns3:cad>
          </ns3:TrackPointExtension>
        </extensions>
      </trkpt>
      <trkpt lat="35.76070851646363735198974609375" lon="139.54341790638864040374755859375">
        <ele>40.59999847412109375</ele>
        <time>2026-08-25T09:12:49.000Z</time>
        <extensions>
          <ns3:TrackPointExtension>
            <ns3:hr>148</ns3:hr>
            <ns3:cad>84</ns3:cad>
          </ns3:TrackPointExtension>
        </extensions>
      </trkpt>
      <trkpt lat="35.76071673072874546051025390625" lon="139.5434433035552501678466796875">
        <ele>40.59999847412109375</ele>
        <time>2026-08-25T09:12:50.000Z</time>
        <extensions>
          <ns3:TrackPointExtension>
            <ns3:hr>148</ns3:hr>
            <ns3:cad>84</ns3:cad>
          </ns3:TrackPointExtension>
        </extensions>
      </trkpt>
      <trkpt lat="35.7607258670032024383544921875" lon="139.54346920363605022430419921875">
        <ele>40.59999847412109375</ele>
        <time>2026-08-25T09:12:51.000Z</time>
        <extensions>
          <ns3:TrackPointExtension>
            <ns3:hr>148</ns3:hr>
            <ns3:cad>84</ns3:cad>
          </ns3:TrackPointExtension>
        </extensions>
      </trkpt>
      <trkpt lat="35.7607342489063739776611328125" lon="139.54348973929882049560546875">
        <ele>40.59999847412109375</ele>
        <time>2026-08-25T09:12:52.000Z</time>
        <extensions>
          <ns3:TrackPointExtension>
            <ns3:hr>148</ns3:hr>
            <ns3:cad>84</ns3:cad>
          </ns3:TrackPointExtension>
        </extensions>
      </trkpt>
      <trkpt lat="35.76074355281889438629150390625" lon="139.543510191142559051513671875">
        <ele>40.59999847412109375</ele>
        <time>2026-08-25T09:12:53.000Z</time>
        <extensions>
          <ns3:TrackPointExtension>
            <ns3:hr>148</ns3:hr>
            <ns3:cad>84</ns3:cad>
          </ns3:TrackPointExtension>
        </extensions>
      </trkpt>
      <trkpt lat="35.760751850903034210205078125" lon="139.54353273846209049224853515625">
        <ele>40.799999237060546875</ele>
        <time>2026-08-25T09:12:54.000Z</time>
        <extensions>
          <ns3:TrackPointExtension>
            <ns3:hr>148</ns3:hr>
            <ns3:cad>84</ns3:cad>
          </ns3:TrackPointExtension>
        </extensions>
      </trkpt>
      <trkpt lat="35.7607600651681423187255859375" lon="139.54355704598128795623779296875">
        <ele>40.799999237060546875</ele>
        <time>2026-08-25T09:12:55.000Z</time>
        <extensions>
          <ns3:TrackPointExtension>
            <ns3:hr>148</ns3:hr>
            <ns3:cad>84</ns3:cad>
          </ns3:TrackPointExtension>
        </extensions>
      </trkpt>
      <trkpt lat="35.76076903380453586578369140625" lon="139.54358093440532684326171875">
        <ele>41</ele>
        <time>2026-08-25T09:12:56.000Z</time>
        <extensions>
          <ns3:TrackPointExtension>
            <ns3:hr>148</ns3:hr>
            <ns3:cad>84</ns3:cad>
          </ns3:TrackPointExtension>
        </extensions>
      </trkpt>
      <trkpt lat="35.76077674515545368194580078125" lon="139.5436052419245243072509765625">
        <ele>41.200000762939453125</ele>
        <time>2026-08-25T09:12:57.000Z</time>
        <extensions>
          <ns3:TrackPointExtension>
            <ns3:hr>148</ns3:hr>
            <ns3:cad>83</ns3:cad>
          </ns3:TrackPointExtension>
        </extensions>
      </trkpt>
      <trkpt lat="35.760785043239593505859375" lon="139.5436273701488971710205078125">
        <ele>41.59999847412109375</ele>
        <time>2026-08-25T09:12:58.000Z</time>
        <extensions>
          <ns3:TrackPointExtension>
            <ns3:hr>148</ns3:hr>
            <ns3:cad>83</ns3:cad>
          </ns3:TrackPointExtension>
        </extensions>
      </trkpt>
      <trkpt lat="35.7607932575047016143798828125" lon="139.5436500012874603271484375">
        <ele>41.59999847412109375</ele>
        <time>2026-08-25T09:12:59.000Z</time>
        <extensions>
          <ns3:TrackPointExtension>
            <ns3:hr>148</ns3:hr>
            <ns3:cad>83</ns3:cad>
          </ns3:TrackPointExtension>
        </extensions>
      </trkpt>
      <trkpt lat="35.76081521809101104736328125" lon="139.54368797130882740020751953125">
        <ele>41.799999237060546875</ele>
        <time>2026-08-25T09:13:00.000Z</time>
        <extensions>
          <ns3:TrackPointExtension>
            <ns3:hr>148</ns3:hr>
            <ns3:cad>82</ns3:cad>
          </ns3:TrackPointExtension>
        </extensions>
      </trkpt>
      <trkpt lat="35.76082519255578517913818359375" lon="139.54370875842869281768798828125">
        <ele>42</ele>
        <time>2026-08-25T09:13:01.000Z</time>
        <extensions>
          <ns3:TrackPointExtension>
            <ns3:hr>148</ns3:hr>
            <ns3:cad>82</ns3:cad>
          </ns3:TrackPointExtension>
        </extensions>
      </trkpt>
      <trkpt lat="35.76082519255578517913818359375" lon="139.54370875842869281768798828125">
        <ele>42</ele>
        <time>2026-08-25T09:13:02.000Z</time>
        <extensions>
          <ns3:TrackPointExtension>
            <ns3:hr>148</ns3:hr>
            <ns3:cad>82</ns3:cad>
          </ns3:TrackPointExtension>
        </extensions>
      </trkpt>
      <trkpt lat="35.76083357445895671844482421875" lon="139.543730802834033966064453125">
        <ele>42</ele>
        <time>2026-08-25T09:13:03.000Z</time>
        <extensions>
          <ns3:TrackPointExtension>
            <ns3:hr>148</ns3:hr>
            <ns3:cad>82</ns3:cad>
          </ns3:TrackPointExtension>
        </extensions>
      </trkpt>
      <trkpt lat="35.76084061525762081146240234375" lon="139.54374966211616992950439453125">
        <ele>42</ele>
        <time>2026-08-25T09:13:04.000Z</time>
        <extensions>
          <ns3:TrackPointExtension>
            <ns3:hr>149</ns3:hr>
            <ns3:cad>81</ns3:cad>
          </ns3:TrackPointExtension>
        </extensions>
      </trkpt>
      <trkpt lat="35.76084815897047519683837890625" lon="139.54376894049346446990966796875">
        <ele>42</ele>
        <time>2026-08-25T09:13:05.000Z</time>
        <extensions>
          <ns3:TrackPointExtension>
            <ns3:hr>149</ns3:hr>
            <ns3:cad>81</ns3:cad>
          </ns3:TrackPointExtension>
        </extensions>
      </trkpt>
      <trkpt lat="35.7608569599688053131103515625" lon="139.543791823089122772216796875">
        <ele>41.799999237060546875</ele>
        <time>2026-08-25T09:13:06.000Z</time>
        <extensions>
          <ns3:TrackPointExtension>
            <ns3:hr>150</ns3:hr>
            <ns3:cad>81</ns3:cad>
          </ns3:TrackPointExtension>
        </extensions>
      </trkpt>
      <trkpt lat="35.76086861081421375274658203125" lon="139.5438164658844470977783203125">
        <ele>41.799999237060546875</ele>
        <time>2026-08-25T09:13:07.000Z</time>
        <extensions>
          <ns3:TrackPointExtension>
            <ns3:hr>150</ns3:hr>
            <ns3:cad>81</ns3:cad>
          </ns3:TrackPointExtension>
        </extensions>
      </trkpt>
      <trkpt lat="35.760879926383495330810546875" lon="139.54384437762200832366943359375">
        <ele>41.59999847412109375</ele>
        <time>2026-08-25T09:13:08.000Z</time>
        <extensions>
          <ns3:TrackPointExtension>
            <ns3:hr>151</ns3:hr>
            <ns3:cad>82</ns3:cad>
          </ns3:TrackPointExtension>
        </extensions>
      </trkpt>
      <trkpt lat="35.7608924992382526397705078125" lon="139.54386231489479541778564453125">
        <ele>41.40000152587890625</ele>
        <time>2026-08-25T09:13:09.000Z</time>
        <extensions>
          <ns3:TrackPointExtension>
            <ns3:hr>151</ns3:hr>
            <ns3:cad>82</ns3:cad>
          </ns3:TrackPointExtension>
        </extensions>
      </trkpt>
      <trkpt lat="35.76090984977781772613525390625" lon="139.5438929088413715362548828125">
        <ele>41.40000152587890625</ele>
        <time>2026-08-25T09:13:10.000Z</time>
        <extensions>
          <ns3:TrackPointExtension>
            <ns3:hr>151</ns3:hr>
            <ns3:cad>83</ns3:cad>
          </ns3:TrackPointExtension>
        </extensions>
      </trkpt>
      <trkpt lat="35.7609223388135433197021484375" lon="139.543915875256061553955078125">
        <ele>41</ele>
        <time>2026-08-25T09:13:11.000Z</time>
        <extensions>
          <ns3:TrackPointExtension>
            <ns3:hr>151</ns3:hr>
            <ns3:cad>83</ns3:cad>
          </ns3:TrackPointExtension>
        </extensions>
      </trkpt>
      <trkpt lat="35.76093650422990322113037109375" lon="139.54393942840397357940673828125">
        <ele>40.799999237060546875</ele>
        <time>2026-08-25T09:13:12.000Z</time>
        <extensions>
          <ns3:TrackPointExtension>
            <ns3:hr>151</ns3:hr>
            <ns3:cad>83</ns3:cad>
          </ns3:TrackPointExtension>
        </extensions>
      </trkpt>
      <trkpt lat="35.760949663817882537841796875" lon="139.54396189190447330474853515625">
        <ele>40.799999237060546875</ele>
        <time>2026-08-25T09:13:13.000Z</time>
        <extensions>
          <ns3:TrackPointExtension>
            <ns3:hr>150</ns3:hr>
            <ns3:cad>83</ns3:cad>
          </ns3:TrackPointExtension>
        </extensions>
      </trkpt>
      <trkpt lat="35.7609622366726398468017578125" lon="139.54398452304303646087646484375">
        <ele>40.59999847412109375</ele>
        <time>2026-08-25T09:13:14.000Z</time>
        <extensions>
          <ns3:TrackPointExtension>
            <ns3:hr>150</ns3:hr>
            <ns3:cad>84</ns3:cad>
          </ns3:TrackPointExtension>
        </extensions>
      </trkpt>
      <trkpt lat="35.76097321696579456329345703125" lon="139.54400740563869476318359375">
        <ele>40.59999847412109375</ele>
        <time>2026-08-25T09:13:15.000Z</time>
        <extensions>
          <ns3:TrackPointExtension>
            <ns3:hr>149</ns3:hr>
            <ns3:cad>84</ns3:cad>
          </ns3:TrackPointExtension>
        </extensions>
      </trkpt>
      <trkpt lat="35.76098478399217128753662109375" lon="139.544027186930179595947265625">
        <ele>40.59999847412109375</ele>
        <time>2026-08-25T09:13:16.000Z</time>
        <extensions>
          <ns3:TrackPointExtension>
            <ns3:hr>150</ns3:hr>
            <ns3:cad>84</ns3:cad>
          </ns3:TrackPointExtension>
        </extensions>
      </trkpt>
      <trkpt lat="35.760999955236911773681640625" lon="139.5440457947552204132080078125">
        <ele>40.59999847412109375</ele>
        <time>2026-08-25T09:13:17.000Z</time>
        <extensions>
          <ns3:TrackPointExtension>
            <ns3:hr>150</ns3:hr>
            <ns3:cad>84</ns3:cad>
          </ns3:TrackPointExtension>
        </extensions>
      </trkpt>
      <trkpt lat="35.761013031005859375" lon="139.54406599514186382293701171875">
        <ele>40.59999847412109375</ele>
        <time>2026-08-25T09:13:18.000Z</time>
        <extensions>
          <ns3:TrackPointExtension>
            <ns3:hr>150</ns3:hr>
            <ns3:cad>84</ns3:cad>
          </ns3:TrackPointExtension>
        </extensions>
      </trkpt>
      <trkpt lat="35.761023424565792083740234375" lon="139.544086866080760955810546875">
        <ele>40.59999847412109375</ele>
        <time>2026-08-25T09:13:19.000Z</time>
        <extensions>
          <ns3:TrackPointExtension>
            <ns3:hr>150</ns3:hr>
            <ns3:cad>84</ns3:cad>
          </ns3:TrackPointExtension>
        </extensions>
      </trkpt>
      <trkpt lat="35.76103205792605876922607421875" lon="139.5441058091819286346435546875">
        <ele>40.59999847412109375</ele>
        <time>2026-08-25T09:13:20.000Z</time>
        <extensions>
          <ns3:TrackPointExtension>
            <ns3:hr>150</ns3:hr>
            <ns3:cad>83</ns3:cad>
          </ns3:TrackPointExtension>
        </extensions>
      </trkpt>
      <trkpt lat="35.7610411942005157470703125" lon="139.54412517137825489044189453125">
        <ele>40.59999847412109375</ele>
        <time>2026-08-25T09:13:21.000Z</time>
        <extensions>
          <ns3:TrackPointExtension>
            <ns3:hr>150</ns3:hr>
            <ns3:cad>82</ns3:cad>
          </ns3:TrackPointExtension>
        </extensions>
      </trkpt>
      <trkpt lat="35.7610534317791461944580078125" lon="139.54414294101297855377197265625">
        <ele>40.59999847412109375</ele>
        <time>2026-08-25T09:13:22.000Z</time>
        <extensions>
          <ns3:TrackPointExtension>
            <ns3:hr>150</ns3:hr>
            <ns3:cad>81</ns3:cad>
          </ns3:TrackPointExtension>
        </extensions>
      </trkpt>
      <trkpt lat="35.761061646044254302978515625" lon="139.544168673455715179443359375">
        <ele>40.59999847412109375</ele>
        <time>2026-08-25T09:13:23.000Z</time>
        <extensions>
          <ns3:TrackPointExtension>
            <ns3:hr>149</ns3:hr>
            <ns3:cad>81</ns3:cad>
          </ns3:TrackPointExtension>
        </extensions>
      </trkpt>
      <trkpt lat="35.7610732130706310272216796875" lon="139.54418837092816829681396484375">
        <ele>40.59999847412109375</ele>
        <time>2026-08-25T09:13:24.000Z</time>
        <extensions>
          <ns3:TrackPointExtension>
            <ns3:hr>149</ns3:hr>
            <ns3:cad>81</ns3:cad>
          </ns3:TrackPointExtension>
        </extensions>
      </trkpt>
      <trkpt lat="35.76108612120151519775390625" lon="139.54420865513384342193603515625">
        <ele>40.59999847412109375</ele>
        <time>2026-08-25T09:13:25.000Z</time>
        <extensions>
          <ns3:TrackPointExtension>
            <ns3:hr>148</ns3:hr>
            <ns3:cad>81</ns3:cad>
          </ns3:TrackPointExtension>
        </extensions>
      </trkpt>
      <trkpt lat="35.76110162772238254547119140625" lon="139.54423061572015285491943359375">
        <ele>40.59999847412109375</ele>
        <time>2026-08-25T09:13:26.000Z</time>
        <extensions>
          <ns3:TrackPointExtension>
            <ns3:hr>147</ns3:hr>
            <ns3:cad>83</ns3:cad>
          </ns3:TrackPointExtension>
        </extensions>
      </trkpt>
      <trkpt lat="35.7611134462058544158935546875" lon="139.54425425268709659576416015625">
        <ele>40.59999847412109375</ele>
        <time>2026-08-25T09:13:27.000Z</time>
        <extensions>
          <ns3:TrackPointExtension>
            <ns3:hr>147</ns3:hr>
            <ns3:cad>84</ns3:cad>
          </ns3:TrackPointExtension>
        </extensions>
      </trkpt>
      <trkpt lat="35.7611275278031826019287109375" lon="139.5442761294543743133544921875">
        <ele>40.59999847412109375</ele>
        <time>2026-08-25T09:13:28.000Z</time>
        <extensions>
          <ns3:TrackPointExtension>
            <ns3:hr>146</ns3:hr>
            <ns3:cad>84</ns3:cad>
          </ns3:TrackPointExtension>
        </extensions>
      </trkpt>
      <trkpt lat="35.76114244759082794189453125" lon="139.544299431145191192626953125">
        <ele>40.799999237060546875</ele>
        <time>2026-08-25T09:13:29.000Z</time>
        <extensions>
          <ns3:TrackPointExtension>
            <ns3:hr>146</ns3:hr>
            <ns3:cad>84</ns3:cad>
          </ns3:TrackPointExtension>
        </extensions>
      </trkpt>
      <trkpt lat="35.76115585863590240478515625" lon="139.544319212436676025390625">
        <ele>40.799999237060546875</ele>
        <time>2026-08-25T09:13:30.000Z</time>
        <extensions>
          <ns3:TrackPointExtension>
            <ns3:hr>146</ns3:hr>
            <ns3:cad>84</ns3:cad>
          </ns3:TrackPointExtension>
        </extensions>
      </trkpt>
      <trkpt lat="35.76117840595543384552001953125" lon="139.54434536397457122802734375">
        <ele>41</ele>
        <time>2026-08-25T09:13:31.000Z</time>
        <extensions>
          <ns3:TrackPointExtension>
            <ns3:hr>145</ns3:hr>
            <ns3:cad>84</ns3:cad>
          </ns3:TrackPointExtension>
        </extensions>
      </trkpt>
      <trkpt lat="35.76119818724691867828369140625" lon="139.54436925239861011505126953125">
        <ele>41</ele>
        <time>2026-08-25T09:13:32.000Z</time>
        <extensions>
          <ns3:TrackPointExtension>
            <ns3:hr>146</ns3:hr>
            <ns3:cad>85</ns3:cad>
          </ns3:TrackPointExtension>
        </extensions>
      </trkpt>
      <trkpt lat="35.76121847145259380340576171875" lon="139.54439171589910984039306640625">
        <ele>41.200000762939453125</ele>
        <time>2026-08-25T09:13:33.000Z</time>
        <extensions>
          <ns3:TrackPointExtension>
            <ns3:hr>146</ns3:hr>
            <ns3:cad>86</ns3:cad>
          </ns3:TrackPointExtension>
        </extensions>
      </trkpt>
      <trkpt lat="35.7612351514399051666259765625" lon="139.54440864734351634979248046875">
        <ele>41.40000152587890625</ele>
        <time>2026-08-25T09:13:34.000Z</time>
        <extensions>
          <ns3:TrackPointExtension>
            <ns3:hr>146</ns3:hr>
            <ns3:cad>86</ns3:cad>
          </ns3:TrackPointExtension>
        </extensions>
      </trkpt>
      <trkpt lat="35.7612502388656139373779296875" lon="139.54442105256021022796630859375">
        <ele>41.40000152587890625</ele>
        <time>2026-08-25T09:13:35.000Z</time>
        <extensions>
          <ns3:TrackPointExtension>
            <ns3:hr>146</ns3:hr>
            <ns3:cad>86</ns3:cad>
          </ns3:TrackPointExtension>
        </extensions>
      </trkpt>
      <trkpt lat="35.761261470615863800048828125" lon="139.54443714581429958343505859375">
        <ele>41.40000152587890625</ele>
        <time>2026-08-25T09:13:36.000Z</time>
        <extensions>
          <ns3:TrackPointExtension>
            <ns3:hr>146</ns3:hr>
            <ns3:cad>86</ns3:cad>
          </ns3:TrackPointExtension>
        </extensions>
      </trkpt>
      <trkpt lat="35.76127295382320880889892578125" lon="139.54445441253483295440673828125">
        <ele>41.40000152587890625</ele>
        <time>2026-08-25T09:13:37.000Z</time>
        <extensions>
          <ns3:TrackPointExtension>
            <ns3:hr>146</ns3:hr>
            <ns3:cad>85</ns3:cad>
          </ns3:TrackPointExtension>
        </extensions>
      </trkpt>
      <trkpt lat="35.7612790726125240325927734375" lon="139.54447486437857151031494140625">
        <ele>41.40000152587890625</ele>
        <time>2026-08-25T09:13:38.000Z</time>
        <extensions>
          <ns3:TrackPointExtension>
            <ns3:hr>146</ns3:hr>
            <ns3:cad>83</ns3:cad>
          </ns3:TrackPointExtension>
        </extensions>
      </trkpt>
      <trkpt lat="35.761283598840236663818359375" lon="139.54449556767940521240234375">
        <ele>41.59999847412109375</ele>
        <time>2026-08-25T09:13:39.000Z</time>
        <extensions>
          <ns3:TrackPointExtension>
            <ns3:hr>146</ns3:hr>
            <ns3:cad>81</ns3:cad>
          </ns3:TrackPointExtension>
        </extensions>
      </trkpt>
      <trkpt lat="35.761287622153759002685546875" lon="139.54452079720795154571533203125">
        <ele>41.59999847412109375</ele>
        <time>2026-08-25T09:13:40.000Z</time>
        <extensions>
          <ns3:TrackPointExtension>
            <ns3:hr>146</ns3:hr>
            <ns3:cad>81</ns3:cad>
          </ns3:TrackPointExtension>
        </extensions>
      </trkpt>
      <trkpt lat="35.761290974915027618408203125" lon="139.54454694874584674835205078125">
        <ele>41.59999847412109375</ele>
        <time>2026-08-25T09:13:41.000Z</time>
        <extensions>
          <ns3:TrackPointExtension>
            <ns3:hr>146</ns3:hr>
            <ns3:cad>82</ns3:cad>
          </ns3:TrackPointExtension>
        </extensions>
      </trkpt>
      <trkpt lat="35.761288963258266448974609375" lon="139.5445753633975982666015625">
        <ele>41.59999847412109375</ele>
        <time>2026-08-25T09:13:42.000Z</time>
        <extensions>
          <ns3:TrackPointExtension>
            <ns3:hr>146</ns3:hr>
            <ns3:cad>82</ns3:cad>
          </ns3:TrackPointExtension>
        </extensions>
      </trkpt>
      <trkpt lat="35.7612794078886508941650390625" lon="139.54459908418357372283935546875">
        <ele>41.59999847412109375</ele>
        <time>2026-08-25T09:13:43.000Z</time>
        <extensions>
          <ns3:TrackPointExtension>
            <ns3:hr>146</ns3:hr>
            <ns3:cad>82</ns3:cad>
          </ns3:TrackPointExtension>
        </extensions>
      </trkpt>
      <trkpt lat="35.761268846690654754638671875" lon="139.54462473280727863311767578125">
        <ele>41.40000152587890625</ele>
        <time>2026-08-25T09:13:44.000Z</time>
        <extensions>
          <ns3:TrackPointExtension>
            <ns3:hr>146</ns3:hr>
            <ns3:cad>82</ns3:cad>
          </ns3:TrackPointExtension>
        </extensions>
      </trkpt>
      <trkpt lat="35.7612589560449123382568359375" lon="139.5446506328880786895751953125">
        <ele>41.40000152587890625</ele>
        <time>2026-08-25T09:13:45.000Z</time>
        <extensions>
          <ns3:TrackPointExtension>
            <ns3:hr>146</ns3:hr>
            <ns3:cad>82</ns3:cad>
          </ns3:TrackPointExtension>
        </extensions>
      </trkpt>
      <trkpt lat="35.7612535916268825531005859375" lon="139.5446764491498470306396484375">
        <ele>41.40000152587890625</ele>
        <time>2026-08-25T09:13:46.000Z</time>
        <extensions>
          <ns3:TrackPointExtension>
            <ns3:hr>146</ns3:hr>
            <ns3:cad>82</ns3:cad>
          </ns3:TrackPointExtension>
        </extensions>
      </trkpt>
      <trkpt lat="35.76124847866594791412353515625" lon="139.54470318742096424102783203125">
        <ele>41.40000152587890625</ele>
        <time>2026-08-25T09:13:47.000Z</time>
        <extensions>
          <ns3:TrackPointExtension>
            <ns3:hr>145</ns3:hr>
            <ns3:cad>84</ns3:cad>
          </ns3:TrackPointExtension>
        </extensions>
      </trkpt>
      <trkpt lat="35.76125032268464565277099609375" lon="139.54472984187304973602294921875">
        <ele>41.40000152587890625</ele>
        <time>2026-08-25T09:13:48.000Z</time>
        <extensions>
          <ns3:TrackPointExtension>
            <ns3:hr>145</ns3:hr>
            <ns3:cad>84</ns3:cad>
          </ns3:TrackPointExtension>
        </extensions>
      </trkpt>
      <trkpt lat="35.76126088388264179229736328125" lon="139.544750042259693145751953125">
        <ele>41.59999847412109375</ele>
        <time>2026-08-25T09:13:49.000Z</time>
        <extensions>
          <ns3:TrackPointExtension>
            <ns3:hr>146</ns3:hr>
            <ns3:cad>84</ns3:cad>
          </ns3:TrackPointExtension>
        </extensions>
      </trkpt>
      <trkpt lat="35.7612780667841434478759765625" lon="139.54476756043732166290283203125">
        <ele>41.59999847412109375</ele>
        <time>2026-08-25T09:13:50.000Z</time>
        <extensions>
          <ns3:TrackPointExtension>
            <ns3:hr>146</ns3:hr>
            <ns3:cad>84</ns3:cad>
          </ns3:TrackPointExtension>
        </extensions>
      </trkpt>
      <trkpt lat="35.76129307039082050323486328125" lon="139.54478382132947444915771484375">
        <ele>41.59999847412109375</ele>
        <time>2026-08-25T09:13:51.000Z</time>
        <extensions>
          <ns3:TrackPointExtension>
            <ns3:hr>146</ns3:hr>
            <ns3:cad>83</ns3:cad>
          </ns3:TrackPointExtension>
        </extensions>
      </trkpt>
      <trkpt lat="35.7613142766058444976806640625" lon="139.5448082126677036285400390625">
        <ele>41.59999847412109375</ele>
        <time>2026-08-25T09:13:52.000Z</time>
        <extensions>
          <ns3:TrackPointExtension>
            <ns3:hr>146</ns3:hr>
            <ns3:cad>83</ns3:cad>
          </ns3:TrackPointExtension>
        </extensions>
      </trkpt>
      <trkpt lat="35.76133497990667819976806640625" lon="139.54482707194983959197998046875">
        <ele>41.40000152587890625</ele>
        <time>2026-08-25T09:13:53.000Z</time>
        <extensions>
          <ns3:TrackPointExtension>
            <ns3:hr>146</ns3:hr>
            <ns3:cad>83</ns3:cad>
          </ns3:TrackPointExtension>
        </extensions>
      </trkpt>
      <trkpt lat="35.76135568320751190185546875" lon="139.544843919575214385986328125">
        <ele>41.40000152587890625</ele>
        <time>2026-08-25T09:13:54.000Z</time>
        <extensions>
          <ns3:TrackPointExtension>
            <ns3:hr>147</ns3:hr>
            <ns3:cad>83</ns3:cad>
          </ns3:TrackPointExtension>
        </extensions>
      </trkpt>
      <trkpt lat="35.7613756321370601654052734375" lon="139.54486110247671604156494140625">
        <ele>41.40000152587890625</ele>
        <time>2026-08-25T09:13:55.000Z</time>
        <extensions>
          <ns3:TrackPointExtension>
            <ns3:hr>147</ns3:hr>
            <ns3:cad>83</ns3:cad>
          </ns3:TrackPointExtension>
        </extensions>
      </trkpt>
      <trkpt lat="35.7613944076001644134521484375" lon="139.5448811352252960205078125">
        <ele>41.200000762939453125</ele>
        <time>2026-08-25T09:13:56.000Z</time>
        <extensions>
          <ns3:TrackPointExtension>
            <ns3:hr>147</ns3:hr>
            <ns3:cad>84</ns3:cad>
          </ns3:TrackPointExtension>
        </extensions>
      </trkpt>
      <trkpt lat="35.761414356529712677001953125" lon="139.5448967255651950836181640625">
        <ele>41.200000762939453125</ele>
        <time>2026-08-25T09:13:57.000Z</time>
        <extensions>
          <ns3:TrackPointExtension>
            <ns3:hr>148</ns3:hr>
            <ns3:cad>85</ns3:cad>
          </ns3:TrackPointExtension>
        </extensions>
      </trkpt>
      <trkpt lat="35.7614301145076751708984375" lon="139.5449161715805530548095703125">
        <ele>41.200000762939453125</ele>
        <time>2026-08-25T09:13:58.000Z</time>
        <extensions>
          <ns3:TrackPointExtension>
            <ns3:hr>148</ns3:hr>
            <ns3:cad>85</ns3:cad>
          </ns3:TrackPointExtension>
        </extensions>
      </trkpt>
      <trkpt lat="35.761446543037891387939453125" lon="139.5449332706630229949951171875">
        <ele>41.200000762939453125</ele>
        <time>2026-08-25T09:13:59.000Z</time>
        <extensions>
          <ns3:TrackPointExtension>
            <ns3:hr>148</ns3:hr>
            <ns3:cad>85</ns3:cad>
          </ns3:TrackPointExtension>
        </extensions>
      </trkpt>
      <trkpt lat="35.76146657578647136688232421875" lon="139.54495447687804698944091796875">
        <ele>41.200000762939453125</ele>
        <time>2026-08-25T09:14:00.000Z</time>
        <extensions>
          <ns3:TrackPointExtension>
            <ns3:hr>148</ns3:hr>
            <ns3:cad>85</ns3:cad>
          </ns3:TrackPointExtension>
        </extensions>
      </trkpt>
      <trkpt lat="35.76148585416376590728759765625" lon="139.54497274942696094512939453125">
        <ele>41.200000762939453125</ele>
        <time>2026-08-25T09:14:01.000Z</time>
        <extensions>
          <ns3:TrackPointExtension>
            <ns3:hr>148</ns3:hr>
            <ns3:cad>85</ns3:cad>
          </ns3:TrackPointExtension>
        </extensions>
      </trkpt>
      <trkpt lat="35.76150345616042613983154296875" lon="139.544993452727794647216796875">
        <ele>41</ele>
        <time>2026-08-25T09:14:02.000Z</time>
        <extensions>
          <ns3:TrackPointExtension>
            <ns3:hr>148</ns3:hr>
            <ns3:cad>86</ns3:cad>
          </ns3:TrackPointExtension>
        </extensions>
      </trkpt>
      <trkpt lat="35.76151720248162746429443359375" lon="139.54500745050609111785888671875">
        <ele>41</ele>
        <time>2026-08-25T09:14:03.000Z</time>
        <extensions>
          <ns3:TrackPointExtension>
            <ns3:hr>149</ns3:hr>
            <ns3:cad>86</ns3:cad>
          </ns3:TrackPointExtension>
        </extensions>
      </trkpt>
      <trkpt lat="35.7615325413644313812255859375" lon="139.54502438195049762725830078125">
        <ele>41.200000762939453125</ele>
        <time>2026-08-25T09:14:04.000Z</time>
        <extensions>
          <ns3:TrackPointExtension>
            <ns3:hr>149</ns3:hr>
            <ns3:cad>86</ns3:cad>
          </ns3:TrackPointExtension>
        </extensions>
      </trkpt>
      <trkpt lat="35.7615560106933116912841796875" lon="139.54504567198455333709716796875">
        <ele>41.200000762939453125</ele>
        <time>2026-08-25T09:14:05.000Z</time>
        <extensions>
          <ns3:TrackPointExtension>
            <ns3:hr>149</ns3:hr>
            <ns3:cad>86</ns3:cad>
          </ns3:TrackPointExtension>
        </extensions>
      </trkpt>
      <trkpt lat="35.76157352887094020843505859375" lon="139.54505824483931064605712890625">
        <ele>41.200000762939453125</ele>
        <time>2026-08-25T09:14:06.000Z</time>
        <extensions>
          <ns3:TrackPointExtension>
            <ns3:hr>149</ns3:hr>
            <ns3:cad>87</ns3:cad>
          </ns3:TrackPointExtension>
        </extensions>
      </trkpt>
      <trkpt lat="35.76159842312335968017578125" lon="139.54507936723530292510986328125">
        <ele>41.200000762939453125</ele>
        <time>2026-08-25T09:14:07.000Z</time>
        <extensions>
          <ns3:TrackPointExtension>
            <ns3:hr>149</ns3:hr>
            <ns3:cad>86</ns3:cad>
          </ns3:TrackPointExtension>
        </extensions>
      </trkpt>
      <trkpt lat="35.7616183720529079437255859375" lon="139.5450962148606777191162109375">
        <ele>41.200000762939453125</ele>
        <time>2026-08-25T09:14:08.000Z</time>
        <extensions>
          <ns3:TrackPointExtension>
            <ns3:hr>149</ns3:hr>
            <ns3:cad>85</ns3:cad>
          </ns3:TrackPointExtension>
        </extensions>
      </trkpt>
      <trkpt lat="35.76163790188729763031005859375" lon="139.5451109670102596282958984375">
        <ele>41.200000762939453125</ele>
        <time>2026-08-25T09:14:09.000Z</time>
        <extensions>
          <ns3:TrackPointExtension>
            <ns3:hr>149</ns3:hr>
            <ns3:cad>85</ns3:cad>
          </ns3:TrackPointExtension>
        </extensions>
      </trkpt>
      <trkpt lat="35.76165835373103618621826171875" lon="139.54512496478855609893798828125">
        <ele>41.200000762939453125</ele>
        <time>2026-08-25T09:14:10.000Z</time>
        <extensions>
          <ns3:TrackPointExtension>
            <ns3:hr>149</ns3:hr>
            <ns3:cad>85</ns3:cad>
          </ns3:TrackPointExtension>
        </extensions>
      </trkpt>
      <trkpt lat="35.76167494989931583404541015625" lon="139.54514105804264545440673828125">
        <ele>41.200000762939453125</ele>
        <time>2026-08-25T09:14:11.000Z</time>
        <extensions>
          <ns3:TrackPointExtension>
            <ns3:hr>149</ns3:hr>
            <ns3:cad>85</ns3:cad>
          </ns3:TrackPointExtension>
        </extensions>
      </trkpt>
      <trkpt lat="35.76168869622051715850830078125" lon="139.54515463672578334808349609375">
        <ele>41.200000762939453125</ele>
        <time>2026-08-25T09:14:12.000Z</time>
        <extensions>
          <ns3:TrackPointExtension>
            <ns3:hr>149</ns3:hr>
            <ns3:cad>85</ns3:cad>
          </ns3:TrackPointExtension>
        </extensions>
      </trkpt>
      <trkpt lat="35.76171048916876316070556640625" lon="139.54517056234180927276611328125">
        <ele>41.200000762939453125</ele>
        <time>2026-08-25T09:14:13.000Z</time>
        <extensions>
          <ns3:TrackPointExtension>
            <ns3:hr>149</ns3:hr>
            <ns3:cad>85</ns3:cad>
          </ns3:TrackPointExtension>
        </extensions>
      </trkpt>
      <trkpt lat="35.7617310248315334320068359375" lon="139.54518514685332775115966796875">
        <ele>41.200000762939453125</ele>
        <time>2026-08-25T09:14:14.000Z</time>
        <extensions>
          <ns3:TrackPointExtension>
            <ns3:hr>149</ns3:hr>
            <ns3:cad>85</ns3:cad>
          </ns3:TrackPointExtension>
        </extensions>
      </trkpt>
      <trkpt lat="35.761750303208827972412109375" lon="139.54519721679389476776123046875">
        <ele>41.200000762939453125</ele>
        <time>2026-08-25T09:14:15.000Z</time>
        <extensions>
          <ns3:TrackPointExtension>
            <ns3:hr>149</ns3:hr>
            <ns3:cad>85</ns3:cad>
          </ns3:TrackPointExtension>
        </extensions>
      </trkpt>
      <trkpt lat="35.76177184469997882843017578125" lon="139.545211382210254669189453125">
        <ele>41</ele>
        <time>2026-08-25T09:14:16.000Z</time>
        <extensions>
          <ns3:TrackPointExtension>
            <ns3:hr>149</ns3:hr>
            <ns3:cad>85</ns3:cad>
          </ns3:TrackPointExtension>
        </extensions>
      </trkpt>
      <trkpt lat="35.76179422438144683837890625" lon="139.54522588290274143218994140625">
        <ele>41</ele>
        <time>2026-08-25T09:14:17.000Z</time>
        <extensions>
          <ns3:TrackPointExtension>
            <ns3:hr>149</ns3:hr>
            <ns3:cad>86</ns3:cad>
          </ns3:TrackPointExtension>
        </extensions>
      </trkpt>
      <trkpt lat="35.7618136703968048095703125" lon="139.54524298198521137237548828125">
        <ele>41</ele>
        <time>2026-08-25T09:14:18.000Z</time>
        <extensions>
          <ns3:TrackPointExtension>
            <ns3:hr>149</ns3:hr>
            <ns3:cad>86</ns3:cad>
          </ns3:TrackPointExtension>
        </extensions>
      </trkpt>
      <trkpt lat="35.7618322782218456268310546875" lon="139.54526091925799846649169921875">
        <ele>41</ele>
        <time>2026-08-25T09:14:19.000Z</time>
        <extensions>
          <ns3:TrackPointExtension>
            <ns3:hr>149</ns3:hr>
            <ns3:cad>86</ns3:cad>
          </ns3:TrackPointExtension>
        </extensions>
      </trkpt>
      <trkpt lat="35.7618500478565692901611328125" lon="139.54527634195983409881591796875">
        <ele>41</ele>
        <time>2026-08-25T09:14:20.000Z</time>
        <extensions>
          <ns3:TrackPointExtension>
            <ns3:hr>149</ns3:hr>
            <ns3:cad>85</ns3:cad>
          </ns3:TrackPointExtension>
        </extensions>
      </trkpt>
      <trkpt lat="35.7618718408048152923583984375" lon="139.54529059119522571563720703125">
        <ele>41</ele>
        <time>2026-08-25T09:14:21.000Z</time>
        <extensions>
          <ns3:TrackPointExtension>
            <ns3:hr>149</ns3:hr>
            <ns3:cad>85</ns3:cad>
          </ns3:TrackPointExtension>
        </extensions>
      </trkpt>
      <trkpt lat="35.76189187355339527130126953125" lon="139.54530886374413967132568359375">
        <ele>41</ele>
        <time>2026-08-25T09:14:22.000Z</time>
        <extensions>
          <ns3:TrackPointExtension>
            <ns3:hr>149</ns3:hr>
            <ns3:cad>85</ns3:cad>
          </ns3:TrackPointExtension>
        </extensions>
      </trkpt>
      <trkpt lat="35.761911235749721527099609375" lon="139.54532411880791187286376953125">
        <ele>40.799999237060546875</ele>
        <time>2026-08-25T09:14:23.000Z</time>
        <extensions>
          <ns3:TrackPointExtension>
            <ns3:hr>149</ns3:hr>
            <ns3:cad>83</ns3:cad>
          </ns3:TrackPointExtension>
        </extensions>
      </trkpt>
      <trkpt lat="35.76193244196474552154541015625" lon="139.54533769749104976654052734375">
        <ele>40.799999237060546875</ele>
        <time>2026-08-25T09:14:24.000Z</time>
        <extensions>
          <ns3:TrackPointExtension>
            <ns3:hr>149</ns3:hr>
            <ns3:cad>83</ns3:cad>
          </ns3:TrackPointExtension>
        </extensions>
      </trkpt>
      <trkpt lat="35.7619523070752620697021484375" lon="139.54535077325999736785888671875">
        <ele>40.799999237060546875</ele>
        <time>2026-08-25T09:14:25.000Z</time>
        <extensions>
          <ns3:TrackPointExtension>
            <ns3:hr>149</ns3:hr>
            <ns3:cad>83</ns3:cad>
          </ns3:TrackPointExtension>
        </extensions>
      </trkpt>
      <trkpt lat="35.76197233982384204864501953125" lon="139.54536368139088153839111328125">
        <ele>40.799999237060546875</ele>
        <time>2026-08-25T09:14:26.000Z</time>
        <extensions>
          <ns3:TrackPointExtension>
            <ns3:hr>149</ns3:hr>
            <ns3:cad>83</ns3:cad>
          </ns3:TrackPointExtension>
        </extensions>
      </trkpt>
      <trkpt lat="35.76199245639145374298095703125" lon="139.54537776298820972442626953125">
        <ele>40.799999237060546875</ele>
        <time>2026-08-25T09:14:27.000Z</time>
        <extensions>
          <ns3:TrackPointExtension>
            <ns3:hr>149</ns3:hr>
            <ns3:cad>84</ns3:cad>
          </ns3:TrackPointExtension>
        </extensions>
      </trkpt>
      <trkpt lat="35.76201039366424083709716796875" lon="139.54538849182426929473876953125">
        <ele>40.799999237060546875</ele>
        <time>2026-08-25T09:14:28.000Z</time>
        <extensions>
          <ns3:TrackPointExtension>
            <ns3:hr>149</ns3:hr>
            <ns3:cad>84</ns3:cad>
          </ns3:TrackPointExtension>
        </extensions>
      </trkpt>
      <trkpt lat="35.7620260678231716156005859375" lon="139.54539955593645572662353515625">
        <ele>41</ele>
        <time>2026-08-25T09:14:29.000Z</time>
        <extensions>
          <ns3:TrackPointExtension>
            <ns3:hr>149</ns3:hr>
            <ns3:cad>83</ns3:cad>
          </ns3:TrackPointExtension>
        </extensions>
      </trkpt>
      <trkpt lat="35.7620455138385295867919921875" lon="139.54541078768670558929443359375">
        <ele>41</ele>
        <time>2026-08-25T09:14:30.000Z</time>
        <extensions>
          <ns3:TrackPointExtension>
            <ns3:hr>149</ns3:hr>
            <ns3:cad>82</ns3:cad>
          </ns3:TrackPointExtension>
        </extensions>
      </trkpt>
      <trkpt lat="35.76206353493034839630126953125" lon="139.54542252235114574432373046875">
        <ele>41</ele>
        <time>2026-08-25T09:14:31.000Z</time>
        <extensions>
          <ns3:TrackPointExtension>
            <ns3:hr>149</ns3:hr>
            <ns3:cad>82</ns3:cad>
          </ns3:TrackPointExtension>
        </extensions>
      </trkpt>
      <trkpt lat="35.7620845735073089599609375" lon="139.5454336702823638916015625">
        <ele>41</ele>
        <time>2026-08-25T09:14:32.000Z</time>
        <extensions>
          <ns3:TrackPointExtension>
            <ns3:hr>149</ns3:hr>
            <ns3:cad>82</ns3:cad>
          </ns3:TrackPointExtension>
        </extensions>
      </trkpt>
      <trkpt lat="35.76210309751331806182861328125" lon="139.54544515348970890045166015625">
        <ele>41</ele>
        <time>2026-08-25T09:14:33.000Z</time>
        <extensions>
          <ns3:TrackPointExtension>
            <ns3:hr>149</ns3:hr>
            <ns3:cad>82</ns3:cad>
          </ns3:TrackPointExtension>
        </extensions>
      </trkpt>
      <trkpt lat="35.76212958432734012603759765625" lon="139.5454569719731807708740234375">
        <ele>41</ele>
        <time>2026-08-25T09:14:34.000Z</time>
        <extensions>
          <ns3:TrackPointExtension>
            <ns3:hr>149</ns3:hr>
            <ns3:cad>82</ns3:cad>
          </ns3:TrackPointExtension>
        </extensions>
      </trkpt>
      <trkpt lat="35.76214903034269809722900390625" lon="139.545467197895050048828125">
        <ele>41</ele>
        <time>2026-08-25T09:14:35.000Z</time>
        <extensions>
          <ns3:TrackPointExtension>
            <ns3:hr>149</ns3:hr>
            <ns3:cad>83</ns3:cad>
          </ns3:TrackPointExtension>
        </extensions>
      </trkpt>
      <trkpt lat="35.7621678896248340606689453125" lon="139.545476250350475311279296875">
        <ele>41</ele>
        <time>2026-08-25T09:14:36.000Z</time>
        <extensions>
          <ns3:TrackPointExtension>
            <ns3:hr>149</ns3:hr>
            <ns3:cad>83</ns3:cad>
          </ns3:TrackPointExtension>
        </extensions>
      </trkpt>
      <trkpt lat="35.762188173830509185791015625" lon="139.54548538662493228912353515625">
        <ele>41.200000762939453125</ele>
        <time>2026-08-25T09:14:37.000Z</time>
        <extensions>
          <ns3:TrackPointExtension>
            <ns3:hr>149</ns3:hr>
            <ns3:cad>83</ns3:cad>
          </ns3:TrackPointExtension>
        </extensions>
      </trkpt>
      <trkpt lat="35.76220820657908916473388671875" lon="139.54549712128937244415283203125">
        <ele>41.200000762939453125</ele>
        <time>2026-08-25T09:14:38.000Z</time>
        <extensions>
          <ns3:TrackPointExtension>
            <ns3:hr>149</ns3:hr>
            <ns3:cad>83</ns3:cad>
          </ns3:TrackPointExtension>
        </extensions>
      </trkpt>
      <trkpt lat="35.76222530566155910491943359375" lon="139.54550835303962230682373046875">
        <ele>41.200000762939453125</ele>
        <time>2026-08-25T09:14:39.000Z</time>
        <extensions>
          <ns3:TrackPointExtension>
            <ns3:hr>149</ns3:hr>
            <ns3:cad>82</ns3:cad>
          </ns3:TrackPointExtension>
        </extensions>
      </trkpt>
      <trkpt lat="35.76224508695304393768310546875" lon="139.54552159644663333892822265625">
        <ele>41.200000762939453125</ele>
        <time>2026-08-25T09:14:40.000Z</time>
        <extensions>
          <ns3:TrackPointExtension>
            <ns3:hr>148</ns3:hr>
            <ns3:cad>82</ns3:cad>
          </ns3:TrackPointExtension>
        </extensions>
      </trkpt>
      <trkpt lat="35.7622651197016239166259765625" lon="139.54553282819688320159912109375">
        <ele>41.200000762939453125</ele>
        <time>2026-08-25T09:14:41.000Z</time>
        <extensions>
          <ns3:TrackPointExtension>
            <ns3:hr>148</ns3:hr>
            <ns3:cad>82</ns3:cad>
          </ns3:TrackPointExtension>
        </extensions>
      </trkpt>
      <trkpt lat="35.7622830569744110107421875" lon="139.5455424673855304718017578125">
        <ele>41.200000762939453125</ele>
        <time>2026-08-25T09:14:42.000Z</time>
        <extensions>
          <ns3:TrackPointExtension>
            <ns3:hr>148</ns3:hr>
            <ns3:cad>82</ns3:cad>
          </ns3:TrackPointExtension>
        </extensions>
      </trkpt>
      <trkpt lat="35.76230610720813274383544921875" lon="139.54555059783160686492919921875">
        <ele>41.200000762939453125</ele>
        <time>2026-08-25T09:14:43.000Z</time>
        <extensions>
          <ns3:TrackPointExtension>
            <ns3:hr>148</ns3:hr>
            <ns3:cad>82</ns3:cad>
          </ns3:TrackPointExtension>
        </extensions>
      </trkpt>
      <trkpt lat="35.76232890598475933074951171875" lon="139.54555780626833438873291015625">
        <ele>41</ele>
        <time>2026-08-25T09:14:44.000Z</time>
        <extensions>
          <ns3:TrackPointExtension>
            <ns3:hr>148</ns3:hr>
            <ns3:cad>82</ns3:cad>
          </ns3:TrackPointExtension>
        </extensions>
      </trkpt>
      <trkpt lat="35.76235069893300533294677734375" lon="139.5455672778189182281494140625">
        <ele>41</ele>
        <time>2026-08-25T09:14:45.000Z</time>
        <extensions>
          <ns3:TrackPointExtension>
            <ns3:hr>148</ns3:hr>
            <ns3:cad>82</ns3:cad>
          </ns3:TrackPointExtension>
        </extensions>
      </trkpt>
      <trkpt lat="35.76237467117607593536376953125" lon="139.5455746538937091827392578125">
        <ele>41</ele>
        <time>2026-08-25T09:14:46.000Z</time>
        <extensions>
          <ns3:TrackPointExtension>
            <ns3:hr>149</ns3:hr>
            <ns3:cad>82</ns3:cad>
          </ns3:TrackPointExtension>
        </extensions>
      </trkpt>
      <trkpt lat="35.76239847578108310699462890625" lon="139.54558244906365871429443359375">
        <ele>40.799999237060546875</ele>
        <time>2026-08-25T09:14:47.000Z</time>
        <extensions>
          <ns3:TrackPointExtension>
            <ns3:hr>149</ns3:hr>
            <ns3:cad>82</ns3:cad>
          </ns3:TrackPointExtension>
        </extensions>
      </trkpt>
      <trkpt lat="35.762421190738677978515625" lon="139.5455919206142425537109375">
        <ele>40.59999847412109375</ele>
        <time>2026-08-25T09:14:48.000Z</time>
        <extensions>
          <ns3:TrackPointExtension>
            <ns3:hr>149</ns3:hr>
            <ns3:cad>83</ns3:cad>
          </ns3:TrackPointExtension>
        </extensions>
      </trkpt>
      <trkpt lat="35.76244172640144824981689453125" lon="139.54560072161257266998291015625">
        <ele>40.59999847412109375</ele>
        <time>2026-08-25T09:14:49.000Z</time>
        <extensions>
          <ns3:TrackPointExtension>
            <ns3:hr>150</ns3:hr>
            <ns3:cad>83</ns3:cad>
          </ns3:TrackPointExtension>
        </extensions>
      </trkpt>
      <trkpt lat="35.76246251352131366729736328125" lon="139.5456098578870296478271484375">
        <ele>40.59999847412109375</ele>
        <time>2026-08-25T09:14:50.000Z</time>
        <extensions>
          <ns3:TrackPointExtension>
            <ns3:hr>150</ns3:hr>
            <ns3:cad>83</ns3:cad>
          </ns3:TrackPointExtension>
        </extensions>
      </trkpt>
      <trkpt lat="35.76248380355536937713623046875" lon="139.54562008380889892578125">
        <ele>40.59999847412109375</ele>
        <time>2026-08-25T09:14:51.000Z</time>
        <extensions>
          <ns3:TrackPointExtension>
            <ns3:hr>150</ns3:hr>
            <ns3:cad>84</ns3:cad>
          </ns3:TrackPointExtension>
        </extensions>
      </trkpt>
      <trkpt lat="35.76250609941780567169189453125" lon="139.54562745988368988037109375">
        <ele>40.59999847412109375</ele>
        <time>2026-08-25T09:14:52.000Z</time>
        <extensions>
          <ns3:TrackPointExtension>
            <ns3:hr>151</ns3:hr>
            <ns3:cad>84</ns3:cad>
          </ns3:TrackPointExtension>
        </extensions>
      </trkpt>
      <trkpt lat="35.7625298202037811279296875" lon="139.54563341103494167327880859375">
        <ele>40.59999847412109375</ele>
        <time>2026-08-25T09:14:53.000Z</time>
        <extensions>
          <ns3:TrackPointExtension>
            <ns3:hr>151</ns3:hr>
            <ns3:cad>84</ns3:cad>
          </ns3:TrackPointExtension>
        </extensions>
      </trkpt>
      <trkpt lat="35.76254784129559993743896484375" lon="139.5456393621861934661865234375">
        <ele>40.59999847412109375</ele>
        <time>2026-08-25T09:14:54.000Z</time>
        <extensions>
          <ns3:TrackPointExtension>
            <ns3:hr>151</ns3:hr>
            <ns3:cad>84</ns3:cad>
          </ns3:TrackPointExtension>
        </extensions>
      </trkpt>
      <trkpt lat="35.76256938278675079345703125" lon="139.545645229518413543701171875">
        <ele>40.59999847412109375</ele>
        <time>2026-08-25T09:14:55.000Z</time>
        <extensions>
          <ns3:TrackPointExtension>
            <ns3:hr>152</ns3:hr>
            <ns3:cad>84</ns3:cad>
          </ns3:TrackPointExtension>
        </extensions>
      </trkpt>
      <trkpt lat="35.762591846287250518798828125" lon="139.5456521026790142059326171875">
        <ele>40.59999847412109375</ele>
        <time>2026-08-25T09:14:56.000Z</time>
        <extensions>
          <ns3:TrackPointExtension>
            <ns3:hr>152</ns3:hr>
            <ns3:cad>84</ns3:cad>
          </ns3:TrackPointExtension>
        </extensions>
      </trkpt>
      <trkpt lat="35.76261053793132305145263671875" lon="139.545659981667995452880859375">
        <ele>40.59999847412109375</ele>
        <time>2026-08-25T09:14:57.000Z</time>
        <extensions>
          <ns3:TrackPointExtension>
            <ns3:hr>152</ns3:hr>
            <ns3:cad>84</ns3:cad>
          </ns3:TrackPointExtension>
        </extensions>
      </trkpt>
      <trkpt lat="35.76263107359409332275390625" lon="139.54566928558051586151123046875">
        <ele>40.59999847412109375</ele>
        <time>2026-08-25T09:14:58.000Z</time>
        <extensions>
          <ns3:TrackPointExtension>
            <ns3:hr>152</ns3:hr>
            <ns3:cad>84</ns3:cad>
          </ns3:TrackPointExtension>
        </extensions>
      </trkpt>
      <trkpt lat="35.7626503519713878631591796875" lon="139.5456799305975437164306640625">
        <ele>40.40000152587890625</ele>
        <time>2026-08-25T09:14:59.000Z</time>
        <extensions>
          <ns3:TrackPointExtension>
            <ns3:hr>152</ns3:hr>
            <ns3:cad>83</ns3:cad>
          </ns3:TrackPointExtension>
        </extensions>
      </trkpt>
      <trkpt lat="35.76267206110060214996337890625" lon="139.545688815414905548095703125">
        <ele>40.40000152587890625</ele>
        <time>2026-08-25T09:15:00.000Z</time>
        <extensions>
          <ns3:TrackPointExtension>
            <ns3:hr>153</ns3:hr>
            <ns3:cad>83</ns3:cad>
          </ns3:TrackPointExtension>
        </extensions>
      </trkpt>
      <trkpt lat="35.7626922614872455596923828125" lon="139.5456956885755062103271484375">
        <ele>40.40000152587890625</ele>
        <time>2026-08-25T09:15:01.000Z</time>
        <extensions>
          <ns3:TrackPointExtension>
            <ns3:hr>153</ns3:hr>
            <ns3:cad>84</ns3:cad>
          </ns3:TrackPointExtension>
        </extensions>
      </trkpt>
      <trkpt lat="35.76271288096904754638671875" lon="139.54570197500288486480712890625">
        <ele>40.40000152587890625</ele>
        <time>2026-08-25T09:15:02.000Z</time>
        <extensions>
          <ns3:TrackPointExtension>
            <ns3:hr>153</ns3:hr>
            <ns3:cad>84</ns3:cad>
          </ns3:TrackPointExtension>
        </extensions>
      </trkpt>
      <trkpt lat="35.762733332812786102294921875" lon="139.54571270383894443511962890625">
        <ele>40.40000152587890625</ele>
        <time>2026-08-25T09:15:03.000Z</time>
        <extensions>
          <ns3:TrackPointExtension>
            <ns3:hr>152</ns3:hr>
            <ns3:cad>84</ns3:cad>
          </ns3:TrackPointExtension>
        </extensions>
      </trkpt>
      <trkpt lat="35.76275386847555637359619140625" lon="139.545723684132099151611328125">
        <ele>40.40000152587890625</ele>
        <time>2026-08-25T09:15:04.000Z</time>
        <extensions>
          <ns3:TrackPointExtension>
            <ns3:hr>152</ns3:hr>
            <ns3:cad>84</ns3:cad>
          </ns3:TrackPointExtension>
        </extensions>
      </trkpt>
      <trkpt lat="35.76277717016637325286865234375" lon="139.54573784954845905303955078125">
        <ele>40.40000152587890625</ele>
        <time>2026-08-25T09:15:05.000Z</time>
        <extensions>
          <ns3:TrackPointExtension>
            <ns3:hr>152</ns3:hr>
            <ns3:cad>83</ns3:cad>
          </ns3:TrackPointExtension>
        </extensions>
      </trkpt>
      <trkpt lat="35.76279695145785808563232421875" lon="139.54575260169804096221923828125">
        <ele>40.40000152587890625</ele>
        <time>2026-08-25T09:15:06.000Z</time>
        <extensions>
          <ns3:TrackPointExtension>
            <ns3:hr>152</ns3:hr>
            <ns3:cad>83</ns3:cad>
          </ns3:TrackPointExtension>
        </extensions>
      </trkpt>
      <trkpt lat="35.76281706802546977996826171875" lon="139.54576534219086170196533203125">
        <ele>40.40000152587890625</ele>
        <time>2026-08-25T09:15:07.000Z</time>
        <extensions>
          <ns3:TrackPointExtension>
            <ns3:hr>152</ns3:hr>
            <ns3:cad>84</ns3:cad>
          </ns3:TrackPointExtension>
        </extensions>
      </trkpt>
      <trkpt lat="35.7628387771546840667724609375" lon="139.545780681073665618896484375">
        <ele>40.40000152587890625</ele>
        <time>2026-08-25T09:15:08.000Z</time>
        <extensions>
          <ns3:TrackPointExtension>
            <ns3:hr>152</ns3:hr>
            <ns3:cad>84</ns3:cad>
          </ns3:TrackPointExtension>
        </extensions>
      </trkpt>
      <trkpt lat="35.7628598995506763458251953125" lon="139.5457919128239154815673828125">
        <ele>40.40000152587890625</ele>
        <time>2026-08-25T09:15:09.000Z</time>
        <extensions>
          <ns3:TrackPointExtension>
            <ns3:hr>152</ns3:hr>
            <ns3:cad>84</ns3:cad>
          </ns3:TrackPointExtension>
        </extensions>
      </trkpt>
      <trkpt lat="35.76288009993731975555419921875" lon="139.54580188728868961334228515625">
        <ele>40.59999847412109375</ele>
        <time>2026-08-25T09:15:10.000Z</time>
        <extensions>
          <ns3:TrackPointExtension>
            <ns3:hr>152</ns3:hr>
            <ns3:cad>84</ns3:cad>
          </ns3:TrackPointExtension>
        </extensions>
      </trkpt>
      <trkpt lat="35.76290122233331203460693359375" lon="139.54581362195312976837158203125">
        <ele>40.59999847412109375</ele>
        <time>2026-08-25T09:15:11.000Z</time>
        <extensions>
          <ns3:TrackPointExtension>
            <ns3:hr>152</ns3:hr>
            <ns3:cad>84</ns3:cad>
          </ns3:TrackPointExtension>
        </extensions>
      </trkpt>
      <trkpt lat="35.76291941106319427490234375" lon="139.545830301940441131591796875">
        <ele>40.59999847412109375</ele>
        <time>2026-08-25T09:15:12.000Z</time>
        <extensions>
          <ns3:TrackPointExtension>
            <ns3:hr>152</ns3:hr>
            <ns3:cad>84</ns3:cad>
          </ns3:TrackPointExtension>
        </extensions>
      </trkpt>
      <trkpt lat="35.76293877325952053070068359375" lon="139.54584446735680103302001953125">
        <ele>40.59999847412109375</ele>
        <time>2026-08-25T09:15:13.000Z</time>
        <extensions>
          <ns3:TrackPointExtension>
            <ns3:hr>152</ns3:hr>
            <ns3:cad>83</ns3:cad>
          </ns3:TrackPointExtension>
        </extensions>
      </trkpt>
      <trkpt lat="35.76295922510325908660888671875" lon="139.54585720784962177276611328125">
        <ele>40.59999847412109375</ele>
        <time>2026-08-25T09:15:14.000Z</time>
        <extensions>
          <ns3:TrackPointExtension>
            <ns3:hr>152</ns3:hr>
            <ns3:cad>83</ns3:cad>
          </ns3:TrackPointExtension>
        </extensions>
      </trkpt>
      <trkpt lat="35.7629772461950778961181640625" lon="139.5458676852285861968994140625">
        <ele>40.59999847412109375</ele>
        <time>2026-08-25T09:15:15.000Z</time>
        <extensions>
          <ns3:TrackPointExtension>
            <ns3:hr>151</ns3:hr>
            <ns3:cad>83</ns3:cad>
          </ns3:TrackPointExtension>
        </extensions>
      </trkpt>
      <trkpt lat="35.7629970274865627288818359375" lon="139.54587665386497974395751953125">
        <ele>40.59999847412109375</ele>
        <time>2026-08-25T09:15:16.000Z</time>
        <extensions>
          <ns3:TrackPointExtension>
            <ns3:hr>151</ns3:hr>
            <ns3:cad>83</ns3:cad>
          </ns3:TrackPointExtension>
        </extensions>
      </trkpt>
      <trkpt lat="35.7630178146064281463623046875" lon="139.5458884723484516143798828125">
        <ele>40.799999237060546875</ele>
        <time>2026-08-25T09:15:17.000Z</time>
        <extensions>
          <ns3:TrackPointExtension>
            <ns3:hr>151</ns3:hr>
            <ns3:cad>83</ns3:cad>
          </ns3:TrackPointExtension>
        </extensions>
      </trkpt>
      <trkpt lat="35.7630394399166107177734375" lon="139.54589911736547946929931640625">
        <ele>40.799999237060546875</ele>
        <time>2026-08-25T09:15:18.000Z</time>
        <extensions>
          <ns3:TrackPointExtension>
            <ns3:hr>151</ns3:hr>
            <ns3:cad>82</ns3:cad>
          </ns3:TrackPointExtension>
        </extensions>
      </trkpt>
      <trkpt lat="35.76305880211293697357177734375" lon="139.54590951092541217803955078125">
        <ele>40.799999237060546875</ele>
        <time>2026-08-25T09:15:19.000Z</time>
        <extensions>
          <ns3:TrackPointExtension>
            <ns3:hr>151</ns3:hr>
            <ns3:cad>82</ns3:cad>
          </ns3:TrackPointExtension>
        </extensions>
      </trkpt>
      <trkpt lat="35.76307791285216808319091796875" lon="139.54592392779886722564697265625">
        <ele>40.59999847412109375</ele>
        <time>2026-08-25T09:15:20.000Z</time>
        <extensions>
          <ns3:TrackPointExtension>
            <ns3:hr>151</ns3:hr>
            <ns3:cad>82</ns3:cad>
          </ns3:TrackPointExtension>
        </extensions>
      </trkpt>
      <trkpt lat="35.76309199444949626922607421875" lon="139.54594136215746402740478515625">
        <ele>40.59999847412109375</ele>
        <time>2026-08-25T09:15:21.000Z</time>
        <extensions>
          <ns3:TrackPointExtension>
            <ns3:hr>151</ns3:hr>
            <ns3:cad>82</ns3:cad>
          </ns3:TrackPointExtension>
        </extensions>
      </trkpt>
      <trkpt lat="35.76310691423714160919189453125" lon="139.54595695249736309051513671875">
        <ele>40.59999847412109375</ele>
        <time>2026-08-25T09:15:22.000Z</time>
        <extensions>
          <ns3:TrackPointExtension>
            <ns3:hr>151</ns3:hr>
            <ns3:cad>83</ns3:cad>
          </ns3:TrackPointExtension>
        </extensions>
      </trkpt>
      <trkpt lat="35.7631230913102626800537109375" lon="139.54597220756113529205322265625">
        <ele>40.59999847412109375</ele>
        <time>2026-08-25T09:15:23.000Z</time>
        <extensions>
          <ns3:TrackPointExtension>
            <ns3:hr>151</ns3:hr>
            <ns3:cad>83</ns3:cad>
          </ns3:TrackPointExtension>
        </extensions>
      </trkpt>
      <trkpt lat="35.76313843019306659698486328125" lon="139.54598628915846347808837890625">
        <ele>40.59999847412109375</ele>
        <time>2026-08-25T09:15:24.000Z</time>
        <extensions>
          <ns3:TrackPointExtension>
            <ns3:hr>151</ns3:hr>
            <ns3:cad>83</ns3:cad>
          </ns3:TrackPointExtension>
        </extensions>
      </trkpt>
      <trkpt lat="35.7631520926952362060546875" lon="139.5459994487464427947998046875">
        <ele>40.59999847412109375</ele>
        <time>2026-08-25T09:15:25.000Z</time>
        <extensions>
          <ns3:TrackPointExtension>
            <ns3:hr>151</ns3:hr>
            <ns3:cad>83</ns3:cad>
          </ns3:TrackPointExtension>
        </extensions>
      </trkpt>
      <trkpt lat="35.7631663419306278228759765625" lon="139.54601461999118328094482421875">
        <ele>40.59999847412109375</ele>
        <time>2026-08-25T09:15:26.000Z</time>
        <extensions>
          <ns3:TrackPointExtension>
            <ns3:hr>151</ns3:hr>
            <ns3:cad>83</ns3:cad>
          </ns3:TrackPointExtension>
        </extensions>
      </trkpt>
      <trkpt lat="35.763183273375034332275390625" lon="139.546030797064304351806640625">
        <ele>40.59999847412109375</ele>
        <time>2026-08-25T09:15:27.000Z</time>
        <extensions>
          <ns3:TrackPointExtension>
            <ns3:hr>151</ns3:hr>
            <ns3:cad>83</ns3:cad>
          </ns3:TrackPointExtension>
        </extensions>
      </trkpt>
      <trkpt lat="35.7631991989910602569580078125" lon="139.5460478961467742919921875">
        <ele>40.59999847412109375</ele>
        <time>2026-08-25T09:15:28.000Z</time>
        <extensions>
          <ns3:TrackPointExtension>
            <ns3:hr>151</ns3:hr>
            <ns3:cad>83</ns3:cad>
          </ns3:TrackPointExtension>
        </extensions>
      </trkpt>
      <trkpt lat="35.76321420259773731231689453125" lon="139.54606742598116397857666015625">
        <ele>40.59999847412109375</ele>
        <time>2026-08-25T09:15:29.000Z</time>
        <extensions>
          <ns3:TrackPointExtension>
            <ns3:hr>151</ns3:hr>
            <ns3:cad>82</ns3:cad>
          </ns3:TrackPointExtension>
        </extensions>
      </trkpt>
      <trkpt lat="35.76323063112795352935791015625" lon="139.54608553089201450347900390625">
        <ele>40.59999847412109375</ele>
        <time>2026-08-25T09:15:30.000Z</time>
        <extensions>
          <ns3:TrackPointExtension>
            <ns3:hr>151</ns3:hr>
            <ns3:cad>82</ns3:cad>
          </ns3:TrackPointExtension>
        </extensions>
      </trkpt>
      <trkpt lat="35.7632481493055820465087890625" lon="139.54610698856413364410400390625">
        <ele>40.59999847412109375</ele>
        <time>2026-08-25T09:15:31.000Z</time>
        <extensions>
          <ns3:TrackPointExtension>
            <ns3:hr>150</ns3:hr>
            <ns3:cad>82</ns3:cad>
          </ns3:TrackPointExtension>
        </extensions>
      </trkpt>
      <trkpt lat="35.7632659189403057098388671875" lon="139.54612660221755504608154296875">
        <ele>40.59999847412109375</ele>
        <time>2026-08-25T09:15:32.000Z</time>
        <extensions>
          <ns3:TrackPointExtension>
            <ns3:hr>150</ns3:hr>
            <ns3:cad>82</ns3:cad>
          </ns3:TrackPointExtension>
        </extensions>
      </trkpt>
      <trkpt lat="35.76328243128955364227294921875" lon="139.54614319838583469390869140625">
        <ele>40.59999847412109375</ele>
        <time>2026-08-25T09:15:33.000Z</time>
        <extensions>
          <ns3:TrackPointExtension>
            <ns3:hr>150</ns3:hr>
            <ns3:cad>82</ns3:cad>
          </ns3:TrackPointExtension>
        </extensions>
      </trkpt>
      <trkpt lat="35.76329936273396015167236328125" lon="139.54616096802055835723876953125">
        <ele>40.59999847412109375</ele>
        <time>2026-08-25T09:15:34.000Z</time>
        <extensions>
          <ns3:TrackPointExtension>
            <ns3:hr>149</ns3:hr>
            <ns3:cad>83</ns3:cad>
          </ns3:TrackPointExtension>
        </extensions>
      </trkpt>
      <trkpt lat="35.7633182220160961151123046875" lon="139.54618058167397975921630859375">
        <ele>40.59999847412109375</ele>
        <time>2026-08-25T09:15:35.000Z</time>
        <extensions>
          <ns3:TrackPointExtension>
            <ns3:hr>149</ns3:hr>
            <ns3:cad>83</ns3:cad>
          </ns3:TrackPointExtension>
        </extensions>
      </trkpt>
      <trkpt lat="35.763331465423107147216796875" lon="139.54620203934609889984130859375">
        <ele>40.59999847412109375</ele>
        <time>2026-08-25T09:15:36.000Z</time>
        <extensions>
          <ns3:TrackPointExtension>
            <ns3:hr>149</ns3:hr>
            <ns3:cad>82</ns3:cad>
          </ns3:TrackPointExtension>
        </extensions>
      </trkpt>
      <trkpt lat="35.7633430324494838714599609375" lon="139.5462230779230594635009765625">
        <ele>40.59999847412109375</ele>
        <time>2026-08-25T09:15:37.000Z</time>
        <extensions>
          <ns3:TrackPointExtension>
            <ns3:hr>149</ns3:hr>
            <ns3:cad>82</ns3:cad>
          </ns3:TrackPointExtension>
        </extensions>
      </trkpt>
      <trkpt lat="35.7633564434945583343505859375" lon="139.54624679870903491973876953125">
        <ele>40.59999847412109375</ele>
        <time>2026-08-25T09:15:38.000Z</time>
        <extensions>
          <ns3:TrackPointExtension>
            <ns3:hr>149</ns3:hr>
            <ns3:cad>83</ns3:cad>
          </ns3:TrackPointExtension>
        </extensions>
      </trkpt>
      <trkpt lat="35.76337379403412342071533203125" lon="139.5462691783905029296875">
        <ele>40.59999847412109375</ele>
        <time>2026-08-25T09:15:39.000Z</time>
        <extensions>
          <ns3:TrackPointExtension>
            <ns3:hr>149</ns3:hr>
            <ns3:cad>85</ns3:cad>
          </ns3:TrackPointExtension>
        </extensions>
      </trkpt>
      <trkpt lat="35.76338988728821277618408203125" lon="139.54629130661487579345703125">
        <ele>40.59999847412109375</ele>
        <time>2026-08-25T09:15:40.000Z</time>
        <extensions>
          <ns3:TrackPointExtension>
            <ns3:hr>149</ns3:hr>
            <ns3:cad>85</ns3:cad>
          </ns3:TrackPointExtension>
        </extensions>
      </trkpt>
      <trkpt lat="35.76340547762811183929443359375" lon="139.54631335102021694183349609375">
        <ele>40.40000152587890625</ele>
        <time>2026-08-25T09:15:41.000Z</time>
        <extensions>
          <ns3:TrackPointExtension>
            <ns3:hr>149</ns3:hr>
            <ns3:cad>85</ns3:cad>
          </ns3:TrackPointExtension>
        </extensions>
      </trkpt>
      <trkpt lat="35.7634194754064083099365234375" lon="139.5463380776345729827880859375">
        <ele>40.40000152587890625</ele>
        <time>2026-08-25T09:15:42.000Z</time>
        <extensions>
          <ns3:TrackPointExtension>
            <ns3:hr>149</ns3:hr>
            <ns3:cad>85</ns3:cad>
          </ns3:TrackPointExtension>
        </extensions>
      </trkpt>
      <trkpt lat="35.76343297027051448822021484375" lon="139.54636238515377044677734375">
        <ele>40.40000152587890625</ele>
        <time>2026-08-25T09:15:43.000Z</time>
        <extensions>
          <ns3:TrackPointExtension>
            <ns3:hr>149</ns3:hr>
            <ns3:cad>85</ns3:cad>
          </ns3:TrackPointExtension>
        </extensions>
      </trkpt>
      <trkpt lat="35.76344487257301807403564453125" lon="139.5463880337774753570556640625">
        <ele>40.40000152587890625</ele>
        <time>2026-08-25T09:15:44.000Z</time>
        <extensions>
          <ns3:TrackPointExtension>
            <ns3:hr>149</ns3:hr>
            <ns3:cad>85</ns3:cad>
          </ns3:TrackPointExtension>
        </extensions>
      </trkpt>
      <trkpt lat="35.76345576904714107513427734375" lon="139.54640974290668964385986328125">
        <ele>40.40000152587890625</ele>
        <time>2026-08-25T09:15:45.000Z</time>
        <extensions>
          <ns3:TrackPointExtension>
            <ns3:hr>149</ns3:hr>
            <ns3:cad>85</ns3:cad>
          </ns3:TrackPointExtension>
        </extensions>
      </trkpt>
      <trkpt lat="35.763466916978359222412109375" lon="139.54643304459750652313232421875">
        <ele>40.40000152587890625</ele>
        <time>2026-08-25T09:15:46.000Z</time>
        <extensions>
          <ns3:TrackPointExtension>
            <ns3:hr>149</ns3:hr>
            <ns3:cad>84</ns3:cad>
          </ns3:TrackPointExtension>
        </extensions>
      </trkpt>
      <trkpt lat="35.7634794898331165313720703125" lon="139.5464564301073551177978515625">
        <ele>40.40000152587890625</ele>
        <time>2026-08-25T09:15:47.000Z</time>
        <extensions>
          <ns3:TrackPointExtension>
            <ns3:hr>149</ns3:hr>
            <ns3:cad>84</ns3:cad>
          </ns3:TrackPointExtension>
        </extensions>
      </trkpt>
      <trkpt lat="35.7634929008781909942626953125" lon="139.54647612757980823516845703125">
        <ele>40.40000152587890625</ele>
        <time>2026-08-25T09:15:48.000Z</time>
        <extensions>
          <ns3:TrackPointExtension>
            <ns3:hr>149</ns3:hr>
            <ns3:cad>84</ns3:cad>
          </ns3:TrackPointExtension>
        </extensions>
      </trkpt>
      <trkpt lat="35.7635053060948848724365234375" lon="139.54649959690868854522705078125">
        <ele>40.40000152587890625</ele>
        <time>2026-08-25T09:15:49.000Z</time>
        <extensions>
          <ns3:TrackPointExtension>
            <ns3:hr>149</ns3:hr>
            <ns3:cad>83</ns3:cad>
          </ns3:TrackPointExtension>
        </extensions>
      </trkpt>
      <trkpt lat="35.76351888477802276611328125" lon="139.54652239568531513214111328125">
        <ele>40.200000762939453125</ele>
        <time>2026-08-25T09:15:50.000Z</time>
        <extensions>
          <ns3:TrackPointExtension>
            <ns3:hr>149</ns3:hr>
            <ns3:cad>83</ns3:cad>
          </ns3:TrackPointExtension>
        </extensions>
      </trkpt>
      <trkpt lat="35.763531960546970367431640625" lon="139.5465467870235443115234375">
        <ele>40.200000762939453125</ele>
        <time>2026-08-25T09:15:51.000Z</time>
        <extensions>
          <ns3:TrackPointExtension>
            <ns3:hr>149</ns3:hr>
            <ns3:cad>83</ns3:cad>
          </ns3:TrackPointExtension>
        </extensions>
      </trkpt>
      <trkpt lat="35.76354444958269596099853515625" lon="139.54657285474240779876708984375">
        <ele>40.200000762939453125</ele>
        <time>2026-08-25T09:15:52.000Z</time>
        <extensions>
          <ns3:TrackPointExtension>
            <ns3:hr>150</ns3:hr>
            <ns3:cad>83</ns3:cad>
          </ns3:TrackPointExtension>
        </extensions>
      </trkpt>
      <trkpt lat="35.76355635188519954681396484375" lon="139.54659950919449329376220703125">
        <ele>40.200000762939453125</ele>
        <time>2026-08-25T09:15:53.000Z</time>
        <extensions>
          <ns3:TrackPointExtension>
            <ns3:hr>150</ns3:hr>
            <ns3:cad>83</ns3:cad>
          </ns3:TrackPointExtension>
        </extensions>
      </trkpt>
      <trkpt lat="35.7635659910738468170166015625" lon="139.54662683419883251190185546875">
        <ele>40.200000762939453125</ele>
        <time>2026-08-25T09:15:54.000Z</time>
        <extensions>
          <ns3:TrackPointExtension>
            <ns3:hr>150</ns3:hr>
            <ns3:cad>85</ns3:cad>
          </ns3:TrackPointExtension>
        </extensions>
      </trkpt>
      <trkpt lat="35.7635730318725109100341796875" lon="139.54665499739348888397216796875">
        <ele>40</ele>
        <time>2026-08-25T09:15:55.000Z</time>
        <extensions>
          <ns3:TrackPointExtension>
            <ns3:hr>150</ns3:hr>
            <ns3:cad>85</ns3:cad>
          </ns3:TrackPointExtension>
        </extensions>
      </trkpt>
      <trkpt lat="35.7635824196040630340576171875" lon="139.54668181948363780975341796875">
        <ele>40</ele>
        <time>2026-08-25T09:15:56.000Z</time>
        <extensions>
          <ns3:TrackPointExtension>
            <ns3:hr>150</ns3:hr>
            <ns3:cad>85</ns3:cad>
          </ns3:TrackPointExtension>
        </extensions>
      </trkpt>
      <trkpt lat="35.7635918073356151580810546875" lon="139.5467065460979938507080078125">
        <ele>40</ele>
        <time>2026-08-25T09:15:57.000Z</time>
        <extensions>
          <ns3:TrackPointExtension>
            <ns3:hr>150</ns3:hr>
            <ns3:cad>85</ns3:cad>
          </ns3:TrackPointExtension>
        </extensions>
      </trkpt>
      <trkpt lat="35.763601697981357574462890625" lon="139.5467313565313816070556640625">
        <ele>40</ele>
        <time>2026-08-25T09:15:58.000Z</time>
        <extensions>
          <ns3:TrackPointExtension>
            <ns3:hr>151</ns3:hr>
            <ns3:cad>84</ns3:cad>
          </ns3:TrackPointExtension>
        </extensions>
      </trkpt>
      <trkpt lat="35.763611756265163421630859375" lon="139.54675641842186450958251953125">
        <ele>40</ele>
        <time>2026-08-25T09:15:59.000Z</time>
        <extensions>
          <ns3:TrackPointExtension>
            <ns3:hr>151</ns3:hr>
            <ns3:cad>84</ns3:cad>
          </ns3:TrackPointExtension>
        </extensions>
      </trkpt>
      <trkpt lat="35.7636216469109058380126953125" lon="139.54678223468363285064697265625">
        <ele>40</ele>
        <time>2026-08-25T09:16:00.000Z</time>
        <extensions>
          <ns3:TrackPointExtension>
            <ns3:hr>151</ns3:hr>
            <ns3:cad>85</ns3:cad>
          </ns3:TrackPointExtension>
        </extensions>
      </trkpt>
      <trkpt lat="35.76363145373761653900146484375" lon="139.5468096435070037841796875">
        <ele>40</ele>
        <time>2026-08-25T09:16:01.000Z</time>
        <extensions>
          <ns3:TrackPointExtension>
            <ns3:hr>151</ns3:hr>
            <ns3:cad>85</ns3:cad>
          </ns3:TrackPointExtension>
        </extensions>
      </trkpt>
      <trkpt lat="35.7636427693068981170654296875" lon="139.54683587886393070220947265625">
        <ele>40</ele>
        <time>2026-08-25T09:16:02.000Z</time>
        <extensions>
          <ns3:TrackPointExtension>
            <ns3:hr>151</ns3:hr>
            <ns3:cad>84</ns3:cad>
          </ns3:TrackPointExtension>
        </extensions>
      </trkpt>
      <trkpt lat="35.76365433633327484130859375" lon="139.546860270202159881591796875">
        <ele>40.200000762939453125</ele>
        <time>2026-08-25T09:16:03.000Z</time>
        <extensions>
          <ns3:TrackPointExtension>
            <ns3:hr>151</ns3:hr>
            <ns3:cad>84</ns3:cad>
          </ns3:TrackPointExtension>
        </extensions>
      </trkpt>
      <trkpt lat="35.76366146095097064971923828125" lon="139.546883404254913330078125">
        <ele>40.200000762939453125</ele>
        <time>2026-08-25T09:16:04.000Z</time>
        <extensions>
          <ns3:TrackPointExtension>
            <ns3:hr>152</ns3:hr>
            <ns3:cad>84</ns3:cad>
          </ns3:TrackPointExtension>
        </extensions>
      </trkpt>
      <trkpt lat="35.76367135159671306610107421875" lon="139.5469050295650959014892578125">
        <ele>40.200000762939453125</ele>
        <time>2026-08-25T09:16:05.000Z</time>
        <extensions>
          <ns3:TrackPointExtension>
            <ns3:hr>152</ns3:hr>
            <ns3:cad>84</ns3:cad>
          </ns3:TrackPointExtension>
        </extensions>
      </trkpt>
      <trkpt lat="35.76368308626115322113037109375" lon="139.54692791216075420379638671875">
        <ele>40.40000152587890625</ele>
        <time>2026-08-25T09:16:06.000Z</time>
        <extensions>
          <ns3:TrackPointExtension>
            <ns3:hr>152</ns3:hr>
            <ns3:cad>83</ns3:cad>
          </ns3:TrackPointExtension>
        </extensions>
      </trkpt>
      <trkpt lat="35.7636964134871959686279296875" lon="139.5469502918422222137451171875">
        <ele>40.40000152587890625</ele>
        <time>2026-08-25T09:16:07.000Z</time>
        <extensions>
          <ns3:TrackPointExtension>
            <ns3:hr>152</ns3:hr>
            <ns3:cad>83</ns3:cad>
          </ns3:TrackPointExtension>
        </extensions>
      </trkpt>
      <trkpt lat="35.763706974685192108154296875" lon="139.54697124660015106201171875">
        <ele>40.40000152587890625</ele>
        <time>2026-08-25T09:16:08.000Z</time>
        <extensions>
          <ns3:TrackPointExtension>
            <ns3:hr>152</ns3:hr>
            <ns3:cad>82</ns3:cad>
          </ns3:TrackPointExtension>
        </extensions>
      </trkpt>
      <trkpt lat="35.76372097246348857879638671875" lon="139.546993039548397064208984375">
        <ele>40.59999847412109375</ele>
        <time>2026-08-25T09:16:09.000Z</time>
        <extensions>
          <ns3:TrackPointExtension>
            <ns3:hr>152</ns3:hr>
            <ns3:cad>82</ns3:cad>
          </ns3:TrackPointExtension>
        </extensions>
      </trkpt>
      <trkpt lat="35.7637322880327701568603515625" lon="139.54701743088662624359130859375">
        <ele>40.59999847412109375</ele>
        <time>2026-08-25T09:16:10.000Z</time>
        <extensions>
          <ns3:TrackPointExtension>
            <ns3:hr>152</ns3:hr>
            <ns3:cad>82</ns3:cad>
          </ns3:TrackPointExtension>
        </extensions>
      </trkpt>
      <trkpt lat="35.76374150812625885009765625" lon="139.54704073257744312286376953125">
        <ele>40.59999847412109375</ele>
        <time>2026-08-25T09:16:11.000Z</time>
        <extensions>
          <ns3:TrackPointExtension>
            <ns3:hr>152</ns3:hr>
            <ns3:cad>82</ns3:cad>
          </ns3:TrackPointExtension>
        </extensions>
      </trkpt>
      <trkpt lat="35.7637510634958744049072265625" lon="139.54706721939146518707275390625">
        <ele>40.59999847412109375</ele>
        <time>2026-08-25T09:16:12.000Z</time>
        <extensions>
          <ns3:TrackPointExtension>
            <ns3:hr>152</ns3:hr>
            <ns3:cad>81</ns3:cad>
          </ns3:TrackPointExtension>
        </extensions>
      </trkpt>
      <trkpt lat="35.76375986449420452117919921875" lon="139.54709219746291637420654296875">
        <ele>40.59999847412109375</ele>
        <time>2026-08-25T09:16:13.000Z</time>
        <extensions>
          <ns3:TrackPointExtension>
            <ns3:hr>152</ns3:hr>
            <ns3:cad>82</ns3:cad>
          </ns3:TrackPointExtension>
        </extensions>
      </trkpt>
      <trkpt lat="35.7637684978544712066650390625" lon="139.54711600206792354583740234375">
        <ele>40.59999847412109375</ele>
        <time>2026-08-25T09:16:14.000Z</time>
        <extensions>
          <ns3:TrackPointExtension>
            <ns3:hr>152</ns3:hr>
            <ns3:cad>82</ns3:cad>
          </ns3:TrackPointExtension>
        </extensions>
      </trkpt>
      <trkpt lat="35.76377562247216701507568359375" lon="139.54713930375874042510986328125">
        <ele>40.59999847412109375</ele>
        <time>2026-08-25T09:16:15.000Z</time>
        <extensions>
          <ns3:TrackPointExtension>
            <ns3:hr>153</ns3:hr>
            <ns3:cad>82</ns3:cad>
          </ns3:TrackPointExtension>
        </extensions>
      </trkpt>
      <trkpt lat="35.7637849263846874237060546875" lon="139.5471591688692569732666015625">
        <ele>40.40000152587890625</ele>
        <time>2026-08-25T09:16:16.000Z</time>
        <extensions>
          <ns3:TrackPointExtension>
            <ns3:hr>153</ns3:hr>
            <ns3:cad>82</ns3:cad>
          </ns3:TrackPointExtension>
        </extensions>
      </trkpt>
      <trkpt lat="35.7637956552207469940185546875" lon="139.5471846498548984527587890625">
        <ele>40.200000762939453125</ele>
        <time>2026-08-25T09:16:17.000Z</time>
        <extensions>
          <ns3:TrackPointExtension>
            <ns3:hr>153</ns3:hr>
            <ns3:cad>83</ns3:cad>
          </ns3:TrackPointExtension>
        </extensions>
      </trkpt>
      <trkpt lat="35.7638080604374408721923828125" lon="139.547208286821842193603515625">
        <ele>40</ele>
        <time>2026-08-25T09:16:18.000Z</time>
        <extensions>
          <ns3:TrackPointExtension>
            <ns3:hr>153</ns3:hr>
            <ns3:cad>83</ns3:cad>
          </ns3:TrackPointExtension>
        </extensions>
      </trkpt>
      <trkpt lat="35.76382088474929332733154296875" lon="139.54723007977008819580078125">
        <ele>39.799999237060546875</ele>
        <time>2026-08-25T09:16:19.000Z</time>
        <extensions>
          <ns3:TrackPointExtension>
            <ns3:hr>153</ns3:hr>
            <ns3:cad>83</ns3:cad>
          </ns3:TrackPointExtension>
        </extensions>
      </trkpt>
      <trkpt lat="35.76383027248084545135498046875" lon="139.5472537167370319366455078125">
        <ele>39.59999847412109375</ele>
        <time>2026-08-25T09:16:20.000Z</time>
        <extensions>
          <ns3:TrackPointExtension>
            <ns3:hr>153</ns3:hr>
            <ns3:cad>82</ns3:cad>
          </ns3:TrackPointExtension>
        </extensions>
      </trkpt>
      <trkpt lat="35.76383966021239757537841796875" lon="139.54727794043719768524169921875">
        <ele>39.59999847412109375</ele>
        <time>2026-08-25T09:16:21.000Z</time>
        <extensions>
          <ns3:TrackPointExtension>
            <ns3:hr>153</ns3:hr>
            <ns3:cad>82</ns3:cad>
          </ns3:TrackPointExtension>
        </extensions>
      </trkpt>
      <trkpt lat="35.7638496346771717071533203125" lon="139.54730451107025146484375">
        <ele>39.59999847412109375</ele>
        <time>2026-08-25T09:16:22.000Z</time>
        <extensions>
          <ns3:TrackPointExtension>
            <ns3:hr>153</ns3:hr>
            <ns3:cad>83</ns3:cad>
          </ns3:TrackPointExtension>
        </extensions>
      </trkpt>
      <trkpt lat="35.76385977678000926971435546875" lon="139.547326974570751190185546875">
        <ele>39.59999847412109375</ele>
        <time>2026-08-25T09:16:23.000Z</time>
        <extensions>
          <ns3:TrackPointExtension>
            <ns3:hr>153</ns3:hr>
            <ns3:cad>83</ns3:cad>
          </ns3:TrackPointExtension>
        </extensions>
      </trkpt>
      <trkpt lat="35.7638707570731639862060546875" lon="139.54734985716640949249267578125">
        <ele>39.40000152587890625</ele>
        <time>2026-08-25T09:16:24.000Z</time>
        <extensions>
          <ns3:TrackPointExtension>
            <ns3:hr>154</ns3:hr>
            <ns3:cad>84</ns3:cad>
          </ns3:TrackPointExtension>
        </extensions>
      </trkpt>
      <trkpt lat="35.763880647718906402587890625" lon="139.547376595437526702880859375">
        <ele>39.40000152587890625</ele>
        <time>2026-08-25T09:16:25.000Z</time>
        <extensions>
          <ns3:TrackPointExtension>
            <ns3:hr>154</ns3:hr>
            <ns3:cad>84</ns3:cad>
          </ns3:TrackPointExtension>
        </extensions>
      </trkpt>
      <trkpt lat="35.7638922147452831268310546875" lon="139.5473952032625675201416015625">
        <ele>39.40000152587890625</ele>
        <time>2026-08-25T09:16:26.000Z</time>
        <extensions>
          <ns3:TrackPointExtension>
            <ns3:hr>154</ns3:hr>
            <ns3:cad>84</ns3:cad>
          </ns3:TrackPointExtension>
        </extensions>
      </trkpt>
      <trkpt lat="35.76390537433326244354248046875" lon="139.54741875641047954559326171875">
        <ele>39.40000152587890625</ele>
        <time>2026-08-25T09:16:27.000Z</time>
        <extensions>
          <ns3:TrackPointExtension>
            <ns3:hr>154</ns3:hr>
            <ns3:cad>84</ns3:cad>
          </ns3:TrackPointExtension>
        </extensions>
      </trkpt>
      <trkpt lat="35.76392062939703464508056640625" lon="139.54743870534002780914306640625">
        <ele>39.40000152587890625</ele>
        <time>2026-08-25T09:16:28.000Z</time>
        <extensions>
          <ns3:TrackPointExtension>
            <ns3:hr>154</ns3:hr>
            <ns3:cad>84</ns3:cad>
          </ns3:TrackPointExtension>
        </extensions>
      </trkpt>
      <trkpt lat="35.76393554918467998504638671875" lon="139.5474568940699100494384765625">
        <ele>39.40000152587890625</ele>
        <time>2026-08-25T09:16:29.000Z</time>
        <extensions>
          <ns3:TrackPointExtension>
            <ns3:hr>154</ns3:hr>
            <ns3:cad>83</ns3:cad>
          </ns3:TrackPointExtension>
        </extensions>
      </trkpt>
      <trkpt lat="35.7639488764107227325439453125" lon="139.5474783517420291900634765625">
        <ele>39.40000152587890625</ele>
        <time>2026-08-25T09:16:30.000Z</time>
        <extensions>
          <ns3:TrackPointExtension>
            <ns3:hr>154</ns3:hr>
            <ns3:cad>83</ns3:cad>
          </ns3:TrackPointExtension>
        </extensions>
      </trkpt>
      <trkpt lat="35.76396086253225803375244140625" lon="139.54749922268092632293701171875">
        <ele>39.40000152587890625</ele>
        <time>2026-08-25T09:16:31.000Z</time>
        <extensions>
          <ns3:TrackPointExtension>
            <ns3:hr>154</ns3:hr>
            <ns3:cad>83</ns3:cad>
          </ns3:TrackPointExtension>
        </extensions>
      </trkpt>
      <trkpt lat="35.76397477649152278900146484375" lon="139.54752068035304546356201171875">
        <ele>39.40000152587890625</ele>
        <time>2026-08-25T09:16:32.000Z</time>
        <extensions>
          <ns3:TrackPointExtension>
            <ns3:hr>154</ns3:hr>
            <ns3:cad>83</ns3:cad>
          </ns3:TrackPointExtension>
        </extensions>
      </trkpt>
      <trkpt lat="35.76398693025112152099609375" lon="139.547543227672576904296875">
        <ele>39.40000152587890625</ele>
        <time>2026-08-25T09:16:33.000Z</time>
        <extensions>
          <ns3:TrackPointExtension>
            <ns3:hr>154</ns3:hr>
            <ns3:cad>83</ns3:cad>
          </ns3:TrackPointExtension>
        </extensions>
      </trkpt>
      <trkpt lat="35.76400570571422576904296875" lon="139.54755856655538082122802734375">
        <ele>39.40000152587890625</ele>
        <time>2026-08-25T09:16:34.000Z</time>
        <extensions>
          <ns3:TrackPointExtension>
            <ns3:hr>154</ns3:hr>
            <ns3:cad>83</ns3:cad>
          </ns3:TrackPointExtension>
        </extensions>
      </trkpt>
      <trkpt lat="35.76402288861572742462158203125" lon="139.54757700674235820770263671875">
        <ele>39.40000152587890625</ele>
        <time>2026-08-25T09:16:35.000Z</time>
        <extensions>
          <ns3:TrackPointExtension>
            <ns3:hr>154</ns3:hr>
            <ns3:cad>84</ns3:cad>
          </ns3:TrackPointExtension>
        </extensions>
      </trkpt>
      <trkpt lat="35.76403931714594364166259765625" lon="139.54759620130062103271484375">
        <ele>39.40000152587890625</ele>
        <time>2026-08-25T09:16:36.000Z</time>
        <extensions>
          <ns3:TrackPointExtension>
            <ns3:hr>154</ns3:hr>
            <ns3:cad>85</ns3:cad>
          </ns3:TrackPointExtension>
        </extensions>
      </trkpt>
      <trkpt lat="35.7640548236668109893798828125" lon="139.5476151444017887115478515625">
        <ele>39.40000152587890625</ele>
        <time>2026-08-25T09:16:37.000Z</time>
        <extensions>
          <ns3:TrackPointExtension>
            <ns3:hr>154</ns3:hr>
            <ns3:cad>85</ns3:cad>
          </ns3:TrackPointExtension>
        </extensions>
      </trkpt>
      <trkpt lat="35.76406613923609256744384765625" lon="139.54763685353100299835205078125">
        <ele>39.40000152587890625</ele>
        <time>2026-08-25T09:16:38.000Z</time>
        <extensions>
          <ns3:TrackPointExtension>
            <ns3:hr>154</ns3:hr>
            <ns3:cad>84</ns3:cad>
          </ns3:TrackPointExtension>
        </extensions>
      </trkpt>
      <trkpt lat="35.7640774548053741455078125" lon="139.54765227623283863067626953125">
        <ele>39.40000152587890625</ele>
        <time>2026-08-25T09:16:39.000Z</time>
        <extensions>
          <ns3:TrackPointExtension>
            <ns3:hr>154</ns3:hr>
            <ns3:cad>84</ns3:cad>
          </ns3:TrackPointExtension>
        </extensions>
      </trkpt>
      <trkpt lat="35.76408474706113338470458984375" lon="139.5476677827537059783935546875">
        <ele>39.40000152587890625</ele>
        <time>2026-08-25T09:16:40.000Z</time>
        <extensions>
          <ns3:TrackPointExtension>
            <ns3:hr>154</ns3:hr>
            <ns3:cad>84</ns3:cad>
          </ns3:TrackPointExtension>
        </extensions>
      </trkpt>
      <trkpt lat="35.7641004212200641632080078125" lon="139.54767943359911441802978515625">
        <ele>39.40000152587890625</ele>
        <time>2026-08-25T09:16:41.000Z</time>
        <extensions>
          <ns3:TrackPointExtension>
            <ns3:hr>153</ns3:hr>
            <ns3:cad>84</ns3:cad>
          </ns3:TrackPointExtension>
        </extensions>
      </trkpt>
      <trkpt lat="35.76411089859902858734130859375" lon="139.5476915873587131500244140625">
        <ele>39.40000152587890625</ele>
        <time>2026-08-25T09:16:42.000Z</time>
        <extensions>
          <ns3:TrackPointExtension>
            <ns3:hr>153</ns3:hr>
            <ns3:cad>84</ns3:cad>
          </ns3:TrackPointExtension>
        </extensions>
      </trkpt>
      <trkpt lat="35.7641257345676422119140625" lon="139.5477147214114665985107421875">
        <ele>39.40000152587890625</ele>
        <time>2026-08-25T09:16:43.000Z</time>
        <extensions>
          <ns3:TrackPointExtension>
            <ns3:hr>153</ns3:hr>
            <ns3:cad>84</ns3:cad>
          </ns3:TrackPointExtension>
        </extensions>
      </trkpt>
      <trkpt lat="35.7641426660120487213134765625" lon="139.547736346721649169921875">
        <ele>39.40000152587890625</ele>
        <time>2026-08-25T09:16:44.000Z</time>
        <extensions>
          <ns3:TrackPointExtension>
            <ns3:hr>153</ns3:hr>
            <ns3:cad>84</ns3:cad>
          </ns3:TrackPointExtension>
        </extensions>
      </trkpt>
      <trkpt lat="35.7641587592661380767822265625" lon="139.5477552898228168487548828125">
        <ele>39.40000152587890625</ele>
        <time>2026-08-25T09:16:45.000Z</time>
        <extensions>
          <ns3:TrackPointExtension>
            <ns3:hr>152</ns3:hr>
            <ns3:cad>84</ns3:cad>
          </ns3:TrackPointExtension>
        </extensions>
      </trkpt>
      <trkpt lat="35.76417476870119571685791015625" lon="139.54777163453400135040283203125">
        <ele>39.40000152587890625</ele>
        <time>2026-08-25T09:16:46.000Z</time>
        <extensions>
          <ns3:TrackPointExtension>
            <ns3:hr>151</ns3:hr>
            <ns3:cad>84</ns3:cad>
          </ns3:TrackPointExtension>
        </extensions>
      </trkpt>
      <trkpt lat="35.7641889341175556182861328125" lon="139.5477938465774059295654296875">
        <ele>39.200000762939453125</ele>
        <time>2026-08-25T09:16:47.000Z</time>
        <extensions>
          <ns3:TrackPointExtension>
            <ns3:hr>151</ns3:hr>
            <ns3:cad>83</ns3:cad>
          </ns3:TrackPointExtension>
        </extensions>
      </trkpt>
      <trkpt lat="35.764207877218723297119140625" lon="139.5478176511824131011962890625">
        <ele>39.200000762939453125</ele>
        <time>2026-08-25T09:16:48.000Z</time>
        <extensions>
          <ns3:TrackPointExtension>
            <ns3:hr>151</ns3:hr>
            <ns3:cad>83</ns3:cad>
          </ns3:TrackPointExtension>
        </extensions>
      </trkpt>
      <trkpt lat="35.76422556303441524505615234375" lon="139.54783617518842220306396484375">
        <ele>39.200000762939453125</ele>
        <time>2026-08-25T09:16:49.000Z</time>
        <extensions>
          <ns3:TrackPointExtension>
            <ns3:hr>152</ns3:hr>
            <ns3:cad>83</ns3:cad>
          </ns3:TrackPointExtension>
        </extensions>
      </trkpt>
      <trkpt lat="35.76423981226980686187744140625" lon="139.54785193316638469696044921875">
        <ele>39.200000762939453125</ele>
        <time>2026-08-25T09:16:50.000Z</time>
        <extensions>
          <ns3:TrackPointExtension>
            <ns3:hr>152</ns3:hr>
            <ns3:cad>83</ns3:cad>
          </ns3:TrackPointExtension>
        </extensions>
      </trkpt>
      <trkpt lat="35.76425590552389621734619140625" lon="139.5478749834001064300537109375">
        <ele>39.200000762939453125</ele>
        <time>2026-08-25T09:16:51.000Z</time>
        <extensions>
          <ns3:TrackPointExtension>
            <ns3:hr>151</ns3:hr>
            <ns3:cad>83</ns3:cad>
          </ns3:TrackPointExtension>
        </extensions>
      </trkpt>
      <trkpt lat="35.7642707414925098419189453125" lon="139.5478927530348300933837890625">
        <ele>39.40000152587890625</ele>
        <time>2026-08-25T09:16:52.000Z</time>
        <extensions>
          <ns3:TrackPointExtension>
            <ns3:hr>151</ns3:hr>
            <ns3:cad>83</ns3:cad>
          </ns3:TrackPointExtension>
        </extensions>
      </trkpt>
      <trkpt lat="35.7642854936420917510986328125" lon="139.5479088462889194488525390625">
        <ele>39.40000152587890625</ele>
        <time>2026-08-25T09:16:53.000Z</time>
        <extensions>
          <ns3:TrackPointExtension>
            <ns3:hr>151</ns3:hr>
            <ns3:cad>83</ns3:cad>
          </ns3:TrackPointExtension>
        </extensions>
      </trkpt>
      <trkpt lat="35.764301083981990814208984375" lon="139.547925107181072235107421875">
        <ele>39.40000152587890625</ele>
        <time>2026-08-25T09:16:54.000Z</time>
        <extensions>
          <ns3:TrackPointExtension>
            <ns3:hr>151</ns3:hr>
            <ns3:cad>83</ns3:cad>
          </ns3:TrackPointExtension>
        </extensions>
      </trkpt>
      <trkpt lat="35.76431038789451122283935546875" lon="139.5479442179203033447265625">
        <ele>39.40000152587890625</ele>
        <time>2026-08-25T09:16:55.000Z</time>
        <extensions>
          <ns3:TrackPointExtension>
            <ns3:hr>151</ns3:hr>
            <ns3:cad>83</ns3:cad>
          </ns3:TrackPointExtension>
        </extensions>
      </trkpt>
      <trkpt lat="35.76432195492088794708251953125" lon="139.5479651726782321929931640625">
        <ele>39.40000152587890625</ele>
        <time>2026-08-25T09:16:56.000Z</time>
        <extensions>
          <ns3:TrackPointExtension>
            <ns3:hr>151</ns3:hr>
            <ns3:cad>83</ns3:cad>
          </ns3:TrackPointExtension>
        </extensions>
      </trkpt>
      <trkpt lat="35.76433486305177211761474609375" lon="139.54797782935202121734619140625">
        <ele>39.40000152587890625</ele>
        <time>2026-08-25T09:16:57.000Z</time>
        <extensions>
          <ns3:TrackPointExtension>
            <ns3:hr>151</ns3:hr>
            <ns3:cad>83</ns3:cad>
          </ns3:TrackPointExtension>
        </extensions>
      </trkpt>
      <trkpt lat="35.76434877701103687286376953125" lon="139.547993503510951995849609375">
        <ele>39.40000152587890625</ele>
        <time>2026-08-25T09:16:58.000Z</time>
        <extensions>
          <ns3:TrackPointExtension>
            <ns3:hr>151</ns3:hr>
            <ns3:cad>82</ns3:cad>
          </ns3:TrackPointExtension>
        </extensions>
      </trkpt>
      <trkpt lat="35.7643602602183818817138671875" lon="139.5480030588805675506591796875">
        <ele>39.40000152587890625</ele>
        <time>2026-08-25T09:16:59.000Z</time>
        <extensions>
          <ns3:TrackPointExtension>
            <ns3:hr>151</ns3:hr>
            <ns3:cad>82</ns3:cad>
          </ns3:TrackPointExtension>
        </extensions>
      </trkpt>
      <trkpt lat="35.7643957994878292083740234375" lon="139.54803650267422199249267578125">
        <ele>39.200000762939453125</ele>
        <time>2026-08-25T09:17:01.000Z</time>
        <extensions>
          <ns3:TrackPointExtension>
            <ns3:hr>151</ns3:hr>
            <ns3:cad>82</ns3:cad>
          </ns3:TrackPointExtension>
        </extensions>
      </trkpt>
      <trkpt lat="35.7643957994878292083740234375" lon="139.54803650267422199249267578125">
        <ele>39.200000762939453125</ele>
        <time>2026-08-25T09:17:02.000Z</time>
        <extensions>
          <ns3:TrackPointExtension>
            <ns3:hr>151</ns3:hr>
            <ns3:cad>82</ns3:cad>
          </ns3:TrackPointExtension>
        </extensions>
      </trkpt>
      <trkpt lat="35.76440962962806224822998046875" lon="139.548054523766040802001953125">
        <ele>39.200000762939453125</ele>
        <time>2026-08-25T09:17:03.000Z</time>
        <extensions>
          <ns3:TrackPointExtension>
            <ns3:hr>151</ns3:hr>
            <ns3:cad>82</ns3:cad>
          </ns3:TrackPointExtension>
        </extensions>
      </trkpt>
      <trkpt lat="35.76441868208348751068115234375" lon="139.548071287572383880615234375">
        <ele>39</ele>
        <time>2026-08-25T09:17:04.000Z</time>
        <extensions>
          <ns3:TrackPointExtension>
            <ns3:hr>151</ns3:hr>
            <ns3:cad>82</ns3:cad>
          </ns3:TrackPointExtension>
        </extensions>
      </trkpt>
      <trkpt lat="35.7644380442798137664794921875" lon="139.54809266142547130584716796875">
        <ele>39</ele>
        <time>2026-08-25T09:17:05.000Z</time>
        <extensions>
          <ns3:TrackPointExtension>
            <ns3:hr>151</ns3:hr>
            <ns3:cad>82</ns3:cad>
          </ns3:TrackPointExtension>
        </extensions>
      </trkpt>
      <trkpt lat="35.7644558139145374298095703125" lon="139.54810489900410175323486328125">
        <ele>39</ele>
        <time>2026-08-25T09:17:06.000Z</time>
        <extensions>
          <ns3:TrackPointExtension>
            <ns3:hr>152</ns3:hr>
            <ns3:cad>81</ns3:cad>
          </ns3:TrackPointExtension>
        </extensions>
      </trkpt>
      <trkpt lat="35.76447651721537113189697265625" lon="139.5481120236217975616455078125">
        <ele>39</ele>
        <time>2026-08-25T09:17:07.000Z</time>
        <extensions>
          <ns3:TrackPointExtension>
            <ns3:hr>152</ns3:hr>
            <ns3:cad>81</ns3:cad>
          </ns3:TrackPointExtension>
        </extensions>
      </trkpt>
      <trkpt lat="35.76449059881269931793212890625" lon="139.54812593758106231689453125">
        <ele>39</ele>
        <time>2026-08-25T09:17:08.000Z</time>
        <extensions>
          <ns3:TrackPointExtension>
            <ns3:hr>152</ns3:hr>
            <ns3:cad>82</ns3:cad>
          </ns3:TrackPointExtension>
        </extensions>
      </trkpt>
      <trkpt lat="35.76450317166745662689208984375" lon="139.5481421984732151031494140625">
        <ele>39</ele>
        <time>2026-08-25T09:17:09.000Z</time>
        <extensions>
          <ns3:TrackPointExtension>
            <ns3:hr>151</ns3:hr>
            <ns3:cad>82</ns3:cad>
          </ns3:TrackPointExtension>
        </extensions>
      </trkpt>
      <trkpt lat="35.76451272703707218170166015625" lon="139.548157788813114166259765625">
        <ele>39</ele>
        <time>2026-08-25T09:17:10.000Z</time>
        <extensions>
          <ns3:TrackPointExtension>
            <ns3:hr>151</ns3:hr>
            <ns3:cad>82</ns3:cad>
          </ns3:TrackPointExtension>
        </extensions>
      </trkpt>
      <trkpt lat="35.764521695673465728759765625" lon="139.5481794141232967376708984375">
        <ele>39</ele>
        <time>2026-08-25T09:17:11.000Z</time>
        <extensions>
          <ns3:TrackPointExtension>
            <ns3:hr>150</ns3:hr>
            <ns3:cad>82</ns3:cad>
          </ns3:TrackPointExtension>
        </extensions>
      </trkpt>
      <trkpt lat="35.7645315863192081451416015625" lon="139.5482015423476696014404296875">
        <ele>39</ele>
        <time>2026-08-25T09:17:12.000Z</time>
        <extensions>
          <ns3:TrackPointExtension>
            <ns3:hr>150</ns3:hr>
            <ns3:cad>81</ns3:cad>
          </ns3:TrackPointExtension>
        </extensions>
      </trkpt>
      <trkpt lat="35.7645460031926631927490234375" lon="139.54821654595434665679931640625">
        <ele>39</ele>
        <time>2026-08-25T09:17:13.000Z</time>
        <extensions>
          <ns3:TrackPointExtension>
            <ns3:hr>151</ns3:hr>
            <ns3:cad>81</ns3:cad>
          </ns3:TrackPointExtension>
        </extensions>
      </trkpt>
      <trkpt lat="35.7645761780440807342529296875" lon="139.54823859035968780517578125">
        <ele>39</ele>
        <time>2026-08-25T09:17:14.000Z</time>
        <extensions>
          <ns3:TrackPointExtension>
            <ns3:hr>150</ns3:hr>
            <ns3:cad>82</ns3:cad>
          </ns3:TrackPointExtension>
        </extensions>
      </trkpt>
      <trkpt lat="35.76461146585643291473388671875" lon="139.54826767556369304656982421875">
        <ele>39</ele>
        <time>2026-08-25T09:17:15.000Z</time>
        <extensions>
          <ns3:TrackPointExtension>
            <ns3:hr>150</ns3:hr>
            <ns3:cad>82</ns3:cad>
          </ns3:TrackPointExtension>
        </extensions>
      </trkpt>
      <trkpt lat="35.7646452449262142181396484375" lon="139.5482848584651947021484375">
        <ele>39</ele>
        <time>2026-08-25T09:17:16.000Z</time>
        <extensions>
          <ns3:TrackPointExtension>
            <ns3:hr>150</ns3:hr>
            <ns3:cad>83</ns3:cad>
          </ns3:TrackPointExtension>
        </extensions>
      </trkpt>
      <trkpt lat="35.76466477476060390472412109375" lon="139.548304975032806396484375">
        <ele>39</ele>
        <time>2026-08-25T09:17:17.000Z</time>
        <extensions>
          <ns3:TrackPointExtension>
            <ns3:hr>149</ns3:hr>
            <ns3:cad>84</ns3:cad>
          </ns3:TrackPointExtension>
        </extensions>
      </trkpt>
      <trkpt lat="35.7646717317402362823486328125" lon="139.54832115210592746734619140625">
        <ele>39</ele>
        <time>2026-08-25T09:17:18.000Z</time>
        <extensions>
          <ns3:TrackPointExtension>
            <ns3:hr>149</ns3:hr>
            <ns3:cad>84</ns3:cad>
          </ns3:TrackPointExtension>
        </extensions>
      </trkpt>
      <trkpt lat="35.76468355022370815277099609375" lon="139.548340849578380584716796875">
        <ele>39</ele>
        <time>2026-08-25T09:17:19.000Z</time>
        <extensions>
          <ns3:TrackPointExtension>
            <ns3:hr>149</ns3:hr>
            <ns3:cad>83</ns3:cad>
          </ns3:TrackPointExtension>
        </extensions>
      </trkpt>
      <trkpt lat="35.76469880528748035430908203125" lon="139.54836121760308742523193359375">
        <ele>39</ele>
        <time>2026-08-25T09:17:20.000Z</time>
        <extensions>
          <ns3:TrackPointExtension>
            <ns3:hr>149</ns3:hr>
            <ns3:cad>83</ns3:cad>
          </ns3:TrackPointExtension>
        </extensions>
      </trkpt>
      <trkpt lat="35.76471649110317230224609375" lon="139.54837429337203502655029296875">
        <ele>39</ele>
        <time>2026-08-25T09:17:21.000Z</time>
        <extensions>
          <ns3:TrackPointExtension>
            <ns3:hr>149</ns3:hr>
            <ns3:cad>83</ns3:cad>
          </ns3:TrackPointExtension>
        </extensions>
      </trkpt>
      <trkpt lat="35.764736272394657135009765625" lon="139.54839139245450496673583984375">
        <ele>39</ele>
        <time>2026-08-25T09:17:22.000Z</time>
        <extensions>
          <ns3:TrackPointExtension>
            <ns3:hr>148</ns3:hr>
            <ns3:cad>83</ns3:cad>
          </ns3:TrackPointExtension>
        </extensions>
      </trkpt>
      <trkpt lat="35.76475806534290313720703125" lon="139.54840396530926227569580078125">
        <ele>39.200000762939453125</ele>
        <time>2026-08-25T09:17:23.000Z</time>
        <extensions>
          <ns3:TrackPointExtension>
            <ns3:hr>148</ns3:hr>
            <ns3:cad>83</ns3:cad>
          </ns3:TrackPointExtension>
        </extensions>
      </trkpt>
      <trkpt lat="35.76477910391986370086669921875" lon="139.54841452650725841522216796875">
        <ele>39.200000762939453125</ele>
        <time>2026-08-25T09:17:24.000Z</time>
        <extensions>
          <ns3:TrackPointExtension>
            <ns3:hr>148</ns3:hr>
            <ns3:cad>84</ns3:cad>
          </ns3:TrackPointExtension>
        </extensions>
      </trkpt>
      <trkpt lat="35.7647998072206974029541015625" lon="139.5484271831810474395751953125">
        <ele>39.200000762939453125</ele>
        <time>2026-08-25T09:17:25.000Z</time>
        <extensions>
          <ns3:TrackPointExtension>
            <ns3:hr>148</ns3:hr>
            <ns3:cad>84</ns3:cad>
          </ns3:TrackPointExtension>
        </extensions>
      </trkpt>
      <trkpt lat="35.76481665484607219696044921875" lon="139.5484359003603458404541015625">
        <ele>39.200000762939453125</ele>
        <time>2026-08-25T09:17:26.000Z</time>
        <extensions>
          <ns3:TrackPointExtension>
            <ns3:hr>148</ns3:hr>
            <ns3:cad>84</ns3:cad>
          </ns3:TrackPointExtension>
        </extensions>
      </trkpt>
      <trkpt lat="35.764840878546237945556640625" lon="139.54845610074698925018310546875">
        <ele>39.200000762939453125</ele>
        <time>2026-08-25T09:17:27.000Z</time>
        <extensions>
          <ns3:TrackPointExtension>
            <ns3:hr>148</ns3:hr>
            <ns3:cad>85</ns3:cad>
          </ns3:TrackPointExtension>
        </extensions>
      </trkpt>
      <trkpt lat="35.76485864818096160888671875" lon="139.548474960029125213623046875">
        <ele>39.200000762939453125</ele>
        <time>2026-08-25T09:17:28.000Z</time>
        <extensions>
          <ns3:TrackPointExtension>
            <ns3:hr>148</ns3:hr>
            <ns3:cad>85</ns3:cad>
          </ns3:TrackPointExtension>
        </extensions>
      </trkpt>
      <trkpt lat="35.76488169841468334197998046875" lon="139.54848937690258026123046875">
        <ele>39</ele>
        <time>2026-08-25T09:17:29.000Z</time>
        <extensions>
          <ns3:TrackPointExtension>
            <ns3:hr>148</ns3:hr>
            <ns3:cad>85</ns3:cad>
          </ns3:TrackPointExtension>
        </extensions>
      </trkpt>
      <trkpt lat="35.76490483246743679046630859375" lon="139.54850052483379840850830078125">
        <ele>39</ele>
        <time>2026-08-25T09:17:30.000Z</time>
        <extensions>
          <ns3:TrackPointExtension>
            <ns3:hr>148</ns3:hr>
            <ns3:cad>85</ns3:cad>
          </ns3:TrackPointExtension>
        </extensions>
      </trkpt>
      <trkpt lat="35.76492243446409702301025390625" lon="139.5485123433172702789306640625">
        <ele>39</ele>
        <time>2026-08-25T09:17:31.000Z</time>
        <extensions>
          <ns3:TrackPointExtension>
            <ns3:hr>148</ns3:hr>
            <ns3:cad>85</ns3:cad>
          </ns3:TrackPointExtension>
        </extensions>
      </trkpt>
      <trkpt lat="35.76494003646075725555419921875" lon="139.5485289394855499267578125">
        <ele>39</ele>
        <time>2026-08-25T09:17:32.000Z</time>
        <extensions>
          <ns3:TrackPointExtension>
            <ns3:hr>148</ns3:hr>
            <ns3:cad>85</ns3:cad>
          </ns3:TrackPointExtension>
        </extensions>
      </trkpt>
      <trkpt lat="35.76495923101902008056640625" lon="139.5485421828925609588623046875">
        <ele>39</ele>
        <time>2026-08-25T09:17:33.000Z</time>
        <extensions>
          <ns3:TrackPointExtension>
            <ns3:hr>148</ns3:hr>
            <ns3:cad>84</ns3:cad>
          </ns3:TrackPointExtension>
        </extensions>
      </trkpt>
      <trkpt lat="35.76497641392052173614501953125" lon="139.5485572703182697296142578125">
        <ele>39</ele>
        <time>2026-08-25T09:17:34.000Z</time>
        <extensions>
          <ns3:TrackPointExtension>
            <ns3:hr>148</ns3:hr>
            <ns3:cad>84</ns3:cad>
          </ns3:TrackPointExtension>
        </extensions>
      </trkpt>
      <trkpt lat="35.76499544084072113037109375" lon="139.54857445321977138519287109375">
        <ele>39</ele>
        <time>2026-08-25T09:17:35.000Z</time>
        <extensions>
          <ns3:TrackPointExtension>
            <ns3:hr>148</ns3:hr>
            <ns3:cad>84</ns3:cad>
          </ns3:TrackPointExtension>
        </extensions>
      </trkpt>
      <trkpt lat="35.7650137133896350860595703125" lon="139.54858752898871898651123046875">
        <ele>39</ele>
        <time>2026-08-25T09:17:36.000Z</time>
        <extensions>
          <ns3:TrackPointExtension>
            <ns3:hr>148</ns3:hr>
            <ns3:cad>84</ns3:cad>
          </ns3:TrackPointExtension>
        </extensions>
      </trkpt>
      <trkpt lat="35.765033997595310211181640625" lon="139.54860647208988666534423828125">
        <ele>39</ele>
        <time>2026-08-25T09:17:37.000Z</time>
        <extensions>
          <ns3:TrackPointExtension>
            <ns3:hr>148</ns3:hr>
            <ns3:cad>85</ns3:cad>
          </ns3:TrackPointExtension>
        </extensions>
      </trkpt>
      <trkpt lat="35.7650519348680973052978515625" lon="139.5486216433346271514892578125">
        <ele>39</ele>
        <time>2026-08-25T09:17:38.000Z</time>
        <extensions>
          <ns3:TrackPointExtension>
            <ns3:hr>148</ns3:hr>
            <ns3:cad>85</ns3:cad>
          </ns3:TrackPointExtension>
        </extensions>
      </trkpt>
      <trkpt lat="35.76507129706442356109619140625" lon="139.54863815568387508392333984375">
        <ele>39</ele>
        <time>2026-08-25T09:17:39.000Z</time>
        <extensions>
          <ns3:TrackPointExtension>
            <ns3:hr>148</ns3:hr>
            <ns3:cad>85</ns3:cad>
          </ns3:TrackPointExtension>
        </extensions>
      </trkpt>
      <trkpt lat="35.76508688740432262420654296875" lon="139.54865475185215473175048828125">
        <ele>39</ele>
        <time>2026-08-25T09:17:40.000Z</time>
        <extensions>
          <ns3:TrackPointExtension>
            <ns3:hr>148</ns3:hr>
            <ns3:cad>85</ns3:cad>
          </ns3:TrackPointExtension>
        </extensions>
      </trkpt>
      <trkpt lat="35.765103735029697418212890625" lon="139.5486669056117534637451171875">
        <ele>39</ele>
        <time>2026-08-25T09:17:41.000Z</time>
        <extensions>
          <ns3:TrackPointExtension>
            <ns3:hr>148</ns3:hr>
            <ns3:cad>85</ns3:cad>
          </ns3:TrackPointExtension>
        </extensions>
      </trkpt>
      <trkpt lat="35.7651213370263576507568359375" lon="139.54868341796100139617919921875">
        <ele>39</ele>
        <time>2026-08-25T09:17:42.000Z</time>
        <extensions>
          <ns3:TrackPointExtension>
            <ns3:hr>148</ns3:hr>
            <ns3:cad>84</ns3:cad>
          </ns3:TrackPointExtension>
        </extensions>
      </trkpt>
      <trkpt lat="35.7651370950043201446533203125" lon="139.54870127141475677490234375">
        <ele>39</ele>
        <time>2026-08-25T09:17:43.000Z</time>
        <extensions>
          <ns3:TrackPointExtension>
            <ns3:hr>148</ns3:hr>
            <ns3:cad>84</ns3:cad>
          </ns3:TrackPointExtension>
        </extensions>
      </trkpt>
      <trkpt lat="35.76515369117259979248046875" lon="139.54871711321175098419189453125">
        <ele>38.799999237060546875</ele>
        <time>2026-08-25T09:17:44.000Z</time>
        <extensions>
          <ns3:TrackPointExtension>
            <ns3:hr>148</ns3:hr>
            <ns3:cad>84</ns3:cad>
          </ns3:TrackPointExtension>
        </extensions>
      </trkpt>
      <trkpt lat="35.7651709578931331634521484375" lon="139.54873387701809406280517578125">
        <ele>38.799999237060546875</ele>
        <time>2026-08-25T09:17:45.000Z</time>
        <extensions>
          <ns3:TrackPointExtension>
            <ns3:hr>147</ns3:hr>
            <ns3:cad>83</ns3:cad>
          </ns3:TrackPointExtension>
        </extensions>
      </trkpt>
      <trkpt lat="35.76519048772752285003662109375" lon="139.54874728806316852569580078125">
        <ele>38.799999237060546875</ele>
        <time>2026-08-25T09:17:46.000Z</time>
        <extensions>
          <ns3:TrackPointExtension>
            <ns3:hr>147</ns3:hr>
            <ns3:cad>83</ns3:cad>
          </ns3:TrackPointExtension>
        </extensions>
      </trkpt>
      <trkpt lat="35.76521194539964199066162109375" lon="139.54876036383211612701416015625">
        <ele>38.799999237060546875</ele>
        <time>2026-08-25T09:17:47.000Z</time>
        <extensions>
          <ns3:TrackPointExtension>
            <ns3:hr>147</ns3:hr>
            <ns3:cad>83</ns3:cad>
          </ns3:TrackPointExtension>
        </extensions>
      </trkpt>
      <trkpt lat="35.76523407362401485443115234375" lon="139.54877100884914398193359375">
        <ele>38.799999237060546875</ele>
        <time>2026-08-25T09:17:48.000Z</time>
        <extensions>
          <ns3:TrackPointExtension>
            <ns3:hr>147</ns3:hr>
            <ns3:cad>83</ns3:cad>
          </ns3:TrackPointExtension>
        </extensions>
      </trkpt>
      <trkpt lat="35.76525318436324596405029296875" lon="139.54878064803779125213623046875">
        <ele>38.799999237060546875</ele>
        <time>2026-08-25T09:17:49.000Z</time>
        <extensions>
          <ns3:TrackPointExtension>
            <ns3:hr>147</ns3:hr>
            <ns3:cad>83</ns3:cad>
          </ns3:TrackPointExtension>
        </extensions>
      </trkpt>
      <trkpt lat="35.7652752287685871124267578125" lon="139.548790454864501953125">
        <ele>38.799999237060546875</ele>
        <time>2026-08-25T09:17:50.000Z</time>
        <extensions>
          <ns3:TrackPointExtension>
            <ns3:hr>147</ns3:hr>
            <ns3:cad>84</ns3:cad>
          </ns3:TrackPointExtension>
        </extensions>
      </trkpt>
      <trkpt lat="35.765293501317501068115234375" lon="139.54880160279572010040283203125">
        <ele>38.59999847412109375</ele>
        <time>2026-08-25T09:17:51.000Z</time>
        <extensions>
          <ns3:TrackPointExtension>
            <ns3:hr>148</ns3:hr>
            <ns3:cad>84</ns3:cad>
          </ns3:TrackPointExtension>
        </extensions>
      </trkpt>
      <trkpt lat="35.76531588099896907806396484375" lon="139.5488137565553188323974609375">
        <ele>38.59999847412109375</ele>
        <time>2026-08-25T09:17:52.000Z</time>
        <extensions>
          <ns3:TrackPointExtension>
            <ns3:hr>148</ns3:hr>
            <ns3:cad>83</ns3:cad>
          </ns3:TrackPointExtension>
        </extensions>
      </trkpt>
      <trkpt lat="35.76533071696758270263671875" lon="139.54882741905748844146728515625">
        <ele>38.59999847412109375</ele>
        <time>2026-08-25T09:17:53.000Z</time>
        <extensions>
          <ns3:TrackPointExtension>
            <ns3:hr>148</ns3:hr>
            <ns3:cad>83</ns3:cad>
          </ns3:TrackPointExtension>
        </extensions>
      </trkpt>
      <trkpt lat="35.7653453014791011810302734375" lon="139.5488400757312774658203125">
        <ele>38.59999847412109375</ele>
        <time>2026-08-25T09:17:54.000Z</time>
        <extensions>
          <ns3:TrackPointExtension>
            <ns3:hr>148</ns3:hr>
            <ns3:cad>83</ns3:cad>
          </ns3:TrackPointExtension>
        </extensions>
      </trkpt>
      <trkpt lat="35.76536064036190509796142578125" lon="139.54885524697601795196533203125">
        <ele>38.59999847412109375</ele>
        <time>2026-08-25T09:17:55.000Z</time>
        <extensions>
          <ns3:TrackPointExtension>
            <ns3:hr>148</ns3:hr>
            <ns3:cad>83</ns3:cad>
          </ns3:TrackPointExtension>
        </extensions>
      </trkpt>
      <trkpt lat="35.765378661453723907470703125" lon="139.54886890947818756103515625">
        <ele>38.59999847412109375</ele>
        <time>2026-08-25T09:17:56.000Z</time>
        <extensions>
          <ns3:TrackPointExtension>
            <ns3:hr>148</ns3:hr>
            <ns3:cad>83</ns3:cad>
          </ns3:TrackPointExtension>
        </extensions>
      </trkpt>
      <trkpt lat="35.76539936475455760955810546875" lon="139.54888424836099147796630859375">
        <ele>38.59999847412109375</ele>
        <time>2026-08-25T09:17:57.000Z</time>
        <extensions>
          <ns3:TrackPointExtension>
            <ns3:hr>148</ns3:hr>
            <ns3:cad>83</ns3:cad>
          </ns3:TrackPointExtension>
        </extensions>
      </trkpt>
      <trkpt lat="35.7654167152941226959228515625" lon="139.54890034161508083343505859375">
        <ele>38.59999847412109375</ele>
        <time>2026-08-25T09:17:58.000Z</time>
        <extensions>
          <ns3:TrackPointExtension>
            <ns3:hr>149</ns3:hr>
            <ns3:cad>83</ns3:cad>
          </ns3:TrackPointExtension>
        </extensions>
      </trkpt>
      <trkpt lat="35.7654361613094806671142578125" lon="139.54891182482242584228515625">
        <ele>38.59999847412109375</ele>
        <time>2026-08-25T09:17:59.000Z</time>
        <extensions>
          <ns3:TrackPointExtension>
            <ns3:hr>149</ns3:hr>
            <ns3:cad>84</ns3:cad>
          </ns3:TrackPointExtension>
        </extensions>
      </trkpt>
      <trkpt lat="35.765454769134521484375" lon="139.5489233918488025665283203125">
        <ele>38.59999847412109375</ele>
        <time>2026-08-25T09:18:00.000Z</time>
        <extensions>
          <ns3:TrackPointExtension>
            <ns3:hr>149</ns3:hr>
            <ns3:cad>84</ns3:cad>
          </ns3:TrackPointExtension>
        </extensions>
      </trkpt>
      <trkpt lat="35.76547027565538883209228515625" lon="139.548934288322925567626953125">
        <ele>38.59999847412109375</ele>
        <time>2026-08-25T09:18:01.000Z</time>
        <extensions>
          <ns3:TrackPointExtension>
            <ns3:hr>149</ns3:hr>
            <ns3:cad>84</ns3:cad>
          </ns3:TrackPointExtension>
        </extensions>
      </trkpt>
      <trkpt lat="35.76549022458493709564208984375" lon="139.54895365051925182342529296875">
        <ele>38.59999847412109375</ele>
        <time>2026-08-25T09:18:02.000Z</time>
        <extensions>
          <ns3:TrackPointExtension>
            <ns3:hr>149</ns3:hr>
            <ns3:cad>83</ns3:cad>
          </ns3:TrackPointExtension>
        </extensions>
      </trkpt>
      <trkpt lat="35.76551017351448535919189453125" lon="139.54896789975464344024658203125">
        <ele>38.59999847412109375</ele>
        <time>2026-08-25T09:18:03.000Z</time>
        <extensions>
          <ns3:TrackPointExtension>
            <ns3:hr>149</ns3:hr>
            <ns3:cad>83</ns3:cad>
          </ns3:TrackPointExtension>
        </extensions>
      </trkpt>
      <trkpt lat="35.7655260153114795684814453125" lon="139.5489783771336078643798828125">
        <ele>38.59999847412109375</ele>
        <time>2026-08-25T09:18:04.000Z</time>
        <extensions>
          <ns3:TrackPointExtension>
            <ns3:hr>149</ns3:hr>
            <ns3:cad>83</ns3:cad>
          </ns3:TrackPointExtension>
        </extensions>
      </trkpt>
      <trkpt lat="35.76554453931748867034912109375" lon="139.54899254254996776580810546875">
        <ele>38.59999847412109375</ele>
        <time>2026-08-25T09:18:05.000Z</time>
        <extensions>
          <ns3:TrackPointExtension>
            <ns3:hr>149</ns3:hr>
            <ns3:cad>83</ns3:cad>
          </ns3:TrackPointExtension>
        </extensions>
      </trkpt>
      <trkpt lat="35.7655622251331806182861328125" lon="139.5490021817386150360107421875">
        <ele>38.59999847412109375</ele>
        <time>2026-08-25T09:18:06.000Z</time>
        <extensions>
          <ns3:TrackPointExtension>
            <ns3:hr>149</ns3:hr>
            <ns3:cad>83</ns3:cad>
          </ns3:TrackPointExtension>
        </extensions>
      </trkpt>
      <trkpt lat="35.7655810005962848663330078125" lon="139.5490142516791820526123046875">
        <ele>38.59999847412109375</ele>
        <time>2026-08-25T09:18:07.000Z</time>
        <extensions>
          <ns3:TrackPointExtension>
            <ns3:hr>149</ns3:hr>
            <ns3:cad>82</ns3:cad>
          </ns3:TrackPointExtension>
        </extensions>
      </trkpt>
      <trkpt lat="35.76560019515454769134521484375" lon="139.54902808181941509246826171875">
        <ele>38.59999847412109375</ele>
        <time>2026-08-25T09:18:08.000Z</time>
        <extensions>
          <ns3:TrackPointExtension>
            <ns3:hr>149</ns3:hr>
            <ns3:cad>82</ns3:cad>
          </ns3:TrackPointExtension>
        </extensions>
      </trkpt>
      <trkpt lat="35.76561511494219303131103515625" lon="139.5490373857319355010986328125">
        <ele>38.59999847412109375</ele>
        <time>2026-08-25T09:18:09.000Z</time>
        <extensions>
          <ns3:TrackPointExtension>
            <ns3:hr>149</ns3:hr>
            <ns3:cad>82</ns3:cad>
          </ns3:TrackPointExtension>
        </extensions>
      </trkpt>
      <trkpt lat="35.765638165175914764404296875" lon="139.54905406571924686431884765625">
        <ele>38.59999847412109375</ele>
        <time>2026-08-25T09:18:10.000Z</time>
        <extensions>
          <ns3:TrackPointExtension>
            <ns3:hr>149</ns3:hr>
            <ns3:cad>83</ns3:cad>
          </ns3:TrackPointExtension>
        </extensions>
      </trkpt>
      <trkpt lat="35.7656567730009555816650390625" lon="139.54906580038368701934814453125">
        <ele>38.59999847412109375</ele>
        <time>2026-08-25T09:18:11.000Z</time>
        <extensions>
          <ns3:TrackPointExtension>
            <ns3:hr>150</ns3:hr>
            <ns3:cad>83</ns3:cad>
          </ns3:TrackPointExtension>
        </extensions>
      </trkpt>
      <trkpt lat="35.7656762190163135528564453125" lon="139.54907837323844432830810546875">
        <ele>38.59999847412109375</ele>
        <time>2026-08-25T09:18:12.000Z</time>
        <extensions>
          <ns3:TrackPointExtension>
            <ns3:hr>150</ns3:hr>
            <ns3:cad>83</ns3:cad>
          </ns3:TrackPointExtension>
        </extensions>
      </trkpt>
      <trkpt lat="35.76569692231714725494384765625" lon="139.54909044317901134490966796875">
        <ele>38.59999847412109375</ele>
        <time>2026-08-25T09:18:13.000Z</time>
        <extensions>
          <ns3:TrackPointExtension>
            <ns3:hr>150</ns3:hr>
            <ns3:cad>84</ns3:cad>
          </ns3:TrackPointExtension>
        </extensions>
      </trkpt>
      <trkpt lat="35.76571703888475894927978515625" lon="139.54910167492926120758056640625">
        <ele>38.59999847412109375</ele>
        <time>2026-08-25T09:18:14.000Z</time>
        <extensions>
          <ns3:TrackPointExtension>
            <ns3:hr>151</ns3:hr>
            <ns3:cad>84</ns3:cad>
          </ns3:TrackPointExtension>
        </extensions>
      </trkpt>
      <trkpt lat="35.76573665253818035125732421875" lon="139.54911575652658939361572265625">
        <ele>38.59999847412109375</ele>
        <time>2026-08-25T09:18:15.000Z</time>
        <extensions>
          <ns3:TrackPointExtension>
            <ns3:hr>151</ns3:hr>
            <ns3:cad>84</ns3:cad>
          </ns3:TrackPointExtension>
        </extensions>
      </trkpt>
      <trkpt lat="35.76575995422899723052978515625" lon="139.54912640154361724853515625">
        <ele>38.59999847412109375</ele>
        <time>2026-08-25T09:18:16.000Z</time>
        <extensions>
          <ns3:TrackPointExtension>
            <ns3:hr>151</ns3:hr>
            <ns3:cad>83</ns3:cad>
          </ns3:TrackPointExtension>
        </extensions>
      </trkpt>
      <trkpt lat="35.76578208245337009429931640625" lon="139.54913713037967681884765625">
        <ele>38.59999847412109375</ele>
        <time>2026-08-25T09:18:17.000Z</time>
        <extensions>
          <ns3:TrackPointExtension>
            <ns3:hr>151</ns3:hr>
            <ns3:cad>83</ns3:cad>
          </ns3:TrackPointExtension>
        </extensions>
      </trkpt>
      <trkpt lat="35.76580320484936237335205078125" lon="139.549148194491863250732421875">
        <ele>38.59999847412109375</ele>
        <time>2026-08-25T09:18:18.000Z</time>
        <extensions>
          <ns3:TrackPointExtension>
            <ns3:hr>151</ns3:hr>
            <ns3:cad>84</ns3:cad>
          </ns3:TrackPointExtension>
        </extensions>
      </trkpt>
      <trkpt lat="35.765822567045688629150390625" lon="139.54916219227015972137451171875">
        <ele>38.59999847412109375</ele>
        <time>2026-08-25T09:18:19.000Z</time>
        <extensions>
          <ns3:TrackPointExtension>
            <ns3:hr>151</ns3:hr>
            <ns3:cad>84</ns3:cad>
          </ns3:TrackPointExtension>
        </extensions>
      </trkpt>
      <trkpt lat="35.76584343798458576202392578125" lon="139.54917342402040958404541015625">
        <ele>38.59999847412109375</ele>
        <time>2026-08-25T09:18:20.000Z</time>
        <extensions>
          <ns3:TrackPointExtension>
            <ns3:hr>151</ns3:hr>
            <ns3:cad>84</ns3:cad>
          </ns3:TrackPointExtension>
        </extensions>
      </trkpt>
      <trkpt lat="35.7658629678189754486083984375" lon="139.5491855777800083160400390625">
        <ele>38.59999847412109375</ele>
        <time>2026-08-25T09:18:21.000Z</time>
        <extensions>
          <ns3:TrackPointExtension>
            <ns3:hr>151</ns3:hr>
            <ns3:cad>84</ns3:cad>
          </ns3:TrackPointExtension>
        </extensions>
      </trkpt>
      <trkpt lat="35.765881575644016265869140625" lon="139.549194462597370147705078125">
        <ele>38.40000152587890625</ele>
        <time>2026-08-25T09:18:22.000Z</time>
        <extensions>
          <ns3:TrackPointExtension>
            <ns3:hr>151</ns3:hr>
            <ns3:cad>83</ns3:cad>
          </ns3:TrackPointExtension>
        </extensions>
      </trkpt>
      <trkpt lat="35.76590160839259624481201171875" lon="139.54920678399503231048583984375">
        <ele>38.59999847412109375</ele>
        <time>2026-08-25T09:18:23.000Z</time>
        <extensions>
          <ns3:TrackPointExtension>
            <ns3:hr>151</ns3:hr>
            <ns3:cad>83</ns3:cad>
          </ns3:TrackPointExtension>
        </extensions>
      </trkpt>
      <trkpt lat="35.7659201323986053466796875" lon="139.5492207817733287811279296875">
        <ele>38.59999847412109375</ele>
        <time>2026-08-25T09:18:24.000Z</time>
        <extensions>
          <ns3:TrackPointExtension>
            <ns3:hr>151</ns3:hr>
            <ns3:cad>83</ns3:cad>
          </ns3:TrackPointExtension>
        </extensions>
      </trkpt>
      <trkpt lat="35.76593798585236072540283203125" lon="139.54923695884644985198974609375">
        <ele>38.59999847412109375</ele>
        <time>2026-08-25T09:18:25.000Z</time>
        <extensions>
          <ns3:TrackPointExtension>
            <ns3:hr>151</ns3:hr>
            <ns3:cad>82</ns3:cad>
          </ns3:TrackPointExtension>
        </extensions>
      </trkpt>
      <trkpt lat="35.765957348048686981201171875" lon="139.54925321973860263824462890625">
        <ele>38.59999847412109375</ele>
        <time>2026-08-25T09:18:26.000Z</time>
        <extensions>
          <ns3:TrackPointExtension>
            <ns3:hr>151</ns3:hr>
            <ns3:cad>82</ns3:cad>
          </ns3:TrackPointExtension>
        </extensions>
      </trkpt>
      <trkpt lat="35.76597553677856922149658203125" lon="139.5492687262594699859619140625">
        <ele>38.59999847412109375</ele>
        <time>2026-08-25T09:18:27.000Z</time>
        <extensions>
          <ns3:TrackPointExtension>
            <ns3:hr>151</ns3:hr>
            <ns3:cad>82</ns3:cad>
          </ns3:TrackPointExtension>
        </extensions>
      </trkpt>
      <trkpt lat="35.76599548570811748504638671875" lon="139.54928465187549591064453125">
        <ele>38.59999847412109375</ele>
        <time>2026-08-25T09:18:28.000Z</time>
        <extensions>
          <ns3:TrackPointExtension>
            <ns3:hr>151</ns3:hr>
            <ns3:cad>82</ns3:cad>
          </ns3:TrackPointExtension>
        </extensions>
      </trkpt>
      <trkpt lat="35.76601275242865085601806640625" lon="139.5493002422153949737548828125">
        <ele>38.59999847412109375</ele>
        <time>2026-08-25T09:18:29.000Z</time>
        <extensions>
          <ns3:TrackPointExtension>
            <ns3:hr>151</ns3:hr>
            <ns3:cad>82</ns3:cad>
          </ns3:TrackPointExtension>
        </extensions>
      </trkpt>
      <trkpt lat="35.7660299353301525115966796875" lon="139.54931457526981830596923828125">
        <ele>38.59999847412109375</ele>
        <time>2026-08-25T09:18:30.000Z</time>
        <extensions>
          <ns3:TrackPointExtension>
            <ns3:hr>151</ns3:hr>
            <ns3:cad>83</ns3:cad>
          </ns3:TrackPointExtension>
        </extensions>
      </trkpt>
      <trkpt lat="35.7660463638603687286376953125" lon="139.549329243600368499755859375">
        <ele>38.59999847412109375</ele>
        <time>2026-08-25T09:18:31.000Z</time>
        <extensions>
          <ns3:TrackPointExtension>
            <ns3:hr>151</ns3:hr>
            <ns3:cad>83</ns3:cad>
          </ns3:TrackPointExtension>
        </extensions>
      </trkpt>
      <trkpt lat="35.76606161892414093017578125" lon="139.54934089444577693939208984375">
        <ele>38.40000152587890625</ele>
        <time>2026-08-25T09:18:32.000Z</time>
        <extensions>
          <ns3:TrackPointExtension>
            <ns3:hr>151</ns3:hr>
            <ns3:cad>83</ns3:cad>
          </ns3:TrackPointExtension>
        </extensions>
      </trkpt>
      <trkpt lat="35.76607502996921539306640625" lon="139.5493577420711517333984375">
        <ele>38.40000152587890625</ele>
        <time>2026-08-25T09:18:33.000Z</time>
        <extensions>
          <ns3:TrackPointExtension>
            <ns3:hr>151</ns3:hr>
            <ns3:cad>83</ns3:cad>
          </ns3:TrackPointExtension>
        </extensions>
      </trkpt>
      <trkpt lat="35.76609112322330474853515625" lon="139.5493719913065433502197265625">
        <ele>38.40000152587890625</ele>
        <time>2026-08-25T09:18:34.000Z</time>
        <extensions>
          <ns3:TrackPointExtension>
            <ns3:hr>151</ns3:hr>
            <ns3:cad>83</ns3:cad>
          </ns3:TrackPointExtension>
        </extensions>
      </trkpt>
      <trkpt lat="35.76610780321061611175537109375" lon="139.5493840612471103668212890625">
        <ele>38.40000152587890625</ele>
        <time>2026-08-25T09:18:35.000Z</time>
        <extensions>
          <ns3:TrackPointExtension>
            <ns3:hr>151</ns3:hr>
            <ns3:cad>82</ns3:cad>
          </ns3:TrackPointExtension>
        </extensions>
      </trkpt>
      <trkpt lat="35.766122974455356597900390625" lon="139.54940208233892917633056640625">
        <ele>38.40000152587890625</ele>
        <time>2026-08-25T09:18:36.000Z</time>
        <extensions>
          <ns3:TrackPointExtension>
            <ns3:hr>151</ns3:hr>
            <ns3:cad>81</ns3:cad>
          </ns3:TrackPointExtension>
        </extensions>
      </trkpt>
      <trkpt lat="35.76614283956587314605712890625" lon="139.549416415393352508544921875">
        <ele>38.40000152587890625</ele>
        <time>2026-08-25T09:18:37.000Z</time>
        <extensions>
          <ns3:TrackPointExtension>
            <ns3:hr>151</ns3:hr>
            <ns3:cad>81</ns3:cad>
          </ns3:TrackPointExtension>
        </extensions>
      </trkpt>
      <trkpt lat="35.76615675352513790130615234375" lon="139.54943158663809299468994140625">
        <ele>38.40000152587890625</ele>
        <time>2026-08-25T09:18:38.000Z</time>
        <extensions>
          <ns3:TrackPointExtension>
            <ns3:hr>151</ns3:hr>
            <ns3:cad>80</ns3:cad>
          </ns3:TrackPointExtension>
        </extensions>
      </trkpt>
      <trkpt lat="35.76617293059825897216796875" lon="139.54944969154894351959228515625">
        <ele>38.40000152587890625</ele>
        <time>2026-08-25T09:18:39.000Z</time>
        <extensions>
          <ns3:TrackPointExtension>
            <ns3:hr>151</ns3:hr>
            <ns3:cad>80</ns3:cad>
          </ns3:TrackPointExtension>
        </extensions>
      </trkpt>
      <trkpt lat="35.766185335814952850341796875" lon="139.54946779645979404449462890625">
        <ele>38.40000152587890625</ele>
        <time>2026-08-25T09:18:40.000Z</time>
        <extensions>
          <ns3:TrackPointExtension>
            <ns3:hr>151</ns3:hr>
            <ns3:cad>80</ns3:cad>
          </ns3:TrackPointExtension>
        </extensions>
      </trkpt>
      <trkpt lat="35.7661990821361541748046875" lon="139.549485482275485992431640625">
        <ele>38.40000152587890625</ele>
        <time>2026-08-25T09:18:41.000Z</time>
        <extensions>
          <ns3:TrackPointExtension>
            <ns3:hr>151</ns3:hr>
            <ns3:cad>81</ns3:cad>
          </ns3:TrackPointExtension>
        </extensions>
      </trkpt>
      <trkpt lat="35.76620989479124546051025390625" lon="139.549509622156620025634765625">
        <ele>38.40000152587890625</ele>
        <time>2026-08-25T09:18:42.000Z</time>
        <extensions>
          <ns3:TrackPointExtension>
            <ns3:hr>151</ns3:hr>
            <ns3:cad>82</ns3:cad>
          </ns3:TrackPointExtension>
        </extensions>
      </trkpt>
      <trkpt lat="35.76622347347438335418701171875" lon="139.5495285652577877044677734375">
        <ele>38.40000152587890625</ele>
        <time>2026-08-25T09:18:43.000Z</time>
        <extensions>
          <ns3:TrackPointExtension>
            <ns3:hr>151</ns3:hr>
            <ns3:cad>83</ns3:cad>
          </ns3:TrackPointExtension>
        </extensions>
      </trkpt>
      <trkpt lat="35.76623059809207916259765625" lon="139.5495500229299068450927734375">
        <ele>38.40000152587890625</ele>
        <time>2026-08-25T09:18:44.000Z</time>
        <extensions>
          <ns3:TrackPointExtension>
            <ns3:hr>151</ns3:hr>
            <ns3:cad>83</ns3:cad>
          </ns3:TrackPointExtension>
        </extensions>
      </trkpt>
      <trkpt lat="35.76624107547104358673095703125" lon="139.54957072623074054718017578125">
        <ele>38.40000152587890625</ele>
        <time>2026-08-25T09:18:45.000Z</time>
        <extensions>
          <ns3:TrackPointExtension>
            <ns3:hr>151</ns3:hr>
            <ns3:cad>82</ns3:cad>
          </ns3:TrackPointExtension>
        </extensions>
      </trkpt>
      <trkpt lat="35.7662559114396572113037109375" lon="139.549588076770305633544921875">
        <ele>38.40000152587890625</ele>
        <time>2026-08-25T09:18:46.000Z</time>
        <extensions>
          <ns3:TrackPointExtension>
            <ns3:hr>151</ns3:hr>
            <ns3:cad>81</ns3:cad>
          </ns3:TrackPointExtension>
        </extensions>
      </trkpt>
      <trkpt lat="35.766271166503429412841796875" lon="139.54960827715694904327392578125">
        <ele>38.40000152587890625</ele>
        <time>2026-08-25T09:18:47.000Z</time>
        <extensions>
          <ns3:TrackPointExtension>
            <ns3:hr>150</ns3:hr>
            <ns3:cad>81</ns3:cad>
          </ns3:TrackPointExtension>
        </extensions>
      </trkpt>
      <trkpt lat="35.76628114096820354461669921875" lon="139.54962931573390960693359375">
        <ele>38.40000152587890625</ele>
        <time>2026-08-25T09:18:48.000Z</time>
        <extensions>
          <ns3:TrackPointExtension>
            <ns3:hr>150</ns3:hr>
            <ns3:cad>81</ns3:cad>
          </ns3:TrackPointExtension>
        </extensions>
      </trkpt>
      <trkpt lat="35.766289271414279937744140625" lon="139.54965169541537761688232421875">
        <ele>38.40000152587890625</ele>
        <time>2026-08-25T09:18:49.000Z</time>
        <extensions>
          <ns3:TrackPointExtension>
            <ns3:hr>150</ns3:hr>
            <ns3:cad>82</ns3:cad>
          </ns3:TrackPointExtension>
        </extensions>
      </trkpt>
      <trkpt lat="35.7663015089929103851318359375" lon="139.5496744103729724884033203125">
        <ele>38.200000762939453125</ele>
        <time>2026-08-25T09:18:50.000Z</time>
        <extensions>
          <ns3:TrackPointExtension>
            <ns3:hr>150</ns3:hr>
            <ns3:cad>82</ns3:cad>
          </ns3:TrackPointExtension>
        </extensions>
      </trkpt>
      <trkpt lat="35.76631508767604827880859375" lon="139.54969494603574275970458984375">
        <ele>38.200000762939453125</ele>
        <time>2026-08-25T09:18:51.000Z</time>
        <extensions>
          <ns3:TrackPointExtension>
            <ns3:hr>150</ns3:hr>
            <ns3:cad>83</ns3:cad>
          </ns3:TrackPointExtension>
        </extensions>
      </trkpt>
      <trkpt lat="35.76632908545434474945068359375" lon="139.54971808008849620819091796875">
        <ele>38.200000762939453125</ele>
        <time>2026-08-25T09:18:52.000Z</time>
        <extensions>
          <ns3:TrackPointExtension>
            <ns3:hr>149</ns3:hr>
            <ns3:cad>83</ns3:cad>
          </ns3:TrackPointExtension>
        </extensions>
      </trkpt>
      <trkpt lat="35.76634249649941921234130859375" lon="139.549742639064788818359375">
        <ele>38.200000762939453125</ele>
        <time>2026-08-25T09:18:53.000Z</time>
        <extensions>
          <ns3:TrackPointExtension>
            <ns3:hr>149</ns3:hr>
            <ns3:cad>83</ns3:cad>
          </ns3:TrackPointExtension>
        </extensions>
      </trkpt>
      <trkpt lat="35.7663528062403202056884765625" lon="139.54976418055593967437744140625">
        <ele>38.200000762939453125</ele>
        <time>2026-08-25T09:18:54.000Z</time>
        <extensions>
          <ns3:TrackPointExtension>
            <ns3:hr>149</ns3:hr>
            <ns3:cad>83</ns3:cad>
          </ns3:TrackPointExtension>
        </extensions>
      </trkpt>
      <trkpt lat="35.76636294834315776824951171875" lon="139.54978580586612224578857421875">
        <ele>38.200000762939453125</ele>
        <time>2026-08-25T09:18:55.000Z</time>
        <extensions>
          <ns3:TrackPointExtension>
            <ns3:hr>149</ns3:hr>
            <ns3:cad>83</ns3:cad>
          </ns3:TrackPointExtension>
        </extensions>
      </trkpt>
      <trkpt lat="35.76637149788439273834228515625" lon="139.54980759881436824798583984375">
        <ele>38.200000762939453125</ele>
        <time>2026-08-25T09:18:56.000Z</time>
        <extensions>
          <ns3:TrackPointExtension>
            <ns3:hr>149</ns3:hr>
            <ns3:cad>83</ns3:cad>
          </ns3:TrackPointExtension>
        </extensions>
      </trkpt>
      <trkpt lat="35.76637971214950084686279296875" lon="139.549830146133899688720703125">
        <ele>38.200000762939453125</ele>
        <time>2026-08-25T09:18:57.000Z</time>
        <extensions>
          <ns3:TrackPointExtension>
            <ns3:hr>148</ns3:hr>
            <ns3:cad>83</ns3:cad>
          </ns3:TrackPointExtension>
        </extensions>
      </trkpt>
      <trkpt lat="35.766386501491069793701171875" lon="139.5498517714440822601318359375">
        <ele>38.40000152587890625</ele>
        <time>2026-08-25T09:18:58.000Z</time>
        <extensions>
          <ns3:TrackPointExtension>
            <ns3:hr>148</ns3:hr>
            <ns3:cad>82</ns3:cad>
          </ns3:TrackPointExtension>
        </extensions>
      </trkpt>
      <trkpt lat="35.76639547012746334075927734375" lon="139.5498708821833133697509765625">
        <ele>38.200000762939453125</ele>
        <time>2026-08-25T09:18:59.000Z</time>
        <extensions>
          <ns3:TrackPointExtension>
            <ns3:hr>148</ns3:hr>
            <ns3:cad>82</ns3:cad>
          </ns3:TrackPointExtension>
        </extensions>
      </trkpt>
      <trkpt lat="35.7664054445922374725341796875" lon="139.54989108256995677947998046875">
        <ele>38.200000762939453125</ele>
        <time>2026-08-25T09:19:00.000Z</time>
        <extensions>
          <ns3:TrackPointExtension>
            <ns3:hr>148</ns3:hr>
            <ns3:cad>82</ns3:cad>
          </ns3:TrackPointExtension>
        </extensions>
      </trkpt>
      <trkpt lat="35.76641558669507503509521484375" lon="139.54990960657596588134765625">
        <ele>38.200000762939453125</ele>
        <time>2026-08-25T09:19:01.000Z</time>
        <extensions>
          <ns3:TrackPointExtension>
            <ns3:hr>148</ns3:hr>
            <ns3:cad>82</ns3:cad>
          </ns3:TrackPointExtension>
        </extensions>
      </trkpt>
      <trkpt lat="35.76642371714115142822265625" lon="139.54993106424808502197265625">
        <ele>38.200000762939453125</ele>
        <time>2026-08-25T09:19:02.000Z</time>
        <extensions>
          <ns3:TrackPointExtension>
            <ns3:hr>148</ns3:hr>
            <ns3:cad>82</ns3:cad>
          </ns3:TrackPointExtension>
        </extensions>
      </trkpt>
      <trkpt lat="35.7664324343204498291015625" lon="139.549953527748584747314453125">
        <ele>38.200000762939453125</ele>
        <time>2026-08-25T09:19:03.000Z</time>
        <extensions>
          <ns3:TrackPointExtension>
            <ns3:hr>148</ns3:hr>
            <ns3:cad>82</ns3:cad>
          </ns3:TrackPointExtension>
        </extensions>
      </trkpt>
      <trkpt lat="35.76643872074782848358154296875" lon="139.549976997077465057373046875">
        <ele>38.200000762939453125</ele>
        <time>2026-08-25T09:19:04.000Z</time>
        <extensions>
          <ns3:TrackPointExtension>
            <ns3:hr>147</ns3:hr>
            <ns3:cad>82</ns3:cad>
          </ns3:TrackPointExtension>
        </extensions>
      </trkpt>
      <trkpt lat="35.76644358225166797637939453125" lon="139.550001136958599090576171875">
        <ele>38.200000762939453125</ele>
        <time>2026-08-25T09:19:05.000Z</time>
        <extensions>
          <ns3:TrackPointExtension>
            <ns3:hr>147</ns3:hr>
            <ns3:cad>82</ns3:cad>
          </ns3:TrackPointExtension>
        </extensions>
      </trkpt>
      <trkpt lat="35.7664493657648563385009765625" lon="139.5500237680971622467041015625">
        <ele>38.200000762939453125</ele>
        <time>2026-08-25T09:19:06.000Z</time>
        <extensions>
          <ns3:TrackPointExtension>
            <ns3:hr>147</ns3:hr>
            <ns3:cad>83</ns3:cad>
          </ns3:TrackPointExtension>
        </extensions>
      </trkpt>
      <trkpt lat="35.7664550654590129852294921875" lon="139.55004581250250339508056640625">
        <ele>38.200000762939453125</ele>
        <time>2026-08-25T09:19:07.000Z</time>
        <extensions>
          <ns3:TrackPointExtension>
            <ns3:hr>146</ns3:hr>
            <ns3:cad>83</ns3:cad>
          </ns3:TrackPointExtension>
        </extensions>
      </trkpt>
      <trkpt lat="35.76646001078188419342041015625" lon="139.550068192183971405029296875">
        <ele>38.200000762939453125</ele>
        <time>2026-08-25T09:19:08.000Z</time>
        <extensions>
          <ns3:TrackPointExtension>
            <ns3:hr>146</ns3:hr>
            <ns3:cad>83</ns3:cad>
          </ns3:TrackPointExtension>
        </extensions>
      </trkpt>
      <trkpt lat="35.7664614357054233551025390625" lon="139.5500888116657733917236328125">
        <ele>38.200000762939453125</ele>
        <time>2026-08-25T09:19:09.000Z</time>
        <extensions>
          <ns3:TrackPointExtension>
            <ns3:hr>146</ns3:hr>
            <ns3:cad>83</ns3:cad>
          </ns3:TrackPointExtension>
        </extensions>
      </trkpt>
      <trkpt lat="35.7664533890783786773681640625" lon="139.55010666511952877044677734375">
        <ele>38.200000762939453125</ele>
        <time>2026-08-25T09:19:10.000Z</time>
        <extensions>
          <ns3:TrackPointExtension>
            <ns3:hr>146</ns3:hr>
            <ns3:cad>83</ns3:cad>
          </ns3:TrackPointExtension>
        </extensions>
      </trkpt>
      <trkpt lat="35.76644307933747768402099609375" lon="139.55011571757495403289794921875">
        <ele>38.200000762939453125</ele>
        <time>2026-08-25T09:19:11.000Z</time>
        <extensions>
          <ns3:TrackPointExtension>
            <ns3:hr>146</ns3:hr>
            <ns3:cad>83</ns3:cad>
          </ns3:TrackPointExtension>
        </extensions>
      </trkpt>
      <trkpt lat="35.76643000356853008270263671875" lon="139.550116471946239471435546875">
        <ele>38.40000152587890625</ele>
        <time>2026-08-25T09:19:12.000Z</time>
        <extensions>
          <ns3:TrackPointExtension>
            <ns3:hr>146</ns3:hr>
            <ns3:cad>83</ns3:cad>
          </ns3:TrackPointExtension>
        </extensions>
      </trkpt>
      <trkpt lat="35.7664212025701999664306640625" lon="139.5501028932631015777587890625">
        <ele>38.40000152587890625</ele>
        <time>2026-08-25T09:19:13.000Z</time>
        <extensions>
          <ns3:TrackPointExtension>
            <ns3:hr>145</ns3:hr>
            <ns3:cad>81</ns3:cad>
          </ns3:TrackPointExtension>
        </extensions>
      </trkpt>
      <trkpt lat="35.76641893945634365081787109375" lon="139.5500821061432361602783203125">
        <ele>38.40000152587890625</ele>
        <time>2026-08-25T09:19:14.000Z</time>
        <extensions>
          <ns3:TrackPointExtension>
            <ns3:hr>145</ns3:hr>
            <ns3:cad>81</ns3:cad>
          </ns3:TrackPointExtension>
        </extensions>
      </trkpt>
      <trkpt lat="35.7664158381521701812744140625" lon="139.5500532723963260650634765625">
        <ele>38.40000152587890625</ele>
        <time>2026-08-25T09:19:15.000Z</time>
        <extensions>
          <ns3:TrackPointExtension>
            <ns3:hr>145</ns3:hr>
            <ns3:cad>81</ns3:cad>
          </ns3:TrackPointExtension>
        </extensions>
      </trkpt>
      <trkpt lat="35.7664061151444911956787109375" lon="139.55003030598163604736328125">
        <ele>38.40000152587890625</ele>
        <time>2026-08-25T09:19:16.000Z</time>
        <extensions>
          <ns3:TrackPointExtension>
            <ns3:hr>145</ns3:hr>
            <ns3:cad>81</ns3:cad>
          </ns3:TrackPointExtension>
        </extensions>
      </trkpt>
      <trkpt lat="35.76639999635517597198486328125" lon="139.5500036515295505523681640625">
        <ele>38.200000762939453125</ele>
        <time>2026-08-25T09:19:17.000Z</time>
        <extensions>
          <ns3:TrackPointExtension>
            <ns3:hr>144</ns3:hr>
            <ns3:cad>80</ns3:cad>
          </ns3:TrackPointExtension>
        </extensions>
      </trkpt>
      <trkpt lat="35.76639513485133647918701171875" lon="139.5499771647155284881591796875">
        <ele>38.200000762939453125</ele>
        <time>2026-08-25T09:19:18.000Z</time>
        <extensions>
          <ns3:TrackPointExtension>
            <ns3:hr>144</ns3:hr>
            <ns3:cad>80</ns3:cad>
          </ns3:TrackPointExtension>
        </extensions>
      </trkpt>
      <trkpt lat="35.76638390310108661651611328125" lon="139.549959562718868255615234375">
        <ele>38.200000762939453125</ele>
        <time>2026-08-25T09:19:19.000Z</time>
        <extensions>
          <ns3:TrackPointExtension>
            <ns3:hr>143</ns3:hr>
            <ns3:cad>81</ns3:cad>
          </ns3:TrackPointExtension>
        </extensions>
      </trkpt>
      <trkpt lat="35.76636630110442638397216796875" lon="139.54994187690317630767822265625">
        <ele>38.200000762939453125</ele>
        <time>2026-08-25T09:19:20.000Z</time>
        <extensions>
          <ns3:TrackPointExtension>
            <ns3:hr>143</ns3:hr>
            <ns3:cad>81</ns3:cad>
          </ns3:TrackPointExtension>
        </extensions>
      </trkpt>
      <trkpt lat="35.76635339297354221343994140625" lon="139.5499238558113574981689453125">
        <ele>38.200000762939453125</ele>
        <time>2026-08-25T09:19:21.000Z</time>
        <extensions>
          <ns3:TrackPointExtension>
            <ns3:hr>143</ns3:hr>
            <ns3:cad>81</ns3:cad>
          </ns3:TrackPointExtension>
        </extensions>
      </trkpt>
      <trkpt lat="35.76634165830910205841064453125" lon="139.5498997159302234649658203125">
        <ele>38.200000762939453125</ele>
        <time>2026-08-25T09:19:22.000Z</time>
        <extensions>
          <ns3:TrackPointExtension>
            <ns3:hr>143</ns3:hr>
            <ns3:cad>80</ns3:cad>
          </ns3:TrackPointExtension>
        </extensions>
      </trkpt>
      <trkpt lat="35.76633453369140625" lon="139.5498685352504253387451171875">
        <ele>38.200000762939453125</ele>
        <time>2026-08-25T09:19:23.000Z</time>
        <extensions>
          <ns3:TrackPointExtension>
            <ns3:hr>143</ns3:hr>
            <ns3:cad>80</ns3:cad>
          </ns3:TrackPointExtension>
        </extensions>
      </trkpt>
      <trkpt lat="35.76632556505501270294189453125" lon="139.5498383603990077972412109375">
        <ele>38.200000762939453125</ele>
        <time>2026-08-25T09:19:24.000Z</time>
        <extensions>
          <ns3:TrackPointExtension>
            <ns3:hr>143</ns3:hr>
            <ns3:cad>80</ns3:cad>
          </ns3:TrackPointExtension>
        </extensions>
      </trkpt>
      <trkpt lat="35.76631642878055572509765625" lon="139.5498165674507617950439453125">
        <ele>38.200000762939453125</ele>
        <time>2026-08-25T09:19:25.000Z</time>
        <extensions>
          <ns3:TrackPointExtension>
            <ns3:hr>143</ns3:hr>
            <ns3:cad>81</ns3:cad>
          </ns3:TrackPointExtension>
        </extensions>
      </trkpt>
      <trkpt lat="35.76631064526736736297607421875" lon="139.54979083500802516937255859375">
        <ele>38.200000762939453125</ele>
        <time>2026-08-25T09:19:26.000Z</time>
        <extensions>
          <ns3:TrackPointExtension>
            <ns3:hr>143</ns3:hr>
            <ns3:cad>81</ns3:cad>
          </ns3:TrackPointExtension>
        </extensions>
      </trkpt>
      <trkpt lat="35.76630092225968837738037109375" lon="139.5497709698975086212158203125">
        <ele>38.200000762939453125</ele>
        <time>2026-08-25T09:19:27.000Z</time>
        <extensions>
          <ns3:TrackPointExtension>
            <ns3:hr>143</ns3:hr>
            <ns3:cad>81</ns3:cad>
          </ns3:TrackPointExtension>
        </extensions>
      </trkpt>
      <trkpt lat="35.7662911154329776763916015625" lon="139.5497505180537700653076171875">
        <ele>38.40000152587890625</ele>
        <time>2026-08-25T09:19:28.000Z</time>
        <extensions>
          <ns3:TrackPointExtension>
            <ns3:hr>143</ns3:hr>
            <ns3:cad>82</ns3:cad>
          </ns3:TrackPointExtension>
        </extensions>
      </trkpt>
      <trkpt lat="35.7662777043879032135009765625" lon="139.54973216168582439422607421875">
        <ele>38.40000152587890625</ele>
        <time>2026-08-25T09:19:29.000Z</time>
        <extensions>
          <ns3:TrackPointExtension>
            <ns3:hr>143</ns3:hr>
            <ns3:cad>82</ns3:cad>
          </ns3:TrackPointExtension>
        </extensions>
      </trkpt>
      <trkpt lat="35.76626370660960674285888671875" lon="139.54971523024141788482666015625">
        <ele>38.40000152587890625</ele>
        <time>2026-08-25T09:19:30.000Z</time>
        <extensions>
          <ns3:TrackPointExtension>
            <ns3:hr>144</ns3:hr>
            <ns3:cad>83</ns3:cad>
          </ns3:TrackPointExtension>
        </extensions>
      </trkpt>
      <trkpt lat="35.76624576933681964874267578125" lon="139.54969930462539196014404296875">
        <ele>38.40000152587890625</ele>
        <time>2026-08-25T09:19:31.000Z</time>
        <extensions>
          <ns3:TrackPointExtension>
            <ns3:hr>144</ns3:hr>
            <ns3:cad>83</ns3:cad>
          </ns3:TrackPointExtension>
        </extensions>
      </trkpt>
      <trkpt lat="35.76622867025434970855712890625" lon="139.54968404956161975860595703125">
        <ele>38.40000152587890625</ele>
        <time>2026-08-25T09:19:32.000Z</time>
        <extensions>
          <ns3:TrackPointExtension>
            <ns3:hr>145</ns3:hr>
            <ns3:cad>83</ns3:cad>
          </ns3:TrackPointExtension>
        </extensions>
      </trkpt>
      <trkpt lat="35.76621626503765583038330078125" lon="139.54966460354626178741455078125">
        <ele>38.40000152587890625</ele>
        <time>2026-08-25T09:19:33.000Z</time>
        <extensions>
          <ns3:TrackPointExtension>
            <ns3:hr>145</ns3:hr>
            <ns3:cad>83</ns3:cad>
          </ns3:TrackPointExtension>
        </extensions>
      </trkpt>
      <trkpt lat="35.766208469867706298828125" lon="139.54964448697865009307861328125">
        <ele>38.40000152587890625</ele>
        <time>2026-08-25T09:19:34.000Z</time>
        <extensions>
          <ns3:TrackPointExtension>
            <ns3:hr>145</ns3:hr>
            <ns3:cad>83</ns3:cad>
          </ns3:TrackPointExtension>
        </extensions>
      </trkpt>
      <trkpt lat="35.76620017178356647491455078125" lon="139.5496259629726409912109375">
        <ele>38.40000152587890625</ele>
        <time>2026-08-25T09:19:35.000Z</time>
        <extensions>
          <ns3:TrackPointExtension>
            <ns3:hr>146</ns3:hr>
            <ns3:cad>83</ns3:cad>
          </ns3:TrackPointExtension>
        </extensions>
      </trkpt>
      <trkpt lat="35.7661898620426654815673828125" lon="139.54960676841437816619873046875">
        <ele>38.40000152587890625</ele>
        <time>2026-08-25T09:19:36.000Z</time>
        <extensions>
          <ns3:TrackPointExtension>
            <ns3:hr>146</ns3:hr>
            <ns3:cad>83</ns3:cad>
          </ns3:TrackPointExtension>
        </extensions>
      </trkpt>
      <trkpt lat="35.7661767862737178802490234375" lon="139.54958883114159107208251953125">
        <ele>38.40000152587890625</ele>
        <time>2026-08-25T09:19:37.000Z</time>
        <extensions>
          <ns3:TrackPointExtension>
            <ns3:hr>146</ns3:hr>
            <ns3:cad>83</ns3:cad>
          </ns3:TrackPointExtension>
        </extensions>
      </trkpt>
      <trkpt lat="35.76615951955318450927734375" lon="139.54957391135394573211669921875">
        <ele>38.40000152587890625</ele>
        <time>2026-08-25T09:19:38.000Z</time>
        <extensions>
          <ns3:TrackPointExtension>
            <ns3:hr>146</ns3:hr>
            <ns3:cad>82</ns3:cad>
          </ns3:TrackPointExtension>
        </extensions>
      </trkpt>
      <trkpt lat="35.76614837162196636199951171875" lon="139.54955513589084148406982421875">
        <ele>38.40000152587890625</ele>
        <time>2026-08-25T09:19:39.000Z</time>
        <extensions>
          <ns3:TrackPointExtension>
            <ns3:hr>146</ns3:hr>
            <ns3:cad>82</ns3:cad>
          </ns3:TrackPointExtension>
        </extensions>
      </trkpt>
      <trkpt lat="35.76614283956587314605712890625" lon="139.5495347678661346435546875">
        <ele>38.40000152587890625</ele>
        <time>2026-08-25T09:19:40.000Z</time>
        <extensions>
          <ns3:TrackPointExtension>
            <ns3:hr>146</ns3:hr>
            <ns3:cad>82</ns3:cad>
          </ns3:TrackPointExtension>
        </extensions>
      </trkpt>
      <trkpt lat="35.76612791977822780609130859375" lon="139.54952630214393138885498046875">
        <ele>38.40000152587890625</ele>
        <time>2026-08-25T09:19:41.000Z</time>
        <extensions>
          <ns3:TrackPointExtension>
            <ns3:hr>146</ns3:hr>
            <ns3:cad>82</ns3:cad>
          </ns3:TrackPointExtension>
        </extensions>
      </trkpt>
      <trkpt lat="35.76611459255218505859375" lon="139.549515657126903533935546875">
        <ele>38.40000152587890625</ele>
        <time>2026-08-25T09:19:42.000Z</time>
        <extensions>
          <ns3:TrackPointExtension>
            <ns3:hr>146</ns3:hr>
            <ns3:cad>82</ns3:cad>
          </ns3:TrackPointExtension>
        </extensions>
      </trkpt>
      <trkpt lat="35.76610109768807888031005859375" lon="139.5495025813579559326171875">
        <ele>38.40000152587890625</ele>
        <time>2026-08-25T09:19:43.000Z</time>
        <extensions>
          <ns3:TrackPointExtension>
            <ns3:hr>146</ns3:hr>
            <ns3:cad>84</ns3:cad>
          </ns3:TrackPointExtension>
        </extensions>
      </trkpt>
      <trkpt lat="35.76608852483332157135009765625" lon="139.5494839735329151153564453125">
        <ele>38.40000152587890625</ele>
        <time>2026-08-25T09:19:44.000Z</time>
        <extensions>
          <ns3:TrackPointExtension>
            <ns3:hr>147</ns3:hr>
            <ns3:cad>84</ns3:cad>
          </ns3:TrackPointExtension>
        </extensions>
      </trkpt>
      <trkpt lat="35.7660758681595325469970703125" lon="139.54946729354560375213623046875">
        <ele>38.40000152587890625</ele>
        <time>2026-08-25T09:19:45.000Z</time>
        <extensions>
          <ns3:TrackPointExtension>
            <ns3:hr>147</ns3:hr>
            <ns3:cad>84</ns3:cad>
          </ns3:TrackPointExtension>
        </extensions>
      </trkpt>
      <trkpt lat="35.766067989170551300048828125" lon="139.549448601901531219482421875">
        <ele>38.40000152587890625</ele>
        <time>2026-08-25T09:19:46.000Z</time>
        <extensions>
          <ns3:TrackPointExtension>
            <ns3:hr>147</ns3:hr>
            <ns3:cad>84</ns3:cad>
          </ns3:TrackPointExtension>
        </extensions>
      </trkpt>
      <trkpt lat="35.76605097390711307525634765625" lon="139.54943309538066387176513671875">
        <ele>38.40000152587890625</ele>
        <time>2026-08-25T09:19:47.000Z</time>
        <extensions>
          <ns3:TrackPointExtension>
            <ns3:hr>147</ns3:hr>
            <ns3:cad>81</ns3:cad>
          </ns3:TrackPointExtension>
        </extensions>
      </trkpt>
      <trkpt lat="35.7660399936139583587646484375" lon="139.54942219890654087066650390625">
        <ele>38.40000152587890625</ele>
        <time>2026-08-25T09:19:48.000Z</time>
        <extensions>
          <ns3:TrackPointExtension>
            <ns3:hr>148</ns3:hr>
            <ns3:cad>81</ns3:cad>
          </ns3:TrackPointExtension>
        </extensions>
      </trkpt>
      <trkpt lat="35.766027085483074188232421875" lon="139.54941029660403728485107421875">
        <ele>38.40000152587890625</ele>
        <time>2026-08-25T09:19:49.000Z</time>
        <extensions>
          <ns3:TrackPointExtension>
            <ns3:hr>148</ns3:hr>
            <ns3:cad>81</ns3:cad>
          </ns3:TrackPointExtension>
        </extensions>
      </trkpt>
      <trkpt lat="35.76601040549576282501220703125" lon="139.54939990304410457611083984375">
        <ele>38.40000152587890625</ele>
        <time>2026-08-25T09:19:50.000Z</time>
        <extensions>
          <ns3:TrackPointExtension>
            <ns3:hr>148</ns3:hr>
            <ns3:cad>82</ns3:cad>
          </ns3:TrackPointExtension>
        </extensions>
      </trkpt>
      <trkpt lat="35.76599481515586376190185546875" lon="139.54938682727515697479248046875">
        <ele>38.40000152587890625</ele>
        <time>2026-08-25T09:19:51.000Z</time>
        <extensions>
          <ns3:TrackPointExtension>
            <ns3:hr>148</ns3:hr>
            <ns3:cad>82</ns3:cad>
          </ns3:TrackPointExtension>
        </extensions>
      </trkpt>
      <trkpt lat="35.765977464616298675537109375" lon="139.54937207512557506561279296875">
        <ele>38.40000152587890625</ele>
        <time>2026-08-25T09:19:52.000Z</time>
        <extensions>
          <ns3:TrackPointExtension>
            <ns3:hr>148</ns3:hr>
            <ns3:cad>82</ns3:cad>
          </ns3:TrackPointExtension>
        </extensions>
      </trkpt>
      <trkpt lat="35.76595843769609928131103515625" lon="139.54936117865145206451416015625">
        <ele>38.40000152587890625</ele>
        <time>2026-08-25T09:19:53.000Z</time>
        <extensions>
          <ns3:TrackPointExtension>
            <ns3:hr>148</ns3:hr>
            <ns3:cad>82</ns3:cad>
          </ns3:TrackPointExtension>
        </extensions>
      </trkpt>
      <trkpt lat="35.765940248966217041015625" lon="139.549348689615726470947265625">
        <ele>38.40000152587890625</ele>
        <time>2026-08-25T09:19:54.000Z</time>
        <extensions>
          <ns3:TrackPointExtension>
            <ns3:hr>148</ns3:hr>
            <ns3:cad>82</ns3:cad>
          </ns3:TrackPointExtension>
        </extensions>
      </trkpt>
      <trkpt lat="35.7659236527979373931884765625" lon="139.549335278570652008056640625">
        <ele>38.40000152587890625</ele>
        <time>2026-08-25T09:19:55.000Z</time>
        <extensions>
          <ns3:TrackPointExtension>
            <ns3:hr>148</ns3:hr>
            <ns3:cad>83</ns3:cad>
          </ns3:TrackPointExtension>
        </extensions>
      </trkpt>
      <trkpt lat="35.76590630225837230682373046875" lon="139.54932195134460926055908203125">
        <ele>38.59999847412109375</ele>
        <time>2026-08-25T09:19:56.000Z</time>
        <extensions>
          <ns3:TrackPointExtension>
            <ns3:hr>148</ns3:hr>
            <ns3:cad>82</ns3:cad>
          </ns3:TrackPointExtension>
        </extensions>
      </trkpt>
      <trkpt lat="35.76589238829910755157470703125" lon="139.54930585809051990509033203125">
        <ele>38.59999847412109375</ele>
        <time>2026-08-25T09:19:57.000Z</time>
        <extensions>
          <ns3:TrackPointExtension>
            <ns3:hr>148</ns3:hr>
            <ns3:cad>82</ns3:cad>
          </ns3:TrackPointExtension>
        </extensions>
      </trkpt>
      <trkpt lat="35.76587520539760589599609375" lon="139.54929412342607975006103515625">
        <ele>38.59999847412109375</ele>
        <time>2026-08-25T09:19:58.000Z</time>
        <extensions>
          <ns3:TrackPointExtension>
            <ns3:hr>148</ns3:hr>
            <ns3:cad>82</ns3:cad>
          </ns3:TrackPointExtension>
        </extensions>
      </trkpt>
      <trkpt lat="35.76585651375353336334228515625" lon="139.5492839813232421875">
        <ele>38.59999847412109375</ele>
        <time>2026-08-25T09:19:59.000Z</time>
        <extensions>
          <ns3:TrackPointExtension>
            <ns3:hr>149</ns3:hr>
            <ns3:cad>83</ns3:cad>
          </ns3:TrackPointExtension>
        </extensions>
      </trkpt>
      <trkpt lat="35.765837319195270538330078125" lon="139.54927316866815090179443359375">
        <ele>38.59999847412109375</ele>
        <time>2026-08-25T09:20:00.000Z</time>
        <extensions>
          <ns3:TrackPointExtension>
            <ns3:hr>149</ns3:hr>
            <ns3:cad>83</ns3:cad>
          </ns3:TrackPointExtension>
        </extensions>
      </trkpt>
      <trkpt lat="35.7657972536981105804443359375" lon="139.549251459538936614990234375">
        <ele>38.59999847412109375</ele>
        <time>2026-08-25T09:20:01.000Z</time>
        <extensions>
          <ns3:TrackPointExtension>
            <ns3:hr>149</ns3:hr>
            <ns3:cad>82</ns3:cad>
          </ns3:TrackPointExtension>
        </extensions>
      </trkpt>
      <trkpt lat="35.7657972536981105804443359375" lon="139.549251459538936614990234375">
        <ele>38.59999847412109375</ele>
        <time>2026-08-25T09:20:02.000Z</time>
        <extensions>
          <ns3:TrackPointExtension>
            <ns3:hr>149</ns3:hr>
            <ns3:cad>82</ns3:cad>
          </ns3:TrackPointExtension>
        </extensions>
      </trkpt>
      <trkpt lat="35.765776298940181732177734375" lon="139.54924131743609905242919921875">
        <ele>38.59999847412109375</ele>
        <time>2026-08-25T09:20:03.000Z</time>
        <extensions>
          <ns3:TrackPointExtension>
            <ns3:hr>149</ns3:hr>
            <ns3:cad>82</ns3:cad>
          </ns3:TrackPointExtension>
        </extensions>
      </trkpt>
      <trkpt lat="35.76575526036322116851806640625" lon="139.54923494718968868255615234375">
        <ele>38.59999847412109375</ele>
        <time>2026-08-25T09:20:04.000Z</time>
        <extensions>
          <ns3:TrackPointExtension>
            <ns3:hr>149</ns3:hr>
            <ns3:cad>82</ns3:cad>
          </ns3:TrackPointExtension>
        </extensions>
      </trkpt>
      <trkpt lat="35.7657350599765777587890625" lon="139.54922975040972232818603515625">
        <ele>38.59999847412109375</ele>
        <time>2026-08-25T09:20:05.000Z</time>
        <extensions>
          <ns3:TrackPointExtension>
            <ns3:hr>149</ns3:hr>
            <ns3:cad>82</ns3:cad>
          </ns3:TrackPointExtension>
        </extensions>
      </trkpt>
      <trkpt lat="35.76571268029510974884033203125" lon="139.549220614135265350341796875">
        <ele>38.59999847412109375</ele>
        <time>2026-08-25T09:20:06.000Z</time>
        <extensions>
          <ns3:TrackPointExtension>
            <ns3:hr>149</ns3:hr>
            <ns3:cad>82</ns3:cad>
          </ns3:TrackPointExtension>
        </extensions>
      </trkpt>
      <trkpt lat="35.76569683849811553955078125" lon="139.54920862801373004913330078125">
        <ele>38.59999847412109375</ele>
        <time>2026-08-25T09:20:07.000Z</time>
        <extensions>
          <ns3:TrackPointExtension>
            <ns3:hr>149</ns3:hr>
            <ns3:cad>82</ns3:cad>
          </ns3:TrackPointExtension>
        </extensions>
      </trkpt>
      <trkpt lat="35.76568066142499446868896484375" lon="139.54919169656932353973388671875">
        <ele>38.59999847412109375</ele>
        <time>2026-08-25T09:20:08.000Z</time>
        <extensions>
          <ns3:TrackPointExtension>
            <ns3:hr>149</ns3:hr>
            <ns3:cad>82</ns3:cad>
          </ns3:TrackPointExtension>
        </extensions>
      </trkpt>
      <trkpt lat="35.76565450988709926605224609375" lon="139.54918364994227886199951171875">
        <ele>38.59999847412109375</ele>
        <time>2026-08-25T09:20:09.000Z</time>
        <extensions>
          <ns3:TrackPointExtension>
            <ns3:hr>149</ns3:hr>
            <ns3:cad>82</ns3:cad>
          </ns3:TrackPointExtension>
        </extensions>
      </trkpt>
      <trkpt lat="35.76563305221498012542724609375" lon="139.5491708256304264068603515625">
        <ele>38.799999237060546875</ele>
        <time>2026-08-25T09:20:10.000Z</time>
        <extensions>
          <ns3:TrackPointExtension>
            <ns3:hr>149</ns3:hr>
            <ns3:cad>82</ns3:cad>
          </ns3:TrackPointExtension>
        </extensions>
      </trkpt>
      <trkpt lat="35.76561712659895420074462890625" lon="139.5491597615182399749755859375">
        <ele>38.799999237060546875</ele>
        <time>2026-08-25T09:20:11.000Z</time>
        <extensions>
          <ns3:TrackPointExtension>
            <ns3:hr>149</ns3:hr>
            <ns3:cad>82</ns3:cad>
          </ns3:TrackPointExtension>
        </extensions>
      </trkpt>
      <trkpt lat="35.765597932040691375732421875" lon="139.5491543971002101898193359375">
        <ele>38.799999237060546875</ele>
        <time>2026-08-25T09:20:12.000Z</time>
        <extensions>
          <ns3:TrackPointExtension>
            <ns3:hr>149</ns3:hr>
            <ns3:cad>82</ns3:cad>
          </ns3:TrackPointExtension>
        </extensions>
      </trkpt>
      <trkpt lat="35.76557354070246219635009765625" lon="139.549141824245452880859375">
        <ele>38.799999237060546875</ele>
        <time>2026-08-25T09:20:13.000Z</time>
        <extensions>
          <ns3:TrackPointExtension>
            <ns3:hr>150</ns3:hr>
            <ns3:cad>82</ns3:cad>
          </ns3:TrackPointExtension>
        </extensions>
      </trkpt>
      <trkpt lat="35.76555778272449970245361328125" lon="139.5491279102861881256103515625">
        <ele>38.799999237060546875</ele>
        <time>2026-08-25T09:20:14.000Z</time>
        <extensions>
          <ns3:TrackPointExtension>
            <ns3:hr>150</ns3:hr>
            <ns3:cad>83</ns3:cad>
          </ns3:TrackPointExtension>
        </extensions>
      </trkpt>
      <trkpt lat="35.76554386876523494720458984375" lon="139.54911340959370136260986328125">
        <ele>38.799999237060546875</ele>
        <time>2026-08-25T09:20:15.000Z</time>
        <extensions>
          <ns3:TrackPointExtension>
            <ns3:hr>150</ns3:hr>
            <ns3:cad>84</ns3:cad>
          </ns3:TrackPointExtension>
        </extensions>
      </trkpt>
      <trkpt lat="35.7655303739011287689208984375" lon="139.54909748397767543792724609375">
        <ele>38.799999237060546875</ele>
        <time>2026-08-25T09:20:16.000Z</time>
        <extensions>
          <ns3:TrackPointExtension>
            <ns3:hr>150</ns3:hr>
            <ns3:cad>84</ns3:cad>
          </ns3:TrackPointExtension>
        </extensions>
      </trkpt>
      <trkpt lat="35.765521489083766937255859375" lon="139.54908239655196666717529296875">
        <ele>38.799999237060546875</ele>
        <time>2026-08-25T09:20:17.000Z</time>
        <extensions>
          <ns3:TrackPointExtension>
            <ns3:hr>150</ns3:hr>
            <ns3:cad>83</ns3:cad>
          </ns3:TrackPointExtension>
        </extensions>
      </trkpt>
      <trkpt lat="35.7655102573335170745849609375" lon="139.54906362108886241912841796875">
        <ele>38.799999237060546875</ele>
        <time>2026-08-25T09:20:18.000Z</time>
        <extensions>
          <ns3:TrackPointExtension>
            <ns3:hr>150</ns3:hr>
            <ns3:cad>83</ns3:cad>
          </ns3:TrackPointExtension>
        </extensions>
      </trkpt>
      <trkpt lat="35.76549240387976169586181640625" lon="139.54904551617801189422607421875">
        <ele>38.799999237060546875</ele>
        <time>2026-08-25T09:20:19.000Z</time>
        <extensions>
          <ns3:TrackPointExtension>
            <ns3:hr>150</ns3:hr>
            <ns3:cad>83</ns3:cad>
          </ns3:TrackPointExtension>
        </extensions>
      </trkpt>
      <trkpt lat="35.765475891530513763427734375" lon="139.54903428442776203155517578125">
        <ele>38.799999237060546875</ele>
        <time>2026-08-25T09:20:20.000Z</time>
        <extensions>
          <ns3:TrackPointExtension>
            <ns3:hr>150</ns3:hr>
            <ns3:cad>83</ns3:cad>
          </ns3:TrackPointExtension>
        </extensions>
      </trkpt>
      <trkpt lat="35.765460468828678131103515625" lon="139.54902221448719501495361328125">
        <ele>38.59999847412109375</ele>
        <time>2026-08-25T09:20:21.000Z</time>
        <extensions>
          <ns3:TrackPointExtension>
            <ns3:hr>150</ns3:hr>
            <ns3:cad>83</ns3:cad>
          </ns3:TrackPointExtension>
        </extensions>
      </trkpt>
      <trkpt lat="35.76544412411749362945556640625" lon="139.54900880344212055206298828125">
        <ele>38.59999847412109375</ele>
        <time>2026-08-25T09:20:22.000Z</time>
        <extensions>
          <ns3:TrackPointExtension>
            <ns3:hr>149</ns3:hr>
            <ns3:cad>83</ns3:cad>
          </ns3:TrackPointExtension>
        </extensions>
      </trkpt>
      <trkpt lat="35.76542601920664310455322265625" lon="139.54899765551090240478515625">
        <ele>38.59999847412109375</ele>
        <time>2026-08-25T09:20:23.000Z</time>
        <extensions>
          <ns3:TrackPointExtension>
            <ns3:hr>149</ns3:hr>
            <ns3:cad>82</ns3:cad>
          </ns3:TrackPointExtension>
        </extensions>
      </trkpt>
      <trkpt lat="35.7654083333909511566162109375" lon="139.54898650757968425750732421875">
        <ele>38.59999847412109375</ele>
        <time>2026-08-25T09:20:24.000Z</time>
        <extensions>
          <ns3:TrackPointExtension>
            <ns3:hr>149</ns3:hr>
            <ns3:cad>82</ns3:cad>
          </ns3:TrackPointExtension>
        </extensions>
      </trkpt>
      <trkpt lat="35.765391401946544647216796875" lon="139.5489770360291004180908203125">
        <ele>38.59999847412109375</ele>
        <time>2026-08-25T09:20:25.000Z</time>
        <extensions>
          <ns3:TrackPointExtension>
            <ns3:hr>149</ns3:hr>
            <ns3:cad>82</ns3:cad>
          </ns3:TrackPointExtension>
        </extensions>
      </trkpt>
      <trkpt lat="35.76537338085472583770751953125" lon="139.54896857030689716339111328125">
        <ele>38.59999847412109375</ele>
        <time>2026-08-25T09:20:26.000Z</time>
        <extensions>
          <ns3:TrackPointExtension>
            <ns3:hr>149</ns3:hr>
            <ns3:cad>82</ns3:cad>
          </ns3:TrackPointExtension>
        </extensions>
      </trkpt>
      <trkpt lat="35.765357203781604766845703125" lon="139.54896085895597934722900390625">
        <ele>38.59999847412109375</ele>
        <time>2026-08-25T09:20:27.000Z</time>
        <extensions>
          <ns3:TrackPointExtension>
            <ns3:hr>148</ns3:hr>
            <ns3:cad>82</ns3:cad>
          </ns3:TrackPointExtension>
        </extensions>
      </trkpt>
      <trkpt lat="35.765339769423007965087890625" lon="139.54895080067217350006103515625">
        <ele>38.59999847412109375</ele>
        <time>2026-08-25T09:20:28.000Z</time>
        <extensions>
          <ns3:TrackPointExtension>
            <ns3:hr>148</ns3:hr>
            <ns3:cad>82</ns3:cad>
          </ns3:TrackPointExtension>
        </extensions>
      </trkpt>
      <trkpt lat="35.7653214968740940093994140625" lon="139.54893873073160648345947265625">
        <ele>38.799999237060546875</ele>
        <time>2026-08-25T09:20:29.000Z</time>
        <extensions>
          <ns3:TrackPointExtension>
            <ns3:hr>148</ns3:hr>
            <ns3:cad>82</ns3:cad>
          </ns3:TrackPointExtension>
        </extensions>
      </trkpt>
      <trkpt lat="35.76530397869646549224853515625" lon="139.54892783425748348236083984375">
        <ele>38.799999237060546875</ele>
        <time>2026-08-25T09:20:30.000Z</time>
        <extensions>
          <ns3:TrackPointExtension>
            <ns3:hr>147</ns3:hr>
            <ns3:cad>83</ns3:cad>
          </ns3:TrackPointExtension>
        </extensions>
      </trkpt>
      <trkpt lat="35.7652852870523929595947265625" lon="139.54891450703144073486328125">
        <ele>38.799999237060546875</ele>
        <time>2026-08-25T09:20:31.000Z</time>
        <extensions>
          <ns3:TrackPointExtension>
            <ns3:hr>147</ns3:hr>
            <ns3:cad>84</ns3:cad>
          </ns3:TrackPointExtension>
        </extensions>
      </trkpt>
      <trkpt lat="35.76526743359863758087158203125" lon="139.548900425434112548828125">
        <ele>38.799999237060546875</ele>
        <time>2026-08-25T09:20:32.000Z</time>
        <extensions>
          <ns3:TrackPointExtension>
            <ns3:hr>147</ns3:hr>
            <ns3:cad>84</ns3:cad>
          </ns3:TrackPointExtension>
        </extensions>
      </trkpt>
      <trkpt lat="35.76524966396391391754150390625" lon="139.548887349665164947509765625">
        <ele>38.799999237060546875</ele>
        <time>2026-08-25T09:20:33.000Z</time>
        <extensions>
          <ns3:TrackPointExtension>
            <ns3:hr>146</ns3:hr>
            <ns3:cad>84</ns3:cad>
          </ns3:TrackPointExtension>
        </extensions>
      </trkpt>
      <trkpt lat="35.76523206196725368499755859375" lon="139.54887150786817073822021484375">
        <ele>38.799999237060546875</ele>
        <time>2026-08-25T09:20:34.000Z</time>
        <extensions>
          <ns3:TrackPointExtension>
            <ns3:hr>146</ns3:hr>
            <ns3:cad>84</ns3:cad>
          </ns3:TrackPointExtension>
        </extensions>
      </trkpt>
      <trkpt lat="35.76521496288478374481201171875" lon="139.548859857022762298583984375">
        <ele>38.799999237060546875</ele>
        <time>2026-08-25T09:20:35.000Z</time>
        <extensions>
          <ns3:TrackPointExtension>
            <ns3:hr>146</ns3:hr>
            <ns3:cad>84</ns3:cad>
          </ns3:TrackPointExtension>
        </extensions>
      </trkpt>
      <trkpt lat="35.76519601978361606597900390625" lon="139.54885005019605159759521484375">
        <ele>38.799999237060546875</ele>
        <time>2026-08-25T09:20:36.000Z</time>
        <extensions>
          <ns3:TrackPointExtension>
            <ns3:hr>146</ns3:hr>
            <ns3:cad>84</ns3:cad>
          </ns3:TrackPointExtension>
        </extensions>
      </trkpt>
      <trkpt lat="35.76517514884471893310546875" lon="139.54883965663611888885498046875">
        <ele>38.799999237060546875</ele>
        <time>2026-08-25T09:20:37.000Z</time>
        <extensions>
          <ns3:TrackPointExtension>
            <ns3:hr>146</ns3:hr>
            <ns3:cad>84</ns3:cad>
          </ns3:TrackPointExtension>
        </extensions>
      </trkpt>
      <trkpt lat="35.765156708657741546630859375" lon="139.54882909543812274932861328125">
        <ele>38.799999237060546875</ele>
        <time>2026-08-25T09:20:38.000Z</time>
        <extensions>
          <ns3:TrackPointExtension>
            <ns3:hr>146</ns3:hr>
            <ns3:cad>84</ns3:cad>
          </ns3:TrackPointExtension>
        </extensions>
      </trkpt>
      <trkpt lat="35.76513986103236675262451171875" lon="139.54881551675498485565185546875">
        <ele>38.799999237060546875</ele>
        <time>2026-08-25T09:20:39.000Z</time>
        <extensions>
          <ns3:TrackPointExtension>
            <ns3:hr>146</ns3:hr>
            <ns3:cad>84</ns3:cad>
          </ns3:TrackPointExtension>
        </extensions>
      </trkpt>
      <trkpt lat="35.76512292958796024322509765625" lon="139.54880042932927608489990234375">
        <ele>38.799999237060546875</ele>
        <time>2026-08-25T09:20:40.000Z</time>
        <extensions>
          <ns3:TrackPointExtension>
            <ns3:hr>146</ns3:hr>
            <ns3:cad>84</ns3:cad>
          </ns3:TrackPointExtension>
        </extensions>
      </trkpt>
      <trkpt lat="35.7651047408580780029296875" lon="139.5487815700471401214599609375">
        <ele>38.799999237060546875</ele>
        <time>2026-08-25T09:20:41.000Z</time>
        <extensions>
          <ns3:TrackPointExtension>
            <ns3:hr>146</ns3:hr>
            <ns3:cad>84</ns3:cad>
          </ns3:TrackPointExtension>
        </extensions>
      </trkpt>
      <trkpt lat="35.76508504338562488555908203125" lon="139.5487658120691776275634765625">
        <ele>38.799999237060546875</ele>
        <time>2026-08-25T09:20:42.000Z</time>
        <extensions>
          <ns3:TrackPointExtension>
            <ns3:hr>146</ns3:hr>
            <ns3:cad>84</ns3:cad>
          </ns3:TrackPointExtension>
        </extensions>
      </trkpt>
      <trkpt lat="35.76506878249347209930419921875" lon="139.54874862916767597198486328125">
        <ele>38.799999237060546875</ele>
        <time>2026-08-25T09:20:43.000Z</time>
        <extensions>
          <ns3:TrackPointExtension>
            <ns3:hr>146</ns3:hr>
            <ns3:cad>83</ns3:cad>
          </ns3:TrackPointExtension>
        </extensions>
      </trkpt>
      <trkpt lat="35.7650549523532390594482421875" lon="139.5487275905907154083251953125">
        <ele>38.799999237060546875</ele>
        <time>2026-08-25T09:20:44.000Z</time>
        <extensions>
          <ns3:TrackPointExtension>
            <ns3:hr>146</ns3:hr>
            <ns3:cad>82</ns3:cad>
          </ns3:TrackPointExtension>
        </extensions>
      </trkpt>
      <trkpt lat="35.76504196040332317352294921875" lon="139.54870806075632572174072265625">
        <ele>38.799999237060546875</ele>
        <time>2026-08-25T09:20:45.000Z</time>
        <extensions>
          <ns3:TrackPointExtension>
            <ns3:hr>146</ns3:hr>
            <ns3:cad>82</ns3:cad>
          </ns3:TrackPointExtension>
        </extensions>
      </trkpt>
      <trkpt lat="35.76502888463437557220458984375" lon="139.54868777655065059661865234375">
        <ele>38.799999237060546875</ele>
        <time>2026-08-25T09:20:46.000Z</time>
        <extensions>
          <ns3:TrackPointExtension>
            <ns3:hr>146</ns3:hr>
            <ns3:cad>82</ns3:cad>
          </ns3:TrackPointExtension>
        </extensions>
      </trkpt>
      <trkpt lat="35.7650162279605865478515625" lon="139.54866765998303890228271484375">
        <ele>38.799999237060546875</ele>
        <time>2026-08-25T09:20:47.000Z</time>
        <extensions>
          <ns3:TrackPointExtension>
            <ns3:hr>146</ns3:hr>
            <ns3:cad>83</ns3:cad>
          </ns3:TrackPointExtension>
        </extensions>
      </trkpt>
      <trkpt lat="35.7650046609342098236083984375" lon="139.54865173436701297760009765625">
        <ele>38.799999237060546875</ele>
        <time>2026-08-25T09:20:48.000Z</time>
        <extensions>
          <ns3:TrackPointExtension>
            <ns3:hr>146</ns3:hr>
            <ns3:cad>83</ns3:cad>
          </ns3:TrackPointExtension>
        </extensions>
      </trkpt>
      <trkpt lat="35.76498814858496189117431640625" lon="139.54863647930324077606201171875">
        <ele>38.799999237060546875</ele>
        <time>2026-08-25T09:20:49.000Z</time>
        <extensions>
          <ns3:TrackPointExtension>
            <ns3:hr>146</ns3:hr>
            <ns3:cad>83</ns3:cad>
          </ns3:TrackPointExtension>
        </extensions>
      </trkpt>
      <trkpt lat="35.7649704627692699432373046875" lon="139.54862122423946857452392578125">
        <ele>38.799999237060546875</ele>
        <time>2026-08-25T09:20:50.000Z</time>
        <extensions>
          <ns3:TrackPointExtension>
            <ns3:hr>146</ns3:hr>
            <ns3:cad>83</ns3:cad>
          </ns3:TrackPointExtension>
        </extensions>
      </trkpt>
      <trkpt lat="35.7649518549442291259765625" lon="139.54860831610858440399169921875">
        <ele>38.799999237060546875</ele>
        <time>2026-08-25T09:20:51.000Z</time>
        <extensions>
          <ns3:TrackPointExtension>
            <ns3:hr>146</ns3:hr>
            <ns3:cad>83</ns3:cad>
          </ns3:TrackPointExtension>
        </extensions>
      </trkpt>
      <trkpt lat="35.7649386115372180938720703125" lon="139.5485914684832096099853515625">
        <ele>38.799999237060546875</ele>
        <time>2026-08-25T09:20:52.000Z</time>
        <extensions>
          <ns3:TrackPointExtension>
            <ns3:hr>146</ns3:hr>
            <ns3:cad>83</ns3:cad>
          </ns3:TrackPointExtension>
        </extensions>
      </trkpt>
      <trkpt lat="35.7649252004921436309814453125" lon="139.5485745370388031005859375">
        <ele>38.799999237060546875</ele>
        <time>2026-08-25T09:20:53.000Z</time>
        <extensions>
          <ns3:TrackPointExtension>
            <ns3:hr>146</ns3:hr>
            <ns3:cad>83</ns3:cad>
          </ns3:TrackPointExtension>
        </extensions>
      </trkpt>
      <trkpt lat="35.76490583829581737518310546875" lon="139.5485582761466503143310546875">
        <ele>38.799999237060546875</ele>
        <time>2026-08-25T09:20:54.000Z</time>
        <extensions>
          <ns3:TrackPointExtension>
            <ns3:hr>146</ns3:hr>
            <ns3:cad>83</ns3:cad>
          </ns3:TrackPointExtension>
        </extensions>
      </trkpt>
      <trkpt lat="35.76488412916660308837890625" lon="139.5485438592731952667236328125">
        <ele>38.799999237060546875</ele>
        <time>2026-08-25T09:20:55.000Z</time>
        <extensions>
          <ns3:TrackPointExtension>
            <ns3:hr>146</ns3:hr>
            <ns3:cad>84</ns3:cad>
          </ns3:TrackPointExtension>
        </extensions>
      </trkpt>
      <trkpt lat="35.764862336218357086181640625" lon="139.54853405244648456573486328125">
        <ele>39</ele>
        <time>2026-08-25T09:20:56.000Z</time>
        <extensions>
          <ns3:TrackPointExtension>
            <ns3:hr>147</ns3:hr>
            <ns3:cad>84</ns3:cad>
          </ns3:TrackPointExtension>
        </extensions>
      </trkpt>
      <trkpt lat="35.764840878546237945556640625" lon="139.54852382652461528778076171875">
        <ele>38.799999237060546875</ele>
        <time>2026-08-25T09:20:57.000Z</time>
        <extensions>
          <ns3:TrackPointExtension>
            <ns3:hr>147</ns3:hr>
            <ns3:cad>84</ns3:cad>
          </ns3:TrackPointExtension>
        </extensions>
      </trkpt>
      <trkpt lat="35.76482243835926055908203125" lon="139.548514522612094879150390625">
        <ele>38.799999237060546875</ele>
        <time>2026-08-25T09:20:58.000Z</time>
        <extensions>
          <ns3:TrackPointExtension>
            <ns3:hr>148</ns3:hr>
            <ns3:cad>84</ns3:cad>
          </ns3:TrackPointExtension>
        </extensions>
      </trkpt>
      <trkpt lat="35.76480441726744174957275390625" lon="139.54850253649055957794189453125">
        <ele>38.799999237060546875</ele>
        <time>2026-08-25T09:20:59.000Z</time>
        <extensions>
          <ns3:TrackPointExtension>
            <ns3:hr>148</ns3:hr>
            <ns3:cad>84</ns3:cad>
          </ns3:TrackPointExtension>
        </extensions>
      </trkpt>
      <trkpt lat="35.76478530652821063995361328125" lon="139.548489041626453399658203125">
        <ele>39</ele>
        <time>2026-08-25T09:21:00.000Z</time>
        <extensions>
          <ns3:TrackPointExtension>
            <ns3:hr>148</ns3:hr>
            <ns3:cad>82</ns3:cad>
          </ns3:TrackPointExtension>
        </extensions>
      </trkpt>
      <trkpt lat="35.76476745307445526123046875" lon="139.54847672022879123687744140625">
        <ele>38.799999237060546875</ele>
        <time>2026-08-25T09:21:01.000Z</time>
        <extensions>
          <ns3:TrackPointExtension>
            <ns3:hr>148</ns3:hr>
            <ns3:cad>82</ns3:cad>
          </ns3:TrackPointExtension>
        </extensions>
      </trkpt>
      <trkpt lat="35.76475814916193485260009765625" lon="139.5484586991369724273681640625">
        <ele>38.799999237060546875</ele>
        <time>2026-08-25T09:21:02.000Z</time>
        <extensions>
          <ns3:TrackPointExtension>
            <ns3:hr>148</ns3:hr>
            <ns3:cad>81</ns3:cad>
          </ns3:TrackPointExtension>
        </extensions>
      </trkpt>
      <trkpt lat="35.76475001871585845947265625" lon="139.54843397252261638641357421875">
        <ele>38.799999237060546875</ele>
        <time>2026-08-25T09:21:03.000Z</time>
        <extensions>
          <ns3:TrackPointExtension>
            <ns3:hr>148</ns3:hr>
            <ns3:cad>81</ns3:cad>
          </ns3:TrackPointExtension>
        </extensions>
      </trkpt>
      <trkpt lat="35.76473501510918140411376953125" lon="139.54842634499073028564453125">
        <ele>38.799999237060546875</ele>
        <time>2026-08-25T09:21:04.000Z</time>
        <extensions>
          <ns3:TrackPointExtension>
            <ns3:hr>148</ns3:hr>
            <ns3:cad>81</ns3:cad>
          </ns3:TrackPointExtension>
        </extensions>
      </trkpt>
      <trkpt lat="35.76471758075058460235595703125" lon="139.5484164543449878692626953125">
        <ele>38.799999237060546875</ele>
        <time>2026-08-25T09:21:05.000Z</time>
        <extensions>
          <ns3:TrackPointExtension>
            <ns3:hr>148</ns3:hr>
            <ns3:cad>81</ns3:cad>
          </ns3:TrackPointExtension>
        </extensions>
      </trkpt>
      <trkpt lat="35.7646982185542583465576171875" lon="139.5484053902328014373779296875">
        <ele>38.799999237060546875</ele>
        <time>2026-08-25T09:21:06.000Z</time>
        <extensions>
          <ns3:TrackPointExtension>
            <ns3:hr>148</ns3:hr>
            <ns3:cad>81</ns3:cad>
          </ns3:TrackPointExtension>
        </extensions>
      </trkpt>
      <trkpt lat="35.7646809518337249755859375" lon="139.54838887788355350494384765625">
        <ele>38.799999237060546875</ele>
        <time>2026-08-25T09:21:07.000Z</time>
        <extensions>
          <ns3:TrackPointExtension>
            <ns3:hr>149</ns3:hr>
            <ns3:cad>81</ns3:cad>
          </ns3:TrackPointExtension>
        </extensions>
      </trkpt>
      <trkpt lat="35.7646636851131916046142578125" lon="139.548376388847827911376953125">
        <ele>38.799999237060546875</ele>
        <time>2026-08-25T09:21:08.000Z</time>
        <extensions>
          <ns3:TrackPointExtension>
            <ns3:hr>149</ns3:hr>
            <ns3:cad>83</ns3:cad>
          </ns3:TrackPointExtension>
        </extensions>
      </trkpt>
      <trkpt lat="35.76464717276394367218017578125" lon="139.54836666584014892578125">
        <ele>38.799999237060546875</ele>
        <time>2026-08-25T09:21:09.000Z</time>
        <extensions>
          <ns3:TrackPointExtension>
            <ns3:hr>148</ns3:hr>
            <ns3:cad>83</ns3:cad>
          </ns3:TrackPointExtension>
        </extensions>
      </trkpt>
      <trkpt lat="35.764629654586315155029296875" lon="139.5483557693660259246826171875">
        <ele>38.799999237060546875</ele>
        <time>2026-08-25T09:21:10.000Z</time>
        <extensions>
          <ns3:TrackPointExtension>
            <ns3:hr>148</ns3:hr>
            <ns3:cad>83</ns3:cad>
          </ns3:TrackPointExtension>
        </extensions>
      </trkpt>
      <trkpt lat="35.7646143995225429534912109375" lon="139.5483436994254589080810546875">
        <ele>38.799999237060546875</ele>
        <time>2026-08-25T09:21:11.000Z</time>
        <extensions>
          <ns3:TrackPointExtension>
            <ns3:hr>148</ns3:hr>
            <ns3:cad>83</ns3:cad>
          </ns3:TrackPointExtension>
        </extensions>
      </trkpt>
      <trkpt lat="35.76460006646811962127685546875" lon="139.54832802526652812957763671875">
        <ele>38.799999237060546875</ele>
        <time>2026-08-25T09:21:12.000Z</time>
        <extensions>
          <ns3:TrackPointExtension>
            <ns3:hr>148</ns3:hr>
            <ns3:cad>83</ns3:cad>
          </ns3:TrackPointExtension>
        </extensions>
      </trkpt>
      <trkpt lat="35.7645862363278865814208984375" lon="139.54831461422145366668701171875">
        <ele>38.799999237060546875</ele>
        <time>2026-08-25T09:21:13.000Z</time>
        <extensions>
          <ns3:TrackPointExtension>
            <ns3:hr>147</ns3:hr>
            <ns3:cad>82</ns3:cad>
          </ns3:TrackPointExtension>
        </extensions>
      </trkpt>
      <trkpt lat="35.7645709812641143798828125" lon="139.54830220900475978851318359375">
        <ele>38.799999237060546875</ele>
        <time>2026-08-25T09:21:14.000Z</time>
        <extensions>
          <ns3:TrackPointExtension>
            <ns3:hr>147</ns3:hr>
            <ns3:cad>81</ns3:cad>
          </ns3:TrackPointExtension>
        </extensions>
      </trkpt>
      <trkpt lat="35.764557234942913055419921875" lon="139.5482920669019222259521484375">
        <ele>39</ele>
        <time>2026-08-25T09:21:15.000Z</time>
        <extensions>
          <ns3:TrackPointExtension>
            <ns3:hr>146</ns3:hr>
            <ns3:cad>81</ns3:cad>
          </ns3:TrackPointExtension>
        </extensions>
      </trkpt>
      <trkpt lat="35.76454608701169490814208984375" lon="139.54828226007521152496337890625">
        <ele>39</ele>
        <time>2026-08-25T09:21:16.000Z</time>
        <extensions>
          <ns3:TrackPointExtension>
            <ns3:hr>146</ns3:hr>
            <ns3:cad>81</ns3:cad>
          </ns3:TrackPointExtension>
        </extensions>
      </trkpt>
      <trkpt lat="35.764534436166286468505859375" lon="139.54826851375401020050048828125">
        <ele>39</ele>
        <time>2026-08-25T09:21:17.000Z</time>
        <extensions>
          <ns3:TrackPointExtension>
            <ns3:hr>145</ns3:hr>
            <ns3:cad>81</ns3:cad>
          </ns3:TrackPointExtension>
        </extensions>
      </trkpt>
      <trkpt lat="35.7645213603973388671875" lon="139.54825443215668201446533203125">
        <ele>39</ele>
        <time>2026-08-25T09:21:18.000Z</time>
        <extensions>
          <ns3:TrackPointExtension>
            <ns3:hr>145</ns3:hr>
            <ns3:cad>82</ns3:cad>
          </ns3:TrackPointExtension>
        </extensions>
      </trkpt>
      <trkpt lat="35.76450501568615436553955078125" lon="139.5482419431209564208984375">
        <ele>39</ele>
        <time>2026-08-25T09:21:19.000Z</time>
        <extensions>
          <ns3:TrackPointExtension>
            <ns3:hr>145</ns3:hr>
            <ns3:cad>82</ns3:cad>
          </ns3:TrackPointExtension>
        </extensions>
      </trkpt>
      <trkpt lat="35.76449093408882617950439453125" lon="139.54822710715234279632568359375">
        <ele>39</ele>
        <time>2026-08-25T09:21:20.000Z</time>
        <extensions>
          <ns3:TrackPointExtension>
            <ns3:hr>145</ns3:hr>
            <ns3:cad>83</ns3:cad>
          </ns3:TrackPointExtension>
        </extensions>
      </trkpt>
      <trkpt lat="35.7644779421389102935791015625" lon="139.5482124388217926025390625">
        <ele>39.200000762939453125</ele>
        <time>2026-08-25T09:21:21.000Z</time>
        <extensions>
          <ns3:TrackPointExtension>
            <ns3:hr>145</ns3:hr>
            <ns3:cad>83</ns3:cad>
          </ns3:TrackPointExtension>
        </extensions>
      </trkpt>
      <trkpt lat="35.7644636929035186767578125" lon="139.54820028506219387054443359375">
        <ele>39.200000762939453125</ele>
        <time>2026-08-25T09:21:22.000Z</time>
        <extensions>
          <ns3:TrackPointExtension>
            <ns3:hr>145</ns3:hr>
            <ns3:cad>82</ns3:cad>
          </ns3:TrackPointExtension>
        </extensions>
      </trkpt>
      <trkpt lat="35.76444902457296848297119140625" lon="139.54819089733064174652099609375">
        <ele>39.200000762939453125</ele>
        <time>2026-08-25T09:21:23.000Z</time>
        <extensions>
          <ns3:TrackPointExtension>
            <ns3:hr>145</ns3:hr>
            <ns3:cad>82</ns3:cad>
          </ns3:TrackPointExtension>
        </extensions>
      </trkpt>
      <trkpt lat="35.76443427242338657379150390625" lon="139.5481774024665355682373046875">
        <ele>39.200000762939453125</ele>
        <time>2026-08-25T09:21:24.000Z</time>
        <extensions>
          <ns3:TrackPointExtension>
            <ns3:hr>145</ns3:hr>
            <ns3:cad>82</ns3:cad>
          </ns3:TrackPointExtension>
        </extensions>
      </trkpt>
      <trkpt lat="35.76442488469183444976806640625" lon="139.548163153231143951416015625">
        <ele>39.200000762939453125</ele>
        <time>2026-08-25T09:21:25.000Z</time>
        <extensions>
          <ns3:TrackPointExtension>
            <ns3:hr>145</ns3:hr>
            <ns3:cad>81</ns3:cad>
          </ns3:TrackPointExtension>
        </extensions>
      </trkpt>
      <trkpt lat="35.76441474258899688720703125" lon="139.548148401081562042236328125">
        <ele>39.200000762939453125</ele>
        <time>2026-08-25T09:21:26.000Z</time>
        <extensions>
          <ns3:TrackPointExtension>
            <ns3:hr>145</ns3:hr>
            <ns3:cad>80</ns3:cad>
          </ns3:TrackPointExtension>
        </extensions>
      </trkpt>
      <trkpt lat="35.7644041813910007476806640625" lon="139.54813532531261444091796875">
        <ele>39.200000762939453125</ele>
        <time>2026-08-25T09:21:27.000Z</time>
        <extensions>
          <ns3:TrackPointExtension>
            <ns3:hr>144</ns3:hr>
            <ns3:cad>80</ns3:cad>
          </ns3:TrackPointExtension>
        </extensions>
      </trkpt>
      <trkpt lat="35.76439001597464084625244140625" lon="139.54812501557171344757080078125">
        <ele>39.200000762939453125</ele>
        <time>2026-08-25T09:21:28.000Z</time>
        <extensions>
          <ns3:TrackPointExtension>
            <ns3:hr>144</ns3:hr>
            <ns3:cad>80</ns3:cad>
          </ns3:TrackPointExtension>
        </extensions>
      </trkpt>
      <trkpt lat="35.7643756829202175140380859375" lon="139.54811512492597103118896484375">
        <ele>39.200000762939453125</ele>
        <time>2026-08-25T09:21:29.000Z</time>
        <extensions>
          <ns3:TrackPointExtension>
            <ns3:hr>144</ns3:hr>
            <ns3:cad>80</ns3:cad>
          </ns3:TrackPointExtension>
        </extensions>
      </trkpt>
      <trkpt lat="35.76436352916061878204345703125" lon="139.54809970222413539886474609375">
        <ele>39.40000152587890625</ele>
        <time>2026-08-25T09:21:30.000Z</time>
        <extensions>
          <ns3:TrackPointExtension>
            <ns3:hr>145</ns3:hr>
            <ns3:cad>80</ns3:cad>
          </ns3:TrackPointExtension>
        </extensions>
      </trkpt>
      <trkpt lat="35.76434860937297344207763671875" lon="139.54808168113231658935546875">
        <ele>39.40000152587890625</ele>
        <time>2026-08-25T09:21:31.000Z</time>
        <extensions>
          <ns3:TrackPointExtension>
            <ns3:hr>145</ns3:hr>
            <ns3:cad>80</ns3:cad>
          </ns3:TrackPointExtension>
        </extensions>
      </trkpt>
      <trkpt lat="35.7643320970237255096435546875" lon="139.54806282185018062591552734375">
        <ele>39.40000152587890625</ele>
        <time>2026-08-25T09:21:32.000Z</time>
        <extensions>
          <ns3:TrackPointExtension>
            <ns3:hr>145</ns3:hr>
            <ns3:cad>80</ns3:cad>
          </ns3:TrackPointExtension>
        </extensions>
      </trkpt>
      <trkpt lat="35.7643186859786510467529296875" lon="139.54804857261478900909423828125">
        <ele>39.40000152587890625</ele>
        <time>2026-08-25T09:21:33.000Z</time>
        <extensions>
          <ns3:TrackPointExtension>
            <ns3:hr>145</ns3:hr>
            <ns3:cad>80</ns3:cad>
          </ns3:TrackPointExtension>
        </extensions>
      </trkpt>
      <trkpt lat="35.7643076218664646148681640625" lon="139.5480327308177947998046875">
        <ele>39.40000152587890625</ele>
        <time>2026-08-25T09:21:34.000Z</time>
        <extensions>
          <ns3:TrackPointExtension>
            <ns3:hr>145</ns3:hr>
            <ns3:cad>80</ns3:cad>
          </ns3:TrackPointExtension>
        </extensions>
      </trkpt>
      <trkpt lat="35.76429898850619792938232421875" lon="139.5480151288211345672607421875">
        <ele>39.40000152587890625</ele>
        <time>2026-08-25T09:21:35.000Z</time>
        <extensions>
          <ns3:TrackPointExtension>
            <ns3:hr>145</ns3:hr>
            <ns3:cad>80</ns3:cad>
          </ns3:TrackPointExtension>
        </extensions>
      </trkpt>
      <trkpt lat="35.76428825967013835906982421875" lon="139.54799995757639408111572265625">
        <ele>39.40000152587890625</ele>
        <time>2026-08-25T09:21:36.000Z</time>
        <extensions>
          <ns3:TrackPointExtension>
            <ns3:hr>146</ns3:hr>
            <ns3:cad>80</ns3:cad>
          </ns3:TrackPointExtension>
        </extensions>
      </trkpt>
      <trkpt lat="35.7642764411866664886474609375" lon="139.547984786331653594970703125">
        <ele>39.40000152587890625</ele>
        <time>2026-08-25T09:21:37.000Z</time>
        <extensions>
          <ns3:TrackPointExtension>
            <ns3:hr>146</ns3:hr>
            <ns3:cad>80</ns3:cad>
          </ns3:TrackPointExtension>
        </extensions>
      </trkpt>
      <trkpt lat="35.76426453888416290283203125" lon="139.54797036945819854736328125">
        <ele>39.40000152587890625</ele>
        <time>2026-08-25T09:21:38.000Z</time>
        <extensions>
          <ns3:TrackPointExtension>
            <ns3:hr>147</ns3:hr>
            <ns3:cad>82</ns3:cad>
          </ns3:TrackPointExtension>
        </extensions>
      </trkpt>
      <trkpt lat="35.7642519660294055938720703125" lon="139.547955952584743499755859375">
        <ele>39.40000152587890625</ele>
        <time>2026-08-25T09:21:39.000Z</time>
        <extensions>
          <ns3:TrackPointExtension>
            <ns3:hr>147</ns3:hr>
            <ns3:cad>82</ns3:cad>
          </ns3:TrackPointExtension>
        </extensions>
      </trkpt>
      <trkpt lat="35.7642410695552825927734375" lon="139.547939859330654144287109375">
        <ele>39.40000152587890625</ele>
        <time>2026-08-25T09:21:40.000Z</time>
        <extensions>
          <ns3:TrackPointExtension>
            <ns3:hr>148</ns3:hr>
            <ns3:cad>82</ns3:cad>
          </ns3:TrackPointExtension>
        </extensions>
      </trkpt>
      <trkpt lat="35.76422690413892269134521484375" lon="139.54792284406721591949462890625">
        <ele>39.59999847412109375</ele>
        <time>2026-08-25T09:21:41.000Z</time>
        <extensions>
          <ns3:TrackPointExtension>
            <ns3:hr>148</ns3:hr>
            <ns3:cad>83</ns3:cad>
          </ns3:TrackPointExtension>
        </extensions>
      </trkpt>
      <trkpt lat="35.76421064324676990509033203125" lon="139.54790574498474597930908203125">
        <ele>39.59999847412109375</ele>
        <time>2026-08-25T09:21:42.000Z</time>
        <extensions>
          <ns3:TrackPointExtension>
            <ns3:hr>148</ns3:hr>
            <ns3:cad>82</ns3:cad>
          </ns3:TrackPointExtension>
        </extensions>
      </trkpt>
      <trkpt lat="35.76419480144977569580078125" lon="139.5478890649974346160888671875">
        <ele>39.59999847412109375</ele>
        <time>2026-08-25T09:21:43.000Z</time>
        <extensions>
          <ns3:TrackPointExtension>
            <ns3:hr>148</ns3:hr>
            <ns3:cad>82</ns3:cad>
          </ns3:TrackPointExtension>
        </extensions>
      </trkpt>
      <trkpt lat="35.764178372919559478759765625" lon="139.54787473194301128387451171875">
        <ele>39.59999847412109375</ele>
        <time>2026-08-25T09:21:44.000Z</time>
        <extensions>
          <ns3:TrackPointExtension>
            <ns3:hr>148</ns3:hr>
            <ns3:cad>82</ns3:cad>
          </ns3:TrackPointExtension>
        </extensions>
      </trkpt>
      <trkpt lat="35.7641584239900112152099609375" lon="139.54786115325987339019775390625">
        <ele>39.799999237060546875</ele>
        <time>2026-08-25T09:21:45.000Z</time>
        <extensions>
          <ns3:TrackPointExtension>
            <ns3:hr>148</ns3:hr>
            <ns3:cad>82</ns3:cad>
          </ns3:TrackPointExtension>
        </extensions>
      </trkpt>
      <trkpt lat="35.76414383947849273681640625" lon="139.54784338362514972686767578125">
        <ele>39.799999237060546875</ele>
        <time>2026-08-25T09:21:46.000Z</time>
        <extensions>
          <ns3:TrackPointExtension>
            <ns3:hr>148</ns3:hr>
            <ns3:cad>83</ns3:cad>
          </ns3:TrackPointExtension>
        </extensions>
      </trkpt>
      <trkpt lat="35.76412917114794254302978515625" lon="139.547827877104282379150390625">
        <ele>39.799999237060546875</ele>
        <time>2026-08-25T09:21:47.000Z</time>
        <extensions>
          <ns3:TrackPointExtension>
            <ns3:hr>148</ns3:hr>
            <ns3:cad>83</ns3:cad>
          </ns3:TrackPointExtension>
        </extensions>
      </trkpt>
      <trkpt lat="35.76411659829318523406982421875" lon="139.547811113297939300537109375">
        <ele>39.799999237060546875</ele>
        <time>2026-08-25T09:21:48.000Z</time>
        <extensions>
          <ns3:TrackPointExtension>
            <ns3:hr>148</ns3:hr>
            <ns3:cad>83</ns3:cad>
          </ns3:TrackPointExtension>
        </extensions>
      </trkpt>
      <trkpt lat="35.76410486362874507904052734375" lon="139.5477926731109619140625">
        <ele>39.799999237060546875</ele>
        <time>2026-08-25T09:21:49.000Z</time>
        <extensions>
          <ns3:TrackPointExtension>
            <ns3:hr>149</ns3:hr>
            <ns3:cad>83</ns3:cad>
          </ns3:TrackPointExtension>
        </extensions>
      </trkpt>
      <trkpt lat="35.764091871678829193115234375" lon="139.547772891819477081298828125">
        <ele>39.799999237060546875</ele>
        <time>2026-08-25T09:21:50.000Z</time>
        <extensions>
          <ns3:TrackPointExtension>
            <ns3:hr>149</ns3:hr>
            <ns3:cad>83</ns3:cad>
          </ns3:TrackPointExtension>
        </extensions>
      </trkpt>
      <trkpt lat="35.764077790081501007080078125" lon="139.54775705002248287200927734375">
        <ele>39.799999237060546875</ele>
        <time>2026-08-25T09:21:51.000Z</time>
        <extensions>
          <ns3:TrackPointExtension>
            <ns3:hr>149</ns3:hr>
            <ns3:cad>84</ns3:cad>
          </ns3:TrackPointExtension>
        </extensions>
      </trkpt>
      <trkpt lat="35.76406261883676052093505859375" lon="139.54774162732064723968505859375">
        <ele>39.799999237060546875</ele>
        <time>2026-08-25T09:21:52.000Z</time>
        <extensions>
          <ns3:TrackPointExtension>
            <ns3:hr>149</ns3:hr>
            <ns3:cad>84</ns3:cad>
          </ns3:TrackPointExtension>
        </extensions>
      </trkpt>
      <trkpt lat="35.76404803432524204254150390625" lon="139.5477242767810821533203125">
        <ele>39.799999237060546875</ele>
        <time>2026-08-25T09:21:53.000Z</time>
        <extensions>
          <ns3:TrackPointExtension>
            <ns3:hr>148</ns3:hr>
            <ns3:cad>84</ns3:cad>
          </ns3:TrackPointExtension>
        </extensions>
      </trkpt>
      <trkpt lat="35.764035545289516448974609375" lon="139.54770726151764392852783203125">
        <ele>39.59999847412109375</ele>
        <time>2026-08-25T09:21:54.000Z</time>
        <extensions>
          <ns3:TrackPointExtension>
            <ns3:hr>148</ns3:hr>
            <ns3:cad>84</ns3:cad>
          </ns3:TrackPointExtension>
        </extensions>
      </trkpt>
      <trkpt lat="35.764021463692188262939453125" lon="139.54768798314034938812255859375">
        <ele>39.59999847412109375</ele>
        <time>2026-08-25T09:21:55.000Z</time>
        <extensions>
          <ns3:TrackPointExtension>
            <ns3:hr>148</ns3:hr>
            <ns3:cad>84</ns3:cad>
          </ns3:TrackPointExtension>
        </extensions>
      </trkpt>
      <trkpt lat="35.76400914229452610015869140625" lon="139.54766593873500823974609375">
        <ele>39.59999847412109375</ele>
        <time>2026-08-25T09:21:56.000Z</time>
        <extensions>
          <ns3:TrackPointExtension>
            <ns3:hr>148</ns3:hr>
            <ns3:cad>83</ns3:cad>
          </ns3:TrackPointExtension>
        </extensions>
      </trkpt>
      <trkpt lat="35.76399631798267364501953125" lon="139.547649510204792022705078125">
        <ele>39.59999847412109375</ele>
        <time>2026-08-25T09:21:57.000Z</time>
        <extensions>
          <ns3:TrackPointExtension>
            <ns3:hr>148</ns3:hr>
            <ns3:cad>83</ns3:cad>
          </ns3:TrackPointExtension>
        </extensions>
      </trkpt>
      <trkpt lat="35.7639835774898529052734375" lon="139.54762972891330718994140625">
        <ele>39.59999847412109375</ele>
        <time>2026-08-25T09:21:58.000Z</time>
        <extensions>
          <ns3:TrackPointExtension>
            <ns3:hr>147</ns3:hr>
            <ns3:cad>83</ns3:cad>
          </ns3:TrackPointExtension>
        </extensions>
      </trkpt>
      <trkpt lat="35.76396882534027099609375" lon="139.54761070199310779571533203125">
        <ele>39.59999847412109375</ele>
        <time>2026-08-25T09:21:59.000Z</time>
        <extensions>
          <ns3:TrackPointExtension>
            <ns3:hr>147</ns3:hr>
            <ns3:cad>83</ns3:cad>
          </ns3:TrackPointExtension>
        </extensions>
      </trkpt>
      <trkpt lat="35.76395449228584766387939453125" lon="139.54758857376873493194580078125">
        <ele>39.59999847412109375</ele>
        <time>2026-08-25T09:22:00.000Z</time>
        <extensions>
          <ns3:TrackPointExtension>
            <ns3:hr>147</ns3:hr>
            <ns3:cad>83</ns3:cad>
          </ns3:TrackPointExtension>
        </extensions>
      </trkpt>
      <trkpt lat="35.76394124887883663177490234375" lon="139.5475673675537109375">
        <ele>39.799999237060546875</ele>
        <time>2026-08-25T09:22:01.000Z</time>
        <extensions>
          <ns3:TrackPointExtension>
            <ns3:hr>147</ns3:hr>
            <ns3:cad>84</ns3:cad>
          </ns3:TrackPointExtension>
        </extensions>
      </trkpt>
      <trkpt lat="35.76392523944377899169921875" lon="139.54754616133868694305419921875">
        <ele>39.799999237060546875</ele>
        <time>2026-08-25T09:22:02.000Z</time>
        <extensions>
          <ns3:TrackPointExtension>
            <ns3:hr>146</ns3:hr>
            <ns3:cad>84</ns3:cad>
          </ns3:TrackPointExtension>
        </extensions>
      </trkpt>
      <trkpt lat="35.763908140361309051513671875" lon="139.5475262962281703948974609375">
        <ele>39.799999237060546875</ele>
        <time>2026-08-25T09:22:03.000Z</time>
        <extensions>
          <ns3:TrackPointExtension>
            <ns3:hr>146</ns3:hr>
            <ns3:cad>83</ns3:cad>
          </ns3:TrackPointExtension>
        </extensions>
      </trkpt>
      <trkpt lat="35.76389648951590061187744140625" lon="139.54750777222216129302978515625">
        <ele>39.799999237060546875</ele>
        <time>2026-08-25T09:22:04.000Z</time>
        <extensions>
          <ns3:TrackPointExtension>
            <ns3:hr>146</ns3:hr>
            <ns3:cad>83</ns3:cad>
          </ns3:TrackPointExtension>
        </extensions>
      </trkpt>
      <trkpt lat="35.76388475485146045684814453125" lon="139.54749159514904022216796875">
        <ele>39.799999237060546875</ele>
        <time>2026-08-25T09:22:05.000Z</time>
        <extensions>
          <ns3:TrackPointExtension>
            <ns3:hr>146</ns3:hr>
            <ns3:cad>84</ns3:cad>
          </ns3:TrackPointExtension>
        </extensions>
      </trkpt>
      <trkpt lat="35.763868577778339385986328125" lon="139.54744088463485240936279296875">
        <ele>39.59999847412109375</ele>
        <time>2026-08-25T09:22:14.000Z</time>
        <extensions>
          <ns3:TrackPointExtension>
            <ns3:hr>144</ns3:hr>
            <ns3:cad>0</ns3:cad>
          </ns3:TrackPointExtension>
        </extensions>
      </trkpt>
      <trkpt lat="35.76386732049286365509033203125" lon="139.5474294014275074005126953125">
        <ele>39.59999847412109375</ele>
        <time>2026-08-25T09:22:15.000Z</time>
        <extensions>
          <ns3:TrackPointExtension>
            <ns3:hr>143</ns3:hr>
            <ns3:cad>0</ns3:cad>
          </ns3:TrackPointExtension>
        </extensions>
      </trkpt>
      <trkpt lat="35.7638601958751678466796875" lon="139.5474131405353546142578125">
        <ele>39.59999847412109375</ele>
        <time>2026-08-25T09:22:16.000Z</time>
        <extensions>
          <ns3:TrackPointExtension>
            <ns3:hr>141</ns3:hr>
            <ns3:cad>0</ns3:cad>
          </ns3:TrackPointExtension>
        </extensions>
      </trkpt>
      <trkpt lat="35.763847120106220245361328125" lon="139.5473918505012989044189453125">
        <ele>39.59999847412109375</ele>
        <time>2026-08-25T09:22:17.000Z</time>
        <extensions>
          <ns3:TrackPointExtension>
            <ns3:hr>140</ns3:hr>
            <ns3:cad>0</ns3:cad>
          </ns3:TrackPointExtension>
        </extensions>
      </trkpt>
      <trkpt lat="35.76383328996598720550537109375" lon="139.547365196049213409423828125">
        <ele>39.59999847412109375</ele>
        <time>2026-08-25T09:22:18.000Z</time>
        <extensions>
          <ns3:TrackPointExtension>
            <ns3:hr>140</ns3:hr>
            <ns3:cad>0</ns3:cad>
          </ns3:TrackPointExtension>
        </extensions>
      </trkpt>
      <trkpt lat="35.76382373459637165069580078125" lon="139.547337032854557037353515625">
        <ele>39.59999847412109375</ele>
        <time>2026-08-25T09:22:19.000Z</time>
        <extensions>
          <ns3:TrackPointExtension>
            <ns3:hr>139</ns3:hr>
            <ns3:cad>88</ns3:cad>
          </ns3:TrackPointExtension>
        </extensions>
      </trkpt>
      <trkpt lat="35.7638117484748363494873046875" lon="139.54730493016541004180908203125">
        <ele>39.59999847412109375</ele>
        <time>2026-08-25T09:22:20.000Z</time>
        <extensions>
          <ns3:TrackPointExtension>
            <ns3:hr>139</ns3:hr>
            <ns3:cad>88</ns3:cad>
          </ns3:TrackPointExtension>
        </extensions>
      </trkpt>
      <trkpt lat="35.76379858888685703277587890625" lon="139.5472708158195018768310546875">
        <ele>39.59999847412109375</ele>
        <time>2026-08-25T09:22:21.000Z</time>
        <extensions>
          <ns3:TrackPointExtension>
            <ns3:hr>139</ns3:hr>
            <ns3:cad>88</ns3:cad>
          </ns3:TrackPointExtension>
        </extensions>
      </trkpt>
      <trkpt lat="35.76378501020371913909912109375" lon="139.54723955132067203521728515625">
        <ele>39.59999847412109375</ele>
        <time>2026-08-25T09:22:22.000Z</time>
        <extensions>
          <ns3:TrackPointExtension>
            <ns3:hr>138</ns3:hr>
            <ns3:cad>86</ns3:cad>
          </ns3:TrackPointExtension>
        </extensions>
      </trkpt>
      <trkpt lat="35.76377637684345245361328125" lon="139.54721356742084026336669921875">
        <ele>40</ele>
        <time>2026-08-25T09:22:23.000Z</time>
        <extensions>
          <ns3:TrackPointExtension>
            <ns3:hr>138</ns3:hr>
            <ns3:cad>86</ns3:cad>
          </ns3:TrackPointExtension>
        </extensions>
      </trkpt>
      <trkpt lat="35.7637678273022174835205078125" lon="139.54718691296875476837158203125">
        <ele>40</ele>
        <time>2026-08-25T09:22:24.000Z</time>
        <extensions>
          <ns3:TrackPointExtension>
            <ns3:hr>138</ns3:hr>
            <ns3:cad>86</ns3:cad>
          </ns3:TrackPointExtension>
        </extensions>
      </trkpt>
      <trkpt lat="35.763756930828094482421875" lon="139.5471601746976375579833984375">
        <ele>40.200000762939453125</ele>
        <time>2026-08-25T09:22:25.000Z</time>
        <extensions>
          <ns3:TrackPointExtension>
            <ns3:hr>138</ns3:hr>
            <ns3:cad>86</ns3:cad>
          </ns3:TrackPointExtension>
        </extensions>
      </trkpt>
      <trkpt lat="35.763747878372669219970703125" lon="139.54713729210197925567626953125">
        <ele>40.200000762939453125</ele>
        <time>2026-08-25T09:22:26.000Z</time>
        <extensions>
          <ns3:TrackPointExtension>
            <ns3:hr>137</ns3:hr>
            <ns3:cad>86</ns3:cad>
          </ns3:TrackPointExtension>
        </extensions>
      </trkpt>
      <trkpt lat="35.76373622752726078033447265625" lon="139.54711264930665493011474609375">
        <ele>40.200000762939453125</ele>
        <time>2026-08-25T09:22:27.000Z</time>
        <extensions>
          <ns3:TrackPointExtension>
            <ns3:hr>137</ns3:hr>
            <ns3:cad>86</ns3:cad>
          </ns3:TrackPointExtension>
        </extensions>
      </trkpt>
      <trkpt lat="35.76373019255697727203369140625" lon="139.547085575759410858154296875">
        <ele>40.200000762939453125</ele>
        <time>2026-08-25T09:22:28.000Z</time>
        <extensions>
          <ns3:TrackPointExtension>
            <ns3:hr>137</ns3:hr>
            <ns3:cad>86</ns3:cad>
          </ns3:TrackPointExtension>
        </extensions>
      </trkpt>
      <trkpt lat="35.7637259177863597869873046875" lon="139.54706286080181598663330078125">
        <ele>40.200000762939453125</ele>
        <time>2026-08-25T09:22:29.000Z</time>
        <extensions>
          <ns3:TrackPointExtension>
            <ns3:hr>137</ns3:hr>
            <ns3:cad>85</ns3:cad>
          </ns3:TrackPointExtension>
        </extensions>
      </trkpt>
      <trkpt lat="35.76371745206415653228759765625" lon="139.547045342624187469482421875">
        <ele>40.40000152587890625</ele>
        <time>2026-08-25T09:22:30.000Z</time>
        <extensions>
          <ns3:TrackPointExtension>
            <ns3:hr>137</ns3:hr>
            <ns3:cad>85</ns3:cad>
          </ns3:TrackPointExtension>
        </extensions>
      </trkpt>
      <trkpt lat="35.76370454393327236175537109375" lon="139.54702681861817836761474609375">
        <ele>40.59999847412109375</ele>
        <time>2026-08-25T09:22:31.000Z</time>
        <extensions>
          <ns3:TrackPointExtension>
            <ns3:hr>137</ns3:hr>
            <ns3:cad>84</ns3:cad>
          </ns3:TrackPointExtension>
        </extensions>
      </trkpt>
      <trkpt lat="35.7636883668601512908935546875" lon="139.54700871370732784271240234375">
        <ele>40.59999847412109375</ele>
        <time>2026-08-25T09:22:32.000Z</time>
        <extensions>
          <ns3:TrackPointExtension>
            <ns3:hr>137</ns3:hr>
            <ns3:cad>84</ns3:cad>
          </ns3:TrackPointExtension>
        </extensions>
      </trkpt>
      <trkpt lat="35.76367311179637908935546875" lon="139.546992368996143341064453125">
        <ele>40.59999847412109375</ele>
        <time>2026-08-25T09:22:33.000Z</time>
        <extensions>
          <ns3:TrackPointExtension>
            <ns3:hr>137</ns3:hr>
            <ns3:cad>84</ns3:cad>
          </ns3:TrackPointExtension>
        </extensions>
      </trkpt>
      <trkpt lat="35.76366833411157131195068359375" lon="139.54696713946759700775146484375">
        <ele>40.799999237060546875</ele>
        <time>2026-08-25T09:22:34.000Z</time>
        <extensions>
          <ns3:TrackPointExtension>
            <ns3:hr>137</ns3:hr>
            <ns3:cad>83</ns3:cad>
          </ns3:TrackPointExtension>
        </extensions>
      </trkpt>
      <trkpt lat="35.76366330496966838836669921875" lon="139.5469388924539089202880859375">
        <ele>40.799999237060546875</ele>
        <time>2026-08-25T09:22:35.000Z</time>
        <extensions>
          <ns3:TrackPointExtension>
            <ns3:hr>137</ns3:hr>
            <ns3:cad>83</ns3:cad>
          </ns3:TrackPointExtension>
        </extensions>
      </trkpt>
      <trkpt lat="35.7636565156280994415283203125" lon="139.54691181890666484832763671875">
        <ele>40.799999237060546875</ele>
        <time>2026-08-25T09:22:36.000Z</time>
        <extensions>
          <ns3:TrackPointExtension>
            <ns3:hr>138</ns3:hr>
            <ns3:cad>84</ns3:cad>
          </ns3:TrackPointExtension>
        </extensions>
      </trkpt>
      <trkpt lat="35.763648636639118194580078125" lon="139.546881057322025299072265625">
        <ele>40.799999237060546875</ele>
        <time>2026-08-25T09:22:37.000Z</time>
        <extensions>
          <ns3:TrackPointExtension>
            <ns3:hr>138</ns3:hr>
            <ns3:cad>84</ns3:cad>
          </ns3:TrackPointExtension>
        </extensions>
      </trkpt>
      <trkpt lat="35.763640590012073516845703125" lon="139.5468574203550815582275390625">
        <ele>40.799999237060546875</ele>
        <time>2026-08-25T09:22:38.000Z</time>
        <extensions>
          <ns3:TrackPointExtension>
            <ns3:hr>138</ns3:hr>
            <ns3:cad>84</ns3:cad>
          </ns3:TrackPointExtension>
        </extensions>
      </trkpt>
      <trkpt lat="35.7636296935379505157470703125" lon="139.5468356274068355560302734375">
        <ele>40.799999237060546875</ele>
        <time>2026-08-25T09:22:39.000Z</time>
        <extensions>
          <ns3:TrackPointExtension>
            <ns3:hr>138</ns3:hr>
            <ns3:cad>83</ns3:cad>
          </ns3:TrackPointExtension>
        </extensions>
      </trkpt>
      <trkpt lat="35.76362307183444499969482421875" lon="139.54681039787828922271728515625">
        <ele>40.59999847412109375</ele>
        <time>2026-08-25T09:22:40.000Z</time>
        <extensions>
          <ns3:TrackPointExtension>
            <ns3:hr>139</ns3:hr>
            <ns3:cad>83</ns3:cad>
          </ns3:TrackPointExtension>
        </extensions>
      </trkpt>
      <trkpt lat="35.763612426817417144775390625" lon="139.54678215086460113525390625">
        <ele>40.59999847412109375</ele>
        <time>2026-08-25T09:22:41.000Z</time>
        <extensions>
          <ns3:TrackPointExtension>
            <ns3:hr>139</ns3:hr>
            <ns3:cad>83</ns3:cad>
          </ns3:TrackPointExtension>
        </extensions>
      </trkpt>
      <trkpt lat="35.76360010541975498199462890625" lon="139.546755664050579071044921875">
        <ele>40.40000152587890625</ele>
        <time>2026-08-25T09:22:42.000Z</time>
        <extensions>
          <ns3:TrackPointExtension>
            <ns3:hr>139</ns3:hr>
            <ns3:cad>83</ns3:cad>
          </ns3:TrackPointExtension>
        </extensions>
      </trkpt>
      <trkpt lat="35.76358770020306110382080078125" lon="139.54673789441585540771484375">
        <ele>40.200000762939453125</ele>
        <time>2026-08-25T09:22:43.000Z</time>
        <extensions>
          <ns3:TrackPointExtension>
            <ns3:hr>140</ns3:hr>
            <ns3:cad>84</ns3:cad>
          </ns3:TrackPointExtension>
        </extensions>
      </trkpt>
      <trkpt lat="35.763576216995716094970703125" lon="139.54672372899949550628662109375">
        <ele>40.200000762939453125</ele>
        <time>2026-08-25T09:22:44.000Z</time>
        <extensions>
          <ns3:TrackPointExtension>
            <ns3:hr>141</ns3:hr>
            <ns3:cad>84</ns3:cad>
          </ns3:TrackPointExtension>
        </extensions>
      </trkpt>
      <trkpt lat="35.763560123741626739501953125" lon="139.5467041991651058197021484375">
        <ele>40.200000762939453125</ele>
        <time>2026-08-25T09:22:45.000Z</time>
        <extensions>
          <ns3:TrackPointExtension>
            <ns3:hr>142</ns3:hr>
            <ns3:cad>84</ns3:cad>
          </ns3:TrackPointExtension>
        </extensions>
      </trkpt>
      <trkpt lat="35.7635441981256008148193359375" lon="139.54668165184557437896728515625">
        <ele>40.40000152587890625</ele>
        <time>2026-08-25T09:22:46.000Z</time>
        <extensions>
          <ns3:TrackPointExtension>
            <ns3:hr>142</ns3:hr>
            <ns3:cad>84</ns3:cad>
          </ns3:TrackPointExtension>
        </extensions>
      </trkpt>
      <trkpt lat="35.76353170908987522125244140625" lon="139.54666078090667724609375">
        <ele>40.40000152587890625</ele>
        <time>2026-08-25T09:22:47.000Z</time>
        <extensions>
          <ns3:TrackPointExtension>
            <ns3:hr>143</ns3:hr>
            <ns3:cad>84</ns3:cad>
          </ns3:TrackPointExtension>
        </extensions>
      </trkpt>
      <trkpt lat="35.7635230757296085357666015625" lon="139.54663907177746295928955078125">
        <ele>40.40000152587890625</ele>
        <time>2026-08-25T09:22:48.000Z</time>
        <extensions>
          <ns3:TrackPointExtension>
            <ns3:hr>143</ns3:hr>
            <ns3:cad>84</ns3:cad>
          </ns3:TrackPointExtension>
        </extensions>
      </trkpt>
      <trkpt lat="35.763515867292881011962890625" lon="139.546620212495326995849609375">
        <ele>40.40000152587890625</ele>
        <time>2026-08-25T09:22:49.000Z</time>
        <extensions>
          <ns3:TrackPointExtension>
            <ns3:hr>144</ns3:hr>
            <ns3:cad>84</ns3:cad>
          </ns3:TrackPointExtension>
        </extensions>
      </trkpt>
      <trkpt lat="35.7635056413710117340087890625" lon="139.546604789793491363525390625">
        <ele>40.40000152587890625</ele>
        <time>2026-08-25T09:22:50.000Z</time>
        <extensions>
          <ns3:TrackPointExtension>
            <ns3:hr>144</ns3:hr>
            <ns3:cad>84</ns3:cad>
          </ns3:TrackPointExtension>
        </extensions>
      </trkpt>
      <trkpt lat="35.763499103486537933349609375" lon="139.54658609814941883087158203125">
        <ele>40.40000152587890625</ele>
        <time>2026-08-25T09:22:51.000Z</time>
        <extensions>
          <ns3:TrackPointExtension>
            <ns3:hr>144</ns3:hr>
            <ns3:cad>84</ns3:cad>
          </ns3:TrackPointExtension>
        </extensions>
      </trkpt>
      <trkpt lat="35.76348912902176380157470703125" lon="139.54656631685793399810791015625">
        <ele>40.40000152587890625</ele>
        <time>2026-08-25T09:22:52.000Z</time>
        <extensions>
          <ns3:TrackPointExtension>
            <ns3:hr>144</ns3:hr>
            <ns3:cad>84</ns3:cad>
          </ns3:TrackPointExtension>
        </extensions>
      </trkpt>
      <trkpt lat="35.7634791545569896697998046875" lon="139.5465432666242122650146484375">
        <ele>40.40000152587890625</ele>
        <time>2026-08-25T09:22:53.000Z</time>
        <extensions>
          <ns3:TrackPointExtension>
            <ns3:hr>144</ns3:hr>
            <ns3:cad>85</ns3:cad>
          </ns3:TrackPointExtension>
        </extensions>
      </trkpt>
      <trkpt lat="35.763469599187374114990234375" lon="139.54652289859950542449951171875">
        <ele>40.59999847412109375</ele>
        <time>2026-08-25T09:22:54.000Z</time>
        <extensions>
          <ns3:TrackPointExtension>
            <ns3:hr>144</ns3:hr>
            <ns3:cad>85</ns3:cad>
          </ns3:TrackPointExtension>
        </extensions>
      </trkpt>
      <trkpt lat="35.76345593668520450592041015625" lon="139.5465038716793060302734375">
        <ele>40.59999847412109375</ele>
        <time>2026-08-25T09:22:55.000Z</time>
        <extensions>
          <ns3:TrackPointExtension>
            <ns3:hr>144</ns3:hr>
            <ns3:cad>85</ns3:cad>
          </ns3:TrackPointExtension>
        </extensions>
      </trkpt>
      <trkpt lat="35.7634432800114154815673828125" lon="139.54648383893072605133056640625">
        <ele>40.799999237060546875</ele>
        <time>2026-08-25T09:22:56.000Z</time>
        <extensions>
          <ns3:TrackPointExtension>
            <ns3:hr>145</ns3:hr>
            <ns3:cad>84</ns3:cad>
          </ns3:TrackPointExtension>
        </extensions>
      </trkpt>
      <trkpt lat="35.763429701328277587890625" lon="139.54646355472505092620849609375">
        <ele>40.799999237060546875</ele>
        <time>2026-08-25T09:22:57.000Z</time>
        <extensions>
          <ns3:TrackPointExtension>
            <ns3:hr>145</ns3:hr>
            <ns3:cad>83</ns3:cad>
          </ns3:TrackPointExtension>
        </extensions>
      </trkpt>
      <trkpt lat="35.76341704465448856353759765625" lon="139.54644679091870784759521484375">
        <ele>40.799999237060546875</ele>
        <time>2026-08-25T09:22:58.000Z</time>
        <extensions>
          <ns3:TrackPointExtension>
            <ns3:hr>145</ns3:hr>
            <ns3:cad>83</ns3:cad>
          </ns3:TrackPointExtension>
        </extensions>
      </trkpt>
      <trkpt lat="35.76340396888554096221923828125" lon="139.5464299432933330535888671875">
        <ele>40.799999237060546875</ele>
        <time>2026-08-25T09:22:59.000Z</time>
        <extensions>
          <ns3:TrackPointExtension>
            <ns3:hr>145</ns3:hr>
            <ns3:cad>83</ns3:cad>
          </ns3:TrackPointExtension>
        </extensions>
      </trkpt>
      <trkpt lat="35.76339324004948139190673828125" lon="139.5464081503450870513916015625">
        <ele>40.799999237060546875</ele>
        <time>2026-08-25T09:23:00.000Z</time>
        <extensions>
          <ns3:TrackPointExtension>
            <ns3:hr>145</ns3:hr>
            <ns3:cad>84</ns3:cad>
          </ns3:TrackPointExtension>
        </extensions>
      </trkpt>
      <trkpt lat="35.76338150538504123687744140625" lon="139.5463885366916656494140625">
        <ele>40.799999237060546875</ele>
        <time>2026-08-25T09:23:01.000Z</time>
        <extensions>
          <ns3:TrackPointExtension>
            <ns3:hr>146</ns3:hr>
            <ns3:cad>84</ns3:cad>
          </ns3:TrackPointExtension>
        </extensions>
      </trkpt>
      <trkpt lat="35.76337195001542568206787109375" lon="139.54636464826762676239013671875">
        <ele>40.799999237060546875</ele>
        <time>2026-08-25T09:23:02.000Z</time>
        <extensions>
          <ns3:TrackPointExtension>
            <ns3:hr>146</ns3:hr>
            <ns3:cad>84</ns3:cad>
          </ns3:TrackPointExtension>
        </extensions>
      </trkpt>
      <trkpt lat="35.763360299170017242431640625" lon="139.5463488064706325531005859375">
        <ele>40.799999237060546875</ele>
        <time>2026-08-25T09:23:03.000Z</time>
        <extensions>
          <ns3:TrackPointExtension>
            <ns3:hr>146</ns3:hr>
            <ns3:cad>84</ns3:cad>
          </ns3:TrackPointExtension>
        </extensions>
      </trkpt>
      <trkpt lat="35.763346217572689056396484375" lon="139.54633464105427265167236328125">
        <ele>40.799999237060546875</ele>
        <time>2026-08-25T09:23:04.000Z</time>
        <extensions>
          <ns3:TrackPointExtension>
            <ns3:hr>147</ns3:hr>
            <ns3:cad>84</ns3:cad>
          </ns3:TrackPointExtension>
        </extensions>
      </trkpt>
      <trkpt lat="35.76333238743245601654052734375" lon="139.54631687141954898834228515625">
        <ele>40.799999237060546875</ele>
        <time>2026-08-25T09:23:05.000Z</time>
        <extensions>
          <ns3:TrackPointExtension>
            <ns3:hr>148</ns3:hr>
            <ns3:cad>83</ns3:cad>
          </ns3:TrackPointExtension>
        </extensions>
      </trkpt>
      <trkpt lat="35.7633182220160961151123046875" lon="139.54629859887063503265380859375">
        <ele>40.799999237060546875</ele>
        <time>2026-08-25T09:23:06.000Z</time>
        <extensions>
          <ns3:TrackPointExtension>
            <ns3:hr>148</ns3:hr>
            <ns3:cad>83</ns3:cad>
          </ns3:TrackPointExtension>
        </extensions>
      </trkpt>
      <trkpt lat="35.76330271549522876739501953125" lon="139.54628233797848224639892578125">
        <ele>40.799999237060546875</ele>
        <time>2026-08-25T09:23:07.000Z</time>
        <extensions>
          <ns3:TrackPointExtension>
            <ns3:hr>148</ns3:hr>
            <ns3:cad>83</ns3:cad>
          </ns3:TrackPointExtension>
        </extensions>
      </trkpt>
      <trkpt lat="35.7632888853549957275390625" lon="139.54626289196312427520751953125">
        <ele>40.799999237060546875</ele>
        <time>2026-08-25T09:23:08.000Z</time>
        <extensions>
          <ns3:TrackPointExtension>
            <ns3:hr>149</ns3:hr>
            <ns3:cad>83</ns3:cad>
          </ns3:TrackPointExtension>
        </extensions>
      </trkpt>
      <trkpt lat="35.76327589340507984161376953125" lon="139.54624763689935207366943359375">
        <ele>40.59999847412109375</ele>
        <time>2026-08-25T09:23:09.000Z</time>
        <extensions>
          <ns3:TrackPointExtension>
            <ns3:hr>149</ns3:hr>
            <ns3:cad>83</ns3:cad>
          </ns3:TrackPointExtension>
        </extensions>
      </trkpt>
      <trkpt lat="35.76326449401676654815673828125" lon="139.54622835852205753326416015625">
        <ele>40.59999847412109375</ele>
        <time>2026-08-25T09:23:10.000Z</time>
        <extensions>
          <ns3:TrackPointExtension>
            <ns3:hr>150</ns3:hr>
            <ns3:cad>83</ns3:cad>
          </ns3:TrackPointExtension>
        </extensions>
      </trkpt>
      <trkpt lat="35.76324664056301116943359375" lon="139.54620908014476299285888671875">
        <ele>40.799999237060546875</ele>
        <time>2026-08-25T09:23:11.000Z</time>
        <extensions>
          <ns3:TrackPointExtension>
            <ns3:hr>150</ns3:hr>
            <ns3:cad>83</ns3:cad>
          </ns3:TrackPointExtension>
        </extensions>
      </trkpt>
      <trkpt lat="35.76323180459439754486083984375" lon="139.54619281925261020660400390625">
        <ele>40.799999237060546875</ele>
        <time>2026-08-25T09:23:12.000Z</time>
        <extensions>
          <ns3:TrackPointExtension>
            <ns3:hr>151</ns3:hr>
            <ns3:cad>83</ns3:cad>
          </ns3:TrackPointExtension>
        </extensions>
      </trkpt>
      <trkpt lat="35.7632164657115936279296875" lon="139.54618007875978946685791015625">
        <ele>41</ele>
        <time>2026-08-25T09:23:13.000Z</time>
        <extensions>
          <ns3:TrackPointExtension>
            <ns3:hr>151</ns3:hr>
            <ns3:cad>83</ns3:cad>
          </ns3:TrackPointExtension>
        </extensions>
      </trkpt>
      <trkpt lat="35.76319559477269649505615234375" lon="139.54616566188633441925048828125">
        <ele>41</ele>
        <time>2026-08-25T09:23:14.000Z</time>
        <extensions>
          <ns3:TrackPointExtension>
            <ns3:hr>152</ns3:hr>
            <ns3:cad>83</ns3:cad>
          </ns3:TrackPointExtension>
        </extensions>
      </trkpt>
      <trkpt lat="35.76317648403346538543701171875" lon="139.546146802604198455810546875">
        <ele>41</ele>
        <time>2026-08-25T09:23:15.000Z</time>
        <extensions>
          <ns3:TrackPointExtension>
            <ns3:hr>152</ns3:hr>
            <ns3:cad>83</ns3:cad>
          </ns3:TrackPointExtension>
        </extensions>
      </trkpt>
      <trkpt lat="35.763160474598407745361328125" lon="139.5461315475404262542724609375">
        <ele>41</ele>
        <time>2026-08-25T09:23:16.000Z</time>
        <extensions>
          <ns3:TrackPointExtension>
            <ns3:hr>152</ns3:hr>
            <ns3:cad>83</ns3:cad>
          </ns3:TrackPointExtension>
        </extensions>
      </trkpt>
      <trkpt lat="35.76314781792461872100830078125" lon="139.5461134426295757293701171875">
        <ele>41</ele>
        <time>2026-08-25T09:23:17.000Z</time>
        <extensions>
          <ns3:TrackPointExtension>
            <ns3:hr>152</ns3:hr>
            <ns3:cad>83</ns3:cad>
          </ns3:TrackPointExtension>
        </extensions>
      </trkpt>
      <trkpt lat="35.763130970299243927001953125" lon="139.546095170080661773681640625">
        <ele>41</ele>
        <time>2026-08-25T09:23:18.000Z</time>
        <extensions>
          <ns3:TrackPointExtension>
            <ns3:hr>152</ns3:hr>
            <ns3:cad>83</ns3:cad>
          </ns3:TrackPointExtension>
        </extensions>
      </trkpt>
      <trkpt lat="35.7631130330264568328857421875" lon="139.54608234576880931854248046875">
        <ele>41</ele>
        <time>2026-08-25T09:23:19.000Z</time>
        <extensions>
          <ns3:TrackPointExtension>
            <ns3:hr>153</ns3:hr>
            <ns3:cad>83</ns3:cad>
          </ns3:TrackPointExtension>
        </extensions>
      </trkpt>
      <trkpt lat="35.76310037635266780853271484375" lon="139.546063654124736785888671875">
        <ele>41</ele>
        <time>2026-08-25T09:23:20.000Z</time>
        <extensions>
          <ns3:TrackPointExtension>
            <ns3:hr>153</ns3:hr>
            <ns3:cad>83</ns3:cad>
          </ns3:TrackPointExtension>
        </extensions>
      </trkpt>
      <trkpt lat="35.76308663003146648406982421875" lon="139.54604077152907848358154296875">
        <ele>41</ele>
        <time>2026-08-25T09:23:21.000Z</time>
        <extensions>
          <ns3:TrackPointExtension>
            <ns3:hr>154</ns3:hr>
            <ns3:cad>84</ns3:cad>
          </ns3:TrackPointExtension>
        </extensions>
      </trkpt>
      <trkpt lat="35.7630691118538379669189453125" lon="139.54602082259953022003173828125">
        <ele>41</ele>
        <time>2026-08-25T09:23:22.000Z</time>
        <extensions>
          <ns3:TrackPointExtension>
            <ns3:hr>154</ns3:hr>
            <ns3:cad>84</ns3:cad>
          </ns3:TrackPointExtension>
        </extensions>
      </trkpt>
      <trkpt lat="35.76304639689624309539794921875" lon="139.54600472934544086456298828125">
        <ele>41</ele>
        <time>2026-08-25T09:23:23.000Z</time>
        <extensions>
          <ns3:TrackPointExtension>
            <ns3:hr>154</ns3:hr>
            <ns3:cad>83</ns3:cad>
          </ns3:TrackPointExtension>
        </extensions>
      </trkpt>
      <trkpt lat="35.7630268670618534088134765625" lon="139.54599014483392238616943359375">
        <ele>40.799999237060546875</ele>
        <time>2026-08-25T09:23:24.000Z</time>
        <extensions>
          <ns3:TrackPointExtension>
            <ns3:hr>153</ns3:hr>
            <ns3:cad>83</ns3:cad>
          </ns3:TrackPointExtension>
        </extensions>
      </trkpt>
      <trkpt lat="35.76300515793263912200927734375" lon="139.545973129570484161376953125">
        <ele>40.799999237060546875</ele>
        <time>2026-08-25T09:23:25.000Z</time>
        <extensions>
          <ns3:TrackPointExtension>
            <ns3:hr>153</ns3:hr>
            <ns3:cad>83</ns3:cad>
          </ns3:TrackPointExtension>
        </extensions>
      </trkpt>
      <trkpt lat="35.762992165982723236083984375" lon="139.5459558628499507904052734375">
        <ele>40.799999237060546875</ele>
        <time>2026-08-25T09:23:26.000Z</time>
        <extensions>
          <ns3:TrackPointExtension>
            <ns3:hr>153</ns3:hr>
            <ns3:cad>83</ns3:cad>
          </ns3:TrackPointExtension>
        </extensions>
      </trkpt>
      <trkpt lat="35.76297582127153873443603515625" lon="139.545944966375827789306640625">
        <ele>40.799999237060546875</ele>
        <time>2026-08-25T09:23:27.000Z</time>
        <extensions>
          <ns3:TrackPointExtension>
            <ns3:hr>153</ns3:hr>
            <ns3:cad>83</ns3:cad>
          </ns3:TrackPointExtension>
        </extensions>
      </trkpt>
      <trkpt lat="35.762958638370037078857421875" lon="139.54593314789235591888427734375">
        <ele>40.799999237060546875</ele>
        <time>2026-08-25T09:23:28.000Z</time>
        <extensions>
          <ns3:TrackPointExtension>
            <ns3:hr>153</ns3:hr>
            <ns3:cad>83</ns3:cad>
          </ns3:TrackPointExtension>
        </extensions>
      </trkpt>
      <trkpt lat="35.76293525286018848419189453125" lon="139.54592543654143810272216796875">
        <ele>40.799999237060546875</ele>
        <time>2026-08-25T09:23:29.000Z</time>
        <extensions>
          <ns3:TrackPointExtension>
            <ns3:hr>153</ns3:hr>
            <ns3:cad>83</ns3:cad>
          </ns3:TrackPointExtension>
        </extensions>
      </trkpt>
      <trkpt lat="35.7629145495593547821044921875" lon="139.545920155942440032958984375">
        <ele>40.59999847412109375</ele>
        <time>2026-08-25T09:23:30.000Z</time>
        <extensions>
          <ns3:TrackPointExtension>
            <ns3:hr>153</ns3:hr>
            <ns3:cad>83</ns3:cad>
          </ns3:TrackPointExtension>
        </extensions>
      </trkpt>
      <trkpt lat="35.762894265353679656982421875" lon="139.54591068439185619354248046875">
        <ele>40.59999847412109375</ele>
        <time>2026-08-25T09:23:31.000Z</time>
        <extensions>
          <ns3:TrackPointExtension>
            <ns3:hr>153</ns3:hr>
            <ns3:cad>83</ns3:cad>
          </ns3:TrackPointExtension>
        </extensions>
      </trkpt>
      <trkpt lat="35.76287247240543365478515625" lon="139.5458992011845111846923828125">
        <ele>40.59999847412109375</ele>
        <time>2026-08-25T09:23:32.000Z</time>
        <extensions>
          <ns3:TrackPointExtension>
            <ns3:hr>153</ns3:hr>
            <ns3:cad>82</ns3:cad>
          </ns3:TrackPointExtension>
        </extensions>
      </trkpt>
      <trkpt lat="35.7628545351326465606689453125" lon="139.545883275568485260009765625">
        <ele>40.59999847412109375</ele>
        <time>2026-08-25T09:23:33.000Z</time>
        <extensions>
          <ns3:TrackPointExtension>
            <ns3:hr>153</ns3:hr>
            <ns3:cad>82</ns3:cad>
          </ns3:TrackPointExtension>
        </extensions>
      </trkpt>
      <trkpt lat="35.76283718459308147430419921875" lon="139.54586659558117389678955078125">
        <ele>40.59999847412109375</ele>
        <time>2026-08-25T09:23:34.000Z</time>
        <extensions>
          <ns3:TrackPointExtension>
            <ns3:hr>153</ns3:hr>
            <ns3:cad>82</ns3:cad>
          </ns3:TrackPointExtension>
        </extensions>
      </trkpt>
      <trkpt lat="35.76281824149191379547119140625" lon="139.54585016705095767974853515625">
        <ele>40.59999847412109375</ele>
        <time>2026-08-25T09:23:35.000Z</time>
        <extensions>
          <ns3:TrackPointExtension>
            <ns3:hr>153</ns3:hr>
            <ns3:cad>82</ns3:cad>
          </ns3:TrackPointExtension>
        </extensions>
      </trkpt>
      <trkpt lat="35.7628005556762218475341796875" lon="139.5458391867578029632568359375">
        <ele>40.59999847412109375</ele>
        <time>2026-08-25T09:23:36.000Z</time>
        <extensions>
          <ns3:TrackPointExtension>
            <ns3:hr>153</ns3:hr>
            <ns3:cad>82</ns3:cad>
          </ns3:TrackPointExtension>
        </extensions>
      </trkpt>
      <trkpt lat="35.7627851329743862152099609375" lon="139.5458287931978702545166015625">
        <ele>40.59999847412109375</ele>
        <time>2026-08-25T09:23:37.000Z</time>
        <extensions>
          <ns3:TrackPointExtension>
            <ns3:hr>153</ns3:hr>
            <ns3:cad>82</ns3:cad>
          </ns3:TrackPointExtension>
        </extensions>
      </trkpt>
      <trkpt lat="35.76276719570159912109375" lon="139.54581965692341327667236328125">
        <ele>40.59999847412109375</ele>
        <time>2026-08-25T09:23:38.000Z</time>
        <extensions>
          <ns3:TrackPointExtension>
            <ns3:hr>153</ns3:hr>
            <ns3:cad>81</ns3:cad>
          </ns3:TrackPointExtension>
        </extensions>
      </trkpt>
      <trkpt lat="35.762754119932651519775390625" lon="139.54580473713576793670654296875">
        <ele>40.59999847412109375</ele>
        <time>2026-08-25T09:23:39.000Z</time>
        <extensions>
          <ns3:TrackPointExtension>
            <ns3:hr>153</ns3:hr>
            <ns3:cad>81</ns3:cad>
          </ns3:TrackPointExtension>
        </extensions>
      </trkpt>
      <trkpt lat="35.76273433864116668701171875" lon="139.5457904040813446044921875">
        <ele>40.59999847412109375</ele>
        <time>2026-08-25T09:23:40.000Z</time>
        <extensions>
          <ns3:TrackPointExtension>
            <ns3:hr>153</ns3:hr>
            <ns3:cad>82</ns3:cad>
          </ns3:TrackPointExtension>
        </extensions>
      </trkpt>
      <trkpt lat="35.76271564699709415435791015625" lon="139.54578160308301448822021484375">
        <ele>40.59999847412109375</ele>
        <time>2026-08-25T09:23:41.000Z</time>
        <extensions>
          <ns3:TrackPointExtension>
            <ns3:hr>154</ns3:hr>
            <ns3:cad>82</ns3:cad>
          </ns3:TrackPointExtension>
        </extensions>
      </trkpt>
      <trkpt lat="35.762695781886577606201171875" lon="139.54577338881790637969970703125">
        <ele>40.799999237060546875</ele>
        <time>2026-08-25T09:23:42.000Z</time>
        <extensions>
          <ns3:TrackPointExtension>
            <ns3:hr>154</ns3:hr>
            <ns3:cad>82</ns3:cad>
          </ns3:TrackPointExtension>
        </extensions>
      </trkpt>
      <trkpt lat="35.7626765035092830657958984375" lon="139.5457684434950351715087890625">
        <ele>40.799999237060546875</ele>
        <time>2026-08-25T09:23:43.000Z</time>
        <extensions>
          <ns3:TrackPointExtension>
            <ns3:hr>155</ns3:hr>
            <ns3:cad>82</ns3:cad>
          </ns3:TrackPointExtension>
        </extensions>
      </trkpt>
      <trkpt lat="35.76265345327556133270263671875" lon="139.5457563735544681549072265625">
        <ele>40.59999847412109375</ele>
        <time>2026-08-25T09:23:44.000Z</time>
        <extensions>
          <ns3:TrackPointExtension>
            <ns3:hr>154</ns3:hr>
            <ns3:cad>82</ns3:cad>
          </ns3:TrackPointExtension>
        </extensions>
      </trkpt>
      <trkpt lat="35.76263333670794963836669921875" lon="139.54575025476515293121337890625">
        <ele>40.59999847412109375</ele>
        <time>2026-08-25T09:23:45.000Z</time>
        <extensions>
          <ns3:TrackPointExtension>
            <ns3:hr>154</ns3:hr>
            <ns3:cad>83</ns3:cad>
          </ns3:TrackPointExtension>
        </extensions>
      </trkpt>
      <trkpt lat="35.762611962854862213134765625" lon="139.54574438743293285369873046875">
        <ele>40.59999847412109375</ele>
        <time>2026-08-25T09:23:46.000Z</time>
        <extensions>
          <ns3:TrackPointExtension>
            <ns3:hr>154</ns3:hr>
            <ns3:cad>83</ns3:cad>
          </ns3:TrackPointExtension>
        </extensions>
      </trkpt>
      <trkpt lat="35.7625888288021087646484375" lon="139.545736424624919891357421875">
        <ele>40.59999847412109375</ele>
        <time>2026-08-25T09:23:47.000Z</time>
        <extensions>
          <ns3:TrackPointExtension>
            <ns3:hr>155</ns3:hr>
            <ns3:cad>82</ns3:cad>
          </ns3:TrackPointExtension>
        </extensions>
      </trkpt>
      <trkpt lat="35.76257097534835338592529296875" lon="139.54573231749236583709716796875">
        <ele>40.59999847412109375</ele>
        <time>2026-08-25T09:23:48.000Z</time>
        <extensions>
          <ns3:TrackPointExtension>
            <ns3:hr>155</ns3:hr>
            <ns3:cad>82</ns3:cad>
          </ns3:TrackPointExtension>
        </extensions>
      </trkpt>
      <trkpt lat="35.76255253516137599945068359375" lon="139.545720331370830535888671875">
        <ele>40.59999847412109375</ele>
        <time>2026-08-25T09:23:49.000Z</time>
        <extensions>
          <ns3:TrackPointExtension>
            <ns3:hr>155</ns3:hr>
            <ns3:cad>82</ns3:cad>
          </ns3:TrackPointExtension>
        </extensions>
      </trkpt>
      <trkpt lat="35.76253493316471576690673828125" lon="139.54570733942091464996337890625">
        <ele>40.59999847412109375</ele>
        <time>2026-08-25T09:23:50.000Z</time>
        <extensions>
          <ns3:TrackPointExtension>
            <ns3:hr>155</ns3:hr>
            <ns3:cad>83</ns3:cad>
          </ns3:TrackPointExtension>
        </extensions>
      </trkpt>
      <trkpt lat="35.76251900754868984222412109375" lon="139.54569493420422077178955078125">
        <ele>40.59999847412109375</ele>
        <time>2026-08-25T09:23:51.000Z</time>
        <extensions>
          <ns3:TrackPointExtension>
            <ns3:hr>155</ns3:hr>
            <ns3:cad>83</ns3:cad>
          </ns3:TrackPointExtension>
        </extensions>
      </trkpt>
      <trkpt lat="35.76250459067523479461669921875" lon="139.5456795953214168548583984375">
        <ele>40.59999847412109375</ele>
        <time>2026-08-25T09:23:52.000Z</time>
        <extensions>
          <ns3:TrackPointExtension>
            <ns3:hr>155</ns3:hr>
            <ns3:cad>83</ns3:cad>
          </ns3:TrackPointExtension>
        </extensions>
      </trkpt>
      <trkpt lat="35.7624884136021137237548828125" lon="139.5456643402576446533203125">
        <ele>40.59999847412109375</ele>
        <time>2026-08-25T09:23:53.000Z</time>
        <extensions>
          <ns3:TrackPointExtension>
            <ns3:hr>155</ns3:hr>
            <ns3:cad>83</ns3:cad>
          </ns3:TrackPointExtension>
        </extensions>
      </trkpt>
      <trkpt lat="35.76247139833867549896240234375" lon="139.5456524379551410675048828125">
        <ele>40.59999847412109375</ele>
        <time>2026-08-25T09:23:54.000Z</time>
        <extensions>
          <ns3:TrackPointExtension>
            <ns3:hr>155</ns3:hr>
            <ns3:cad>83</ns3:cad>
          </ns3:TrackPointExtension>
        </extensions>
      </trkpt>
      <trkpt lat="35.76245136559009552001953125" lon="139.54564162530004978179931640625">
        <ele>40.59999847412109375</ele>
        <time>2026-08-25T09:23:55.000Z</time>
        <extensions>
          <ns3:TrackPointExtension>
            <ns3:hr>155</ns3:hr>
            <ns3:cad>83</ns3:cad>
          </ns3:TrackPointExtension>
        </extensions>
      </trkpt>
      <trkpt lat="35.76243200339376926422119140625" lon="139.54563206993043422698974609375">
        <ele>40.59999847412109375</ele>
        <time>2026-08-25T09:23:56.000Z</time>
        <extensions>
          <ns3:TrackPointExtension>
            <ns3:hr>155</ns3:hr>
            <ns3:cad>83</ns3:cad>
          </ns3:TrackPointExtension>
        </extensions>
      </trkpt>
      <trkpt lat="35.76241247355937957763671875" lon="139.54562268219888210296630859375">
        <ele>40.59999847412109375</ele>
        <time>2026-08-25T09:23:57.000Z</time>
        <extensions>
          <ns3:TrackPointExtension>
            <ns3:hr>155</ns3:hr>
            <ns3:cad>83</ns3:cad>
          </ns3:TrackPointExtension>
        </extensions>
      </trkpt>
      <trkpt lat="35.76238942332565784454345703125" lon="139.5456192456185817718505859375">
        <ele>40.59999847412109375</ele>
        <time>2026-08-25T09:23:58.000Z</time>
        <extensions>
          <ns3:TrackPointExtension>
            <ns3:hr>155</ns3:hr>
            <ns3:cad>83</ns3:cad>
          </ns3:TrackPointExtension>
        </extensions>
      </trkpt>
      <trkpt lat="35.76236821711063385009765625" lon="139.54561178572475910186767578125">
        <ele>40.59999847412109375</ele>
        <time>2026-08-25T09:23:59.000Z</time>
        <extensions>
          <ns3:TrackPointExtension>
            <ns3:hr>155</ns3:hr>
            <ns3:cad>83</ns3:cad>
          </ns3:TrackPointExtension>
        </extensions>
      </trkpt>
      <trkpt lat="35.76234818436205387115478515625" lon="139.54560005106031894683837890625">
        <ele>40.59999847412109375</ele>
        <time>2026-08-25T09:24:00.000Z</time>
        <extensions>
          <ns3:TrackPointExtension>
            <ns3:hr>155</ns3:hr>
            <ns3:cad>83</ns3:cad>
          </ns3:TrackPointExtension>
        </extensions>
      </trkpt>
      <trkpt lat="35.76232756488025188446044921875" lon="139.54558982513844966888427734375">
        <ele>40.59999847412109375</ele>
        <time>2026-08-25T09:24:01.000Z</time>
        <extensions>
          <ns3:TrackPointExtension>
            <ns3:hr>155</ns3:hr>
            <ns3:cad>83</ns3:cad>
          </ns3:TrackPointExtension>
        </extensions>
      </trkpt>
      <trkpt lat="35.76231281273066997528076171875" lon="139.54557825811207294464111328125">
        <ele>40.59999847412109375</ele>
        <time>2026-08-25T09:24:02.000Z</time>
        <extensions>
          <ns3:TrackPointExtension>
            <ns3:hr>155</ns3:hr>
            <ns3:cad>83</ns3:cad>
          </ns3:TrackPointExtension>
        </extensions>
      </trkpt>
      <trkpt lat="35.7622973062098026275634765625" lon="139.54556887038052082061767578125">
        <ele>40.59999847412109375</ele>
        <time>2026-08-25T09:24:03.000Z</time>
        <extensions>
          <ns3:TrackPointExtension>
            <ns3:hr>155</ns3:hr>
            <ns3:cad>83</ns3:cad>
          </ns3:TrackPointExtension>
        </extensions>
      </trkpt>
      <trkpt lat="35.76227836310863494873046875" lon="139.54556099139153957366943359375">
        <ele>40.59999847412109375</ele>
        <time>2026-08-25T09:24:04.000Z</time>
        <extensions>
          <ns3:TrackPointExtension>
            <ns3:hr>155</ns3:hr>
            <ns3:cad>81</ns3:cad>
          </ns3:TrackPointExtension>
        </extensions>
      </trkpt>
      <trkpt lat="35.76226361095905303955078125" lon="139.54555730335414409637451171875">
        <ele>40.59999847412109375</ele>
        <time>2026-08-25T09:24:05.000Z</time>
        <extensions>
          <ns3:TrackPointExtension>
            <ns3:hr>155</ns3:hr>
            <ns3:cad>80</ns3:cad>
          </ns3:TrackPointExtension>
        </extensions>
      </trkpt>
      <trkpt lat="35.76224810443818569183349609375" lon="139.5455501787364482879638671875">
        <ele>40.799999237060546875</ele>
        <time>2026-08-25T09:24:06.000Z</time>
        <extensions>
          <ns3:TrackPointExtension>
            <ns3:hr>155</ns3:hr>
            <ns3:cad>79</ns3:cad>
          </ns3:TrackPointExtension>
        </extensions>
      </trkpt>
      <trkpt lat="35.76223033480346202850341796875" lon="139.54554154537618160247802734375">
        <ele>41</ele>
        <time>2026-08-25T09:24:07.000Z</time>
        <extensions>
          <ns3:TrackPointExtension>
            <ns3:hr>155</ns3:hr>
            <ns3:cad>79</ns3:cad>
          </ns3:TrackPointExtension>
        </extensions>
      </trkpt>
      <trkpt lat="35.76221021823585033416748046875" lon="139.5455357618629932403564453125">
        <ele>41</ele>
        <time>2026-08-25T09:24:08.000Z</time>
        <extensions>
          <ns3:TrackPointExtension>
            <ns3:hr>154</ns3:hr>
            <ns3:cad>78</ns3:cad>
          </ns3:TrackPointExtension>
        </extensions>
      </trkpt>
      <trkpt lat="35.7621856592595577239990234375" lon="139.54552955925464630126953125">
        <ele>41</ele>
        <time>2026-08-25T09:24:09.000Z</time>
        <extensions>
          <ns3:TrackPointExtension>
            <ns3:hr>154</ns3:hr>
            <ns3:cad>78</ns3:cad>
          </ns3:TrackPointExtension>
        </extensions>
      </trkpt>
      <trkpt lat="35.76216763816773891448974609375" lon="139.54552226699888706207275390625">
        <ele>41</ele>
        <time>2026-08-25T09:24:10.000Z</time>
        <extensions>
          <ns3:TrackPointExtension>
            <ns3:hr>154</ns3:hr>
            <ns3:cad>79</ns3:cad>
          </ns3:TrackPointExtension>
        </extensions>
      </trkpt>
      <trkpt lat="35.76215171255171298980712890625" lon="139.54551321454346179962158203125">
        <ele>41</ele>
        <time>2026-08-25T09:24:11.000Z</time>
        <extensions>
          <ns3:TrackPointExtension>
            <ns3:hr>153</ns3:hr>
            <ns3:cad>80</ns3:cad>
          </ns3:TrackPointExtension>
        </extensions>
      </trkpt>
      <trkpt lat="35.7621333561837673187255859375" lon="139.5455055870115756988525390625">
        <ele>41</ele>
        <time>2026-08-25T09:24:12.000Z</time>
        <extensions>
          <ns3:TrackPointExtension>
            <ns3:hr>153</ns3:hr>
            <ns3:cad>80</ns3:cad>
          </ns3:TrackPointExtension>
        </extensions>
      </trkpt>
      <trkpt lat="35.76211265288293361663818359375" lon="139.545497708022594451904296875">
        <ele>41.200000762939453125</ele>
        <time>2026-08-25T09:24:13.000Z</time>
        <extensions>
          <ns3:TrackPointExtension>
            <ns3:hr>153</ns3:hr>
            <ns3:cad>81</ns3:cad>
          </ns3:TrackPointExtension>
        </extensions>
      </trkpt>
      <trkpt lat="35.76209203340113162994384765625" lon="139.5454894937574863433837890625">
        <ele>41.200000762939453125</ele>
        <time>2026-08-25T09:24:14.000Z</time>
        <extensions>
          <ns3:TrackPointExtension>
            <ns3:hr>153</ns3:hr>
            <ns3:cad>81</ns3:cad>
          </ns3:TrackPointExtension>
        </extensions>
      </trkpt>
      <trkpt lat="35.76207627542316913604736328125" lon="139.54548035748302936553955078125">
        <ele>41.40000152587890625</ele>
        <time>2026-08-25T09:24:15.000Z</time>
        <extensions>
          <ns3:TrackPointExtension>
            <ns3:hr>152</ns3:hr>
            <ns3:cad>81</ns3:cad>
          </ns3:TrackPointExtension>
        </extensions>
      </trkpt>
      <trkpt lat="35.762061439454555511474609375" lon="139.54547013156116008758544921875">
        <ele>41.40000152587890625</ele>
        <time>2026-08-25T09:24:16.000Z</time>
        <extensions>
          <ns3:TrackPointExtension>
            <ns3:hr>152</ns3:hr>
            <ns3:cad>81</ns3:cad>
          </ns3:TrackPointExtension>
        </extensions>
      </trkpt>
      <trkpt lat="35.7620418258011341094970703125" lon="139.545459486544132232666015625">
        <ele>41.40000152587890625</ele>
        <time>2026-08-25T09:24:17.000Z</time>
        <extensions>
          <ns3:TrackPointExtension>
            <ns3:hr>152</ns3:hr>
            <ns3:cad>81</ns3:cad>
          </ns3:TrackPointExtension>
        </extensions>
      </trkpt>
      <trkpt lat="35.76202615164220333099365234375" lon="139.5454482547938823699951171875">
        <ele>41.40000152587890625</ele>
        <time>2026-08-25T09:24:18.000Z</time>
        <extensions>
          <ns3:TrackPointExtension>
            <ns3:hr>152</ns3:hr>
            <ns3:cad>81</ns3:cad>
          </ns3:TrackPointExtension>
        </extensions>
      </trkpt>
      <trkpt lat="35.76201391406357288360595703125" lon="139.545437358319759368896484375">
        <ele>41.40000152587890625</ele>
        <time>2026-08-25T09:24:19.000Z</time>
        <extensions>
          <ns3:TrackPointExtension>
            <ns3:hr>151</ns3:hr>
            <ns3:cad>81</ns3:cad>
          </ns3:TrackPointExtension>
        </extensions>
      </trkpt>
      <trkpt lat="35.762001089751720428466796875" lon="139.54542688094079494476318359375">
        <ele>41.40000152587890625</ele>
        <time>2026-08-25T09:24:20.000Z</time>
        <extensions>
          <ns3:TrackPointExtension>
            <ns3:hr>151</ns3:hr>
            <ns3:cad>81</ns3:cad>
          </ns3:TrackPointExtension>
        </extensions>
      </trkpt>
      <trkpt lat="35.7619868405163288116455078125" lon="139.54541699029505252838134765625">
        <ele>41.40000152587890625</ele>
        <time>2026-08-25T09:24:21.000Z</time>
        <extensions>
          <ns3:TrackPointExtension>
            <ns3:hr>151</ns3:hr>
            <ns3:cad>81</ns3:cad>
          </ns3:TrackPointExtension>
        </extensions>
      </trkpt>
      <trkpt lat="35.76196932233870029449462890625" lon="139.54540827311575412750244140625">
        <ele>41.40000152587890625</ele>
        <time>2026-08-25T09:24:22.000Z</time>
        <extensions>
          <ns3:TrackPointExtension>
            <ns3:hr>151</ns3:hr>
            <ns3:cad>80</ns3:cad>
          </ns3:TrackPointExtension>
        </extensions>
      </trkpt>
      <trkpt lat="35.7619482837617397308349609375" lon="139.54540207050740718841552734375">
        <ele>41.40000152587890625</ele>
        <time>2026-08-25T09:24:23.000Z</time>
        <extensions>
          <ns3:TrackPointExtension>
            <ns3:hr>150</ns3:hr>
            <ns3:cad>80</ns3:cad>
          </ns3:TrackPointExtension>
        </extensions>
      </trkpt>
      <trkpt lat="35.76193009503185749053955078125" lon="139.54539368860423564910888671875">
        <ele>41.200000762939453125</ele>
        <time>2026-08-25T09:24:24.000Z</time>
        <extensions>
          <ns3:TrackPointExtension>
            <ns3:hr>150</ns3:hr>
            <ns3:cad>80</ns3:cad>
          </ns3:TrackPointExtension>
        </extensions>
      </trkpt>
      <trkpt lat="35.7619177736341953277587890625" lon="139.54538078047335147857666015625">
        <ele>41.200000762939453125</ele>
        <time>2026-08-25T09:24:25.000Z</time>
        <extensions>
          <ns3:TrackPointExtension>
            <ns3:hr>150</ns3:hr>
            <ns3:cad>80</ns3:cad>
          </ns3:TrackPointExtension>
        </extensions>
      </trkpt>
      <trkpt lat="35.76190528459846973419189453125" lon="139.54536787234246730804443359375">
        <ele>41</ele>
        <time>2026-08-25T09:24:26.000Z</time>
        <extensions>
          <ns3:TrackPointExtension>
            <ns3:hr>151</ns3:hr>
            <ns3:cad>80</ns3:cad>
          </ns3:TrackPointExtension>
        </extensions>
      </trkpt>
      <trkpt lat="35.76189086772501468658447265625" lon="139.5453590713441371917724609375">
        <ele>41</ele>
        <time>2026-08-25T09:24:27.000Z</time>
        <extensions>
          <ns3:TrackPointExtension>
            <ns3:hr>151</ns3:hr>
            <ns3:cad>80</ns3:cad>
          </ns3:TrackPointExtension>
        </extensions>
      </trkpt>
      <trkpt lat="35.76187737286090850830078125" lon="139.5453483425080776214599609375">
        <ele>41</ele>
        <time>2026-08-25T09:24:28.000Z</time>
        <extensions>
          <ns3:TrackPointExtension>
            <ns3:hr>151</ns3:hr>
            <ns3:cad>81</ns3:cad>
          </ns3:TrackPointExtension>
        </extensions>
      </trkpt>
      <trkpt lat="35.7618621177971363067626953125" lon="139.54533912241458892822265625">
        <ele>41</ele>
        <time>2026-08-25T09:24:29.000Z</time>
        <extensions>
          <ns3:TrackPointExtension>
            <ns3:hr>150</ns3:hr>
            <ns3:cad>80</ns3:cad>
          </ns3:TrackPointExtension>
        </extensions>
      </trkpt>
      <trkpt lat="35.76184527017176151275634765625" lon="139.54533241689205169677734375">
        <ele>41</ele>
        <time>2026-08-25T09:24:30.000Z</time>
        <extensions>
          <ns3:TrackPointExtension>
            <ns3:hr>150</ns3:hr>
            <ns3:cad>80</ns3:cad>
          </ns3:TrackPointExtension>
        </extensions>
      </trkpt>
      <trkpt lat="35.7618306018412113189697265625" lon="139.5453231967985630035400390625">
        <ele>41</ele>
        <time>2026-08-25T09:24:31.000Z</time>
        <extensions>
          <ns3:TrackPointExtension>
            <ns3:hr>150</ns3:hr>
            <ns3:cad>80</ns3:cad>
          </ns3:TrackPointExtension>
        </extensions>
      </trkpt>
      <trkpt lat="35.7618192024528980255126953125" lon="139.5453074388206005096435546875">
        <ele>41</ele>
        <time>2026-08-25T09:24:32.000Z</time>
        <extensions>
          <ns3:TrackPointExtension>
            <ns3:hr>149</ns3:hr>
            <ns3:cad>79</ns3:cad>
          </ns3:TrackPointExtension>
        </extensions>
      </trkpt>
      <trkpt lat="35.7618083059787750244140625" lon="139.54528958536684513092041015625">
        <ele>40.799999237060546875</ele>
        <time>2026-08-25T09:24:33.000Z</time>
        <extensions>
          <ns3:TrackPointExtension>
            <ns3:hr>148</ns3:hr>
            <ns3:cad>78</ns3:cad>
          </ns3:TrackPointExtension>
        </extensions>
      </trkpt>
      <trkpt lat="35.76179464347660541534423828125" lon="139.54527634195983409881591796875">
        <ele>40.799999237060546875</ele>
        <time>2026-08-25T09:24:34.000Z</time>
        <extensions>
          <ns3:TrackPointExtension>
            <ns3:hr>148</ns3:hr>
            <ns3:cad>78</ns3:cad>
          </ns3:TrackPointExtension>
        </extensions>
      </trkpt>
      <trkpt lat="35.76178014278411865234375" lon="139.5452628470957279205322265625">
        <ele>41</ele>
        <time>2026-08-25T09:24:35.000Z</time>
        <extensions>
          <ns3:TrackPointExtension>
            <ns3:hr>148</ns3:hr>
            <ns3:cad>78</ns3:cad>
          </ns3:TrackPointExtension>
        </extensions>
      </trkpt>
      <trkpt lat="35.76176865957677364349365234375" lon="139.54524851404130458831787109375">
        <ele>41</ele>
        <time>2026-08-25T09:24:36.000Z</time>
        <extensions>
          <ns3:TrackPointExtension>
            <ns3:hr>148</ns3:hr>
            <ns3:cad>78</ns3:cad>
          </ns3:TrackPointExtension>
        </extensions>
      </trkpt>
      <trkpt lat="35.76175508089363574981689453125" lon="139.54523845575749874114990234375">
        <ele>41</ele>
        <time>2026-08-25T09:24:37.000Z</time>
        <extensions>
          <ns3:TrackPointExtension>
            <ns3:hr>148</ns3:hr>
            <ns3:cad>79</ns3:cad>
          </ns3:TrackPointExtension>
        </extensions>
      </trkpt>
      <trkpt lat="35.7617427594959735870361328125" lon="139.54522839747369289398193359375">
        <ele>41</ele>
        <time>2026-08-25T09:24:38.000Z</time>
        <extensions>
          <ns3:TrackPointExtension>
            <ns3:hr>148</ns3:hr>
            <ns3:cad>79</ns3:cad>
          </ns3:TrackPointExtension>
        </extensions>
      </trkpt>
      <trkpt lat="35.7617300190031528472900390625" lon="139.545220769941806793212890625">
        <ele>41</ele>
        <time>2026-08-25T09:24:39.000Z</time>
        <extensions>
          <ns3:TrackPointExtension>
            <ns3:hr>147</ns3:hr>
            <ns3:cad>79</ns3:cad>
          </ns3:TrackPointExtension>
        </extensions>
      </trkpt>
      <trkpt lat="35.76171752996742725372314453125" lon="139.54521062783896923065185546875">
        <ele>41.200000762939453125</ele>
        <time>2026-08-25T09:24:40.000Z</time>
        <extensions>
          <ns3:TrackPointExtension>
            <ns3:hr>147</ns3:hr>
            <ns3:cad>79</ns3:cad>
          </ns3:TrackPointExtension>
        </extensions>
      </trkpt>
      <trkpt lat="35.76170529238879680633544921875" lon="139.5452011562883853912353515625">
        <ele>41.200000762939453125</ele>
        <time>2026-08-25T09:24:41.000Z</time>
        <extensions>
          <ns3:TrackPointExtension>
            <ns3:hr>146</ns3:hr>
            <ns3:cad>79</ns3:cad>
          </ns3:TrackPointExtension>
        </extensions>
      </trkpt>
      <trkpt lat="35.76169230043888092041015625" lon="139.5451900921761989593505859375">
        <ele>41.200000762939453125</ele>
        <time>2026-08-25T09:24:42.000Z</time>
        <extensions>
          <ns3:TrackPointExtension>
            <ns3:hr>146</ns3:hr>
            <ns3:cad>79</ns3:cad>
          </ns3:TrackPointExtension>
        </extensions>
      </trkpt>
      <trkpt lat="35.76167997904121875762939453125" lon="139.54518078826367855072021484375">
        <ele>41.200000762939453125</ele>
        <time>2026-08-25T09:24:43.000Z</time>
        <extensions>
          <ns3:TrackPointExtension>
            <ns3:hr>146</ns3:hr>
            <ns3:cad>80</ns3:cad>
          </ns3:TrackPointExtension>
        </extensions>
      </trkpt>
      <trkpt lat="35.76166690327227115631103515625" lon="139.54516804777085781097412109375">
        <ele>41.200000762939453125</ele>
        <time>2026-08-25T09:24:44.000Z</time>
        <extensions>
          <ns3:TrackPointExtension>
            <ns3:hr>145</ns3:hr>
            <ns3:cad>80</ns3:cad>
          </ns3:TrackPointExtension>
        </extensions>
      </trkpt>
      <trkpt lat="35.76165550388395786285400390625" lon="139.545153714716434478759765625">
        <ele>41.200000762939453125</ele>
        <time>2026-08-25T09:24:45.000Z</time>
        <extensions>
          <ns3:TrackPointExtension>
            <ns3:hr>145</ns3:hr>
            <ns3:cad>79</ns3:cad>
          </ns3:TrackPointExtension>
        </extensions>
      </trkpt>
      <trkpt lat="35.76164108701050281524658203125" lon="139.54514407552778720855712890625">
        <ele>41.200000762939453125</ele>
        <time>2026-08-25T09:24:46.000Z</time>
        <extensions>
          <ns3:TrackPointExtension>
            <ns3:hr>145</ns3:hr>
            <ns3:cad>78</ns3:cad>
          </ns3:TrackPointExtension>
        </extensions>
      </trkpt>
      <trkpt lat="35.76162566430866718292236328125" lon="139.54513552598655223846435546875">
        <ele>41.200000762939453125</ele>
        <time>2026-08-25T09:24:47.000Z</time>
        <extensions>
          <ns3:TrackPointExtension>
            <ns3:hr>145</ns3:hr>
            <ns3:cad>77</ns3:cad>
          </ns3:TrackPointExtension>
        </extensions>
      </trkpt>
      <trkpt lat="35.76161007396876811981201171875" lon="139.545123875141143798828125">
        <ele>41.200000762939453125</ele>
        <time>2026-08-25T09:24:48.000Z</time>
        <extensions>
          <ns3:TrackPointExtension>
            <ns3:hr>145</ns3:hr>
            <ns3:cad>77</ns3:cad>
          </ns3:TrackPointExtension>
        </extensions>
      </trkpt>
      <trkpt lat="35.76159716583788394927978515625" lon="139.5451139844954013824462890625">
        <ele>41.200000762939453125</ele>
        <time>2026-08-25T09:24:49.000Z</time>
        <extensions>
          <ns3:TrackPointExtension>
            <ns3:hr>145</ns3:hr>
            <ns3:cad>79</ns3:cad>
          </ns3:TrackPointExtension>
        </extensions>
      </trkpt>
      <trkpt lat="35.76158341951668262481689453125" lon="139.54510451294481754302978515625">
        <ele>41.200000762939453125</ele>
        <time>2026-08-25T09:24:50.000Z</time>
        <extensions>
          <ns3:TrackPointExtension>
            <ns3:hr>145</ns3:hr>
            <ns3:cad>79</ns3:cad>
          </ns3:TrackPointExtension>
        </extensions>
      </trkpt>
      <trkpt lat="35.7615721039474010467529296875" lon="139.545090682804584503173828125">
        <ele>41.200000762939453125</ele>
        <time>2026-08-25T09:24:51.000Z</time>
        <extensions>
          <ns3:TrackPointExtension>
            <ns3:hr>145</ns3:hr>
            <ns3:cad>79</ns3:cad>
          </ns3:TrackPointExtension>
        </extensions>
      </trkpt>
      <trkpt lat="35.76155777089297771453857421875" lon="139.545077942311763763427734375">
        <ele>41.200000762939453125</ele>
        <time>2026-08-25T09:24:52.000Z</time>
        <extensions>
          <ns3:TrackPointExtension>
            <ns3:hr>145</ns3:hr>
            <ns3:cad>79</ns3:cad>
          </ns3:TrackPointExtension>
        </extensions>
      </trkpt>
      <trkpt lat="35.7615422643721103668212890625" lon="139.5450640283524990081787109375">
        <ele>41.200000762939453125</ele>
        <time>2026-08-25T09:24:53.000Z</time>
        <extensions>
          <ns3:TrackPointExtension>
            <ns3:hr>145</ns3:hr>
            <ns3:cad>79</ns3:cad>
          </ns3:TrackPointExtension>
        </extensions>
      </trkpt>
      <trkpt lat="35.7615248300135135650634765625" lon="139.545051120221614837646484375">
        <ele>41.200000762939453125</ele>
        <time>2026-08-25T09:24:54.000Z</time>
        <extensions>
          <ns3:TrackPointExtension>
            <ns3:hr>145</ns3:hr>
            <ns3:cad>79</ns3:cad>
          </ns3:TrackPointExtension>
        </extensions>
      </trkpt>
      <trkpt lat="35.76150856912136077880859375" lon="139.5450341887772083282470703125">
        <ele>41.200000762939453125</ele>
        <time>2026-08-25T09:24:55.000Z</time>
        <extensions>
          <ns3:TrackPointExtension>
            <ns3:hr>145</ns3:hr>
            <ns3:cad>79</ns3:cad>
          </ns3:TrackPointExtension>
        </extensions>
      </trkpt>
      <trkpt lat="35.7614936493337154388427734375" lon="139.54501750878989696502685546875">
        <ele>41.200000762939453125</ele>
        <time>2026-08-25T09:24:56.000Z</time>
        <extensions>
          <ns3:TrackPointExtension>
            <ns3:hr>144</ns3:hr>
            <ns3:cad>81</ns3:cad>
          </ns3:TrackPointExtension>
        </extensions>
      </trkpt>
      <trkpt lat="35.76147143729031085968017578125" lon="139.54500426538288593292236328125">
        <ele>41.200000762939453125</ele>
        <time>2026-08-25T09:24:57.000Z</time>
        <extensions>
          <ns3:TrackPointExtension>
            <ns3:hr>144</ns3:hr>
            <ns3:cad>81</ns3:cad>
          </ns3:TrackPointExtension>
        </extensions>
      </trkpt>
      <trkpt lat="35.76145618222653865814208984375" lon="139.5449882559478282928466796875">
        <ele>41.200000762939453125</ele>
        <time>2026-08-25T09:24:58.000Z</time>
        <extensions>
          <ns3:TrackPointExtension>
            <ns3:hr>144</ns3:hr>
            <ns3:cad>81</ns3:cad>
          </ns3:TrackPointExtension>
        </extensions>
      </trkpt>
      <trkpt lat="35.761441178619861602783203125" lon="139.54497442580759525299072265625">
        <ele>41.200000762939453125</ele>
        <time>2026-08-25T09:24:59.000Z</time>
        <extensions>
          <ns3:TrackPointExtension>
            <ns3:hr>144</ns3:hr>
            <ns3:cad>81</ns3:cad>
          </ns3:TrackPointExtension>
        </extensions>
      </trkpt>
      <trkpt lat="35.761426426470279693603515625" lon="139.5449600927531719207763671875">
        <ele>41.200000762939453125</ele>
        <time>2026-08-25T09:25:00.000Z</time>
        <extensions>
          <ns3:TrackPointExtension>
            <ns3:hr>144</ns3:hr>
            <ns3:cad>82</ns3:cad>
          </ns3:TrackPointExtension>
        </extensions>
      </trkpt>
      <trkpt lat="35.7614125125110149383544921875" lon="139.544946514070034027099609375">
        <ele>41.200000762939453125</ele>
        <time>2026-08-25T09:25:01.000Z</time>
        <extensions>
          <ns3:TrackPointExtension>
            <ns3:hr>144</ns3:hr>
            <ns3:cad>82</ns3:cad>
          </ns3:TrackPointExtension>
        </extensions>
      </trkpt>
      <trkpt lat="35.76139868237078189849853515625" lon="139.54492882825434207916259765625">
        <ele>41.200000762939453125</ele>
        <time>2026-08-25T09:25:02.000Z</time>
        <extensions>
          <ns3:TrackPointExtension>
            <ns3:hr>144</ns3:hr>
            <ns3:cad>81</ns3:cad>
          </ns3:TrackPointExtension>
        </extensions>
      </trkpt>
      <trkpt lat="35.7613850198686122894287109375" lon="139.54491139389574527740478515625">
        <ele>41.200000762939453125</ele>
        <time>2026-08-25T09:25:03.000Z</time>
        <extensions>
          <ns3:TrackPointExtension>
            <ns3:hr>144</ns3:hr>
            <ns3:cad>81</ns3:cad>
          </ns3:TrackPointExtension>
        </extensions>
      </trkpt>
      <trkpt lat="35.7613695971667766571044921875" lon="139.54489312134683132171630859375">
        <ele>41.200000762939453125</ele>
        <time>2026-08-25T09:25:04.000Z</time>
        <extensions>
          <ns3:TrackPointExtension>
            <ns3:hr>144</ns3:hr>
            <ns3:cad>81</ns3:cad>
          </ns3:TrackPointExtension>
        </extensions>
      </trkpt>
      <trkpt lat="35.7613538391888141632080078125" lon="139.544874094426631927490234375">
        <ele>41.200000762939453125</ele>
        <time>2026-08-25T09:25:05.000Z</time>
        <extensions>
          <ns3:TrackPointExtension>
            <ns3:hr>145</ns3:hr>
            <ns3:cad>81</ns3:cad>
          </ns3:TrackPointExtension>
        </extensions>
      </trkpt>
      <trkpt lat="35.761338584125041961669921875" lon="139.54485892318189144134521484375">
        <ele>41.200000762939453125</ele>
        <time>2026-08-25T09:25:06.000Z</time>
        <extensions>
          <ns3:TrackPointExtension>
            <ns3:hr>145</ns3:hr>
            <ns3:cad>81</ns3:cad>
          </ns3:TrackPointExtension>
        </extensions>
      </trkpt>
      <trkpt lat="35.76132257468998432159423828125" lon="139.54484215937554836273193359375">
        <ele>41.200000762939453125</ele>
        <time>2026-08-25T09:25:07.000Z</time>
        <extensions>
          <ns3:TrackPointExtension>
            <ns3:hr>145</ns3:hr>
            <ns3:cad>82</ns3:cad>
          </ns3:TrackPointExtension>
        </extensions>
      </trkpt>
      <trkpt lat="35.76130807399749755859375" lon="139.54482606612145900726318359375">
        <ele>41.200000762939453125</ele>
        <time>2026-08-25T09:25:08.000Z</time>
        <extensions>
          <ns3:TrackPointExtension>
            <ns3:hr>144</ns3:hr>
            <ns3:cad>82</ns3:cad>
          </ns3:TrackPointExtension>
        </extensions>
      </trkpt>
      <trkpt lat="35.761295668780803680419921875" lon="139.54481081105768680572509765625">
        <ele>41.200000762939453125</ele>
        <time>2026-08-25T09:25:09.000Z</time>
        <extensions>
          <ns3:TrackPointExtension>
            <ns3:hr>144</ns3:hr>
            <ns3:cad>82</ns3:cad>
          </ns3:TrackPointExtension>
        </extensions>
      </trkpt>
      <trkpt lat="35.761281587183475494384765625" lon="139.54479320906102657318115234375">
        <ele>41.200000762939453125</ele>
        <time>2026-08-25T09:25:10.000Z</time>
        <extensions>
          <ns3:TrackPointExtension>
            <ns3:hr>144</ns3:hr>
            <ns3:cad>82</ns3:cad>
          </ns3:TrackPointExtension>
        </extensions>
      </trkpt>
      <trkpt lat="35.76126675121486186981201171875" lon="139.5447765290737152099609375">
        <ele>41.200000762939453125</ele>
        <time>2026-08-25T09:25:11.000Z</time>
        <extensions>
          <ns3:TrackPointExtension>
            <ns3:hr>145</ns3:hr>
            <ns3:cad>82</ns3:cad>
          </ns3:TrackPointExtension>
        </extensions>
      </trkpt>
      <trkpt lat="35.76125317253172397613525390625" lon="139.54475817270576953887939453125">
        <ele>41.200000762939453125</ele>
        <time>2026-08-25T09:25:12.000Z</time>
        <extensions>
          <ns3:TrackPointExtension>
            <ns3:hr>145</ns3:hr>
            <ns3:cad>82</ns3:cad>
          </ns3:TrackPointExtension>
        </extensions>
      </trkpt>
      <trkpt lat="35.761239342391490936279296875" lon="139.54473839141428470611572265625">
        <ele>41.40000152587890625</ele>
        <time>2026-08-25T09:25:13.000Z</time>
        <extensions>
          <ns3:TrackPointExtension>
            <ns3:hr>145</ns3:hr>
            <ns3:cad>81</ns3:cad>
          </ns3:TrackPointExtension>
        </extensions>
      </trkpt>
      <trkpt lat="35.76123305596411228179931640625" lon="139.544718526303768157958984375">
        <ele>41.40000152587890625</ele>
        <time>2026-08-25T09:25:14.000Z</time>
        <extensions>
          <ns3:TrackPointExtension>
            <ns3:hr>146</ns3:hr>
            <ns3:cad>82</ns3:cad>
          </ns3:TrackPointExtension>
        </extensions>
      </trkpt>
      <trkpt lat="35.76123473234474658966064453125" lon="139.5446975715458393096923828125">
        <ele>41.59999847412109375</ele>
        <time>2026-08-25T09:25:15.000Z</time>
        <extensions>
          <ns3:TrackPointExtension>
            <ns3:hr>146</ns3:hr>
            <ns3:cad>81</ns3:cad>
          </ns3:TrackPointExtension>
        </extensions>
      </trkpt>
      <trkpt lat="35.76124177314341068267822265625" lon="139.54467301256954669952392578125">
        <ele>41.799999237060546875</ele>
        <time>2026-08-25T09:25:16.000Z</time>
        <extensions>
          <ns3:TrackPointExtension>
            <ns3:hr>146</ns3:hr>
            <ns3:cad>81</ns3:cad>
          </ns3:TrackPointExtension>
        </extensions>
      </trkpt>
      <trkpt lat="35.761248059570789337158203125" lon="139.5446492917835712432861328125">
        <ele>41.799999237060546875</ele>
        <time>2026-08-25T09:25:17.000Z</time>
        <extensions>
          <ns3:TrackPointExtension>
            <ns3:hr>147</ns3:hr>
            <ns3:cad>81</ns3:cad>
          </ns3:TrackPointExtension>
        </extensions>
      </trkpt>
      <trkpt lat="35.76125484891235828399658203125" lon="139.5446238107979297637939453125">
        <ele>41.799999237060546875</ele>
        <time>2026-08-25T09:25:18.000Z</time>
        <extensions>
          <ns3:TrackPointExtension>
            <ns3:hr>147</ns3:hr>
            <ns3:cad>81</ns3:cad>
          </ns3:TrackPointExtension>
        </extensions>
      </trkpt>
      <trkpt lat="35.7612611353397369384765625" lon="139.5446006767451763153076171875">
        <ele>41.799999237060546875</ele>
        <time>2026-08-25T09:25:19.000Z</time>
        <extensions>
          <ns3:TrackPointExtension>
            <ns3:hr>148</ns3:hr>
            <ns3:cad>81</ns3:cad>
          </ns3:TrackPointExtension>
        </extensions>
      </trkpt>
      <trkpt lat="35.76126909814774990081787109375" lon="139.54457527957856655120849609375">
        <ele>41.799999237060546875</ele>
        <time>2026-08-25T09:25:20.000Z</time>
        <extensions>
          <ns3:TrackPointExtension>
            <ns3:hr>148</ns3:hr>
            <ns3:cad>81</ns3:cad>
          </ns3:TrackPointExtension>
        </extensions>
      </trkpt>
      <trkpt lat="35.76127680949866771697998046875" lon="139.54454979859292507171630859375">
        <ele>41.799999237060546875</ele>
        <time>2026-08-25T09:25:21.000Z</time>
        <extensions>
          <ns3:TrackPointExtension>
            <ns3:hr>148</ns3:hr>
            <ns3:cad>81</ns3:cad>
          </ns3:TrackPointExtension>
        </extensions>
      </trkpt>
      <trkpt lat="35.76128167100250720977783203125" lon="139.5445275865495204925537109375">
        <ele>41.799999237060546875</ele>
        <time>2026-08-25T09:25:22.000Z</time>
        <extensions>
          <ns3:TrackPointExtension>
            <ns3:hr>148</ns3:hr>
            <ns3:cad>81</ns3:cad>
          </ns3:TrackPointExtension>
        </extensions>
      </trkpt>
      <trkpt lat="35.76128602959215641021728515625" lon="139.54444234259426593780517578125">
        <ele>42</ele>
        <time>2026-08-25T09:25:35.000Z</time>
        <extensions>
          <ns3:TrackPointExtension>
            <ns3:hr>147</ns3:hr>
            <ns3:cad>0</ns3:cad>
          </ns3:TrackPointExtension>
        </extensions>
      </trkpt>
      <trkpt lat="35.7612718641757965087890625" lon="139.54443144612014293670654296875">
        <ele>41.799999237060546875</ele>
        <time>2026-08-25T09:25:36.000Z</time>
        <extensions>
          <ns3:TrackPointExtension>
            <ns3:hr>147</ns3:hr>
            <ns3:cad>0</ns3:cad>
          </ns3:TrackPointExtension>
        </extensions>
      </trkpt>
      <trkpt lat="35.76125803403556346893310546875" lon="139.5444176159799098968505859375">
        <ele>41.59999847412109375</ele>
        <time>2026-08-25T09:25:37.000Z</time>
        <extensions>
          <ns3:TrackPointExtension>
            <ns3:hr>146</ns3:hr>
            <ns3:cad>83</ns3:cad>
          </ns3:TrackPointExtension>
        </extensions>
      </trkpt>
      <trkpt lat="35.76124059967696666717529296875" lon="139.54440244473516941070556640625">
        <ele>41.40000152587890625</ele>
        <time>2026-08-25T09:25:38.000Z</time>
        <extensions>
          <ns3:TrackPointExtension>
            <ns3:hr>145</ns3:hr>
            <ns3:cad>83</ns3:cad>
          </ns3:TrackPointExtension>
        </extensions>
      </trkpt>
      <trkpt lat="35.76122266240417957305908203125" lon="139.54438551329076290130615234375">
        <ele>41.40000152587890625</ele>
        <time>2026-08-25T09:25:39.000Z</time>
        <extensions>
          <ns3:TrackPointExtension>
            <ns3:hr>144</ns3:hr>
            <ns3:cad>85</ns3:cad>
          </ns3:TrackPointExtension>
        </extensions>
      </trkpt>
      <trkpt lat="35.7612056471407413482666015625" lon="139.544372856616973876953125">
        <ele>41.40000152587890625</ele>
        <time>2026-08-25T09:25:40.000Z</time>
        <extensions>
          <ns3:TrackPointExtension>
            <ns3:hr>143</ns3:hr>
            <ns3:cad>85</ns3:cad>
          </ns3:TrackPointExtension>
        </extensions>
      </trkpt>
      <trkpt lat="35.76118670403957366943359375" lon="139.54435785301029682159423828125">
        <ele>41.40000152587890625</ele>
        <time>2026-08-25T09:25:41.000Z</time>
        <extensions>
          <ns3:TrackPointExtension>
            <ns3:hr>143</ns3:hr>
            <ns3:cad>85</ns3:cad>
          </ns3:TrackPointExtension>
        </extensions>
      </trkpt>
      <trkpt lat="35.76116851530969142913818359375" lon="139.5443428494036197662353515625">
        <ele>41.200000762939453125</ele>
        <time>2026-08-25T09:25:42.000Z</time>
        <extensions>
          <ns3:TrackPointExtension>
            <ns3:hr>144</ns3:hr>
            <ns3:cad>83</ns3:cad>
          </ns3:TrackPointExtension>
        </extensions>
      </trkpt>
      <trkpt lat="35.7611533440649509429931640625" lon="139.54432667233049869537353515625">
        <ele>41.200000762939453125</ele>
        <time>2026-08-25T09:25:43.000Z</time>
        <extensions>
          <ns3:TrackPointExtension>
            <ns3:hr>144</ns3:hr>
            <ns3:cad>83</ns3:cad>
          </ns3:TrackPointExtension>
        </extensions>
      </trkpt>
      <trkpt lat="35.7611375860869884490966796875" lon="139.5443126745522022247314453125">
        <ele>41.200000762939453125</ele>
        <time>2026-08-25T09:25:44.000Z</time>
        <extensions>
          <ns3:TrackPointExtension>
            <ns3:hr>144</ns3:hr>
            <ns3:cad>83</ns3:cad>
          </ns3:TrackPointExtension>
        </extensions>
      </trkpt>
      <trkpt lat="35.76112241484224796295166015625" lon="139.54429867677390575408935546875">
        <ele>41.200000762939453125</ele>
        <time>2026-08-25T09:25:45.000Z</time>
        <extensions>
          <ns3:TrackPointExtension>
            <ns3:hr>144</ns3:hr>
            <ns3:cad>84</ns3:cad>
          </ns3:TrackPointExtension>
        </extensions>
      </trkpt>
      <trkpt lat="35.76110397465527057647705078125" lon="139.54427964985370635986328125">
        <ele>41.200000762939453125</ele>
        <time>2026-08-25T09:25:46.000Z</time>
        <extensions>
          <ns3:TrackPointExtension>
            <ns3:hr>144</ns3:hr>
            <ns3:cad>84</ns3:cad>
          </ns3:TrackPointExtension>
        </extensions>
      </trkpt>
      <trkpt lat="35.76108586974442005157470703125" lon="139.54426221549510955810546875">
        <ele>41.200000762939453125</ele>
        <time>2026-08-25T09:25:47.000Z</time>
        <extensions>
          <ns3:TrackPointExtension>
            <ns3:hr>143</ns3:hr>
            <ns3:cad>83</ns3:cad>
          </ns3:TrackPointExtension>
        </extensions>
      </trkpt>
      <trkpt lat="35.76107262633740901947021484375" lon="139.5442400872707366943359375">
        <ele>41</ele>
        <time>2026-08-25T09:25:48.000Z</time>
        <extensions>
          <ns3:TrackPointExtension>
            <ns3:hr>143</ns3:hr>
            <ns3:cad>83</ns3:cad>
          </ns3:TrackPointExtension>
        </extensions>
      </trkpt>
      <trkpt lat="35.761058628559112548828125" lon="139.54422139562666416168212890625">
        <ele>41</ele>
        <time>2026-08-25T09:25:49.000Z</time>
        <extensions>
          <ns3:TrackPointExtension>
            <ns3:hr>140</ns3:hr>
            <ns3:cad>83</ns3:cad>
          </ns3:TrackPointExtension>
        </extensions>
      </trkpt>
      <trkpt lat="35.76104546897113323211669921875" lon="139.5442052185535430908203125">
        <ele>40.799999237060546875</ele>
        <time>2026-08-25T09:25:50.000Z</time>
        <extensions>
          <ns3:TrackPointExtension>
            <ns3:hr>138</ns3:hr>
            <ns3:cad>83</ns3:cad>
          </ns3:TrackPointExtension>
        </extensions>
      </trkpt>
      <trkpt lat="35.76103289611637592315673828125" lon="139.544183425605297088623046875">
        <ele>40.799999237060546875</ele>
        <time>2026-08-25T09:25:51.000Z</time>
        <extensions>
          <ns3:TrackPointExtension>
            <ns3:hr>138</ns3:hr>
            <ns3:cad>83</ns3:cad>
          </ns3:TrackPointExtension>
        </extensions>
      </trkpt>
      <trkpt lat="35.7610219158232212066650390625" lon="139.54416096210479736328125">
        <ele>40.59999847412109375</ele>
        <time>2026-08-25T09:25:52.000Z</time>
        <extensions>
          <ns3:TrackPointExtension>
            <ns3:hr>138</ns3:hr>
            <ns3:cad>84</ns3:cad>
          </ns3:TrackPointExtension>
        </extensions>
      </trkpt>
      <trkpt lat="35.7610098458826541900634765625" lon="139.54413640312850475311279296875">
        <ele>40.59999847412109375</ele>
        <time>2026-08-25T09:25:53.000Z</time>
        <extensions>
          <ns3:TrackPointExtension>
            <ns3:hr>139</ns3:hr>
            <ns3:cad>84</ns3:cad>
          </ns3:TrackPointExtension>
        </extensions>
      </trkpt>
      <trkpt lat="35.7610007934272289276123046875" lon="139.54411645419895648956298828125">
        <ele>40.59999847412109375</ele>
        <time>2026-08-25T09:25:54.000Z</time>
        <extensions>
          <ns3:TrackPointExtension>
            <ns3:hr>139</ns3:hr>
            <ns3:cad>84</ns3:cad>
          </ns3:TrackPointExtension>
        </extensions>
      </trkpt>
      <trkpt lat="35.76099081896245479583740234375" lon="139.54409658908843994140625">
        <ele>40.59999847412109375</ele>
        <time>2026-08-25T09:25:55.000Z</time>
        <extensions>
          <ns3:TrackPointExtension>
            <ns3:hr>139</ns3:hr>
            <ns3:cad>84</ns3:cad>
          </ns3:TrackPointExtension>
        </extensions>
      </trkpt>
      <trkpt lat="35.76098143123090267181396484375" lon="139.54407454468309879302978515625">
        <ele>40.799999237060546875</ele>
        <time>2026-08-25T09:25:56.000Z</time>
        <extensions>
          <ns3:TrackPointExtension>
            <ns3:hr>140</ns3:hr>
            <ns3:cad>84</ns3:cad>
          </ns3:TrackPointExtension>
        </extensions>
      </trkpt>
      <trkpt lat="35.7609689421951770782470703125" lon="139.54405459575355052947998046875">
        <ele>40.799999237060546875</ele>
        <time>2026-08-25T09:25:57.000Z</time>
        <extensions>
          <ns3:TrackPointExtension>
            <ns3:hr>141</ns3:hr>
            <ns3:cad>83</ns3:cad>
          </ns3:TrackPointExtension>
        </extensions>
      </trkpt>
      <trkpt lat="35.76095796190202236175537109375" lon="139.54403196461498737335205078125">
        <ele>40.799999237060546875</ele>
        <time>2026-08-25T09:25:58.000Z</time>
        <extensions>
          <ns3:TrackPointExtension>
            <ns3:hr>141</ns3:hr>
            <ns3:cad>82</ns3:cad>
          </ns3:TrackPointExtension>
        </extensions>
      </trkpt>
      <trkpt lat="35.76094689778983592987060546875" lon="139.54401100985705852508544921875">
        <ele>40.799999237060546875</ele>
        <time>2026-08-25T09:25:59.000Z</time>
        <extensions>
          <ns3:TrackPointExtension>
            <ns3:hr>141</ns3:hr>
            <ns3:cad>82</ns3:cad>
          </ns3:TrackPointExtension>
        </extensions>
      </trkpt>
      <trkpt lat="35.76093583367764949798583984375" lon="139.54398988746106624603271484375">
        <ele>40.799999237060546875</ele>
        <time>2026-08-25T09:26:00.000Z</time>
        <extensions>
          <ns3:TrackPointExtension>
            <ns3:hr>141</ns3:hr>
            <ns3:cad>82</ns3:cad>
          </ns3:TrackPointExtension>
        </extensions>
      </trkpt>
      <trkpt lat="35.76092694886028766632080078125" lon="139.54396960325539112091064453125">
        <ele>40.59999847412109375</ele>
        <time>2026-08-25T09:26:01.000Z</time>
        <extensions>
          <ns3:TrackPointExtension>
            <ns3:hr>142</ns3:hr>
            <ns3:cad>82</ns3:cad>
          </ns3:TrackPointExtension>
        </extensions>
      </trkpt>
      <trkpt lat="35.76092024333775043487548828125" lon="139.54395066015422344207763671875">
        <ele>40.59999847412109375</ele>
        <time>2026-08-25T09:26:02.000Z</time>
        <extensions>
          <ns3:TrackPointExtension>
            <ns3:hr>142</ns3:hr>
            <ns3:cad>82</ns3:cad>
          </ns3:TrackPointExtension>
        </extensions>
      </trkpt>
      <trkpt lat="35.76091068796813488006591796875" lon="139.54393121413886547088623046875">
        <ele>40.59999847412109375</ele>
        <time>2026-08-25T09:26:03.000Z</time>
        <extensions>
          <ns3:TrackPointExtension>
            <ns3:hr>142</ns3:hr>
            <ns3:cad>82</ns3:cad>
          </ns3:TrackPointExtension>
        </extensions>
      </trkpt>
      <trkpt lat="35.7608963549137115478515625" lon="139.54391084611415863037109375">
        <ele>40.59999847412109375</ele>
        <time>2026-08-25T09:26:04.000Z</time>
        <extensions>
          <ns3:TrackPointExtension>
            <ns3:hr>142</ns3:hr>
            <ns3:cad>82</ns3:cad>
          </ns3:TrackPointExtension>
        </extensions>
      </trkpt>
      <trkpt lat="35.7608847878873348236083984375" lon="139.54388896934688091278076171875">
        <ele>40.59999847412109375</ele>
        <time>2026-08-25T09:26:05.000Z</time>
        <extensions>
          <ns3:TrackPointExtension>
            <ns3:hr>142</ns3:hr>
            <ns3:cad>82</ns3:cad>
          </ns3:TrackPointExtension>
        </extensions>
      </trkpt>
      <trkpt lat="35.76087154448032379150390625" lon="139.54387136735022068023681640625">
        <ele>40.59999847412109375</ele>
        <time>2026-08-25T09:26:06.000Z</time>
        <extensions>
          <ns3:TrackPointExtension>
            <ns3:hr>142</ns3:hr>
            <ns3:cad>82</ns3:cad>
          </ns3:TrackPointExtension>
        </extensions>
      </trkpt>
      <trkpt lat="35.7608606480062007904052734375" lon="139.54385309480130672454833984375">
        <ele>40.799999237060546875</ele>
        <time>2026-08-25T09:26:07.000Z</time>
        <extensions>
          <ns3:TrackPointExtension>
            <ns3:hr>143</ns3:hr>
            <ns3:cad>82</ns3:cad>
          </ns3:TrackPointExtension>
        </extensions>
      </trkpt>
      <trkpt lat="35.760849080979824066162109375" lon="139.543832726776599884033203125">
        <ele>41</ele>
        <time>2026-08-25T09:26:08.000Z</time>
        <extensions>
          <ns3:TrackPointExtension>
            <ns3:hr>143</ns3:hr>
            <ns3:cad>81</ns3:cad>
          </ns3:TrackPointExtension>
        </extensions>
      </trkpt>
      <trkpt lat="35.76084027998149394989013671875" lon="139.54381219111382961273193359375">
        <ele>41</ele>
        <time>2026-08-25T09:26:09.000Z</time>
        <extensions>
          <ns3:TrackPointExtension>
            <ns3:hr>143</ns3:hr>
            <ns3:cad>81</ns3:cad>
          </ns3:TrackPointExtension>
        </extensions>
      </trkpt>
      <trkpt lat="35.7608291320502758026123046875" lon="139.54379190690815448760986328125">
        <ele>41</ele>
        <time>2026-08-25T09:26:10.000Z</time>
        <extensions>
          <ns3:TrackPointExtension>
            <ns3:hr>143</ns3:hr>
            <ns3:cad>80</ns3:cad>
          </ns3:TrackPointExtension>
        </extensions>
      </trkpt>
      <trkpt lat="35.76081882230937480926513671875" lon="139.54377128742635250091552734375">
        <ele>41.200000762939453125</ele>
        <time>2026-08-25T09:26:11.000Z</time>
        <extensions>
          <ns3:TrackPointExtension>
            <ns3:hr>143</ns3:hr>
            <ns3:cad>80</ns3:cad>
          </ns3:TrackPointExtension>
        </extensions>
      </trkpt>
      <trkpt lat="35.76081119477748870849609375" lon="139.54374857246875762939453125">
        <ele>41.59999847412109375</ele>
        <time>2026-08-25T09:26:12.000Z</time>
        <extensions>
          <ns3:TrackPointExtension>
            <ns3:hr>143</ns3:hr>
            <ns3:cad>80</ns3:cad>
          </ns3:TrackPointExtension>
        </extensions>
      </trkpt>
      <trkpt lat="35.7608093507587909698486328125" lon="139.54372845590114593505859375">
        <ele>41.59999847412109375</ele>
        <time>2026-08-25T09:26:13.000Z</time>
        <extensions>
          <ns3:TrackPointExtension>
            <ns3:hr>143</ns3:hr>
            <ns3:cad>80</ns3:cad>
          </ns3:TrackPointExtension>
        </extensions>
      </trkpt>
      <trkpt lat="35.76080356724560260772705078125" lon="139.543704651296138763427734375">
        <ele>41.799999237060546875</ele>
        <time>2026-08-25T09:26:14.000Z</time>
        <extensions>
          <ns3:TrackPointExtension>
            <ns3:hr>143</ns3:hr>
            <ns3:cad>80</ns3:cad>
          </ns3:TrackPointExtension>
        </extensions>
      </trkpt>
      <trkpt lat="35.76079417951405048370361328125" lon="139.54368411563336849212646484375">
        <ele>42</ele>
        <time>2026-08-25T09:26:15.000Z</time>
        <extensions>
          <ns3:TrackPointExtension>
            <ns3:hr>143</ns3:hr>
            <ns3:cad>80</ns3:cad>
          </ns3:TrackPointExtension>
        </extensions>
      </trkpt>
      <trkpt lat="35.7607805170118808746337890625" lon="139.5436639152467250823974609375">
        <ele>42</ele>
        <time>2026-08-25T09:26:16.000Z</time>
        <extensions>
          <ns3:TrackPointExtension>
            <ns3:hr>143</ns3:hr>
            <ns3:cad>81</ns3:cad>
          </ns3:TrackPointExtension>
        </extensions>
      </trkpt>
      <trkpt lat="35.7607684470713138580322265625" lon="139.54364254139363765716552734375">
        <ele>42</ele>
        <time>2026-08-25T09:26:17.000Z</time>
        <extensions>
          <ns3:TrackPointExtension>
            <ns3:hr>143</ns3:hr>
            <ns3:cad>81</ns3:cad>
          </ns3:TrackPointExtension>
        </extensions>
      </trkpt>
      <trkpt lat="35.76075947843492031097412109375" lon="139.5436183176934719085693359375">
        <ele>42</ele>
        <time>2026-08-25T09:26:18.000Z</time>
        <extensions>
          <ns3:TrackPointExtension>
            <ns3:hr>143</ns3:hr>
            <ns3:cad>81</ns3:cad>
          </ns3:TrackPointExtension>
        </extensions>
      </trkpt>
      <trkpt lat="35.76074992306530475616455078125" lon="139.5435945130884647369384765625">
        <ele>41.799999237060546875</ele>
        <time>2026-08-25T09:26:19.000Z</time>
        <extensions>
          <ns3:TrackPointExtension>
            <ns3:hr>143</ns3:hr>
            <ns3:cad>81</ns3:cad>
          </ns3:TrackPointExtension>
        </extensions>
      </trkpt>
      <trkpt lat="35.76074288226664066314697265625" lon="139.54357087612152099609375">
        <ele>41.59999847412109375</ele>
        <time>2026-08-25T09:26:20.000Z</time>
        <extensions>
          <ns3:TrackPointExtension>
            <ns3:hr>143</ns3:hr>
            <ns3:cad>81</ns3:cad>
          </ns3:TrackPointExtension>
        </extensions>
      </trkpt>
      <trkpt lat="35.76073248870670795440673828125" lon="139.54354514367878437042236328125">
        <ele>41.40000152587890625</ele>
        <time>2026-08-25T09:26:21.000Z</time>
        <extensions>
          <ns3:TrackPointExtension>
            <ns3:hr>143</ns3:hr>
            <ns3:cad>81</ns3:cad>
          </ns3:TrackPointExtension>
        </extensions>
      </trkpt>
      <trkpt lat="35.7607191614806652069091796875" lon="139.54352033324539661407470703125">
        <ele>41.200000762939453125</ele>
        <time>2026-08-25T09:26:22.000Z</time>
        <extensions>
          <ns3:TrackPointExtension>
            <ns3:hr>143</ns3:hr>
            <ns3:cad>82</ns3:cad>
          </ns3:TrackPointExtension>
        </extensions>
      </trkpt>
      <trkpt lat="35.76071061193943023681640625" lon="139.54349535517394542694091796875">
        <ele>41.200000762939453125</ele>
        <time>2026-08-25T09:26:23.000Z</time>
        <extensions>
          <ns3:TrackPointExtension>
            <ns3:hr>144</ns3:hr>
            <ns3:cad>82</ns3:cad>
          </ns3:TrackPointExtension>
        </extensions>
      </trkpt>
      <trkpt lat="35.7607000507414340972900390625" lon="139.5434687845408916473388671875">
        <ele>41</ele>
        <time>2026-08-25T09:26:24.000Z</time>
        <extensions>
          <ns3:TrackPointExtension>
            <ns3:hr>144</ns3:hr>
            <ns3:cad>82</ns3:cad>
          </ns3:TrackPointExtension>
        </extensions>
      </trkpt>
      <trkpt lat="35.76069225557148456573486328125" lon="139.54344204626977443695068359375">
        <ele>40.799999237060546875</ele>
        <time>2026-08-25T09:26:25.000Z</time>
        <extensions>
          <ns3:TrackPointExtension>
            <ns3:hr>144</ns3:hr>
            <ns3:cad>82</ns3:cad>
          </ns3:TrackPointExtension>
        </extensions>
      </trkpt>
      <trkpt lat="35.760683119297027587890625" lon="139.54341463744640350341796875">
        <ele>40.799999237060546875</ele>
        <time>2026-08-25T09:26:26.000Z</time>
        <extensions>
          <ns3:TrackPointExtension>
            <ns3:hr>145</ns3:hr>
            <ns3:cad>84</ns3:cad>
          </ns3:TrackPointExtension>
        </extensions>
      </trkpt>
      <trkpt lat="35.76067666523158550262451171875" lon="139.54338924027979373931884765625">
        <ele>40.799999237060546875</ele>
        <time>2026-08-25T09:26:27.000Z</time>
        <extensions>
          <ns3:TrackPointExtension>
            <ns3:hr>146</ns3:hr>
            <ns3:cad>84</ns3:cad>
          </ns3:TrackPointExtension>
        </extensions>
      </trkpt>
      <trkpt lat="35.76066928915679454803466796875" lon="139.54336367547512054443359375">
        <ele>40.799999237060546875</ele>
        <time>2026-08-25T09:26:28.000Z</time>
        <extensions>
          <ns3:TrackPointExtension>
            <ns3:hr>147</ns3:hr>
            <ns3:cad>84</ns3:cad>
          </ns3:TrackPointExtension>
        </extensions>
      </trkpt>
      <trkpt lat="35.7606618292629718780517578125" lon="139.54333676956593990325927734375">
        <ele>41</ele>
        <time>2026-08-25T09:26:29.000Z</time>
        <extensions>
          <ns3:TrackPointExtension>
            <ns3:hr>147</ns3:hr>
            <ns3:cad>84</ns3:cad>
          </ns3:TrackPointExtension>
        </extensions>
      </trkpt>
      <trkpt lat="35.76065520755946636199951171875" lon="139.5433125458657741546630859375">
        <ele>41</ele>
        <time>2026-08-25T09:26:30.000Z</time>
        <extensions>
          <ns3:TrackPointExtension>
            <ns3:hr>148</ns3:hr>
            <ns3:cad>83</ns3:cad>
          </ns3:TrackPointExtension>
        </extensions>
      </trkpt>
      <trkpt lat="35.76064866967499256134033203125" lon="139.543285556137561798095703125">
        <ele>41.200000762939453125</ele>
        <time>2026-08-25T09:26:31.000Z</time>
        <extensions>
          <ns3:TrackPointExtension>
            <ns3:hr>148</ns3:hr>
            <ns3:cad>83</ns3:cad>
          </ns3:TrackPointExtension>
        </extensions>
      </trkpt>
      <trkpt lat="35.76064162887632846832275390625" lon="139.54325898550450801849365234375">
        <ele>41.200000762939453125</ele>
        <time>2026-08-25T09:26:32.000Z</time>
        <extensions>
          <ns3:TrackPointExtension>
            <ns3:hr>148</ns3:hr>
            <ns3:cad>83</ns3:cad>
          </ns3:TrackPointExtension>
        </extensions>
      </trkpt>
      <trkpt lat="35.76063509099185466766357421875" lon="139.543233253061771392822265625">
        <ele>41.200000762939453125</ele>
        <time>2026-08-25T09:26:33.000Z</time>
        <extensions>
          <ns3:TrackPointExtension>
            <ns3:hr>149</ns3:hr>
            <ns3:cad>83</ns3:cad>
          </ns3:TrackPointExtension>
        </extensions>
      </trkpt>
      <trkpt lat="35.76062955893576145172119140625" lon="139.5432092808187007904052734375">
        <ele>41.200000762939453125</ele>
        <time>2026-08-25T09:26:34.000Z</time>
        <extensions>
          <ns3:TrackPointExtension>
            <ns3:hr>149</ns3:hr>
            <ns3:cad>84</ns3:cad>
          </ns3:TrackPointExtension>
        </extensions>
      </trkpt>
      <trkpt lat="35.76061933301389217376708984375" lon="139.5431854762136936187744140625">
        <ele>41.200000762939453125</ele>
        <time>2026-08-25T09:26:35.000Z</time>
        <extensions>
          <ns3:TrackPointExtension>
            <ns3:hr>149</ns3:hr>
            <ns3:cad>84</ns3:cad>
          </ns3:TrackPointExtension>
        </extensions>
      </trkpt>
      <trkpt lat="35.76061128638684749603271484375" lon="139.54316041432321071624755859375">
        <ele>41.200000762939453125</ele>
        <time>2026-08-25T09:26:36.000Z</time>
        <extensions>
          <ns3:TrackPointExtension>
            <ns3:hr>150</ns3:hr>
            <ns3:cad>84</ns3:cad>
          </ns3:TrackPointExtension>
        </extensions>
      </trkpt>
      <trkpt lat="35.76060323975980281829833984375" lon="139.54313711263239383697509765625">
        <ele>41.200000762939453125</ele>
        <time>2026-08-25T09:26:37.000Z</time>
        <extensions>
          <ns3:TrackPointExtension>
            <ns3:hr>150</ns3:hr>
            <ns3:cad>84</ns3:cad>
          </ns3:TrackPointExtension>
        </extensions>
      </trkpt>
      <trkpt lat="35.76059720478951930999755859375" lon="139.543113224208354949951171875">
        <ele>41.200000762939453125</ele>
        <time>2026-08-25T09:26:38.000Z</time>
        <extensions>
          <ns3:TrackPointExtension>
            <ns3:hr>150</ns3:hr>
            <ns3:cad>84</ns3:cad>
          </ns3:TrackPointExtension>
        </extensions>
      </trkpt>
      <trkpt lat="35.76059049926698207855224609375" lon="139.54308983869850635528564453125">
        <ele>41.200000762939453125</ele>
        <time>2026-08-25T09:26:39.000Z</time>
        <extensions>
          <ns3:TrackPointExtension>
            <ns3:hr>150</ns3:hr>
            <ns3:cad>83</ns3:cad>
          </ns3:TrackPointExtension>
        </extensions>
      </trkpt>
      <trkpt lat="35.7605823688209056854248046875" lon="139.54306460916996002197265625">
        <ele>41.200000762939453125</ele>
        <time>2026-08-25T09:26:40.000Z</time>
        <extensions>
          <ns3:TrackPointExtension>
            <ns3:hr>150</ns3:hr>
            <ns3:cad>83</ns3:cad>
          </ns3:TrackPointExtension>
        </extensions>
      </trkpt>
      <trkpt lat="35.76057625003159046173095703125" lon="139.54303988255560398101806640625">
        <ele>41.200000762939453125</ele>
        <time>2026-08-25T09:26:41.000Z</time>
        <extensions>
          <ns3:TrackPointExtension>
            <ns3:hr>150</ns3:hr>
            <ns3:cad>83</ns3:cad>
          </ns3:TrackPointExtension>
        </extensions>
      </trkpt>
      <trkpt lat="35.7605696283280849456787109375" lon="139.54301356337964534759521484375">
        <ele>41.200000762939453125</ele>
        <time>2026-08-25T09:26:42.000Z</time>
        <extensions>
          <ns3:TrackPointExtension>
            <ns3:hr>151</ns3:hr>
            <ns3:cad>83</ns3:cad>
          </ns3:TrackPointExtension>
        </extensions>
      </trkpt>
      <trkpt lat="35.7605679519474506378173828125" lon="139.54298707656562328338623046875">
        <ele>41.200000762939453125</ele>
        <time>2026-08-25T09:26:43.000Z</time>
        <extensions>
          <ns3:TrackPointExtension>
            <ns3:hr>151</ns3:hr>
            <ns3:cad>83</ns3:cad>
          </ns3:TrackPointExtension>
        </extensions>
      </trkpt>
      <trkpt lat="35.76056418009102344512939453125" lon="139.542962014675140380859375">
        <ele>41</ele>
        <time>2026-08-25T09:26:44.000Z</time>
        <extensions>
          <ns3:TrackPointExtension>
            <ns3:hr>151</ns3:hr>
            <ns3:cad>83</ns3:cad>
          </ns3:TrackPointExtension>
        </extensions>
      </trkpt>
      <trkpt lat="35.76055965386331081390380859375" lon="139.54293762333691120147705078125">
        <ele>41</ele>
        <time>2026-08-25T09:26:45.000Z</time>
        <extensions>
          <ns3:TrackPointExtension>
            <ns3:hr>152</ns3:hr>
            <ns3:cad>83</ns3:cad>
          </ns3:TrackPointExtension>
        </extensions>
      </trkpt>
      <trkpt lat="35.76055772602558135986328125" lon="139.5429112203419208526611328125">
        <ele>41</ele>
        <time>2026-08-25T09:26:46.000Z</time>
        <extensions>
          <ns3:TrackPointExtension>
            <ns3:hr>152</ns3:hr>
            <ns3:cad>83</ns3:cad>
          </ns3:TrackPointExtension>
        </extensions>
      </trkpt>
      <trkpt lat="35.7605528645217418670654296875" lon="139.5428870804607868194580078125">
        <ele>40.799999237060546875</ele>
        <time>2026-08-25T09:26:47.000Z</time>
        <extensions>
          <ns3:TrackPointExtension>
            <ns3:hr>152</ns3:hr>
            <ns3:cad>83</ns3:cad>
          </ns3:TrackPointExtension>
        </extensions>
      </trkpt>
      <trkpt lat="35.760548673570156097412109375" lon="139.542863108217716217041015625">
        <ele>40.799999237060546875</ele>
        <time>2026-08-25T09:26:48.000Z</time>
        <extensions>
          <ns3:TrackPointExtension>
            <ns3:hr>152</ns3:hr>
            <ns3:cad>83</ns3:cad>
          </ns3:TrackPointExtension>
        </extensions>
      </trkpt>
      <trkpt lat="35.7605464942753314971923828125" lon="139.5428374595940113067626953125">
        <ele>40.799999237060546875</ele>
        <time>2026-08-25T09:26:49.000Z</time>
        <extensions>
          <ns3:TrackPointExtension>
            <ns3:hr>152</ns3:hr>
            <ns3:cad>83</ns3:cad>
          </ns3:TrackPointExtension>
        </extensions>
      </trkpt>
      <trkpt lat="35.76054029166698455810546875" lon="139.54281625337898731231689453125">
        <ele>40.799999237060546875</ele>
        <time>2026-08-25T09:26:50.000Z</time>
        <extensions>
          <ns3:TrackPointExtension>
            <ns3:hr>152</ns3:hr>
            <ns3:cad>83</ns3:cad>
          </ns3:TrackPointExtension>
        </extensions>
      </trkpt>
      <trkpt lat="35.76053283177316188812255859375" lon="139.5427932031452655792236328125">
        <ele>40.799999237060546875</ele>
        <time>2026-08-25T09:26:51.000Z</time>
        <extensions>
          <ns3:TrackPointExtension>
            <ns3:hr>152</ns3:hr>
            <ns3:cad>82</ns3:cad>
          </ns3:TrackPointExtension>
        </extensions>
      </trkpt>
      <trkpt lat="35.7605262100696563720703125" lon="139.5427717454731464385986328125">
        <ele>41</ele>
        <time>2026-08-25T09:26:52.000Z</time>
        <extensions>
          <ns3:TrackPointExtension>
            <ns3:hr>152</ns3:hr>
            <ns3:cad>82</ns3:cad>
          </ns3:TrackPointExtension>
        </extensions>
      </trkpt>
      <trkpt lat="35.76051774434745311737060546875" lon="139.54275120981037616729736328125">
        <ele>41</ele>
        <time>2026-08-25T09:26:53.000Z</time>
        <extensions>
          <ns3:TrackPointExtension>
            <ns3:hr>153</ns3:hr>
            <ns3:cad>82</ns3:cad>
          </ns3:TrackPointExtension>
        </extensions>
      </trkpt>
      <trkpt lat="35.760510452091693878173828125" lon="139.5427251420915126800537109375">
        <ele>41</ele>
        <time>2026-08-25T09:26:54.000Z</time>
        <extensions>
          <ns3:TrackPointExtension>
            <ns3:hr>153</ns3:hr>
            <ns3:cad>82</ns3:cad>
          </ns3:TrackPointExtension>
        </extensions>
      </trkpt>
      <trkpt lat="35.76050466857850551605224609375" lon="139.54270158894360065460205078125">
        <ele>41</ele>
        <time>2026-08-25T09:26:55.000Z</time>
        <extensions>
          <ns3:TrackPointExtension>
            <ns3:hr>154</ns3:hr>
            <ns3:cad>82</ns3:cad>
          </ns3:TrackPointExtension>
        </extensions>
      </trkpt>
      <trkpt lat="35.76049628667533397674560546875" lon="139.54267837107181549072265625">
        <ele>41</ele>
        <time>2026-08-25T09:26:56.000Z</time>
        <extensions>
          <ns3:TrackPointExtension>
            <ns3:hr>154</ns3:hr>
            <ns3:cad>82</ns3:cad>
          </ns3:TrackPointExtension>
        </extensions>
      </trkpt>
      <trkpt lat="35.76049142517149448394775390625" lon="139.5426513813436031341552734375">
        <ele>41</ele>
        <time>2026-08-25T09:26:57.000Z</time>
        <extensions>
          <ns3:TrackPointExtension>
            <ns3:hr>154</ns3:hr>
            <ns3:cad>83</ns3:cad>
          </ns3:TrackPointExtension>
        </extensions>
      </trkpt>
      <trkpt lat="35.7604873180389404296875" lon="139.542623721063137054443359375">
        <ele>41</ele>
        <time>2026-08-25T09:26:58.000Z</time>
        <extensions>
          <ns3:TrackPointExtension>
            <ns3:hr>154</ns3:hr>
            <ns3:cad>83</ns3:cad>
          </ns3:TrackPointExtension>
        </extensions>
      </trkpt>
      <trkpt lat="35.7604832947254180908203125" lon="139.542596898972988128662109375">
        <ele>41</ele>
        <time>2026-08-25T09:26:59.000Z</time>
        <extensions>
          <ns3:TrackPointExtension>
            <ns3:hr>153</ns3:hr>
            <ns3:cad>83</ns3:cad>
          </ns3:TrackPointExtension>
        </extensions>
      </trkpt>
      <trkpt lat="35.7604747451841831207275390625" lon="139.542570412158966064453125">
        <ele>41</ele>
        <time>2026-08-25T09:27:00.000Z</time>
        <extensions>
          <ns3:TrackPointExtension>
            <ns3:hr>153</ns3:hr>
            <ns3:cad>83</ns3:cad>
          </ns3:TrackPointExtension>
        </extensions>
      </trkpt>
      <trkpt lat="35.76047189533710479736328125" lon="139.5425449311733245849609375">
        <ele>41</ele>
        <time>2026-08-25T09:27:01.000Z</time>
        <extensions>
          <ns3:TrackPointExtension>
            <ns3:hr>153</ns3:hr>
            <ns3:cad>84</ns3:cad>
          </ns3:TrackPointExtension>
        </extensions>
      </trkpt>
      <trkpt lat="35.76046544127166271209716796875" lon="139.54251752234995365142822265625">
        <ele>41</ele>
        <time>2026-08-25T09:27:02.000Z</time>
        <extensions>
          <ns3:TrackPointExtension>
            <ns3:hr>152</ns3:hr>
            <ns3:cad>84</ns3:cad>
          </ns3:TrackPointExtension>
        </extensions>
      </trkpt>
      <trkpt lat="35.76045823283493518829345703125" lon="139.5424921251833438873291015625">
        <ele>41</ele>
        <time>2026-08-25T09:27:03.000Z</time>
        <extensions>
          <ns3:TrackPointExtension>
            <ns3:hr>152</ns3:hr>
            <ns3:cad>84</ns3:cad>
          </ns3:TrackPointExtension>
        </extensions>
      </trkpt>
      <trkpt lat="35.76044867746531963348388671875" lon="139.5424671471118927001953125">
        <ele>41</ele>
        <time>2026-08-25T09:27:04.000Z</time>
        <extensions>
          <ns3:TrackPointExtension>
            <ns3:hr>152</ns3:hr>
            <ns3:cad>84</ns3:cad>
          </ns3:TrackPointExtension>
        </extensions>
      </trkpt>
      <trkpt lat="35.76044213958084583282470703125" lon="139.542440660297870635986328125">
        <ele>41</ele>
        <time>2026-08-25T09:27:05.000Z</time>
        <extensions>
          <ns3:TrackPointExtension>
            <ns3:hr>153</ns3:hr>
            <ns3:cad>84</ns3:cad>
          </ns3:TrackPointExtension>
        </extensions>
      </trkpt>
      <trkpt lat="35.76043811626732349395751953125" lon="139.54241216182708740234375">
        <ele>41</ele>
        <time>2026-08-25T09:27:06.000Z</time>
        <extensions>
          <ns3:TrackPointExtension>
            <ns3:hr>153</ns3:hr>
            <ns3:cad>83</ns3:cad>
          </ns3:TrackPointExtension>
        </extensions>
      </trkpt>
      <trkpt lat="35.760434009134769439697265625" lon="139.54238844104111194610595703125">
        <ele>40.799999237060546875</ele>
        <time>2026-08-25T09:27:07.000Z</time>
        <extensions>
          <ns3:TrackPointExtension>
            <ns3:hr>153</ns3:hr>
            <ns3:cad>83</ns3:cad>
          </ns3:TrackPointExtension>
        </extensions>
      </trkpt>
      <trkpt lat="35.760427974164485931396484375" lon="139.5423643849790096282958984375">
        <ele>40.799999237060546875</ele>
        <time>2026-08-25T09:27:08.000Z</time>
        <extensions>
          <ns3:TrackPointExtension>
            <ns3:hr>153</ns3:hr>
            <ns3:cad>83</ns3:cad>
          </ns3:TrackPointExtension>
        </extensions>
      </trkpt>
      <trkpt lat="35.7604254595935344696044921875" lon="139.54234066419303417205810546875">
        <ele>40.799999237060546875</ele>
        <time>2026-08-25T09:27:09.000Z</time>
        <extensions>
          <ns3:TrackPointExtension>
            <ns3:hr>153</ns3:hr>
            <ns3:cad>83</ns3:cad>
          </ns3:TrackPointExtension>
        </extensions>
      </trkpt>
      <trkpt lat="35.76042420230805873870849609375" lon="139.54231627285480499267578125">
        <ele>40.799999237060546875</ele>
        <time>2026-08-25T09:27:10.000Z</time>
        <extensions>
          <ns3:TrackPointExtension>
            <ns3:hr>153</ns3:hr>
            <ns3:cad>83</ns3:cad>
          </ns3:TrackPointExtension>
        </extensions>
      </trkpt>
      <trkpt lat="35.76042017899453639984130859375" lon="139.54229372553527355194091796875">
        <ele>40.799999237060546875</ele>
        <time>2026-08-25T09:27:11.000Z</time>
        <extensions>
          <ns3:TrackPointExtension>
            <ns3:hr>153</ns3:hr>
            <ns3:cad>83</ns3:cad>
          </ns3:TrackPointExtension>
        </extensions>
      </trkpt>
      <trkpt lat="35.76041825115680694580078125" lon="139.5422691665589809417724609375">
        <ele>40.799999237060546875</ele>
        <time>2026-08-25T09:27:12.000Z</time>
        <extensions>
          <ns3:TrackPointExtension>
            <ns3:hr>154</ns3:hr>
            <ns3:cad>83</ns3:cad>
          </ns3:TrackPointExtension>
        </extensions>
      </trkpt>
      <trkpt lat="35.760415233671665191650390625" lon="139.542246870696544647216796875">
        <ele>40.799999237060546875</ele>
        <time>2026-08-25T09:27:13.000Z</time>
        <extensions>
          <ns3:TrackPointExtension>
            <ns3:hr>154</ns3:hr>
            <ns3:cad>83</ns3:cad>
          </ns3:TrackPointExtension>
        </extensions>
      </trkpt>
      <trkpt lat="35.76041196472942829132080078125" lon="139.5422215573489665985107421875">
        <ele>40.799999237060546875</ele>
        <time>2026-08-25T09:27:14.000Z</time>
        <extensions>
          <ns3:TrackPointExtension>
            <ns3:hr>153</ns3:hr>
            <ns3:cad>83</ns3:cad>
          </ns3:TrackPointExtension>
        </extensions>
      </trkpt>
      <trkpt lat="35.76040760613977909088134765625" lon="139.54219649545848369598388671875">
        <ele>40.799999237060546875</ele>
        <time>2026-08-25T09:27:15.000Z</time>
        <extensions>
          <ns3:TrackPointExtension>
            <ns3:hr>153</ns3:hr>
            <ns3:cad>83</ns3:cad>
          </ns3:TrackPointExtension>
        </extensions>
      </trkpt>
      <trkpt lat="35.7604019902646541595458984375" lon="139.54217419959604740142822265625">
        <ele>40.799999237060546875</ele>
        <time>2026-08-25T09:27:16.000Z</time>
        <extensions>
          <ns3:TrackPointExtension>
            <ns3:hr>153</ns3:hr>
            <ns3:cad>84</ns3:cad>
          </ns3:TrackPointExtension>
        </extensions>
      </trkpt>
      <trkpt lat="35.76039654202759265899658203125" lon="139.542151652276515960693359375">
        <ele>40.799999237060546875</ele>
        <time>2026-08-25T09:27:17.000Z</time>
        <extensions>
          <ns3:TrackPointExtension>
            <ns3:hr>153</ns3:hr>
            <ns3:cad>84</ns3:cad>
          </ns3:TrackPointExtension>
        </extensions>
      </trkpt>
      <trkpt lat="35.76039218343794345855712890625" lon="139.54212944023311138153076171875">
        <ele>40.799999237060546875</ele>
        <time>2026-08-25T09:27:18.000Z</time>
        <extensions>
          <ns3:TrackPointExtension>
            <ns3:hr>153</ns3:hr>
            <ns3:cad>84</ns3:cad>
          </ns3:TrackPointExtension>
        </extensions>
      </trkpt>
      <trkpt lat="35.76038715429604053497314453125" lon="139.542106054723262786865234375">
        <ele>40.799999237060546875</ele>
        <time>2026-08-25T09:27:19.000Z</time>
        <extensions>
          <ns3:TrackPointExtension>
            <ns3:hr>153</ns3:hr>
            <ns3:cad>84</ns3:cad>
          </ns3:TrackPointExtension>
        </extensions>
      </trkpt>
      <trkpt lat="35.76038338243961334228515625" lon="139.54208426177501678466796875">
        <ele>40.799999237060546875</ele>
        <time>2026-08-25T09:27:20.000Z</time>
        <extensions>
          <ns3:TrackPointExtension>
            <ns3:hr>153</ns3:hr>
            <ns3:cad>84</ns3:cad>
          </ns3:TrackPointExtension>
        </extensions>
      </trkpt>
      <trkpt lat="35.76038011349737644195556640625" lon="139.54206171445548534393310546875">
        <ele>40.799999237060546875</ele>
        <time>2026-08-25T09:27:21.000Z</time>
        <extensions>
          <ns3:TrackPointExtension>
            <ns3:hr>152</ns3:hr>
            <ns3:cad>84</ns3:cad>
          </ns3:TrackPointExtension>
        </extensions>
      </trkpt>
      <trkpt lat="35.760375671088695526123046875" lon="139.54204000532627105712890625">
        <ele>40.799999237060546875</ele>
        <time>2026-08-25T09:27:22.000Z</time>
        <extensions>
          <ns3:TrackPointExtension>
            <ns3:hr>152</ns3:hr>
            <ns3:cad>84</ns3:cad>
          </ns3:TrackPointExtension>
        </extensions>
      </trkpt>
      <trkpt lat="35.7603714801371097564697265625" lon="139.5420167036354541778564453125">
        <ele>40.799999237060546875</ele>
        <time>2026-08-25T09:27:23.000Z</time>
        <extensions>
          <ns3:TrackPointExtension>
            <ns3:hr>152</ns3:hr>
            <ns3:cad>83</ns3:cad>
          </ns3:TrackPointExtension>
        </extensions>
      </trkpt>
      <trkpt lat="35.76036594808101654052734375" lon="139.541997425258159637451171875">
        <ele>40.799999237060546875</ele>
        <time>2026-08-25T09:27:24.000Z</time>
        <extensions>
          <ns3:TrackPointExtension>
            <ns3:hr>152</ns3:hr>
            <ns3:cad>83</ns3:cad>
          </ns3:TrackPointExtension>
        </extensions>
      </trkpt>
      <trkpt lat="35.76036192476749420166015625" lon="139.5419736206531524658203125">
        <ele>40.799999237060546875</ele>
        <time>2026-08-25T09:27:25.000Z</time>
        <extensions>
          <ns3:TrackPointExtension>
            <ns3:hr>152</ns3:hr>
            <ns3:cad>83</ns3:cad>
          </ns3:TrackPointExtension>
        </extensions>
      </trkpt>
      <trkpt lat="35.760356895625591278076171875" lon="139.54195006750524044036865234375">
        <ele>41</ele>
        <time>2026-08-25T09:27:26.000Z</time>
        <extensions>
          <ns3:TrackPointExtension>
            <ns3:hr>152</ns3:hr>
            <ns3:cad>82</ns3:cad>
          </ns3:TrackPointExtension>
        </extensions>
      </trkpt>
      <trkpt lat="35.760352872312068939208984375" lon="139.54192425124347209930419921875">
        <ele>41</ele>
        <time>2026-08-25T09:27:27.000Z</time>
        <extensions>
          <ns3:TrackPointExtension>
            <ns3:hr>152</ns3:hr>
            <ns3:cad>82</ns3:cad>
          </ns3:TrackPointExtension>
        </extensions>
      </trkpt>
      <trkpt lat="35.7603486813604831695556640625" lon="139.5419006980955600738525390625">
        <ele>41</ele>
        <time>2026-08-25T09:27:28.000Z</time>
        <extensions>
          <ns3:TrackPointExtension>
            <ns3:hr>152</ns3:hr>
            <ns3:cad>82</ns3:cad>
          </ns3:TrackPointExtension>
        </extensions>
      </trkpt>
      <trkpt lat="35.76034247875213623046875" lon="139.54187949188053607940673828125">
        <ele>41</ele>
        <time>2026-08-25T09:27:29.000Z</time>
        <extensions>
          <ns3:TrackPointExtension>
            <ns3:hr>152</ns3:hr>
            <ns3:cad>83</ns3:cad>
          </ns3:TrackPointExtension>
        </extensions>
      </trkpt>
      <trkpt lat="35.7603382878005504608154296875" lon="139.5418551005423069000244140625">
        <ele>40.799999237060546875</ele>
        <time>2026-08-25T09:27:30.000Z</time>
        <extensions>
          <ns3:TrackPointExtension>
            <ns3:hr>152</ns3:hr>
            <ns3:cad>83</ns3:cad>
          </ns3:TrackPointExtension>
        </extensions>
      </trkpt>
      <trkpt lat="35.760336779057979583740234375" lon="139.54183054156601428985595703125">
        <ele>40.799999237060546875</ele>
        <time>2026-08-25T09:27:31.000Z</time>
        <extensions>
          <ns3:TrackPointExtension>
            <ns3:hr>151</ns3:hr>
            <ns3:cad>83</ns3:cad>
          </ns3:TrackPointExtension>
        </extensions>
      </trkpt>
      <trkpt lat="35.76033585704863071441650390625" lon="139.54180472530424594879150390625">
        <ele>40.799999237060546875</ele>
        <time>2026-08-25T09:27:32.000Z</time>
        <extensions>
          <ns3:TrackPointExtension>
            <ns3:hr>151</ns3:hr>
            <ns3:cad>83</ns3:cad>
          </ns3:TrackPointExtension>
        </extensions>
      </trkpt>
      <trkpt lat="35.76033233664929866790771484375" lon="139.5417813397943973541259765625">
        <ele>40.799999237060546875</ele>
        <time>2026-08-25T09:27:33.000Z</time>
        <extensions>
          <ns3:TrackPointExtension>
            <ns3:hr>151</ns3:hr>
            <ns3:cad>83</ns3:cad>
          </ns3:TrackPointExtension>
        </extensions>
      </trkpt>
      <trkpt lat="35.76032613404095172882080078125" lon="139.5417598821222782135009765625">
        <ele>40.799999237060546875</ele>
        <time>2026-08-25T09:27:34.000Z</time>
        <extensions>
          <ns3:TrackPointExtension>
            <ns3:hr>151</ns3:hr>
            <ns3:cad>84</ns3:cad>
          </ns3:TrackPointExtension>
        </extensions>
      </trkpt>
      <trkpt lat="35.7603208534419536590576171875" lon="139.5417360775172710418701171875">
        <ele>40.799999237060546875</ele>
        <time>2026-08-25T09:27:35.000Z</time>
        <extensions>
          <ns3:TrackPointExtension>
            <ns3:hr>151</ns3:hr>
            <ns3:cad>84</ns3:cad>
          </ns3:TrackPointExtension>
        </extensions>
      </trkpt>
      <trkpt lat="35.7603181712329387664794921875" lon="139.5417116023600101470947265625">
        <ele>40.799999237060546875</ele>
        <time>2026-08-25T09:27:36.000Z</time>
        <extensions>
          <ns3:TrackPointExtension>
            <ns3:hr>151</ns3:hr>
            <ns3:cad>84</ns3:cad>
          </ns3:TrackPointExtension>
        </extensions>
      </trkpt>
      <trkpt lat="35.7603141479194164276123046875" lon="139.5416857860982418060302734375">
        <ele>40.799999237060546875</ele>
        <time>2026-08-25T09:27:37.000Z</time>
        <extensions>
          <ns3:TrackPointExtension>
            <ns3:hr>151</ns3:hr>
            <ns3:cad>84</ns3:cad>
          </ns3:TrackPointExtension>
        </extensions>
      </trkpt>
      <trkpt lat="35.76030869968235492706298828125" lon="139.54166022129356861114501953125">
        <ele>40.799999237060546875</ele>
        <time>2026-08-25T09:27:38.000Z</time>
        <extensions>
          <ns3:TrackPointExtension>
            <ns3:hr>151</ns3:hr>
            <ns3:cad>84</ns3:cad>
          </ns3:TrackPointExtension>
        </extensions>
      </trkpt>
      <trkpt lat="35.76030249707400798797607421875" lon="139.541637338697910308837890625">
        <ele>40.799999237060546875</ele>
        <time>2026-08-25T09:27:39.000Z</time>
        <extensions>
          <ns3:TrackPointExtension>
            <ns3:hr>151</ns3:hr>
            <ns3:cad>84</ns3:cad>
          </ns3:TrackPointExtension>
        </extensions>
      </trkpt>
      <trkpt lat="35.7602987252175807952880859375" lon="139.541614539921283721923828125">
        <ele>40.59999847412109375</ele>
        <time>2026-08-25T09:27:40.000Z</time>
        <extensions>
          <ns3:TrackPointExtension>
            <ns3:hr>151</ns3:hr>
            <ns3:cad>84</ns3:cad>
          </ns3:TrackPointExtension>
        </extensions>
      </trkpt>
      <trkpt lat="35.7602903433144092559814453125" lon="139.54159081913530826568603515625">
        <ele>40.59999847412109375</ele>
        <time>2026-08-25T09:27:41.000Z</time>
        <extensions>
          <ns3:TrackPointExtension>
            <ns3:hr>151</ns3:hr>
            <ns3:cad>85</ns3:cad>
          </ns3:TrackPointExtension>
        </extensions>
      </trkpt>
      <trkpt lat="35.7602819614112377166748046875" lon="139.54156600870192050933837890625">
        <ele>40.59999847412109375</ele>
        <time>2026-08-25T09:27:42.000Z</time>
        <extensions>
          <ns3:TrackPointExtension>
            <ns3:hr>150</ns3:hr>
            <ns3:cad>85</ns3:cad>
          </ns3:TrackPointExtension>
        </extensions>
      </trkpt>
      <trkpt lat="35.760277770459651947021484375" lon="139.541540779173374176025390625">
        <ele>40.59999847412109375</ele>
        <time>2026-08-25T09:27:43.000Z</time>
        <extensions>
          <ns3:TrackPointExtension>
            <ns3:hr>150</ns3:hr>
            <ns3:cad>85</ns3:cad>
          </ns3:TrackPointExtension>
        </extensions>
      </trkpt>
      <trkpt lat="35.76027332805097103118896484375" lon="139.5415174774825572967529296875">
        <ele>40.59999847412109375</ele>
        <time>2026-08-25T09:27:44.000Z</time>
        <extensions>
          <ns3:TrackPointExtension>
            <ns3:hr>150</ns3:hr>
            <ns3:cad>85</ns3:cad>
          </ns3:TrackPointExtension>
        </extensions>
      </trkpt>
      <trkpt lat="35.7602688856422901153564453125" lon="139.54149073921144008636474609375">
        <ele>40.799999237060546875</ele>
        <time>2026-08-25T09:27:45.000Z</time>
        <extensions>
          <ns3:TrackPointExtension>
            <ns3:hr>151</ns3:hr>
            <ns3:cad>84</ns3:cad>
          </ns3:TrackPointExtension>
        </extensions>
      </trkpt>
      <trkpt lat="35.7602660357952117919921875" lon="139.54146592877805233001708984375">
        <ele>40.799999237060546875</ele>
        <time>2026-08-25T09:27:46.000Z</time>
        <extensions>
          <ns3:TrackPointExtension>
            <ns3:hr>151</ns3:hr>
            <ns3:cad>84</ns3:cad>
          </ns3:TrackPointExtension>
        </extensions>
      </trkpt>
      <trkpt lat="35.76026192866265773773193359375" lon="139.541444890201091766357421875">
        <ele>40.799999237060546875</ele>
        <time>2026-08-25T09:27:47.000Z</time>
        <extensions>
          <ns3:TrackPointExtension>
            <ns3:hr>151</ns3:hr>
            <ns3:cad>83</ns3:cad>
          </ns3:TrackPointExtension>
        </extensions>
      </trkpt>
      <trkpt lat="35.7602564804255962371826171875" lon="139.5414232648909091949462890625">
        <ele>40.799999237060546875</ele>
        <time>2026-08-25T09:27:48.000Z</time>
        <extensions>
          <ns3:TrackPointExtension>
            <ns3:hr>151</ns3:hr>
            <ns3:cad>83</ns3:cad>
          </ns3:TrackPointExtension>
        </extensions>
      </trkpt>
      <trkpt lat="35.760250277817249298095703125" lon="139.54140390269458293914794921875">
        <ele>40.799999237060546875</ele>
        <time>2026-08-25T09:27:49.000Z</time>
        <extensions>
          <ns3:TrackPointExtension>
            <ns3:hr>151</ns3:hr>
            <ns3:cad>83</ns3:cad>
          </ns3:TrackPointExtension>
        </extensions>
      </trkpt>
      <trkpt lat="35.76024516485631465911865234375" lon="139.5413813553750514984130859375">
        <ele>40.799999237060546875</ele>
        <time>2026-08-25T09:27:50.000Z</time>
        <extensions>
          <ns3:TrackPointExtension>
            <ns3:hr>151</ns3:hr>
            <ns3:cad>83</ns3:cad>
          </ns3:TrackPointExtension>
        </extensions>
      </trkpt>
      <trkpt lat="35.7602397166192531585693359375" lon="139.54136065207421779632568359375">
        <ele>40.799999237060546875</ele>
        <time>2026-08-25T09:27:51.000Z</time>
        <extensions>
          <ns3:TrackPointExtension>
            <ns3:hr>151</ns3:hr>
            <ns3:cad>83</ns3:cad>
          </ns3:TrackPointExtension>
        </extensions>
      </trkpt>
      <trkpt lat="35.76023393310606479644775390625" lon="139.5413404516875743865966796875">
        <ele>40.799999237060546875</ele>
        <time>2026-08-25T09:27:52.000Z</time>
        <extensions>
          <ns3:TrackPointExtension>
            <ns3:hr>151</ns3:hr>
            <ns3:cad>82</ns3:cad>
          </ns3:TrackPointExtension>
        </extensions>
      </trkpt>
      <trkpt lat="35.76022781431674957275390625" lon="139.54131857492029666900634765625">
        <ele>40.799999237060546875</ele>
        <time>2026-08-25T09:27:53.000Z</time>
        <extensions>
          <ns3:TrackPointExtension>
            <ns3:hr>151</ns3:hr>
            <ns3:cad>82</ns3:cad>
          </ns3:TrackPointExtension>
        </extensions>
      </trkpt>
      <trkpt lat="35.76022136025130748748779296875" lon="139.54129979945719242095947265625">
        <ele>40.799999237060546875</ele>
        <time>2026-08-25T09:27:54.000Z</time>
        <extensions>
          <ns3:TrackPointExtension>
            <ns3:hr>151</ns3:hr>
            <ns3:cad>81</ns3:cad>
          </ns3:TrackPointExtension>
        </extensions>
      </trkpt>
      <trkpt lat="35.76021708548069000244140625" lon="139.54127951525151729583740234375">
        <ele>40.799999237060546875</ele>
        <time>2026-08-25T09:27:55.000Z</time>
        <extensions>
          <ns3:TrackPointExtension>
            <ns3:hr>151</ns3:hr>
            <ns3:cad>81</ns3:cad>
          </ns3:TrackPointExtension>
        </extensions>
      </trkpt>
      <trkpt lat="35.7602102123200893402099609375" lon="139.541256129741668701171875">
        <ele>40.799999237060546875</ele>
        <time>2026-08-25T09:27:56.000Z</time>
        <extensions>
          <ns3:TrackPointExtension>
            <ns3:hr>152</ns3:hr>
            <ns3:cad>81</ns3:cad>
          </ns3:TrackPointExtension>
        </extensions>
      </trkpt>
      <trkpt lat="35.76020635664463043212890625" lon="139.54123173840343952178955078125">
        <ele>41</ele>
        <time>2026-08-25T09:27:57.000Z</time>
        <extensions>
          <ns3:TrackPointExtension>
            <ns3:hr>152</ns3:hr>
            <ns3:cad>81</ns3:cad>
          </ns3:TrackPointExtension>
        </extensions>
      </trkpt>
      <trkpt lat="35.76020141132175922393798828125" lon="139.54120692797005176544189453125">
        <ele>41.200000762939453125</ele>
        <time>2026-08-25T09:27:58.000Z</time>
        <extensions>
          <ns3:TrackPointExtension>
            <ns3:hr>152</ns3:hr>
            <ns3:cad>81</ns3:cad>
          </ns3:TrackPointExtension>
        </extensions>
      </trkpt>
      <trkpt lat="35.76019294559955596923828125" lon="139.5411837100982666015625">
        <ele>41.200000762939453125</ele>
        <time>2026-08-25T09:27:59.000Z</time>
        <extensions>
          <ns3:TrackPointExtension>
            <ns3:hr>152</ns3:hr>
            <ns3:cad>81</ns3:cad>
          </ns3:TrackPointExtension>
        </extensions>
      </trkpt>
      <trkpt lat="35.7601843960583209991455078125" lon="139.541162587702274322509765625">
        <ele>41.200000762939453125</ele>
        <time>2026-08-25T09:28:00.000Z</time>
        <extensions>
          <ns3:TrackPointExtension>
            <ns3:hr>151</ns3:hr>
            <ns3:cad>82</ns3:cad>
          </ns3:TrackPointExtension>
        </extensions>
      </trkpt>
      <trkpt lat="35.7601756788790225982666015625" lon="139.54113853164017200469970703125">
        <ele>41.200000762939453125</ele>
        <time>2026-08-25T09:28:01.000Z</time>
        <extensions>
          <ns3:TrackPointExtension>
            <ns3:hr>151</ns3:hr>
            <ns3:cad>82</ns3:cad>
          </ns3:TrackPointExtension>
        </extensions>
      </trkpt>
      <trkpt lat="35.76016738079488277435302734375" lon="139.54111506231129169464111328125">
        <ele>41.200000762939453125</ele>
        <time>2026-08-25T09:28:02.000Z</time>
        <extensions>
          <ns3:TrackPointExtension>
            <ns3:hr>151</ns3:hr>
            <ns3:cad>82</ns3:cad>
          </ns3:TrackPointExtension>
        </extensions>
      </trkpt>
      <trkpt lat="35.7601612620055675506591796875" lon="139.54109461046755313873291015625">
        <ele>41.200000762939453125</ele>
        <time>2026-08-25T09:28:03.000Z</time>
        <extensions>
          <ns3:TrackPointExtension>
            <ns3:hr>152</ns3:hr>
            <ns3:cad>83</ns3:cad>
          </ns3:TrackPointExtension>
        </extensions>
      </trkpt>
      <trkpt lat="35.76015346683561801910400390625" lon="139.54107415862381458282470703125">
        <ele>41.200000762939453125</ele>
        <time>2026-08-25T09:28:04.000Z</time>
        <extensions>
          <ns3:TrackPointExtension>
            <ns3:hr>151</ns3:hr>
            <ns3:cad>83</ns3:cad>
          </ns3:TrackPointExtension>
        </extensions>
      </trkpt>
      <trkpt lat="35.7601451687514781951904296875" lon="139.5410531200468540191650390625">
        <ele>41.200000762939453125</ele>
        <time>2026-08-25T09:28:05.000Z</time>
        <extensions>
          <ns3:TrackPointExtension>
            <ns3:hr>151</ns3:hr>
            <ns3:cad>83</ns3:cad>
          </ns3:TrackPointExtension>
        </extensions>
      </trkpt>
      <trkpt lat="35.760135613381862640380859375" lon="139.54103509895503520965576171875">
        <ele>41.200000762939453125</ele>
        <time>2026-08-25T09:28:06.000Z</time>
        <extensions>
          <ns3:TrackPointExtension>
            <ns3:hr>151</ns3:hr>
            <ns3:cad>83</ns3:cad>
          </ns3:TrackPointExtension>
        </extensions>
      </trkpt>
      <trkpt lat="35.760123543441295623779296875" lon="139.54100945033133029937744140625">
        <ele>41.200000762939453125</ele>
        <time>2026-08-25T09:28:07.000Z</time>
        <extensions>
          <ns3:TrackPointExtension>
            <ns3:hr>151</ns3:hr>
            <ns3:cad>83</ns3:cad>
          </ns3:TrackPointExtension>
        </extensions>
      </trkpt>
      <trkpt lat="35.7601158320903778076171875" lon="139.5409870706498622894287109375">
        <ele>41</ele>
        <time>2026-08-25T09:28:08.000Z</time>
        <extensions>
          <ns3:TrackPointExtension>
            <ns3:hr>151</ns3:hr>
            <ns3:cad>82</ns3:cad>
          </ns3:TrackPointExtension>
        </extensions>
      </trkpt>
      <trkpt lat="35.76010971330106258392333984375" lon="139.540962763130664825439453125">
        <ele>41</ele>
        <time>2026-08-25T09:28:09.000Z</time>
        <extensions>
          <ns3:TrackPointExtension>
            <ns3:hr>151</ns3:hr>
            <ns3:cad>82</ns3:cad>
          </ns3:TrackPointExtension>
        </extensions>
      </trkpt>
      <trkpt lat="35.76010233722627162933349609375" lon="139.5409411378204822540283203125">
        <ele>41</ele>
        <time>2026-08-25T09:28:10.000Z</time>
        <extensions>
          <ns3:TrackPointExtension>
            <ns3:hr>151</ns3:hr>
            <ns3:cad>82</ns3:cad>
          </ns3:TrackPointExtension>
        </extensions>
      </trkpt>
      <trkpt lat="35.76009362004697322845458984375" lon="139.5409230329096317291259765625">
        <ele>41</ele>
        <time>2026-08-25T09:28:11.000Z</time>
        <extensions>
          <ns3:TrackPointExtension>
            <ns3:hr>150</ns3:hr>
            <ns3:cad>83</ns3:cad>
          </ns3:TrackPointExtension>
        </extensions>
      </trkpt>
      <trkpt lat="35.76008322648704051971435546875" lon="139.54090216197073459625244140625">
        <ele>41</ele>
        <time>2026-08-25T09:28:12.000Z</time>
        <extensions>
          <ns3:TrackPointExtension>
            <ns3:hr>150</ns3:hr>
            <ns3:cad>83</ns3:cad>
          </ns3:TrackPointExtension>
        </extensions>
      </trkpt>
      <trkpt lat="35.760071575641632080078125" lon="139.5408824644982814788818359375">
        <ele>41</ele>
        <time>2026-08-25T09:28:13.000Z</time>
        <extensions>
          <ns3:TrackPointExtension>
            <ns3:hr>150</ns3:hr>
            <ns3:cad>82</ns3:cad>
          </ns3:TrackPointExtension>
        </extensions>
      </trkpt>
      <trkpt lat="35.76006260700523853302001953125" lon="139.5408640243113040924072265625">
        <ele>40.799999237060546875</ele>
        <time>2026-08-25T09:28:14.000Z</time>
        <extensions>
          <ns3:TrackPointExtension>
            <ns3:hr>150</ns3:hr>
            <ns3:cad>82</ns3:cad>
          </ns3:TrackPointExtension>
        </extensions>
      </trkpt>
      <trkpt lat="35.76005321927368640899658203125" lon="139.54084700904786586761474609375">
        <ele>40.799999237060546875</ele>
        <time>2026-08-25T09:28:15.000Z</time>
        <extensions>
          <ns3:TrackPointExtension>
            <ns3:hr>149</ns3:hr>
            <ns3:cad>82</ns3:cad>
          </ns3:TrackPointExtension>
        </extensions>
      </trkpt>
      <trkpt lat="35.7600435800850391387939453125" lon="139.5408274792134761810302734375">
        <ele>40.799999237060546875</ele>
        <time>2026-08-25T09:28:16.000Z</time>
        <extensions>
          <ns3:TrackPointExtension>
            <ns3:hr>149</ns3:hr>
            <ns3:cad>82</ns3:cad>
          </ns3:TrackPointExtension>
        </extensions>
      </trkpt>
      <trkpt lat="35.76003410853445529937744140625" lon="139.54080593772232532501220703125">
        <ele>40.799999237060546875</ele>
        <time>2026-08-25T09:28:17.000Z</time>
        <extensions>
          <ns3:TrackPointExtension>
            <ns3:hr>149</ns3:hr>
            <ns3:cad>82</ns3:cad>
          </ns3:TrackPointExtension>
        </extensions>
      </trkpt>
      <trkpt lat="35.760023631155490875244140625" lon="139.54078598879277706146240234375">
        <ele>40.799999237060546875</ele>
        <time>2026-08-25T09:28:18.000Z</time>
        <extensions>
          <ns3:TrackPointExtension>
            <ns3:hr>149</ns3:hr>
            <ns3:cad>83</ns3:cad>
          </ns3:TrackPointExtension>
        </extensions>
      </trkpt>
      <trkpt lat="35.76001415960490703582763671875" lon="139.540768302977085113525390625">
        <ele>40.799999237060546875</ele>
        <time>2026-08-25T09:28:19.000Z</time>
        <extensions>
          <ns3:TrackPointExtension>
            <ns3:hr>149</ns3:hr>
            <ns3:cad>83</ns3:cad>
          </ns3:TrackPointExtension>
        </extensions>
      </trkpt>
      <trkpt lat="35.7600020058453083038330078125" lon="139.54074894078075885772705078125">
        <ele>41</ele>
        <time>2026-08-25T09:28:20.000Z</time>
        <extensions>
          <ns3:TrackPointExtension>
            <ns3:hr>149</ns3:hr>
            <ns3:cad>83</ns3:cad>
          </ns3:TrackPointExtension>
        </extensions>
      </trkpt>
      <trkpt lat="35.75998867861926555633544921875" lon="139.54072714783251285552978515625">
        <ele>41</ele>
        <time>2026-08-25T09:28:21.000Z</time>
        <extensions>
          <ns3:TrackPointExtension>
            <ns3:hr>149</ns3:hr>
            <ns3:cad>84</ns3:cad>
          </ns3:TrackPointExtension>
        </extensions>
      </trkpt>
      <trkpt lat="35.7599738426506519317626953125" lon="139.5407076179981231689453125">
        <ele>41</ele>
        <time>2026-08-25T09:28:22.000Z</time>
        <extensions>
          <ns3:TrackPointExtension>
            <ns3:hr>149</ns3:hr>
            <ns3:cad>84</ns3:cad>
          </ns3:TrackPointExtension>
        </extensions>
      </trkpt>
      <trkpt lat="35.75995984487235546112060546875" lon="139.54069077037274837493896484375">
        <ele>41</ele>
        <time>2026-08-25T09:28:23.000Z</time>
        <extensions>
          <ns3:TrackPointExtension>
            <ns3:hr>149</ns3:hr>
            <ns3:cad>83</ns3:cad>
          </ns3:TrackPointExtension>
        </extensions>
      </trkpt>
      <trkpt lat="35.75994995422661304473876953125" lon="139.5406739227473735809326171875">
        <ele>41</ele>
        <time>2026-08-25T09:28:24.000Z</time>
        <extensions>
          <ns3:TrackPointExtension>
            <ns3:hr>149</ns3:hr>
            <ns3:cad>83</ns3:cad>
          </ns3:TrackPointExtension>
        </extensions>
      </trkpt>
      <trkpt lat="35.75994140468537807464599609375" lon="139.54065908677875995635986328125">
        <ele>41</ele>
        <time>2026-08-25T09:28:25.000Z</time>
        <extensions>
          <ns3:TrackPointExtension>
            <ns3:hr>149</ns3:hr>
            <ns3:cad>84</ns3:cad>
          </ns3:TrackPointExtension>
        </extensions>
      </trkpt>
      <trkpt lat="35.75993151403963565826416015625" lon="139.54064131714403629302978515625">
        <ele>41</ele>
        <time>2026-08-25T09:28:26.000Z</time>
        <extensions>
          <ns3:TrackPointExtension>
            <ns3:hr>149</ns3:hr>
            <ns3:cad>84</ns3:cad>
          </ns3:TrackPointExtension>
        </extensions>
      </trkpt>
      <trkpt lat="35.7599200308322906494140625" lon="139.540620110929012298583984375">
        <ele>41</ele>
        <time>2026-08-25T09:28:27.000Z</time>
        <extensions>
          <ns3:TrackPointExtension>
            <ns3:hr>149</ns3:hr>
            <ns3:cad>84</ns3:cad>
          </ns3:TrackPointExtension>
        </extensions>
      </trkpt>
      <trkpt lat="35.75990787707269191741943359375" lon="139.540601335465908050537109375">
        <ele>41</ele>
        <time>2026-08-25T09:28:28.000Z</time>
        <extensions>
          <ns3:TrackPointExtension>
            <ns3:hr>149</ns3:hr>
            <ns3:cad>84</ns3:cad>
          </ns3:TrackPointExtension>
        </extensions>
      </trkpt>
      <trkpt lat="35.75989580713212490081787109375" lon="139.54058012925088405609130859375">
        <ele>41.200000762939453125</ele>
        <time>2026-08-25T09:28:29.000Z</time>
        <extensions>
          <ns3:TrackPointExtension>
            <ns3:hr>149</ns3:hr>
            <ns3:cad>84</ns3:cad>
          </ns3:TrackPointExtension>
        </extensions>
      </trkpt>
      <trkpt lat="35.75988340191543102264404296875" lon="139.54056336544454097747802734375">
        <ele>41.40000152587890625</ele>
        <time>2026-08-25T09:28:30.000Z</time>
        <extensions>
          <ns3:TrackPointExtension>
            <ns3:hr>149</ns3:hr>
            <ns3:cad>84</ns3:cad>
          </ns3:TrackPointExtension>
        </extensions>
      </trkpt>
      <trkpt lat="35.75987217016518115997314453125" lon="139.54054534435272216796875">
        <ele>41.40000152587890625</ele>
        <time>2026-08-25T09:28:31.000Z</time>
        <extensions>
          <ns3:TrackPointExtension>
            <ns3:hr>149</ns3:hr>
            <ns3:cad>84</ns3:cad>
          </ns3:TrackPointExtension>
        </extensions>
      </trkpt>
      <trkpt lat="35.75985708273947238922119140625" lon="139.5405243895947933197021484375">
        <ele>41.59999847412109375</ele>
        <time>2026-08-25T09:28:32.000Z</time>
        <extensions>
          <ns3:TrackPointExtension>
            <ns3:hr>149</ns3:hr>
            <ns3:cad>84</ns3:cad>
          </ns3:TrackPointExtension>
        </extensions>
      </trkpt>
      <trkpt lat="35.75984425842761993408203125" lon="139.54050268046557903289794921875">
        <ele>41.59999847412109375</ele>
        <time>2026-08-25T09:28:33.000Z</time>
        <extensions>
          <ns3:TrackPointExtension>
            <ns3:hr>149</ns3:hr>
            <ns3:cad>83</ns3:cad>
          </ns3:TrackPointExtension>
        </extensions>
      </trkpt>
      <trkpt lat="35.759833194315433502197265625" lon="139.5404828153550624847412109375">
        <ele>41.59999847412109375</ele>
        <time>2026-08-25T09:28:34.000Z</time>
        <extensions>
          <ns3:TrackPointExtension>
            <ns3:hr>149</ns3:hr>
            <ns3:cad>81</ns3:cad>
          </ns3:TrackPointExtension>
        </extensions>
      </trkpt>
      <trkpt lat="35.7598206214606761932373046875" lon="139.54046110622584819793701171875">
        <ele>41.799999237060546875</ele>
        <time>2026-08-25T09:28:35.000Z</time>
        <extensions>
          <ns3:TrackPointExtension>
            <ns3:hr>149</ns3:hr>
            <ns3:cad>81</ns3:cad>
          </ns3:TrackPointExtension>
        </extensions>
      </trkpt>
      <trkpt lat="35.75980628840625286102294921875" lon="139.54044274985790252685546875">
        <ele>41.799999237060546875</ele>
        <time>2026-08-25T09:28:36.000Z</time>
        <extensions>
          <ns3:TrackPointExtension>
            <ns3:hr>149</ns3:hr>
            <ns3:cad>81</ns3:cad>
          </ns3:TrackPointExtension>
        </extensions>
      </trkpt>
      <trkpt lat="35.75979103334248065948486328125" lon="139.5404274947941303253173828125">
        <ele>42</ele>
        <time>2026-08-25T09:28:37.000Z</time>
        <extensions>
          <ns3:TrackPointExtension>
            <ns3:hr>149</ns3:hr>
            <ns3:cad>81</ns3:cad>
          </ns3:TrackPointExtension>
        </extensions>
      </trkpt>
      <trkpt lat="35.75977309606969356536865234375" lon="139.5404140837490558624267578125">
        <ele>42</ele>
        <time>2026-08-25T09:28:38.000Z</time>
        <extensions>
          <ns3:TrackPointExtension>
            <ns3:hr>149</ns3:hr>
            <ns3:cad>81</ns3:cad>
          </ns3:TrackPointExtension>
        </extensions>
      </trkpt>
      <trkpt lat="35.7597599364817142486572265625" lon="139.54039958305656909942626953125">
        <ele>42.200000762939453125</ele>
        <time>2026-08-25T09:28:39.000Z</time>
        <extensions>
          <ns3:TrackPointExtension>
            <ns3:hr>149</ns3:hr>
            <ns3:cad>80</ns3:cad>
          </ns3:TrackPointExtension>
        </extensions>
      </trkpt>
      <trkpt lat="35.75974761508405208587646484375" lon="139.5403822325170040130615234375">
        <ele>42.200000762939453125</ele>
        <time>2026-08-25T09:28:40.000Z</time>
        <extensions>
          <ns3:TrackPointExtension>
            <ns3:hr>149</ns3:hr>
            <ns3:cad>81</ns3:cad>
          </ns3:TrackPointExtension>
        </extensions>
      </trkpt>
      <trkpt lat="35.75973386876285076141357421875" lon="139.54036907292902469635009765625">
        <ele>42.40000152587890625</ele>
        <time>2026-08-25T09:28:41.000Z</time>
        <extensions>
          <ns3:TrackPointExtension>
            <ns3:hr>149</ns3:hr>
            <ns3:cad>81</ns3:cad>
          </ns3:TrackPointExtension>
        </extensions>
      </trkpt>
      <trkpt lat="35.75972364284098148345947265625" lon="139.54035549424588680267333984375">
        <ele>42.59999847412109375</ele>
        <time>2026-08-25T09:28:42.000Z</time>
        <extensions>
          <ns3:TrackPointExtension>
            <ns3:hr>149</ns3:hr>
            <ns3:cad>82</ns3:cad>
          </ns3:TrackPointExtension>
        </extensions>
      </trkpt>
      <trkpt lat="35.75971509329974651336669921875" lon="139.54034141264855861663818359375">
        <ele>42.59999847412109375</ele>
        <time>2026-08-25T09:28:43.000Z</time>
        <extensions>
          <ns3:TrackPointExtension>
            <ns3:hr>149</ns3:hr>
            <ns3:cad>82</ns3:cad>
          </ns3:TrackPointExtension>
        </extensions>
      </trkpt>
      <trkpt lat="35.75970604084432125091552734375" lon="139.54032607376575469970703125">
        <ele>42.59999847412109375</ele>
        <time>2026-08-25T09:28:44.000Z</time>
        <extensions>
          <ns3:TrackPointExtension>
            <ns3:hr>149</ns3:hr>
            <ns3:cad>81</ns3:cad>
          </ns3:TrackPointExtension>
        </extensions>
      </trkpt>
      <trkpt lat="35.75969648547470569610595703125" lon="139.54030989669263362884521484375">
        <ele>42.40000152587890625</ele>
        <time>2026-08-25T09:28:45.000Z</time>
        <extensions>
          <ns3:TrackPointExtension>
            <ns3:hr>150</ns3:hr>
            <ns3:cad>80</ns3:cad>
          </ns3:TrackPointExtension>
        </extensions>
      </trkpt>
      <trkpt lat="35.75968206860125064849853515625" lon="139.54029212705790996551513671875">
        <ele>42.40000152587890625</ele>
        <time>2026-08-25T09:28:46.000Z</time>
        <extensions>
          <ns3:TrackPointExtension>
            <ns3:hr>150</ns3:hr>
            <ns3:cad>80</ns3:cad>
          </ns3:TrackPointExtension>
        </extensions>
      </trkpt>
      <trkpt lat="35.75966681353747844696044921875" lon="139.54027351923286914825439453125">
        <ele>42.200000762939453125</ele>
        <time>2026-08-25T09:28:47.000Z</time>
        <extensions>
          <ns3:TrackPointExtension>
            <ns3:hr>151</ns3:hr>
            <ns3:cad>79</ns3:cad>
          </ns3:TrackPointExtension>
        </extensions>
      </trkpt>
      <trkpt lat="35.7596509717404842376708984375" lon="139.5402538217604160308837890625">
        <ele>42</ele>
        <time>2026-08-25T09:28:48.000Z</time>
        <extensions>
          <ns3:TrackPointExtension>
            <ns3:hr>151</ns3:hr>
            <ns3:cad>79</ns3:cad>
          </ns3:TrackPointExtension>
        </extensions>
      </trkpt>
      <trkpt lat="35.7596462778747081756591796875" lon="139.54023479484021663665771484375">
        <ele>42</ele>
        <time>2026-08-25T09:28:49.000Z</time>
        <extensions>
          <ns3:TrackPointExtension>
            <ns3:hr>151</ns3:hr>
            <ns3:cad>79</ns3:cad>
          </ns3:TrackPointExtension>
        </extensions>
      </trkpt>
      <trkpt lat="35.759640745818614959716796875" lon="139.54021652229130268096923828125">
        <ele>41.59999847412109375</ele>
        <time>2026-08-25T09:28:50.000Z</time>
        <extensions>
          <ns3:TrackPointExtension>
            <ns3:hr>151</ns3:hr>
            <ns3:cad>80</ns3:cad>
          </ns3:TrackPointExtension>
        </extensions>
      </trkpt>
      <trkpt lat="35.7596276700496673583984375" lon="139.5401954837143421173095703125">
        <ele>41.59999847412109375</ele>
        <time>2026-08-25T09:28:51.000Z</time>
        <extensions>
          <ns3:TrackPointExtension>
            <ns3:hr>151</ns3:hr>
            <ns3:cad>82</ns3:cad>
          </ns3:TrackPointExtension>
        </extensions>
      </trkpt>
      <trkpt lat="35.75961166061460971832275390625" lon="139.54017494805157184600830078125">
        <ele>41.59999847412109375</ele>
        <time>2026-08-25T09:28:52.000Z</time>
        <extensions>
          <ns3:TrackPointExtension>
            <ns3:hr>151</ns3:hr>
            <ns3:cad>82</ns3:cad>
          </ns3:TrackPointExtension>
        </extensions>
      </trkpt>
      <trkpt lat="35.75959724374115467071533203125" lon="139.5401552505791187286376953125">
        <ele>41.59999847412109375</ele>
        <time>2026-08-25T09:28:53.000Z</time>
        <extensions>
          <ns3:TrackPointExtension>
            <ns3:hr>151</ns3:hr>
            <ns3:cad>83</ns3:cad>
          </ns3:TrackPointExtension>
        </extensions>
      </trkpt>
      <trkpt lat="35.759583413600921630859375" lon="139.540140666067600250244140625">
        <ele>41.40000152587890625</ele>
        <time>2026-08-25T09:28:54.000Z</time>
        <extensions>
          <ns3:TrackPointExtension>
            <ns3:hr>151</ns3:hr>
            <ns3:cad>83</ns3:cad>
          </ns3:TrackPointExtension>
        </extensions>
      </trkpt>
      <trkpt lat="35.75957226566970348358154296875" lon="139.5401233993470668792724609375">
        <ele>41.40000152587890625</ele>
        <time>2026-08-25T09:28:55.000Z</time>
        <extensions>
          <ns3:TrackPointExtension>
            <ns3:hr>152</ns3:hr>
            <ns3:cad>83</ns3:cad>
          </ns3:TrackPointExtension>
        </extensions>
      </trkpt>
      <trkpt lat="35.75955667532980442047119140625" lon="139.540108479559421539306640625">
        <ele>41.40000152587890625</ele>
        <time>2026-08-25T09:28:56.000Z</time>
        <extensions>
          <ns3:TrackPointExtension>
            <ns3:hr>152</ns3:hr>
            <ns3:cad>83</ns3:cad>
          </ns3:TrackPointExtension>
        </extensions>
      </trkpt>
      <trkpt lat="35.75953940860927104949951171875" lon="139.54009179957211017608642578125">
        <ele>41.40000152587890625</ele>
        <time>2026-08-25T09:28:57.000Z</time>
        <extensions>
          <ns3:TrackPointExtension>
            <ns3:hr>152</ns3:hr>
            <ns3:cad>83</ns3:cad>
          </ns3:TrackPointExtension>
        </extensions>
      </trkpt>
      <trkpt lat="35.75952717103064060211181640625" lon="139.54007486812770366668701171875">
        <ele>41.40000152587890625</ele>
        <time>2026-08-25T09:28:58.000Z</time>
        <extensions>
          <ns3:TrackPointExtension>
            <ns3:hr>152</ns3:hr>
            <ns3:cad>83</ns3:cad>
          </ns3:TrackPointExtension>
        </extensions>
      </trkpt>
      <trkpt lat="35.7595158554613590240478515625" lon="139.540056847035884857177734375">
        <ele>41.200000762939453125</ele>
        <time>2026-08-25T09:28:59.000Z</time>
        <extensions>
          <ns3:TrackPointExtension>
            <ns3:hr>151</ns3:hr>
            <ns3:cad>83</ns3:cad>
          </ns3:TrackPointExtension>
        </extensions>
      </trkpt>
      <trkpt lat="35.75950202532112598419189453125" lon="139.54003748483955860137939453125">
        <ele>41.200000762939453125</ele>
        <time>2026-08-25T09:29:00.000Z</time>
        <extensions>
          <ns3:TrackPointExtension>
            <ns3:hr>151</ns3:hr>
            <ns3:cad>82</ns3:cad>
          </ns3:TrackPointExtension>
        </extensions>
      </trkpt>
      <trkpt lat="35.75948945246636867523193359375" lon="139.54002172686159610748291015625">
        <ele>41.200000762939453125</ele>
        <time>2026-08-25T09:29:01.000Z</time>
        <extensions>
          <ns3:TrackPointExtension>
            <ns3:hr>151</ns3:hr>
            <ns3:cad>82</ns3:cad>
          </ns3:TrackPointExtension>
        </extensions>
      </trkpt>
      <trkpt lat="35.7594632171094417572021484375" lon="139.53998937271535396575927734375">
        <ele>41.40000152587890625</ele>
        <time>2026-08-25T09:29:02.000Z</time>
        <extensions>
          <ns3:TrackPointExtension>
            <ns3:hr>151</ns3:hr>
            <ns3:cad>81</ns3:cad>
          </ns3:TrackPointExtension>
        </extensions>
      </trkpt>
      <trkpt lat="35.7594632171094417572021484375" lon="139.53998937271535396575927734375">
        <ele>41.40000152587890625</ele>
        <time>2026-08-25T09:29:03.000Z</time>
        <extensions>
          <ns3:TrackPointExtension>
            <ns3:hr>151</ns3:hr>
            <ns3:cad>81</ns3:cad>
          </ns3:TrackPointExtension>
        </extensions>
      </trkpt>
      <trkpt lat="35.759445615112781524658203125" lon="139.53997470438480377197265625">
        <ele>41.40000152587890625</ele>
        <time>2026-08-25T09:29:04.000Z</time>
        <extensions>
          <ns3:TrackPointExtension>
            <ns3:hr>151</ns3:hr>
            <ns3:cad>81</ns3:cad>
          </ns3:TrackPointExtension>
        </extensions>
      </trkpt>
      <trkpt lat="35.75942893512547016143798828125" lon="139.53995601274073123931884765625">
        <ele>41.59999847412109375</ele>
        <time>2026-08-25T09:29:05.000Z</time>
        <extensions>
          <ns3:TrackPointExtension>
            <ns3:hr>151</ns3:hr>
            <ns3:cad>81</ns3:cad>
          </ns3:TrackPointExtension>
        </extensions>
      </trkpt>
      <trkpt lat="35.75941510498523712158203125" lon="139.53994385898113250732421875">
        <ele>42</ele>
        <time>2026-08-25T09:29:06.000Z</time>
        <extensions>
          <ns3:TrackPointExtension>
            <ns3:hr>150</ns3:hr>
            <ns3:cad>82</ns3:cad>
          </ns3:TrackPointExtension>
        </extensions>
      </trkpt>
      <trkpt lat="35.75940093956887722015380859375" lon="139.53993170522153377532958984375">
        <ele>42.200000762939453125</ele>
        <time>2026-08-25T09:29:07.000Z</time>
        <extensions>
          <ns3:TrackPointExtension>
            <ns3:hr>150</ns3:hr>
            <ns3:cad>82</ns3:cad>
          </ns3:TrackPointExtension>
        </extensions>
      </trkpt>
      <trkpt lat="35.75938828289508819580078125" lon="139.5399218983948230743408203125">
        <ele>42.200000762939453125</ele>
        <time>2026-08-25T09:29:08.000Z</time>
        <extensions>
          <ns3:TrackPointExtension>
            <ns3:hr>150</ns3:hr>
            <ns3:cad>82</ns3:cad>
          </ns3:TrackPointExtension>
        </extensions>
      </trkpt>
      <trkpt lat="35.7593773864209651947021484375" lon="139.5399068109691143035888671875">
        <ele>42.200000762939453125</ele>
        <time>2026-08-25T09:29:09.000Z</time>
        <extensions>
          <ns3:TrackPointExtension>
            <ns3:hr>150</ns3:hr>
            <ns3:cad>82</ns3:cad>
          </ns3:TrackPointExtension>
        </extensions>
      </trkpt>
      <trkpt lat="35.75936389155685901641845703125" lon="139.53989516012370586395263671875">
        <ele>42.200000762939453125</ele>
        <time>2026-08-25T09:29:10.000Z</time>
        <extensions>
          <ns3:TrackPointExtension>
            <ns3:hr>150</ns3:hr>
            <ns3:cad>82</ns3:cad>
          </ns3:TrackPointExtension>
        </extensions>
      </trkpt>
      <trkpt lat="35.7593535818159580230712890625" lon="139.53988158144056797027587890625">
        <ele>42.200000762939453125</ele>
        <time>2026-08-25T09:29:11.000Z</time>
        <extensions>
          <ns3:TrackPointExtension>
            <ns3:hr>150</ns3:hr>
            <ns3:cad>81</ns3:cad>
          </ns3:TrackPointExtension>
        </extensions>
      </trkpt>
      <trkpt lat="35.75934260152280330657958984375" lon="139.53986917622387409210205078125">
        <ele>42.200000762939453125</ele>
        <time>2026-08-25T09:29:12.000Z</time>
        <extensions>
          <ns3:TrackPointExtension>
            <ns3:hr>150</ns3:hr>
            <ns3:cad>80</ns3:cad>
          </ns3:TrackPointExtension>
        </extensions>
      </trkpt>
      <trkpt lat="35.75933170504868030548095703125" lon="139.539856351912021636962890625">
        <ele>42.200000762939453125</ele>
        <time>2026-08-25T09:29:13.000Z</time>
        <extensions>
          <ns3:TrackPointExtension>
            <ns3:hr>149</ns3:hr>
            <ns3:cad>80</ns3:cad>
          </ns3:TrackPointExtension>
        </extensions>
      </trkpt>
      <trkpt lat="35.7593193836510181427001953125" lon="139.53984201885759830474853515625">
        <ele>42.200000762939453125</ele>
        <time>2026-08-25T09:29:14.000Z</time>
        <extensions>
          <ns3:TrackPointExtension>
            <ns3:hr>149</ns3:hr>
            <ns3:cad>80</ns3:cad>
          </ns3:TrackPointExtension>
        </extensions>
      </trkpt>
      <trkpt lat="35.7593079842627048492431640625" lon="139.53982760198414325714111328125">
        <ele>42.200000762939453125</ele>
        <time>2026-08-25T09:29:15.000Z</time>
        <extensions>
          <ns3:TrackPointExtension>
            <ns3:hr>149</ns3:hr>
            <ns3:cad>80</ns3:cad>
          </ns3:TrackPointExtension>
        </extensions>
      </trkpt>
      <trkpt lat="35.7593002729117870330810546875" lon="139.539813436567783355712890625">
        <ele>42.200000762939453125</ele>
        <time>2026-08-25T09:29:16.000Z</time>
        <extensions>
          <ns3:TrackPointExtension>
            <ns3:hr>149</ns3:hr>
            <ns3:cad>80</ns3:cad>
          </ns3:TrackPointExtension>
        </extensions>
      </trkpt>
      <trkpt lat="35.75929750688374042510986328125" lon="139.5397944934666156768798828125">
        <ele>42.200000762939453125</ele>
        <time>2026-08-25T09:29:17.000Z</time>
        <extensions>
          <ns3:TrackPointExtension>
            <ns3:hr>149</ns3:hr>
            <ns3:cad>80</ns3:cad>
          </ns3:TrackPointExtension>
        </extensions>
      </trkpt>
      <trkpt lat="35.7592897117137908935546875" lon="139.53977630473673343658447265625">
        <ele>42.200000762939453125</ele>
        <time>2026-08-25T09:29:18.000Z</time>
        <extensions>
          <ns3:TrackPointExtension>
            <ns3:hr>149</ns3:hr>
            <ns3:cad>80</ns3:cad>
          </ns3:TrackPointExtension>
        </extensions>
      </trkpt>
      <trkpt lat="35.7592798210680484771728515625" lon="139.539762474596500396728515625">
        <ele>42</ele>
        <time>2026-08-25T09:29:19.000Z</time>
        <extensions>
          <ns3:TrackPointExtension>
            <ns3:hr>149</ns3:hr>
            <ns3:cad>80</ns3:cad>
          </ns3:TrackPointExtension>
        </extensions>
      </trkpt>
      <trkpt lat="35.75927152298390865325927734375" lon="139.53974495641887187957763671875">
        <ele>42</ele>
        <time>2026-08-25T09:29:20.000Z</time>
        <extensions>
          <ns3:TrackPointExtension>
            <ns3:hr>149</ns3:hr>
            <ns3:cad>80</ns3:cad>
          </ns3:TrackPointExtension>
        </extensions>
      </trkpt>
      <trkpt lat="35.75925760902464389801025390625" lon="139.5397281087934970855712890625">
        <ele>42</ele>
        <time>2026-08-25T09:29:21.000Z</time>
        <extensions>
          <ns3:TrackPointExtension>
            <ns3:hr>149</ns3:hr>
            <ns3:cad>79</ns3:cad>
          </ns3:TrackPointExtension>
        </extensions>
      </trkpt>
      <trkpt lat="35.75924704782664775848388671875" lon="139.53971595503389835357666015625">
        <ele>42</ele>
        <time>2026-08-25T09:29:22.000Z</time>
        <extensions>
          <ns3:TrackPointExtension>
            <ns3:hr>149</ns3:hr>
            <ns3:cad>79</ns3:cad>
          </ns3:TrackPointExtension>
        </extensions>
      </trkpt>
      <trkpt lat="35.75923481024801731109619140625" lon="139.5397012867033481597900390625">
        <ele>41.799999237060546875</ele>
        <time>2026-08-25T09:29:23.000Z</time>
        <extensions>
          <ns3:TrackPointExtension>
            <ns3:hr>149</ns3:hr>
            <ns3:cad>79</ns3:cad>
          </ns3:TrackPointExtension>
        </extensions>
      </trkpt>
      <trkpt lat="35.75922324322164058685302734375" lon="139.53968561254441738128662109375">
        <ele>41.799999237060546875</ele>
        <time>2026-08-25T09:29:24.000Z</time>
        <extensions>
          <ns3:TrackPointExtension>
            <ns3:hr>149</ns3:hr>
            <ns3:cad>79</ns3:cad>
          </ns3:TrackPointExtension>
        </extensions>
      </trkpt>
      <trkpt lat="35.75921368785202503204345703125" lon="139.53966951929032802581787109375">
        <ele>41.799999237060546875</ele>
        <time>2026-08-25T09:29:25.000Z</time>
        <extensions>
          <ns3:TrackPointExtension>
            <ns3:hr>149</ns3:hr>
            <ns3:cad>80</ns3:cad>
          </ns3:TrackPointExtension>
        </extensions>
      </trkpt>
      <trkpt lat="35.7592040486633777618408203125" lon="139.5396513305604457855224609375">
        <ele>41.799999237060546875</ele>
        <time>2026-08-25T09:29:26.000Z</time>
        <extensions>
          <ns3:TrackPointExtension>
            <ns3:hr>149</ns3:hr>
            <ns3:cad>80</ns3:cad>
          </ns3:TrackPointExtension>
        </extensions>
      </trkpt>
      <trkpt lat="35.759190805256366729736328125" lon="139.53963481821119785308837890625">
        <ele>41.799999237060546875</ele>
        <time>2026-08-25T09:29:27.000Z</time>
        <extensions>
          <ns3:TrackPointExtension>
            <ns3:hr>149</ns3:hr>
            <ns3:cad>80</ns3:cad>
          </ns3:TrackPointExtension>
        </extensions>
      </trkpt>
      <trkpt lat="35.7591782324016094207763671875" lon="139.5396181382238864898681640625">
        <ele>41.59999847412109375</ele>
        <time>2026-08-25T09:29:28.000Z</time>
        <extensions>
          <ns3:TrackPointExtension>
            <ns3:hr>149</ns3:hr>
            <ns3:cad>81</ns3:cad>
          </ns3:TrackPointExtension>
        </extensions>
      </trkpt>
      <trkpt lat="35.75916825793683528900146484375" lon="139.5396033860743045806884765625">
        <ele>41.59999847412109375</ele>
        <time>2026-08-25T09:29:29.000Z</time>
        <extensions>
          <ns3:TrackPointExtension>
            <ns3:hr>149</ns3:hr>
            <ns3:cad>81</ns3:cad>
          </ns3:TrackPointExtension>
        </extensions>
      </trkpt>
      <trkpt lat="35.75915551744401454925537109375" lon="139.53958989121019840240478515625">
        <ele>41.59999847412109375</ele>
        <time>2026-08-25T09:29:30.000Z</time>
        <extensions>
          <ns3:TrackPointExtension>
            <ns3:hr>149</ns3:hr>
            <ns3:cad>81</ns3:cad>
          </ns3:TrackPointExtension>
        </extensions>
      </trkpt>
      <trkpt lat="35.75914411805570125579833984375" lon="139.53957245685160160064697265625">
        <ele>41.799999237060546875</ele>
        <time>2026-08-25T09:29:31.000Z</time>
        <extensions>
          <ns3:TrackPointExtension>
            <ns3:hr>149</ns3:hr>
            <ns3:cad>81</ns3:cad>
          </ns3:TrackPointExtension>
        </extensions>
      </trkpt>
      <trkpt lat="35.75913405977189540863037109375" lon="139.53955602832138538360595703125">
        <ele>41.799999237060546875</ele>
        <time>2026-08-25T09:29:32.000Z</time>
        <extensions>
          <ns3:TrackPointExtension>
            <ns3:hr>148</ns3:hr>
            <ns3:cad>81</ns3:cad>
          </ns3:TrackPointExtension>
        </extensions>
      </trkpt>
      <trkpt lat="35.759120397269725799560546875" lon="139.5395396836102008819580078125">
        <ele>41.799999237060546875</ele>
        <time>2026-08-25T09:29:33.000Z</time>
        <extensions>
          <ns3:TrackPointExtension>
            <ns3:hr>148</ns3:hr>
            <ns3:cad>81</ns3:cad>
          </ns3:TrackPointExtension>
        </extensions>
      </trkpt>
      <trkpt lat="35.75910799205303192138671875" lon="139.53952434472739696502685546875">
        <ele>41.799999237060546875</ele>
        <time>2026-08-25T09:29:34.000Z</time>
        <extensions>
          <ns3:TrackPointExtension>
            <ns3:hr>147</ns3:hr>
            <ns3:cad>81</ns3:cad>
          </ns3:TrackPointExtension>
        </extensions>
      </trkpt>
      <trkpt lat="35.7590977661311626434326171875" lon="139.53950875438749790191650390625">
        <ele>41.799999237060546875</ele>
        <time>2026-08-25T09:29:35.000Z</time>
        <extensions>
          <ns3:TrackPointExtension>
            <ns3:hr>147</ns3:hr>
            <ns3:cad>81</ns3:cad>
          </ns3:TrackPointExtension>
        </extensions>
      </trkpt>
      <trkpt lat="35.75908519327640533447265625" lon="139.539493583142757415771484375">
        <ele>41.799999237060546875</ele>
        <time>2026-08-25T09:29:36.000Z</time>
        <extensions>
          <ns3:TrackPointExtension>
            <ns3:hr>147</ns3:hr>
            <ns3:cad>81</ns3:cad>
          </ns3:TrackPointExtension>
        </extensions>
      </trkpt>
      <trkpt lat="35.75907454825937747955322265625" lon="139.5394756458699703216552734375">
        <ele>41.799999237060546875</ele>
        <time>2026-08-25T09:29:37.000Z</time>
        <extensions>
          <ns3:TrackPointExtension>
            <ns3:hr>147</ns3:hr>
            <ns3:cad>81</ns3:cad>
          </ns3:TrackPointExtension>
        </extensions>
      </trkpt>
      <trkpt lat="35.7590628974139690399169921875" lon="139.53946097753942012786865234375">
        <ele>41.799999237060546875</ele>
        <time>2026-08-25T09:29:38.000Z</time>
        <extensions>
          <ns3:TrackPointExtension>
            <ns3:hr>147</ns3:hr>
            <ns3:cad>81</ns3:cad>
          </ns3:TrackPointExtension>
        </extensions>
      </trkpt>
      <trkpt lat="35.7590545155107975006103515625" lon="139.5394456386566162109375">
        <ele>41.799999237060546875</ele>
        <time>2026-08-25T09:29:39.000Z</time>
        <extensions>
          <ns3:TrackPointExtension>
            <ns3:hr>147</ns3:hr>
            <ns3:cad>81</ns3:cad>
          </ns3:TrackPointExtension>
        </extensions>
      </trkpt>
      <trkpt lat="35.7590417750179767608642578125" lon="139.53943021595478057861328125">
        <ele>41.799999237060546875</ele>
        <time>2026-08-25T09:29:40.000Z</time>
        <extensions>
          <ns3:TrackPointExtension>
            <ns3:hr>146</ns3:hr>
            <ns3:cad>80</ns3:cad>
          </ns3:TrackPointExtension>
        </extensions>
      </trkpt>
      <trkpt lat="35.75902811251580715179443359375" lon="139.53941303305327892303466796875">
        <ele>41.799999237060546875</ele>
        <time>2026-08-25T09:29:41.000Z</time>
        <extensions>
          <ns3:TrackPointExtension>
            <ns3:hr>146</ns3:hr>
            <ns3:cad>80</ns3:cad>
          </ns3:TrackPointExtension>
        </extensions>
      </trkpt>
      <trkpt lat="35.75901805423200130462646484375" lon="139.53939207829535007476806640625">
        <ele>41.799999237060546875</ele>
        <time>2026-08-25T09:29:42.000Z</time>
        <extensions>
          <ns3:TrackPointExtension>
            <ns3:hr>146</ns3:hr>
            <ns3:cad>80</ns3:cad>
          </ns3:TrackPointExtension>
        </extensions>
      </trkpt>
      <trkpt lat="35.759010426700115203857421875" lon="139.53936944715678691864013671875">
        <ele>41.799999237060546875</ele>
        <time>2026-08-25T09:29:43.000Z</time>
        <extensions>
          <ns3:TrackPointExtension>
            <ns3:hr>146</ns3:hr>
            <ns3:cad>80</ns3:cad>
          </ns3:TrackPointExtension>
        </extensions>
      </trkpt>
      <trkpt lat="35.75900129042565822601318359375" lon="139.539349414408206939697265625">
        <ele>41.799999237060546875</ele>
        <time>2026-08-25T09:29:44.000Z</time>
        <extensions>
          <ns3:TrackPointExtension>
            <ns3:hr>146</ns3:hr>
            <ns3:cad>80</ns3:cad>
          </ns3:TrackPointExtension>
        </extensions>
      </trkpt>
      <trkpt lat="35.75898461043834686279296875" lon="139.5393343269824981689453125">
        <ele>41.799999237060546875</ele>
        <time>2026-08-25T09:29:45.000Z</time>
        <extensions>
          <ns3:TrackPointExtension>
            <ns3:hr>146</ns3:hr>
            <ns3:cad>80</ns3:cad>
          </ns3:TrackPointExtension>
        </extensions>
      </trkpt>
      <trkpt lat="35.75896541588008403778076171875" lon="139.5393184013664722442626953125">
        <ele>41.799999237060546875</ele>
        <time>2026-08-25T09:29:46.000Z</time>
        <extensions>
          <ns3:TrackPointExtension>
            <ns3:hr>146</ns3:hr>
            <ns3:cad>80</ns3:cad>
          </ns3:TrackPointExtension>
        </extensions>
      </trkpt>
      <trkpt lat="35.7589465565979480743408203125" lon="139.5393016375601291656494140625">
        <ele>41.799999237060546875</ele>
        <time>2026-08-25T09:29:47.000Z</time>
        <extensions>
          <ns3:TrackPointExtension>
            <ns3:hr>146</ns3:hr>
            <ns3:cad>83</ns3:cad>
          </ns3:TrackPointExtension>
        </extensions>
      </trkpt>
      <trkpt lat="35.75893339700996875762939453125" lon="139.53928411938250064849853515625">
        <ele>41.799999237060546875</ele>
        <time>2026-08-25T09:29:48.000Z</time>
        <extensions>
          <ns3:TrackPointExtension>
            <ns3:hr>146</ns3:hr>
            <ns3:cad>84</ns3:cad>
          </ns3:TrackPointExtension>
        </extensions>
      </trkpt>
      <trkpt lat="35.7589230872690677642822265625" lon="139.53926852904260158538818359375">
        <ele>41.799999237060546875</ele>
        <time>2026-08-25T09:29:49.000Z</time>
        <extensions>
          <ns3:TrackPointExtension>
            <ns3:hr>146</ns3:hr>
            <ns3:cad>85</ns3:cad>
          </ns3:TrackPointExtension>
        </extensions>
      </trkpt>
      <trkpt lat="35.75891344808042049407958984375" lon="139.53925142996013164520263671875">
        <ele>42</ele>
        <time>2026-08-25T09:29:50.000Z</time>
        <extensions>
          <ns3:TrackPointExtension>
            <ns3:hr>146</ns3:hr>
            <ns3:cad>85</ns3:cad>
          </ns3:TrackPointExtension>
        </extensions>
      </trkpt>
      <trkpt lat="35.75889903120696544647216796875" lon="139.539236091077327728271484375">
        <ele>42</ele>
        <time>2026-08-25T09:29:51.000Z</time>
        <extensions>
          <ns3:TrackPointExtension>
            <ns3:hr>145</ns3:hr>
            <ns3:cad>84</ns3:cad>
          </ns3:TrackPointExtension>
        </extensions>
      </trkpt>
      <trkpt lat="35.758886374533176422119140625" lon="139.53921907581388950347900390625">
        <ele>42.200000762939453125</ele>
        <time>2026-08-25T09:29:52.000Z</time>
        <extensions>
          <ns3:TrackPointExtension>
            <ns3:hr>145</ns3:hr>
            <ns3:cad>84</ns3:cad>
          </ns3:TrackPointExtension>
        </extensions>
      </trkpt>
      <trkpt lat="35.75887187384068965911865234375" lon="139.53919661231338977813720703125">
        <ele>42.200000762939453125</ele>
        <time>2026-08-25T09:29:53.000Z</time>
        <extensions>
          <ns3:TrackPointExtension>
            <ns3:hr>145</ns3:hr>
            <ns3:cad>84</ns3:cad>
          </ns3:TrackPointExtension>
        </extensions>
      </trkpt>
      <trkpt lat="35.75885343365371227264404296875" lon="139.53917968086898326873779296875">
        <ele>42.200000762939453125</ele>
        <time>2026-08-25T09:29:54.000Z</time>
        <extensions>
          <ns3:TrackPointExtension>
            <ns3:hr>145</ns3:hr>
            <ns3:cad>84</ns3:cad>
          </ns3:TrackPointExtension>
        </extensions>
      </trkpt>
      <trkpt lat="35.75883516110479831695556640625" lon="139.53916526399552822113037109375">
        <ele>42.200000762939453125</ele>
        <time>2026-08-25T09:29:55.000Z</time>
        <extensions>
          <ns3:TrackPointExtension>
            <ns3:hr>145</ns3:hr>
            <ns3:cad>83</ns3:cad>
          </ns3:TrackPointExtension>
        </extensions>
      </trkpt>
      <trkpt lat="35.75881873257458209991455078125" lon="139.53914590179920196533203125">
        <ele>42.200000762939453125</ele>
        <time>2026-08-25T09:29:56.000Z</time>
        <extensions>
          <ns3:TrackPointExtension>
            <ns3:hr>145</ns3:hr>
            <ns3:cad>83</ns3:cad>
          </ns3:TrackPointExtension>
        </extensions>
      </trkpt>
      <trkpt lat="35.758807919919490814208984375" lon="139.53913006000220775604248046875">
        <ele>42.40000152587890625</ele>
        <time>2026-08-25T09:29:57.000Z</time>
        <extensions>
          <ns3:TrackPointExtension>
            <ns3:hr>145</ns3:hr>
            <ns3:cad>81</ns3:cad>
          </ns3:TrackPointExtension>
        </extensions>
      </trkpt>
      <trkpt lat="35.75879610143601894378662109375" lon="139.53911061398684978485107421875">
        <ele>42.40000152587890625</ele>
        <time>2026-08-25T09:29:58.000Z</time>
        <extensions>
          <ns3:TrackPointExtension>
            <ns3:hr>146</ns3:hr>
            <ns3:cad>81</ns3:cad>
          </ns3:TrackPointExtension>
        </extensions>
      </trkpt>
      <trkpt lat="35.758786462247371673583984375" lon="139.5390934310853481292724609375">
        <ele>42.59999847412109375</ele>
        <time>2026-08-25T09:29:59.000Z</time>
        <extensions>
          <ns3:TrackPointExtension>
            <ns3:hr>146</ns3:hr>
            <ns3:cad>81</ns3:cad>
          </ns3:TrackPointExtension>
        </extensions>
      </trkpt>
      <trkpt lat="35.75877497904002666473388671875" lon="139.53907708637416362762451171875">
        <ele>42.59999847412109375</ele>
        <time>2026-08-25T09:30:00.000Z</time>
        <extensions>
          <ns3:TrackPointExtension>
            <ns3:hr>146</ns3:hr>
            <ns3:cad>81</ns3:cad>
          </ns3:TrackPointExtension>
        </extensions>
      </trkpt>
      <trkpt lat="35.75876525603234767913818359375" lon="139.5390531979501247406005859375">
        <ele>42.799999237060546875</ele>
        <time>2026-08-25T09:30:01.000Z</time>
        <extensions>
          <ns3:TrackPointExtension>
            <ns3:hr>146</ns3:hr>
            <ns3:cad>81</ns3:cad>
          </ns3:TrackPointExtension>
        </extensions>
      </trkpt>
      <trkpt lat="35.75875234790146350860595703125" lon="139.53903215937316417694091796875">
        <ele>43</ele>
        <time>2026-08-25T09:30:02.000Z</time>
        <extensions>
          <ns3:TrackPointExtension>
            <ns3:hr>147</ns3:hr>
            <ns3:cad>81</ns3:cad>
          </ns3:TrackPointExtension>
        </extensions>
      </trkpt>
      <trkpt lat="35.7587433792650699615478515625" lon="139.539013467729091644287109375">
        <ele>43.40000152587890625</ele>
        <time>2026-08-25T09:30:03.000Z</time>
        <extensions>
          <ns3:TrackPointExtension>
            <ns3:hr>147</ns3:hr>
            <ns3:cad>81</ns3:cad>
          </ns3:TrackPointExtension>
        </extensions>
      </trkpt>
      <trkpt lat="35.758734159171581268310546875" lon="139.538993351161479949951171875">
        <ele>43.40000152587890625</ele>
        <time>2026-08-25T09:30:04.000Z</time>
        <extensions>
          <ns3:TrackPointExtension>
            <ns3:hr>148</ns3:hr>
            <ns3:cad>81</ns3:cad>
          </ns3:TrackPointExtension>
        </extensions>
      </trkpt>
      <trkpt lat="35.75872309505939483642578125" lon="139.53897834755480289459228515625">
        <ele>43.59999847412109375</ele>
        <time>2026-08-25T09:30:05.000Z</time>
        <extensions>
          <ns3:TrackPointExtension>
            <ns3:hr>148</ns3:hr>
            <ns3:cad>81</ns3:cad>
          </ns3:TrackPointExtension>
        </extensions>
      </trkpt>
      <trkpt lat="35.75871412642300128936767578125" lon="139.5389620028436183929443359375">
        <ele>43.59999847412109375</ele>
        <time>2026-08-25T09:30:06.000Z</time>
        <extensions>
          <ns3:TrackPointExtension>
            <ns3:hr>148</ns3:hr>
            <ns3:cad>81</ns3:cad>
          </ns3:TrackPointExtension>
        </extensions>
      </trkpt>
      <trkpt lat="35.7587054930627346038818359375" lon="139.53894666396081447601318359375">
        <ele>43.59999847412109375</ele>
        <time>2026-08-25T09:30:07.000Z</time>
        <extensions>
          <ns3:TrackPointExtension>
            <ns3:hr>148</ns3:hr>
            <ns3:cad>81</ns3:cad>
          </ns3:TrackPointExtension>
        </extensions>
      </trkpt>
      <trkpt lat="35.75869719497859477996826171875" lon="139.53893224708735942840576171875">
        <ele>43.40000152587890625</ele>
        <time>2026-08-25T09:30:08.000Z</time>
        <extensions>
          <ns3:TrackPointExtension>
            <ns3:hr>148</ns3:hr>
            <ns3:cad>81</ns3:cad>
          </ns3:TrackPointExtension>
        </extensions>
      </trkpt>
      <trkpt lat="35.75869032181799411773681640625" lon="139.53891464509069919586181640625">
        <ele>43.40000152587890625</ele>
        <time>2026-08-25T09:30:09.000Z</time>
        <extensions>
          <ns3:TrackPointExtension>
            <ns3:hr>149</ns3:hr>
            <ns3:cad>80</ns3:cad>
          </ns3:TrackPointExtension>
        </extensions>
      </trkpt>
      <trkpt lat="35.75867976061999797821044921875" lon="139.53890047967433929443359375">
        <ele>43.200000762939453125</ele>
        <time>2026-08-25T09:30:10.000Z</time>
        <extensions>
          <ns3:TrackPointExtension>
            <ns3:hr>149</ns3:hr>
            <ns3:cad>80</ns3:cad>
          </ns3:TrackPointExtension>
        </extensions>
      </trkpt>
      <trkpt lat="35.7586696185171604156494140625" lon="139.53888849355280399322509765625">
        <ele>43.200000762939453125</ele>
        <time>2026-08-25T09:30:11.000Z</time>
        <extensions>
          <ns3:TrackPointExtension>
            <ns3:hr>149</ns3:hr>
            <ns3:cad>81</ns3:cad>
          </ns3:TrackPointExtension>
        </extensions>
      </trkpt>
      <trkpt lat="35.758657045662403106689453125" lon="139.5388756692409515380859375">
        <ele>42.799999237060546875</ele>
        <time>2026-08-25T09:30:12.000Z</time>
        <extensions>
          <ns3:TrackPointExtension>
            <ns3:hr>149</ns3:hr>
            <ns3:cad>81</ns3:cad>
          </ns3:TrackPointExtension>
        </extensions>
      </trkpt>
      <trkpt lat="35.7586474902927875518798828125" lon="139.53885965980589389801025390625">
        <ele>42.40000152587890625</ele>
        <time>2026-08-25T09:30:13.000Z</time>
        <extensions>
          <ns3:TrackPointExtension>
            <ns3:hr>148</ns3:hr>
            <ns3:cad>81</ns3:cad>
          </ns3:TrackPointExtension>
        </extensions>
      </trkpt>
      <trkpt lat="35.75863718055188655853271484375" lon="139.53884474001824855804443359375">
        <ele>42</ele>
        <time>2026-08-25T09:30:14.000Z</time>
        <extensions>
          <ns3:TrackPointExtension>
            <ns3:hr>148</ns3:hr>
            <ns3:cad>80</ns3:cad>
          </ns3:TrackPointExtension>
        </extensions>
      </trkpt>
      <trkpt lat="35.758623182773590087890625" lon="139.5388248749077320098876953125">
        <ele>41.59999847412109375</ele>
        <time>2026-08-25T09:30:15.000Z</time>
        <extensions>
          <ns3:TrackPointExtension>
            <ns3:hr>147</ns3:hr>
            <ns3:cad>80</ns3:cad>
          </ns3:TrackPointExtension>
        </extensions>
      </trkpt>
      <trkpt lat="35.75860532931983470916748046875" lon="139.5388064347207546234130859375">
        <ele>41.59999847412109375</ele>
        <time>2026-08-25T09:30:16.000Z</time>
        <extensions>
          <ns3:TrackPointExtension>
            <ns3:hr>147</ns3:hr>
            <ns3:cad>80</ns3:cad>
          </ns3:TrackPointExtension>
        </extensions>
      </trkpt>
      <trkpt lat="35.75858504511415958404541015625" lon="139.538791514933109283447265625">
        <ele>41.59999847412109375</ele>
        <time>2026-08-25T09:30:17.000Z</time>
        <extensions>
          <ns3:TrackPointExtension>
            <ns3:hr>147</ns3:hr>
            <ns3:cad>81</ns3:cad>
          </ns3:TrackPointExtension>
        </extensions>
      </trkpt>
      <trkpt lat="35.7585707120597362518310546875" lon="139.5387749187648296356201171875">
        <ele>41.59999847412109375</ele>
        <time>2026-08-25T09:30:18.000Z</time>
        <extensions>
          <ns3:TrackPointExtension>
            <ns3:hr>147</ns3:hr>
            <ns3:cad>82</ns3:cad>
          </ns3:TrackPointExtension>
        </extensions>
      </trkpt>
      <trkpt lat="35.7585549540817737579345703125" lon="139.53876771032810211181640625">
        <ele>41.799999237060546875</ele>
        <time>2026-08-25T09:30:19.000Z</time>
        <extensions>
          <ns3:TrackPointExtension>
            <ns3:hr>146</ns3:hr>
            <ns3:cad>82</ns3:cad>
          </ns3:TrackPointExtension>
        </extensions>
      </trkpt>
      <trkpt lat="35.75854028575122356414794921875" lon="139.53875673003494739532470703125">
        <ele>42</ele>
        <time>2026-08-25T09:30:20.000Z</time>
        <extensions>
          <ns3:TrackPointExtension>
            <ns3:hr>146</ns3:hr>
            <ns3:cad>82</ns3:cad>
          </ns3:TrackPointExtension>
        </extensions>
      </trkpt>
      <trkpt lat="35.7585291378200054168701171875" lon="139.538742564618587493896484375">
        <ele>42</ele>
        <time>2026-08-25T09:30:21.000Z</time>
        <extensions>
          <ns3:TrackPointExtension>
            <ns3:hr>146</ns3:hr>
            <ns3:cad>82</ns3:cad>
          </ns3:TrackPointExtension>
        </extensions>
      </trkpt>
      <trkpt lat="35.75851832516491413116455078125" lon="139.53873024322092533111572265625">
        <ele>42</ele>
        <time>2026-08-25T09:30:22.000Z</time>
        <extensions>
          <ns3:TrackPointExtension>
            <ns3:hr>146</ns3:hr>
            <ns3:cad>82</ns3:cad>
          </ns3:TrackPointExtension>
        </extensions>
      </trkpt>
      <trkpt lat="35.7585083507001399993896484375" lon="139.5387165807187557220458984375">
        <ele>42</ele>
        <time>2026-08-25T09:30:23.000Z</time>
        <extensions>
          <ns3:TrackPointExtension>
            <ns3:hr>146</ns3:hr>
            <ns3:cad>81</ns3:cad>
          </ns3:TrackPointExtension>
        </extensions>
      </trkpt>
      <trkpt lat="35.75849720276892185211181640625" lon="139.53870308585464954376220703125">
        <ele>42</ele>
        <time>2026-08-25T09:30:24.000Z</time>
        <extensions>
          <ns3:TrackPointExtension>
            <ns3:hr>146</ns3:hr>
            <ns3:cad>80</ns3:cad>
          </ns3:TrackPointExtension>
        </extensions>
      </trkpt>
      <trkpt lat="35.7584905810654163360595703125" lon="139.53868724405765533447265625">
        <ele>42</ele>
        <time>2026-08-25T09:30:25.000Z</time>
        <extensions>
          <ns3:TrackPointExtension>
            <ns3:hr>146</ns3:hr>
            <ns3:cad>79</ns3:cad>
          </ns3:TrackPointExtension>
        </extensions>
      </trkpt>
      <trkpt lat="35.758486054837703704833984375" lon="139.538662768900394439697265625">
        <ele>42.200000762939453125</ele>
        <time>2026-08-25T09:30:26.000Z</time>
        <extensions>
          <ns3:TrackPointExtension>
            <ns3:hr>146</ns3:hr>
            <ns3:cad>79</ns3:cad>
          </ns3:TrackPointExtension>
        </extensions>
      </trkpt>
      <trkpt lat="35.75847608037292957305908203125" lon="139.53864273615181446075439453125">
        <ele>42.200000762939453125</ele>
        <time>2026-08-25T09:30:27.000Z</time>
        <extensions>
          <ns3:TrackPointExtension>
            <ns3:hr>146</ns3:hr>
            <ns3:cad>79</ns3:cad>
          </ns3:TrackPointExtension>
        </extensions>
      </trkpt>
      <trkpt lat="35.75846350751817226409912109375" lon="139.538626559078693389892578125">
        <ele>42.200000762939453125</ele>
        <time>2026-08-25T09:30:28.000Z</time>
        <extensions>
          <ns3:TrackPointExtension>
            <ns3:hr>146</ns3:hr>
            <ns3:cad>80</ns3:cad>
          </ns3:TrackPointExtension>
        </extensions>
      </trkpt>
      <trkpt lat="35.7584490068256855010986328125" lon="139.53860837034881114959716796875">
        <ele>42.200000762939453125</ele>
        <time>2026-08-25T09:30:29.000Z</time>
        <extensions>
          <ns3:TrackPointExtension>
            <ns3:hr>146</ns3:hr>
            <ns3:cad>81</ns3:cad>
          </ns3:TrackPointExtension>
        </extensions>
      </trkpt>
      <trkpt lat="35.75843282975256443023681640625" lon="139.5385955460369586944580078125">
        <ele>42.40000152587890625</ele>
        <time>2026-08-25T09:30:30.000Z</time>
        <extensions>
          <ns3:TrackPointExtension>
            <ns3:hr>146</ns3:hr>
            <ns3:cad>81</ns3:cad>
          </ns3:TrackPointExtension>
        </extensions>
      </trkpt>
      <trkpt lat="35.7584231905639171600341796875" lon="139.53857836313545703887939453125">
        <ele>42.40000152587890625</ele>
        <time>2026-08-25T09:30:31.000Z</time>
        <extensions>
          <ns3:TrackPointExtension>
            <ns3:hr>146</ns3:hr>
            <ns3:cad>81</ns3:cad>
          </ns3:TrackPointExtension>
        </extensions>
      </trkpt>
      <trkpt lat="35.7584174908697605133056640625" lon="139.5385613478720188140869140625">
        <ele>42.40000152587890625</ele>
        <time>2026-08-25T09:30:32.000Z</time>
        <extensions>
          <ns3:TrackPointExtension>
            <ns3:hr>146</ns3:hr>
            <ns3:cad>81</ns3:cad>
          </ns3:TrackPointExtension>
        </extensions>
      </trkpt>
      <trkpt lat="35.75841003097593784332275390625" lon="139.5385465957224369049072265625">
        <ele>42.40000152587890625</ele>
        <time>2026-08-25T09:30:33.000Z</time>
        <extensions>
          <ns3:TrackPointExtension>
            <ns3:hr>146</ns3:hr>
            <ns3:cad>81</ns3:cad>
          </ns3:TrackPointExtension>
        </extensions>
      </trkpt>
      <trkpt lat="35.75839913450181484222412109375" lon="139.538533352315425872802734375">
        <ele>42.40000152587890625</ele>
        <time>2026-08-25T09:30:34.000Z</time>
        <extensions>
          <ns3:TrackPointExtension>
            <ns3:hr>147</ns3:hr>
            <ns3:cad>81</ns3:cad>
          </ns3:TrackPointExtension>
        </extensions>
      </trkpt>
      <trkpt lat="35.758388824760913848876953125" lon="139.53851868398487567901611328125">
        <ele>42.200000762939453125</ele>
        <time>2026-08-25T09:30:35.000Z</time>
        <extensions>
          <ns3:TrackPointExtension>
            <ns3:hr>147</ns3:hr>
            <ns3:cad>81</ns3:cad>
          </ns3:TrackPointExtension>
        </extensions>
      </trkpt>
      <trkpt lat="35.75838069431483745574951171875" lon="139.53850225545465946197509765625">
        <ele>42.200000762939453125</ele>
        <time>2026-08-25T09:30:36.000Z</time>
        <extensions>
          <ns3:TrackPointExtension>
            <ns3:hr>147</ns3:hr>
            <ns3:cad>82</ns3:cad>
          </ns3:TrackPointExtension>
        </extensions>
      </trkpt>
      <trkpt lat="35.75837315060198307037353515625" lon="139.53848607838153839111328125">
        <ele>42</ele>
        <time>2026-08-25T09:30:37.000Z</time>
        <extensions>
          <ns3:TrackPointExtension>
            <ns3:hr>147</ns3:hr>
            <ns3:cad>82</ns3:cad>
          </ns3:TrackPointExtension>
        </extensions>
      </trkpt>
      <trkpt lat="35.75836476869881153106689453125" lon="139.53846730291843414306640625">
        <ele>42</ele>
        <time>2026-08-25T09:30:38.000Z</time>
        <extensions>
          <ns3:TrackPointExtension>
            <ns3:hr>147</ns3:hr>
            <ns3:cad>81</ns3:cad>
          </ns3:TrackPointExtension>
        </extensions>
      </trkpt>
      <trkpt lat="35.75835839845240116119384765625" lon="139.538449533283710479736328125">
        <ele>42</ele>
        <time>2026-08-25T09:30:39.000Z</time>
        <extensions>
          <ns3:TrackPointExtension>
            <ns3:hr>147</ns3:hr>
            <ns3:cad>81</ns3:cad>
          </ns3:TrackPointExtension>
        </extensions>
      </trkpt>
      <trkpt lat="35.7583527825772762298583984375" lon="139.53843243420124053955078125">
        <ele>42</ele>
        <time>2026-08-25T09:30:40.000Z</time>
        <extensions>
          <ns3:TrackPointExtension>
            <ns3:hr>147</ns3:hr>
            <ns3:cad>81</ns3:cad>
          </ns3:TrackPointExtension>
        </extensions>
      </trkpt>
      <trkpt lat="35.758345909416675567626953125" lon="139.53841458074748516082763671875">
        <ele>42.200000762939453125</ele>
        <time>2026-08-25T09:30:41.000Z</time>
        <extensions>
          <ns3:TrackPointExtension>
            <ns3:hr>146</ns3:hr>
            <ns3:cad>82</ns3:cad>
          </ns3:TrackPointExtension>
        </extensions>
      </trkpt>
      <trkpt lat="35.75833509676158428192138671875" lon="139.5383984036743640899658203125">
        <ele>42.200000762939453125</ele>
        <time>2026-08-25T09:30:42.000Z</time>
        <extensions>
          <ns3:TrackPointExtension>
            <ns3:hr>146</ns3:hr>
            <ns3:cad>82</ns3:cad>
          </ns3:TrackPointExtension>
        </extensions>
      </trkpt>
      <trkpt lat="35.75832403264939785003662109375" lon="139.53837753273546695709228515625">
        <ele>42</ele>
        <time>2026-08-25T09:30:43.000Z</time>
        <extensions>
          <ns3:TrackPointExtension>
            <ns3:hr>146</ns3:hr>
            <ns3:cad>82</ns3:cad>
          </ns3:TrackPointExtension>
        </extensions>
      </trkpt>
      <trkpt lat="35.75831674039363861083984375" lon="139.53835590742528438568115234375">
        <ele>42</ele>
        <time>2026-08-25T09:30:44.000Z</time>
        <extensions>
          <ns3:TrackPointExtension>
            <ns3:hr>146</ns3:hr>
            <ns3:cad>81</ns3:cad>
          </ns3:TrackPointExtension>
        </extensions>
      </trkpt>
      <trkpt lat="35.75830810703337192535400390625" lon="139.53833587467670440673828125">
        <ele>42</ele>
        <time>2026-08-25T09:30:45.000Z</time>
        <extensions>
          <ns3:TrackPointExtension>
            <ns3:hr>146</ns3:hr>
            <ns3:cad>81</ns3:cad>
          </ns3:TrackPointExtension>
        </extensions>
      </trkpt>
      <trkpt lat="35.758296959102153778076171875" lon="139.53831450082361698150634765625">
        <ele>42</ele>
        <time>2026-08-25T09:30:46.000Z</time>
        <extensions>
          <ns3:TrackPointExtension>
            <ns3:hr>146</ns3:hr>
            <ns3:cad>81</ns3:cad>
          </ns3:TrackPointExtension>
        </extensions>
      </trkpt>
      <trkpt lat="35.75829067267477512359619140625" lon="139.5382921211421489715576171875">
        <ele>42</ele>
        <time>2026-08-25T09:30:47.000Z</time>
        <extensions>
          <ns3:TrackPointExtension>
            <ns3:hr>146</ns3:hr>
            <ns3:cad>81</ns3:cad>
          </ns3:TrackPointExtension>
        </extensions>
      </trkpt>
      <trkpt lat="35.75828111730515956878662109375" lon="139.53827083110809326171875">
        <ele>41.799999237060546875</ele>
        <time>2026-08-25T09:30:48.000Z</time>
        <extensions>
          <ns3:TrackPointExtension>
            <ns3:hr>146</ns3:hr>
            <ns3:cad>82</ns3:cad>
          </ns3:TrackPointExtension>
        </extensions>
      </trkpt>
      <trkpt lat="35.75827248394489288330078125" lon="139.5382525585591793060302734375">
        <ele>41.799999237060546875</ele>
        <time>2026-08-25T09:30:49.000Z</time>
        <extensions>
          <ns3:TrackPointExtension>
            <ns3:hr>146</ns3:hr>
            <ns3:cad>83</ns3:cad>
          </ns3:TrackPointExtension>
        </extensions>
      </trkpt>
      <trkpt lat="35.75825965963304042816162109375" lon="139.538203775882720947265625">
        <ele>41.799999237060546875</ele>
        <time>2026-08-25T09:30:50.000Z</time>
        <extensions>
          <ns3:TrackPointExtension>
            <ns3:hr>146</ns3:hr>
            <ns3:cad>84</ns3:cad>
          </ns3:TrackPointExtension>
        </extensions>
      </trkpt>
      <trkpt lat="35.75825965963304042816162109375" lon="139.538203775882720947265625">
        <ele>41.799999237060546875</ele>
        <time>2026-08-25T09:30:51.000Z</time>
        <extensions>
          <ns3:TrackPointExtension>
            <ns3:hr>146</ns3:hr>
            <ns3:cad>84</ns3:cad>
          </ns3:TrackPointExtension>
        </extensions>
      </trkpt>
      <trkpt lat="35.75824876315891742706298828125" lon="139.53817762434482574462890625">
        <ele>41.799999237060546875</ele>
        <time>2026-08-25T09:30:52.000Z</time>
        <extensions>
          <ns3:TrackPointExtension>
            <ns3:hr>146</ns3:hr>
            <ns3:cad>84</ns3:cad>
          </ns3:TrackPointExtension>
        </extensions>
      </trkpt>
      <trkpt lat="35.75824272818863391876220703125" lon="139.538152478635311126708984375">
        <ele>41.799999237060546875</ele>
        <time>2026-08-25T09:30:53.000Z</time>
        <extensions>
          <ns3:TrackPointExtension>
            <ns3:hr>146</ns3:hr>
            <ns3:cad>84</ns3:cad>
          </ns3:TrackPointExtension>
        </extensions>
      </trkpt>
      <trkpt lat="35.75823468156158924102783203125" lon="139.5381278358399868011474609375">
        <ele>42</ele>
        <time>2026-08-25T09:30:54.000Z</time>
        <extensions>
          <ns3:TrackPointExtension>
            <ns3:hr>145</ns3:hr>
            <ns3:cad>84</ns3:cad>
          </ns3:TrackPointExtension>
        </extensions>
      </trkpt>
      <trkpt lat="35.75822864659130573272705078125" lon="139.538106210529804229736328125">
        <ele>42.200000762939453125</ele>
        <time>2026-08-25T09:30:55.000Z</time>
        <extensions>
          <ns3:TrackPointExtension>
            <ns3:hr>145</ns3:hr>
            <ns3:cad>85</ns3:cad>
          </ns3:TrackPointExtension>
        </extensions>
      </trkpt>
      <trkpt lat="35.75822093524038791656494140625" lon="139.53808517195284366607666015625">
        <ele>42.200000762939453125</ele>
        <time>2026-08-25T09:30:56.000Z</time>
        <extensions>
          <ns3:TrackPointExtension>
            <ns3:hr>145</ns3:hr>
            <ns3:cad>85</ns3:cad>
          </ns3:TrackPointExtension>
        </extensions>
      </trkpt>
      <trkpt lat="35.7582066021859645843505859375" lon="139.53806472010910511016845703125">
        <ele>42.40000152587890625</ele>
        <time>2026-08-25T09:30:57.000Z</time>
        <extensions>
          <ns3:TrackPointExtension>
            <ns3:hr>145</ns3:hr>
            <ns3:cad>84</ns3:cad>
          </ns3:TrackPointExtension>
        </extensions>
      </trkpt>
      <trkpt lat="35.75818975456058979034423828125" lon="139.5380450226366519927978515625">
        <ele>42.40000152587890625</ele>
        <time>2026-08-25T09:30:58.000Z</time>
        <extensions>
          <ns3:TrackPointExtension>
            <ns3:hr>145</ns3:hr>
            <ns3:cad>83</ns3:cad>
          </ns3:TrackPointExtension>
        </extensions>
      </trkpt>
      <trkpt lat="35.75817433185875415802001953125" lon="139.5380205474793910980224609375">
        <ele>42.40000152587890625</ele>
        <time>2026-08-25T09:30:59.000Z</time>
        <extensions>
          <ns3:TrackPointExtension>
            <ns3:hr>145</ns3:hr>
            <ns3:cad>83</ns3:cad>
          </ns3:TrackPointExtension>
        </extensions>
      </trkpt>
      <trkpt lat="35.75816242955625057220458984375" lon="139.53799699433147907257080078125">
        <ele>42.40000152587890625</ele>
        <time>2026-08-25T09:31:00.000Z</time>
        <extensions>
          <ns3:TrackPointExtension>
            <ns3:hr>145</ns3:hr>
            <ns3:cad>83</ns3:cad>
          </ns3:TrackPointExtension>
        </extensions>
      </trkpt>
      <trkpt lat="35.758150108158588409423828125" lon="139.53797302208840847015380859375">
        <ele>42.40000152587890625</ele>
        <time>2026-08-25T09:31:01.000Z</time>
        <extensions>
          <ns3:TrackPointExtension>
            <ns3:hr>145</ns3:hr>
            <ns3:cad>84</ns3:cad>
          </ns3:TrackPointExtension>
        </extensions>
      </trkpt>
      <trkpt lat="35.7581372000277042388916015625" lon="139.53795223496854305267333984375">
        <ele>42.40000152587890625</ele>
        <time>2026-08-25T09:31:02.000Z</time>
        <extensions>
          <ns3:TrackPointExtension>
            <ns3:hr>145</ns3:hr>
            <ns3:cad>84</ns3:cad>
          </ns3:TrackPointExtension>
        </extensions>
      </trkpt>
      <trkpt lat="35.75812362134456634521484375" lon="139.5379306934773921966552734375">
        <ele>42.200000762939453125</ele>
        <time>2026-08-25T09:31:03.000Z</time>
        <extensions>
          <ns3:TrackPointExtension>
            <ns3:hr>145</ns3:hr>
            <ns3:cad>83</ns3:cad>
          </ns3:TrackPointExtension>
        </extensions>
      </trkpt>
      <trkpt lat="35.75811599381268024444580078125" lon="139.53790982253849506378173828125">
        <ele>42.200000762939453125</ele>
        <time>2026-08-25T09:31:04.000Z</time>
        <extensions>
          <ns3:TrackPointExtension>
            <ns3:hr>145</ns3:hr>
            <ns3:cad>83</ns3:cad>
          </ns3:TrackPointExtension>
        </extensions>
      </trkpt>
      <trkpt lat="35.75810744427144527435302734375" lon="139.5378891192376613616943359375">
        <ele>42.200000762939453125</ele>
        <time>2026-08-25T09:31:05.000Z</time>
        <extensions>
          <ns3:TrackPointExtension>
            <ns3:hr>145</ns3:hr>
            <ns3:cad>83</ns3:cad>
          </ns3:TrackPointExtension>
        </extensions>
      </trkpt>
      <trkpt lat="35.75810107402503490447998046875" lon="139.53786238096654415130615234375">
        <ele>42.200000762939453125</ele>
        <time>2026-08-25T09:31:06.000Z</time>
        <extensions>
          <ns3:TrackPointExtension>
            <ns3:hr>145</ns3:hr>
            <ns3:cad>82</ns3:cad>
          </ns3:TrackPointExtension>
        </extensions>
      </trkpt>
      <trkpt lat="35.758089087903499603271484375" lon="139.537839330732822418212890625">
        <ele>42.40000152587890625</ele>
        <time>2026-08-25T09:31:07.000Z</time>
        <extensions>
          <ns3:TrackPointExtension>
            <ns3:hr>145</ns3:hr>
            <ns3:cad>82</ns3:cad>
          </ns3:TrackPointExtension>
        </extensions>
      </trkpt>
      <trkpt lat="35.75808011926710605621337890625" lon="139.5378116704523563385009765625">
        <ele>42.59999847412109375</ele>
        <time>2026-08-25T09:31:08.000Z</time>
        <extensions>
          <ns3:TrackPointExtension>
            <ns3:hr>145</ns3:hr>
            <ns3:cad>82</ns3:cad>
          </ns3:TrackPointExtension>
        </extensions>
      </trkpt>
      <trkpt lat="35.758069641888141632080078125" lon="139.53778577037155628204345703125">
        <ele>42.59999847412109375</ele>
        <time>2026-08-25T09:31:09.000Z</time>
        <extensions>
          <ns3:TrackPointExtension>
            <ns3:hr>145</ns3:hr>
            <ns3:cad>82</ns3:cad>
          </ns3:TrackPointExtension>
        </extensions>
      </trkpt>
      <trkpt lat="35.75805983506143093109130859375" lon="139.53776992857456207275390625">
        <ele>43</ele>
        <time>2026-08-25T09:31:10.000Z</time>
        <extensions>
          <ns3:TrackPointExtension>
            <ns3:hr>145</ns3:hr>
            <ns3:cad>83</ns3:cad>
          </ns3:TrackPointExtension>
        </extensions>
      </trkpt>
      <trkpt lat="35.75804575346410274505615234375" lon="139.53774310648441314697265625">
        <ele>43</ele>
        <time>2026-08-25T09:31:11.000Z</time>
        <extensions>
          <ns3:TrackPointExtension>
            <ns3:hr>146</ns3:hr>
            <ns3:cad>83</ns3:cad>
          </ns3:TrackPointExtension>
        </extensions>
      </trkpt>
      <trkpt lat="35.75803242623805999755859375" lon="139.537723995745182037353515625">
        <ele>43</ele>
        <time>2026-08-25T09:31:12.000Z</time>
        <extensions>
          <ns3:TrackPointExtension>
            <ns3:hr>146</ns3:hr>
            <ns3:cad>84</ns3:cad>
          </ns3:TrackPointExtension>
        </extensions>
      </trkpt>
      <trkpt lat="35.7580245472490787506103515625" lon="139.5377023704349994659423828125">
        <ele>43.200000762939453125</ele>
        <time>2026-08-25T09:31:13.000Z</time>
        <extensions>
          <ns3:TrackPointExtension>
            <ns3:hr>148</ns3:hr>
            <ns3:cad>84</ns3:cad>
          </ns3:TrackPointExtension>
        </extensions>
      </trkpt>
      <trkpt lat="35.7580185122787952423095703125" lon="139.53768300823867321014404296875">
        <ele>43.200000762939453125</ele>
        <time>2026-08-25T09:31:14.000Z</time>
        <extensions>
          <ns3:TrackPointExtension>
            <ns3:hr>148</ns3:hr>
            <ns3:cad>83</ns3:cad>
          </ns3:TrackPointExtension>
        </extensions>
      </trkpt>
      <trkpt lat="35.7580131478607654571533203125" lon="139.53766004182398319244384765625">
        <ele>43.200000762939453125</ele>
        <time>2026-08-25T09:31:15.000Z</time>
        <extensions>
          <ns3:TrackPointExtension>
            <ns3:hr>148</ns3:hr>
            <ns3:cad>83</ns3:cad>
          </ns3:TrackPointExtension>
        </extensions>
      </trkpt>
      <trkpt lat="35.75800694525241851806640625" lon="139.537635482847690582275390625">
        <ele>43.200000762939453125</ele>
        <time>2026-08-25T09:31:16.000Z</time>
        <extensions>
          <ns3:TrackPointExtension>
            <ns3:hr>149</ns3:hr>
            <ns3:cad>83</ns3:cad>
          </ns3:TrackPointExtension>
        </extensions>
      </trkpt>
      <trkpt lat="35.75800032354891300201416015625" lon="139.5376150310039520263671875">
        <ele>43.200000762939453125</ele>
        <time>2026-08-25T09:31:17.000Z</time>
        <extensions>
          <ns3:TrackPointExtension>
            <ns3:hr>149</ns3:hr>
            <ns3:cad>83</ns3:cad>
          </ns3:TrackPointExtension>
        </extensions>
      </trkpt>
      <trkpt lat="35.75799412094056606292724609375" lon="139.537595249712467193603515625">
        <ele>43.40000152587890625</ele>
        <time>2026-08-25T09:31:18.000Z</time>
        <extensions>
          <ns3:TrackPointExtension>
            <ns3:hr>149</ns3:hr>
            <ns3:cad>82</ns3:cad>
          </ns3:TrackPointExtension>
        </extensions>
      </trkpt>
      <trkpt lat="35.75798540376126766204833984375" lon="139.53757152892649173736572265625">
        <ele>43.40000152587890625</ele>
        <time>2026-08-25T09:31:19.000Z</time>
        <extensions>
          <ns3:TrackPointExtension>
            <ns3:hr>149</ns3:hr>
            <ns3:cad>82</ns3:cad>
          </ns3:TrackPointExtension>
        </extensions>
      </trkpt>
      <trkpt lat="35.7579754292964935302734375" lon="139.5375498197972774505615234375">
        <ele>43.40000152587890625</ele>
        <time>2026-08-25T09:31:20.000Z</time>
        <extensions>
          <ns3:TrackPointExtension>
            <ns3:hr>149</ns3:hr>
            <ns3:cad>82</ns3:cad>
          </ns3:TrackPointExtension>
        </extensions>
      </trkpt>
      <trkpt lat="35.75796511955559253692626953125" lon="139.537528865039348602294921875">
        <ele>43.40000152587890625</ele>
        <time>2026-08-25T09:31:21.000Z</time>
        <extensions>
          <ns3:TrackPointExtension>
            <ns3:hr>149</ns3:hr>
            <ns3:cad>83</ns3:cad>
          </ns3:TrackPointExtension>
        </extensions>
      </trkpt>
      <trkpt lat="35.7579568214714527130126953125" lon="139.53750832937657833099365234375">
        <ele>43.40000152587890625</ele>
        <time>2026-08-25T09:31:22.000Z</time>
        <extensions>
          <ns3:TrackPointExtension>
            <ns3:hr>150</ns3:hr>
            <ns3:cad>83</ns3:cad>
          </ns3:TrackPointExtension>
        </extensions>
      </trkpt>
      <trkpt lat="35.7579507865011692047119140625" lon="139.53748921863734722137451171875">
        <ele>43.40000152587890625</ele>
        <time>2026-08-25T09:31:23.000Z</time>
        <extensions>
          <ns3:TrackPointExtension>
            <ns3:hr>150</ns3:hr>
            <ns3:cad>83</ns3:cad>
          </ns3:TrackPointExtension>
        </extensions>
      </trkpt>
      <trkpt lat="35.75794366188347339630126953125" lon="139.53746994026005268096923828125">
        <ele>43.40000152587890625</ele>
        <time>2026-08-25T09:31:24.000Z</time>
        <extensions>
          <ns3:TrackPointExtension>
            <ns3:hr>150</ns3:hr>
            <ns3:cad>83</ns3:cad>
          </ns3:TrackPointExtension>
        </extensions>
      </trkpt>
      <trkpt lat="35.757935531437397003173828125" lon="139.5374532602727413177490234375">
        <ele>43.200000762939453125</ele>
        <time>2026-08-25T09:31:25.000Z</time>
        <extensions>
          <ns3:TrackPointExtension>
            <ns3:hr>150</ns3:hr>
            <ns3:cad>83</ns3:cad>
          </ns3:TrackPointExtension>
        </extensions>
      </trkpt>
      <trkpt lat="35.75792706571519374847412109375" lon="139.537432305514812469482421875">
        <ele>43</ele>
        <time>2026-08-25T09:31:26.000Z</time>
        <extensions>
          <ns3:TrackPointExtension>
            <ns3:hr>150</ns3:hr>
            <ns3:cad>81</ns3:cad>
          </ns3:TrackPointExtension>
        </extensions>
      </trkpt>
      <trkpt lat="35.7579191029071807861328125" lon="139.53741176985204219818115234375">
        <ele>42.799999237060546875</ele>
        <time>2026-08-25T09:31:27.000Z</time>
        <extensions>
          <ns3:TrackPointExtension>
            <ns3:hr>149</ns3:hr>
            <ns3:cad>81</ns3:cad>
          </ns3:TrackPointExtension>
        </extensions>
      </trkpt>
      <trkpt lat="35.75791114009916782379150390625" lon="139.5373915694653987884521484375">
        <ele>42.799999237060546875</ele>
        <time>2026-08-25T09:31:28.000Z</time>
        <extensions>
          <ns3:TrackPointExtension>
            <ns3:hr>149</ns3:hr>
            <ns3:cad>81</ns3:cad>
          </ns3:TrackPointExtension>
        </extensions>
      </trkpt>
      <trkpt lat="35.757904350757598876953125" lon="139.53736768104135990142822265625">
        <ele>42.799999237060546875</ele>
        <time>2026-08-25T09:31:29.000Z</time>
        <extensions>
          <ns3:TrackPointExtension>
            <ns3:hr>149</ns3:hr>
            <ns3:cad>81</ns3:cad>
          </ns3:TrackPointExtension>
        </extensions>
      </trkpt>
      <trkpt lat="35.75789538212120532989501953125" lon="139.53734689392149448394775390625">
        <ele>42.799999237060546875</ele>
        <time>2026-08-25T09:31:30.000Z</time>
        <extensions>
          <ns3:TrackPointExtension>
            <ns3:hr>149</ns3:hr>
            <ns3:cad>82</ns3:cad>
          </ns3:TrackPointExtension>
        </extensions>
      </trkpt>
      <trkpt lat="35.75788431800901889801025390625" lon="139.53732468187808990478515625">
        <ele>42.799999237060546875</ele>
        <time>2026-08-25T09:31:31.000Z</time>
        <extensions>
          <ns3:TrackPointExtension>
            <ns3:hr>149</ns3:hr>
            <ns3:cad>84</ns3:cad>
          </ns3:TrackPointExtension>
        </extensions>
      </trkpt>
      <trkpt lat="35.75787224806845188140869140625" lon="139.53730280511081218719482421875">
        <ele>42.799999237060546875</ele>
        <time>2026-08-25T09:31:32.000Z</time>
        <extensions>
          <ns3:TrackPointExtension>
            <ns3:hr>149</ns3:hr>
            <ns3:cad>86</ns3:cad>
          </ns3:TrackPointExtension>
        </extensions>
      </trkpt>
      <trkpt lat="35.75785766355693340301513671875" lon="139.53728578984737396240234375">
        <ele>42.799999237060546875</ele>
        <time>2026-08-25T09:31:33.000Z</time>
        <extensions>
          <ns3:TrackPointExtension>
            <ns3:hr>149</ns3:hr>
            <ns3:cad>86</ns3:cad>
          </ns3:TrackPointExtension>
        </extensions>
      </trkpt>
      <trkpt lat="35.75784333050251007080078125" lon="139.53726575709879398345947265625">
        <ele>42.799999237060546875</ele>
        <time>2026-08-25T09:31:34.000Z</time>
        <extensions>
          <ns3:TrackPointExtension>
            <ns3:hr>149</ns3:hr>
            <ns3:cad>85</ns3:cad>
          </ns3:TrackPointExtension>
        </extensions>
      </trkpt>
      <trkpt lat="35.75783167965710163116455078125" lon="139.5372470654547214508056640625">
        <ele>42.799999237060546875</ele>
        <time>2026-08-25T09:31:35.000Z</time>
        <extensions>
          <ns3:TrackPointExtension>
            <ns3:hr>149</ns3:hr>
            <ns3:cad>85</ns3:cad>
          </ns3:TrackPointExtension>
        </extensions>
      </trkpt>
      <trkpt lat="35.75782120227813720703125" lon="139.5372292958199977874755859375">
        <ele>42.799999237060546875</ele>
        <time>2026-08-25T09:31:36.000Z</time>
        <extensions>
          <ns3:TrackPointExtension>
            <ns3:hr>149</ns3:hr>
            <ns3:cad>84</ns3:cad>
          </ns3:TrackPointExtension>
        </extensions>
      </trkpt>
      <trkpt lat="35.75780904851853847503662109375" lon="139.53721110709011554718017578125">
        <ele>42.799999237060546875</ele>
        <time>2026-08-25T09:31:37.000Z</time>
        <extensions>
          <ns3:TrackPointExtension>
            <ns3:hr>149</ns3:hr>
            <ns3:cad>84</ns3:cad>
          </ns3:TrackPointExtension>
        </extensions>
      </trkpt>
      <trkpt lat="35.75779949314892292022705078125" lon="139.53719233162701129913330078125">
        <ele>42.799999237060546875</ele>
        <time>2026-08-25T09:31:38.000Z</time>
        <extensions>
          <ns3:TrackPointExtension>
            <ns3:hr>149</ns3:hr>
            <ns3:cad>84</ns3:cad>
          </ns3:TrackPointExtension>
        </extensions>
      </trkpt>
      <trkpt lat="35.75778742320835590362548828125" lon="139.53717322088778018951416015625">
        <ele>42.59999847412109375</ele>
        <time>2026-08-25T09:31:39.000Z</time>
        <extensions>
          <ns3:TrackPointExtension>
            <ns3:hr>149</ns3:hr>
            <ns3:cad>84</ns3:cad>
          </ns3:TrackPointExtension>
        </extensions>
      </trkpt>
      <trkpt lat="35.75777669437229633331298828125" lon="139.53715293668210506439208984375">
        <ele>42.59999847412109375</ele>
        <time>2026-08-25T09:31:40.000Z</time>
        <extensions>
          <ns3:TrackPointExtension>
            <ns3:hr>149</ns3:hr>
            <ns3:cad>82</ns3:cad>
          </ns3:TrackPointExtension>
        </extensions>
      </trkpt>
      <trkpt lat="35.75776713900268077850341796875" lon="139.53713617287576198577880859375">
        <ele>42.40000152587890625</ele>
        <time>2026-08-25T09:31:41.000Z</time>
        <extensions>
          <ns3:TrackPointExtension>
            <ns3:hr>149</ns3:hr>
            <ns3:cad>81</ns3:cad>
          </ns3:TrackPointExtension>
        </extensions>
      </trkpt>
      <trkpt lat="35.75775657780468463897705078125" lon="139.5371188223361968994140625">
        <ele>42.40000152587890625</ele>
        <time>2026-08-25T09:31:42.000Z</time>
        <extensions>
          <ns3:TrackPointExtension>
            <ns3:hr>148</ns3:hr>
            <ns3:cad>81</ns3:cad>
          </ns3:TrackPointExtension>
        </extensions>
      </trkpt>
      <trkpt lat="35.7577476091682910919189453125" lon="139.53710214234888553619384765625">
        <ele>42.40000152587890625</ele>
        <time>2026-08-25T09:31:43.000Z</time>
        <extensions>
          <ns3:TrackPointExtension>
            <ns3:hr>148</ns3:hr>
            <ns3:cad>82</ns3:cad>
          </ns3:TrackPointExtension>
        </extensions>
      </trkpt>
      <trkpt lat="35.75774140655994415283203125" lon="139.53708554618060588836669921875">
        <ele>42.40000152587890625</ele>
        <time>2026-08-25T09:31:44.000Z</time>
        <extensions>
          <ns3:TrackPointExtension>
            <ns3:hr>148</ns3:hr>
            <ns3:cad>82</ns3:cad>
          </ns3:TrackPointExtension>
        </extensions>
      </trkpt>
      <trkpt lat="35.75773394666612148284912109375" lon="139.53706911765038967132568359375">
        <ele>42.40000152587890625</ele>
        <time>2026-08-25T09:31:45.000Z</time>
        <extensions>
          <ns3:TrackPointExtension>
            <ns3:hr>148</ns3:hr>
            <ns3:cad>83</ns3:cad>
          </ns3:TrackPointExtension>
        </extensions>
      </trkpt>
      <trkpt lat="35.75772740878164768218994140625" lon="139.53705134801566600799560546875">
        <ele>42.40000152587890625</ele>
        <time>2026-08-25T09:31:46.000Z</time>
        <extensions>
          <ns3:TrackPointExtension>
            <ns3:hr>148</ns3:hr>
            <ns3:cad>83</ns3:cad>
          </ns3:TrackPointExtension>
        </extensions>
      </trkpt>
      <trkpt lat="35.757720954716205596923828125" lon="139.53703156672418117523193359375">
        <ele>42.40000152587890625</ele>
        <time>2026-08-25T09:31:47.000Z</time>
        <extensions>
          <ns3:TrackPointExtension>
            <ns3:hr>148</ns3:hr>
            <ns3:cad>83</ns3:cad>
          </ns3:TrackPointExtension>
        </extensions>
      </trkpt>
      <trkpt lat="35.75771550647914409637451171875" lon="139.5370086841285228729248046875">
        <ele>42.40000152587890625</ele>
        <time>2026-08-25T09:31:48.000Z</time>
        <extensions>
          <ns3:TrackPointExtension>
            <ns3:hr>148</ns3:hr>
            <ns3:cad>82</ns3:cad>
          </ns3:TrackPointExtension>
        </extensions>
      </trkpt>
      <trkpt lat="35.75771047733724117279052734375" lon="139.53699066303670406341552734375">
        <ele>42.59999847412109375</ele>
        <time>2026-08-25T09:31:49.000Z</time>
        <extensions>
          <ns3:TrackPointExtension>
            <ns3:hr>148</ns3:hr>
            <ns3:cad>81</ns3:cad>
          </ns3:TrackPointExtension>
        </extensions>
      </trkpt>
      <trkpt lat="35.7577045261859893798828125" lon="139.53697104938328266143798828125">
        <ele>42.59999847412109375</ele>
        <time>2026-08-25T09:31:50.000Z</time>
        <extensions>
          <ns3:TrackPointExtension>
            <ns3:hr>148</ns3:hr>
            <ns3:cad>81</ns3:cad>
          </ns3:TrackPointExtension>
        </extensions>
      </trkpt>
      <trkpt lat="35.75769421644508838653564453125" lon="139.53695395030081272125244140625">
        <ele>42.59999847412109375</ele>
        <time>2026-08-25T09:31:51.000Z</time>
        <extensions>
          <ns3:TrackPointExtension>
            <ns3:hr>147</ns3:hr>
            <ns3:cad>81</ns3:cad>
          </ns3:TrackPointExtension>
        </extensions>
      </trkpt>
      <trkpt lat="35.757685415446758270263671875" lon="139.53693768940865993499755859375">
        <ele>42.59999847412109375</ele>
        <time>2026-08-25T09:31:52.000Z</time>
        <extensions>
          <ns3:TrackPointExtension>
            <ns3:hr>147</ns3:hr>
            <ns3:cad>81</ns3:cad>
          </ns3:TrackPointExtension>
        </extensions>
      </trkpt>
      <trkpt lat="35.7576765306293964385986328125" lon="139.53692042268812656402587890625">
        <ele>42.59999847412109375</ele>
        <time>2026-08-25T09:31:53.000Z</time>
        <extensions>
          <ns3:TrackPointExtension>
            <ns3:hr>146</ns3:hr>
            <ns3:cad>81</ns3:cad>
          </ns3:TrackPointExtension>
        </extensions>
      </trkpt>
      <trkpt lat="35.757674016058444976806640625" lon="139.53690701164305210113525390625">
        <ele>42.59999847412109375</ele>
        <time>2026-08-25T09:31:54.000Z</time>
        <extensions>
          <ns3:TrackPointExtension>
            <ns3:hr>145</ns3:hr>
            <ns3:cad>80</ns3:cad>
          </ns3:TrackPointExtension>
        </extensions>
      </trkpt>
      <trkpt lat="35.75766722671687602996826171875" lon="139.53689326532185077667236328125">
        <ele>42.59999847412109375</ele>
        <time>2026-08-25T09:31:55.000Z</time>
        <extensions>
          <ns3:TrackPointExtension>
            <ns3:hr>145</ns3:hr>
            <ns3:cad>80</ns3:cad>
          </ns3:TrackPointExtension>
        </extensions>
      </trkpt>
      <trkpt lat="35.7576607726514339447021484375" lon="139.53688119538128376007080078125">
        <ele>42.59999847412109375</ele>
        <time>2026-08-25T09:31:56.000Z</time>
        <extensions>
          <ns3:TrackPointExtension>
            <ns3:hr>145</ns3:hr>
            <ns3:cad>80</ns3:cad>
          </ns3:TrackPointExtension>
        </extensions>
      </trkpt>
      <trkpt lat="35.7576507143676280975341796875" lon="139.5368598215281963348388671875">
        <ele>42.799999237060546875</ele>
        <time>2026-08-25T09:31:57.000Z</time>
        <extensions>
          <ns3:TrackPointExtension>
            <ns3:hr>144</ns3:hr>
            <ns3:cad>80</ns3:cad>
          </ns3:TrackPointExtension>
        </extensions>
      </trkpt>
      <trkpt lat="35.75764845125377178192138671875" lon="139.53683895058929920196533203125">
        <ele>42.799999237060546875</ele>
        <time>2026-08-25T09:31:58.000Z</time>
        <extensions>
          <ns3:TrackPointExtension>
            <ns3:hr>144</ns3:hr>
            <ns3:cad>81</ns3:cad>
          </ns3:TrackPointExtension>
        </extensions>
      </trkpt>
      <trkpt lat="35.75764208100736141204833984375" lon="139.53681296668946743011474609375">
        <ele>42.799999237060546875</ele>
        <time>2026-08-25T09:31:59.000Z</time>
        <extensions>
          <ns3:TrackPointExtension>
            <ns3:hr>145</ns3:hr>
            <ns3:cad>81</ns3:cad>
          </ns3:TrackPointExtension>
        </extensions>
      </trkpt>
      <trkpt lat="35.75763688422739505767822265625" lon="139.53679720871150493621826171875">
        <ele>43</ele>
        <time>2026-08-25T09:32:00.000Z</time>
        <extensions>
          <ns3:TrackPointExtension>
            <ns3:hr>144</ns3:hr>
            <ns3:cad>81</ns3:cad>
          </ns3:TrackPointExtension>
        </extensions>
      </trkpt>
      <trkpt lat="35.7576294243335723876953125" lon="139.5367817021906375885009765625">
        <ele>43</ele>
        <time>2026-08-25T09:32:01.000Z</time>
        <extensions>
          <ns3:TrackPointExtension>
            <ns3:hr>144</ns3:hr>
            <ns3:cad>82</ns3:cad>
          </ns3:TrackPointExtension>
        </extensions>
      </trkpt>
      <trkpt lat="35.7575972378253936767578125" lon="139.53678228892385959625244140625">
        <ele>43</ele>
        <time>2026-08-25T09:32:02.000Z</time>
        <extensions>
          <ns3:TrackPointExtension>
            <ns3:hr>144</ns3:hr>
            <ns3:cad>83</ns3:cad>
          </ns3:TrackPointExtension>
        </extensions>
      </trkpt>
      <trkpt lat="35.75756899081170558929443359375" lon="139.5367786847054958343505859375">
        <ele>43.200000762939453125</ele>
        <time>2026-08-25T09:32:03.000Z</time>
        <extensions>
          <ns3:TrackPointExtension>
            <ns3:hr>144</ns3:hr>
            <ns3:cad>83</ns3:cad>
          </ns3:TrackPointExtension>
        </extensions>
      </trkpt>
      <trkpt lat="35.75754887424409389495849609375" lon="139.53676133416593074798583984375">
        <ele>43.200000762939453125</ele>
        <time>2026-08-25T09:32:04.000Z</time>
        <extensions>
          <ns3:TrackPointExtension>
            <ns3:hr>145</ns3:hr>
            <ns3:cad>83</ns3:cad>
          </ns3:TrackPointExtension>
        </extensions>
      </trkpt>
      <trkpt lat="35.75754116289317607879638671875" lon="139.536736942827701568603515625">
        <ele>43.200000762939453125</ele>
        <time>2026-08-25T09:32:05.000Z</time>
        <extensions>
          <ns3:TrackPointExtension>
            <ns3:hr>145</ns3:hr>
            <ns3:cad>83</ns3:cad>
          </ns3:TrackPointExtension>
        </extensions>
      </trkpt>
      <trkpt lat="35.7575330324470996856689453125" lon="139.5367139764130115509033203125">
        <ele>43.200000762939453125</ele>
        <time>2026-08-25T09:32:06.000Z</time>
        <extensions>
          <ns3:TrackPointExtension>
            <ns3:hr>145</ns3:hr>
            <ns3:cad>83</ns3:cad>
          </ns3:TrackPointExtension>
        </extensions>
      </trkpt>
      <trkpt lat="35.75753294862806797027587890625" lon="139.53669411130249500274658203125">
        <ele>43.200000762939453125</ele>
        <time>2026-08-25T09:32:07.000Z</time>
        <extensions>
          <ns3:TrackPointExtension>
            <ns3:hr>145</ns3:hr>
            <ns3:cad>83</ns3:cad>
          </ns3:TrackPointExtension>
        </extensions>
      </trkpt>
      <trkpt lat="35.75753428973257541656494140625" lon="139.53666594810783863067626953125">
        <ele>43.200000762939453125</ele>
        <time>2026-08-25T09:32:08.000Z</time>
        <extensions>
          <ns3:TrackPointExtension>
            <ns3:hr>145</ns3:hr>
            <ns3:cad>83</ns3:cad>
          </ns3:TrackPointExtension>
        </extensions>
      </trkpt>
      <trkpt lat="35.75753831304609775543212890625" lon="139.53664683736860752105712890625">
        <ele>43.200000762939453125</ele>
        <time>2026-08-25T09:32:09.000Z</time>
        <extensions>
          <ns3:TrackPointExtension>
            <ns3:hr>145</ns3:hr>
            <ns3:cad>83</ns3:cad>
          </ns3:TrackPointExtension>
        </extensions>
      </trkpt>
      <trkpt lat="35.75753621757030487060546875" lon="139.5366261340677738189697265625">
        <ele>43.59999847412109375</ele>
        <time>2026-08-25T09:32:10.000Z</time>
        <extensions>
          <ns3:TrackPointExtension>
            <ns3:hr>145</ns3:hr>
            <ns3:cad>83</ns3:cad>
          </ns3:TrackPointExtension>
        </extensions>
      </trkpt>
      <trkpt lat="35.75753110460937023162841796875" lon="139.5365989767014980316162109375">
        <ele>43.799999237060546875</ele>
        <time>2026-08-25T09:32:11.000Z</time>
        <extensions>
          <ns3:TrackPointExtension>
            <ns3:hr>145</ns3:hr>
            <ns3:cad>83</ns3:cad>
          </ns3:TrackPointExtension>
        </extensions>
      </trkpt>
      <trkpt lat="35.757525824010372161865234375" lon="139.536572992801666259765625">
        <ele>43.799999237060546875</ele>
        <time>2026-08-25T09:32:12.000Z</time>
        <extensions>
          <ns3:TrackPointExtension>
            <ns3:hr>145</ns3:hr>
            <ns3:cad>83</ns3:cad>
          </ns3:TrackPointExtension>
        </extensions>
      </trkpt>
      <trkpt lat="35.757518112659454345703125" lon="139.536550529301166534423828125">
        <ele>44</ele>
        <time>2026-08-25T09:32:13.000Z</time>
        <extensions>
          <ns3:TrackPointExtension>
            <ns3:hr>145</ns3:hr>
            <ns3:cad>81</ns3:cad>
          </ns3:TrackPointExtension>
        </extensions>
      </trkpt>
      <trkpt lat="35.75751283206045627593994140625" lon="139.53653200529515743255615234375">
        <ele>44</ele>
        <time>2026-08-25T09:32:14.000Z</time>
        <extensions>
          <ns3:TrackPointExtension>
            <ns3:hr>145</ns3:hr>
            <ns3:cad>81</ns3:cad>
          </ns3:TrackPointExtension>
        </extensions>
      </trkpt>
      <trkpt lat="35.757506377995014190673828125" lon="139.53650954179465770721435546875">
        <ele>44</ele>
        <time>2026-08-25T09:32:15.000Z</time>
        <extensions>
          <ns3:TrackPointExtension>
            <ns3:hr>145</ns3:hr>
            <ns3:cad>81</ns3:cad>
          </ns3:TrackPointExtension>
        </extensions>
      </trkpt>
      <trkpt lat="35.75749732553958892822265625" lon="139.53648473136126995086669921875">
        <ele>44</ele>
        <time>2026-08-25T09:32:16.000Z</time>
        <extensions>
          <ns3:TrackPointExtension>
            <ns3:hr>145</ns3:hr>
            <ns3:cad>81</ns3:cad>
          </ns3:TrackPointExtension>
        </extensions>
      </trkpt>
      <trkpt lat="35.7574894465506076812744140625" lon="139.53646025620400905609130859375">
        <ele>43.799999237060546875</ele>
        <time>2026-08-25T09:32:17.000Z</time>
        <extensions>
          <ns3:TrackPointExtension>
            <ns3:hr>145</ns3:hr>
            <ns3:cad>80</ns3:cad>
          </ns3:TrackPointExtension>
        </extensions>
      </trkpt>
      <trkpt lat="35.757478214800357818603515625" lon="139.5364363677799701690673828125">
        <ele>43.799999237060546875</ele>
        <time>2026-08-25T09:32:18.000Z</time>
        <extensions>
          <ns3:TrackPointExtension>
            <ns3:hr>145</ns3:hr>
            <ns3:cad>79</ns3:cad>
          </ns3:TrackPointExtension>
        </extensions>
      </trkpt>
      <trkpt lat="35.75746807269752025604248046875" lon="139.53640912659466266632080078125">
        <ele>43.799999237060546875</ele>
        <time>2026-08-25T09:32:19.000Z</time>
        <extensions>
          <ns3:TrackPointExtension>
            <ns3:hr>145</ns3:hr>
            <ns3:cad>79</ns3:cad>
          </ns3:TrackPointExtension>
        </extensions>
      </trkpt>
      <trkpt lat="35.757456086575984954833984375" lon="139.53638683073222637176513671875">
        <ele>43.799999237060546875</ele>
        <time>2026-08-25T09:32:20.000Z</time>
        <extensions>
          <ns3:TrackPointExtension>
            <ns3:hr>146</ns3:hr>
            <ns3:cad>80</ns3:cad>
          </ns3:TrackPointExtension>
        </extensions>
      </trkpt>
      <trkpt lat="35.75744292698800563812255859375" lon="139.53636604361236095428466796875">
        <ele>43.799999237060546875</ele>
        <time>2026-08-25T09:32:21.000Z</time>
        <extensions>
          <ns3:TrackPointExtension>
            <ns3:hr>146</ns3:hr>
            <ns3:cad>81</ns3:cad>
          </ns3:TrackPointExtension>
        </extensions>
      </trkpt>
      <trkpt lat="35.75743672437965869903564453125" lon="139.53634441830217838287353515625">
        <ele>43.799999237060546875</ele>
        <time>2026-08-25T09:32:22.000Z</time>
        <extensions>
          <ns3:TrackPointExtension>
            <ns3:hr>146</ns3:hr>
            <ns3:cad>81</ns3:cad>
          </ns3:TrackPointExtension>
        </extensions>
      </trkpt>
      <trkpt lat="35.75743270106613636016845703125" lon="139.53632581047713756561279296875">
        <ele>44</ele>
        <time>2026-08-25T09:32:23.000Z</time>
        <extensions>
          <ns3:TrackPointExtension>
            <ns3:hr>147</ns3:hr>
            <ns3:cad>80</ns3:cad>
          </ns3:TrackPointExtension>
        </extensions>
      </trkpt>
      <trkpt lat="35.75742582790553569793701171875" lon="139.53630334697663784027099609375">
        <ele>44</ele>
        <time>2026-08-25T09:32:24.000Z</time>
        <extensions>
          <ns3:TrackPointExtension>
            <ns3:hr>147</ns3:hr>
            <ns3:cad>80</ns3:cad>
          </ns3:TrackPointExtension>
        </extensions>
      </trkpt>
      <trkpt lat="35.75741727836430072784423828125" lon="139.5362828113138675689697265625">
        <ele>44</ele>
        <time>2026-08-25T09:32:25.000Z</time>
        <extensions>
          <ns3:TrackPointExtension>
            <ns3:hr>147</ns3:hr>
            <ns3:cad>80</ns3:cad>
          </ns3:TrackPointExtension>
        </extensions>
      </trkpt>
      <trkpt lat="35.75740571133792400360107421875" lon="139.536261521279811859130859375">
        <ele>44</ele>
        <time>2026-08-25T09:32:26.000Z</time>
        <extensions>
          <ns3:TrackPointExtension>
            <ns3:hr>148</ns3:hr>
            <ns3:cad>81</ns3:cad>
          </ns3:TrackPointExtension>
        </extensions>
      </trkpt>
      <trkpt lat="35.75739313848316669464111328125" lon="139.536244086921215057373046875">
        <ele>44</ele>
        <time>2026-08-25T09:32:27.000Z</time>
        <extensions>
          <ns3:TrackPointExtension>
            <ns3:hr>148</ns3:hr>
            <ns3:cad>81</ns3:cad>
          </ns3:TrackPointExtension>
        </extensions>
      </trkpt>
      <trkpt lat="35.7573818229138851165771484375" lon="139.5362308435142040252685546875">
        <ele>44.200000762939453125</ele>
        <time>2026-08-25T09:32:28.000Z</time>
        <extensions>
          <ns3:TrackPointExtension>
            <ns3:hr>148</ns3:hr>
            <ns3:cad>81</ns3:cad>
          </ns3:TrackPointExtension>
        </extensions>
      </trkpt>
      <trkpt lat="35.757374279201030731201171875" lon="139.53621516935527324676513671875">
        <ele>44.200000762939453125</ele>
        <time>2026-08-25T09:32:29.000Z</time>
        <extensions>
          <ns3:TrackPointExtension>
            <ns3:hr>148</ns3:hr>
            <ns3:cad>81</ns3:cad>
          </ns3:TrackPointExtension>
        </extensions>
      </trkpt>
      <trkpt lat="35.757367908954620361328125" lon="139.5361979864537715911865234375">
        <ele>44.40000152587890625</ele>
        <time>2026-08-25T09:32:30.000Z</time>
        <extensions>
          <ns3:TrackPointExtension>
            <ns3:hr>148</ns3:hr>
            <ns3:cad>82</ns3:cad>
          </ns3:TrackPointExtension>
        </extensions>
      </trkpt>
      <trkpt lat="35.75736447237432003021240234375" lon="139.536182396113872528076171875">
        <ele>44.40000152587890625</ele>
        <time>2026-08-25T09:32:31.000Z</time>
        <extensions>
          <ns3:TrackPointExtension>
            <ns3:hr>148</ns3:hr>
            <ns3:cad>82</ns3:cad>
          </ns3:TrackPointExtension>
        </extensions>
      </trkpt>
      <trkpt lat="35.75735919177532196044921875" lon="139.536164291203022003173828125">
        <ele>44.40000152587890625</ele>
        <time>2026-08-25T09:32:32.000Z</time>
        <extensions>
          <ns3:TrackPointExtension>
            <ns3:hr>148</ns3:hr>
            <ns3:cad>81</ns3:cad>
          </ns3:TrackPointExtension>
        </extensions>
      </trkpt>
      <trkpt lat="35.75735391117632389068603515625" lon="139.536144174635410308837890625">
        <ele>44.40000152587890625</ele>
        <time>2026-08-25T09:32:33.000Z</time>
        <extensions>
          <ns3:TrackPointExtension>
            <ns3:hr>148</ns3:hr>
            <ns3:cad>80</ns3:cad>
          </ns3:TrackPointExtension>
        </extensions>
      </trkpt>
      <trkpt lat="35.7573479600250720977783203125" lon="139.53612615354359149932861328125">
        <ele>44.200000762939453125</ele>
        <time>2026-08-25T09:32:34.000Z</time>
        <extensions>
          <ns3:TrackPointExtension>
            <ns3:hr>148</ns3:hr>
            <ns3:cad>80</ns3:cad>
          </ns3:TrackPointExtension>
        </extensions>
      </trkpt>
      <trkpt lat="35.757342092692852020263671875" lon="139.5361047796905040740966796875">
        <ele>44.200000762939453125</ele>
        <time>2026-08-25T09:32:35.000Z</time>
        <extensions>
          <ns3:TrackPointExtension>
            <ns3:hr>148</ns3:hr>
            <ns3:cad>79</ns3:cad>
          </ns3:TrackPointExtension>
        </extensions>
      </trkpt>
      <trkpt lat="35.7573419250547885894775390625" lon="139.53608558513224124908447265625">
        <ele>44.200000762939453125</ele>
        <time>2026-08-25T09:32:36.000Z</time>
        <extensions>
          <ns3:TrackPointExtension>
            <ns3:hr>148</ns3:hr>
            <ns3:cad>79</ns3:cad>
          </ns3:TrackPointExtension>
        </extensions>
      </trkpt>
      <trkpt lat="35.75732977129518985748291015625" lon="139.5360561646521091461181640625">
        <ele>44</ele>
        <time>2026-08-25T09:32:37.000Z</time>
        <extensions>
          <ns3:TrackPointExtension>
            <ns3:hr>148</ns3:hr>
            <ns3:cad>80</ns3:cad>
          </ns3:TrackPointExtension>
        </extensions>
      </trkpt>
      <trkpt lat="35.75731669552624225616455078125" lon="139.536031186580657958984375">
        <ele>44</ele>
        <time>2026-08-25T09:32:38.000Z</time>
        <extensions>
          <ns3:TrackPointExtension>
            <ns3:hr>148</ns3:hr>
            <ns3:cad>80</ns3:cad>
          </ns3:TrackPointExtension>
        </extensions>
      </trkpt>
      <trkpt lat="35.75730286538600921630859375" lon="139.53601165674626827239990234375">
        <ele>44</ele>
        <time>2026-08-25T09:32:39.000Z</time>
        <extensions>
          <ns3:TrackPointExtension>
            <ns3:hr>148</ns3:hr>
            <ns3:cad>81</ns3:cad>
          </ns3:TrackPointExtension>
        </extensions>
      </trkpt>
      <trkpt lat="35.75729792006313800811767578125" lon="139.53598969615995883941650390625">
        <ele>43.799999237060546875</ele>
        <time>2026-08-25T09:32:40.000Z</time>
        <extensions>
          <ns3:TrackPointExtension>
            <ns3:hr>149</ns3:hr>
            <ns3:cad>82</ns3:cad>
          </ns3:TrackPointExtension>
        </extensions>
      </trkpt>
      <trkpt lat="35.75729406438767910003662109375" lon="139.535973854362964630126953125">
        <ele>43.799999237060546875</ele>
        <time>2026-08-25T09:32:41.000Z</time>
        <extensions>
          <ns3:TrackPointExtension>
            <ns3:hr>149</ns3:hr>
            <ns3:cad>83</ns3:cad>
          </ns3:TrackPointExtension>
        </extensions>
      </trkpt>
      <trkpt lat="35.7572887837886810302734375" lon="139.53596086241304874420166015625">
        <ele>43.799999237060546875</ele>
        <time>2026-08-25T09:32:42.000Z</time>
        <extensions>
          <ns3:TrackPointExtension>
            <ns3:hr>149</ns3:hr>
            <ns3:cad>83</ns3:cad>
          </ns3:TrackPointExtension>
        </extensions>
      </trkpt>
      <trkpt lat="35.7572834193706512451171875" lon="139.5359440147876739501953125">
        <ele>43.799999237060546875</ele>
        <time>2026-08-25T09:32:43.000Z</time>
        <extensions>
          <ns3:TrackPointExtension>
            <ns3:hr>149</ns3:hr>
            <ns3:cad>83</ns3:cad>
          </ns3:TrackPointExtension>
        </extensions>
      </trkpt>
      <trkpt lat="35.75727612711489200592041015625" lon="139.535926915705204010009765625">
        <ele>43.799999237060546875</ele>
        <time>2026-08-25T09:32:44.000Z</time>
        <extensions>
          <ns3:TrackPointExtension>
            <ns3:hr>149</ns3:hr>
            <ns3:cad>82</ns3:cad>
          </ns3:TrackPointExtension>
        </extensions>
      </trkpt>
      <trkpt lat="35.757266990840435028076171875" lon="139.53590855933725833892822265625">
        <ele>43.799999237060546875</ele>
        <time>2026-08-25T09:32:45.000Z</time>
        <extensions>
          <ns3:TrackPointExtension>
            <ns3:hr>149</ns3:hr>
            <ns3:cad>82</ns3:cad>
          </ns3:TrackPointExtension>
        </extensions>
      </trkpt>
      <trkpt lat="35.7572592794895172119140625" lon="139.5358922146260738372802734375">
        <ele>43.59999847412109375</ele>
        <time>2026-08-25T09:32:46.000Z</time>
        <extensions>
          <ns3:TrackPointExtension>
            <ns3:hr>149</ns3:hr>
            <ns3:cad>80</ns3:cad>
          </ns3:TrackPointExtension>
        </extensions>
      </trkpt>
      <trkpt lat="35.75725249014794826507568359375" lon="139.5358777977526187896728515625">
        <ele>43.59999847412109375</ele>
        <time>2026-08-25T09:32:47.000Z</time>
        <extensions>
          <ns3:TrackPointExtension>
            <ns3:hr>149</ns3:hr>
            <ns3:cad>79</ns3:cad>
          </ns3:TrackPointExtension>
        </extensions>
      </trkpt>
      <trkpt lat="35.7572450302541255950927734375" lon="139.53586287796497344970703125">
        <ele>43.59999847412109375</ele>
        <time>2026-08-25T09:32:48.000Z</time>
        <extensions>
          <ns3:TrackPointExtension>
            <ns3:hr>149</ns3:hr>
            <ns3:cad>79</ns3:cad>
          </ns3:TrackPointExtension>
        </extensions>
      </trkpt>
      <trkpt lat="35.75723740272223949432373046875" lon="139.53584418632090091705322265625">
        <ele>43.59999847412109375</ele>
        <time>2026-08-25T09:32:49.000Z</time>
        <extensions>
          <ns3:TrackPointExtension>
            <ns3:hr>149</ns3:hr>
            <ns3:cad>80</ns3:cad>
          </ns3:TrackPointExtension>
        </extensions>
      </trkpt>
      <trkpt lat="35.75723052956163883209228515625" lon="139.53582406975328922271728515625">
        <ele>43.799999237060546875</ele>
        <time>2026-08-25T09:32:50.000Z</time>
        <extensions>
          <ns3:TrackPointExtension>
            <ns3:hr>149</ns3:hr>
            <ns3:cad>80</ns3:cad>
          </ns3:TrackPointExtension>
        </extensions>
      </trkpt>
      <trkpt lat="35.7572215609252452850341796875" lon="139.53580395318567752838134765625">
        <ele>43.799999237060546875</ele>
        <time>2026-08-25T09:32:51.000Z</time>
        <extensions>
          <ns3:TrackPointExtension>
            <ns3:hr>149</ns3:hr>
            <ns3:cad>80</ns3:cad>
          </ns3:TrackPointExtension>
        </extensions>
      </trkpt>
      <trkpt lat="35.7572118379175662994384765625" lon="139.5357866026461124420166015625">
        <ele>43.799999237060546875</ele>
        <time>2026-08-25T09:32:52.000Z</time>
        <extensions>
          <ns3:TrackPointExtension>
            <ns3:hr>148</ns3:hr>
            <ns3:cad>80</ns3:cad>
          </ns3:TrackPointExtension>
        </extensions>
      </trkpt>
      <trkpt lat="35.75720203109085559844970703125" lon="139.53577034175395965576171875">
        <ele>43.799999237060546875</ele>
        <time>2026-08-25T09:32:53.000Z</time>
        <extensions>
          <ns3:TrackPointExtension>
            <ns3:hr>148</ns3:hr>
            <ns3:cad>79</ns3:cad>
          </ns3:TrackPointExtension>
        </extensions>
      </trkpt>
      <trkpt lat="35.75719381682574748992919921875" lon="139.5357535779476165771484375">
        <ele>43.799999237060546875</ele>
        <time>2026-08-25T09:32:54.000Z</time>
        <extensions>
          <ns3:TrackPointExtension>
            <ns3:hr>148</ns3:hr>
            <ns3:cad>79</ns3:cad>
          </ns3:TrackPointExtension>
        </extensions>
      </trkpt>
      <trkpt lat="35.757185518741607666015625" lon="139.5357349701225757598876953125">
        <ele>43.59999847412109375</ele>
        <time>2026-08-25T09:32:55.000Z</time>
        <extensions>
          <ns3:TrackPointExtension>
            <ns3:hr>148</ns3:hr>
            <ns3:cad>79</ns3:cad>
          </ns3:TrackPointExtension>
        </extensions>
      </trkpt>
      <trkpt lat="35.75717520900070667266845703125" lon="139.53571611084043979644775390625">
        <ele>43.59999847412109375</ele>
        <time>2026-08-25T09:32:56.000Z</time>
        <extensions>
          <ns3:TrackPointExtension>
            <ns3:hr>148</ns3:hr>
            <ns3:cad>80</ns3:cad>
          </ns3:TrackPointExtension>
        </extensions>
      </trkpt>
      <trkpt lat="35.7571628876030445098876953125" lon="139.53570018522441387176513671875">
        <ele>43.59999847412109375</ele>
        <time>2026-08-25T09:32:57.000Z</time>
        <extensions>
          <ns3:TrackPointExtension>
            <ns3:hr>148</ns3:hr>
            <ns3:cad>80</ns3:cad>
          </ns3:TrackPointExtension>
        </extensions>
      </trkpt>
      <trkpt lat="35.75715157203376293182373046875" lon="139.535682499408721923828125">
        <ele>43.59999847412109375</ele>
        <time>2026-08-25T09:32:58.000Z</time>
        <extensions>
          <ns3:TrackPointExtension>
            <ns3:hr>148</ns3:hr>
            <ns3:cad>80</ns3:cad>
          </ns3:TrackPointExtension>
        </extensions>
      </trkpt>
      <trkpt lat="35.75714268721640110015869140625" lon="139.53566464595496654510498046875">
        <ele>43.59999847412109375</ele>
        <time>2026-08-25T09:32:59.000Z</time>
        <extensions>
          <ns3:TrackPointExtension>
            <ns3:hr>148</ns3:hr>
            <ns3:cad>81</ns3:cad>
          </ns3:TrackPointExtension>
        </extensions>
      </trkpt>
      <trkpt lat="35.7571353949606418609619140625" lon="139.53564922325313091278076171875">
        <ele>43.799999237060546875</ele>
        <time>2026-08-25T09:33:00.000Z</time>
        <extensions>
          <ns3:TrackPointExtension>
            <ns3:hr>148</ns3:hr>
            <ns3:cad>81</ns3:cad>
          </ns3:TrackPointExtension>
        </extensions>
      </trkpt>
      <trkpt lat="35.7571239955723285675048828125" lon="139.53563564456999301910400390625">
        <ele>43.799999237060546875</ele>
        <time>2026-08-25T09:33:01.000Z</time>
        <extensions>
          <ns3:TrackPointExtension>
            <ns3:hr>148</ns3:hr>
            <ns3:cad>82</ns3:cad>
          </ns3:TrackPointExtension>
        </extensions>
      </trkpt>
      <trkpt lat="35.75711435638368129730224609375" lon="139.53561955131590366363525390625">
        <ele>43.799999237060546875</ele>
        <time>2026-08-25T09:33:02.000Z</time>
        <extensions>
          <ns3:TrackPointExtension>
            <ns3:hr>148</ns3:hr>
            <ns3:cad>82</ns3:cad>
          </ns3:TrackPointExtension>
        </extensions>
      </trkpt>
      <trkpt lat="35.75710597448050975799560546875" lon="139.535604380071163177490234375">
        <ele>43.799999237060546875</ele>
        <time>2026-08-25T09:33:03.000Z</time>
        <extensions>
          <ns3:TrackPointExtension>
            <ns3:hr>148</ns3:hr>
            <ns3:cad>82</ns3:cad>
          </ns3:TrackPointExtension>
        </extensions>
      </trkpt>
      <trkpt lat="35.757100023329257965087890625" lon="139.5355851016938686370849609375">
        <ele>43.799999237060546875</ele>
        <time>2026-08-25T09:33:04.000Z</time>
        <extensions>
          <ns3:TrackPointExtension>
            <ns3:hr>148</ns3:hr>
            <ns3:cad>81</ns3:cad>
          </ns3:TrackPointExtension>
        </extensions>
      </trkpt>
      <trkpt lat="35.75709155760705471038818359375" lon="139.5355690084397792816162109375">
        <ele>43.799999237060546875</ele>
        <time>2026-08-25T09:33:05.000Z</time>
        <extensions>
          <ns3:TrackPointExtension>
            <ns3:hr>148</ns3:hr>
            <ns3:cad>81</ns3:cad>
          </ns3:TrackPointExtension>
        </extensions>
      </trkpt>
      <trkpt lat="35.7570867799222469329833984375" lon="139.53555199317634105682373046875">
        <ele>43.799999237060546875</ele>
        <time>2026-08-25T09:33:06.000Z</time>
        <extensions>
          <ns3:TrackPointExtension>
            <ns3:hr>148</ns3:hr>
            <ns3:cad>81</ns3:cad>
          </ns3:TrackPointExtension>
        </extensions>
      </trkpt>
      <trkpt lat="35.7570783980190753936767578125" lon="139.5355348102748394012451171875">
        <ele>43.59999847412109375</ele>
        <time>2026-08-25T09:33:07.000Z</time>
        <extensions>
          <ns3:TrackPointExtension>
            <ns3:hr>148</ns3:hr>
            <ns3:cad>81</ns3:cad>
          </ns3:TrackPointExtension>
        </extensions>
      </trkpt>
      <trkpt lat="35.7570700161159038543701171875" lon="139.53551762737333774566650390625">
        <ele>43.59999847412109375</ele>
        <time>2026-08-25T09:33:08.000Z</time>
        <extensions>
          <ns3:TrackPointExtension>
            <ns3:hr>148</ns3:hr>
            <ns3:cad>80</ns3:cad>
          </ns3:TrackPointExtension>
        </extensions>
      </trkpt>
      <trkpt lat="35.7570659928023815155029296875" lon="139.5355022884905338287353515625">
        <ele>43.59999847412109375</ele>
        <time>2026-08-25T09:33:09.000Z</time>
        <extensions>
          <ns3:TrackPointExtension>
            <ns3:hr>148</ns3:hr>
            <ns3:cad>79</ns3:cad>
          </ns3:TrackPointExtension>
        </extensions>
      </trkpt>
      <trkpt lat="35.75706171803176403045654296875" lon="139.53548426739871501922607421875">
        <ele>43.59999847412109375</ele>
        <time>2026-08-25T09:33:10.000Z</time>
        <extensions>
          <ns3:TrackPointExtension>
            <ns3:hr>148</ns3:hr>
            <ns3:cad>79</ns3:cad>
          </ns3:TrackPointExtension>
        </extensions>
      </trkpt>
      <trkpt lat="35.7570596225559711456298828125" lon="139.5354664139449596405029296875">
        <ele>43.40000152587890625</ele>
        <time>2026-08-25T09:33:11.000Z</time>
        <extensions>
          <ns3:TrackPointExtension>
            <ns3:hr>148</ns3:hr>
            <ns3:cad>79</ns3:cad>
          </ns3:TrackPointExtension>
        </extensions>
      </trkpt>
      <trkpt lat="35.75705333612859249114990234375" lon="139.5354499854147434234619140625">
        <ele>43.40000152587890625</ele>
        <time>2026-08-25T09:33:12.000Z</time>
        <extensions>
          <ns3:TrackPointExtension>
            <ns3:hr>148</ns3:hr>
            <ns3:cad>79</ns3:cad>
          </ns3:TrackPointExtension>
        </extensions>
      </trkpt>
      <trkpt lat="35.75704780407249927520751953125" lon="139.53543062321841716766357421875">
        <ele>43.200000762939453125</ele>
        <time>2026-08-25T09:33:13.000Z</time>
        <extensions>
          <ns3:TrackPointExtension>
            <ns3:hr>148</ns3:hr>
            <ns3:cad>79</ns3:cad>
          </ns3:TrackPointExtension>
        </extensions>
      </trkpt>
      <trkpt lat="35.7570421881973743438720703125" lon="139.53540983609855175018310546875">
        <ele>43.200000762939453125</ele>
        <time>2026-08-25T09:33:14.000Z</time>
        <extensions>
          <ns3:TrackPointExtension>
            <ns3:hr>148</ns3:hr>
            <ns3:cad>79</ns3:cad>
          </ns3:TrackPointExtension>
        </extensions>
      </trkpt>
      <trkpt lat="35.75703120790421962738037109375" lon="139.5353869535028934478759765625">
        <ele>43.200000762939453125</ele>
        <time>2026-08-25T09:33:15.000Z</time>
        <extensions>
          <ns3:TrackPointExtension>
            <ns3:hr>148</ns3:hr>
            <ns3:cad>80</ns3:cad>
          </ns3:TrackPointExtension>
        </extensions>
      </trkpt>
      <trkpt lat="35.75702098198235034942626953125" lon="139.535365998744964599609375">
        <ele>43.40000152587890625</ele>
        <time>2026-08-25T09:33:16.000Z</time>
        <extensions>
          <ns3:TrackPointExtension>
            <ns3:hr>148</ns3:hr>
            <ns3:cad>80</ns3:cad>
          </ns3:TrackPointExtension>
        </extensions>
      </trkpt>
      <trkpt lat="35.7570146955549716949462890625" lon="139.53534563072025775909423828125">
        <ele>43.40000152587890625</ele>
        <time>2026-08-25T09:33:17.000Z</time>
        <extensions>
          <ns3:TrackPointExtension>
            <ns3:hr>147</ns3:hr>
            <ns3:cad>81</ns3:cad>
          </ns3:TrackPointExtension>
        </extensions>
      </trkpt>
      <trkpt lat="35.75700589455664157867431640625" lon="139.53532484360039234161376953125">
        <ele>43.40000152587890625</ele>
        <time>2026-08-25T09:33:18.000Z</time>
        <extensions>
          <ns3:TrackPointExtension>
            <ns3:hr>147</ns3:hr>
            <ns3:cad>83</ns3:cad>
          </ns3:TrackPointExtension>
        </extensions>
      </trkpt>
      <trkpt lat="35.75699734501540660858154296875" lon="139.53530305065214633941650390625">
        <ele>43.40000152587890625</ele>
        <time>2026-08-25T09:33:19.000Z</time>
        <extensions>
          <ns3:TrackPointExtension>
            <ns3:hr>147</ns3:hr>
            <ns3:cad>84</ns3:cad>
          </ns3:TrackPointExtension>
        </extensions>
      </trkpt>
      <trkpt lat="35.756988041102886199951171875" lon="139.535281173884868621826171875">
        <ele>43.40000152587890625</ele>
        <time>2026-08-25T09:33:20.000Z</time>
        <extensions>
          <ns3:TrackPointExtension>
            <ns3:hr>147</ns3:hr>
            <ns3:cad>84</ns3:cad>
          </ns3:TrackPointExtension>
        </extensions>
      </trkpt>
      <trkpt lat="35.75697697699069976806640625" lon="139.53526164405047893524169921875">
        <ele>43.40000152587890625</ele>
        <time>2026-08-25T09:33:21.000Z</time>
        <extensions>
          <ns3:TrackPointExtension>
            <ns3:hr>147</ns3:hr>
            <ns3:cad>83</ns3:cad>
          </ns3:TrackPointExtension>
        </extensions>
      </trkpt>
      <trkpt lat="35.75696482323110103607177734375" lon="139.53524437732994556427001953125">
        <ele>43.40000152587890625</ele>
        <time>2026-08-25T09:33:22.000Z</time>
        <extensions>
          <ns3:TrackPointExtension>
            <ns3:hr>147</ns3:hr>
            <ns3:cad>81</ns3:cad>
          </ns3:TrackPointExtension>
        </extensions>
      </trkpt>
      <trkpt lat="35.7569550164043903350830078125" lon="139.53522442840039730072021484375">
        <ele>43.40000152587890625</ele>
        <time>2026-08-25T09:33:23.000Z</time>
        <extensions>
          <ns3:TrackPointExtension>
            <ns3:hr>146</ns3:hr>
            <ns3:cad>80</ns3:cad>
          </ns3:TrackPointExtension>
        </extensions>
      </trkpt>
      <trkpt lat="35.7569466345012187957763671875" lon="139.5351995341479778289794921875">
        <ele>43.40000152587890625</ele>
        <time>2026-08-25T09:33:24.000Z</time>
        <extensions>
          <ns3:TrackPointExtension>
            <ns3:hr>146</ns3:hr>
            <ns3:cad>80</ns3:cad>
          </ns3:TrackPointExtension>
        </extensions>
      </trkpt>
      <trkpt lat="35.75693800114095211029052734375" lon="139.535178579390048980712890625">
        <ele>43.40000152587890625</ele>
        <time>2026-08-25T09:33:25.000Z</time>
        <extensions>
          <ns3:TrackPointExtension>
            <ns3:hr>146</ns3:hr>
            <ns3:cad>81</ns3:cad>
          </ns3:TrackPointExtension>
        </extensions>
      </trkpt>
      <trkpt lat="35.756927691400051116943359375" lon="139.535156786441802978515625">
        <ele>43.40000152587890625</ele>
        <time>2026-08-25T09:33:26.000Z</time>
        <extensions>
          <ns3:TrackPointExtension>
            <ns3:hr>145</ns3:hr>
            <ns3:cad>82</ns3:cad>
          </ns3:TrackPointExtension>
        </extensions>
      </trkpt>
      <trkpt lat="35.75692375190556049346923828125" lon="139.5351366698741912841796875">
        <ele>43.40000152587890625</ele>
        <time>2026-08-25T09:33:27.000Z</time>
        <extensions>
          <ns3:TrackPointExtension>
            <ns3:hr>145</ns3:hr>
            <ns3:cad>83</ns3:cad>
          </ns3:TrackPointExtension>
        </extensions>
      </trkpt>
      <trkpt lat="35.75691662728786468505859375" lon="139.5351153798401355743408203125">
        <ele>43.40000152587890625</ele>
        <time>2026-08-25T09:33:28.000Z</time>
        <extensions>
          <ns3:TrackPointExtension>
            <ns3:hr>144</ns3:hr>
            <ns3:cad>83</ns3:cad>
          </ns3:TrackPointExtension>
        </extensions>
      </trkpt>
      <trkpt lat="35.7569097541272640228271484375" lon="139.53508931212127208709716796875">
        <ele>43.40000152587890625</ele>
        <time>2026-08-25T09:33:29.000Z</time>
        <extensions>
          <ns3:TrackPointExtension>
            <ns3:hr>144</ns3:hr>
            <ns3:cad>83</ns3:cad>
          </ns3:TrackPointExtension>
        </extensions>
      </trkpt>
      <trkpt lat="35.75690330006182193756103515625" lon="139.53506768681108951568603515625">
        <ele>43.40000152587890625</ele>
        <time>2026-08-25T09:33:30.000Z</time>
        <extensions>
          <ns3:TrackPointExtension>
            <ns3:hr>143</ns3:hr>
            <ns3:cad>83</ns3:cad>
          </ns3:TrackPointExtension>
        </extensions>
      </trkpt>
      <trkpt lat="35.7568943314254283905029296875" lon="139.53505008481442928314208984375">
        <ele>43.40000152587890625</ele>
        <time>2026-08-25T09:33:31.000Z</time>
        <extensions>
          <ns3:TrackPointExtension>
            <ns3:hr>143</ns3:hr>
            <ns3:cad>82</ns3:cad>
          </ns3:TrackPointExtension>
        </extensions>
      </trkpt>
      <trkpt lat="35.75688100419938564300537109375" lon="139.53503935597836971282958984375">
        <ele>43.59999847412109375</ele>
        <time>2026-08-25T09:33:32.000Z</time>
        <extensions>
          <ns3:TrackPointExtension>
            <ns3:hr>141</ns3:hr>
            <ns3:cad>81</ns3:cad>
          </ns3:TrackPointExtension>
        </extensions>
      </trkpt>
      <trkpt lat="35.75686725787818431854248046875" lon="139.5350255258381366729736328125">
        <ele>43.799999237060546875</ele>
        <time>2026-08-25T09:33:33.000Z</time>
        <extensions>
          <ns3:TrackPointExtension>
            <ns3:hr>141</ns3:hr>
            <ns3:cad>81</ns3:cad>
          </ns3:TrackPointExtension>
        </extensions>
      </trkpt>
      <trkpt lat="35.7568577863276004791259765625" lon="139.53500716947019100189208984375">
        <ele>44</ele>
        <time>2026-08-25T09:33:34.000Z</time>
        <extensions>
          <ns3:TrackPointExtension>
            <ns3:hr>140</ns3:hr>
            <ns3:cad>81</ns3:cad>
          </ns3:TrackPointExtension>
        </extensions>
      </trkpt>
      <trkpt lat="35.75685032643377780914306640625" lon="139.53498688526451587677001953125">
        <ele>44</ele>
        <time>2026-08-25T09:33:35.000Z</time>
        <extensions>
          <ns3:TrackPointExtension>
            <ns3:hr>140</ns3:hr>
            <ns3:cad>81</ns3:cad>
          </ns3:TrackPointExtension>
        </extensions>
      </trkpt>
      <trkpt lat="35.7568453811109066009521484375" lon="139.5349685288965702056884765625">
        <ele>44</ele>
        <time>2026-08-25T09:33:36.000Z</time>
        <extensions>
          <ns3:TrackPointExtension>
            <ns3:hr>140</ns3:hr>
            <ns3:cad>81</ns3:cad>
          </ns3:TrackPointExtension>
        </extensions>
      </trkpt>
      <trkpt lat="35.7568395137786865234375" lon="139.53495168127119541168212890625">
        <ele>44</ele>
        <time>2026-08-25T09:33:37.000Z</time>
        <extensions>
          <ns3:TrackPointExtension>
            <ns3:hr>140</ns3:hr>
            <ns3:cad>80</ns3:cad>
          </ns3:TrackPointExtension>
        </extensions>
      </trkpt>
      <trkpt lat="35.756827779114246368408203125" lon="139.53493215143680572509765625">
        <ele>44.200000762939453125</ele>
        <time>2026-08-25T09:33:38.000Z</time>
        <extensions>
          <ns3:TrackPointExtension>
            <ns3:hr>140</ns3:hr>
            <ns3:cad>80</ns3:cad>
          </ns3:TrackPointExtension>
        </extensions>
      </trkpt>
      <trkpt lat="35.756815709173679351806640625" lon="139.5349162258207798004150390625">
        <ele>44.200000762939453125</ele>
        <time>2026-08-25T09:33:39.000Z</time>
        <extensions>
          <ns3:TrackPointExtension>
            <ns3:hr>140</ns3:hr>
            <ns3:cad>79</ns3:cad>
          </ns3:TrackPointExtension>
        </extensions>
      </trkpt>
      <trkpt lat="35.75680405832827091217041015625" lon="139.53489317558705806732177734375">
        <ele>44.40000152587890625</ele>
        <time>2026-08-25T09:33:40.000Z</time>
        <extensions>
          <ns3:TrackPointExtension>
            <ns3:hr>140</ns3:hr>
            <ns3:cad>79</ns3:cad>
          </ns3:TrackPointExtension>
        </extensions>
      </trkpt>
      <trkpt lat="35.75679383240640163421630859375" lon="139.53487289138138294219970703125">
        <ele>44.59999847412109375</ele>
        <time>2026-08-25T09:33:41.000Z</time>
        <extensions>
          <ns3:TrackPointExtension>
            <ns3:hr>140</ns3:hr>
            <ns3:cad>79</ns3:cad>
          </ns3:TrackPointExtension>
        </extensions>
      </trkpt>
      <trkpt lat="35.756784193217754364013671875" lon="139.53484573401510715484619140625">
        <ele>44.59999847412109375</ele>
        <time>2026-08-25T09:33:42.000Z</time>
        <extensions>
          <ns3:TrackPointExtension>
            <ns3:hr>140</ns3:hr>
            <ns3:cad>82</ns3:cad>
          </ns3:TrackPointExtension>
        </extensions>
      </trkpt>
      <trkpt lat="35.75677539221942424774169921875" lon="139.534821175038814544677734375">
        <ele>44.799999237060546875</ele>
        <time>2026-08-25T09:33:43.000Z</time>
        <extensions>
          <ns3:TrackPointExtension>
            <ns3:hr>140</ns3:hr>
            <ns3:cad>85</ns3:cad>
          </ns3:TrackPointExtension>
        </extensions>
      </trkpt>
      <trkpt lat="35.75676617212593555450439453125" lon="139.53479661606252193450927734375">
        <ele>44.799999237060546875</ele>
        <time>2026-08-25T09:33:44.000Z</time>
        <extensions>
          <ns3:TrackPointExtension>
            <ns3:hr>141</ns3:hr>
            <ns3:cad>85</ns3:cad>
          </ns3:TrackPointExtension>
        </extensions>
      </trkpt>
      <trkpt lat="35.7567575387656688690185546875" lon="139.5347678661346435546875">
        <ele>45</ele>
        <time>2026-08-25T09:33:45.000Z</time>
        <extensions>
          <ns3:TrackPointExtension>
            <ns3:hr>142</ns3:hr>
            <ns3:cad>86</ns3:cad>
          </ns3:TrackPointExtension>
        </extensions>
      </trkpt>
      <trkpt lat="35.75674789957702159881591796875" lon="139.5347423851490020751953125">
        <ele>45</ele>
        <time>2026-08-25T09:33:46.000Z</time>
        <extensions>
          <ns3:TrackPointExtension>
            <ns3:hr>143</ns3:hr>
            <ns3:cad>85</ns3:cad>
          </ns3:TrackPointExtension>
        </extensions>
      </trkpt>
      <trkpt lat="35.756740272045135498046875" lon="139.53471816144883632659912109375">
        <ele>45.200000762939453125</ele>
        <time>2026-08-25T09:33:47.000Z</time>
        <extensions>
          <ns3:TrackPointExtension>
            <ns3:hr>144</ns3:hr>
            <ns3:cad>84</ns3:cad>
          </ns3:TrackPointExtension>
        </extensions>
      </trkpt>
      <trkpt lat="35.7567377574741840362548828125" lon="139.53468815423548221588134765625">
        <ele>45.200000762939453125</ele>
        <time>2026-08-25T09:33:48.000Z</time>
        <extensions>
          <ns3:TrackPointExtension>
            <ns3:hr>144</ns3:hr>
            <ns3:cad>82</ns3:cad>
          </ns3:TrackPointExtension>
        </extensions>
      </trkpt>
      <trkpt lat="35.75673155486583709716796875" lon="139.53466652892529964447021484375">
        <ele>45.200000762939453125</ele>
        <time>2026-08-25T09:33:49.000Z</time>
        <extensions>
          <ns3:TrackPointExtension>
            <ns3:hr>145</ns3:hr>
            <ns3:cad>82</ns3:cad>
          </ns3:TrackPointExtension>
        </extensions>
      </trkpt>
      <trkpt lat="35.75672526843845844268798828125" lon="139.53464247286319732666015625">
        <ele>45.200000762939453125</ele>
        <time>2026-08-25T09:33:50.000Z</time>
        <extensions>
          <ns3:TrackPointExtension>
            <ns3:hr>146</ns3:hr>
            <ns3:cad>83</ns3:cad>
          </ns3:TrackPointExtension>
        </extensions>
      </trkpt>
      <trkpt lat="35.7567166350781917572021484375" lon="139.53461833298206329345703125">
        <ele>45</ele>
        <time>2026-08-25T09:33:51.000Z</time>
        <extensions>
          <ns3:TrackPointExtension>
            <ns3:hr>147</ns3:hr>
            <ns3:cad>83</ns3:cad>
          </ns3:TrackPointExtension>
        </extensions>
      </trkpt>
      <trkpt lat="35.75670741498470306396484375" lon="139.5345946960151195526123046875">
        <ele>45</ele>
        <time>2026-08-25T09:33:52.000Z</time>
        <extensions>
          <ns3:TrackPointExtension>
            <ns3:hr>147</ns3:hr>
            <ns3:cad>83</ns3:cad>
          </ns3:TrackPointExtension>
        </extensions>
      </trkpt>
      <trkpt lat="35.75669710524380207061767578125" lon="139.5345718972384929656982421875">
        <ele>44.799999237060546875</ele>
        <time>2026-08-25T09:33:53.000Z</time>
        <extensions>
          <ns3:TrackPointExtension>
            <ns3:hr>147</ns3:hr>
            <ns3:cad>84</ns3:cad>
          </ns3:TrackPointExtension>
        </extensions>
      </trkpt>
      <trkpt lat="35.75668520294129848480224609375" lon="139.53454951755702495574951171875">
        <ele>44.799999237060546875</ele>
        <time>2026-08-25T09:33:54.000Z</time>
        <extensions>
          <ns3:TrackPointExtension>
            <ns3:hr>147</ns3:hr>
            <ns3:cad>84</ns3:cad>
          </ns3:TrackPointExtension>
        </extensions>
      </trkpt>
      <trkpt lat="35.7566733844578266143798828125" lon="139.53452738933265209197998046875">
        <ele>44.799999237060546875</ele>
        <time>2026-08-25T09:33:55.000Z</time>
        <extensions>
          <ns3:TrackPointExtension>
            <ns3:hr>147</ns3:hr>
            <ns3:cad>84</ns3:cad>
          </ns3:TrackPointExtension>
        </extensions>
      </trkpt>
      <trkpt lat="35.75666223652660846710205078125" lon="139.53450526110827922821044921875">
        <ele>44.799999237060546875</ele>
        <time>2026-08-25T09:33:56.000Z</time>
        <extensions>
          <ns3:TrackPointExtension>
            <ns3:hr>148</ns3:hr>
            <ns3:cad>85</ns3:cad>
          </ns3:TrackPointExtension>
        </extensions>
      </trkpt>
      <trkpt lat="35.75665117241442203521728515625" lon="139.53448363579809665679931640625">
        <ele>44.799999237060546875</ele>
        <time>2026-08-25T09:33:57.000Z</time>
        <extensions>
          <ns3:TrackPointExtension>
            <ns3:hr>148</ns3:hr>
            <ns3:cad>85</ns3:cad>
          </ns3:TrackPointExtension>
        </extensions>
      </trkpt>
      <trkpt lat="35.75664379633963108062744140625" lon="139.53445932827889919281005859375">
        <ele>44.799999237060546875</ele>
        <time>2026-08-25T09:33:58.000Z</time>
        <extensions>
          <ns3:TrackPointExtension>
            <ns3:hr>148</ns3:hr>
            <ns3:cad>85</ns3:cad>
          </ns3:TrackPointExtension>
        </extensions>
      </trkpt>
      <trkpt lat="35.75663507916033267974853515625" lon="139.5344411395490169525146484375">
        <ele>44.799999237060546875</ele>
        <time>2026-08-25T09:33:59.000Z</time>
        <extensions>
          <ns3:TrackPointExtension>
            <ns3:hr>149</ns3:hr>
            <ns3:cad>85</ns3:cad>
          </ns3:TrackPointExtension>
        </extensions>
      </trkpt>
      <trkpt lat="35.75662837363779544830322265625" lon="139.53441993333399295806884765625">
        <ele>44.799999237060546875</ele>
        <time>2026-08-25T09:34:00.000Z</time>
        <extensions>
          <ns3:TrackPointExtension>
            <ns3:hr>150</ns3:hr>
            <ns3:cad>85</ns3:cad>
          </ns3:TrackPointExtension>
        </extensions>
      </trkpt>
      <trkpt lat="35.75661890208721160888671875" lon="139.534400738775730133056640625">
        <ele>44.799999237060546875</ele>
        <time>2026-08-25T09:34:01.000Z</time>
        <extensions>
          <ns3:TrackPointExtension>
            <ns3:hr>150</ns3:hr>
            <ns3:cad>85</ns3:cad>
          </ns3:TrackPointExtension>
        </extensions>
      </trkpt>
      <trkpt lat="35.7566101849079132080078125" lon="139.534383304417133331298828125">
        <ele>44.799999237060546875</ele>
        <time>2026-08-25T09:34:02.000Z</time>
        <extensions>
          <ns3:TrackPointExtension>
            <ns3:hr>150</ns3:hr>
            <ns3:cad>85</ns3:cad>
          </ns3:TrackPointExtension>
        </extensions>
      </trkpt>
      <trkpt lat="35.75660238973796367645263671875" lon="139.53436343930661678314208984375">
        <ele>44.799999237060546875</ele>
        <time>2026-08-25T09:34:03.000Z</time>
        <extensions>
          <ns3:TrackPointExtension>
            <ns3:hr>151</ns3:hr>
            <ns3:cad>84</ns3:cad>
          </ns3:TrackPointExtension>
        </extensions>
      </trkpt>
      <trkpt lat="35.756593085825443267822265625" lon="139.5343459211289882659912109375">
        <ele>44.799999237060546875</ele>
        <time>2026-08-25T09:34:04.000Z</time>
        <extensions>
          <ns3:TrackPointExtension>
            <ns3:hr>151</ns3:hr>
            <ns3:cad>83</ns3:cad>
          </ns3:TrackPointExtension>
        </extensions>
      </trkpt>
      <trkpt lat="35.75658579356968402862548828125" lon="139.53432823531329631805419921875">
        <ele>44.799999237060546875</ele>
        <time>2026-08-25T09:34:05.000Z</time>
        <extensions>
          <ns3:TrackPointExtension>
            <ns3:hr>151</ns3:hr>
            <ns3:cad>82</ns3:cad>
          </ns3:TrackPointExtension>
        </extensions>
      </trkpt>
      <trkpt lat="35.7565805129706859588623046875" lon="139.53431256115436553955078125">
        <ele>44.799999237060546875</ele>
        <time>2026-08-25T09:34:06.000Z</time>
        <extensions>
          <ns3:TrackPointExtension>
            <ns3:hr>151</ns3:hr>
            <ns3:cad>81</ns3:cad>
          </ns3:TrackPointExtension>
        </extensions>
      </trkpt>
      <trkpt lat="35.75657196342945098876953125" lon="139.5342976413667201995849609375">
        <ele>44.799999237060546875</ele>
        <time>2026-08-25T09:34:07.000Z</time>
        <extensions>
          <ns3:TrackPointExtension>
            <ns3:hr>152</ns3:hr>
            <ns3:cad>81</ns3:cad>
          </ns3:TrackPointExtension>
        </extensions>
      </trkpt>
      <trkpt lat="35.75656601227819919586181640625" lon="139.53427811153233051300048828125">
        <ele>44.59999847412109375</ele>
        <time>2026-08-25T09:34:08.000Z</time>
        <extensions>
          <ns3:TrackPointExtension>
            <ns3:hr>152</ns3:hr>
            <ns3:cad>81</ns3:cad>
          </ns3:TrackPointExtension>
        </extensions>
      </trkpt>
      <trkpt lat="35.75655855238437652587890625" lon="139.53425891697406768798828125">
        <ele>44.59999847412109375</ele>
        <time>2026-08-25T09:34:09.000Z</time>
        <extensions>
          <ns3:TrackPointExtension>
            <ns3:hr>153</ns3:hr>
            <ns3:cad>81</ns3:cad>
          </ns3:TrackPointExtension>
        </extensions>
      </trkpt>
      <trkpt lat="35.75655042193830013275146484375" lon="139.534240476787090301513671875">
        <ele>44.59999847412109375</ele>
        <time>2026-08-25T09:34:10.000Z</time>
        <extensions>
          <ns3:TrackPointExtension>
            <ns3:hr>153</ns3:hr>
            <ns3:cad>80</ns3:cad>
          </ns3:TrackPointExtension>
        </extensions>
      </trkpt>
      <trkpt lat="35.75654187239706516265869140625" lon="139.53422144986689090728759765625">
        <ele>44.59999847412109375</ele>
        <time>2026-08-25T09:34:11.000Z</time>
        <extensions>
          <ns3:TrackPointExtension>
            <ns3:hr>152</ns3:hr>
            <ns3:cad>80</ns3:cad>
          </ns3:TrackPointExtension>
        </extensions>
      </trkpt>
      <trkpt lat="35.7565312273800373077392578125" lon="139.53420393168926239013671875">
        <ele>44.59999847412109375</ele>
        <time>2026-08-25T09:34:12.000Z</time>
        <extensions>
          <ns3:TrackPointExtension>
            <ns3:hr>152</ns3:hr>
            <ns3:cad>80</ns3:cad>
          </ns3:TrackPointExtension>
        </extensions>
      </trkpt>
      <trkpt lat="35.756526701152324676513671875" lon="139.53418976627290248870849609375">
        <ele>44.59999847412109375</ele>
        <time>2026-08-25T09:34:13.000Z</time>
        <extensions>
          <ns3:TrackPointExtension>
            <ns3:hr>152</ns3:hr>
            <ns3:cad>80</ns3:cad>
          </ns3:TrackPointExtension>
        </extensions>
      </trkpt>
      <trkpt lat="35.756518654525279998779296875" lon="139.53417618758976459503173828125">
        <ele>44.59999847412109375</ele>
        <time>2026-08-25T09:34:14.000Z</time>
        <extensions>
          <ns3:TrackPointExtension>
            <ns3:hr>152</ns3:hr>
            <ns3:cad>80</ns3:cad>
          </ns3:TrackPointExtension>
        </extensions>
      </trkpt>
      <trkpt lat="35.75651035644114017486572265625" lon="139.53416277654469013214111328125">
        <ele>44.59999847412109375</ele>
        <time>2026-08-25T09:34:15.000Z</time>
        <extensions>
          <ns3:TrackPointExtension>
            <ns3:hr>152</ns3:hr>
            <ns3:cad>80</ns3:cad>
          </ns3:TrackPointExtension>
        </extensions>
      </trkpt>
      <trkpt lat="35.75649862177670001983642578125" lon="139.53414986841380596160888671875">
        <ele>44.59999847412109375</ele>
        <time>2026-08-25T09:34:16.000Z</time>
        <extensions>
          <ns3:TrackPointExtension>
            <ns3:hr>153</ns3:hr>
            <ns3:cad>79</ns3:cad>
          </ns3:TrackPointExtension>
        </extensions>
      </trkpt>
      <trkpt lat="35.7564909942448139190673828125" lon="139.53413427807390689849853515625">
        <ele>44.59999847412109375</ele>
        <time>2026-08-25T09:34:17.000Z</time>
        <extensions>
          <ns3:TrackPointExtension>
            <ns3:hr>153</ns3:hr>
            <ns3:cad>79</ns3:cad>
          </ns3:TrackPointExtension>
        </extensions>
      </trkpt>
      <trkpt lat="35.756481774151325225830078125" lon="139.5341165922582149505615234375">
        <ele>44.59999847412109375</ele>
        <time>2026-08-25T09:34:18.000Z</time>
        <extensions>
          <ns3:TrackPointExtension>
            <ns3:hr>153</ns3:hr>
            <ns3:cad>79</ns3:cad>
          </ns3:TrackPointExtension>
        </extensions>
      </trkpt>
      <trkpt lat="35.7564749009907245635986328125" lon="139.53409739769995212554931640625">
        <ele>44.59999847412109375</ele>
        <time>2026-08-25T09:34:19.000Z</time>
        <extensions>
          <ns3:TrackPointExtension>
            <ns3:hr>153</ns3:hr>
            <ns3:cad>79</ns3:cad>
          </ns3:TrackPointExtension>
        </extensions>
      </trkpt>
      <trkpt lat="35.756469033658504486083984375" lon="139.5340800471603870391845703125">
        <ele>44.59999847412109375</ele>
        <time>2026-08-25T09:34:20.000Z</time>
        <extensions>
          <ns3:TrackPointExtension>
            <ns3:hr>153</ns3:hr>
            <ns3:cad>79</ns3:cad>
          </ns3:TrackPointExtension>
        </extensions>
      </trkpt>
      <trkpt lat="35.75646190904080867767333984375" lon="139.53406671993434429168701171875">
        <ele>44.799999237060546875</ele>
        <time>2026-08-25T09:34:21.000Z</time>
        <extensions>
          <ns3:TrackPointExtension>
            <ns3:hr>153</ns3:hr>
            <ns3:cad>79</ns3:cad>
          </ns3:TrackPointExtension>
        </extensions>
      </trkpt>
      <trkpt lat="35.7564551196992397308349609375" lon="139.53404626809060573577880859375">
        <ele>44.799999237060546875</ele>
        <time>2026-08-25T09:34:22.000Z</time>
        <extensions>
          <ns3:TrackPointExtension>
            <ns3:hr>153</ns3:hr>
            <ns3:cad>79</ns3:cad>
          </ns3:TrackPointExtension>
        </extensions>
      </trkpt>
      <trkpt lat="35.7564504258334636688232421875" lon="139.53402866609394550323486328125">
        <ele>44.799999237060546875</ele>
        <time>2026-08-25T09:34:23.000Z</time>
        <extensions>
          <ns3:TrackPointExtension>
            <ns3:hr>153</ns3:hr>
            <ns3:cad>79</ns3:cad>
          </ns3:TrackPointExtension>
        </extensions>
      </trkpt>
      <trkpt lat="35.7564412057399749755859375" lon="139.53401341103017330169677734375">
        <ele>44.799999237060546875</ele>
        <time>2026-08-25T09:34:24.000Z</time>
        <extensions>
          <ns3:TrackPointExtension>
            <ns3:hr>153</ns3:hr>
            <ns3:cad>79</ns3:cad>
          </ns3:TrackPointExtension>
        </extensions>
      </trkpt>
      <trkpt lat="35.756428129971027374267578125" lon="139.5340020954608917236328125">
        <ele>44.799999237060546875</ele>
        <time>2026-08-25T09:34:25.000Z</time>
        <extensions>
          <ns3:TrackPointExtension>
            <ns3:hr>153</ns3:hr>
            <ns3:cad>79</ns3:cad>
          </ns3:TrackPointExtension>
        </extensions>
      </trkpt>
      <trkpt lat="35.75642033480107784271240234375" lon="139.5339888520538806915283203125">
        <ele>44.799999237060546875</ele>
        <time>2026-08-25T09:34:26.000Z</time>
        <extensions>
          <ns3:TrackPointExtension>
            <ns3:hr>153</ns3:hr>
            <ns3:cad>79</ns3:cad>
          </ns3:TrackPointExtension>
        </extensions>
      </trkpt>
      <trkpt lat="35.7564135454595088958740234375" lon="139.5339751057326793670654296875">
        <ele>44.799999237060546875</ele>
        <time>2026-08-25T09:34:27.000Z</time>
        <extensions>
          <ns3:TrackPointExtension>
            <ns3:hr>153</ns3:hr>
            <ns3:cad>79</ns3:cad>
          </ns3:TrackPointExtension>
        </extensions>
      </trkpt>
      <trkpt lat="35.7564095221459865570068359375" lon="139.53396010212600231170654296875">
        <ele>44.799999237060546875</ele>
        <time>2026-08-25T09:34:28.000Z</time>
        <extensions>
          <ns3:TrackPointExtension>
            <ns3:hr>153</ns3:hr>
            <ns3:cad>80</ns3:cad>
          </ns3:TrackPointExtension>
        </extensions>
      </trkpt>
      <trkpt lat="35.75639820657670497894287109375" lon="139.533942751586437225341796875">
        <ele>44.799999237060546875</ele>
        <time>2026-08-25T09:34:29.000Z</time>
        <extensions>
          <ns3:TrackPointExtension>
            <ns3:hr>153</ns3:hr>
            <ns3:cad>80</ns3:cad>
          </ns3:TrackPointExtension>
        </extensions>
      </trkpt>
      <trkpt lat="35.75638764537870883941650390625" lon="139.5339264906942844390869140625">
        <ele>44.799999237060546875</ele>
        <time>2026-08-25T09:34:30.000Z</time>
        <extensions>
          <ns3:TrackPointExtension>
            <ns3:hr>152</ns3:hr>
            <ns3:cad>79</ns3:cad>
          </ns3:TrackPointExtension>
        </extensions>
      </trkpt>
      <trkpt lat="35.7563790120184421539306640625" lon="139.53391182236373424530029296875">
        <ele>44.799999237060546875</ele>
        <time>2026-08-25T09:34:31.000Z</time>
        <extensions>
          <ns3:TrackPointExtension>
            <ns3:hr>152</ns3:hr>
            <ns3:cad>79</ns3:cad>
          </ns3:TrackPointExtension>
        </extensions>
      </trkpt>
      <trkpt lat="35.75637104921042919158935546875" lon="139.5338956452906131744384765625">
        <ele>44.799999237060546875</ele>
        <time>2026-08-25T09:34:32.000Z</time>
        <extensions>
          <ns3:TrackPointExtension>
            <ns3:hr>151</ns3:hr>
            <ns3:cad>79</ns3:cad>
          </ns3:TrackPointExtension>
        </extensions>
      </trkpt>
      <trkpt lat="35.756364762783050537109375" lon="139.5338718406856060028076171875">
        <ele>44.799999237060546875</ele>
        <time>2026-08-25T09:34:33.000Z</time>
        <extensions>
          <ns3:TrackPointExtension>
            <ns3:hr>150</ns3:hr>
            <ns3:cad>79</ns3:cad>
          </ns3:TrackPointExtension>
        </extensions>
      </trkpt>
      <trkpt lat="35.75635562650859355926513671875" lon="139.53384719789028167724609375">
        <ele>44.799999237060546875</ele>
        <time>2026-08-25T09:34:34.000Z</time>
        <extensions>
          <ns3:TrackPointExtension>
            <ns3:hr>150</ns3:hr>
            <ns3:cad>79</ns3:cad>
          </ns3:TrackPointExtension>
        </extensions>
      </trkpt>
      <trkpt lat="35.7563511840999126434326171875" lon="139.53382632695138454437255859375">
        <ele>44.799999237060546875</ele>
        <time>2026-08-25T09:34:35.000Z</time>
        <extensions>
          <ns3:TrackPointExtension>
            <ns3:hr>150</ns3:hr>
            <ns3:cad>79</ns3:cad>
          </ns3:TrackPointExtension>
        </extensions>
      </trkpt>
      <trkpt lat="35.7563474960625171661376953125" lon="139.533803947269916534423828125">
        <ele>44.799999237060546875</ele>
        <time>2026-08-25T09:34:36.000Z</time>
        <extensions>
          <ns3:TrackPointExtension>
            <ns3:hr>149</ns3:hr>
            <ns3:cad>80</ns3:cad>
          </ns3:TrackPointExtension>
        </extensions>
      </trkpt>
      <trkpt lat="35.7563374377787113189697265625" lon="139.5337829925119876861572265625">
        <ele>44.799999237060546875</ele>
        <time>2026-08-25T09:34:37.000Z</time>
        <extensions>
          <ns3:TrackPointExtension>
            <ns3:hr>149</ns3:hr>
            <ns3:cad>81</ns3:cad>
          </ns3:TrackPointExtension>
        </extensions>
      </trkpt>
      <trkpt lat="35.756333582103252410888671875" lon="139.53376530669629573822021484375">
        <ele>45</ele>
        <time>2026-08-25T09:34:38.000Z</time>
        <extensions>
          <ns3:TrackPointExtension>
            <ns3:hr>148</ns3:hr>
            <ns3:cad>81</ns3:cad>
          </ns3:TrackPointExtension>
        </extensions>
      </trkpt>
      <trkpt lat="35.756328888237476348876953125" lon="139.5337457768619060516357421875">
        <ele>45</ele>
        <time>2026-08-25T09:34:39.000Z</time>
        <extensions>
          <ns3:TrackPointExtension>
            <ns3:hr>147</ns3:hr>
            <ns3:cad>81</ns3:cad>
          </ns3:TrackPointExtension>
        </extensions>
      </trkpt>
      <trkpt lat="35.756320171058177947998046875" lon="139.53372490592300891876220703125">
        <ele>45.200000762939453125</ele>
        <time>2026-08-25T09:34:40.000Z</time>
        <extensions>
          <ns3:TrackPointExtension>
            <ns3:hr>147</ns3:hr>
            <ns3:cad>80</ns3:cad>
          </ns3:TrackPointExtension>
        </extensions>
      </trkpt>
      <trkpt lat="35.7563097774982452392578125" lon="139.53370830975472927093505859375">
        <ele>45.200000762939453125</ele>
        <time>2026-08-25T09:34:41.000Z</time>
        <extensions>
          <ns3:TrackPointExtension>
            <ns3:hr>147</ns3:hr>
            <ns3:cad>80</ns3:cad>
          </ns3:TrackPointExtension>
        </extensions>
      </trkpt>
      <trkpt lat="35.75629695318639278411865234375" lon="139.53368903137743473052978515625">
        <ele>45.40000152587890625</ele>
        <time>2026-08-25T09:34:42.000Z</time>
        <extensions>
          <ns3:TrackPointExtension>
            <ns3:hr>148</ns3:hr>
            <ns3:cad>80</ns3:cad>
          </ns3:TrackPointExtension>
        </extensions>
      </trkpt>
      <trkpt lat="35.75628488324582576751708984375" lon="139.533665478229522705078125">
        <ele>45.40000152587890625</ele>
        <time>2026-08-25T09:34:43.000Z</time>
        <extensions>
          <ns3:TrackPointExtension>
            <ns3:hr>148</ns3:hr>
            <ns3:cad>79</ns3:cad>
          </ns3:TrackPointExtension>
        </extensions>
      </trkpt>
      <trkpt lat="35.756279937922954559326171875" lon="139.53364871442317962646484375">
        <ele>45.40000152587890625</ele>
        <time>2026-08-25T09:34:44.000Z</time>
        <extensions>
          <ns3:TrackPointExtension>
            <ns3:hr>148</ns3:hr>
            <ns3:cad>79</ns3:cad>
          </ns3:TrackPointExtension>
        </extensions>
      </trkpt>
      <trkpt lat="35.75627264566719532012939453125" lon="139.53363153152167797088623046875">
        <ele>45.59999847412109375</ele>
        <time>2026-08-25T09:34:45.000Z</time>
        <extensions>
          <ns3:TrackPointExtension>
            <ns3:hr>148</ns3:hr>
            <ns3:cad>79</ns3:cad>
          </ns3:TrackPointExtension>
        </extensions>
      </trkpt>
      <trkpt lat="35.75625856406986713409423828125" lon="139.533610157668590545654296875">
        <ele>45.59999847412109375</ele>
        <time>2026-08-25T09:34:46.000Z</time>
        <extensions>
          <ns3:TrackPointExtension>
            <ns3:hr>148</ns3:hr>
            <ns3:cad>80</ns3:cad>
          </ns3:TrackPointExtension>
        </extensions>
      </trkpt>
      <trkpt lat="35.75624565593898296356201171875" lon="139.5335888676345348358154296875">
        <ele>45.59999847412109375</ele>
        <time>2026-08-25T09:34:47.000Z</time>
        <extensions>
          <ns3:TrackPointExtension>
            <ns3:hr>148</ns3:hr>
            <ns3:cad>80</ns3:cad>
          </ns3:TrackPointExtension>
        </extensions>
      </trkpt>
      <trkpt lat="35.7562324963510036468505859375" lon="139.53357302583754062652587890625">
        <ele>45.59999847412109375</ele>
        <time>2026-08-25T09:34:48.000Z</time>
        <extensions>
          <ns3:TrackPointExtension>
            <ns3:hr>148</ns3:hr>
            <ns3:cad>80</ns3:cad>
          </ns3:TrackPointExtension>
        </extensions>
      </trkpt>
      <trkpt lat="35.75622252188622951507568359375" lon="139.533557854592800140380859375">
        <ele>45.59999847412109375</ele>
        <time>2026-08-25T09:34:49.000Z</time>
        <extensions>
          <ns3:TrackPointExtension>
            <ns3:hr>148</ns3:hr>
            <ns3:cad>80</ns3:cad>
          </ns3:TrackPointExtension>
        </extensions>
      </trkpt>
      <trkpt lat="35.75620911084115505218505859375" lon="139.53354142606258392333984375">
        <ele>45.40000152587890625</ele>
        <time>2026-08-25T09:34:50.000Z</time>
        <extensions>
          <ns3:TrackPointExtension>
            <ns3:hr>148</ns3:hr>
            <ns3:cad>80</ns3:cad>
          </ns3:TrackPointExtension>
        </extensions>
      </trkpt>
      <trkpt lat="35.75618849135935306549072265625" lon="139.53352491371333599090576171875">
        <ele>45</ele>
        <time>2026-08-25T09:34:51.000Z</time>
        <extensions>
          <ns3:TrackPointExtension>
            <ns3:hr>148</ns3:hr>
            <ns3:cad>80</ns3:cad>
          </ns3:TrackPointExtension>
        </extensions>
      </trkpt>
      <trkpt lat="35.75617373920977115631103515625" lon="139.533500187098979949951171875">
        <ele>45</ele>
        <time>2026-08-25T09:34:52.000Z</time>
        <extensions>
          <ns3:TrackPointExtension>
            <ns3:hr>148</ns3:hr>
            <ns3:cad>81</ns3:cad>
          </ns3:TrackPointExtension>
        </extensions>
      </trkpt>
      <trkpt lat="35.756162591278553009033203125" lon="139.53347864560782909393310546875">
        <ele>45</ele>
        <time>2026-08-25T09:34:53.000Z</time>
        <extensions>
          <ns3:TrackPointExtension>
            <ns3:hr>148</ns3:hr>
            <ns3:cad>81</ns3:cad>
          </ns3:TrackPointExtension>
        </extensions>
      </trkpt>
      <trkpt lat="35.75615948997437953948974609375" lon="139.5334602892398834228515625">
        <ele>45</ele>
        <time>2026-08-25T09:34:54.000Z</time>
        <extensions>
          <ns3:TrackPointExtension>
            <ns3:hr>148</ns3:hr>
            <ns3:cad>81</ns3:cad>
          </ns3:TrackPointExtension>
        </extensions>
      </trkpt>
      <trkpt lat="35.75615362264215946197509765625" lon="139.53344360925257205963134765625">
        <ele>45</ele>
        <time>2026-08-25T09:34:55.000Z</time>
        <extensions>
          <ns3:TrackPointExtension>
            <ns3:hr>148</ns3:hr>
            <ns3:cad>81</ns3:cad>
          </ns3:TrackPointExtension>
        </extensions>
      </trkpt>
      <trkpt lat="35.75615211389958858489990234375" lon="139.53342785127460956573486328125">
        <ele>45</ele>
        <time>2026-08-25T09:34:56.000Z</time>
        <extensions>
          <ns3:TrackPointExtension>
            <ns3:hr>149</ns3:hr>
            <ns3:cad>81</ns3:cad>
          </ns3:TrackPointExtension>
        </extensions>
      </trkpt>
      <trkpt lat="35.75615043751895427703857421875" lon="139.53341142274439334869384765625">
        <ele>45</ele>
        <time>2026-08-25T09:34:57.000Z</time>
        <extensions>
          <ns3:TrackPointExtension>
            <ns3:hr>149</ns3:hr>
            <ns3:cad>81</ns3:cad>
          </ns3:TrackPointExtension>
        </extensions>
      </trkpt>
      <trkpt lat="35.756145827472209930419921875" lon="139.53339390456676483154296875">
        <ele>45</ele>
        <time>2026-08-25T09:34:58.000Z</time>
        <extensions>
          <ns3:TrackPointExtension>
            <ns3:hr>149</ns3:hr>
            <ns3:cad>81</ns3:cad>
          </ns3:TrackPointExtension>
        </extensions>
      </trkpt>
      <trkpt lat="35.756139121949672698974609375" lon="139.53337571583688259124755859375">
        <ele>45</ele>
        <time>2026-08-25T09:34:59.000Z</time>
        <extensions>
          <ns3:TrackPointExtension>
            <ns3:hr>149</ns3:hr>
            <ns3:cad>81</ns3:cad>
          </ns3:TrackPointExtension>
        </extensions>
      </trkpt>
      <trkpt lat="35.756134092807769775390625" lon="139.5333578623831272125244140625">
        <ele>45</ele>
        <time>2026-08-25T09:35:00.000Z</time>
        <extensions>
          <ns3:TrackPointExtension>
            <ns3:hr>149</ns3:hr>
            <ns3:cad>81</ns3:cad>
          </ns3:TrackPointExtension>
        </extensions>
      </trkpt>
      <trkpt lat="35.756125710904598236083984375" lon="139.53334168531000614166259765625">
        <ele>45</ele>
        <time>2026-08-25T09:35:01.000Z</time>
        <extensions>
          <ns3:TrackPointExtension>
            <ns3:hr>150</ns3:hr>
            <ns3:cad>81</ns3:cad>
          </ns3:TrackPointExtension>
        </extensions>
      </trkpt>
      <trkpt lat="35.75611724518239498138427734375" lon="139.5333246700465679168701171875">
        <ele>45</ele>
        <time>2026-08-25T09:35:02.000Z</time>
        <extensions>
          <ns3:TrackPointExtension>
            <ns3:hr>150</ns3:hr>
            <ns3:cad>81</ns3:cad>
          </ns3:TrackPointExtension>
        </extensions>
      </trkpt>
      <trkpt lat="35.75611104257404804229736328125" lon="139.5333082415163516998291015625">
        <ele>45</ele>
        <time>2026-08-25T09:35:03.000Z</time>
        <extensions>
          <ns3:TrackPointExtension>
            <ns3:hr>149</ns3:hr>
            <ns3:cad>81</ns3:cad>
          </ns3:TrackPointExtension>
        </extensions>
      </trkpt>
      <trkpt lat="35.75610567815601825714111328125" lon="139.533292986452579498291015625">
        <ele>45</ele>
        <time>2026-08-25T09:35:04.000Z</time>
        <extensions>
          <ns3:TrackPointExtension>
            <ns3:hr>150</ns3:hr>
            <ns3:cad>80</ns3:cad>
          </ns3:TrackPointExtension>
        </extensions>
      </trkpt>
      <trkpt lat="35.756096541881561279296875" lon="139.5332777313888072967529296875">
        <ele>45.200000762939453125</ele>
        <time>2026-08-25T09:35:05.000Z</time>
        <extensions>
          <ns3:TrackPointExtension>
            <ns3:hr>150</ns3:hr>
            <ns3:cad>80</ns3:cad>
          </ns3:TrackPointExtension>
        </extensions>
      </trkpt>
      <trkpt lat="35.75608924962580204010009765625" lon="139.533260799944400787353515625">
        <ele>45.200000762939453125</ele>
        <time>2026-08-25T09:35:06.000Z</time>
        <extensions>
          <ns3:TrackPointExtension>
            <ns3:hr>150</ns3:hr>
            <ns3:cad>80</ns3:cad>
          </ns3:TrackPointExtension>
        </extensions>
      </trkpt>
      <trkpt lat="35.75608036480844020843505859375" lon="139.5332478918135166168212890625">
        <ele>45.200000762939453125</ele>
        <time>2026-08-25T09:35:07.000Z</time>
        <extensions>
          <ns3:TrackPointExtension>
            <ns3:hr>150</ns3:hr>
            <ns3:cad>80</ns3:cad>
          </ns3:TrackPointExtension>
        </extensions>
      </trkpt>
      <trkpt lat="35.75607466511428356170654296875" lon="139.5332291163504123687744140625">
        <ele>45.200000762939453125</ele>
        <time>2026-08-25T09:35:08.000Z</time>
        <extensions>
          <ns3:TrackPointExtension>
            <ns3:hr>150</ns3:hr>
            <ns3:cad>78</ns3:cad>
          </ns3:TrackPointExtension>
        </extensions>
      </trkpt>
      <trkpt lat="35.75606712140142917633056640625" lon="139.5332076586782932281494140625">
        <ele>45.200000762939453125</ele>
        <time>2026-08-25T09:35:09.000Z</time>
        <extensions>
          <ns3:TrackPointExtension>
            <ns3:hr>149</ns3:hr>
            <ns3:cad>78</ns3:cad>
          </ns3:TrackPointExtension>
        </extensions>
      </trkpt>
      <trkpt lat="35.756055302917957305908203125" lon="139.53319072723388671875">
        <ele>45.200000762939453125</ele>
        <time>2026-08-25T09:35:10.000Z</time>
        <extensions>
          <ns3:TrackPointExtension>
            <ns3:hr>149</ns3:hr>
            <ns3:cad>78</ns3:cad>
          </ns3:TrackPointExtension>
        </extensions>
      </trkpt>
      <trkpt lat="35.7560457475483417510986328125" lon="139.5331759750843048095703125">
        <ele>45.200000762939453125</ele>
        <time>2026-08-25T09:35:11.000Z</time>
        <extensions>
          <ns3:TrackPointExtension>
            <ns3:hr>149</ns3:hr>
            <ns3:cad>78</ns3:cad>
          </ns3:TrackPointExtension>
        </extensions>
      </trkpt>
      <trkpt lat="35.7560383714735507965087890625" lon="139.53315761871635913848876953125">
        <ele>45.200000762939453125</ele>
        <time>2026-08-25T09:35:12.000Z</time>
        <extensions>
          <ns3:TrackPointExtension>
            <ns3:hr>149</ns3:hr>
            <ns3:cad>78</ns3:cad>
          </ns3:TrackPointExtension>
        </extensions>
      </trkpt>
      <trkpt lat="35.75603158213198184967041015625" lon="139.5331379212439060211181640625">
        <ele>45.200000762939453125</ele>
        <time>2026-08-25T09:35:13.000Z</time>
        <extensions>
          <ns3:TrackPointExtension>
            <ns3:hr>149</ns3:hr>
            <ns3:cad>79</ns3:cad>
          </ns3:TrackPointExtension>
        </extensions>
      </trkpt>
      <trkpt lat="35.75602437369525432586669921875" lon="139.5331161282956600189208984375">
        <ele>45.200000762939453125</ele>
        <time>2026-08-25T09:35:14.000Z</time>
        <extensions>
          <ns3:TrackPointExtension>
            <ns3:hr>149</ns3:hr>
            <ns3:cad>80</ns3:cad>
          </ns3:TrackPointExtension>
        </extensions>
      </trkpt>
      <trkpt lat="35.75601615943014621734619140625" lon="139.5330946706235408782958984375">
        <ele>45.200000762939453125</ele>
        <time>2026-08-25T09:35:15.000Z</time>
        <extensions>
          <ns3:TrackPointExtension>
            <ns3:hr>149</ns3:hr>
            <ns3:cad>80</ns3:cad>
          </ns3:TrackPointExtension>
        </extensions>
      </trkpt>
      <trkpt lat="35.7560112141072750091552734375" lon="139.53307740390300750732421875">
        <ele>45.200000762939453125</ele>
        <time>2026-08-25T09:35:16.000Z</time>
        <extensions>
          <ns3:TrackPointExtension>
            <ns3:hr>149</ns3:hr>
            <ns3:cad>81</ns3:cad>
          </ns3:TrackPointExtension>
        </extensions>
      </trkpt>
      <trkpt lat="35.75600626878440380096435546875" lon="139.53305887989699840545654296875">
        <ele>45.200000762939453125</ele>
        <time>2026-08-25T09:35:17.000Z</time>
        <extensions>
          <ns3:TrackPointExtension>
            <ns3:hr>149</ns3:hr>
            <ns3:cad>81</ns3:cad>
          </ns3:TrackPointExtension>
        </extensions>
      </trkpt>
      <trkpt lat="35.75600056909024715423583984375" lon="139.53304261900484561920166015625">
        <ele>45.200000762939453125</ele>
        <time>2026-08-25T09:35:18.000Z</time>
        <extensions>
          <ns3:TrackPointExtension>
            <ns3:hr>148</ns3:hr>
            <ns3:cad>81</ns3:cad>
          </ns3:TrackPointExtension>
        </extensions>
      </trkpt>
      <trkpt lat="35.75599394738674163818359375" lon="139.5330272801220417022705078125">
        <ele>45.200000762939453125</ele>
        <time>2026-08-25T09:35:19.000Z</time>
        <extensions>
          <ns3:TrackPointExtension>
            <ns3:hr>148</ns3:hr>
            <ns3:cad>81</ns3:cad>
          </ns3:TrackPointExtension>
        </extensions>
      </trkpt>
      <trkpt lat="35.75598782859742641448974609375" lon="139.5330085046589374542236328125">
        <ele>45.40000152587890625</ele>
        <time>2026-08-25T09:35:20.000Z</time>
        <extensions>
          <ns3:TrackPointExtension>
            <ns3:hr>148</ns3:hr>
            <ns3:cad>81</ns3:cad>
          </ns3:TrackPointExtension>
        </extensions>
      </trkpt>
      <trkpt lat="35.75597827322781085968017578125" lon="139.5329927466809749603271484375">
        <ele>45.40000152587890625</ele>
        <time>2026-08-25T09:35:21.000Z</time>
        <extensions>
          <ns3:TrackPointExtension>
            <ns3:hr>148</ns3:hr>
            <ns3:cad>81</ns3:cad>
          </ns3:TrackPointExtension>
        </extensions>
      </trkpt>
      <trkpt lat="35.75596871785819530487060546875" lon="139.53297640196979045867919921875">
        <ele>45.40000152587890625</ele>
        <time>2026-08-25T09:35:22.000Z</time>
        <extensions>
          <ns3:TrackPointExtension>
            <ns3:hr>148</ns3:hr>
            <ns3:cad>80</ns3:cad>
          </ns3:TrackPointExtension>
        </extensions>
      </trkpt>
      <trkpt lat="35.75595916248857975006103515625" lon="139.53295947052538394927978515625">
        <ele>45.40000152587890625</ele>
        <time>2026-08-25T09:35:23.000Z</time>
        <extensions>
          <ns3:TrackPointExtension>
            <ns3:hr>147</ns3:hr>
            <ns3:cad>80</ns3:cad>
          </ns3:TrackPointExtension>
        </extensions>
      </trkpt>
      <trkpt lat="35.75595027767121791839599609375" lon="139.53294019214808940887451171875">
        <ele>45.200000762939453125</ele>
        <time>2026-08-25T09:35:24.000Z</time>
        <extensions>
          <ns3:TrackPointExtension>
            <ns3:hr>148</ns3:hr>
            <ns3:cad>80</ns3:cad>
          </ns3:TrackPointExtension>
        </extensions>
      </trkpt>
      <trkpt lat="35.75594441033899784088134765625" lon="139.53292543999850749969482421875">
        <ele>45.200000762939453125</ele>
        <time>2026-08-25T09:35:25.000Z</time>
        <extensions>
          <ns3:TrackPointExtension>
            <ns3:hr>147</ns3:hr>
            <ns3:cad>81</ns3:cad>
          </ns3:TrackPointExtension>
        </extensions>
      </trkpt>
      <trkpt lat="35.75594005174934864044189453125" lon="139.532905407249927520751953125">
        <ele>45.200000762939453125</ele>
        <time>2026-08-25T09:35:26.000Z</time>
        <extensions>
          <ns3:TrackPointExtension>
            <ns3:hr>147</ns3:hr>
            <ns3:cad>81</ns3:cad>
          </ns3:TrackPointExtension>
        </extensions>
      </trkpt>
      <trkpt lat="35.75593468733131885528564453125" lon="139.53288554213941097259521484375">
        <ele>45.200000762939453125</ele>
        <time>2026-08-25T09:35:27.000Z</time>
        <extensions>
          <ns3:TrackPointExtension>
            <ns3:hr>147</ns3:hr>
            <ns3:cad>81</ns3:cad>
          </ns3:TrackPointExtension>
        </extensions>
      </trkpt>
      <trkpt lat="35.75592823326587677001953125" lon="139.5328693650662899017333984375">
        <ele>45.200000762939453125</ele>
        <time>2026-08-25T09:35:28.000Z</time>
        <extensions>
          <ns3:TrackPointExtension>
            <ns3:hr>147</ns3:hr>
            <ns3:cad>81</ns3:cad>
          </ns3:TrackPointExtension>
        </extensions>
      </trkpt>
      <trkpt lat="35.75591775588691234588623046875" lon="139.53285343945026397705078125">
        <ele>45.200000762939453125</ele>
        <time>2026-08-25T09:35:29.000Z</time>
        <extensions>
          <ns3:TrackPointExtension>
            <ns3:hr>146</ns3:hr>
            <ns3:cad>80</ns3:cad>
          </ns3:TrackPointExtension>
        </extensions>
      </trkpt>
      <trkpt lat="35.7559123076498508453369140625" lon="139.53283759765326976776123046875">
        <ele>45.200000762939453125</ele>
        <time>2026-08-25T09:35:30.000Z</time>
        <extensions>
          <ns3:TrackPointExtension>
            <ns3:hr>146</ns3:hr>
            <ns3:cad>79</ns3:cad>
          </ns3:TrackPointExtension>
        </extensions>
      </trkpt>
      <trkpt lat="35.75591172091662883758544921875" lon="139.53283055685460567474365234375">
        <ele>45.200000762939453125</ele>
        <time>2026-08-25T09:35:31.000Z</time>
        <extensions>
          <ns3:TrackPointExtension>
            <ns3:hr>146</ns3:hr>
            <ns3:cad>79</ns3:cad>
          </ns3:TrackPointExtension>
        </extensions>
      </trkpt>
      <trkpt lat="35.7559210248291492462158203125" lon="139.53283642418682575225830078125">
        <ele>45.200000762939453125</ele>
        <time>2026-08-25T09:35:32.000Z</time>
        <extensions>
          <ns3:TrackPointExtension>
            <ns3:hr>145</ns3:hr>
            <ns3:cad>79</ns3:cad>
          </ns3:TrackPointExtension>
        </extensions>
      </trkpt>
      <trkpt lat="35.75593083165585994720458984375" lon="139.53285184688866138458251953125">
        <ele>45.40000152587890625</ele>
        <time>2026-08-25T09:35:33.000Z</time>
        <extensions>
          <ns3:TrackPointExtension>
            <ns3:hr>145</ns3:hr>
            <ns3:cad>79</ns3:cad>
          </ns3:TrackPointExtension>
        </extensions>
      </trkpt>
      <trkpt lat="35.75593854300677776336669921875" lon="139.53286995179951190948486328125">
        <ele>45.40000152587890625</ele>
        <time>2026-08-25T09:35:34.000Z</time>
        <extensions>
          <ns3:TrackPointExtension>
            <ns3:hr>145</ns3:hr>
            <ns3:cad>79</ns3:cad>
          </ns3:TrackPointExtension>
        </extensions>
      </trkpt>
      <trkpt lat="35.7559508644044399261474609375" lon="139.53288705088198184967041015625">
        <ele>45.200000762939453125</ele>
        <time>2026-08-25T09:35:35.000Z</time>
        <extensions>
          <ns3:TrackPointExtension>
            <ns3:hr>145</ns3:hr>
            <ns3:cad>79</ns3:cad>
          </ns3:TrackPointExtension>
        </extensions>
      </trkpt>
      <trkpt lat="35.75596167705953121185302734375" lon="139.5329049043357372283935546875">
        <ele>45.200000762939453125</ele>
        <time>2026-08-25T09:35:36.000Z</time>
        <extensions>
          <ns3:TrackPointExtension>
            <ns3:hr>145</ns3:hr>
            <ns3:cad>79</ns3:cad>
          </ns3:TrackPointExtension>
        </extensions>
      </trkpt>
      <trkpt lat="35.75596653856337070465087890625" lon="139.53292141668498516082763671875">
        <ele>45.200000762939453125</ele>
        <time>2026-08-25T09:35:37.000Z</time>
        <extensions>
          <ns3:TrackPointExtension>
            <ns3:hr>145</ns3:hr>
            <ns3:cad>79</ns3:cad>
          </ns3:TrackPointExtension>
        </extensions>
      </trkpt>
      <trkpt lat="35.75597156770527362823486328125" lon="139.53293859958648681640625">
        <ele>45.200000762939453125</ele>
        <time>2026-08-25T09:35:38.000Z</time>
        <extensions>
          <ns3:TrackPointExtension>
            <ns3:hr>145</ns3:hr>
            <ns3:cad>79</ns3:cad>
          </ns3:TrackPointExtension>
        </extensions>
      </trkpt>
      <trkpt lat="35.75598045252263545989990234375" lon="139.53295670449733734130859375">
        <ele>45.200000762939453125</ele>
        <time>2026-08-25T09:35:39.000Z</time>
        <extensions>
          <ns3:TrackPointExtension>
            <ns3:hr>145</ns3:hr>
            <ns3:cad>79</ns3:cad>
          </ns3:TrackPointExtension>
        </extensions>
      </trkpt>
      <trkpt lat="35.755986906588077545166015625" lon="139.532974474132061004638671875">
        <ele>45.200000762939453125</ele>
        <time>2026-08-25T09:35:40.000Z</time>
        <extensions>
          <ns3:TrackPointExtension>
            <ns3:hr>145</ns3:hr>
            <ns3:cad>79</ns3:cad>
          </ns3:TrackPointExtension>
        </extensions>
      </trkpt>
      <trkpt lat="35.75599470175802707672119140625" lon="139.53298880718648433685302734375">
        <ele>45.200000762939453125</ele>
        <time>2026-08-25T09:35:41.000Z</time>
        <extensions>
          <ns3:TrackPointExtension>
            <ns3:hr>145</ns3:hr>
            <ns3:cad>79</ns3:cad>
          </ns3:TrackPointExtension>
        </extensions>
      </trkpt>
      <trkpt lat="35.75600526295602321624755859375" lon="139.53301697038114070892333984375">
        <ele>45.200000762939453125</ele>
        <time>2026-08-25T09:35:42.000Z</time>
        <extensions>
          <ns3:TrackPointExtension>
            <ns3:hr>145</ns3:hr>
            <ns3:cad>79</ns3:cad>
          </ns3:TrackPointExtension>
        </extensions>
      </trkpt>
      <trkpt lat="35.7560135610401630401611328125" lon="139.5330365002155303955078125">
        <ele>45.200000762939453125</ele>
        <time>2026-08-25T09:35:43.000Z</time>
        <extensions>
          <ns3:TrackPointExtension>
            <ns3:hr>145</ns3:hr>
            <ns3:cad>79</ns3:cad>
          </ns3:TrackPointExtension>
        </extensions>
      </trkpt>
      <trkpt lat="35.7560259662568569183349609375" lon="139.53305452130734920501708984375">
        <ele>45</ele>
        <time>2026-08-25T09:35:44.000Z</time>
        <extensions>
          <ns3:TrackPointExtension>
            <ns3:hr>145</ns3:hr>
            <ns3:cad>81</ns3:cad>
          </ns3:TrackPointExtension>
        </extensions>
      </trkpt>
      <trkpt lat="35.7560390420258045196533203125" lon="139.533072374761104583740234375">
        <ele>45</ele>
        <time>2026-08-25T09:35:45.000Z</time>
        <extensions>
          <ns3:TrackPointExtension>
            <ns3:hr>145</ns3:hr>
            <ns3:cad>81</ns3:cad>
          </ns3:TrackPointExtension>
        </extensions>
      </trkpt>
      <trkpt lat="35.7560487650334835052490234375" lon="139.5330916531383991241455078125">
        <ele>45</ele>
        <time>2026-08-25T09:35:46.000Z</time>
        <extensions>
          <ns3:TrackPointExtension>
            <ns3:hr>145</ns3:hr>
            <ns3:cad>81</ns3:cad>
          </ns3:TrackPointExtension>
        </extensions>
      </trkpt>
      <trkpt lat="35.7560603320598602294921875" lon="139.53311369754374027252197265625">
        <ele>45</ele>
        <time>2026-08-25T09:35:47.000Z</time>
        <extensions>
          <ns3:TrackPointExtension>
            <ns3:hr>144</ns3:hr>
            <ns3:cad>81</ns3:cad>
          </ns3:TrackPointExtension>
        </extensions>
      </trkpt>
      <trkpt lat="35.75607173144817352294921875" lon="139.53313113190233707427978515625">
        <ele>44.799999237060546875</ele>
        <time>2026-08-25T09:35:48.000Z</time>
        <extensions>
          <ns3:TrackPointExtension>
            <ns3:hr>144</ns3:hr>
            <ns3:cad>81</ns3:cad>
          </ns3:TrackPointExtension>
        </extensions>
      </trkpt>
      <trkpt lat="35.75608220882713794708251953125" lon="139.53315091319382190704345703125">
        <ele>44.799999237060546875</ele>
        <time>2026-08-25T09:35:49.000Z</time>
        <extensions>
          <ns3:TrackPointExtension>
            <ns3:hr>145</ns3:hr>
            <ns3:cad>82</ns3:cad>
          </ns3:TrackPointExtension>
        </extensions>
      </trkpt>
      <trkpt lat="35.7560903392732143402099609375" lon="139.53317572362720966339111328125">
        <ele>44.799999237060546875</ele>
        <time>2026-08-25T09:35:50.000Z</time>
        <extensions>
          <ns3:TrackPointExtension>
            <ns3:hr>145</ns3:hr>
            <ns3:cad>82</ns3:cad>
          </ns3:TrackPointExtension>
        </extensions>
      </trkpt>
      <trkpt lat="35.75609813444316387176513671875" lon="139.53319852240383625030517578125">
        <ele>45</ele>
        <time>2026-08-25T09:35:51.000Z</time>
        <extensions>
          <ns3:TrackPointExtension>
            <ns3:hr>145</ns3:hr>
            <ns3:cad>82</ns3:cad>
          </ns3:TrackPointExtension>
        </extensions>
      </trkpt>
      <trkpt lat="35.756107605993747711181640625" lon="139.53321796841919422149658203125">
        <ele>45</ele>
        <time>2026-08-25T09:35:52.000Z</time>
        <extensions>
          <ns3:TrackPointExtension>
            <ns3:hr>145</ns3:hr>
            <ns3:cad>82</ns3:cad>
          </ns3:TrackPointExtension>
        </extensions>
      </trkpt>
      <trkpt lat="35.756112299859523773193359375" lon="139.53323900699615478515625">
        <ele>45</ele>
        <time>2026-08-25T09:35:53.000Z</time>
        <extensions>
          <ns3:TrackPointExtension>
            <ns3:hr>145</ns3:hr>
            <ns3:cad>82</ns3:cad>
          </ns3:TrackPointExtension>
        </extensions>
      </trkpt>
      <trkpt lat="35.75612612999975681304931640625" lon="139.53325920738279819488525390625">
        <ele>45</ele>
        <time>2026-08-25T09:35:54.000Z</time>
        <extensions>
          <ns3:TrackPointExtension>
            <ns3:hr>145</ns3:hr>
            <ns3:cad>81</ns3:cad>
          </ns3:TrackPointExtension>
        </extensions>
      </trkpt>
      <trkpt lat="35.75614004395902156829833984375" lon="139.53328502364456653594970703125">
        <ele>45</ele>
        <time>2026-08-25T09:35:55.000Z</time>
        <extensions>
          <ns3:TrackPointExtension>
            <ns3:hr>145</ns3:hr>
            <ns3:cad>81</ns3:cad>
          </ns3:TrackPointExtension>
        </extensions>
      </trkpt>
      <trkpt lat="35.75615395791828632354736328125" lon="139.53330631367862224578857421875">
        <ele>45</ele>
        <time>2026-08-25T09:35:56.000Z</time>
        <extensions>
          <ns3:TrackPointExtension>
            <ns3:hr>146</ns3:hr>
            <ns3:cad>81</ns3:cad>
          </ns3:TrackPointExtension>
        </extensions>
      </trkpt>
      <trkpt lat="35.7561667822301387786865234375" lon="139.53332928009331226348876953125">
        <ele>45</ele>
        <time>2026-08-25T09:35:57.000Z</time>
        <extensions>
          <ns3:TrackPointExtension>
            <ns3:hr>146</ns3:hr>
            <ns3:cad>82</ns3:cad>
          </ns3:TrackPointExtension>
        </extensions>
      </trkpt>
      <trkpt lat="35.756178013980388641357421875" lon="139.53335509635508060455322265625">
        <ele>45</ele>
        <time>2026-08-25T09:35:58.000Z</time>
        <extensions>
          <ns3:TrackPointExtension>
            <ns3:hr>146</ns3:hr>
            <ns3:cad>82</ns3:cad>
          </ns3:TrackPointExtension>
        </extensions>
      </trkpt>
      <trkpt lat="35.75618681497871875762939453125" lon="139.53337605111300945281982421875">
        <ele>45</ele>
        <time>2026-08-25T09:35:59.000Z</time>
        <extensions>
          <ns3:TrackPointExtension>
            <ns3:hr>146</ns3:hr>
            <ns3:cad>84</ns3:cad>
          </ns3:TrackPointExtension>
        </extensions>
      </trkpt>
      <trkpt lat="35.75619955547153949737548828125" lon="139.5334001071751117706298828125">
        <ele>45</ele>
        <time>2026-08-25T09:36:00.000Z</time>
        <extensions>
          <ns3:TrackPointExtension>
            <ns3:hr>146</ns3:hr>
            <ns3:cad>85</ns3:cad>
          </ns3:TrackPointExtension>
        </extensions>
      </trkpt>
      <trkpt lat="35.75621078722178936004638671875" lon="139.53342148102819919586181640625">
        <ele>45</ele>
        <time>2026-08-25T09:36:01.000Z</time>
        <extensions>
          <ns3:TrackPointExtension>
            <ns3:hr>146</ns3:hr>
            <ns3:cad>86</ns3:cad>
          </ns3:TrackPointExtension>
        </extensions>
      </trkpt>
      <trkpt lat="35.756218917667865753173828125" lon="139.53344411216676235198974609375">
        <ele>44.799999237060546875</ele>
        <time>2026-08-25T09:36:02.000Z</time>
        <extensions>
          <ns3:TrackPointExtension>
            <ns3:hr>146</ns3:hr>
            <ns3:cad>86</ns3:cad>
          </ns3:TrackPointExtension>
        </extensions>
      </trkpt>
      <trkpt lat="35.75623241253197193145751953125" lon="139.5334589481353759765625">
        <ele>44.799999237060546875</ele>
        <time>2026-08-25T09:36:03.000Z</time>
        <extensions>
          <ns3:TrackPointExtension>
            <ns3:hr>146</ns3:hr>
            <ns3:cad>85</ns3:cad>
          </ns3:TrackPointExtension>
        </extensions>
      </trkpt>
      <trkpt lat="35.75624280609190464019775390625" lon="139.5334805734455585479736328125">
        <ele>44.799999237060546875</ele>
        <time>2026-08-25T09:36:04.000Z</time>
        <extensions>
          <ns3:TrackPointExtension>
            <ns3:hr>146</ns3:hr>
            <ns3:cad>85</ns3:cad>
          </ns3:TrackPointExtension>
        </extensions>
      </trkpt>
      <trkpt lat="35.75625085271894931793212890625" lon="139.53350580297410488128662109375">
        <ele>44.799999237060546875</ele>
        <time>2026-08-25T09:36:05.000Z</time>
        <extensions>
          <ns3:TrackPointExtension>
            <ns3:hr>146</ns3:hr>
            <ns3:cad>85</ns3:cad>
          </ns3:TrackPointExtension>
        </extensions>
      </trkpt>
      <trkpt lat="35.75626258738338947296142578125" lon="139.5335258357226848602294921875">
        <ele>44.799999237060546875</ele>
        <time>2026-08-25T09:36:06.000Z</time>
        <extensions>
          <ns3:TrackPointExtension>
            <ns3:hr>146</ns3:hr>
            <ns3:cad>85</ns3:cad>
          </ns3:TrackPointExtension>
        </extensions>
      </trkpt>
      <trkpt lat="35.75626778416335582733154296875" lon="139.53354704193770885467529296875">
        <ele>44.799999237060546875</ele>
        <time>2026-08-25T09:36:07.000Z</time>
        <extensions>
          <ns3:TrackPointExtension>
            <ns3:hr>146</ns3:hr>
            <ns3:cad>84</ns3:cad>
          </ns3:TrackPointExtension>
        </extensions>
      </trkpt>
      <trkpt lat="35.7562797702848911285400390625" lon="139.5335610397160053253173828125">
        <ele>45</ele>
        <time>2026-08-25T09:36:08.000Z</time>
        <extensions>
          <ns3:TrackPointExtension>
            <ns3:hr>146</ns3:hr>
            <ns3:cad>83</ns3:cad>
          </ns3:TrackPointExtension>
        </extensions>
      </trkpt>
      <trkpt lat="35.75628764927387237548828125" lon="139.5335784740746021270751953125">
        <ele>45</ele>
        <time>2026-08-25T09:36:09.000Z</time>
        <extensions>
          <ns3:TrackPointExtension>
            <ns3:hr>146</ns3:hr>
            <ns3:cad>83</ns3:cad>
          </ns3:TrackPointExtension>
        </extensions>
      </trkpt>
      <trkpt lat="35.75629309751093387603759765625" lon="139.53359641134738922119140625">
        <ele>45</ele>
        <time>2026-08-25T09:36:10.000Z</time>
        <extensions>
          <ns3:TrackPointExtension>
            <ns3:hr>146</ns3:hr>
            <ns3:cad>83</ns3:cad>
          </ns3:TrackPointExtension>
        </extensions>
      </trkpt>
      <trkpt lat="35.75630030594766139984130859375" lon="139.5336156897246837615966796875">
        <ele>45.200000762939453125</ele>
        <time>2026-08-25T09:36:11.000Z</time>
        <extensions>
          <ns3:TrackPointExtension>
            <ns3:hr>146</ns3:hr>
            <ns3:cad>83</ns3:cad>
          </ns3:TrackPointExtension>
        </extensions>
      </trkpt>
      <trkpt lat="35.756308101117610931396484375" lon="139.53363086096942424774169921875">
        <ele>45.40000152587890625</ele>
        <time>2026-08-25T09:36:12.000Z</time>
        <extensions>
          <ns3:TrackPointExtension>
            <ns3:hr>146</ns3:hr>
            <ns3:cad>83</ns3:cad>
          </ns3:TrackPointExtension>
        </extensions>
      </trkpt>
      <trkpt lat="35.756311453878879547119140625" lon="139.5336502231657505035400390625">
        <ele>45.59999847412109375</ele>
        <time>2026-08-25T09:36:13.000Z</time>
        <extensions>
          <ns3:TrackPointExtension>
            <ns3:hr>146</ns3:hr>
            <ns3:cad>83</ns3:cad>
          </ns3:TrackPointExtension>
        </extensions>
      </trkpt>
      <trkpt lat="35.756314806640148162841796875" lon="139.5336726866662502288818359375">
        <ele>45.59999847412109375</ele>
        <time>2026-08-25T09:36:14.000Z</time>
        <extensions>
          <ns3:TrackPointExtension>
            <ns3:hr>146</ns3:hr>
            <ns3:cad>82</ns3:cad>
          </ns3:TrackPointExtension>
        </extensions>
      </trkpt>
      <trkpt lat="35.7563260383903980255126953125" lon="139.53369372524321079254150390625">
        <ele>45.59999847412109375</ele>
        <time>2026-08-25T09:36:15.000Z</time>
        <extensions>
          <ns3:TrackPointExtension>
            <ns3:hr>146</ns3:hr>
            <ns3:cad>80</ns3:cad>
          </ns3:TrackPointExtension>
        </extensions>
      </trkpt>
      <trkpt lat="35.75633785687386989593505859375" lon="139.53370931558310985565185546875">
        <ele>45.59999847412109375</ele>
        <time>2026-08-25T09:36:16.000Z</time>
        <extensions>
          <ns3:TrackPointExtension>
            <ns3:hr>146</ns3:hr>
            <ns3:cad>80</ns3:cad>
          </ns3:TrackPointExtension>
        </extensions>
      </trkpt>
      <trkpt lat="35.75635445304214954376220703125" lon="139.5337239839136600494384765625">
        <ele>45.59999847412109375</ele>
        <time>2026-08-25T09:36:17.000Z</time>
        <extensions>
          <ns3:TrackPointExtension>
            <ns3:hr>146</ns3:hr>
            <ns3:cad>80</ns3:cad>
          </ns3:TrackPointExtension>
        </extensions>
      </trkpt>
      <trkpt lat="35.7563634216785430908203125" lon="139.53373664058744907379150390625">
        <ele>45.59999847412109375</ele>
        <time>2026-08-25T09:36:18.000Z</time>
        <extensions>
          <ns3:TrackPointExtension>
            <ns3:hr>146</ns3:hr>
            <ns3:cad>80</ns3:cad>
          </ns3:TrackPointExtension>
        </extensions>
      </trkpt>
      <trkpt lat="35.75637406669557094573974609375" lon="139.53374971635639667510986328125">
        <ele>45.59999847412109375</ele>
        <time>2026-08-25T09:36:19.000Z</time>
        <extensions>
          <ns3:TrackPointExtension>
            <ns3:hr>146</ns3:hr>
            <ns3:cad>80</ns3:cad>
          </ns3:TrackPointExtension>
        </extensions>
      </trkpt>
      <trkpt lat="35.75638311915099620819091796875" lon="139.533763043582439422607421875">
        <ele>45.40000152587890625</ele>
        <time>2026-08-25T09:36:20.000Z</time>
        <extensions>
          <ns3:TrackPointExtension>
            <ns3:hr>146</ns3:hr>
            <ns3:cad>80</ns3:cad>
          </ns3:TrackPointExtension>
        </extensions>
      </trkpt>
      <trkpt lat="35.756389237940311431884765625" lon="139.5337803103029727935791015625">
        <ele>45.40000152587890625</ele>
        <time>2026-08-25T09:36:21.000Z</time>
        <extensions>
          <ns3:TrackPointExtension>
            <ns3:hr>146</ns3:hr>
            <ns3:cad>80</ns3:cad>
          </ns3:TrackPointExtension>
        </extensions>
      </trkpt>
      <trkpt lat="35.756395943462848663330078125" lon="139.533799923956394195556640625">
        <ele>45.40000152587890625</ele>
        <time>2026-08-25T09:36:22.000Z</time>
        <extensions>
          <ns3:TrackPointExtension>
            <ns3:hr>146</ns3:hr>
            <ns3:cad>80</ns3:cad>
          </ns3:TrackPointExtension>
        </extensions>
      </trkpt>
      <trkpt lat="35.75640524737536907196044921875" lon="139.5338188670575618743896484375">
        <ele>45.200000762939453125</ele>
        <time>2026-08-25T09:36:23.000Z</time>
        <extensions>
          <ns3:TrackPointExtension>
            <ns3:hr>146</ns3:hr>
            <ns3:cad>80</ns3:cad>
          </ns3:TrackPointExtension>
        </extensions>
      </trkpt>
      <trkpt lat="35.7564142160117626190185546875" lon="139.53383655287325382232666015625">
        <ele>45.200000762939453125</ele>
        <time>2026-08-25T09:36:24.000Z</time>
        <extensions>
          <ns3:TrackPointExtension>
            <ns3:hr>146</ns3:hr>
            <ns3:cad>80</ns3:cad>
          </ns3:TrackPointExtension>
        </extensions>
      </trkpt>
      <trkpt lat="35.75642184354364871978759765625" lon="139.53385390341281890869140625">
        <ele>45</ele>
        <time>2026-08-25T09:36:25.000Z</time>
        <extensions>
          <ns3:TrackPointExtension>
            <ns3:hr>146</ns3:hr>
            <ns3:cad>79</ns3:cad>
          </ns3:TrackPointExtension>
        </extensions>
      </trkpt>
      <trkpt lat="35.75642955489456653594970703125" lon="139.5338708348572254180908203125">
        <ele>45</ele>
        <time>2026-08-25T09:36:26.000Z</time>
        <extensions>
          <ns3:TrackPointExtension>
            <ns3:hr>146</ns3:hr>
            <ns3:cad>79</ns3:cad>
          </ns3:TrackPointExtension>
        </extensions>
      </trkpt>
      <trkpt lat="35.75643659569323062896728515625" lon="139.5338886044919490814208984375">
        <ele>44.799999237060546875</ele>
        <time>2026-08-25T09:36:27.000Z</time>
        <extensions>
          <ns3:TrackPointExtension>
            <ns3:hr>146</ns3:hr>
            <ns3:cad>80</ns3:cad>
          </ns3:TrackPointExtension>
        </extensions>
      </trkpt>
      <trkpt lat="35.7564443908631801605224609375" lon="139.53390561975538730621337890625">
        <ele>44.799999237060546875</ele>
        <time>2026-08-25T09:36:28.000Z</time>
        <extensions>
          <ns3:TrackPointExtension>
            <ns3:hr>146</ns3:hr>
            <ns3:cad>80</ns3:cad>
          </ns3:TrackPointExtension>
        </extensions>
      </trkpt>
      <trkpt lat="35.7564531080424785614013671875" lon="139.53392322175204753875732421875">
        <ele>44.799999237060546875</ele>
        <time>2026-08-25T09:36:29.000Z</time>
        <extensions>
          <ns3:TrackPointExtension>
            <ns3:hr>146</ns3:hr>
            <ns3:cad>80</ns3:cad>
          </ns3:TrackPointExtension>
        </extensions>
      </trkpt>
      <trkpt lat="35.7564598135650157928466796875" lon="139.53394166193902492523193359375">
        <ele>44.799999237060546875</ele>
        <time>2026-08-25T09:36:30.000Z</time>
        <extensions>
          <ns3:TrackPointExtension>
            <ns3:hr>146</ns3:hr>
            <ns3:cad>80</ns3:cad>
          </ns3:TrackPointExtension>
        </extensions>
      </trkpt>
      <trkpt lat="35.75646861456334590911865234375" lon="139.5339623652398586273193359375">
        <ele>44.799999237060546875</ele>
        <time>2026-08-25T09:36:31.000Z</time>
        <extensions>
          <ns3:TrackPointExtension>
            <ns3:hr>146</ns3:hr>
            <ns3:cad>80</ns3:cad>
          </ns3:TrackPointExtension>
        </extensions>
      </trkpt>
      <trkpt lat="35.7564762420952320098876953125" lon="139.5339821465313434600830078125">
        <ele>44.799999237060546875</ele>
        <time>2026-08-25T09:36:32.000Z</time>
        <extensions>
          <ns3:TrackPointExtension>
            <ns3:hr>146</ns3:hr>
            <ns3:cad>80</ns3:cad>
          </ns3:TrackPointExtension>
        </extensions>
      </trkpt>
      <trkpt lat="35.75648521073162555694580078125" lon="139.53399966470897197723388671875">
        <ele>44.799999237060546875</ele>
        <time>2026-08-25T09:36:33.000Z</time>
        <extensions>
          <ns3:TrackPointExtension>
            <ns3:hr>146</ns3:hr>
            <ns3:cad>81</ns3:cad>
          </ns3:TrackPointExtension>
        </extensions>
      </trkpt>
      <trkpt lat="35.7564983703196048736572265625" lon="139.5340153388679027557373046875">
        <ele>44.799999237060546875</ele>
        <time>2026-08-25T09:36:34.000Z</time>
        <extensions>
          <ns3:TrackPointExtension>
            <ns3:hr>146</ns3:hr>
            <ns3:cad>81</ns3:cad>
          </ns3:TrackPointExtension>
        </extensions>
      </trkpt>
      <trkpt lat="35.756505243480205535888671875" lon="139.53403352759778499603271484375">
        <ele>44.799999237060546875</ele>
        <time>2026-08-25T09:36:35.000Z</time>
        <extensions>
          <ns3:TrackPointExtension>
            <ns3:hr>146</ns3:hr>
            <ns3:cad>81</ns3:cad>
          </ns3:TrackPointExtension>
        </extensions>
      </trkpt>
      <trkpt lat="35.7565117813646793365478515625" lon="139.5340557396411895751953125">
        <ele>44.799999237060546875</ele>
        <time>2026-08-25T09:36:36.000Z</time>
        <extensions>
          <ns3:TrackPointExtension>
            <ns3:hr>146</ns3:hr>
            <ns3:cad>81</ns3:cad>
          </ns3:TrackPointExtension>
        </extensions>
      </trkpt>
      <trkpt lat="35.75652242638170719146728515625" lon="139.53407786786556243896484375">
        <ele>44.799999237060546875</ele>
        <time>2026-08-25T09:36:37.000Z</time>
        <extensions>
          <ns3:TrackPointExtension>
            <ns3:hr>146</ns3:hr>
            <ns3:cad>81</ns3:cad>
          </ns3:TrackPointExtension>
        </extensions>
      </trkpt>
      <trkpt lat="35.75652997009456157684326171875" lon="139.53409974463284015655517578125">
        <ele>44.799999237060546875</ele>
        <time>2026-08-25T09:36:38.000Z</time>
        <extensions>
          <ns3:TrackPointExtension>
            <ns3:hr>146</ns3:hr>
            <ns3:cad>80</ns3:cad>
          </ns3:TrackPointExtension>
        </extensions>
      </trkpt>
      <trkpt lat="35.7565391063690185546875" lon="139.53412237577140331268310546875">
        <ele>44.799999237060546875</ele>
        <time>2026-08-25T09:36:39.000Z</time>
        <extensions>
          <ns3:TrackPointExtension>
            <ns3:hr>146</ns3:hr>
            <ns3:cad>81</ns3:cad>
          </ns3:TrackPointExtension>
        </extensions>
      </trkpt>
      <trkpt lat="35.7565446384251117706298828125" lon="139.534143246710300445556640625">
        <ele>44.799999237060546875</ele>
        <time>2026-08-25T09:36:40.000Z</time>
        <extensions>
          <ns3:TrackPointExtension>
            <ns3:hr>146</ns3:hr>
            <ns3:cad>81</ns3:cad>
          </ns3:TrackPointExtension>
        </extensions>
      </trkpt>
      <trkpt lat="35.75655109249055385589599609375" lon="139.534163363277912139892578125">
        <ele>44.799999237060546875</ele>
        <time>2026-08-25T09:36:41.000Z</time>
        <extensions>
          <ns3:TrackPointExtension>
            <ns3:hr>146</ns3:hr>
            <ns3:cad>82</ns3:cad>
          </ns3:TrackPointExtension>
        </extensions>
      </trkpt>
      <trkpt lat="35.7565570436418056488037109375" lon="139.534184820950031280517578125">
        <ele>44.799999237060546875</ele>
        <time>2026-08-25T09:36:42.000Z</time>
        <extensions>
          <ns3:TrackPointExtension>
            <ns3:hr>146</ns3:hr>
            <ns3:cad>82</ns3:cad>
          </ns3:TrackPointExtension>
        </extensions>
      </trkpt>
      <trkpt lat="35.756565593183040618896484375" lon="139.53420284204185009002685546875">
        <ele>44.799999237060546875</ele>
        <time>2026-08-25T09:36:43.000Z</time>
        <extensions>
          <ns3:TrackPointExtension>
            <ns3:hr>146</ns3:hr>
            <ns3:cad>82</ns3:cad>
          </ns3:TrackPointExtension>
        </extensions>
      </trkpt>
      <trkpt lat="35.7565764896571636199951171875" lon="139.5342201925814151763916015625">
        <ele>44.799999237060546875</ele>
        <time>2026-08-25T09:36:44.000Z</time>
        <extensions>
          <ns3:TrackPointExtension>
            <ns3:hr>146</ns3:hr>
            <ns3:cad>82</ns3:cad>
          </ns3:TrackPointExtension>
        </extensions>
      </trkpt>
      <trkpt lat="35.756585039198398590087890625" lon="139.53423854894936084747314453125">
        <ele>44.799999237060546875</ele>
        <time>2026-08-25T09:36:45.000Z</time>
        <extensions>
          <ns3:TrackPointExtension>
            <ns3:hr>146</ns3:hr>
            <ns3:cad>82</ns3:cad>
          </ns3:TrackPointExtension>
        </extensions>
      </trkpt>
      <trkpt lat="35.7565935887396335601806640625" lon="139.534255564212799072265625">
        <ele>44.799999237060546875</ele>
        <time>2026-08-25T09:36:46.000Z</time>
        <extensions>
          <ns3:TrackPointExtension>
            <ns3:hr>146</ns3:hr>
            <ns3:cad>82</ns3:cad>
          </ns3:TrackPointExtension>
        </extensions>
      </trkpt>
      <trkpt lat="35.7566002942621707916259765625" lon="139.534269310534000396728515625">
        <ele>44.799999237060546875</ele>
        <time>2026-08-25T09:36:47.000Z</time>
        <extensions>
          <ns3:TrackPointExtension>
            <ns3:hr>145</ns3:hr>
            <ns3:cad>81</ns3:cad>
          </ns3:TrackPointExtension>
        </extensions>
      </trkpt>
      <trkpt lat="35.75660574249923229217529296875" lon="139.53428816981613636016845703125">
        <ele>44.799999237060546875</ele>
        <time>2026-08-25T09:36:48.000Z</time>
        <extensions>
          <ns3:TrackPointExtension>
            <ns3:hr>145</ns3:hr>
            <ns3:cad>79</ns3:cad>
          </ns3:TrackPointExtension>
        </extensions>
      </trkpt>
      <trkpt lat="35.7566137053072452545166015625" lon="139.534305520355701446533203125">
        <ele>44.799999237060546875</ele>
        <time>2026-08-25T09:36:49.000Z</time>
        <extensions>
          <ns3:TrackPointExtension>
            <ns3:hr>145</ns3:hr>
            <ns3:cad>79</ns3:cad>
          </ns3:TrackPointExtension>
        </extensions>
      </trkpt>
      <trkpt lat="35.75661680661141872406005859375" lon="139.5343239605426788330078125">
        <ele>44.799999237060546875</ele>
        <time>2026-08-25T09:36:50.000Z</time>
        <extensions>
          <ns3:TrackPointExtension>
            <ns3:hr>145</ns3:hr>
            <ns3:cad>80</ns3:cad>
          </ns3:TrackPointExtension>
        </extensions>
      </trkpt>
      <trkpt lat="35.75662602670490741729736328125" lon="139.53433670103549957275390625">
        <ele>44.799999237060546875</ele>
        <time>2026-08-25T09:36:51.000Z</time>
        <extensions>
          <ns3:TrackPointExtension>
            <ns3:hr>145</ns3:hr>
            <ns3:cad>80</ns3:cad>
          </ns3:TrackPointExtension>
        </extensions>
      </trkpt>
      <trkpt lat="35.7566321454942226409912109375" lon="139.5343532972037792205810546875">
        <ele>44.799999237060546875</ele>
        <time>2026-08-25T09:36:52.000Z</time>
        <extensions>
          <ns3:TrackPointExtension>
            <ns3:hr>145</ns3:hr>
            <ns3:cad>80</ns3:cad>
          </ns3:TrackPointExtension>
        </extensions>
      </trkpt>
      <trkpt lat="35.75663742609322071075439453125" lon="139.53437098301947116851806640625">
        <ele>44.799999237060546875</ele>
        <time>2026-08-25T09:36:53.000Z</time>
        <extensions>
          <ns3:TrackPointExtension>
            <ns3:hr>144</ns3:hr>
            <ns3:cad>80</ns3:cad>
          </ns3:TrackPointExtension>
        </extensions>
      </trkpt>
      <trkpt lat="35.756643377244472503662109375" lon="139.53438774682581424713134765625">
        <ele>44.799999237060546875</ele>
        <time>2026-08-25T09:36:54.000Z</time>
        <extensions>
          <ns3:TrackPointExtension>
            <ns3:hr>144</ns3:hr>
            <ns3:cad>79</ns3:cad>
          </ns3:TrackPointExtension>
        </extensions>
      </trkpt>
      <trkpt lat="35.75664899311959743499755859375" lon="139.5344039238989353179931640625">
        <ele>44.59999847412109375</ele>
        <time>2026-08-25T09:36:55.000Z</time>
        <extensions>
          <ns3:TrackPointExtension>
            <ns3:hr>144</ns3:hr>
            <ns3:cad>79</ns3:cad>
          </ns3:TrackPointExtension>
        </extensions>
      </trkpt>
      <trkpt lat="35.75665385462343692779541015625" lon="139.53442127443850040435791015625">
        <ele>44.59999847412109375</ele>
        <time>2026-08-25T09:36:56.000Z</time>
        <extensions>
          <ns3:TrackPointExtension>
            <ns3:hr>143</ns3:hr>
            <ns3:cad>80</ns3:cad>
          </ns3:TrackPointExtension>
        </extensions>
      </trkpt>
      <trkpt lat="35.7566579617559909820556640625" lon="139.53443820588290691375732421875">
        <ele>44.59999847412109375</ele>
        <time>2026-08-25T09:36:57.000Z</time>
        <extensions>
          <ns3:TrackPointExtension>
            <ns3:hr>143</ns3:hr>
            <ns3:cad>80</ns3:cad>
          </ns3:TrackPointExtension>
        </extensions>
      </trkpt>
      <trkpt lat="35.7566629908978939056396484375" lon="139.53445865772664546966552734375">
        <ele>44.59999847412109375</ele>
        <time>2026-08-25T09:36:58.000Z</time>
        <extensions>
          <ns3:TrackPointExtension>
            <ns3:hr>143</ns3:hr>
            <ns3:cad>80</ns3:cad>
          </ns3:TrackPointExtension>
        </extensions>
      </trkpt>
      <trkpt lat="35.7566713728010654449462890625" lon="139.53447978012263774871826171875">
        <ele>44.40000152587890625</ele>
        <time>2026-08-25T09:36:59.000Z</time>
        <extensions>
          <ns3:TrackPointExtension>
            <ns3:hr>143</ns3:hr>
            <ns3:cad>81</ns3:cad>
          </ns3:TrackPointExtension>
        </extensions>
      </trkpt>
      <trkpt lat="35.75667967088520526885986328125" lon="139.534499309957027435302734375">
        <ele>44.40000152587890625</ele>
        <time>2026-08-25T09:37:00.000Z</time>
        <extensions>
          <ns3:TrackPointExtension>
            <ns3:hr>142</ns3:hr>
            <ns3:cad>81</ns3:cad>
          </ns3:TrackPointExtension>
        </extensions>
      </trkpt>
      <trkpt lat="35.7566935010254383087158203125" lon="139.534516073763370513916015625">
        <ele>44.40000152587890625</ele>
        <time>2026-08-25T09:37:01.000Z</time>
        <extensions>
          <ns3:TrackPointExtension>
            <ns3:hr>142</ns3:hr>
            <ns3:cad>81</ns3:cad>
          </ns3:TrackPointExtension>
        </extensions>
      </trkpt>
      <trkpt lat="35.75670473277568817138671875" lon="139.5345340110361576080322265625">
        <ele>44.200000762939453125</ele>
        <time>2026-08-25T09:37:02.000Z</time>
        <extensions>
          <ns3:TrackPointExtension>
            <ns3:hr>142</ns3:hr>
            <ns3:cad>82</ns3:cad>
          </ns3:TrackPointExtension>
        </extensions>
      </trkpt>
      <trkpt lat="35.75671143829822540283203125" lon="139.53454767353832721710205078125">
        <ele>44.200000762939453125</ele>
        <time>2026-08-25T09:37:03.000Z</time>
        <extensions>
          <ns3:TrackPointExtension>
            <ns3:hr>142</ns3:hr>
            <ns3:cad>82</ns3:cad>
          </ns3:TrackPointExtension>
        </extensions>
      </trkpt>
      <trkpt lat="35.7567199878394603729248046875" lon="139.53456678427755832672119140625">
        <ele>44.200000762939453125</ele>
        <time>2026-08-25T09:37:04.000Z</time>
        <extensions>
          <ns3:TrackPointExtension>
            <ns3:hr>142</ns3:hr>
            <ns3:cad>82</ns3:cad>
          </ns3:TrackPointExtension>
        </extensions>
      </trkpt>
      <trkpt lat="35.7567290402948856353759765625" lon="139.53458723612129688262939453125">
        <ele>44.200000762939453125</ele>
        <time>2026-08-25T09:37:05.000Z</time>
        <extensions>
          <ns3:TrackPointExtension>
            <ns3:hr>142</ns3:hr>
            <ns3:cad>82</ns3:cad>
          </ns3:TrackPointExtension>
        </extensions>
      </trkpt>
      <trkpt lat="35.7567370869219303131103515625" lon="139.53460886143147945404052734375">
        <ele>44.40000152587890625</ele>
        <time>2026-08-25T09:37:06.000Z</time>
        <extensions>
          <ns3:TrackPointExtension>
            <ns3:hr>142</ns3:hr>
            <ns3:cad>84</ns3:cad>
          </ns3:TrackPointExtension>
        </extensions>
      </trkpt>
      <trkpt lat="35.75674219988286495208740234375" lon="139.5346305705606937408447265625">
        <ele>44.40000152587890625</ele>
        <time>2026-08-25T09:37:07.000Z</time>
        <extensions>
          <ns3:TrackPointExtension>
            <ns3:hr>142</ns3:hr>
            <ns3:cad>84</ns3:cad>
          </ns3:TrackPointExtension>
        </extensions>
      </trkpt>
      <trkpt lat="35.75674957595765590667724609375" lon="139.5346443168818950653076171875">
        <ele>44.40000152587890625</ele>
        <time>2026-08-25T09:37:08.000Z</time>
        <extensions>
          <ns3:TrackPointExtension>
            <ns3:hr>142</ns3:hr>
            <ns3:cad>84</ns3:cad>
          </ns3:TrackPointExtension>
        </extensions>
      </trkpt>
      <trkpt lat="35.756762064993381500244140625" lon="139.53466703183948993682861328125">
        <ele>44.40000152587890625</ele>
        <time>2026-08-25T09:37:09.000Z</time>
        <extensions>
          <ns3:TrackPointExtension>
            <ns3:hr>142</ns3:hr>
            <ns3:cad>84</ns3:cad>
          </ns3:TrackPointExtension>
        </extensions>
      </trkpt>
      <trkpt lat="35.7567712850868701934814453125" lon="139.53468295745551586151123046875">
        <ele>44.59999847412109375</ele>
        <time>2026-08-25T09:37:10.000Z</time>
        <extensions>
          <ns3:TrackPointExtension>
            <ns3:hr>142</ns3:hr>
            <ns3:cad>84</ns3:cad>
          </ns3:TrackPointExtension>
        </extensions>
      </trkpt>
      <trkpt lat="35.75678310357034206390380859375" lon="139.534695781767368316650390625">
        <ele>44.59999847412109375</ele>
        <time>2026-08-25T09:37:11.000Z</time>
        <extensions>
          <ns3:TrackPointExtension>
            <ns3:hr>142</ns3:hr>
            <ns3:cad>84</ns3:cad>
          </ns3:TrackPointExtension>
        </extensions>
      </trkpt>
      <trkpt lat="35.75679047964513301849365234375" lon="139.53471045009791851043701171875">
        <ele>44.59999847412109375</ele>
        <time>2026-08-25T09:37:12.000Z</time>
        <extensions>
          <ns3:TrackPointExtension>
            <ns3:hr>142</ns3:hr>
            <ns3:cad>84</ns3:cad>
          </ns3:TrackPointExtension>
        </extensions>
      </trkpt>
      <trkpt lat="35.75679651461541652679443359375" lon="139.53473098576068878173828125">
        <ele>44.799999237060546875</ele>
        <time>2026-08-25T09:37:13.000Z</time>
        <extensions>
          <ns3:TrackPointExtension>
            <ns3:hr>142</ns3:hr>
            <ns3:cad>80</ns3:cad>
          </ns3:TrackPointExtension>
        </extensions>
      </trkpt>
      <trkpt lat="35.7568068243563175201416015625" lon="139.5347499288618564605712890625">
        <ele>44.799999237060546875</ele>
        <time>2026-08-25T09:37:14.000Z</time>
        <extensions>
          <ns3:TrackPointExtension>
            <ns3:hr>142</ns3:hr>
            <ns3:cad>79</ns3:cad>
          </ns3:TrackPointExtension>
        </extensions>
      </trkpt>
      <trkpt lat="35.75681948103010654449462890625" lon="139.53477130271494388580322265625">
        <ele>44.799999237060546875</ele>
        <time>2026-08-25T09:37:15.000Z</time>
        <extensions>
          <ns3:TrackPointExtension>
            <ns3:hr>142</ns3:hr>
            <ns3:cad>79</ns3:cad>
          </ns3:TrackPointExtension>
        </extensions>
      </trkpt>
      <trkpt lat="35.7568302936851978302001953125" lon="139.53478806652128696441650390625">
        <ele>44.799999237060546875</ele>
        <time>2026-08-25T09:37:16.000Z</time>
        <extensions>
          <ns3:TrackPointExtension>
            <ns3:hr>142</ns3:hr>
            <ns3:cad>79</ns3:cad>
          </ns3:TrackPointExtension>
        </extensions>
      </trkpt>
      <trkpt lat="35.756839849054813385009765625" lon="139.53480876982212066650390625">
        <ele>44.799999237060546875</ele>
        <time>2026-08-25T09:37:17.000Z</time>
        <extensions>
          <ns3:TrackPointExtension>
            <ns3:hr>142</ns3:hr>
            <ns3:cad>79</ns3:cad>
          </ns3:TrackPointExtension>
        </extensions>
      </trkpt>
      <trkpt lat="35.75685652904212474822998046875" lon="139.5348324067890644073486328125">
        <ele>44.59999847412109375</ele>
        <time>2026-08-25T09:37:18.000Z</time>
        <extensions>
          <ns3:TrackPointExtension>
            <ns3:hr>142</ns3:hr>
            <ns3:cad>80</ns3:cad>
          </ns3:TrackPointExtension>
        </extensions>
      </trkpt>
      <trkpt lat="35.75686474330723285675048828125" lon="139.5348568819463253021240234375">
        <ele>44.59999847412109375</ele>
        <time>2026-08-25T09:37:19.000Z</time>
        <extensions>
          <ns3:TrackPointExtension>
            <ns3:hr>142</ns3:hr>
            <ns3:cad>81</ns3:cad>
          </ns3:TrackPointExtension>
        </extensions>
      </trkpt>
      <trkpt lat="35.75686843134462833404541015625" lon="139.53487607650458812713623046875">
        <ele>44.59999847412109375</ele>
        <time>2026-08-25T09:37:20.000Z</time>
        <extensions>
          <ns3:TrackPointExtension>
            <ns3:hr>142</ns3:hr>
            <ns3:cad>82</ns3:cad>
          </ns3:TrackPointExtension>
        </extensions>
      </trkpt>
      <trkpt lat="35.75687295757234096527099609375" lon="139.5348994620144367218017578125">
        <ele>44.40000152587890625</ele>
        <time>2026-08-25T09:37:21.000Z</time>
        <extensions>
          <ns3:TrackPointExtension>
            <ns3:hr>142</ns3:hr>
            <ns3:cad>83</ns3:cad>
          </ns3:TrackPointExtension>
        </extensions>
      </trkpt>
      <trkpt lat="35.75687027536332607269287109375" lon="139.53491647727787494659423828125">
        <ele>44.40000152587890625</ele>
        <time>2026-08-25T09:37:22.000Z</time>
        <extensions>
          <ns3:TrackPointExtension>
            <ns3:hr>142</ns3:hr>
            <ns3:cad>83</ns3:cad>
          </ns3:TrackPointExtension>
        </extensions>
      </trkpt>
      <trkpt lat="35.7568668387830257415771484375" lon="139.53493407927453517913818359375">
        <ele>44.40000152587890625</ele>
        <time>2026-08-25T09:37:23.000Z</time>
        <extensions>
          <ns3:TrackPointExtension>
            <ns3:hr>142</ns3:hr>
            <ns3:cad>82</ns3:cad>
          </ns3:TrackPointExtension>
        </extensions>
      </trkpt>
      <trkpt lat="35.7568722032010555267333984375" lon="139.5349567942321300506591796875">
        <ele>44.40000152587890625</ele>
        <time>2026-08-25T09:37:24.000Z</time>
        <extensions>
          <ns3:TrackPointExtension>
            <ns3:hr>142</ns3:hr>
            <ns3:cad>82</ns3:cad>
          </ns3:TrackPointExtension>
        </extensions>
      </trkpt>
      <trkpt lat="35.75688335113227367401123046875" lon="139.53497095964848995208740234375">
        <ele>44.40000152587890625</ele>
        <time>2026-08-25T09:37:25.000Z</time>
        <extensions>
          <ns3:TrackPointExtension>
            <ns3:hr>142</ns3:hr>
            <ns3:cad>82</ns3:cad>
          </ns3:TrackPointExtension>
        </extensions>
      </trkpt>
      <trkpt lat="35.7568926550447940826416015625" lon="139.53498956747353076934814453125">
        <ele>44.200000762939453125</ele>
        <time>2026-08-25T09:37:26.000Z</time>
        <extensions>
          <ns3:TrackPointExtension>
            <ns3:hr>142</ns3:hr>
            <ns3:cad>81</ns3:cad>
          </ns3:TrackPointExtension>
        </extensions>
      </trkpt>
      <trkpt lat="35.756895504891872406005859375" lon="139.53500582836568355560302734375">
        <ele>44.200000762939453125</ele>
        <time>2026-08-25T09:37:27.000Z</time>
        <extensions>
          <ns3:TrackPointExtension>
            <ns3:hr>142</ns3:hr>
            <ns3:cad>81</ns3:cad>
          </ns3:TrackPointExtension>
        </extensions>
      </trkpt>
      <trkpt lat="35.75689910911023616790771484375" lon="139.53501773066818714141845703125">
        <ele>44.200000762939453125</ele>
        <time>2026-08-25T09:37:28.000Z</time>
        <extensions>
          <ns3:TrackPointExtension>
            <ns3:hr>142</ns3:hr>
            <ns3:cad>81</ns3:cad>
          </ns3:TrackPointExtension>
        </extensions>
      </trkpt>
      <trkpt lat="35.75690363533794879913330078125" lon="139.53502845950424671173095703125">
        <ele>44.200000762939453125</ele>
        <time>2026-08-25T09:37:29.000Z</time>
        <extensions>
          <ns3:TrackPointExtension>
            <ns3:hr>143</ns3:hr>
            <ns3:cad>41</ns3:cad>
          </ns3:TrackPointExtension>
        </extensions>
      </trkpt>
      <trkpt lat="35.7569077424705028533935546875" lon="139.53503415919840335845947265625">
        <ele>44</ele>
        <time>2026-08-25T09:37:30.000Z</time>
        <extensions>
          <ns3:TrackPointExtension>
            <ns3:hr>143</ns3:hr>
            <ns3:cad>41</ns3:cad>
          </ns3:TrackPointExtension>
        </extensions>
      </trkpt>
      <trkpt lat="35.75691821984946727752685546875" lon="139.5350347459316253662109375">
        <ele>44</ele>
        <time>2026-08-25T09:37:31.000Z</time>
        <extensions>
          <ns3:TrackPointExtension>
            <ns3:hr>143</ns3:hr>
            <ns3:cad>41</ns3:cad>
          </ns3:TrackPointExtension>
        </extensions>
      </trkpt>
      <trkpt lat="35.7569332234561443328857421875" lon="139.53504639677703380584716796875">
        <ele>44</ele>
        <time>2026-08-25T09:37:32.000Z</time>
        <extensions>
          <ns3:TrackPointExtension>
            <ns3:hr>142</ns3:hr>
            <ns3:cad>76</ns3:cad>
          </ns3:TrackPointExtension>
        </extensions>
      </trkpt>
      <trkpt lat="35.7569516636431217193603515625" lon="139.5350711233913898468017578125">
        <ele>44</ele>
        <time>2026-08-25T09:37:33.000Z</time>
        <extensions>
          <ns3:TrackPointExtension>
            <ns3:hr>142</ns3:hr>
            <ns3:cad>80</ns3:cad>
          </ns3:TrackPointExtension>
        </extensions>
      </trkpt>
      <trkpt lat="35.75695308856666088104248046875" lon="139.53509040176868438720703125">
        <ele>43.799999237060546875</ele>
        <time>2026-08-25T09:37:34.000Z</time>
        <extensions>
          <ns3:TrackPointExtension>
            <ns3:hr>141</ns3:hr>
            <ns3:cad>80</ns3:cad>
          </ns3:TrackPointExtension>
        </extensions>
      </trkpt>
      <trkpt lat="35.7569573633372783660888671875" lon="139.53511496074497699737548828125">
        <ele>43.799999237060546875</ele>
        <time>2026-08-25T09:37:35.000Z</time>
        <extensions>
          <ns3:TrackPointExtension>
            <ns3:hr>140</ns3:hr>
            <ns3:cad>80</ns3:cad>
          </ns3:TrackPointExtension>
        </extensions>
      </trkpt>
      <trkpt lat="35.7569731213152408599853515625" lon="139.5351354964077472686767578125">
        <ele>43.40000152587890625</ele>
        <time>2026-08-25T09:37:36.000Z</time>
        <extensions>
          <ns3:TrackPointExtension>
            <ns3:hr>139</ns3:hr>
            <ns3:cad>81</ns3:cad>
          </ns3:TrackPointExtension>
        </extensions>
      </trkpt>
      <trkpt lat="35.7569798268377780914306640625" lon="139.53515402041375637054443359375">
        <ele>43.40000152587890625</ele>
        <time>2026-08-25T09:37:37.000Z</time>
        <extensions>
          <ns3:TrackPointExtension>
            <ns3:hr>139</ns3:hr>
            <ns3:cad>82</ns3:cad>
          </ns3:TrackPointExtension>
        </extensions>
      </trkpt>
      <trkpt lat="35.75698695145547389984130859375" lon="139.5351737178862094879150390625">
        <ele>43.40000152587890625</ele>
        <time>2026-08-25T09:37:38.000Z</time>
        <extensions>
          <ns3:TrackPointExtension>
            <ns3:hr>139</ns3:hr>
            <ns3:cad>82</ns3:cad>
          </ns3:TrackPointExtension>
        </extensions>
      </trkpt>
      <trkpt lat="35.75699131004512310028076171875" lon="139.5351928286254405975341796875">
        <ele>43.200000762939453125</ele>
        <time>2026-08-25T09:37:39.000Z</time>
        <extensions>
          <ns3:TrackPointExtension>
            <ns3:hr>139</ns3:hr>
            <ns3:cad>82</ns3:cad>
          </ns3:TrackPointExtension>
        </extensions>
      </trkpt>
      <trkpt lat="35.75699508190155029296875" lon="139.53521219082176685333251953125">
        <ele>43.200000762939453125</ele>
        <time>2026-08-25T09:37:40.000Z</time>
        <extensions>
          <ns3:TrackPointExtension>
            <ns3:hr>139</ns3:hr>
            <ns3:cad>82</ns3:cad>
          </ns3:TrackPointExtension>
        </extensions>
      </trkpt>
      <trkpt lat="35.7570049725472927093505859375" lon="139.53522861935198307037353515625">
        <ele>43.200000762939453125</ele>
        <time>2026-08-25T09:37:41.000Z</time>
        <extensions>
          <ns3:TrackPointExtension>
            <ns3:hr>139</ns3:hr>
            <ns3:cad>82</ns3:cad>
          </ns3:TrackPointExtension>
        </extensions>
      </trkpt>
      <trkpt lat="35.75701653957366943359375" lon="139.53524404205381870269775390625">
        <ele>43.200000762939453125</ele>
        <time>2026-08-25T09:37:42.000Z</time>
        <extensions>
          <ns3:TrackPointExtension>
            <ns3:hr>138</ns3:hr>
            <ns3:cad>81</ns3:cad>
          </ns3:TrackPointExtension>
        </extensions>
      </trkpt>
      <trkpt lat="35.75702584348618984222412109375" lon="139.53525745309889316558837890625">
        <ele>43.200000762939453125</ele>
        <time>2026-08-25T09:37:43.000Z</time>
        <extensions>
          <ns3:TrackPointExtension>
            <ns3:hr>138</ns3:hr>
            <ns3:cad>80</ns3:cad>
          </ns3:TrackPointExtension>
        </extensions>
      </trkpt>
      <trkpt lat="35.75703020207583904266357421875" lon="139.53527522273361682891845703125">
        <ele>43.200000762939453125</ele>
        <time>2026-08-25T09:37:44.000Z</time>
        <extensions>
          <ns3:TrackPointExtension>
            <ns3:hr>138</ns3:hr>
            <ns3:cad>80</ns3:cad>
          </ns3:TrackPointExtension>
        </extensions>
      </trkpt>
      <trkpt lat="35.75703623704612255096435546875" lon="139.535293243825435638427734375">
        <ele>43.200000762939453125</ele>
        <time>2026-08-25T09:37:45.000Z</time>
        <extensions>
          <ns3:TrackPointExtension>
            <ns3:hr>139</ns3:hr>
            <ns3:cad>81</ns3:cad>
          </ns3:TrackPointExtension>
        </extensions>
      </trkpt>
      <trkpt lat="35.757042355835437774658203125" lon="139.53530791215598583221435546875">
        <ele>43.200000762939453125</ele>
        <time>2026-08-25T09:37:46.000Z</time>
        <extensions>
          <ns3:TrackPointExtension>
            <ns3:hr>139</ns3:hr>
            <ns3:cad>81</ns3:cad>
          </ns3:TrackPointExtension>
        </extensions>
      </trkpt>
      <trkpt lat="35.75704730115830898284912109375" lon="139.53532853163778781890869140625">
        <ele>43.200000762939453125</ele>
        <time>2026-08-25T09:37:47.000Z</time>
        <extensions>
          <ns3:TrackPointExtension>
            <ns3:hr>139</ns3:hr>
            <ns3:cad>81</ns3:cad>
          </ns3:TrackPointExtension>
        </extensions>
      </trkpt>
      <trkpt lat="35.75705149210989475250244140625" lon="139.53534730710089206695556640625">
        <ele>43.200000762939453125</ele>
        <time>2026-08-25T09:37:48.000Z</time>
        <extensions>
          <ns3:TrackPointExtension>
            <ns3:hr>139</ns3:hr>
            <ns3:cad>81</ns3:cad>
          </ns3:TrackPointExtension>
        </extensions>
      </trkpt>
      <trkpt lat="35.75705484487116336822509765625" lon="139.53536524437367916107177734375">
        <ele>43.200000762939453125</ele>
        <time>2026-08-25T09:37:49.000Z</time>
        <extensions>
          <ns3:TrackPointExtension>
            <ns3:hr>139</ns3:hr>
            <ns3:cad>80</ns3:cad>
          </ns3:TrackPointExtension>
        </extensions>
      </trkpt>
      <trkpt lat="35.757059119641780853271484375" lon="139.53538200818002223968505859375">
        <ele>43</ele>
        <time>2026-08-25T09:37:50.000Z</time>
        <extensions>
          <ns3:TrackPointExtension>
            <ns3:hr>139</ns3:hr>
            <ns3:cad>80</ns3:cad>
          </ns3:TrackPointExtension>
        </extensions>
      </trkpt>
      <trkpt lat="35.75706683099269866943359375" lon="139.5353983528912067413330078125">
        <ele>43</ele>
        <time>2026-08-25T09:37:51.000Z</time>
        <extensions>
          <ns3:TrackPointExtension>
            <ns3:hr>138</ns3:hr>
            <ns3:cad>79</ns3:cad>
          </ns3:TrackPointExtension>
        </extensions>
      </trkpt>
      <trkpt lat="35.7570753805339336395263671875" lon="139.5354141108691692352294921875">
        <ele>43</ele>
        <time>2026-08-25T09:37:52.000Z</time>
        <extensions>
          <ns3:TrackPointExtension>
            <ns3:hr>138</ns3:hr>
            <ns3:cad>79</ns3:cad>
          </ns3:TrackPointExtension>
        </extensions>
      </trkpt>
      <trkpt lat="35.75708426535129547119140625" lon="139.53543313778936862945556640625">
        <ele>43</ele>
        <time>2026-08-25T09:37:53.000Z</time>
        <extensions>
          <ns3:TrackPointExtension>
            <ns3:hr>138</ns3:hr>
            <ns3:cad>78</ns3:cad>
          </ns3:TrackPointExtension>
        </extensions>
      </trkpt>
      <trkpt lat="35.75709206052124500274658203125" lon="139.53545518219470977783203125">
        <ele>43</ele>
        <time>2026-08-25T09:37:54.000Z</time>
        <extensions>
          <ns3:TrackPointExtension>
            <ns3:hr>138</ns3:hr>
            <ns3:cad>78</ns3:cad>
          </ns3:TrackPointExtension>
        </extensions>
      </trkpt>
      <trkpt lat="35.75710035860538482666015625" lon="139.53547571785748004913330078125">
        <ele>43</ele>
        <time>2026-08-25T09:37:55.000Z</time>
        <extensions>
          <ns3:TrackPointExtension>
            <ns3:hr>138</ns3:hr>
            <ns3:cad>79</ns3:cad>
          </ns3:TrackPointExtension>
        </extensions>
      </trkpt>
      <trkpt lat="35.7571075670421123504638671875" lon="139.53549616970121860504150390625">
        <ele>43</ele>
        <time>2026-08-25T09:37:56.000Z</time>
        <extensions>
          <ns3:TrackPointExtension>
            <ns3:hr>138</ns3:hr>
            <ns3:cad>80</ns3:cad>
          </ns3:TrackPointExtension>
        </extensions>
      </trkpt>
      <trkpt lat="35.75711536221206188201904296875" lon="139.5355160348117351531982421875">
        <ele>43</ele>
        <time>2026-08-25T09:37:57.000Z</time>
        <extensions>
          <ns3:TrackPointExtension>
            <ns3:hr>139</ns3:hr>
            <ns3:cad>81</ns3:cad>
          </ns3:TrackPointExtension>
        </extensions>
      </trkpt>
      <trkpt lat="35.75711905024945735931396484375" lon="139.53553321771323680877685546875">
        <ele>43</ele>
        <time>2026-08-25T09:37:58.000Z</time>
        <extensions>
          <ns3:TrackPointExtension>
            <ns3:hr>139</ns3:hr>
            <ns3:cad>81</ns3:cad>
          </ns3:TrackPointExtension>
        </extensions>
      </trkpt>
      <trkpt lat="35.7571253366768360137939453125" lon="139.53555132262408733367919921875">
        <ele>43.200000762939453125</ele>
        <time>2026-08-25T09:37:59.000Z</time>
        <extensions>
          <ns3:TrackPointExtension>
            <ns3:hr>139</ns3:hr>
            <ns3:cad>80</ns3:cad>
          </ns3:TrackPointExtension>
        </extensions>
      </trkpt>
      <trkpt lat="35.7571278512477874755859375" lon="139.53557663597166538238525390625">
        <ele>43.40000152587890625</ele>
        <time>2026-08-25T09:38:00.000Z</time>
        <extensions>
          <ns3:TrackPointExtension>
            <ns3:hr>139</ns3:hr>
            <ns3:cad>80</ns3:cad>
          </ns3:TrackPointExtension>
        </extensions>
      </trkpt>
      <trkpt lat="35.7571219839155673980712890625" lon="139.53559323213994503021240234375">
        <ele>43.40000152587890625</ele>
        <time>2026-08-25T09:38:01.000Z</time>
        <extensions>
          <ns3:TrackPointExtension>
            <ns3:hr>139</ns3:hr>
            <ns3:cad>80</ns3:cad>
          </ns3:TrackPointExtension>
        </extensions>
      </trkpt>
      <trkpt lat="35.75711200945079326629638671875" lon="139.535605721175670623779296875">
        <ele>43.40000152587890625</ele>
        <time>2026-08-25T09:38:02.000Z</time>
        <extensions>
          <ns3:TrackPointExtension>
            <ns3:hr>139</ns3:hr>
            <ns3:cad>80</ns3:cad>
          </ns3:TrackPointExtension>
        </extensions>
      </trkpt>
      <trkpt lat="35.757096000015735626220703125" lon="139.53562189824879169464111328125">
        <ele>43.40000152587890625</ele>
        <time>2026-08-25T09:38:03.000Z</time>
        <extensions>
          <ns3:TrackPointExtension>
            <ns3:hr>139</ns3:hr>
            <ns3:cad>80</ns3:cad>
          </ns3:TrackPointExtension>
        </extensions>
      </trkpt>
      <trkpt lat="35.7570747099816799163818359375" lon="139.53563698567450046539306640625">
        <ele>43.40000152587890625</ele>
        <time>2026-08-25T09:38:04.000Z</time>
        <extensions>
          <ns3:TrackPointExtension>
            <ns3:hr>139</ns3:hr>
            <ns3:cad>80</ns3:cad>
          </ns3:TrackPointExtension>
        </extensions>
      </trkpt>
      <trkpt lat="35.7570519112050533294677734375" lon="139.5356514863669872283935546875">
        <ele>43.40000152587890625</ele>
        <time>2026-08-25T09:38:05.000Z</time>
        <extensions>
          <ns3:TrackPointExtension>
            <ns3:hr>140</ns3:hr>
            <ns3:cad>80</ns3:cad>
          </ns3:TrackPointExtension>
        </extensions>
      </trkpt>
      <trkpt lat="35.75703053735196590423583984375" lon="139.53566305339336395263671875">
        <ele>43.40000152587890625</ele>
        <time>2026-08-25T09:38:06.000Z</time>
        <extensions>
          <ns3:TrackPointExtension>
            <ns3:hr>140</ns3:hr>
            <ns3:cad>80</ns3:cad>
          </ns3:TrackPointExtension>
        </extensions>
      </trkpt>
      <trkpt lat="35.75701679103076457977294921875" lon="139.53566967509686946868896484375">
        <ele>43.40000152587890625</ele>
        <time>2026-08-25T09:38:07.000Z</time>
        <extensions>
          <ns3:TrackPointExtension>
            <ns3:hr>140</ns3:hr>
            <ns3:cad>80</ns3:cad>
          </ns3:TrackPointExtension>
        </extensions>
      </trkpt>
    </trkseg>
  </trk>
</gpx>
