<gpx xmlns:ns3="http://www.garmin.com/xmlschemas/TrackPointExtension/v1" xmlns="http://www.topografix.com/GPX/1/1" xmlns:xsi="http://www.w3.org/2001/XMLSchema-instance" xmlns:ns2="http://www.garmin.com/xmlschemas/GpxExtensions/v3" creator="Garmin Connect" version="1.1" xsi:schemaLocation="http://www.topografix.com/GPX/1/1 http://www.topografix.com/GPX/11.xsd">
  <extensions>
<distance>4001.19</distance>
<average_hr>139.0</average_hr>
<average_speed>2.055000066757202</average_speed>
<start_time>2026-08-26T09:17:41+00:00</start_time>
<end_time>2026-08-26T09:50:07.999000+00:00</end_time>
<moving_time>1934.179</moving_time>
<elapsed_time>1990.5</elapsed_time>
</extensions>
<metadata>
    <link href="connect.garmin.com">
      <text>Garmin Connect</text>
    </link>
    <time>2026-08-26T09:17:41.000Z</time>
  </metadata>
  <trk>
    <name>Higashikurume City - Base</name>
    <type>running</type>
    <trkseg>
      <trkpt lat="35.7571773044764995574951171875" lon="139.535611085593700408935546875">
        <ele>42.40000152587890625</ele>
        <time>2026-08-26T09:17:41.000Z</time>
        <extensions>
          <ns3:TrackPointExtension>
            <ns3:hr>66</ns3:hr>
            <ns3:cad>55</ns3:cad>
          </ns3:TrackPointExtension>
        </extensions>
      </trkpt>
      <trkpt lat="35.75717705301940441131591796875" lon="139.53560538589954376220703125">
        <ele>53.59999847412109375</ele>
        <time>2026-08-26T09:17:42.000Z</time>
        <extensions>
          <ns3:TrackPointExtension>
            <ns3:hr>62</ns3:hr>
            <ns3:cad>55</ns3:cad>
          </ns3:TrackPointExtension>
        </extensions>
      </trkpt>
      <trkpt lat="35.75718509964644908905029296875" lon="139.535624496638774871826171875">
        <ele>53.59999847412109375</ele>
        <time>2026-08-26T09:17:43.000Z</time>
        <extensions>
          <ns3:TrackPointExtension>
            <ns3:hr>62</ns3:hr>
            <ns3:cad>56</ns3:cad>
          </ns3:TrackPointExtension>
        </extensions>
      </trkpt>
      <trkpt lat="35.75718493200838565826416015625" lon="139.5356363989412784576416015625">
        <ele>53.59999847412109375</ele>
        <time>2026-08-26T09:17:44.000Z</time>
        <extensions>
          <ns3:TrackPointExtension>
            <ns3:hr>62</ns3:hr>
            <ns3:cad>56</ns3:cad>
          </ns3:TrackPointExtension>
        </extensions>
      </trkpt>
      <trkpt lat="35.7571883685886859893798828125" lon="139.53565207310020923614501953125">
        <ele>53.40000152587890625</ele>
        <time>2026-08-26T09:17:45.000Z</time>
        <extensions>
          <ns3:TrackPointExtension>
            <ns3:hr>64</ns3:hr>
            <ns3:cad>56</ns3:cad>
          </ns3:TrackPointExtension>
        </extensions>
      </trkpt>
      <trkpt lat="35.75719155371189117431640625" lon="139.5356689207255840301513671875">
        <ele>53.40000152587890625</ele>
        <time>2026-08-26T09:17:46.000Z</time>
        <extensions>
          <ns3:TrackPointExtension>
            <ns3:hr>67</ns3:hr>
            <ns3:cad>0</ns3:cad>
          </ns3:TrackPointExtension>
        </extensions>
      </trkpt>
      <trkpt lat="35.75720286928117275238037109375" lon="139.5356892049312591552734375">
        <ele>53.40000152587890625</ele>
        <time>2026-08-26T09:17:47.000Z</time>
        <extensions>
          <ns3:TrackPointExtension>
            <ns3:hr>68</ns3:hr>
            <ns3:cad>0</ns3:cad>
          </ns3:TrackPointExtension>
        </extensions>
      </trkpt>
      <trkpt lat="35.75720286928117275238037109375" lon="139.5356892049312591552734375">
        <ele>53.40000152587890625</ele>
        <time>2026-08-26T09:17:48.000Z</time>
        <extensions>
          <ns3:TrackPointExtension>
            <ns3:hr>71</ns3:hr>
            <ns3:cad>0</ns3:cad>
          </ns3:TrackPointExtension>
        </extensions>
      </trkpt>
      <trkpt lat="35.7572125084698200225830078125" lon="139.535710997879505157470703125">
        <ele>53.40000152587890625</ele>
        <time>2026-08-26T09:17:49.000Z</time>
        <extensions>
          <ns3:TrackPointExtension>
            <ns3:hr>71</ns3:hr>
            <ns3:cad>79</ns3:cad>
          </ns3:TrackPointExtension>
        </extensions>
      </trkpt>
      <trkpt lat="35.75723472051322460174560546875" lon="139.535752236843109130859375">
        <ele>53.200000762939453125</ele>
        <time>2026-08-26T09:17:50.000Z</time>
        <extensions>
          <ns3:TrackPointExtension>
            <ns3:hr>71</ns3:hr>
            <ns3:cad>79</ns3:cad>
          </ns3:TrackPointExtension>
        </extensions>
      </trkpt>
      <trkpt lat="35.75723472051322460174560546875" lon="139.535752236843109130859375">
        <ele>53.200000762939453125</ele>
        <time>2026-08-26T09:17:51.000Z</time>
        <extensions>
          <ns3:TrackPointExtension>
            <ns3:hr>71</ns3:hr>
            <ns3:cad>79</ns3:cad>
          </ns3:TrackPointExtension>
        </extensions>
      </trkpt>
      <trkpt lat="35.7572507299482822418212890625" lon="139.53577034175395965576171875">
        <ele>53.200000762939453125</ele>
        <time>2026-08-26T09:17:52.000Z</time>
        <extensions>
          <ns3:TrackPointExtension>
            <ns3:hr>71</ns3:hr>
            <ns3:cad>79</ns3:cad>
          </ns3:TrackPointExtension>
        </extensions>
      </trkpt>
      <trkpt lat="35.75727679766714572906494140625" lon="139.53578651882708072662353515625">
        <ele>53.200000762939453125</ele>
        <time>2026-08-26T09:17:53.000Z</time>
        <extensions>
          <ns3:TrackPointExtension>
            <ns3:hr>71</ns3:hr>
            <ns3:cad>79</ns3:cad>
          </ns3:TrackPointExtension>
        </extensions>
      </trkpt>
      <trkpt lat="35.75729289092123508453369140625" lon="139.53580831177532672882080078125">
        <ele>53.200000762939453125</ele>
        <time>2026-08-26T09:17:54.000Z</time>
        <extensions>
          <ns3:TrackPointExtension>
            <ns3:hr>71</ns3:hr>
            <ns3:cad>81</ns3:cad>
          </ns3:TrackPointExtension>
        </extensions>
      </trkpt>
      <trkpt lat="35.75730797834694385528564453125" lon="139.5358338765799999237060546875">
        <ele>53.200000762939453125</ele>
        <time>2026-08-26T09:17:55.000Z</time>
        <extensions>
          <ns3:TrackPointExtension>
            <ns3:hr>71</ns3:hr>
            <ns3:cad>81</ns3:cad>
          </ns3:TrackPointExtension>
        </extensions>
      </trkpt>
      <trkpt lat="35.75731636025011539459228515625" lon="139.5358610339462757110595703125">
        <ele>53.200000762939453125</ele>
        <time>2026-08-26T09:17:56.000Z</time>
        <extensions>
          <ns3:TrackPointExtension>
            <ns3:hr>71</ns3:hr>
            <ns3:cad>83</ns3:cad>
          </ns3:TrackPointExtension>
        </extensions>
      </trkpt>
      <trkpt lat="35.75732205994427204132080078125" lon="139.53588165342807769775390625">
        <ele>53.200000762939453125</ele>
        <time>2026-08-26T09:17:57.000Z</time>
        <extensions>
          <ns3:TrackPointExtension>
            <ns3:hr>71</ns3:hr>
            <ns3:cad>83</ns3:cad>
          </ns3:TrackPointExtension>
        </extensions>
      </trkpt>
      <trkpt lat="35.75732809491455554962158203125" lon="139.53590101562440395355224609375">
        <ele>53.200000762939453125</ele>
        <time>2026-08-26T09:17:58.000Z</time>
        <extensions>
          <ns3:TrackPointExtension>
            <ns3:hr>72</ns3:hr>
            <ns3:cad>83</ns3:cad>
          </ns3:TrackPointExtension>
        </extensions>
      </trkpt>
      <trkpt lat="35.75733262114226818084716796875" lon="139.53592448495328426361083984375">
        <ele>53.200000762939453125</ele>
        <time>2026-08-26T09:17:59.000Z</time>
        <extensions>
          <ns3:TrackPointExtension>
            <ns3:hr>74</ns3:hr>
            <ns3:cad>82</ns3:cad>
          </ns3:TrackPointExtension>
        </extensions>
      </trkpt>
      <trkpt lat="35.75734050013124942779541015625" lon="139.53594711609184741973876953125">
        <ele>53.200000762939453125</ele>
        <time>2026-08-26T09:18:00.000Z</time>
        <extensions>
          <ns3:TrackPointExtension>
            <ns3:hr>76</ns3:hr>
            <ns3:cad>82</ns3:cad>
          </ns3:TrackPointExtension>
        </extensions>
      </trkpt>
      <trkpt lat="35.75735558755695819854736328125" lon="139.535967819392681121826171875">
        <ele>53.200000762939453125</ele>
        <time>2026-08-26T09:18:01.000Z</time>
        <extensions>
          <ns3:TrackPointExtension>
            <ns3:hr>78</ns3:hr>
            <ns3:cad>82</ns3:cad>
          </ns3:TrackPointExtension>
        </extensions>
      </trkpt>
      <trkpt lat="35.75738928280770778656005859375" lon="139.53600562177598476409912109375">
        <ele>53.40000152587890625</ele>
        <time>2026-08-26T09:18:02.000Z</time>
        <extensions>
          <ns3:TrackPointExtension>
            <ns3:hr>80</ns3:hr>
            <ns3:cad>81</ns3:cad>
          </ns3:TrackPointExtension>
        </extensions>
      </trkpt>
      <trkpt lat="35.75740101747214794158935546875" lon="139.5360244810581207275390625">
        <ele>53.40000152587890625</ele>
        <time>2026-08-26T09:18:03.000Z</time>
        <extensions>
          <ns3:TrackPointExtension>
            <ns3:hr>82</ns3:hr>
            <ns3:cad>81</ns3:cad>
          </ns3:TrackPointExtension>
        </extensions>
      </trkpt>
      <trkpt lat="35.75740101747214794158935546875" lon="139.5360244810581207275390625">
        <ele>53.40000152587890625</ele>
        <time>2026-08-26T09:18:04.000Z</time>
        <extensions>
          <ns3:TrackPointExtension>
            <ns3:hr>84</ns3:hr>
            <ns3:cad>81</ns3:cad>
          </ns3:TrackPointExtension>
        </extensions>
      </trkpt>
      <trkpt lat="35.757410489022731781005859375" lon="139.5360459387302398681640625">
        <ele>53.40000152587890625</ele>
        <time>2026-08-26T09:18:05.000Z</time>
        <extensions>
          <ns3:TrackPointExtension>
            <ns3:hr>85</ns3:hr>
            <ns3:cad>81</ns3:cad>
          </ns3:TrackPointExtension>
        </extensions>
      </trkpt>
      <trkpt lat="35.75742130167782306671142578125" lon="139.53606463037431240081787109375">
        <ele>53.40000152587890625</ele>
        <time>2026-08-26T09:18:06.000Z</time>
        <extensions>
          <ns3:TrackPointExtension>
            <ns3:hr>87</ns3:hr>
            <ns3:cad>80</ns3:cad>
          </ns3:TrackPointExtension>
        </extensions>
      </trkpt>
      <trkpt lat="35.757431946694850921630859375" lon="139.53608307056128978729248046875">
        <ele>53.40000152587890625</ele>
        <time>2026-08-26T09:18:07.000Z</time>
        <extensions>
          <ns3:TrackPointExtension>
            <ns3:hr>88</ns3:hr>
            <ns3:cad>80</ns3:cad>
          </ns3:TrackPointExtension>
        </extensions>
      </trkpt>
      <trkpt lat="35.75744234025478363037109375" lon="139.53610084019601345062255859375">
        <ele>53.59999847412109375</ele>
        <time>2026-08-26T09:18:08.000Z</time>
        <extensions>
          <ns3:TrackPointExtension>
            <ns3:hr>89</ns3:hr>
            <ns3:cad>80</ns3:cad>
          </ns3:TrackPointExtension>
        </extensions>
      </trkpt>
      <trkpt lat="35.757446698844432830810546875" lon="139.5361208729445934295654296875">
        <ele>53.59999847412109375</ele>
        <time>2026-08-26T09:18:09.000Z</time>
        <extensions>
          <ns3:TrackPointExtension>
            <ns3:hr>91</ns3:hr>
            <ns3:cad>80</ns3:cad>
          </ns3:TrackPointExtension>
        </extensions>
      </trkpt>
      <trkpt lat="35.7574552483856678009033203125" lon="139.5361426658928394317626953125">
        <ele>53.59999847412109375</ele>
        <time>2026-08-26T09:18:10.000Z</time>
        <extensions>
          <ns3:TrackPointExtension>
            <ns3:hr>92</ns3:hr>
            <ns3:cad>81</ns3:cad>
          </ns3:TrackPointExtension>
        </extensions>
      </trkpt>
      <trkpt lat="35.7574626244604587554931640625" lon="139.536162950098514556884765625">
        <ele>53.799999237060546875</ele>
        <time>2026-08-26T09:18:11.000Z</time>
        <extensions>
          <ns3:TrackPointExtension>
            <ns3:hr>94</ns3:hr>
            <ns3:cad>83</ns3:cad>
          </ns3:TrackPointExtension>
        </extensions>
      </trkpt>
      <trkpt lat="35.75747058726847171783447265625" lon="139.53618315048515796661376953125">
        <ele>53.799999237060546875</ele>
        <time>2026-08-26T09:18:12.000Z</time>
        <extensions>
          <ns3:TrackPointExtension>
            <ns3:hr>96</ns3:hr>
            <ns3:cad>82</ns3:cad>
          </ns3:TrackPointExtension>
        </extensions>
      </trkpt>
      <trkpt lat="35.75747863389551639556884765625" lon="139.53620209358632564544677734375">
        <ele>53.799999237060546875</ele>
        <time>2026-08-26T09:18:13.000Z</time>
        <extensions>
          <ns3:TrackPointExtension>
            <ns3:hr>97</ns3:hr>
            <ns3:cad>82</ns3:cad>
          </ns3:TrackPointExtension>
        </extensions>
      </trkpt>
      <trkpt lat="35.75748148374259471893310546875" lon="139.5362227968871593475341796875">
        <ele>53.799999237060546875</ele>
        <time>2026-08-26T09:18:14.000Z</time>
        <extensions>
          <ns3:TrackPointExtension>
            <ns3:hr>98</ns3:hr>
            <ns3:cad>82</ns3:cad>
          </ns3:TrackPointExtension>
        </extensions>
      </trkpt>
      <trkpt lat="35.75748684816062450408935546875" lon="139.53624668531119823455810546875">
        <ele>53.799999237060546875</ele>
        <time>2026-08-26T09:18:15.000Z</time>
        <extensions>
          <ns3:TrackPointExtension>
            <ns3:hr>99</ns3:hr>
            <ns3:cad>82</ns3:cad>
          </ns3:TrackPointExtension>
        </extensions>
      </trkpt>
      <trkpt lat="35.7574938051402568817138671875" lon="139.53626948408782482147216796875">
        <ele>53.799999237060546875</ele>
        <time>2026-08-26T09:18:16.000Z</time>
        <extensions>
          <ns3:TrackPointExtension>
            <ns3:hr>100</ns3:hr>
            <ns3:cad>82</ns3:cad>
          </ns3:TrackPointExtension>
        </extensions>
      </trkpt>
      <trkpt lat="35.75750461779534816741943359375" lon="139.5362895168364048004150390625">
        <ele>53.799999237060546875</ele>
        <time>2026-08-26T09:18:17.000Z</time>
        <extensions>
          <ns3:TrackPointExtension>
            <ns3:hr>101</ns3:hr>
            <ns3:cad>82</ns3:cad>
          </ns3:TrackPointExtension>
        </extensions>
      </trkpt>
      <trkpt lat="35.75751744210720062255859375" lon="139.5363099686801433563232421875">
        <ele>53.799999237060546875</ele>
        <time>2026-08-26T09:18:18.000Z</time>
        <extensions>
          <ns3:TrackPointExtension>
            <ns3:hr>103</ns3:hr>
            <ns3:cad>81</ns3:cad>
          </ns3:TrackPointExtension>
        </extensions>
      </trkpt>
      <trkpt lat="35.75753143988549709320068359375" lon="139.5363300852477550506591796875">
        <ele>54</ele>
        <time>2026-08-26T09:18:19.000Z</time>
        <extensions>
          <ns3:TrackPointExtension>
            <ns3:hr>104</ns3:hr>
            <ns3:cad>81</ns3:cad>
          </ns3:TrackPointExtension>
        </extensions>
      </trkpt>
      <trkpt lat="35.7575427554547786712646484375" lon="139.53635129146277904510498046875">
        <ele>54</ele>
        <time>2026-08-26T09:18:20.000Z</time>
        <extensions>
          <ns3:TrackPointExtension>
            <ns3:hr>106</ns3:hr>
            <ns3:cad>81</ns3:cad>
          </ns3:TrackPointExtension>
        </extensions>
      </trkpt>
      <trkpt lat="35.75755365192890167236328125" lon="139.536376185715198516845703125">
        <ele>54</ele>
        <time>2026-08-26T09:18:21.000Z</time>
        <extensions>
          <ns3:TrackPointExtension>
            <ns3:hr>107</ns3:hr>
            <ns3:cad>81</ns3:cad>
          </ns3:TrackPointExtension>
        </extensions>
      </trkpt>
      <trkpt lat="35.75756303966045379638671875" lon="139.5364001579582691192626953125">
        <ele>54</ele>
        <time>2026-08-26T09:18:22.000Z</time>
        <extensions>
          <ns3:TrackPointExtension>
            <ns3:hr>109</ns3:hr>
            <ns3:cad>81</ns3:cad>
          </ns3:TrackPointExtension>
        </extensions>
      </trkpt>
      <trkpt lat="35.757573433220386505126953125" lon="139.5364259742200374603271484375">
        <ele>54</ele>
        <time>2026-08-26T09:18:23.000Z</time>
        <extensions>
          <ns3:TrackPointExtension>
            <ns3:hr>110</ns3:hr>
            <ns3:cad>80</ns3:cad>
          </ns3:TrackPointExtension>
        </extensions>
      </trkpt>
      <trkpt lat="35.757584162056446075439453125" lon="139.53645405359566211700439453125">
        <ele>54</ele>
        <time>2026-08-26T09:18:24.000Z</time>
        <extensions>
          <ns3:TrackPointExtension>
            <ns3:hr>111</ns3:hr>
            <ns3:cad>80</ns3:cad>
          </ns3:TrackPointExtension>
        </extensions>
      </trkpt>
      <trkpt lat="35.7575990818440914154052734375" lon="139.53647936694324016571044921875">
        <ele>53.799999237060546875</ele>
        <time>2026-08-26T09:18:25.000Z</time>
        <extensions>
          <ns3:TrackPointExtension>
            <ns3:hr>111</ns3:hr>
            <ns3:cad>81</ns3:cad>
          </ns3:TrackPointExtension>
        </extensions>
      </trkpt>
      <trkpt lat="35.75760905630886554718017578125" lon="139.5365019142627716064453125">
        <ele>53.799999237060546875</ele>
        <time>2026-08-26T09:18:26.000Z</time>
        <extensions>
          <ns3:TrackPointExtension>
            <ns3:hr>111</ns3:hr>
            <ns3:cad>81</ns3:cad>
          </ns3:TrackPointExtension>
        </extensions>
      </trkpt>
      <trkpt lat="35.7576191984117031097412109375" lon="139.53652203083038330078125">
        <ele>53.799999237060546875</ele>
        <time>2026-08-26T09:18:27.000Z</time>
        <extensions>
          <ns3:TrackPointExtension>
            <ns3:hr>112</ns3:hr>
            <ns3:cad>81</ns3:cad>
          </ns3:TrackPointExtension>
        </extensions>
      </trkpt>
      <trkpt lat="35.75762531720101833343505859375" lon="139.53654206357896327972412109375">
        <ele>53.799999237060546875</ele>
        <time>2026-08-26T09:18:28.000Z</time>
        <extensions>
          <ns3:TrackPointExtension>
            <ns3:hr>112</ns3:hr>
            <ns3:cad>82</ns3:cad>
          </ns3:TrackPointExtension>
        </extensions>
      </trkpt>
      <trkpt lat="35.75762875378131866455078125" lon="139.5365647785365581512451171875">
        <ele>53.799999237060546875</ele>
        <time>2026-08-26T09:18:29.000Z</time>
        <extensions>
          <ns3:TrackPointExtension>
            <ns3:hr>113</ns3:hr>
            <ns3:cad>82</ns3:cad>
          </ns3:TrackPointExtension>
        </extensions>
      </trkpt>
      <trkpt lat="35.7576379738748073577880859375" lon="139.53658439218997955322265625">
        <ele>53.799999237060546875</ele>
        <time>2026-08-26T09:18:30.000Z</time>
        <extensions>
          <ns3:TrackPointExtension>
            <ns3:hr>113</ns3:hr>
            <ns3:cad>81</ns3:cad>
          </ns3:TrackPointExtension>
        </extensions>
      </trkpt>
      <trkpt lat="35.75764878652989864349365234375" lon="139.5366026647388935089111328125">
        <ele>53.799999237060546875</ele>
        <time>2026-08-26T09:18:31.000Z</time>
        <extensions>
          <ns3:TrackPointExtension>
            <ns3:hr>114</ns3:hr>
            <ns3:cad>81</ns3:cad>
          </ns3:TrackPointExtension>
        </extensions>
      </trkpt>
      <trkpt lat="35.7576470263302326202392578125" lon="139.536624290049076080322265625">
        <ele>53.59999847412109375</ele>
        <time>2026-08-26T09:18:32.000Z</time>
        <extensions>
          <ns3:TrackPointExtension>
            <ns3:hr>114</ns3:hr>
            <ns3:cad>80</ns3:cad>
          </ns3:TrackPointExtension>
        </extensions>
      </trkpt>
      <trkpt lat="35.7576443441212177276611328125" lon="139.53664784319698810577392578125">
        <ele>53.40000152587890625</ele>
        <time>2026-08-26T09:18:33.000Z</time>
        <extensions>
          <ns3:TrackPointExtension>
            <ns3:hr>114</ns3:hr>
            <ns3:cad>81</ns3:cad>
          </ns3:TrackPointExtension>
        </extensions>
      </trkpt>
      <trkpt lat="35.7577056996524333953857421875" lon="139.53672009520232677459716796875">
        <ele>52.59999847412109375</ele>
        <time>2026-08-26T09:18:38.000Z</time>
        <extensions>
          <ns3:TrackPointExtension>
            <ns3:hr>116</ns3:hr>
            <ns3:cad>83</ns3:cad>
          </ns3:TrackPointExtension>
        </extensions>
      </trkpt>
      <trkpt lat="35.75770318508148193359375" lon="139.53674138523638248443603515625">
        <ele>52.40000152587890625</ele>
        <time>2026-08-26T09:18:39.000Z</time>
        <extensions>
          <ns3:TrackPointExtension>
            <ns3:hr>116</ns3:hr>
            <ns3:cad>83</ns3:cad>
          </ns3:TrackPointExtension>
        </extensions>
      </trkpt>
      <trkpt lat="35.757710896432399749755859375" lon="139.5367629267275333404541015625">
        <ele>52.40000152587890625</ele>
        <time>2026-08-26T09:18:40.000Z</time>
        <extensions>
          <ns3:TrackPointExtension>
            <ns3:hr>116</ns3:hr>
            <ns3:cad>82</ns3:cad>
          </ns3:TrackPointExtension>
        </extensions>
      </trkpt>
      <trkpt lat="35.7577184401452541351318359375" lon="139.5367914251983165740966796875">
        <ele>52.40000152587890625</ele>
        <time>2026-08-26T09:18:41.000Z</time>
        <extensions>
          <ns3:TrackPointExtension>
            <ns3:hr>117</ns3:hr>
            <ns3:cad>82</ns3:cad>
          </ns3:TrackPointExtension>
        </extensions>
      </trkpt>
      <trkpt lat="35.7577291689813137054443359375" lon="139.53681481070816516876220703125">
        <ele>52.40000152587890625</ele>
        <time>2026-08-26T09:18:42.000Z</time>
        <extensions>
          <ns3:TrackPointExtension>
            <ns3:hr>117</ns3:hr>
            <ns3:cad>81</ns3:cad>
          </ns3:TrackPointExtension>
        </extensions>
      </trkpt>
      <trkpt lat="35.75774014927446842193603515625" lon="139.53684431500732898712158203125">
        <ele>52.200000762939453125</ele>
        <time>2026-08-26T09:18:43.000Z</time>
        <extensions>
          <ns3:TrackPointExtension>
            <ns3:hr>117</ns3:hr>
            <ns3:cad>81</ns3:cad>
          </ns3:TrackPointExtension>
        </extensions>
      </trkpt>
      <trkpt lat="35.757746435701847076416015625" lon="139.5368735678493976593017578125">
        <ele>52.200000762939453125</ele>
        <time>2026-08-26T09:18:44.000Z</time>
        <extensions>
          <ns3:TrackPointExtension>
            <ns3:hr>117</ns3:hr>
            <ns3:cad>80</ns3:cad>
          </ns3:TrackPointExtension>
        </extensions>
      </trkpt>
      <trkpt lat="35.757755152881145477294921875" lon="139.5369047485291957855224609375">
        <ele>52.200000762939453125</ele>
        <time>2026-08-26T09:18:45.000Z</time>
        <extensions>
          <ns3:TrackPointExtension>
            <ns3:hr>118</ns3:hr>
            <ns3:cad>80</ns3:cad>
          </ns3:TrackPointExtension>
        </extensions>
      </trkpt>
      <trkpt lat="35.7577653788030147552490234375" lon="139.5369258709251880645751953125">
        <ele>52.200000762939453125</ele>
        <time>2026-08-26T09:18:46.000Z</time>
        <extensions>
          <ns3:TrackPointExtension>
            <ns3:hr>118</ns3:hr>
            <ns3:cad>80</ns3:cad>
          </ns3:TrackPointExtension>
        </extensions>
      </trkpt>
      <trkpt lat="35.75777233578264713287353515625" lon="139.5369453169405460357666015625">
        <ele>52.200000762939453125</ele>
        <time>2026-08-26T09:18:47.000Z</time>
        <extensions>
          <ns3:TrackPointExtension>
            <ns3:hr>118</ns3:hr>
            <ns3:cad>80</ns3:cad>
          </ns3:TrackPointExtension>
        </extensions>
      </trkpt>
      <trkpt lat="35.75778272934257984161376953125" lon="139.53696451149880886077880859375">
        <ele>52.200000762939453125</ele>
        <time>2026-08-26T09:18:48.000Z</time>
        <extensions>
          <ns3:TrackPointExtension>
            <ns3:hr>118</ns3:hr>
            <ns3:cad>80</ns3:cad>
          </ns3:TrackPointExtension>
        </extensions>
      </trkpt>
      <trkpt lat="35.75779379345476627349853515625" lon="139.5369885675609111785888671875">
        <ele>52.200000762939453125</ele>
        <time>2026-08-26T09:18:49.000Z</time>
        <extensions>
          <ns3:TrackPointExtension>
            <ns3:hr>118</ns3:hr>
            <ns3:cad>80</ns3:cad>
          </ns3:TrackPointExtension>
        </extensions>
      </trkpt>
      <trkpt lat="35.7578062824904918670654296875" lon="139.53701379708945751190185546875">
        <ele>52.200000762939453125</ele>
        <time>2026-08-26T09:18:50.000Z</time>
        <extensions>
          <ns3:TrackPointExtension>
            <ns3:hr>119</ns3:hr>
            <ns3:cad>81</ns3:cad>
          </ns3:TrackPointExtension>
        </extensions>
      </trkpt>
      <trkpt lat="35.75781726278364658355712890625" lon="139.53703760169446468353271484375">
        <ele>52.200000762939453125</ele>
        <time>2026-08-26T09:18:51.000Z</time>
        <extensions>
          <ns3:TrackPointExtension>
            <ns3:hr>119</ns3:hr>
            <ns3:cad>81</ns3:cad>
          </ns3:TrackPointExtension>
        </extensions>
      </trkpt>
      <trkpt lat="35.75782665051519870758056640625" lon="139.537060819566249847412109375">
        <ele>52.200000762939453125</ele>
        <time>2026-08-26T09:18:52.000Z</time>
        <extensions>
          <ns3:TrackPointExtension>
            <ns3:hr>119</ns3:hr>
            <ns3:cad>81</ns3:cad>
          </ns3:TrackPointExtension>
        </extensions>
      </trkpt>
      <trkpt lat="35.757835619151592254638671875" lon="139.53708034940063953399658203125">
        <ele>52.200000762939453125</ele>
        <time>2026-08-26T09:18:53.000Z</time>
        <extensions>
          <ns3:TrackPointExtension>
            <ns3:hr>119</ns3:hr>
            <ns3:cad>81</ns3:cad>
          </ns3:TrackPointExtension>
        </extensions>
      </trkpt>
      <trkpt lat="35.75784425251185894012451171875" lon="139.53710339963436126708984375">
        <ele>52.200000762939453125</ele>
        <time>2026-08-26T09:18:54.000Z</time>
        <extensions>
          <ns3:TrackPointExtension>
            <ns3:hr>119</ns3:hr>
            <ns3:cad>81</ns3:cad>
          </ns3:TrackPointExtension>
        </extensions>
      </trkpt>
      <trkpt lat="35.757850371301174163818359375" lon="139.53712619841098785400390625">
        <ele>52.200000762939453125</ele>
        <time>2026-08-26T09:18:55.000Z</time>
        <extensions>
          <ns3:TrackPointExtension>
            <ns3:hr>119</ns3:hr>
            <ns3:cad>81</ns3:cad>
          </ns3:TrackPointExtension>
        </extensions>
      </trkpt>
      <trkpt lat="35.7578565739095211029052734375" lon="139.537144638597965240478515625">
        <ele>52.200000762939453125</ele>
        <time>2026-08-26T09:18:56.000Z</time>
        <extensions>
          <ns3:TrackPointExtension>
            <ns3:hr>119</ns3:hr>
            <ns3:cad>81</ns3:cad>
          </ns3:TrackPointExtension>
        </extensions>
      </trkpt>
      <trkpt lat="35.757866464555263519287109375" lon="139.53716400079429149627685546875">
        <ele>52.200000762939453125</ele>
        <time>2026-08-26T09:18:57.000Z</time>
        <extensions>
          <ns3:TrackPointExtension>
            <ns3:hr>119</ns3:hr>
            <ns3:cad>81</ns3:cad>
          </ns3:TrackPointExtension>
        </extensions>
      </trkpt>
      <trkpt lat="35.7578753493726253509521484375" lon="139.537181854248046875">
        <ele>52.200000762939453125</ele>
        <time>2026-08-26T09:18:58.000Z</time>
        <extensions>
          <ns3:TrackPointExtension>
            <ns3:hr>120</ns3:hr>
            <ns3:cad>81</ns3:cad>
          </ns3:TrackPointExtension>
        </extensions>
      </trkpt>
      <trkpt lat="35.757887922227382659912109375" lon="139.53720021061599254608154296875">
        <ele>52</ele>
        <time>2026-08-26T09:18:59.000Z</time>
        <extensions>
          <ns3:TrackPointExtension>
            <ns3:hr>120</ns3:hr>
            <ns3:cad>80</ns3:cad>
          </ns3:TrackPointExtension>
        </extensions>
      </trkpt>
      <trkpt lat="35.75789957307279109954833984375" lon="139.53722007572650909423828125">
        <ele>52</ele>
        <time>2026-08-26T09:19:00.000Z</time>
        <extensions>
          <ns3:TrackPointExtension>
            <ns3:hr>120</ns3:hr>
            <ns3:cad>80</ns3:cad>
          </ns3:TrackPointExtension>
        </extensions>
      </trkpt>
      <trkpt lat="35.757910050451755523681640625" lon="139.5372417010366916656494140625">
        <ele>52</ele>
        <time>2026-08-26T09:19:01.000Z</time>
        <extensions>
          <ns3:TrackPointExtension>
            <ns3:hr>120</ns3:hr>
            <ns3:cad>80</ns3:cad>
          </ns3:TrackPointExtension>
        </extensions>
      </trkpt>
      <trkpt lat="35.757918767631053924560546875" lon="139.53725988976657390594482421875">
        <ele>52</ele>
        <time>2026-08-26T09:19:02.000Z</time>
        <extensions>
          <ns3:TrackPointExtension>
            <ns3:hr>120</ns3:hr>
            <ns3:cad>81</ns3:cad>
          </ns3:TrackPointExtension>
        </extensions>
      </trkpt>
      <trkpt lat="35.7579256407916545867919921875" lon="139.53728310763835906982421875">
        <ele>52</ele>
        <time>2026-08-26T09:19:03.000Z</time>
        <extensions>
          <ns3:TrackPointExtension>
            <ns3:hr>120</ns3:hr>
            <ns3:cad>80</ns3:cad>
          </ns3:TrackPointExtension>
        </extensions>
      </trkpt>
      <trkpt lat="35.7579320110380649566650390625" lon="139.5373057387769222259521484375">
        <ele>52</ele>
        <time>2026-08-26T09:19:04.000Z</time>
        <extensions>
          <ns3:TrackPointExtension>
            <ns3:hr>120</ns3:hr>
            <ns3:cad>80</ns3:cad>
          </ns3:TrackPointExtension>
        </extensions>
      </trkpt>
      <trkpt lat="35.7579390518367290496826171875" lon="139.5373275317251682281494140625">
        <ele>52</ele>
        <time>2026-08-26T09:19:05.000Z</time>
        <extensions>
          <ns3:TrackPointExtension>
            <ns3:hr>121</ns3:hr>
            <ns3:cad>80</ns3:cad>
          </ns3:TrackPointExtension>
        </extensions>
      </trkpt>
      <trkpt lat="35.7579477690160274505615234375" lon="139.53734873794019222259521484375">
        <ele>52</ele>
        <time>2026-08-26T09:19:06.000Z</time>
        <extensions>
          <ns3:TrackPointExtension>
            <ns3:hr>121</ns3:hr>
            <ns3:cad>81</ns3:cad>
          </ns3:TrackPointExtension>
        </extensions>
      </trkpt>
      <trkpt lat="35.75795841403305530548095703125" lon="139.53736935742199420928955078125">
        <ele>52</ele>
        <time>2026-08-26T09:19:07.000Z</time>
        <extensions>
          <ns3:TrackPointExtension>
            <ns3:hr>121</ns3:hr>
            <ns3:cad>81</ns3:cad>
          </ns3:TrackPointExtension>
        </extensions>
      </trkpt>
      <trkpt lat="35.75796671211719512939453125" lon="139.5373870432376861572265625">
        <ele>52</ele>
        <time>2026-08-26T09:19:08.000Z</time>
        <extensions>
          <ns3:TrackPointExtension>
            <ns3:hr>121</ns3:hr>
            <ns3:cad>81</ns3:cad>
          </ns3:TrackPointExtension>
        </extensions>
      </trkpt>
      <trkpt lat="35.7579732500016689300537109375" lon="139.53740607015788555145263671875">
        <ele>52</ele>
        <time>2026-08-26T09:19:09.000Z</time>
        <extensions>
          <ns3:TrackPointExtension>
            <ns3:hr>121</ns3:hr>
            <ns3:cad>80</ns3:cad>
          </ns3:TrackPointExtension>
        </extensions>
      </trkpt>
      <trkpt lat="35.7579786144196987152099609375" lon="139.53742451034486293792724609375">
        <ele>52</ele>
        <time>2026-08-26T09:19:10.000Z</time>
        <extensions>
          <ns3:TrackPointExtension>
            <ns3:hr>121</ns3:hr>
            <ns3:cad>80</ns3:cad>
          </ns3:TrackPointExtension>
        </extensions>
      </trkpt>
      <trkpt lat="35.75798858888447284698486328125" lon="139.53744445927441120147705078125">
        <ele>52.200000762939453125</ele>
        <time>2026-08-26T09:19:11.000Z</time>
        <extensions>
          <ns3:TrackPointExtension>
            <ns3:hr>122</ns3:hr>
            <ns3:cad>80</ns3:cad>
          </ns3:TrackPointExtension>
        </extensions>
      </trkpt>
      <trkpt lat="35.75799663551151752471923828125" lon="139.537467844784259796142578125">
        <ele>52.200000762939453125</ele>
        <time>2026-08-26T09:19:12.000Z</time>
        <extensions>
          <ns3:TrackPointExtension>
            <ns3:hr>122</ns3:hr>
            <ns3:cad>80</ns3:cad>
          </ns3:TrackPointExtension>
        </extensions>
      </trkpt>
      <trkpt lat="35.7580061070621013641357421875" lon="139.5374854467809200286865234375">
        <ele>52.40000152587890625</ele>
        <time>2026-08-26T09:19:13.000Z</time>
        <extensions>
          <ns3:TrackPointExtension>
            <ns3:hr>122</ns3:hr>
            <ns3:cad>79</ns3:cad>
          </ns3:TrackPointExtension>
        </extensions>
      </trkpt>
      <trkpt lat="35.75802328996360301971435546875" lon="139.537504725158214569091796875">
        <ele>52.40000152587890625</ele>
        <time>2026-08-26T09:19:14.000Z</time>
        <extensions>
          <ns3:TrackPointExtension>
            <ns3:hr>122</ns3:hr>
            <ns3:cad>79</ns3:cad>
          </ns3:TrackPointExtension>
        </extensions>
      </trkpt>
      <trkpt lat="35.75804181396961212158203125" lon="139.5375203154981136322021484375">
        <ele>52.59999847412109375</ele>
        <time>2026-08-26T09:19:15.000Z</time>
        <extensions>
          <ns3:TrackPointExtension>
            <ns3:hr>122</ns3:hr>
            <ns3:cad>78</ns3:cad>
          </ns3:TrackPointExtension>
        </extensions>
      </trkpt>
      <trkpt lat="35.75805363245308399200439453125" lon="139.5375384204089641571044921875">
        <ele>52.799999237060546875</ele>
        <time>2026-08-26T09:19:16.000Z</time>
        <extensions>
          <ns3:TrackPointExtension>
            <ns3:hr>122</ns3:hr>
            <ns3:cad>78</ns3:cad>
          </ns3:TrackPointExtension>
        </extensions>
      </trkpt>
      <trkpt lat="35.7580607570707798004150390625" lon="139.53755593858659267425537109375">
        <ele>52.799999237060546875</ele>
        <time>2026-08-26T09:19:17.000Z</time>
        <extensions>
          <ns3:TrackPointExtension>
            <ns3:hr>122</ns3:hr>
            <ns3:cad>77</ns3:cad>
          </ns3:TrackPointExtension>
        </extensions>
      </trkpt>
      <trkpt lat="35.75806503184139728546142578125" lon="139.537575803697109222412109375">
        <ele>53</ele>
        <time>2026-08-26T09:19:18.000Z</time>
        <extensions>
          <ns3:TrackPointExtension>
            <ns3:hr>122</ns3:hr>
            <ns3:cad>78</ns3:cad>
          </ns3:TrackPointExtension>
        </extensions>
      </trkpt>
      <trkpt lat="35.758068971335887908935546875" lon="139.5375960879027843475341796875">
        <ele>53</ele>
        <time>2026-08-26T09:19:19.000Z</time>
        <extensions>
          <ns3:TrackPointExtension>
            <ns3:hr>122</ns3:hr>
            <ns3:cad>79</ns3:cad>
          </ns3:TrackPointExtension>
        </extensions>
      </trkpt>
      <trkpt lat="35.7580746710300445556640625" lon="139.537610672414302825927734375">
        <ele>53</ele>
        <time>2026-08-26T09:19:20.000Z</time>
        <extensions>
          <ns3:TrackPointExtension>
            <ns3:hr>122</ns3:hr>
            <ns3:cad>79</ns3:cad>
          </ns3:TrackPointExtension>
        </extensions>
      </trkpt>
      <trkpt lat="35.7580812089145183563232421875" lon="139.53762651421129703521728515625">
        <ele>53</ele>
        <time>2026-08-26T09:19:21.000Z</time>
        <extensions>
          <ns3:TrackPointExtension>
            <ns3:hr>123</ns3:hr>
            <ns3:cad>79</ns3:cad>
          </ns3:TrackPointExtension>
        </extensions>
      </trkpt>
      <trkpt lat="35.7580899260938167572021484375" lon="139.537645541131496429443359375">
        <ele>53</ele>
        <time>2026-08-26T09:19:22.000Z</time>
        <extensions>
          <ns3:TrackPointExtension>
            <ns3:hr>123</ns3:hr>
            <ns3:cad>79</ns3:cad>
          </ns3:TrackPointExtension>
        </extensions>
      </trkpt>
      <trkpt lat="35.75809587724506855010986328125" lon="139.53766440041363239288330078125">
        <ele>53</ele>
        <time>2026-08-26T09:19:23.000Z</time>
        <extensions>
          <ns3:TrackPointExtension>
            <ns3:hr>123</ns3:hr>
            <ns3:cad>79</ns3:cad>
          </ns3:TrackPointExtension>
        </extensions>
      </trkpt>
      <trkpt lat="35.7581013254821300506591796875" lon="139.5376835949718952178955078125">
        <ele>53</ele>
        <time>2026-08-26T09:19:24.000Z</time>
        <extensions>
          <ns3:TrackPointExtension>
            <ns3:hr>123</ns3:hr>
            <ns3:cad>79</ns3:cad>
          </ns3:TrackPointExtension>
        </extensions>
      </trkpt>
      <trkpt lat="35.758106522262096405029296875" lon="139.53770748339593410491943359375">
        <ele>52.799999237060546875</ele>
        <time>2026-08-26T09:19:25.000Z</time>
        <extensions>
          <ns3:TrackPointExtension>
            <ns3:hr>124</ns3:hr>
            <ns3:cad>78</ns3:cad>
          </ns3:TrackPointExtension>
        </extensions>
      </trkpt>
      <trkpt lat="35.7581150718033313751220703125" lon="139.53772692941129207611083984375">
        <ele>52.799999237060546875</ele>
        <time>2026-08-26T09:19:26.000Z</time>
        <extensions>
          <ns3:TrackPointExtension>
            <ns3:hr>124</ns3:hr>
            <ns3:cad>77</ns3:cad>
          </ns3:TrackPointExtension>
        </extensions>
      </trkpt>
      <trkpt lat="35.75812504626810550689697265625" lon="139.53774536959826946258544921875">
        <ele>52.59999847412109375</ele>
        <time>2026-08-26T09:19:27.000Z</time>
        <extensions>
          <ns3:TrackPointExtension>
            <ns3:hr>124</ns3:hr>
            <ns3:cad>77</ns3:cad>
          </ns3:TrackPointExtension>
        </extensions>
      </trkpt>
      <trkpt lat="35.7581336796283721923828125" lon="139.53776816837489604949951171875">
        <ele>52.40000152587890625</ele>
        <time>2026-08-26T09:19:28.000Z</time>
        <extensions>
          <ns3:TrackPointExtension>
            <ns3:hr>124</ns3:hr>
            <ns3:cad>79</ns3:cad>
          </ns3:TrackPointExtension>
        </extensions>
      </trkpt>
      <trkpt lat="35.7581425644457340240478515625" lon="139.53779197297990322113037109375">
        <ele>52.40000152587890625</ele>
        <time>2026-08-26T09:19:29.000Z</time>
        <extensions>
          <ns3:TrackPointExtension>
            <ns3:hr>124</ns3:hr>
            <ns3:cad>79</ns3:cad>
          </ns3:TrackPointExtension>
        </extensions>
      </trkpt>
      <trkpt lat="35.7581522874534130096435546875" lon="139.53781443648040294647216796875">
        <ele>52.40000152587890625</ele>
        <time>2026-08-26T09:19:30.000Z</time>
        <extensions>
          <ns3:TrackPointExtension>
            <ns3:hr>124</ns3:hr>
            <ns3:cad>79</ns3:cad>
          </ns3:TrackPointExtension>
        </extensions>
      </trkpt>
      <trkpt lat="35.75816108845174312591552734375" lon="139.537838660180568695068359375">
        <ele>52.200000762939453125</ele>
        <time>2026-08-26T09:19:31.000Z</time>
        <extensions>
          <ns3:TrackPointExtension>
            <ns3:hr>124</ns3:hr>
            <ns3:cad>79</ns3:cad>
          </ns3:TrackPointExtension>
        </extensions>
      </trkpt>
      <trkpt lat="35.7581700570881366729736328125" lon="139.53785936348140239715576171875">
        <ele>52</ele>
        <time>2026-08-26T09:19:34.000Z</time>
        <extensions>
          <ns3:TrackPointExtension>
            <ns3:hr>124</ns3:hr>
            <ns3:cad>80</ns3:cad>
          </ns3:TrackPointExtension>
        </extensions>
      </trkpt>
      <trkpt lat="35.75818254612386226654052734375" lon="139.53789875842630863189697265625">
        <ele>52</ele>
        <time>2026-08-26T09:19:35.000Z</time>
        <extensions>
          <ns3:TrackPointExtension>
            <ns3:hr>124</ns3:hr>
            <ns3:cad>80</ns3:cad>
          </ns3:TrackPointExtension>
        </extensions>
      </trkpt>
      <trkpt lat="35.75818799436092376708984375" lon="139.53792415559291839599609375">
        <ele>52</ele>
        <time>2026-08-26T09:19:36.000Z</time>
        <extensions>
          <ns3:TrackPointExtension>
            <ns3:hr>124</ns3:hr>
            <ns3:cad>80</ns3:cad>
          </ns3:TrackPointExtension>
        </extensions>
      </trkpt>
      <trkpt lat="35.75819629244506359100341796875" lon="139.5379417575895786285400390625">
        <ele>52</ele>
        <time>2026-08-26T09:19:37.000Z</time>
        <extensions>
          <ns3:TrackPointExtension>
            <ns3:hr>124</ns3:hr>
            <ns3:cad>80</ns3:cad>
          </ns3:TrackPointExtension>
        </extensions>
      </trkpt>
      <trkpt lat="35.75820316560566425323486328125" lon="139.53796438872814178466796875">
        <ele>52</ele>
        <time>2026-08-26T09:19:38.000Z</time>
        <extensions>
          <ns3:TrackPointExtension>
            <ns3:hr>124</ns3:hr>
            <ns3:cad>80</ns3:cad>
          </ns3:TrackPointExtension>
        </extensions>
      </trkpt>
      <trkpt lat="35.75821255333721637725830078125" lon="139.53798710368573665618896484375">
        <ele>52</ele>
        <time>2026-08-26T09:19:39.000Z</time>
        <extensions>
          <ns3:TrackPointExtension>
            <ns3:hr>125</ns3:hr>
            <ns3:cad>80</ns3:cad>
          </ns3:TrackPointExtension>
        </extensions>
      </trkpt>
      <trkpt lat="35.75821842066943645477294921875" lon="139.53801375813782215118408203125">
        <ele>52</ele>
        <time>2026-08-26T09:19:40.000Z</time>
        <extensions>
          <ns3:TrackPointExtension>
            <ns3:hr>125</ns3:hr>
            <ns3:cad>80</ns3:cad>
          </ns3:TrackPointExtension>
        </extensions>
      </trkpt>
      <trkpt lat="35.75822495855391025543212890625" lon="139.5380415022373199462890625">
        <ele>51.799999237060546875</ele>
        <time>2026-08-26T09:19:41.000Z</time>
        <extensions>
          <ns3:TrackPointExtension>
            <ns3:hr>125</ns3:hr>
            <ns3:cad>80</ns3:cad>
          </ns3:TrackPointExtension>
        </extensions>
      </trkpt>
      <trkpt lat="35.75823669321835041046142578125" lon="139.53805851750075817108154296875">
        <ele>51.799999237060546875</ele>
        <time>2026-08-26T09:19:42.000Z</time>
        <extensions>
          <ns3:TrackPointExtension>
            <ns3:hr>125</ns3:hr>
            <ns3:cad>81</ns3:cad>
          </ns3:TrackPointExtension>
        </extensions>
      </trkpt>
      <trkpt lat="35.7582463324069976806640625" lon="139.53807779587805271148681640625">
        <ele>51.799999237060546875</ele>
        <time>2026-08-26T09:19:43.000Z</time>
        <extensions>
          <ns3:TrackPointExtension>
            <ns3:hr>125</ns3:hr>
            <ns3:cad>81</ns3:cad>
          </ns3:TrackPointExtension>
        </extensions>
      </trkpt>
      <trkpt lat="35.7582557201385498046875" lon="139.5381036959588527679443359375">
        <ele>51.799999237060546875</ele>
        <time>2026-08-26T09:19:44.000Z</time>
        <extensions>
          <ns3:TrackPointExtension>
            <ns3:hr>126</ns3:hr>
            <ns3:cad>82</ns3:cad>
          </ns3:TrackPointExtension>
        </extensions>
      </trkpt>
      <trkpt lat="35.7582651078701019287109375" lon="139.53812976367771625518798828125">
        <ele>51.799999237060546875</ele>
        <time>2026-08-26T09:19:45.000Z</time>
        <extensions>
          <ns3:TrackPointExtension>
            <ns3:hr>126</ns3:hr>
            <ns3:cad>81</ns3:cad>
          </ns3:TrackPointExtension>
        </extensions>
      </trkpt>
      <trkpt lat="35.7582771778106689453125" lon="139.538153819739818572998046875">
        <ele>51.799999237060546875</ele>
        <time>2026-08-26T09:19:46.000Z</time>
        <extensions>
          <ns3:TrackPointExtension>
            <ns3:hr>126</ns3:hr>
            <ns3:cad>81</ns3:cad>
          </ns3:TrackPointExtension>
        </extensions>
      </trkpt>
      <trkpt lat="35.75828899629414081573486328125" lon="139.53817049972712993621826171875">
        <ele>51.799999237060546875</ele>
        <time>2026-08-26T09:19:47.000Z</time>
        <extensions>
          <ns3:TrackPointExtension>
            <ns3:hr>126</ns3:hr>
            <ns3:cad>80</ns3:cad>
          </ns3:TrackPointExtension>
        </extensions>
      </trkpt>
      <trkpt lat="35.75830190442502498626708984375" lon="139.53818374313414096832275390625">
        <ele>51.799999237060546875</ele>
        <time>2026-08-26T09:19:48.000Z</time>
        <extensions>
          <ns3:TrackPointExtension>
            <ns3:hr>125</ns3:hr>
            <ns3:cad>80</ns3:cad>
          </ns3:TrackPointExtension>
        </extensions>
      </trkpt>
      <trkpt lat="35.7583142258226871490478515625" lon="139.5382010936737060546875">
        <ele>51.59999847412109375</ele>
        <time>2026-08-26T09:19:49.000Z</time>
        <extensions>
          <ns3:TrackPointExtension>
            <ns3:hr>125</ns3:hr>
            <ns3:cad>82</ns3:cad>
          </ns3:TrackPointExtension>
        </extensions>
      </trkpt>
      <trkpt lat="35.75832478702068328857421875" lon="139.53822053968906402587890625">
        <ele>51.59999847412109375</ele>
        <time>2026-08-26T09:19:50.000Z</time>
        <extensions>
          <ns3:TrackPointExtension>
            <ns3:hr>125</ns3:hr>
            <ns3:cad>82</ns3:cad>
          </ns3:TrackPointExtension>
        </extensions>
      </trkpt>
      <trkpt lat="35.758334510028362274169921875" lon="139.53824006952345371246337890625">
        <ele>51.59999847412109375</ele>
        <time>2026-08-26T09:19:51.000Z</time>
        <extensions>
          <ns3:TrackPointExtension>
            <ns3:hr>125</ns3:hr>
            <ns3:cad>82</ns3:cad>
          </ns3:TrackPointExtension>
        </extensions>
      </trkpt>
      <trkpt lat="35.75834632851183414459228515625" lon="139.53825985081493854522705078125">
        <ele>51.59999847412109375</ele>
        <time>2026-08-26T09:19:52.000Z</time>
        <extensions>
          <ns3:TrackPointExtension>
            <ns3:hr>125</ns3:hr>
            <ns3:cad>82</ns3:cad>
          </ns3:TrackPointExtension>
        </extensions>
      </trkpt>
      <trkpt lat="35.7583591528236865997314453125" lon="139.538278542459011077880859375">
        <ele>51.59999847412109375</ele>
        <time>2026-08-26T09:19:53.000Z</time>
        <extensions>
          <ns3:TrackPointExtension>
            <ns3:hr>126</ns3:hr>
            <ns3:cad>82</ns3:cad>
          </ns3:TrackPointExtension>
        </extensions>
      </trkpt>
      <trkpt lat="35.75836904346942901611328125" lon="139.53829539008438587188720703125">
        <ele>51.59999847412109375</ele>
        <time>2026-08-26T09:19:54.000Z</time>
        <extensions>
          <ns3:TrackPointExtension>
            <ns3:hr>126</ns3:hr>
            <ns3:cad>82</ns3:cad>
          </ns3:TrackPointExtension>
        </extensions>
      </trkpt>
      <trkpt lat="35.758376754820346832275390625" lon="139.53831617720425128936767578125">
        <ele>51.59999847412109375</ele>
        <time>2026-08-26T09:19:55.000Z</time>
        <extensions>
          <ns3:TrackPointExtension>
            <ns3:hr>126</ns3:hr>
            <ns3:cad>82</ns3:cad>
          </ns3:TrackPointExtension>
        </extensions>
      </trkpt>
      <trkpt lat="35.75838941149413585662841796875" lon="139.53833545558154582977294921875">
        <ele>51.59999847412109375</ele>
        <time>2026-08-26T09:19:56.000Z</time>
        <extensions>
          <ns3:TrackPointExtension>
            <ns3:hr>126</ns3:hr>
            <ns3:cad>82</ns3:cad>
          </ns3:TrackPointExtension>
        </extensions>
      </trkpt>
      <trkpt lat="35.758401565253734588623046875" lon="139.538353644311428070068359375">
        <ele>51.59999847412109375</ele>
        <time>2026-08-26T09:19:57.000Z</time>
        <extensions>
          <ns3:TrackPointExtension>
            <ns3:hr>126</ns3:hr>
            <ns3:cad>81</ns3:cad>
          </ns3:TrackPointExtension>
        </extensions>
      </trkpt>
      <trkpt lat="35.75841690413653850555419921875" lon="139.5383712463080883026123046875">
        <ele>51.59999847412109375</ele>
        <time>2026-08-26T09:19:58.000Z</time>
        <extensions>
          <ns3:TrackPointExtension>
            <ns3:hr>126</ns3:hr>
            <ns3:cad>81</ns3:cad>
          </ns3:TrackPointExtension>
        </extensions>
      </trkpt>
      <trkpt lat="35.7584260404109954833984375" lon="139.53838692046701908111572265625">
        <ele>51.59999847412109375</ele>
        <time>2026-08-26T09:19:59.000Z</time>
        <extensions>
          <ns3:TrackPointExtension>
            <ns3:hr>126</ns3:hr>
            <ns3:cad>81</ns3:cad>
          </ns3:TrackPointExtension>
        </extensions>
      </trkpt>
      <trkpt lat="35.75843350030481815338134765625" lon="139.53841097652912139892578125">
        <ele>51.59999847412109375</ele>
        <time>2026-08-26T09:20:00.000Z</time>
        <extensions>
          <ns3:TrackPointExtension>
            <ns3:hr>126</ns3:hr>
            <ns3:cad>81</ns3:cad>
          </ns3:TrackPointExtension>
        </extensions>
      </trkpt>
      <trkpt lat="35.7584416307508945465087890625" lon="139.53843536786735057830810546875">
        <ele>51.59999847412109375</ele>
        <time>2026-08-26T09:20:01.000Z</time>
        <extensions>
          <ns3:TrackPointExtension>
            <ns3:hr>126</ns3:hr>
            <ns3:cad>81</ns3:cad>
          </ns3:TrackPointExtension>
        </extensions>
      </trkpt>
      <trkpt lat="35.75844875536859035491943359375" lon="139.5384577475488185882568359375">
        <ele>51.59999847412109375</ele>
        <time>2026-08-26T09:20:02.000Z</time>
        <extensions>
          <ns3:TrackPointExtension>
            <ns3:hr>126</ns3:hr>
            <ns3:cad>81</ns3:cad>
          </ns3:TrackPointExtension>
        </extensions>
      </trkpt>
      <trkpt lat="35.75845747254788875579833984375" lon="139.53848398290574550628662109375">
        <ele>51.59999847412109375</ele>
        <time>2026-08-26T09:20:03.000Z</time>
        <extensions>
          <ns3:TrackPointExtension>
            <ns3:hr>126</ns3:hr>
            <ns3:cad>81</ns3:cad>
          </ns3:TrackPointExtension>
        </extensions>
      </trkpt>
      <trkpt lat="35.75846535153687000274658203125" lon="139.538511894643306732177734375">
        <ele>51.59999847412109375</ele>
        <time>2026-08-26T09:20:04.000Z</time>
        <extensions>
          <ns3:TrackPointExtension>
            <ns3:hr>126</ns3:hr>
            <ns3:cad>80</ns3:cad>
          </ns3:TrackPointExtension>
        </extensions>
      </trkpt>
      <trkpt lat="35.75847306288778781890869140625" lon="139.538533687591552734375">
        <ele>51.59999847412109375</ele>
        <time>2026-08-26T09:20:05.000Z</time>
        <extensions>
          <ns3:TrackPointExtension>
            <ns3:hr>126</ns3:hr>
            <ns3:cad>79</ns3:cad>
          </ns3:TrackPointExtension>
        </extensions>
      </trkpt>
      <trkpt lat="35.758482031524181365966796875" lon="139.53855690546333789825439453125">
        <ele>51.59999847412109375</ele>
        <time>2026-08-26T09:20:06.000Z</time>
        <extensions>
          <ns3:TrackPointExtension>
            <ns3:hr>126</ns3:hr>
            <ns3:cad>79</ns3:cad>
          </ns3:TrackPointExtension>
        </extensions>
      </trkpt>
      <trkpt lat="35.75849284417927265167236328125" lon="139.53857718966901302337646484375">
        <ele>51.59999847412109375</ele>
        <time>2026-08-26T09:20:07.000Z</time>
        <extensions>
          <ns3:TrackPointExtension>
            <ns3:hr>126</ns3:hr>
            <ns3:cad>79</ns3:cad>
          </ns3:TrackPointExtension>
        </extensions>
      </trkpt>
      <trkpt lat="35.7585053332149982452392578125" lon="139.53859948553144931793212890625">
        <ele>51.59999847412109375</ele>
        <time>2026-08-26T09:20:08.000Z</time>
        <extensions>
          <ns3:TrackPointExtension>
            <ns3:hr>126</ns3:hr>
            <ns3:cad>79</ns3:cad>
          </ns3:TrackPointExtension>
        </extensions>
      </trkpt>
      <trkpt lat="35.758518241345882415771484375" lon="139.53861943446099758148193359375">
        <ele>51.59999847412109375</ele>
        <time>2026-08-26T09:20:09.000Z</time>
        <extensions>
          <ns3:TrackPointExtension>
            <ns3:hr>126</ns3:hr>
            <ns3:cad>80</ns3:cad>
          </ns3:TrackPointExtension>
        </extensions>
      </trkpt>
      <trkpt lat="35.7585279643535614013671875" lon="139.53863988630473613739013671875">
        <ele>51.59999847412109375</ele>
        <time>2026-08-26T09:20:10.000Z</time>
        <extensions>
          <ns3:TrackPointExtension>
            <ns3:hr>126</ns3:hr>
            <ns3:cad>81</ns3:cad>
          </ns3:TrackPointExtension>
        </extensions>
      </trkpt>
      <trkpt lat="35.75854112394154071807861328125" lon="139.53865380026400089263916015625">
        <ele>51.59999847412109375</ele>
        <time>2026-08-26T09:20:11.000Z</time>
        <extensions>
          <ns3:TrackPointExtension>
            <ns3:hr>125</ns3:hr>
            <ns3:cad>81</ns3:cad>
          </ns3:TrackPointExtension>
        </extensions>
      </trkpt>
      <trkpt lat="35.75855151750147342681884765625" lon="139.53867173753678798675537109375">
        <ele>51.59999847412109375</ele>
        <time>2026-08-26T09:20:12.000Z</time>
        <extensions>
          <ns3:TrackPointExtension>
            <ns3:hr>125</ns3:hr>
            <ns3:cad>82</ns3:cad>
          </ns3:TrackPointExtension>
        </extensions>
      </trkpt>
      <trkpt lat="35.75855989940464496612548828125" lon="139.53869503922760486602783203125">
        <ele>51.40000152587890625</ele>
        <time>2026-08-26T09:20:13.000Z</time>
        <extensions>
          <ns3:TrackPointExtension>
            <ns3:hr>125</ns3:hr>
            <ns3:cad>82</ns3:cad>
          </ns3:TrackPointExtension>
        </extensions>
      </trkpt>
      <trkpt lat="35.758573226630687713623046875" lon="139.53871733509004116058349609375">
        <ele>51.40000152587890625</ele>
        <time>2026-08-26T09:20:14.000Z</time>
        <extensions>
          <ns3:TrackPointExtension>
            <ns3:hr>125</ns3:hr>
            <ns3:cad>81</ns3:cad>
          </ns3:TrackPointExtension>
        </extensions>
      </trkpt>
      <trkpt lat="35.75858722440898418426513671875" lon="139.5387356914579868316650390625">
        <ele>51.40000152587890625</ele>
        <time>2026-08-26T09:20:15.000Z</time>
        <extensions>
          <ns3:TrackPointExtension>
            <ns3:hr>125</ns3:hr>
            <ns3:cad>81</ns3:cad>
          </ns3:TrackPointExtension>
        </extensions>
      </trkpt>
      <trkpt lat="35.7585977017879486083984375" lon="139.538757987320423126220703125">
        <ele>51.40000152587890625</ele>
        <time>2026-08-26T09:20:16.000Z</time>
        <extensions>
          <ns3:TrackPointExtension>
            <ns3:hr>125</ns3:hr>
            <ns3:cad>81</ns3:cad>
          </ns3:TrackPointExtension>
        </extensions>
      </trkpt>
      <trkpt lat="35.75860985554754734039306640625" lon="139.5387806184589862823486328125">
        <ele>51.40000152587890625</ele>
        <time>2026-08-26T09:20:17.000Z</time>
        <extensions>
          <ns3:TrackPointExtension>
            <ns3:hr>125</ns3:hr>
            <ns3:cad>82</ns3:cad>
          </ns3:TrackPointExtension>
        </extensions>
      </trkpt>
      <trkpt lat="35.758622847497463226318359375" lon="139.53880400396883487701416015625">
        <ele>51.200000762939453125</ele>
        <time>2026-08-26T09:20:18.000Z</time>
        <extensions>
          <ns3:TrackPointExtension>
            <ns3:hr>126</ns3:hr>
            <ns3:cad>82</ns3:cad>
          </ns3:TrackPointExtension>
        </extensions>
      </trkpt>
      <trkpt lat="35.758633576333522796630859375" lon="139.53882537782192230224609375">
        <ele>51.200000762939453125</ele>
        <time>2026-08-26T09:20:19.000Z</time>
        <extensions>
          <ns3:TrackPointExtension>
            <ns3:hr>126</ns3:hr>
            <ns3:cad>82</ns3:cad>
          </ns3:TrackPointExtension>
        </extensions>
      </trkpt>
      <trkpt lat="35.75864522717893123626708984375" lon="139.5388369448482990264892578125">
        <ele>51.200000762939453125</ele>
        <time>2026-08-26T09:20:20.000Z</time>
        <extensions>
          <ns3:TrackPointExtension>
            <ns3:hr>127</ns3:hr>
            <ns3:cad>82</ns3:cad>
          </ns3:TrackPointExtension>
        </extensions>
      </trkpt>
      <trkpt lat="35.7586647570133209228515625" lon="139.5388396270573139190673828125">
        <ele>51.200000762939453125</ele>
        <time>2026-08-26T09:20:21.000Z</time>
        <extensions>
          <ns3:TrackPointExtension>
            <ns3:hr>127</ns3:hr>
            <ns3:cad>82</ns3:cad>
          </ns3:TrackPointExtension>
        </extensions>
      </trkpt>
      <trkpt lat="35.75868152081966400146484375" lon="139.53885278664529323577880859375">
        <ele>51.200000762939453125</ele>
        <time>2026-08-26T09:20:22.000Z</time>
        <extensions>
          <ns3:TrackPointExtension>
            <ns3:hr>128</ns3:hr>
            <ns3:cad>81</ns3:cad>
          </ns3:TrackPointExtension>
        </extensions>
      </trkpt>
      <trkpt lat="35.75869761407375335693359375" lon="139.5388557203114032745361328125">
        <ele>51.40000152587890625</ele>
        <time>2026-08-26T09:20:23.000Z</time>
        <extensions>
          <ns3:TrackPointExtension>
            <ns3:hr>128</ns3:hr>
            <ns3:cad>81</ns3:cad>
          </ns3:TrackPointExtension>
        </extensions>
      </trkpt>
      <trkpt lat="35.75870742090046405792236328125" lon="139.53887759707868099212646484375">
        <ele>51.40000152587890625</ele>
        <time>2026-08-26T09:20:24.000Z</time>
        <extensions>
          <ns3:TrackPointExtension>
            <ns3:hr>128</ns3:hr>
            <ns3:cad>81</ns3:cad>
          </ns3:TrackPointExtension>
        </extensions>
      </trkpt>
      <trkpt lat="35.7587182335555553436279296875" lon="139.53890182077884674072265625">
        <ele>51.59999847412109375</ele>
        <time>2026-08-26T09:20:25.000Z</time>
        <extensions>
          <ns3:TrackPointExtension>
            <ns3:hr>128</ns3:hr>
            <ns3:cad>81</ns3:cad>
          </ns3:TrackPointExtension>
        </extensions>
      </trkpt>
      <trkpt lat="35.7587313093245029449462890625" lon="139.53892461955547332763671875">
        <ele>51.799999237060546875</ele>
        <time>2026-08-26T09:20:26.000Z</time>
        <extensions>
          <ns3:TrackPointExtension>
            <ns3:hr>128</ns3:hr>
            <ns3:cad>79</ns3:cad>
          </ns3:TrackPointExtension>
        </extensions>
      </trkpt>
      <trkpt lat="35.758744888007640838623046875" lon="139.53894071280956268310546875">
        <ele>52</ele>
        <time>2026-08-26T09:20:27.000Z</time>
        <extensions>
          <ns3:TrackPointExtension>
            <ns3:hr>128</ns3:hr>
            <ns3:cad>79</ns3:cad>
          </ns3:TrackPointExtension>
        </extensions>
      </trkpt>
      <trkpt lat="35.75875905342400074005126953125" lon="139.5389536209404468536376953125">
        <ele>52</ele>
        <time>2026-08-26T09:20:28.000Z</time>
        <extensions>
          <ns3:TrackPointExtension>
            <ns3:hr>128</ns3:hr>
            <ns3:cad>79</ns3:cad>
          </ns3:TrackPointExtension>
        </extensions>
      </trkpt>
      <trkpt lat="35.75876911170780658721923828125" lon="139.53896828927099704742431640625">
        <ele>52.200000762939453125</ele>
        <time>2026-08-26T09:20:29.000Z</time>
        <extensions>
          <ns3:TrackPointExtension>
            <ns3:hr>128</ns3:hr>
            <ns3:cad>79</ns3:cad>
          </ns3:TrackPointExtension>
        </extensions>
      </trkpt>
      <trkpt lat="35.758781097829341888427734375" lon="139.5389827899634838104248046875">
        <ele>52.40000152587890625</ele>
        <time>2026-08-26T09:20:30.000Z</time>
        <extensions>
          <ns3:TrackPointExtension>
            <ns3:hr>128</ns3:hr>
            <ns3:cad>79</ns3:cad>
          </ns3:TrackPointExtension>
        </extensions>
      </trkpt>
      <trkpt lat="35.75879107229411602020263671875" lon="139.5389928482472896575927734375">
        <ele>52.59999847412109375</ele>
        <time>2026-08-26T09:20:31.000Z</time>
        <extensions>
          <ns3:TrackPointExtension>
            <ns3:hr>128</ns3:hr>
            <ns3:cad>79</ns3:cad>
          </ns3:TrackPointExtension>
        </extensions>
      </trkpt>
      <trkpt lat="35.758806578814983367919921875" lon="139.5390045829117298126220703125">
        <ele>52.799999237060546875</ele>
        <time>2026-08-26T09:20:32.000Z</time>
        <extensions>
          <ns3:TrackPointExtension>
            <ns3:hr>129</ns3:hr>
            <ns3:cad>79</ns3:cad>
          </ns3:TrackPointExtension>
        </extensions>
      </trkpt>
      <trkpt lat="35.7588225044310092926025390625" lon="139.53901321627199649810791015625">
        <ele>53</ele>
        <time>2026-08-26T09:20:33.000Z</time>
        <extensions>
          <ns3:TrackPointExtension>
            <ns3:hr>129</ns3:hr>
            <ns3:cad>79</ns3:cad>
          </ns3:TrackPointExtension>
        </extensions>
      </trkpt>
      <trkpt lat="35.75883650220930576324462890625" lon="139.53901841305196285247802734375">
        <ele>53</ele>
        <time>2026-08-26T09:20:34.000Z</time>
        <extensions>
          <ns3:TrackPointExtension>
            <ns3:hr>129</ns3:hr>
            <ns3:cad>79</ns3:cad>
          </ns3:TrackPointExtension>
        </extensions>
      </trkpt>
      <trkpt lat="35.75884672813117504119873046875" lon="139.53903031535446643829345703125">
        <ele>53</ele>
        <time>2026-08-26T09:20:35.000Z</time>
        <extensions>
          <ns3:TrackPointExtension>
            <ns3:hr>130</ns3:hr>
            <ns3:cad>78</ns3:cad>
          </ns3:TrackPointExtension>
        </extensions>
      </trkpt>
      <trkpt lat="35.75885645113885402679443359375" lon="139.53904540278017520904541015625">
        <ele>53</ele>
        <time>2026-08-26T09:20:36.000Z</time>
        <extensions>
          <ns3:TrackPointExtension>
            <ns3:hr>130</ns3:hr>
            <ns3:cad>78</ns3:cad>
          </ns3:TrackPointExtension>
        </extensions>
      </trkpt>
      <trkpt lat="35.75887036509811878204345703125" lon="139.53906275331974029541015625">
        <ele>52.799999237060546875</ele>
        <time>2026-08-26T09:20:37.000Z</time>
        <extensions>
          <ns3:TrackPointExtension>
            <ns3:hr>131</ns3:hr>
            <ns3:cad>78</ns3:cad>
          </ns3:TrackPointExtension>
        </extensions>
      </trkpt>
      <trkpt lat="35.75888226740062236785888671875" lon="139.53907859511673450469970703125">
        <ele>52.59999847412109375</ele>
        <time>2026-08-26T09:20:38.000Z</time>
        <extensions>
          <ns3:TrackPointExtension>
            <ns3:hr>131</ns3:hr>
            <ns3:cad>78</ns3:cad>
          </ns3:TrackPointExtension>
        </extensions>
      </trkpt>
      <trkpt lat="35.75889341533184051513671875" lon="139.53909468837082386016845703125">
        <ele>52.40000152587890625</ele>
        <time>2026-08-26T09:20:39.000Z</time>
        <extensions>
          <ns3:TrackPointExtension>
            <ns3:hr>132</ns3:hr>
            <ns3:cad>77</ns3:cad>
          </ns3:TrackPointExtension>
        </extensions>
      </trkpt>
      <trkpt lat="35.758903138339519500732421875" lon="139.5391091890633106231689453125">
        <ele>52.200000762939453125</ele>
        <time>2026-08-26T09:20:40.000Z</time>
        <extensions>
          <ns3:TrackPointExtension>
            <ns3:hr>132</ns3:hr>
            <ns3:cad>78</ns3:cad>
          </ns3:TrackPointExtension>
        </extensions>
      </trkpt>
      <trkpt lat="35.7589096762239933013916015625" lon="139.53912436030805110931396484375">
        <ele>52.200000762939453125</ele>
        <time>2026-08-26T09:20:41.000Z</time>
        <extensions>
          <ns3:TrackPointExtension>
            <ns3:hr>132</ns3:hr>
            <ns3:cad>78</ns3:cad>
          </ns3:TrackPointExtension>
        </extensions>
      </trkpt>
      <trkpt lat="35.75891797430813312530517578125" lon="139.53914246521890163421630859375">
        <ele>52.200000762939453125</ele>
        <time>2026-08-26T09:20:42.000Z</time>
        <extensions>
          <ns3:TrackPointExtension>
            <ns3:hr>132</ns3:hr>
            <ns3:cad>78</ns3:cad>
          </ns3:TrackPointExtension>
        </extensions>
      </trkpt>
      <trkpt lat="35.75892585329711437225341796875" lon="139.5391591452062129974365234375">
        <ele>52</ele>
        <time>2026-08-26T09:20:43.000Z</time>
        <extensions>
          <ns3:TrackPointExtension>
            <ns3:hr>132</ns3:hr>
            <ns3:cad>79</ns3:cad>
          </ns3:TrackPointExtension>
        </extensions>
      </trkpt>
      <trkpt lat="35.75893892906606197357177734375" lon="139.53918336890637874603271484375">
        <ele>52</ele>
        <time>2026-08-26T09:20:44.000Z</time>
        <extensions>
          <ns3:TrackPointExtension>
            <ns3:hr>132</ns3:hr>
            <ns3:cad>79</ns3:cad>
          </ns3:TrackPointExtension>
        </extensions>
      </trkpt>
      <trkpt lat="35.75895250774919986724853515625" lon="139.53920549713075160980224609375">
        <ele>51.799999237060546875</ele>
        <time>2026-08-26T09:20:45.000Z</time>
        <extensions>
          <ns3:TrackPointExtension>
            <ns3:hr>132</ns3:hr>
            <ns3:cad>80</ns3:cad>
          </ns3:TrackPointExtension>
        </extensions>
      </trkpt>
      <trkpt lat="35.758967511355876922607421875" lon="139.5392248593270778656005859375">
        <ele>51.59999847412109375</ele>
        <time>2026-08-26T09:20:46.000Z</time>
        <extensions>
          <ns3:TrackPointExtension>
            <ns3:hr>131</ns3:hr>
            <ns3:cad>80</ns3:cad>
          </ns3:TrackPointExtension>
        </extensions>
      </trkpt>
      <trkpt lat="35.75898167677223682403564453125" lon="139.5392453111708164215087890625">
        <ele>51.59999847412109375</ele>
        <time>2026-08-26T09:20:47.000Z</time>
        <extensions>
          <ns3:TrackPointExtension>
            <ns3:hr>131</ns3:hr>
            <ns3:cad>81</ns3:cad>
          </ns3:TrackPointExtension>
        </extensions>
      </trkpt>
      <trkpt lat="35.75899533927440643310546875" lon="139.53926534391939640045166015625">
        <ele>51.40000152587890625</ele>
        <time>2026-08-26T09:20:48.000Z</time>
        <extensions>
          <ns3:TrackPointExtension>
            <ns3:hr>131</ns3:hr>
            <ns3:cad>81</ns3:cad>
          </ns3:TrackPointExtension>
        </extensions>
      </trkpt>
      <trkpt lat="35.759007073938846588134765625" lon="139.53928445465862751007080078125">
        <ele>51.40000152587890625</ele>
        <time>2026-08-26T09:20:49.000Z</time>
        <extensions>
          <ns3:TrackPointExtension>
            <ns3:hr>130</ns3:hr>
            <ns3:cad>81</ns3:cad>
          </ns3:TrackPointExtension>
        </extensions>
      </trkpt>
      <trkpt lat="35.75901939533650875091552734375" lon="139.5393066667020320892333984375">
        <ele>51.40000152587890625</ele>
        <time>2026-08-26T09:20:50.000Z</time>
        <extensions>
          <ns3:TrackPointExtension>
            <ns3:hr>129</ns3:hr>
            <ns3:cad>80</ns3:cad>
          </ns3:TrackPointExtension>
        </extensions>
      </trkpt>
      <trkpt lat="35.75902962125837802886962890625" lon="139.53932384960353374481201171875">
        <ele>51.40000152587890625</ele>
        <time>2026-08-26T09:20:51.000Z</time>
        <extensions>
          <ns3:TrackPointExtension>
            <ns3:hr>129</ns3:hr>
            <ns3:cad>80</ns3:cad>
          </ns3:TrackPointExtension>
        </extensions>
      </trkpt>
      <trkpt lat="35.75904370285570621490478515625" lon="139.53933726064860820770263671875">
        <ele>51.40000152587890625</ele>
        <time>2026-08-26T09:20:52.000Z</time>
        <extensions>
          <ns3:TrackPointExtension>
            <ns3:hr>129</ns3:hr>
            <ns3:cad>80</ns3:cad>
          </ns3:TrackPointExtension>
        </extensions>
      </trkpt>
      <trkpt lat="35.759058706462383270263671875" lon="139.5393539406359195709228515625">
        <ele>51.40000152587890625</ele>
        <time>2026-08-26T09:20:53.000Z</time>
        <extensions>
          <ns3:TrackPointExtension>
            <ns3:hr>129</ns3:hr>
            <ns3:cad>80</ns3:cad>
          </ns3:TrackPointExtension>
        </extensions>
      </trkpt>
      <trkpt lat="35.75907572172582149505615234375" lon="139.53937145881354808807373046875">
        <ele>51.40000152587890625</ele>
        <time>2026-08-26T09:20:54.000Z</time>
        <extensions>
          <ns3:TrackPointExtension>
            <ns3:hr>129</ns3:hr>
            <ns3:cad>80</ns3:cad>
          </ns3:TrackPointExtension>
        </extensions>
      </trkpt>
      <trkpt lat="35.7590912282466888427734375" lon="139.5393878035247325897216796875">
        <ele>51.40000152587890625</ele>
        <time>2026-08-26T09:20:55.000Z</time>
        <extensions>
          <ns3:TrackPointExtension>
            <ns3:hr>129</ns3:hr>
            <ns3:cad>80</ns3:cad>
          </ns3:TrackPointExtension>
        </extensions>
      </trkpt>
      <trkpt lat="35.759106986224651336669921875" lon="139.53940565697848796844482421875">
        <ele>51.40000152587890625</ele>
        <time>2026-08-26T09:20:56.000Z</time>
        <extensions>
          <ns3:TrackPointExtension>
            <ns3:hr>129</ns3:hr>
            <ns3:cad>80</ns3:cad>
          </ns3:TrackPointExtension>
        </extensions>
      </trkpt>
      <trkpt lat="35.75912249274551868438720703125" lon="139.5394250191748142242431640625">
        <ele>51.40000152587890625</ele>
        <time>2026-08-26T09:20:57.000Z</time>
        <extensions>
          <ns3:TrackPointExtension>
            <ns3:hr>129</ns3:hr>
            <ns3:cad>80</ns3:cad>
          </ns3:TrackPointExtension>
        </extensions>
      </trkpt>
      <trkpt lat="35.75913808308541774749755859375" lon="139.53944454900920391082763671875">
        <ele>51.40000152587890625</ele>
        <time>2026-08-26T09:20:58.000Z</time>
        <extensions>
          <ns3:TrackPointExtension>
            <ns3:hr>129</ns3:hr>
            <ns3:cad>81</ns3:cad>
          </ns3:TrackPointExtension>
        </extensions>
      </trkpt>
      <trkpt lat="35.75915333814918994903564453125" lon="139.53946215100586414337158203125">
        <ele>51.200000762939453125</ele>
        <time>2026-08-26T09:20:59.000Z</time>
        <extensions>
          <ns3:TrackPointExtension>
            <ns3:hr>129</ns3:hr>
            <ns3:cad>81</ns3:cad>
          </ns3:TrackPointExtension>
        </extensions>
      </trkpt>
      <trkpt lat="35.75916809029877185821533203125" lon="139.53947774134576320648193359375">
        <ele>51.200000762939453125</ele>
        <time>2026-08-26T09:21:00.000Z</time>
        <extensions>
          <ns3:TrackPointExtension>
            <ns3:hr>129</ns3:hr>
            <ns3:cad>81</ns3:cad>
          </ns3:TrackPointExtension>
        </extensions>
      </trkpt>
      <trkpt lat="35.7591812498867511749267578125" lon="139.53949467279016971588134765625">
        <ele>51.200000762939453125</ele>
        <time>2026-08-26T09:21:01.000Z</time>
        <extensions>
          <ns3:TrackPointExtension>
            <ns3:hr>128</ns3:hr>
            <ns3:cad>80</ns3:cad>
          </ns3:TrackPointExtension>
        </extensions>
      </trkpt>
      <trkpt lat="35.75919591821730136871337890625" lon="139.53951495699584484100341796875">
        <ele>51.200000762939453125</ele>
        <time>2026-08-26T09:21:02.000Z</time>
        <extensions>
          <ns3:TrackPointExtension>
            <ns3:hr>128</ns3:hr>
            <ns3:cad>81</ns3:cad>
          </ns3:TrackPointExtension>
        </extensions>
      </trkpt>
      <trkpt lat="35.75920999981462955474853515625" lon="139.5395339839160442352294921875">
        <ele>51.200000762939453125</ele>
        <time>2026-08-26T09:21:03.000Z</time>
        <extensions>
          <ns3:TrackPointExtension>
            <ns3:hr>128</ns3:hr>
            <ns3:cad>81</ns3:cad>
          </ns3:TrackPointExtension>
        </extensions>
      </trkpt>
      <trkpt lat="35.75922190211713314056396484375" lon="139.53955317847430706024169921875">
        <ele>51.200000762939453125</ele>
        <time>2026-08-26T09:21:04.000Z</time>
        <extensions>
          <ns3:TrackPointExtension>
            <ns3:hr>128</ns3:hr>
            <ns3:cad>81</ns3:cad>
          </ns3:TrackPointExtension>
        </extensions>
      </trkpt>
      <trkpt lat="35.75923581607639789581298828125" lon="139.53957513906061649322509765625">
        <ele>51.200000762939453125</ele>
        <time>2026-08-26T09:21:05.000Z</time>
        <extensions>
          <ns3:TrackPointExtension>
            <ns3:hr>128</ns3:hr>
            <ns3:cad>81</ns3:cad>
          </ns3:TrackPointExtension>
        </extensions>
      </trkpt>
      <trkpt lat="35.75924838893115520477294921875" lon="139.53959542326629161834716796875">
        <ele>51.200000762939453125</ele>
        <time>2026-08-26T09:21:06.000Z</time>
        <extensions>
          <ns3:TrackPointExtension>
            <ns3:hr>128</ns3:hr>
            <ns3:cad>80</ns3:cad>
          </ns3:TrackPointExtension>
        </extensions>
      </trkpt>
      <trkpt lat="35.7592617161571979522705078125" lon="139.5396147854626178741455078125">
        <ele>51.200000762939453125</ele>
        <time>2026-08-26T09:21:07.000Z</time>
        <extensions>
          <ns3:TrackPointExtension>
            <ns3:hr>128</ns3:hr>
            <ns3:cad>80</ns3:cad>
          </ns3:TrackPointExtension>
        </extensions>
      </trkpt>
      <trkpt lat="35.75927420519292354583740234375" lon="139.53963766805827617645263671875">
        <ele>51.200000762939453125</ele>
        <time>2026-08-26T09:21:08.000Z</time>
        <extensions>
          <ns3:TrackPointExtension>
            <ns3:hr>128</ns3:hr>
            <ns3:cad>80</ns3:cad>
          </ns3:TrackPointExtension>
        </extensions>
      </trkpt>
      <trkpt lat="35.759286023676395416259765625" lon="139.53965845517814159393310546875">
        <ele>51.200000762939453125</ele>
        <time>2026-08-26T09:21:09.000Z</time>
        <extensions>
          <ns3:TrackPointExtension>
            <ns3:hr>128</ns3:hr>
            <ns3:cad>81</ns3:cad>
          </ns3:TrackPointExtension>
        </extensions>
      </trkpt>
      <trkpt lat="35.75930203311145305633544921875" lon="139.53967287205159664154052734375">
        <ele>51.200000762939453125</ele>
        <time>2026-08-26T09:21:10.000Z</time>
        <extensions>
          <ns3:TrackPointExtension>
            <ns3:hr>128</ns3:hr>
            <ns3:cad>81</ns3:cad>
          </ns3:TrackPointExtension>
        </extensions>
      </trkpt>
      <trkpt lat="35.759316869080066680908203125" lon="139.53969064168632030487060546875">
        <ele>51.200000762939453125</ele>
        <time>2026-08-26T09:21:11.000Z</time>
        <extensions>
          <ns3:TrackPointExtension>
            <ns3:hr>128</ns3:hr>
            <ns3:cad>80</ns3:cad>
          </ns3:TrackPointExtension>
        </extensions>
      </trkpt>
      <trkpt lat="35.759328939020633697509765625" lon="139.53970639966428279876708984375">
        <ele>51.200000762939453125</ele>
        <time>2026-08-26T09:21:12.000Z</time>
        <extensions>
          <ns3:TrackPointExtension>
            <ns3:hr>128</ns3:hr>
            <ns3:cad>79</ns3:cad>
          </ns3:TrackPointExtension>
        </extensions>
      </trkpt>
      <trkpt lat="35.7593411765992641448974609375" lon="139.539719559252262115478515625">
        <ele>51.200000762939453125</ele>
        <time>2026-08-26T09:21:13.000Z</time>
        <extensions>
          <ns3:TrackPointExtension>
            <ns3:hr>128</ns3:hr>
            <ns3:cad>79</ns3:cad>
          </ns3:TrackPointExtension>
        </extensions>
      </trkpt>
      <trkpt lat="35.75935743749141693115234375" lon="139.5397420227527618408203125">
        <ele>51</ele>
        <time>2026-08-26T09:21:14.000Z</time>
        <extensions>
          <ns3:TrackPointExtension>
            <ns3:hr>128</ns3:hr>
            <ns3:cad>80</ns3:cad>
          </ns3:TrackPointExtension>
        </extensions>
      </trkpt>
      <trkpt lat="35.759371854364871978759765625" lon="139.5397592894732952117919921875">
        <ele>51</ele>
        <time>2026-08-26T09:21:15.000Z</time>
        <extensions>
          <ns3:TrackPointExtension>
            <ns3:hr>128</ns3:hr>
            <ns3:cad>81</ns3:cad>
          </ns3:TrackPointExtension>
        </extensions>
      </trkpt>
      <trkpt lat="35.7593861036002635955810546875" lon="139.53977798111736774444580078125">
        <ele>51</ele>
        <time>2026-08-26T09:21:16.000Z</time>
        <extensions>
          <ns3:TrackPointExtension>
            <ns3:hr>128</ns3:hr>
            <ns3:cad>81</ns3:cad>
          </ns3:TrackPointExtension>
        </extensions>
      </trkpt>
      <trkpt lat="35.75939758680760860443115234375" lon="139.53980027697980403900146484375">
        <ele>51</ele>
        <time>2026-08-26T09:21:17.000Z</time>
        <extensions>
          <ns3:TrackPointExtension>
            <ns3:hr>128</ns3:hr>
            <ns3:cad>81</ns3:cad>
          </ns3:TrackPointExtension>
        </extensions>
      </trkpt>
      <trkpt lat="35.75940898619592189788818359375" lon="139.53981553204357624053955078125">
        <ele>51</ele>
        <time>2026-08-26T09:21:18.000Z</time>
        <extensions>
          <ns3:TrackPointExtension>
            <ns3:hr>128</ns3:hr>
            <ns3:cad>81</ns3:cad>
          </ns3:TrackPointExtension>
        </extensions>
      </trkpt>
      <trkpt lat="35.7594238221645355224609375" lon="139.539836905896663665771484375">
        <ele>51</ele>
        <time>2026-08-26T09:21:19.000Z</time>
        <extensions>
          <ns3:TrackPointExtension>
            <ns3:hr>128</ns3:hr>
            <ns3:cad>81</ns3:cad>
          </ns3:TrackPointExtension>
        </extensions>
      </trkpt>
      <trkpt lat="35.7594380713999271392822265625" lon="139.53985710628330707550048828125">
        <ele>51</ele>
        <time>2026-08-26T09:21:20.000Z</time>
        <extensions>
          <ns3:TrackPointExtension>
            <ns3:hr>128</ns3:hr>
            <ns3:cad>81</ns3:cad>
          </ns3:TrackPointExtension>
        </extensions>
      </trkpt>
      <trkpt lat="35.7594491355121135711669921875" lon="139.5398747920989990234375">
        <ele>51</ele>
        <time>2026-08-26T09:21:21.000Z</time>
        <extensions>
          <ns3:TrackPointExtension>
            <ns3:hr>128</ns3:hr>
            <ns3:cad>81</ns3:cad>
          </ns3:TrackPointExtension>
        </extensions>
      </trkpt>
      <trkpt lat="35.75946648605167865753173828125" lon="139.53989800997078418731689453125">
        <ele>51.200000762939453125</ele>
        <time>2026-08-26T09:21:22.000Z</time>
        <extensions>
          <ns3:TrackPointExtension>
            <ns3:hr>128</ns3:hr>
            <ns3:cad>80</ns3:cad>
          </ns3:TrackPointExtension>
        </extensions>
      </trkpt>
      <trkpt lat="35.7594801485538482666015625" lon="139.5399168692529201507568359375">
        <ele>51.200000762939453125</ele>
        <time>2026-08-26T09:21:23.000Z</time>
        <extensions>
          <ns3:TrackPointExtension>
            <ns3:hr>128</ns3:hr>
            <ns3:cad>80</ns3:cad>
          </ns3:TrackPointExtension>
        </extensions>
      </trkpt>
      <trkpt lat="35.75949381105601787567138671875" lon="139.53993539325892925262451171875">
        <ele>51.200000762939453125</ele>
        <time>2026-08-26T09:21:24.000Z</time>
        <extensions>
          <ns3:TrackPointExtension>
            <ns3:hr>128</ns3:hr>
            <ns3:cad>80</ns3:cad>
          </ns3:TrackPointExtension>
        </extensions>
      </trkpt>
      <trkpt lat="35.75950873084366321563720703125" lon="139.53995450399816036224365234375">
        <ele>51.200000762939453125</ele>
        <time>2026-08-26T09:21:25.000Z</time>
        <extensions>
          <ns3:TrackPointExtension>
            <ns3:hr>128</ns3:hr>
            <ns3:cad>80</ns3:cad>
          </ns3:TrackPointExtension>
        </extensions>
      </trkpt>
      <trkpt lat="35.7595218904316425323486328125" lon="139.5399725250899791717529296875">
        <ele>51.200000762939453125</ele>
        <time>2026-08-26T09:21:26.000Z</time>
        <extensions>
          <ns3:TrackPointExtension>
            <ns3:hr>128</ns3:hr>
            <ns3:cad>81</ns3:cad>
          </ns3:TrackPointExtension>
        </extensions>
      </trkpt>
      <trkpt lat="35.7595339603722095489501953125" lon="139.53998518176376819610595703125">
        <ele>51.200000762939453125</ele>
        <time>2026-08-26T09:21:27.000Z</time>
        <extensions>
          <ns3:TrackPointExtension>
            <ns3:hr>128</ns3:hr>
            <ns3:cad>82</ns3:cad>
          </ns3:TrackPointExtension>
        </extensions>
      </trkpt>
      <trkpt lat="35.759549550712108612060546875" lon="139.54000286757946014404296875">
        <ele>51</ele>
        <time>2026-08-26T09:21:28.000Z</time>
        <extensions>
          <ns3:TrackPointExtension>
            <ns3:hr>128</ns3:hr>
            <ns3:cad>82</ns3:cad>
          </ns3:TrackPointExtension>
        </extensions>
      </trkpt>
      <trkpt lat="35.75956757180392742156982421875" lon="139.5400258339941501617431640625">
        <ele>50.799999237060546875</ele>
        <time>2026-08-26T09:21:29.000Z</time>
        <extensions>
          <ns3:TrackPointExtension>
            <ns3:hr>129</ns3:hr>
            <ns3:cad>82</ns3:cad>
          </ns3:TrackPointExtension>
        </extensions>
      </trkpt>
      <trkpt lat="35.759583413600921630859375" lon="139.54004536382853984832763671875">
        <ele>50.799999237060546875</ele>
        <time>2026-08-26T09:21:30.000Z</time>
        <extensions>
          <ns3:TrackPointExtension>
            <ns3:hr>129</ns3:hr>
            <ns3:cad>81</ns3:cad>
          </ns3:TrackPointExtension>
        </extensions>
      </trkpt>
      <trkpt lat="35.759599506855010986328125" lon="139.54006698913872241973876953125">
        <ele>50.799999237060546875</ele>
        <time>2026-08-26T09:21:31.000Z</time>
        <extensions>
          <ns3:TrackPointExtension>
            <ns3:hr>130</ns3:hr>
            <ns3:cad>81</ns3:cad>
          </ns3:TrackPointExtension>
        </extensions>
      </trkpt>
      <trkpt lat="35.75961434282362461090087890625" lon="139.5400881953537464141845703125">
        <ele>50.59999847412109375</ele>
        <time>2026-08-26T09:21:32.000Z</time>
        <extensions>
          <ns3:TrackPointExtension>
            <ns3:hr>131</ns3:hr>
            <ns3:cad>81</ns3:cad>
          </ns3:TrackPointExtension>
        </extensions>
      </trkpt>
      <trkpt lat="35.75962875969707965850830078125" lon="139.54010856337845325469970703125">
        <ele>50.59999847412109375</ele>
        <time>2026-08-26T09:21:33.000Z</time>
        <extensions>
          <ns3:TrackPointExtension>
            <ns3:hr>131</ns3:hr>
            <ns3:cad>80</ns3:cad>
          </ns3:TrackPointExtension>
        </extensions>
      </trkpt>
      <trkpt lat="35.7596439309418201446533203125" lon="139.5401301048696041107177734375">
        <ele>50.59999847412109375</ele>
        <time>2026-08-26T09:21:34.000Z</time>
        <extensions>
          <ns3:TrackPointExtension>
            <ns3:hr>131</ns3:hr>
            <ns3:cad>80</ns3:cad>
          </ns3:TrackPointExtension>
        </extensions>
      </trkpt>
      <trkpt lat="35.75965926982462406158447265625" lon="139.540150724351406097412109375">
        <ele>50.59999847412109375</ele>
        <time>2026-08-26T09:21:35.000Z</time>
        <extensions>
          <ns3:TrackPointExtension>
            <ns3:hr>132</ns3:hr>
            <ns3:cad>80</ns3:cad>
          </ns3:TrackPointExtension>
        </extensions>
      </trkpt>
      <trkpt lat="35.75967418961226940155029296875" lon="139.54017075709998607635498046875">
        <ele>50.59999847412109375</ele>
        <time>2026-08-26T09:21:36.000Z</time>
        <extensions>
          <ns3:TrackPointExtension>
            <ns3:hr>131</ns3:hr>
            <ns3:cad>81</ns3:cad>
          </ns3:TrackPointExtension>
        </extensions>
      </trkpt>
      <trkpt lat="35.75969011522829532623291015625" lon="139.540189616382122039794921875">
        <ele>50.59999847412109375</ele>
        <time>2026-08-26T09:21:37.000Z</time>
        <extensions>
          <ns3:TrackPointExtension>
            <ns3:hr>131</ns3:hr>
            <ns3:cad>81</ns3:cad>
          </ns3:TrackPointExtension>
        </extensions>
      </trkpt>
      <trkpt lat="35.75970637612044811248779296875" lon="139.540206380188465118408203125">
        <ele>50.59999847412109375</ele>
        <time>2026-08-26T09:21:38.000Z</time>
        <extensions>
          <ns3:TrackPointExtension>
            <ns3:hr>131</ns3:hr>
            <ns3:cad>81</ns3:cad>
          </ns3:TrackPointExtension>
        </extensions>
      </trkpt>
      <trkpt lat="35.75972246937453746795654296875" lon="139.5402259938418865203857421875">
        <ele>50.59999847412109375</ele>
        <time>2026-08-26T09:21:39.000Z</time>
        <extensions>
          <ns3:TrackPointExtension>
            <ns3:hr>131</ns3:hr>
            <ns3:cad>81</ns3:cad>
          </ns3:TrackPointExtension>
        </extensions>
      </trkpt>
      <trkpt lat="35.75973353348672389984130859375" lon="139.54024133272469043731689453125">
        <ele>50.59999847412109375</ele>
        <time>2026-08-26T09:21:40.000Z</time>
        <extensions>
          <ns3:TrackPointExtension>
            <ns3:hr>131</ns3:hr>
            <ns3:cad>81</ns3:cad>
          </ns3:TrackPointExtension>
        </extensions>
      </trkpt>
      <trkpt lat="35.759748034179210662841796875" lon="139.540256001055240631103515625">
        <ele>50.59999847412109375</ele>
        <time>2026-08-26T09:21:41.000Z</time>
        <extensions>
          <ns3:TrackPointExtension>
            <ns3:hr>131</ns3:hr>
            <ns3:cad>81</ns3:cad>
          </ns3:TrackPointExtension>
        </extensions>
      </trkpt>
      <trkpt lat="35.759763456881046295166015625" lon="139.54026530496776103973388671875">
        <ele>50.59999847412109375</ele>
        <time>2026-08-26T09:21:42.000Z</time>
        <extensions>
          <ns3:TrackPointExtension>
            <ns3:hr>131</ns3:hr>
            <ns3:cad>81</ns3:cad>
          </ns3:TrackPointExtension>
        </extensions>
      </trkpt>
      <trkpt lat="35.75977929867804050445556640625" lon="139.54027553088963031768798828125">
        <ele>50.59999847412109375</ele>
        <time>2026-08-26T09:21:43.000Z</time>
        <extensions>
          <ns3:TrackPointExtension>
            <ns3:hr>131</ns3:hr>
            <ns3:cad>81</ns3:cad>
          </ns3:TrackPointExtension>
        </extensions>
      </trkpt>
      <trkpt lat="35.75979354791343212127685546875" lon="139.540286175906658172607421875">
        <ele>50.59999847412109375</ele>
        <time>2026-08-26T09:21:44.000Z</time>
        <extensions>
          <ns3:TrackPointExtension>
            <ns3:hr>131</ns3:hr>
            <ns3:cad>81</ns3:cad>
          </ns3:TrackPointExtension>
        </extensions>
      </trkpt>
      <trkpt lat="35.75980662368237972259521484375" lon="139.54030235297977924346923828125">
        <ele>50.59999847412109375</ele>
        <time>2026-08-26T09:21:45.000Z</time>
        <extensions>
          <ns3:TrackPointExtension>
            <ns3:hr>131</ns3:hr>
            <ns3:cad>81</ns3:cad>
          </ns3:TrackPointExtension>
        </extensions>
      </trkpt>
      <trkpt lat="35.75981835834681987762451171875" lon="139.54032339155673980712890625">
        <ele>50.799999237060546875</ele>
        <time>2026-08-26T09:21:46.000Z</time>
        <extensions>
          <ns3:TrackPointExtension>
            <ns3:hr>132</ns3:hr>
            <ns3:cad>80</ns3:cad>
          </ns3:TrackPointExtension>
        </extensions>
      </trkpt>
      <trkpt lat="35.759830512106418609619140625" lon="139.540347196161746978759765625">
        <ele>51</ele>
        <time>2026-08-26T09:21:47.000Z</time>
        <extensions>
          <ns3:TrackPointExtension>
            <ns3:hr>132</ns3:hr>
            <ns3:cad>79</ns3:cad>
          </ns3:TrackPointExtension>
        </extensions>
      </trkpt>
      <trkpt lat="35.75984149239957332611083984375" lon="139.5403725095093250274658203125">
        <ele>51.200000762939453125</ele>
        <time>2026-08-26T09:21:48.000Z</time>
        <extensions>
          <ns3:TrackPointExtension>
            <ns3:hr>132</ns3:hr>
            <ns3:cad>79</ns3:cad>
          </ns3:TrackPointExtension>
        </extensions>
      </trkpt>
      <trkpt lat="35.75985498726367950439453125" lon="139.540394134819507598876953125">
        <ele>51.40000152587890625</ele>
        <time>2026-08-26T09:21:49.000Z</time>
        <extensions>
          <ns3:TrackPointExtension>
            <ns3:hr>132</ns3:hr>
            <ns3:cad>80</ns3:cad>
          </ns3:TrackPointExtension>
        </extensions>
      </trkpt>
      <trkpt lat="35.7598678953945636749267578125" lon="139.54041332937777042388916015625">
        <ele>51.40000152587890625</ele>
        <time>2026-08-26T09:21:50.000Z</time>
        <extensions>
          <ns3:TrackPointExtension>
            <ns3:hr>132</ns3:hr>
            <ns3:cad>81</ns3:cad>
          </ns3:TrackPointExtension>
        </extensions>
      </trkpt>
      <trkpt lat="35.759878791868686676025390625" lon="139.5404326915740966796875">
        <ele>51.40000152587890625</ele>
        <time>2026-08-26T09:21:51.000Z</time>
        <extensions>
          <ns3:TrackPointExtension>
            <ns3:hr>132</ns3:hr>
            <ns3:cad>83</ns3:cad>
          </ns3:TrackPointExtension>
        </extensions>
      </trkpt>
      <trkpt lat="35.75989278964698314666748046875" lon="139.540450461208820343017578125">
        <ele>51.40000152587890625</ele>
        <time>2026-08-26T09:21:52.000Z</time>
        <extensions>
          <ns3:TrackPointExtension>
            <ns3:hr>132</ns3:hr>
            <ns3:cad>83</ns3:cad>
          </ns3:TrackPointExtension>
        </extensions>
      </trkpt>
      <trkpt lat="35.75990854762494564056396484375" lon="139.54046747647225856781005859375">
        <ele>51.200000762939453125</ele>
        <time>2026-08-26T09:21:53.000Z</time>
        <extensions>
          <ns3:TrackPointExtension>
            <ns3:hr>132</ns3:hr>
            <ns3:cad>83</ns3:cad>
          </ns3:TrackPointExtension>
        </extensions>
      </trkpt>
      <trkpt lat="35.75992397032678127288818359375" lon="139.5404878444969654083251953125">
        <ele>51</ele>
        <time>2026-08-26T09:21:54.000Z</time>
        <extensions>
          <ns3:TrackPointExtension>
            <ns3:hr>132</ns3:hr>
            <ns3:cad>82</ns3:cad>
          </ns3:TrackPointExtension>
        </extensions>
      </trkpt>
      <trkpt lat="35.75993754900991916656494140625" lon="139.54050536267459392547607421875">
        <ele>51</ele>
        <time>2026-08-26T09:21:55.000Z</time>
        <extensions>
          <ns3:TrackPointExtension>
            <ns3:hr>132</ns3:hr>
            <ns3:cad>80</ns3:cad>
          </ns3:TrackPointExtension>
        </extensions>
      </trkpt>
      <trkpt lat="35.75993754900991916656494140625" lon="139.54050536267459392547607421875">
        <ele>50.799999237060546875</ele>
        <time>2026-08-26T09:21:56.000Z</time>
        <extensions>
          <ns3:TrackPointExtension>
            <ns3:hr>132</ns3:hr>
            <ns3:cad>80</ns3:cad>
          </ns3:TrackPointExtension>
        </extensions>
      </trkpt>
      <trkpt lat="35.75996336527168750762939453125" lon="139.5405575819313526153564453125">
        <ele>50.799999237060546875</ele>
        <time>2026-08-26T09:21:57.000Z</time>
        <extensions>
          <ns3:TrackPointExtension>
            <ns3:hr>132</ns3:hr>
            <ns3:cad>81</ns3:cad>
          </ns3:TrackPointExtension>
        </extensions>
      </trkpt>
      <trkpt lat="35.75997526757419109344482421875" lon="139.54058012925088405609130859375">
        <ele>50.59999847412109375</ele>
        <time>2026-08-26T09:21:58.000Z</time>
        <extensions>
          <ns3:TrackPointExtension>
            <ns3:hr>132</ns3:hr>
            <ns3:cad>82</ns3:cad>
          </ns3:TrackPointExtension>
        </extensions>
      </trkpt>
      <trkpt lat="35.75998834334313869476318359375" lon="139.540600664913654327392578125">
        <ele>50.40000152587890625</ele>
        <time>2026-08-26T09:21:59.000Z</time>
        <extensions>
          <ns3:TrackPointExtension>
            <ns3:hr>132</ns3:hr>
            <ns3:cad>82</ns3:cad>
          </ns3:TrackPointExtension>
        </extensions>
      </trkpt>
      <trkpt lat="35.7600031793117523193359375" lon="139.54061918891966342926025390625">
        <ele>50.200000762939453125</ele>
        <time>2026-08-26T09:22:00.000Z</time>
        <extensions>
          <ns3:TrackPointExtension>
            <ns3:hr>132</ns3:hr>
            <ns3:cad>83</ns3:cad>
          </ns3:TrackPointExtension>
        </extensions>
      </trkpt>
      <trkpt lat="35.76001449488103389739990234375" lon="139.54063544981181621551513671875">
        <ele>50.200000762939453125</ele>
        <time>2026-08-26T09:22:01.000Z</time>
        <extensions>
          <ns3:TrackPointExtension>
            <ns3:hr>132</ns3:hr>
            <ns3:cad>83</ns3:cad>
          </ns3:TrackPointExtension>
        </extensions>
      </trkpt>
      <trkpt lat="35.76002606190741062164306640625" lon="139.5406566560268402099609375">
        <ele>50.200000762939453125</ele>
        <time>2026-08-26T09:22:02.000Z</time>
        <extensions>
          <ns3:TrackPointExtension>
            <ns3:hr>133</ns3:hr>
            <ns3:cad>83</ns3:cad>
          </ns3:TrackPointExtension>
        </extensions>
      </trkpt>
      <trkpt lat="35.76003469526767730712890625" lon="139.540677107870578765869140625">
        <ele>50.200000762939453125</ele>
        <time>2026-08-26T09:22:03.000Z</time>
        <extensions>
          <ns3:TrackPointExtension>
            <ns3:hr>134</ns3:hr>
            <ns3:cad>83</ns3:cad>
          </ns3:TrackPointExtension>
        </extensions>
      </trkpt>
      <trkpt lat="35.76004567556083202362060546875" lon="139.54070451669394969940185546875">
        <ele>50.200000762939453125</ele>
        <time>2026-08-26T09:22:04.000Z</time>
        <extensions>
          <ns3:TrackPointExtension>
            <ns3:hr>135</ns3:hr>
            <ns3:cad>83</ns3:cad>
          </ns3:TrackPointExtension>
        </extensions>
      </trkpt>
      <trkpt lat="35.7600536383688449859619140625" lon="139.54072530381381511688232421875">
        <ele>50.200000762939453125</ele>
        <time>2026-08-26T09:22:05.000Z</time>
        <extensions>
          <ns3:TrackPointExtension>
            <ns3:hr>136</ns3:hr>
            <ns3:cad>83</ns3:cad>
          </ns3:TrackPointExtension>
        </extensions>
      </trkpt>
      <trkpt lat="35.760065875947475433349609375" lon="139.54075246118009090423583984375">
        <ele>50.200000762939453125</ele>
        <time>2026-08-26T09:22:06.000Z</time>
        <extensions>
          <ns3:TrackPointExtension>
            <ns3:hr>136</ns3:hr>
            <ns3:cad>83</ns3:cad>
          </ns3:TrackPointExtension>
        </extensions>
      </trkpt>
      <trkpt lat="35.76007769443094730377197265625" lon="139.54078263603150844573974609375">
        <ele>50</ele>
        <time>2026-08-26T09:22:07.000Z</time>
        <extensions>
          <ns3:TrackPointExtension>
            <ns3:hr>136</ns3:hr>
            <ns3:cad>82</ns3:cad>
          </ns3:TrackPointExtension>
        </extensions>
      </trkpt>
      <trkpt lat="35.76008507050573825836181640625" lon="139.5408160798251628875732421875">
        <ele>50</ele>
        <time>2026-08-26T09:22:08.000Z</time>
        <extensions>
          <ns3:TrackPointExtension>
            <ns3:hr>135</ns3:hr>
            <ns3:cad>82</ns3:cad>
          </ns3:TrackPointExtension>
        </extensions>
      </trkpt>
      <trkpt lat="35.760092027485370635986328125" lon="139.54084239900112152099609375">
        <ele>50</ele>
        <time>2026-08-26T09:22:09.000Z</time>
        <extensions>
          <ns3:TrackPointExtension>
            <ns3:hr>135</ns3:hr>
            <ns3:cad>82</ns3:cad>
          </ns3:TrackPointExtension>
        </extensions>
      </trkpt>
      <trkpt lat="35.76010334305465221405029296875" lon="139.54087098129093647003173828125">
        <ele>50</ele>
        <time>2026-08-26T09:22:10.000Z</time>
        <extensions>
          <ns3:TrackPointExtension>
            <ns3:hr>135</ns3:hr>
            <ns3:cad>82</ns3:cad>
          </ns3:TrackPointExtension>
        </extensions>
      </trkpt>
      <trkpt lat="35.760114490985870361328125" lon="139.54089528881013393402099609375">
        <ele>50</ele>
        <time>2026-08-26T09:22:11.000Z</time>
        <extensions>
          <ns3:TrackPointExtension>
            <ns3:hr>134</ns3:hr>
            <ns3:cad>82</ns3:cad>
          </ns3:TrackPointExtension>
        </extensions>
      </trkpt>
      <trkpt lat="35.76013167388737201690673828125" lon="139.54092009924352169036865234375">
        <ele>50</ele>
        <time>2026-08-26T09:22:12.000Z</time>
        <extensions>
          <ns3:TrackPointExtension>
            <ns3:hr>134</ns3:hr>
            <ns3:cad>82</ns3:cad>
          </ns3:TrackPointExtension>
        </extensions>
      </trkpt>
      <trkpt lat="35.760145671665668487548828125" lon="139.54094172455370426177978515625">
        <ele>50</ele>
        <time>2026-08-26T09:22:13.000Z</time>
        <extensions>
          <ns3:TrackPointExtension>
            <ns3:hr>134</ns3:hr>
            <ns3:cad>81</ns3:cad>
          </ns3:TrackPointExtension>
        </extensions>
      </trkpt>
      <trkpt lat="35.76015665195882320404052734375" lon="139.54096452333033084869384765625">
        <ele>50</ele>
        <time>2026-08-26T09:22:14.000Z</time>
        <extensions>
          <ns3:TrackPointExtension>
            <ns3:hr>134</ns3:hr>
            <ns3:cad>81</ns3:cad>
          </ns3:TrackPointExtension>
        </extensions>
      </trkpt>
      <trkpt lat="35.76016637496650218963623046875" lon="139.5409917645156383514404296875">
        <ele>50</ele>
        <time>2026-08-26T09:22:15.000Z</time>
        <extensions>
          <ns3:TrackPointExtension>
            <ns3:hr>134</ns3:hr>
            <ns3:cad>81</ns3:cad>
          </ns3:TrackPointExtension>
        </extensions>
      </trkpt>
      <trkpt lat="35.7601776905357837677001953125" lon="139.54101808369159698486328125">
        <ele>50</ele>
        <time>2026-08-26T09:22:16.000Z</time>
        <extensions>
          <ns3:TrackPointExtension>
            <ns3:hr>134</ns3:hr>
            <ns3:cad>82</ns3:cad>
          </ns3:TrackPointExtension>
        </extensions>
      </trkpt>
      <trkpt lat="35.7601869106292724609375" lon="139.5410428941249847412109375">
        <ele>50</ele>
        <time>2026-08-26T09:22:17.000Z</time>
        <extensions>
          <ns3:TrackPointExtension>
            <ns3:hr>134</ns3:hr>
            <ns3:cad>82</ns3:cad>
          </ns3:TrackPointExtension>
        </extensions>
      </trkpt>
      <trkpt lat="35.7601941190659999847412109375" lon="139.54106778837740421295166015625">
        <ele>50</ele>
        <time>2026-08-26T09:22:18.000Z</time>
        <extensions>
          <ns3:TrackPointExtension>
            <ns3:hr>135</ns3:hr>
            <ns3:cad>82</ns3:cad>
          </ns3:TrackPointExtension>
        </extensions>
      </trkpt>
      <trkpt lat="35.7602028362452983856201171875" lon="139.54108958132565021514892578125">
        <ele>50</ele>
        <time>2026-08-26T09:22:19.000Z</time>
        <extensions>
          <ns3:TrackPointExtension>
            <ns3:hr>135</ns3:hr>
            <ns3:cad>82</ns3:cad>
          </ns3:TrackPointExtension>
        </extensions>
      </trkpt>
      <trkpt lat="35.7602145709097385406494140625" lon="139.54111271537840366363525390625">
        <ele>50</ele>
        <time>2026-08-26T09:22:20.000Z</time>
        <extensions>
          <ns3:TrackPointExtension>
            <ns3:hr>135</ns3:hr>
            <ns3:cad>82</ns3:cad>
          </ns3:TrackPointExtension>
        </extensions>
      </trkpt>
      <trkpt lat="35.76022337190806865692138671875" lon="139.5411355979740619659423828125">
        <ele>50</ele>
        <time>2026-08-26T09:22:21.000Z</time>
        <extensions>
          <ns3:TrackPointExtension>
            <ns3:hr>135</ns3:hr>
            <ns3:cad>81</ns3:cad>
          </ns3:TrackPointExtension>
        </extensions>
      </trkpt>
      <trkpt lat="35.76022907160222530364990234375" lon="139.54116082750260829925537109375">
        <ele>50</ele>
        <time>2026-08-26T09:22:22.000Z</time>
        <extensions>
          <ns3:TrackPointExtension>
            <ns3:hr>135</ns3:hr>
            <ns3:cad>81</ns3:cad>
          </ns3:TrackPointExtension>
        </extensions>
      </trkpt>
      <trkpt lat="35.76023477129638195037841796875" lon="139.5411872304975986480712890625">
        <ele>50</ele>
        <time>2026-08-26T09:22:23.000Z</time>
        <extensions>
          <ns3:TrackPointExtension>
            <ns3:hr>135</ns3:hr>
            <ns3:cad>81</ns3:cad>
          </ns3:TrackPointExtension>
        </extensions>
      </trkpt>
      <trkpt lat="35.7602420635521411895751953125" lon="139.54120575450360774993896484375">
        <ele>50</ele>
        <time>2026-08-26T09:22:24.000Z</time>
        <extensions>
          <ns3:TrackPointExtension>
            <ns3:hr>136</ns3:hr>
            <ns3:cad>80</ns3:cad>
          </ns3:TrackPointExtension>
        </extensions>
      </trkpt>
      <trkpt lat="35.760250948369503021240234375" lon="139.54122939147055149078369140625">
        <ele>50</ele>
        <time>2026-08-26T09:22:25.000Z</time>
        <extensions>
          <ns3:TrackPointExtension>
            <ns3:hr>136</ns3:hr>
            <ns3:cad>80</ns3:cad>
          </ns3:TrackPointExtension>
        </extensions>
      </trkpt>
      <trkpt lat="35.76025974936783313751220703125" lon="139.54125118441879749298095703125">
        <ele>50</ele>
        <time>2026-08-26T09:22:26.000Z</time>
        <extensions>
          <ns3:TrackPointExtension>
            <ns3:hr>136</ns3:hr>
            <ns3:cad>81</ns3:cad>
          </ns3:TrackPointExtension>
        </extensions>
      </trkpt>
      <trkpt lat="35.7602695561945438385009765625" lon="139.54127616249024868011474609375">
        <ele>50</ele>
        <time>2026-08-26T09:22:27.000Z</time>
        <extensions>
          <ns3:TrackPointExtension>
            <ns3:hr>136</ns3:hr>
            <ns3:cad>81</ns3:cad>
          </ns3:TrackPointExtension>
        </extensions>
      </trkpt>
      <trkpt lat="35.76027416624128818511962890625" lon="139.5413062535226345062255859375">
        <ele>50</ele>
        <time>2026-08-26T09:22:28.000Z</time>
        <extensions>
          <ns3:TrackPointExtension>
            <ns3:hr>136</ns3:hr>
            <ns3:cad>82</ns3:cad>
          </ns3:TrackPointExtension>
        </extensions>
      </trkpt>
      <trkpt lat="35.76027919538319110870361328125" lon="139.541333578526973724365234375">
        <ele>50</ele>
        <time>2026-08-26T09:22:29.000Z</time>
        <extensions>
          <ns3:TrackPointExtension>
            <ns3:hr>136</ns3:hr>
            <ns3:cad>82</ns3:cad>
          </ns3:TrackPointExtension>
        </extensions>
      </trkpt>
      <trkpt lat="35.760287158191204071044921875" lon="139.54136081971228122711181640625">
        <ele>50</ele>
        <time>2026-08-26T09:22:30.000Z</time>
        <extensions>
          <ns3:TrackPointExtension>
            <ns3:hr>137</ns3:hr>
            <ns3:cad>82</ns3:cad>
          </ns3:TrackPointExtension>
        </extensions>
      </trkpt>
      <trkpt lat="35.7602900080382823944091796875" lon="139.5413862168788909912109375">
        <ele>50</ele>
        <time>2026-08-26T09:22:31.000Z</time>
        <extensions>
          <ns3:TrackPointExtension>
            <ns3:hr>137</ns3:hr>
            <ns3:cad>82</ns3:cad>
          </ns3:TrackPointExtension>
        </extensions>
      </trkpt>
      <trkpt lat="35.7602930255234241485595703125" lon="139.5414088480174541473388671875">
        <ele>50</ele>
        <time>2026-08-26T09:22:32.000Z</time>
        <extensions>
          <ns3:TrackPointExtension>
            <ns3:hr>137</ns3:hr>
            <ns3:cad>81</ns3:cad>
          </ns3:TrackPointExtension>
        </extensions>
      </trkpt>
      <trkpt lat="35.76029797084629535675048828125" lon="139.541430808603763580322265625">
        <ele>50</ele>
        <time>2026-08-26T09:22:33.000Z</time>
        <extensions>
          <ns3:TrackPointExtension>
            <ns3:hr>137</ns3:hr>
            <ns3:cad>81</ns3:cad>
          </ns3:TrackPointExtension>
        </extensions>
      </trkpt>
      <trkpt lat="35.7603071071207523345947265625" lon="139.5414500869810581207275390625">
        <ele>50</ele>
        <time>2026-08-26T09:22:34.000Z</time>
        <extensions>
          <ns3:TrackPointExtension>
            <ns3:hr>137</ns3:hr>
            <ns3:cad>81</ns3:cad>
          </ns3:TrackPointExtension>
        </extensions>
      </trkpt>
      <trkpt lat="35.7603107951581478118896484375" lon="139.5414720475673675537109375">
        <ele>50</ele>
        <time>2026-08-26T09:22:35.000Z</time>
        <extensions>
          <ns3:TrackPointExtension>
            <ns3:hr>138</ns3:hr>
            <ns3:cad>81</ns3:cad>
          </ns3:TrackPointExtension>
        </extensions>
      </trkpt>
      <trkpt lat="35.760313309729099273681640625" lon="139.54150046221911907196044921875">
        <ele>50</ele>
        <time>2026-08-26T09:22:36.000Z</time>
        <extensions>
          <ns3:TrackPointExtension>
            <ns3:hr>138</ns3:hr>
            <ns3:cad>81</ns3:cad>
          </ns3:TrackPointExtension>
        </extensions>
      </trkpt>
      <trkpt lat="35.76031993143260478973388671875" lon="139.54152393154799938201904296875">
        <ele>49.799999237060546875</ele>
        <time>2026-08-26T09:22:37.000Z</time>
        <extensions>
          <ns3:TrackPointExtension>
            <ns3:hr>139</ns3:hr>
            <ns3:cad>81</ns3:cad>
          </ns3:TrackPointExtension>
        </extensions>
      </trkpt>
      <trkpt lat="35.76032429002225399017333984375" lon="139.54154723323881626129150390625">
        <ele>49.799999237060546875</ele>
        <time>2026-08-26T09:22:38.000Z</time>
        <extensions>
          <ns3:TrackPointExtension>
            <ns3:hr>139</ns3:hr>
            <ns3:cad>82</ns3:cad>
          </ns3:TrackPointExtension>
        </extensions>
      </trkpt>
      <trkpt lat="35.76032713986933231353759765625" lon="139.5415699481964111328125">
        <ele>49.799999237060546875</ele>
        <time>2026-08-26T09:22:39.000Z</time>
        <extensions>
          <ns3:TrackPointExtension>
            <ns3:hr>139</ns3:hr>
            <ns3:cad>82</ns3:cad>
          </ns3:TrackPointExtension>
        </extensions>
      </trkpt>
      <trkpt lat="35.76033049263060092926025390625" lon="139.54158998094499111175537109375">
        <ele>49.799999237060546875</ele>
        <time>2026-08-26T09:22:40.000Z</time>
        <extensions>
          <ns3:TrackPointExtension>
            <ns3:hr>139</ns3:hr>
            <ns3:cad>82</ns3:cad>
          </ns3:TrackPointExtension>
        </extensions>
      </trkpt>
      <trkpt lat="35.76033535413444042205810546875" lon="139.541613869369029998779296875">
        <ele>49.799999237060546875</ele>
        <time>2026-08-26T09:22:41.000Z</time>
        <extensions>
          <ns3:TrackPointExtension>
            <ns3:hr>140</ns3:hr>
            <ns3:cad>82</ns3:cad>
          </ns3:TrackPointExtension>
        </extensions>
      </trkpt>
      <trkpt lat="35.76034239493310451507568359375" lon="139.5416378416121006011962890625">
        <ele>49.799999237060546875</ele>
        <time>2026-08-26T09:22:42.000Z</time>
        <extensions>
          <ns3:TrackPointExtension>
            <ns3:hr>140</ns3:hr>
            <ns3:cad>82</ns3:cad>
          </ns3:TrackPointExtension>
        </extensions>
      </trkpt>
      <trkpt lat="35.76034943573176860809326171875" lon="139.54166139476001262664794921875">
        <ele>49.799999237060546875</ele>
        <time>2026-08-26T09:22:43.000Z</time>
        <extensions>
          <ns3:TrackPointExtension>
            <ns3:hr>140</ns3:hr>
            <ns3:cad>82</ns3:cad>
          </ns3:TrackPointExtension>
        </extensions>
      </trkpt>
      <trkpt lat="35.76035429723560810089111328125" lon="139.54168788157403469085693359375">
        <ele>49.799999237060546875</ele>
        <time>2026-08-26T09:22:44.000Z</time>
        <extensions>
          <ns3:TrackPointExtension>
            <ns3:hr>140</ns3:hr>
            <ns3:cad>81</ns3:cad>
          </ns3:TrackPointExtension>
        </extensions>
      </trkpt>
      <trkpt lat="35.7603610865771770477294921875" lon="139.54171269200742244720458984375">
        <ele>49.799999237060546875</ele>
        <time>2026-08-26T09:22:45.000Z</time>
        <extensions>
          <ns3:TrackPointExtension>
            <ns3:hr>140</ns3:hr>
            <ns3:cad>81</ns3:cad>
          </ns3:TrackPointExtension>
        </extensions>
      </trkpt>
      <trkpt lat="35.76036754064261913299560546875" lon="139.54172995872795581817626953125">
        <ele>49.799999237060546875</ele>
        <time>2026-08-26T09:22:46.000Z</time>
        <extensions>
          <ns3:TrackPointExtension>
            <ns3:hr>140</ns3:hr>
            <ns3:cad>81</ns3:cad>
          </ns3:TrackPointExtension>
        </extensions>
      </trkpt>
      <trkpt lat="35.76037474907934665679931640625" lon="139.5417602173984050750732421875">
        <ele>49.799999237060546875</ele>
        <time>2026-08-26T09:22:47.000Z</time>
        <extensions>
          <ns3:TrackPointExtension>
            <ns3:hr>140</ns3:hr>
            <ns3:cad>81</ns3:cad>
          </ns3:TrackPointExtension>
        </extensions>
      </trkpt>
      <trkpt lat="35.7603815384209156036376953125" lon="139.54178594984114170074462890625">
        <ele>49.799999237060546875</ele>
        <time>2026-08-26T09:22:48.000Z</time>
        <extensions>
          <ns3:TrackPointExtension>
            <ns3:hr>139</ns3:hr>
            <ns3:cad>81</ns3:cad>
          </ns3:TrackPointExtension>
        </extensions>
      </trkpt>
      <trkpt lat="35.7603882439434528350830078125" lon="139.54181067645549774169921875">
        <ele>49.799999237060546875</ele>
        <time>2026-08-26T09:22:49.000Z</time>
        <extensions>
          <ns3:TrackPointExtension>
            <ns3:hr>139</ns3:hr>
            <ns3:cad>81</ns3:cad>
          </ns3:TrackPointExtension>
        </extensions>
      </trkpt>
      <trkpt lat="35.76039411127567291259765625" lon="139.5418366603553295135498046875">
        <ele>49.799999237060546875</ele>
        <time>2026-08-26T09:22:50.000Z</time>
        <extensions>
          <ns3:TrackPointExtension>
            <ns3:hr>139</ns3:hr>
            <ns3:cad>81</ns3:cad>
          </ns3:TrackPointExtension>
        </extensions>
      </trkpt>
      <trkpt lat="35.7604001462459564208984375" lon="139.541862308979034423828125">
        <ele>49.799999237060546875</ele>
        <time>2026-08-26T09:22:51.000Z</time>
        <extensions>
          <ns3:TrackPointExtension>
            <ns3:hr>139</ns3:hr>
            <ns3:cad>81</ns3:cad>
          </ns3:TrackPointExtension>
        </extensions>
      </trkpt>
      <trkpt lat="35.7604033313691616058349609375" lon="139.54188787378370761871337890625">
        <ele>50</ele>
        <time>2026-08-26T09:22:52.000Z</time>
        <extensions>
          <ns3:TrackPointExtension>
            <ns3:hr>139</ns3:hr>
            <ns3:cad>81</ns3:cad>
          </ns3:TrackPointExtension>
        </extensions>
      </trkpt>
      <trkpt lat="35.7604076899588108062744140625" lon="139.541914276778697967529296875">
        <ele>50</ele>
        <time>2026-08-26T09:22:53.000Z</time>
        <extensions>
          <ns3:TrackPointExtension>
            <ns3:hr>139</ns3:hr>
            <ns3:cad>81</ns3:cad>
          </ns3:TrackPointExtension>
        </extensions>
      </trkpt>
      <trkpt lat="35.76041313819587230682373046875" lon="139.5419389195740222930908203125">
        <ele>50</ele>
        <time>2026-08-26T09:22:54.000Z</time>
        <extensions>
          <ns3:TrackPointExtension>
            <ns3:hr>139</ns3:hr>
            <ns3:cad>81</ns3:cad>
          </ns3:TrackPointExtension>
        </extensions>
      </trkpt>
      <trkpt lat="35.76042219065129756927490234375" lon="139.54196356236934661865234375">
        <ele>50</ele>
        <time>2026-08-26T09:22:55.000Z</time>
        <extensions>
          <ns3:TrackPointExtension>
            <ns3:hr>139</ns3:hr>
            <ns3:cad>81</ns3:cad>
          </ns3:TrackPointExtension>
        </extensions>
      </trkpt>
      <trkpt lat="35.76042688451707363128662109375" lon="139.54198812134563922882080078125">
        <ele>50</ele>
        <time>2026-08-26T09:22:56.000Z</time>
        <extensions>
          <ns3:TrackPointExtension>
            <ns3:hr>138</ns3:hr>
            <ns3:cad>81</ns3:cad>
          </ns3:TrackPointExtension>
        </extensions>
      </trkpt>
      <trkpt lat="35.76043141074478626251220703125" lon="139.54201276414096355438232421875">
        <ele>49.799999237060546875</ele>
        <time>2026-08-26T09:22:57.000Z</time>
        <extensions>
          <ns3:TrackPointExtension>
            <ns3:hr>138</ns3:hr>
            <ns3:cad>81</ns3:cad>
          </ns3:TrackPointExtension>
        </extensions>
      </trkpt>
      <trkpt lat="35.760435350239276885986328125" lon="139.5420384965837001800537109375">
        <ele>49.799999237060546875</ele>
        <time>2026-08-26T09:22:58.000Z</time>
        <extensions>
          <ns3:TrackPointExtension>
            <ns3:hr>138</ns3:hr>
            <ns3:cad>81</ns3:cad>
          </ns3:TrackPointExtension>
        </extensions>
      </trkpt>
      <trkpt lat="35.76043836772441864013671875" lon="139.5420659892261028289794921875">
        <ele>49.799999237060546875</ele>
        <time>2026-08-26T09:22:59.000Z</time>
        <extensions>
          <ns3:TrackPointExtension>
            <ns3:hr>138</ns3:hr>
            <ns3:cad>81</ns3:cad>
          </ns3:TrackPointExtension>
        </extensions>
      </trkpt>
      <trkpt lat="35.76044264249503612518310546875" lon="139.54208652488887310028076171875">
        <ele>49.799999237060546875</ele>
        <time>2026-08-26T09:23:00.000Z</time>
        <extensions>
          <ns3:TrackPointExtension>
            <ns3:hr>138</ns3:hr>
            <ns3:cad>81</ns3:cad>
          </ns3:TrackPointExtension>
        </extensions>
      </trkpt>
      <trkpt lat="35.76044700108468532562255859375" lon="139.5421065576374530792236328125">
        <ele>49.799999237060546875</ele>
        <time>2026-08-26T09:23:01.000Z</time>
        <extensions>
          <ns3:TrackPointExtension>
            <ns3:hr>138</ns3:hr>
            <ns3:cad>80</ns3:cad>
          </ns3:TrackPointExtension>
        </extensions>
      </trkpt>
      <trkpt lat="35.760450102388858795166015625" lon="139.54213413409888744354248046875">
        <ele>49.799999237060546875</ele>
        <time>2026-08-26T09:23:02.000Z</time>
        <extensions>
          <ns3:TrackPointExtension>
            <ns3:hr>138</ns3:hr>
            <ns3:cad>80</ns3:cad>
          </ns3:TrackPointExtension>
        </extensions>
      </trkpt>
      <trkpt lat="35.76045555062592029571533203125" lon="139.54216011799871921539306640625">
        <ele>49.799999237060546875</ele>
        <time>2026-08-26T09:23:03.000Z</time>
        <extensions>
          <ns3:TrackPointExtension>
            <ns3:hr>138</ns3:hr>
            <ns3:cad>80</ns3:cad>
          </ns3:TrackPointExtension>
        </extensions>
      </trkpt>
      <trkpt lat="35.7604593224823474884033203125" lon="139.542185850441455841064453125">
        <ele>49.799999237060546875</ele>
        <time>2026-08-26T09:23:04.000Z</time>
        <extensions>
          <ns3:TrackPointExtension>
            <ns3:hr>138</ns3:hr>
            <ns3:cad>80</ns3:cad>
          </ns3:TrackPointExtension>
        </extensions>
      </trkpt>
      <trkpt lat="35.76046426780521869659423828125" lon="139.54220957122743129730224609375">
        <ele>49.799999237060546875</ele>
        <time>2026-08-26T09:23:05.000Z</time>
        <extensions>
          <ns3:TrackPointExtension>
            <ns3:hr>138</ns3:hr>
            <ns3:cad>81</ns3:cad>
          </ns3:TrackPointExtension>
        </extensions>
      </trkpt>
      <trkpt lat="35.76047063805162906646728515625" lon="139.54223320819437503814697265625">
        <ele>49.799999237060546875</ele>
        <time>2026-08-26T09:23:06.000Z</time>
        <extensions>
          <ns3:TrackPointExtension>
            <ns3:hr>137</ns3:hr>
            <ns3:cad>81</ns3:cad>
          </ns3:TrackPointExtension>
        </extensions>
      </trkpt>
      <trkpt lat="35.76047348789870738983154296875" lon="139.54225986264646053314208984375">
        <ele>49.799999237060546875</ele>
        <time>2026-08-26T09:23:07.000Z</time>
        <extensions>
          <ns3:TrackPointExtension>
            <ns3:hr>137</ns3:hr>
            <ns3:cad>81</ns3:cad>
          </ns3:TrackPointExtension>
        </extensions>
      </trkpt>
      <trkpt lat="35.760476589202880859375" lon="139.54228542745113372802734375">
        <ele>49.799999237060546875</ele>
        <time>2026-08-26T09:23:08.000Z</time>
        <extensions>
          <ns3:TrackPointExtension>
            <ns3:hr>136</ns3:hr>
            <ns3:cad>80</ns3:cad>
          </ns3:TrackPointExtension>
        </extensions>
      </trkpt>
      <trkpt lat="35.76048337854444980621337890625" lon="139.54231417737901210784912109375">
        <ele>49.799999237060546875</ele>
        <time>2026-08-26T09:23:09.000Z</time>
        <extensions>
          <ns3:TrackPointExtension>
            <ns3:hr>136</ns3:hr>
            <ns3:cad>80</ns3:cad>
          </ns3:TrackPointExtension>
        </extensions>
      </trkpt>
      <trkpt lat="35.76048723421990871429443359375" lon="139.54234032891690731048583984375">
        <ele>49.799999237060546875</ele>
        <time>2026-08-26T09:23:10.000Z</time>
        <extensions>
          <ns3:TrackPointExtension>
            <ns3:hr>136</ns3:hr>
            <ns3:cad>80</ns3:cad>
          </ns3:TrackPointExtension>
        </extensions>
      </trkpt>
      <trkpt lat="35.76048857532441616058349609375" lon="139.5423657260835170745849609375">
        <ele>49.799999237060546875</ele>
        <time>2026-08-26T09:23:11.000Z</time>
        <extensions>
          <ns3:TrackPointExtension>
            <ns3:hr>136</ns3:hr>
            <ns3:cad>81</ns3:cad>
          </ns3:TrackPointExtension>
        </extensions>
      </trkpt>
      <trkpt lat="35.76049058698117733001708984375" lon="139.54238777048885822296142578125">
        <ele>49.799999237060546875</ele>
        <time>2026-08-26T09:23:12.000Z</time>
        <extensions>
          <ns3:TrackPointExtension>
            <ns3:hr>136</ns3:hr>
            <ns3:cad>81</ns3:cad>
          </ns3:TrackPointExtension>
        </extensions>
      </trkpt>
      <trkpt lat="35.7604913413524627685546875" lon="139.54241509549319744110107421875">
        <ele>49.799999237060546875</ele>
        <time>2026-08-26T09:23:13.000Z</time>
        <extensions>
          <ns3:TrackPointExtension>
            <ns3:hr>136</ns3:hr>
            <ns3:cad>82</ns3:cad>
          </ns3:TrackPointExtension>
        </extensions>
      </trkpt>
      <trkpt lat="35.76049427501857280731201171875" lon="139.5424455218017101287841796875">
        <ele>49.799999237060546875</ele>
        <time>2026-08-26T09:23:14.000Z</time>
        <extensions>
          <ns3:TrackPointExtension>
            <ns3:hr>136</ns3:hr>
            <ns3:cad>82</ns3:cad>
          </ns3:TrackPointExtension>
        </extensions>
      </trkpt>
      <trkpt lat="35.7604967057704925537109375" lon="139.5424698293209075927734375">
        <ele>49.799999237060546875</ele>
        <time>2026-08-26T09:23:15.000Z</time>
        <extensions>
          <ns3:TrackPointExtension>
            <ns3:hr>136</ns3:hr>
            <ns3:cad>82</ns3:cad>
          </ns3:TrackPointExtension>
        </extensions>
      </trkpt>
      <trkpt lat="35.7605002261698246002197265625" lon="139.54249002970755100250244140625">
        <ele>49.799999237060546875</ele>
        <time>2026-08-26T09:23:16.000Z</time>
        <extensions>
          <ns3:TrackPointExtension>
            <ns3:hr>136</ns3:hr>
            <ns3:cad>82</ns3:cad>
          </ns3:TrackPointExtension>
        </extensions>
      </trkpt>
      <trkpt lat="35.76050919480621814727783203125" lon="139.54252322204411029815673828125">
        <ele>49.799999237060546875</ele>
        <time>2026-08-26T09:23:17.000Z</time>
        <extensions>
          <ns3:TrackPointExtension>
            <ns3:hr>136</ns3:hr>
            <ns3:cad>82</ns3:cad>
          </ns3:TrackPointExtension>
        </extensions>
      </trkpt>
      <trkpt lat="35.76052277348935604095458984375" lon="139.5425497926771640777587890625">
        <ele>49.59999847412109375</ele>
        <time>2026-08-26T09:23:18.000Z</time>
        <extensions>
          <ns3:TrackPointExtension>
            <ns3:hr>136</ns3:hr>
            <ns3:cad>82</ns3:cad>
          </ns3:TrackPointExtension>
        </extensions>
      </trkpt>
      <trkpt lat="35.760532915592193603515625" lon="139.54256865195930004119873046875">
        <ele>49.59999847412109375</ele>
        <time>2026-08-26T09:23:19.000Z</time>
        <extensions>
          <ns3:TrackPointExtension>
            <ns3:hr>136</ns3:hr>
            <ns3:cad>82</ns3:cad>
          </ns3:TrackPointExtension>
        </extensions>
      </trkpt>
      <trkpt lat="35.76054573990404605865478515625" lon="139.5425933785736560821533203125">
        <ele>49.799999237060546875</ele>
        <time>2026-08-26T09:23:20.000Z</time>
        <extensions>
          <ns3:TrackPointExtension>
            <ns3:hr>136</ns3:hr>
            <ns3:cad>81</ns3:cad>
          </ns3:TrackPointExtension>
        </extensions>
      </trkpt>
      <trkpt lat="35.76056334190070629119873046875" lon="139.5426141656935214996337890625">
        <ele>49.59999847412109375</ele>
        <time>2026-08-26T09:23:21.000Z</time>
        <extensions>
          <ns3:TrackPointExtension>
            <ns3:hr>136</ns3:hr>
            <ns3:cad>81</ns3:cad>
          </ns3:TrackPointExtension>
        </extensions>
      </trkpt>
      <trkpt lat="35.76056870631873607635498046875" lon="139.54264216125011444091796875">
        <ele>49.59999847412109375</ele>
        <time>2026-08-26T09:23:22.000Z</time>
        <extensions>
          <ns3:TrackPointExtension>
            <ns3:hr>136</ns3:hr>
            <ns3:cad>82</ns3:cad>
          </ns3:TrackPointExtension>
        </extensions>
      </trkpt>
      <trkpt lat="35.76056803576648235321044921875" lon="139.54266822896897792816162109375">
        <ele>49.59999847412109375</ele>
        <time>2026-08-26T09:23:23.000Z</time>
        <extensions>
          <ns3:TrackPointExtension>
            <ns3:hr>136</ns3:hr>
            <ns3:cad>82</ns3:cad>
          </ns3:TrackPointExtension>
        </extensions>
      </trkpt>
      <trkpt lat="35.76057155616581439971923828125" lon="139.5427006669342517852783203125">
        <ele>49.799999237060546875</ele>
        <time>2026-08-26T09:23:24.000Z</time>
        <extensions>
          <ns3:TrackPointExtension>
            <ns3:hr>136</ns3:hr>
            <ns3:cad>82</ns3:cad>
          </ns3:TrackPointExtension>
        </extensions>
      </trkpt>
      <trkpt lat="35.76057356782257556915283203125" lon="139.5427318476140499114990234375">
        <ele>49.799999237060546875</ele>
        <time>2026-08-26T09:23:25.000Z</time>
        <extensions>
          <ns3:TrackPointExtension>
            <ns3:hr>136</ns3:hr>
            <ns3:cad>82</ns3:cad>
          </ns3:TrackPointExtension>
        </extensions>
      </trkpt>
      <trkpt lat="35.76058245263993740081787109375" lon="139.54276151955127716064453125">
        <ele>49.799999237060546875</ele>
        <time>2026-08-26T09:23:26.000Z</time>
        <extensions>
          <ns3:TrackPointExtension>
            <ns3:hr>136</ns3:hr>
            <ns3:cad>82</ns3:cad>
          </ns3:TrackPointExtension>
        </extensions>
      </trkpt>
      <trkpt lat="35.76058278791606426239013671875" lon="139.5427916944026947021484375">
        <ele>49.799999237060546875</ele>
        <time>2026-08-26T09:23:27.000Z</time>
        <extensions>
          <ns3:TrackPointExtension>
            <ns3:hr>136</ns3:hr>
            <ns3:cad>83</ns3:cad>
          </ns3:TrackPointExtension>
        </extensions>
      </trkpt>
      <trkpt lat="35.76058748178184032440185546875" lon="139.54282161779701709747314453125">
        <ele>49.799999237060546875</ele>
        <time>2026-08-26T09:23:28.000Z</time>
        <extensions>
          <ns3:TrackPointExtension>
            <ns3:hr>137</ns3:hr>
            <ns3:cad>83</ns3:cad>
          </ns3:TrackPointExtension>
        </extensions>
      </trkpt>
      <trkpt lat="35.76058748178184032440185546875" lon="139.54285673797130584716796875">
        <ele>49.799999237060546875</ele>
        <time>2026-08-26T09:23:29.000Z</time>
        <extensions>
          <ns3:TrackPointExtension>
            <ns3:hr>137</ns3:hr>
            <ns3:cad>83</ns3:cad>
          </ns3:TrackPointExtension>
        </extensions>
      </trkpt>
      <trkpt lat="35.7605900801718235015869140625" lon="139.5428864099085330963134765625">
        <ele>49.799999237060546875</ele>
        <time>2026-08-26T09:23:30.000Z</time>
        <extensions>
          <ns3:TrackPointExtension>
            <ns3:hr>138</ns3:hr>
            <ns3:cad>83</ns3:cad>
          </ns3:TrackPointExtension>
        </extensions>
      </trkpt>
      <trkpt lat="35.7605977915227413177490234375" lon="139.54290342517197132110595703125">
        <ele>49.799999237060546875</ele>
        <time>2026-08-26T09:23:31.000Z</time>
        <extensions>
          <ns3:TrackPointExtension>
            <ns3:hr>138</ns3:hr>
            <ns3:cad>84</ns3:cad>
          </ns3:TrackPointExtension>
        </extensions>
      </trkpt>
      <trkpt lat="35.7606044970452785491943359375" lon="139.542924463748931884765625">
        <ele>49.799999237060546875</ele>
        <time>2026-08-26T09:23:32.000Z</time>
        <extensions>
          <ns3:TrackPointExtension>
            <ns3:hr>139</ns3:hr>
            <ns3:cad>84</ns3:cad>
          </ns3:TrackPointExtension>
        </extensions>
      </trkpt>
      <trkpt lat="35.76060961000621318817138671875" lon="139.5429447479546070098876953125">
        <ele>49.799999237060546875</ele>
        <time>2026-08-26T09:23:33.000Z</time>
        <extensions>
          <ns3:TrackPointExtension>
            <ns3:hr>140</ns3:hr>
            <ns3:cad>84</ns3:cad>
          </ns3:TrackPointExtension>
        </extensions>
      </trkpt>
      <trkpt lat="35.7606135495007038116455078125" lon="139.54296628944575786590576171875">
        <ele>49.799999237060546875</ele>
        <time>2026-08-26T09:23:34.000Z</time>
        <extensions>
          <ns3:TrackPointExtension>
            <ns3:hr>140</ns3:hr>
            <ns3:cad>83</ns3:cad>
          </ns3:TrackPointExtension>
        </extensions>
      </trkpt>
      <trkpt lat="35.7606202550232410430908203125" lon="139.542989172041416168212890625">
        <ele>49.799999237060546875</ele>
        <time>2026-08-26T09:23:35.000Z</time>
        <extensions>
          <ns3:TrackPointExtension>
            <ns3:hr>140</ns3:hr>
            <ns3:cad>83</ns3:cad>
          </ns3:TrackPointExtension>
        </extensions>
      </trkpt>
      <trkpt lat="35.7606254518032073974609375" lon="139.543015658855438232421875">
        <ele>49.799999237060546875</ele>
        <time>2026-08-26T09:23:36.000Z</time>
        <extensions>
          <ns3:TrackPointExtension>
            <ns3:hr>140</ns3:hr>
            <ns3:cad>83</ns3:cad>
          </ns3:TrackPointExtension>
        </extensions>
      </trkpt>
      <trkpt lat="35.760634504258632659912109375" lon="139.5430376194417476654052734375">
        <ele>49.799999237060546875</ele>
        <time>2026-08-26T09:23:37.000Z</time>
        <extensions>
          <ns3:TrackPointExtension>
            <ns3:hr>140</ns3:hr>
            <ns3:cad>83</ns3:cad>
          </ns3:TrackPointExtension>
        </extensions>
      </trkpt>
      <trkpt lat="35.76063995249569416046142578125" lon="139.5430624298751354217529296875">
        <ele>49.799999237060546875</ele>
        <time>2026-08-26T09:23:38.000Z</time>
        <extensions>
          <ns3:TrackPointExtension>
            <ns3:hr>140</ns3:hr>
            <ns3:cad>83</ns3:cad>
          </ns3:TrackPointExtension>
        </extensions>
      </trkpt>
      <trkpt lat="35.7606450654566287994384765625" lon="139.54308732412755489349365234375">
        <ele>49.799999237060546875</ele>
        <time>2026-08-26T09:23:39.000Z</time>
        <extensions>
          <ns3:TrackPointExtension>
            <ns3:hr>140</ns3:hr>
            <ns3:cad>83</ns3:cad>
          </ns3:TrackPointExtension>
        </extensions>
      </trkpt>
      <trkpt lat="35.76065001077950000762939453125" lon="139.54310559667646884918212890625">
        <ele>49.799999237060546875</ele>
        <time>2026-08-26T09:23:40.000Z</time>
        <extensions>
          <ns3:TrackPointExtension>
            <ns3:hr>140</ns3:hr>
            <ns3:cad>83</ns3:cad>
          </ns3:TrackPointExtension>
        </extensions>
      </trkpt>
      <trkpt lat="35.76065923087298870086669921875" lon="139.5431365258991718292236328125">
        <ele>49.799999237060546875</ele>
        <time>2026-08-26T09:23:41.000Z</time>
        <extensions>
          <ns3:TrackPointExtension>
            <ns3:hr>140</ns3:hr>
            <ns3:cad>83</ns3:cad>
          </ns3:TrackPointExtension>
        </extensions>
      </trkpt>
      <trkpt lat="35.7606683671474456787109375" lon="139.54316116869449615478515625">
        <ele>49.799999237060546875</ele>
        <time>2026-08-26T09:23:42.000Z</time>
        <extensions>
          <ns3:TrackPointExtension>
            <ns3:hr>141</ns3:hr>
            <ns3:cad>82</ns3:cad>
          </ns3:TrackPointExtension>
        </extensions>
      </trkpt>
      <trkpt lat="35.76067440211772918701171875" lon="139.5431807823479175567626953125">
        <ele>49.799999237060546875</ele>
        <time>2026-08-26T09:23:43.000Z</time>
        <extensions>
          <ns3:TrackPointExtension>
            <ns3:hr>141</ns3:hr>
            <ns3:cad>81</ns3:cad>
          </ns3:TrackPointExtension>
        </extensions>
      </trkpt>
      <trkpt lat="35.760680101811885833740234375" lon="139.543211460113525390625">
        <ele>49.799999237060546875</ele>
        <time>2026-08-26T09:23:44.000Z</time>
        <extensions>
          <ns3:TrackPointExtension>
            <ns3:hr>141</ns3:hr>
            <ns3:cad>81</ns3:cad>
          </ns3:TrackPointExtension>
        </extensions>
      </trkpt>
      <trkpt lat="35.76068823225796222686767578125" lon="139.54323551617562770843505859375">
        <ele>49.59999847412109375</ele>
        <time>2026-08-26T09:23:45.000Z</time>
        <extensions>
          <ns3:TrackPointExtension>
            <ns3:hr>141</ns3:hr>
            <ns3:cad>82</ns3:cad>
          </ns3:TrackPointExtension>
        </extensions>
      </trkpt>
      <trkpt lat="35.76069694943726062774658203125" lon="139.54325999133288860321044921875">
        <ele>49.59999847412109375</ele>
        <time>2026-08-26T09:23:46.000Z</time>
        <extensions>
          <ns3:TrackPointExtension>
            <ns3:hr>142</ns3:hr>
            <ns3:cad>82</ns3:cad>
          </ns3:TrackPointExtension>
        </extensions>
      </trkpt>
      <trkpt lat="35.7607044093310832977294921875" lon="139.5432843826711177825927734375">
        <ele>49.59999847412109375</ele>
        <time>2026-08-26T09:23:47.000Z</time>
        <extensions>
          <ns3:TrackPointExtension>
            <ns3:hr>142</ns3:hr>
            <ns3:cad>82</ns3:cad>
          </ns3:TrackPointExtension>
        </extensions>
      </trkpt>
      <trkpt lat="35.76071237213909626007080078125" lon="139.54330240376293659210205078125">
        <ele>49.59999847412109375</ele>
        <time>2026-08-26T09:23:48.000Z</time>
        <extensions>
          <ns3:TrackPointExtension>
            <ns3:hr>142</ns3:hr>
            <ns3:cad>82</ns3:cad>
          </ns3:TrackPointExtension>
        </extensions>
      </trkpt>
      <trkpt lat="35.76072209514677524566650390625" lon="139.54333241097629070281982421875">
        <ele>49.59999847412109375</ele>
        <time>2026-08-26T09:23:49.000Z</time>
        <extensions>
          <ns3:TrackPointExtension>
            <ns3:hr>142</ns3:hr>
            <ns3:cad>82</ns3:cad>
          </ns3:TrackPointExtension>
        </extensions>
      </trkpt>
      <trkpt lat="35.7607282139360904693603515625" lon="139.5433554612100124359130859375">
        <ele>49.40000152587890625</ele>
        <time>2026-08-26T09:23:50.000Z</time>
        <extensions>
          <ns3:TrackPointExtension>
            <ns3:hr>142</ns3:hr>
            <ns3:cad>82</ns3:cad>
          </ns3:TrackPointExtension>
        </extensions>
      </trkpt>
      <trkpt lat="35.7607381045818328857421875" lon="139.54337683506309986114501953125">
        <ele>49.40000152587890625</ele>
        <time>2026-08-26T09:23:51.000Z</time>
        <extensions>
          <ns3:TrackPointExtension>
            <ns3:hr>142</ns3:hr>
            <ns3:cad>82</ns3:cad>
          </ns3:TrackPointExtension>
        </extensions>
      </trkpt>
      <trkpt lat="35.76074824668467044830322265625" lon="139.5433951914310455322265625">
        <ele>49.40000152587890625</ele>
        <time>2026-08-26T09:23:52.000Z</time>
        <extensions>
          <ns3:TrackPointExtension>
            <ns3:hr>142</ns3:hr>
            <ns3:cad>82</ns3:cad>
          </ns3:TrackPointExtension>
        </extensions>
      </trkpt>
      <trkpt lat="35.76075981371104717254638671875" lon="139.54341421835124492645263671875">
        <ele>49.40000152587890625</ele>
        <time>2026-08-26T09:23:53.000Z</time>
        <extensions>
          <ns3:TrackPointExtension>
            <ns3:hr>142</ns3:hr>
            <ns3:cad>82</ns3:cad>
          </ns3:TrackPointExtension>
        </extensions>
      </trkpt>
      <trkpt lat="35.76076752506196498870849609375" lon="139.5434392802417278289794921875">
        <ele>49.40000152587890625</ele>
        <time>2026-08-26T09:23:54.000Z</time>
        <extensions>
          <ns3:TrackPointExtension>
            <ns3:hr>142</ns3:hr>
            <ns3:cad>83</ns3:cad>
          </ns3:TrackPointExtension>
        </extensions>
      </trkpt>
      <trkpt lat="35.76077925972640514373779296875" lon="139.54346450977027416229248046875">
        <ele>49.40000152587890625</ele>
        <time>2026-08-26T09:23:55.000Z</time>
        <extensions>
          <ns3:TrackPointExtension>
            <ns3:hr>143</ns3:hr>
            <ns3:cad>83</ns3:cad>
          </ns3:TrackPointExtension>
        </extensions>
      </trkpt>
      <trkpt lat="35.76078797690570354461669921875" lon="139.54348915256559848785400390625">
        <ele>49.40000152587890625</ele>
        <time>2026-08-26T09:23:56.000Z</time>
        <extensions>
          <ns3:TrackPointExtension>
            <ns3:hr>143</ns3:hr>
            <ns3:cad>83</ns3:cad>
          </ns3:TrackPointExtension>
        </extensions>
      </trkpt>
      <trkpt lat="35.76079635880887508392333984375" lon="139.54351513646543025970458984375">
        <ele>49.40000152587890625</ele>
        <time>2026-08-26T09:23:57.000Z</time>
        <extensions>
          <ns3:TrackPointExtension>
            <ns3:hr>143</ns3:hr>
            <ns3:cad>83</ns3:cad>
          </ns3:TrackPointExtension>
        </extensions>
      </trkpt>
      <trkpt lat="35.7608046568930149078369140625" lon="139.543532989919185638427734375">
        <ele>49.40000152587890625</ele>
        <time>2026-08-26T09:23:58.000Z</time>
        <extensions>
          <ns3:TrackPointExtension>
            <ns3:hr>143</ns3:hr>
            <ns3:cad>83</ns3:cad>
          </ns3:TrackPointExtension>
        </extensions>
      </trkpt>
      <trkpt lat="35.76081396080553531646728515625" lon="139.543553777039051055908203125">
        <ele>49.40000152587890625</ele>
        <time>2026-08-26T09:23:59.000Z</time>
        <extensions>
          <ns3:TrackPointExtension>
            <ns3:hr>143</ns3:hr>
            <ns3:cad>83</ns3:cad>
          </ns3:TrackPointExtension>
        </extensions>
      </trkpt>
      <trkpt lat="35.76082351617515087127685546875" lon="139.54357246868312358856201171875">
        <ele>49.59999847412109375</ele>
        <time>2026-08-26T09:24:00.000Z</time>
        <extensions>
          <ns3:TrackPointExtension>
            <ns3:hr>143</ns3:hr>
            <ns3:cad>83</ns3:cad>
          </ns3:TrackPointExtension>
        </extensions>
      </trkpt>
      <trkpt lat="35.7608304731547832489013671875" lon="139.54359292052686214447021484375">
        <ele>50</ele>
        <time>2026-08-26T09:24:01.000Z</time>
        <extensions>
          <ns3:TrackPointExtension>
            <ns3:hr>143</ns3:hr>
            <ns3:cad>83</ns3:cad>
          </ns3:TrackPointExtension>
        </extensions>
      </trkpt>
      <trkpt lat="35.760839693248271942138671875" lon="139.54361337237060070037841796875">
        <ele>50.200000762939453125</ele>
        <time>2026-08-26T09:24:02.000Z</time>
        <extensions>
          <ns3:TrackPointExtension>
            <ns3:hr>143</ns3:hr>
            <ns3:cad>81</ns3:cad>
          </ns3:TrackPointExtension>
        </extensions>
      </trkpt>
      <trkpt lat="35.76085167936980724334716796875" lon="139.54363667406141757965087890625">
        <ele>50.40000152587890625</ele>
        <time>2026-08-26T09:24:03.000Z</time>
        <extensions>
          <ns3:TrackPointExtension>
            <ns3:hr>143</ns3:hr>
            <ns3:cad>80</ns3:cad>
          </ns3:TrackPointExtension>
        </extensions>
      </trkpt>
      <trkpt lat="35.7608619891107082366943359375" lon="139.54366408288478851318359375">
        <ele>50.40000152587890625</ele>
        <time>2026-08-26T09:24:04.000Z</time>
        <extensions>
          <ns3:TrackPointExtension>
            <ns3:hr>143</ns3:hr>
            <ns3:cad>80</ns3:cad>
          </ns3:TrackPointExtension>
        </extensions>
      </trkpt>
      <trkpt lat="35.76087020337581634521484375" lon="139.5436875522136688232421875">
        <ele>50.59999847412109375</ele>
        <time>2026-08-26T09:24:05.000Z</time>
        <extensions>
          <ns3:TrackPointExtension>
            <ns3:hr>143</ns3:hr>
            <ns3:cad>80</ns3:cad>
          </ns3:TrackPointExtension>
        </extensions>
      </trkpt>
      <trkpt lat="35.7608748972415924072265625" lon="139.54370825551450252532958984375">
        <ele>50.59999847412109375</ele>
        <time>2026-08-26T09:24:06.000Z</time>
        <extensions>
          <ns3:TrackPointExtension>
            <ns3:hr>143</ns3:hr>
            <ns3:cad>80</ns3:cad>
          </ns3:TrackPointExtension>
        </extensions>
      </trkpt>
      <trkpt lat="35.7608824409544467926025390625" lon="139.54372317530214786529541015625">
        <ele>50.59999847412109375</ele>
        <time>2026-08-26T09:24:07.000Z</time>
        <extensions>
          <ns3:TrackPointExtension>
            <ns3:hr>143</ns3:hr>
            <ns3:cad>80</ns3:cad>
          </ns3:TrackPointExtension>
        </extensions>
      </trkpt>
      <trkpt lat="35.76088772155344486236572265625" lon="139.54374614171683788299560546875">
        <ele>50.59999847412109375</ele>
        <time>2026-08-26T09:24:08.000Z</time>
        <extensions>
          <ns3:TrackPointExtension>
            <ns3:hr>143</ns3:hr>
            <ns3:cad>80</ns3:cad>
          </ns3:TrackPointExtension>
        </extensions>
      </trkpt>
      <trkpt lat="35.76089509762823581695556640625" lon="139.5437707006931304931640625">
        <ele>50.59999847412109375</ele>
        <time>2026-08-26T09:24:09.000Z</time>
        <extensions>
          <ns3:TrackPointExtension>
            <ns3:hr>143</ns3:hr>
            <ns3:cad>81</ns3:cad>
          </ns3:TrackPointExtension>
        </extensions>
      </trkpt>
      <trkpt lat="35.76090146787464618682861328125" lon="139.54379685223102569580078125">
        <ele>50.59999847412109375</ele>
        <time>2026-08-26T09:24:10.000Z</time>
        <extensions>
          <ns3:TrackPointExtension>
            <ns3:hr>143</ns3:hr>
            <ns3:cad>81</ns3:cad>
          </ns3:TrackPointExtension>
        </extensions>
      </trkpt>
      <trkpt lat="35.7609102688729763031005859375" lon="139.54382375814020633697509765625">
        <ele>50.59999847412109375</ele>
        <time>2026-08-26T09:24:11.000Z</time>
        <extensions>
          <ns3:TrackPointExtension>
            <ns3:hr>143</ns3:hr>
            <ns3:cad>81</ns3:cad>
          </ns3:TrackPointExtension>
        </extensions>
      </trkpt>
      <trkpt lat="35.76092158444225788116455078125" lon="139.5438442938029766082763671875">
        <ele>50.59999847412109375</ele>
        <time>2026-08-26T09:24:12.000Z</time>
        <extensions>
          <ns3:TrackPointExtension>
            <ns3:hr>143</ns3:hr>
            <ns3:cad>81</ns3:cad>
          </ns3:TrackPointExtension>
        </extensions>
      </trkpt>
      <trkpt lat="35.7609313912689685821533203125" lon="139.5438623987138271331787109375">
        <ele>50.40000152587890625</ele>
        <time>2026-08-26T09:24:13.000Z</time>
        <extensions>
          <ns3:TrackPointExtension>
            <ns3:hr>144</ns3:hr>
            <ns3:cad>81</ns3:cad>
          </ns3:TrackPointExtension>
        </extensions>
      </trkpt>
      <trkpt lat="35.76094354502856731414794921875" lon="139.543893747031688690185546875">
        <ele>50</ele>
        <time>2026-08-26T09:24:14.000Z</time>
        <extensions>
          <ns3:TrackPointExtension>
            <ns3:hr>144</ns3:hr>
            <ns3:cad>81</ns3:cad>
          </ns3:TrackPointExtension>
        </extensions>
      </trkpt>
      <trkpt lat="35.760951675474643707275390625" lon="139.5439136959612369537353515625">
        <ele>49.799999237060546875</ele>
        <time>2026-08-26T09:24:15.000Z</time>
        <extensions>
          <ns3:TrackPointExtension>
            <ns3:hr>144</ns3:hr>
            <ns3:cad>81</ns3:cad>
          </ns3:TrackPointExtension>
        </extensions>
      </trkpt>
      <trkpt lat="35.7609629072248935699462890625" lon="139.54393473453819751739501953125">
        <ele>49.59999847412109375</ele>
        <time>2026-08-26T09:24:16.000Z</time>
        <extensions>
          <ns3:TrackPointExtension>
            <ns3:hr>144</ns3:hr>
            <ns3:cad>81</ns3:cad>
          </ns3:TrackPointExtension>
        </extensions>
      </trkpt>
      <trkpt lat="35.7609766535460948944091796875" lon="139.54395552165806293487548828125">
        <ele>49.59999847412109375</ele>
        <time>2026-08-26T09:24:17.000Z</time>
        <extensions>
          <ns3:TrackPointExtension>
            <ns3:hr>144</ns3:hr>
            <ns3:cad>82</ns3:cad>
          </ns3:TrackPointExtension>
        </extensions>
      </trkpt>
      <trkpt lat="35.76098863966763019561767578125" lon="139.5439745485782623291015625">
        <ele>49.40000152587890625</ele>
        <time>2026-08-26T09:24:18.000Z</time>
        <extensions>
          <ns3:TrackPointExtension>
            <ns3:hr>144</ns3:hr>
            <ns3:cad>82</ns3:cad>
          </ns3:TrackPointExtension>
        </extensions>
      </trkpt>
      <trkpt lat="35.760997943580150604248046875" lon="139.54399533569812774658203125">
        <ele>49.40000152587890625</ele>
        <time>2026-08-26T09:24:19.000Z</time>
        <extensions>
          <ns3:TrackPointExtension>
            <ns3:hr>145</ns3:hr>
            <ns3:cad>82</ns3:cad>
          </ns3:TrackPointExtension>
        </extensions>
      </trkpt>
      <trkpt lat="35.76101026497781276702880859375" lon="139.5440095849335193634033203125">
        <ele>49.40000152587890625</ele>
        <time>2026-08-26T09:24:20.000Z</time>
        <extensions>
          <ns3:TrackPointExtension>
            <ns3:hr>145</ns3:hr>
            <ns3:cad>81</ns3:cad>
          </ns3:TrackPointExtension>
        </extensions>
      </trkpt>
      <trkpt lat="35.7610269449651241302490234375" lon="139.54402911476790904998779296875">
        <ele>49.40000152587890625</ele>
        <time>2026-08-26T09:24:21.000Z</time>
        <extensions>
          <ns3:TrackPointExtension>
            <ns3:hr>145</ns3:hr>
            <ns3:cad>81</ns3:cad>
          </ns3:TrackPointExtension>
        </extensions>
      </trkpt>
      <trkpt lat="35.7610423676669597625732421875" lon="139.54404906369745731353759765625">
        <ele>49.40000152587890625</ele>
        <time>2026-08-26T09:24:22.000Z</time>
        <extensions>
          <ns3:TrackPointExtension>
            <ns3:hr>145</ns3:hr>
            <ns3:cad>82</ns3:cad>
          </ns3:TrackPointExtension>
        </extensions>
      </trkpt>
      <trkpt lat="35.7610551081597805023193359375" lon="139.54406641423702239990234375">
        <ele>49.40000152587890625</ele>
        <time>2026-08-26T09:24:23.000Z</time>
        <extensions>
          <ns3:TrackPointExtension>
            <ns3:hr>145</ns3:hr>
            <ns3:cad>82</ns3:cad>
          </ns3:TrackPointExtension>
        </extensions>
      </trkpt>
      <trkpt lat="35.761067010462284088134765625" lon="139.54408426769077777862548828125">
        <ele>49.40000152587890625</ele>
        <time>2026-08-26T09:24:24.000Z</time>
        <extensions>
          <ns3:TrackPointExtension>
            <ns3:hr>145</ns3:hr>
            <ns3:cad>82</ns3:cad>
          </ns3:TrackPointExtension>
        </extensions>
      </trkpt>
      <trkpt lat="35.761077404022216796875" lon="139.54410790465772151947021484375">
        <ele>49.40000152587890625</ele>
        <time>2026-08-26T09:24:25.000Z</time>
        <extensions>
          <ns3:TrackPointExtension>
            <ns3:hr>145</ns3:hr>
            <ns3:cad>82</ns3:cad>
          </ns3:TrackPointExtension>
        </extensions>
      </trkpt>
      <trkpt lat="35.76108343899250030517578125" lon="139.54412885941565036773681640625">
        <ele>49.59999847412109375</ele>
        <time>2026-08-26T09:24:26.000Z</time>
        <extensions>
          <ns3:TrackPointExtension>
            <ns3:hr>145</ns3:hr>
            <ns3:cad>82</ns3:cad>
          </ns3:TrackPointExtension>
        </extensions>
      </trkpt>
      <trkpt lat="35.761093832552433013916015625" lon="139.5441493950784206390380859375">
        <ele>49.59999847412109375</ele>
        <time>2026-08-26T09:24:27.000Z</time>
        <extensions>
          <ns3:TrackPointExtension>
            <ns3:hr>144</ns3:hr>
            <ns3:cad>82</ns3:cad>
          </ns3:TrackPointExtension>
        </extensions>
      </trkpt>
      <trkpt lat="35.76110615395009517669677734375" lon="139.54416909255087375640869140625">
        <ele>49.799999237060546875</ele>
        <time>2026-08-26T09:24:28.000Z</time>
        <extensions>
          <ns3:TrackPointExtension>
            <ns3:hr>144</ns3:hr>
            <ns3:cad>81</ns3:cad>
          </ns3:TrackPointExtension>
        </extensions>
      </trkpt>
      <trkpt lat="35.7611141167581081390380859375" lon="139.54418317414820194244384765625">
        <ele>49.799999237060546875</ele>
        <time>2026-08-26T09:24:29.000Z</time>
        <extensions>
          <ns3:TrackPointExtension>
            <ns3:hr>142</ns3:hr>
            <ns3:cad>81</ns3:cad>
          </ns3:TrackPointExtension>
        </extensions>
      </trkpt>
      <trkpt lat="35.76112744398415088653564453125" lon="139.5442027039825916290283203125">
        <ele>49.799999237060546875</ele>
        <time>2026-08-26T09:24:30.000Z</time>
        <extensions>
          <ns3:TrackPointExtension>
            <ns3:hr>142</ns3:hr>
            <ns3:cad>80</ns3:cad>
          </ns3:TrackPointExtension>
        </extensions>
      </trkpt>
      <trkpt lat="35.76113867573440074920654296875" lon="139.544225670397281646728515625">
        <ele>49.799999237060546875</ele>
        <time>2026-08-26T09:24:31.000Z</time>
        <extensions>
          <ns3:TrackPointExtension>
            <ns3:hr>142</ns3:hr>
            <ns3:cad>80</ns3:cad>
          </ns3:TrackPointExtension>
        </extensions>
      </trkpt>
      <trkpt lat="35.76115091331303119659423828125" lon="139.544247128069400787353515625">
        <ele>49.799999237060546875</ele>
        <time>2026-08-26T09:24:32.000Z</time>
        <extensions>
          <ns3:TrackPointExtension>
            <ns3:hr>142</ns3:hr>
            <ns3:cad>81</ns3:cad>
          </ns3:TrackPointExtension>
        </extensions>
      </trkpt>
      <trkpt lat="35.761161558330059051513671875" lon="139.54426598735153675079345703125">
        <ele>49.799999237060546875</ele>
        <time>2026-08-26T09:24:33.000Z</time>
        <extensions>
          <ns3:TrackPointExtension>
            <ns3:hr>142</ns3:hr>
            <ns3:cad>81</ns3:cad>
          </ns3:TrackPointExtension>
        </extensions>
      </trkpt>
      <trkpt lat="35.7611724548041820526123046875" lon="139.5442808233201503753662109375">
        <ele>49.799999237060546875</ele>
        <time>2026-08-26T09:24:34.000Z</time>
        <extensions>
          <ns3:TrackPointExtension>
            <ns3:hr>142</ns3:hr>
            <ns3:cad>82</ns3:cad>
          </ns3:TrackPointExtension>
        </extensions>
      </trkpt>
      <trkpt lat="35.7611801661550998687744140625" lon="139.54429130069911479949951171875">
        <ele>49.799999237060546875</ele>
        <time>2026-08-26T09:24:35.000Z</time>
        <extensions>
          <ns3:TrackPointExtension>
            <ns3:hr>142</ns3:hr>
            <ns3:cad>82</ns3:cad>
          </ns3:TrackPointExtension>
        </extensions>
      </trkpt>
      <trkpt lat="35.76119382865726947784423828125" lon="139.54431158490478992462158203125">
        <ele>49.799999237060546875</ele>
        <time>2026-08-26T09:24:36.000Z</time>
        <extensions>
          <ns3:TrackPointExtension>
            <ns3:hr>141</ns3:hr>
            <ns3:cad>82</ns3:cad>
          </ns3:TrackPointExtension>
        </extensions>
      </trkpt>
      <trkpt lat="35.7612048089504241943359375" lon="139.54432851634919643402099609375">
        <ele>49.799999237060546875</ele>
        <time>2026-08-26T09:24:37.000Z</time>
        <extensions>
          <ns3:TrackPointExtension>
            <ns3:hr>141</ns3:hr>
            <ns3:cad>82</ns3:cad>
          </ns3:TrackPointExtension>
        </extensions>
      </trkpt>
      <trkpt lat="35.76121813617646694183349609375" lon="139.5443492196500301361083984375">
        <ele>50</ele>
        <time>2026-08-26T09:24:38.000Z</time>
        <extensions>
          <ns3:TrackPointExtension>
            <ns3:hr>141</ns3:hr>
            <ns3:cad>82</ns3:cad>
          </ns3:TrackPointExtension>
        </extensions>
      </trkpt>
      <trkpt lat="35.76122760772705078125" lon="139.54436740837991237640380859375">
        <ele>50</ele>
        <time>2026-08-26T09:24:39.000Z</time>
        <extensions>
          <ns3:TrackPointExtension>
            <ns3:hr>141</ns3:hr>
            <ns3:cad>82</ns3:cad>
          </ns3:TrackPointExtension>
        </extensions>
      </trkpt>
      <trkpt lat="35.76124009676277637481689453125" lon="139.54438182525336742401123046875">
        <ele>50.200000762939453125</ele>
        <time>2026-08-26T09:24:40.000Z</time>
        <extensions>
          <ns3:TrackPointExtension>
            <ns3:hr>141</ns3:hr>
            <ns3:cad>81</ns3:cad>
          </ns3:TrackPointExtension>
        </extensions>
      </trkpt>
      <trkpt lat="35.76130480505526065826416015625" lon="139.544493220746517181396484375">
        <ele>50.799999237060546875</ele>
        <time>2026-08-26T09:25:13.000Z</time>
        <extensions>
          <ns3:TrackPointExtension>
            <ns3:hr>117</ns3:hr>
            <ns3:cad>86</ns3:cad>
          </ns3:TrackPointExtension>
        </extensions>
      </trkpt>
      <trkpt lat="35.761306397616863250732421875" lon="139.544523395597934722900390625">
        <ele>50.799999237060546875</ele>
        <time>2026-08-26T09:25:14.000Z</time>
        <extensions>
          <ns3:TrackPointExtension>
            <ns3:hr>117</ns3:hr>
            <ns3:cad>85</ns3:cad>
          </ns3:TrackPointExtension>
        </extensions>
      </trkpt>
      <trkpt lat="35.76130463741719722747802734375" lon="139.544554241001605987548828125">
        <ele>50.799999237060546875</ele>
        <time>2026-08-26T09:25:15.000Z</time>
        <extensions>
          <ns3:TrackPointExtension>
            <ns3:hr>118</ns3:hr>
            <ns3:cad>84</ns3:cad>
          </ns3:TrackPointExtension>
        </extensions>
      </trkpt>
      <trkpt lat="35.76130212284624576568603515625" lon="139.5445825718343257904052734375">
        <ele>50.799999237060546875</ele>
        <time>2026-08-26T09:25:16.000Z</time>
        <extensions>
          <ns3:TrackPointExtension>
            <ns3:hr>118</ns3:hr>
            <ns3:cad>84</ns3:cad>
          </ns3:TrackPointExtension>
        </extensions>
      </trkpt>
      <trkpt lat="35.7612933218479156494140625" lon="139.54461098648607730865478515625">
        <ele>50.799999237060546875</ele>
        <time>2026-08-26T09:25:17.000Z</time>
        <extensions>
          <ns3:TrackPointExtension>
            <ns3:hr>118</ns3:hr>
            <ns3:cad>84</ns3:cad>
          </ns3:TrackPointExtension>
        </extensions>
      </trkpt>
      <trkpt lat="35.76128452084958553314208984375" lon="139.54463982023298740386962890625">
        <ele>50.799999237060546875</ele>
        <time>2026-08-26T09:25:18.000Z</time>
        <extensions>
          <ns3:TrackPointExtension>
            <ns3:hr>118</ns3:hr>
            <ns3:cad>84</ns3:cad>
          </ns3:TrackPointExtension>
        </extensions>
      </trkpt>
      <trkpt lat="35.76127748005092144012451171875" lon="139.5446623675525188446044921875">
        <ele>50.799999237060546875</ele>
        <time>2026-08-26T09:25:19.000Z</time>
        <extensions>
          <ns3:TrackPointExtension>
            <ns3:hr>118</ns3:hr>
            <ns3:cad>84</ns3:cad>
          </ns3:TrackPointExtension>
        </extensions>
      </trkpt>
      <trkpt lat="35.76127043925225734710693359375" lon="139.54468600451946258544921875">
        <ele>50.799999237060546875</ele>
        <time>2026-08-26T09:25:20.000Z</time>
        <extensions>
          <ns3:TrackPointExtension>
            <ns3:hr>118</ns3:hr>
            <ns3:cad>84</ns3:cad>
          </ns3:TrackPointExtension>
        </extensions>
      </trkpt>
      <trkpt lat="35.76127127744257450103759765625" lon="139.54470570199191570281982421875">
        <ele>50.799999237060546875</ele>
        <time>2026-08-26T09:25:21.000Z</time>
        <extensions>
          <ns3:TrackPointExtension>
            <ns3:hr>119</ns3:hr>
            <ns3:cad>84</ns3:cad>
          </ns3:TrackPointExtension>
        </extensions>
      </trkpt>
      <trkpt lat="35.7612767256796360015869140625" lon="139.5447183586657047271728515625">
        <ele>50.799999237060546875</ele>
        <time>2026-08-26T09:25:22.000Z</time>
        <extensions>
          <ns3:TrackPointExtension>
            <ns3:hr>119</ns3:hr>
            <ns3:cad>84</ns3:cad>
          </ns3:TrackPointExtension>
        </extensions>
      </trkpt>
      <trkpt lat="35.7612898014485836029052734375" lon="139.54473520629107952117919921875">
        <ele>51</ele>
        <time>2026-08-26T09:25:23.000Z</time>
        <extensions>
          <ns3:TrackPointExtension>
            <ns3:hr>121</ns3:hr>
            <ns3:cad>84</ns3:cad>
          </ns3:TrackPointExtension>
        </extensions>
      </trkpt>
      <trkpt lat="35.76130279339849948883056640625" lon="139.5447505451738834381103515625">
        <ele>51</ele>
        <time>2026-08-26T09:25:24.000Z</time>
        <extensions>
          <ns3:TrackPointExtension>
            <ns3:hr>122</ns3:hr>
            <ns3:cad>83</ns3:cad>
          </ns3:TrackPointExtension>
        </extensions>
      </trkpt>
      <trkpt lat="35.7613129355013370513916015625" lon="139.5447656325995922088623046875">
        <ele>51</ele>
        <time>2026-08-26T09:25:25.000Z</time>
        <extensions>
          <ns3:TrackPointExtension>
            <ns3:hr>123</ns3:hr>
            <ns3:cad>83</ns3:cad>
          </ns3:TrackPointExtension>
        </extensions>
      </trkpt>
      <trkpt lat="35.76132953166961669921875" lon="139.54478767700493335723876953125">
        <ele>51</ele>
        <time>2026-08-26T09:25:26.000Z</time>
        <extensions>
          <ns3:TrackPointExtension>
            <ns3:hr>123</ns3:hr>
            <ns3:cad>83</ns3:cad>
          </ns3:TrackPointExtension>
        </extensions>
      </trkpt>
      <trkpt lat="35.76134503819048404693603515625" lon="139.54481064341962337493896484375">
        <ele>51</ele>
        <time>2026-08-26T09:25:27.000Z</time>
        <extensions>
          <ns3:TrackPointExtension>
            <ns3:hr>124</ns3:hr>
            <ns3:cad>83</ns3:cad>
          </ns3:TrackPointExtension>
        </extensions>
      </trkpt>
      <trkpt lat="35.76136046089231967926025390625" lon="139.544826485216617584228515625">
        <ele>51</ele>
        <time>2026-08-26T09:25:28.000Z</time>
        <extensions>
          <ns3:TrackPointExtension>
            <ns3:hr>125</ns3:hr>
            <ns3:cad>83</ns3:cad>
          </ns3:TrackPointExtension>
        </extensions>
      </trkpt>
      <trkpt lat="35.76137504540383815765380859375" lon="139.544839560985565185546875">
        <ele>50.799999237060546875</ele>
        <time>2026-08-26T09:25:29.000Z</time>
        <extensions>
          <ns3:TrackPointExtension>
            <ns3:hr>125</ns3:hr>
            <ns3:cad>84</ns3:cad>
          </ns3:TrackPointExtension>
        </extensions>
      </trkpt>
      <trkpt lat="35.7613934017717838287353515625" lon="139.54485825262963771820068359375">
        <ele>50.799999237060546875</ele>
        <time>2026-08-26T09:25:30.000Z</time>
        <extensions>
          <ns3:TrackPointExtension>
            <ns3:hr>125</ns3:hr>
            <ns3:cad>84</ns3:cad>
          </ns3:TrackPointExtension>
        </extensions>
      </trkpt>
      <trkpt lat="35.76141645200550556182861328125" lon="139.5448772795498371124267578125">
        <ele>50.799999237060546875</ele>
        <time>2026-08-26T09:25:31.000Z</time>
        <extensions>
          <ns3:TrackPointExtension>
            <ns3:hr>126</ns3:hr>
            <ns3:cad>84</ns3:cad>
          </ns3:TrackPointExtension>
        </extensions>
      </trkpt>
      <trkpt lat="35.76143556274473667144775390625" lon="139.54489597119390964508056640625">
        <ele>50.59999847412109375</ele>
        <time>2026-08-26T09:25:32.000Z</time>
        <extensions>
          <ns3:TrackPointExtension>
            <ns3:hr>127</ns3:hr>
            <ns3:cad>84</ns3:cad>
          </ns3:TrackPointExtension>
        </extensions>
      </trkpt>
      <trkpt lat="35.76145366765558719635009765625" lon="139.54491223208606243133544921875">
        <ele>50.59999847412109375</ele>
        <time>2026-08-26T09:25:33.000Z</time>
        <extensions>
          <ns3:TrackPointExtension>
            <ns3:hr>128</ns3:hr>
            <ns3:cad>84</ns3:cad>
          </ns3:TrackPointExtension>
        </extensions>
      </trkpt>
      <trkpt lat="35.76147680170834064483642578125" lon="139.54492916353046894073486328125">
        <ele>50.59999847412109375</ele>
        <time>2026-08-26T09:25:34.000Z</time>
        <extensions>
          <ns3:TrackPointExtension>
            <ns3:hr>128</ns3:hr>
            <ns3:cad>84</ns3:cad>
          </ns3:TrackPointExtension>
        </extensions>
      </trkpt>
      <trkpt lat="35.761498175561428070068359375" lon="139.54495020210742950439453125">
        <ele>50.59999847412109375</ele>
        <time>2026-08-26T09:25:35.000Z</time>
        <extensions>
          <ns3:TrackPointExtension>
            <ns3:hr>129</ns3:hr>
            <ns3:cad>84</ns3:cad>
          </ns3:TrackPointExtension>
        </extensions>
      </trkpt>
      <trkpt lat="35.76151904650032520294189453125" lon="139.54497325234115123748779296875">
        <ele>50.40000152587890625</ele>
        <time>2026-08-26T09:25:36.000Z</time>
        <extensions>
          <ns3:TrackPointExtension>
            <ns3:hr>129</ns3:hr>
            <ns3:cad>84</ns3:cad>
          </ns3:TrackPointExtension>
        </extensions>
      </trkpt>
      <trkpt lat="35.7615358941256999969482421875" lon="139.54499621875584125518798828125">
        <ele>50.40000152587890625</ele>
        <time>2026-08-26T09:25:37.000Z</time>
        <extensions>
          <ns3:TrackPointExtension>
            <ns3:hr>128</ns3:hr>
            <ns3:cad>84</ns3:cad>
          </ns3:TrackPointExtension>
        </extensions>
      </trkpt>
      <trkpt lat="35.7615570165216922760009765625" lon="139.54501499421894550323486328125">
        <ele>50.40000152587890625</ele>
        <time>2026-08-26T09:25:38.000Z</time>
        <extensions>
          <ns3:TrackPointExtension>
            <ns3:hr>128</ns3:hr>
            <ns3:cad>84</ns3:cad>
          </ns3:TrackPointExtension>
        </extensions>
      </trkpt>
      <trkpt lat="35.76158023439347743988037109375" lon="139.54503444023430347442626953125">
        <ele>50.40000152587890625</ele>
        <time>2026-08-26T09:25:39.000Z</time>
        <extensions>
          <ns3:TrackPointExtension>
            <ns3:hr>128</ns3:hr>
            <ns3:cad>84</ns3:cad>
          </ns3:TrackPointExtension>
        </extensions>
      </trkpt>
      <trkpt lat="35.76160303317010402679443359375" lon="139.5450486056506633758544921875">
        <ele>50.40000152587890625</ele>
        <time>2026-08-26T09:25:40.000Z</time>
        <extensions>
          <ns3:TrackPointExtension>
            <ns3:hr>128</ns3:hr>
            <ns3:cad>84</ns3:cad>
          </ns3:TrackPointExtension>
        </extensions>
      </trkpt>
      <trkpt lat="35.7616205513477325439453125" lon="139.545057825744152069091796875">
        <ele>50.40000152587890625</ele>
        <time>2026-08-26T09:25:41.000Z</time>
        <extensions>
          <ns3:TrackPointExtension>
            <ns3:hr>128</ns3:hr>
            <ns3:cad>84</ns3:cad>
          </ns3:TrackPointExtension>
        </extensions>
      </trkpt>
      <trkpt lat="35.761646367609500885009765625" lon="139.54507634975016117095947265625">
        <ele>50.40000152587890625</ele>
        <time>2026-08-26T09:25:42.000Z</time>
        <extensions>
          <ns3:TrackPointExtension>
            <ns3:hr>128</ns3:hr>
            <ns3:cad>84</ns3:cad>
          </ns3:TrackPointExtension>
        </extensions>
      </trkpt>
      <trkpt lat="35.76166489161550998687744140625" lon="139.5450931973755359649658203125">
        <ele>50.40000152587890625</ele>
        <time>2026-08-26T09:25:43.000Z</time>
        <extensions>
          <ns3:TrackPointExtension>
            <ns3:hr>128</ns3:hr>
            <ns3:cad>84</ns3:cad>
          </ns3:TrackPointExtension>
        </extensions>
      </trkpt>
      <trkpt lat="35.7616822421550750732421875" lon="139.54512328840792179107666015625">
        <ele>50.40000152587890625</ele>
        <time>2026-08-26T09:25:44.000Z</time>
        <extensions>
          <ns3:TrackPointExtension>
            <ns3:hr>128</ns3:hr>
            <ns3:cad>84</ns3:cad>
          </ns3:TrackPointExtension>
        </extensions>
      </trkpt>
      <trkpt lat="35.76169406063854694366455078125" lon="139.545144997537136077880859375">
        <ele>50.40000152587890625</ele>
        <time>2026-08-26T09:25:45.000Z</time>
        <extensions>
          <ns3:TrackPointExtension>
            <ns3:hr>128</ns3:hr>
            <ns3:cad>84</ns3:cad>
          </ns3:TrackPointExtension>
        </extensions>
      </trkpt>
      <trkpt lat="35.761707723140716552734375" lon="139.54516343772411346435546875">
        <ele>50.40000152587890625</ele>
        <time>2026-08-26T09:25:46.000Z</time>
        <extensions>
          <ns3:TrackPointExtension>
            <ns3:hr>129</ns3:hr>
            <ns3:cad>84</ns3:cad>
          </ns3:TrackPointExtension>
        </extensions>
      </trkpt>
      <trkpt lat="35.76172775588929653167724609375" lon="139.54516754485666751861572265625">
        <ele>50.59999847412109375</ele>
        <time>2026-08-26T09:25:47.000Z</time>
        <extensions>
          <ns3:TrackPointExtension>
            <ns3:hr>128</ns3:hr>
            <ns3:cad>84</ns3:cad>
          </ns3:TrackPointExtension>
        </extensions>
      </trkpt>
      <trkpt lat="35.76175072230398654937744140625" lon="139.5451847277581691741943359375">
        <ele>50.59999847412109375</ele>
        <time>2026-08-26T09:25:48.000Z</time>
        <extensions>
          <ns3:TrackPointExtension>
            <ns3:hr>128</ns3:hr>
            <ns3:cad>85</ns3:cad>
          </ns3:TrackPointExtension>
        </extensions>
      </trkpt>
      <trkpt lat="35.7617699168622493743896484375" lon="139.5452071912586688995361328125">
        <ele>50.59999847412109375</ele>
        <time>2026-08-26T09:25:49.000Z</time>
        <extensions>
          <ns3:TrackPointExtension>
            <ns3:hr>129</ns3:hr>
            <ns3:cad>85</ns3:cad>
          </ns3:TrackPointExtension>
        </extensions>
      </trkpt>
      <trkpt lat="35.76177871786057949066162109375" lon="139.54522378742694854736328125">
        <ele>50.59999847412109375</ele>
        <time>2026-08-26T09:25:50.000Z</time>
        <extensions>
          <ns3:TrackPointExtension>
            <ns3:hr>129</ns3:hr>
            <ns3:cad>85</ns3:cad>
          </ns3:TrackPointExtension>
        </extensions>
      </trkpt>
      <trkpt lat="35.76179699040949344635009765625" lon="139.5452432334423065185546875">
        <ele>50.59999847412109375</ele>
        <time>2026-08-26T09:25:51.000Z</time>
        <extensions>
          <ns3:TrackPointExtension>
            <ns3:hr>129</ns3:hr>
            <ns3:cad>84</ns3:cad>
          </ns3:TrackPointExtension>
        </extensions>
      </trkpt>
      <trkpt lat="35.7618128322064876556396484375" lon="139.545260332524776458740234375">
        <ele>50.59999847412109375</ele>
        <time>2026-08-26T09:25:52.000Z</time>
        <extensions>
          <ns3:TrackPointExtension>
            <ns3:hr>129</ns3:hr>
            <ns3:cad>84</ns3:cad>
          </ns3:TrackPointExtension>
        </extensions>
      </trkpt>
      <trkpt lat="35.76183403842151165008544921875" lon="139.5452715642750263214111328125">
        <ele>50.59999847412109375</ele>
        <time>2026-08-26T09:25:53.000Z</time>
        <extensions>
          <ns3:TrackPointExtension>
            <ns3:hr>130</ns3:hr>
            <ns3:cad>84</ns3:cad>
          </ns3:TrackPointExtension>
        </extensions>
      </trkpt>
      <trkpt lat="35.7618565857410430908203125" lon="139.54528807662427425384521484375">
        <ele>50.59999847412109375</ele>
        <time>2026-08-26T09:25:54.000Z</time>
        <extensions>
          <ns3:TrackPointExtension>
            <ns3:hr>131</ns3:hr>
            <ns3:cad>83</ns3:cad>
          </ns3:TrackPointExtension>
        </extensions>
      </trkpt>
      <trkpt lat="35.76187812723219394683837890625" lon="139.545303918421268463134765625">
        <ele>50.40000152587890625</ele>
        <time>2026-08-26T09:25:55.000Z</time>
        <extensions>
          <ns3:TrackPointExtension>
            <ns3:hr>131</ns3:hr>
            <ns3:cad>83</ns3:cad>
          </ns3:TrackPointExtension>
        </extensions>
      </trkpt>
      <trkpt lat="35.76190209947526454925537109375" lon="139.54532126896083354949951171875">
        <ele>50.40000152587890625</ele>
        <time>2026-08-26T09:25:56.000Z</time>
        <extensions>
          <ns3:TrackPointExtension>
            <ns3:hr>132</ns3:hr>
            <ns3:cad>84</ns3:cad>
          </ns3:TrackPointExtension>
        </extensions>
      </trkpt>
      <trkpt lat="35.76192288659512996673583984375" lon="139.545338116586208343505859375">
        <ele>50.200000762939453125</ele>
        <time>2026-08-26T09:25:57.000Z</time>
        <extensions>
          <ns3:TrackPointExtension>
            <ns3:hr>132</ns3:hr>
            <ns3:cad>85</ns3:cad>
          </ns3:TrackPointExtension>
        </extensions>
      </trkpt>
      <trkpt lat="35.7619425840675830841064453125" lon="139.54535529948770999908447265625">
        <ele>50.200000762939453125</ele>
        <time>2026-08-26T09:25:58.000Z</time>
        <extensions>
          <ns3:TrackPointExtension>
            <ns3:hr>133</ns3:hr>
            <ns3:cad>85</ns3:cad>
          </ns3:TrackPointExtension>
        </extensions>
      </trkpt>
      <trkpt lat="35.7619603537023067474365234375" lon="139.5453661121428012847900390625">
        <ele>50.200000762939453125</ele>
        <time>2026-08-26T09:25:59.000Z</time>
        <extensions>
          <ns3:TrackPointExtension>
            <ns3:hr>133</ns3:hr>
            <ns3:cad>85</ns3:cad>
          </ns3:TrackPointExtension>
        </extensions>
      </trkpt>
      <trkpt lat="35.761982314288616180419921875" lon="139.54538471996784210205078125">
        <ele>50.200000762939453125</ele>
        <time>2026-08-26T09:26:00.000Z</time>
        <extensions>
          <ns3:TrackPointExtension>
            <ns3:hr>133</ns3:hr>
            <ns3:cad>85</ns3:cad>
          </ns3:TrackPointExtension>
        </extensions>
      </trkpt>
      <trkpt lat="35.7619965635240077972412109375" lon="139.54539653845131397247314453125">
        <ele>50.200000762939453125</ele>
        <time>2026-08-26T09:26:01.000Z</time>
        <extensions>
          <ns3:TrackPointExtension>
            <ns3:hr>134</ns3:hr>
            <ns3:cad>85</ns3:cad>
          </ns3:TrackPointExtension>
        </extensions>
      </trkpt>
      <trkpt lat="35.76202212832868099212646484375" lon="139.54541288316249847412109375">
        <ele>50.200000762939453125</ele>
        <time>2026-08-26T09:26:02.000Z</time>
        <extensions>
          <ns3:TrackPointExtension>
            <ns3:hr>135</ns3:hr>
            <ns3:cad>84</ns3:cad>
          </ns3:TrackPointExtension>
        </extensions>
      </trkpt>
      <trkpt lat="35.7620443403720855712890625" lon="139.54541950486600399017333984375">
        <ele>50.200000762939453125</ele>
        <time>2026-08-26T09:26:03.000Z</time>
        <extensions>
          <ns3:TrackPointExtension>
            <ns3:hr>136</ns3:hr>
            <ns3:cad>84</ns3:cad>
          </ns3:TrackPointExtension>
        </extensions>
      </trkpt>
      <trkpt lat="35.76207124628126621246337890625" lon="139.54542537219822406768798828125">
        <ele>50.40000152587890625</ele>
        <time>2026-08-26T09:26:04.000Z</time>
        <extensions>
          <ns3:TrackPointExtension>
            <ns3:hr>137</ns3:hr>
            <ns3:cad>84</ns3:cad>
          </ns3:TrackPointExtension>
        </extensions>
      </trkpt>
      <trkpt lat="35.76209756545722484588623046875" lon="139.54543576575815677642822265625">
        <ele>50.40000152587890625</ele>
        <time>2026-08-26T09:26:05.000Z</time>
        <extensions>
          <ns3:TrackPointExtension>
            <ns3:hr>138</ns3:hr>
            <ns3:cad>84</ns3:cad>
          </ns3:TrackPointExtension>
        </extensions>
      </trkpt>
      <trkpt lat="35.76211986131966114044189453125" lon="139.5454475842416286468505859375">
        <ele>50.40000152587890625</ele>
        <time>2026-08-26T09:26:06.000Z</time>
        <extensions>
          <ns3:TrackPointExtension>
            <ns3:hr>139</ns3:hr>
            <ns3:cad>83</ns3:cad>
          </ns3:TrackPointExtension>
        </extensions>
      </trkpt>
      <trkpt lat="35.76214425265789031982421875" lon="139.54545521177351474761962890625">
        <ele>50.40000152587890625</ele>
        <time>2026-08-26T09:26:07.000Z</time>
        <extensions>
          <ns3:TrackPointExtension>
            <ns3:hr>139</ns3:hr>
            <ns3:cad>83</ns3:cad>
          </ns3:TrackPointExtension>
        </extensions>
      </trkpt>
      <trkpt lat="35.7621650397777557373046875" lon="139.54546258784830570220947265625">
        <ele>50.40000152587890625</ele>
        <time>2026-08-26T09:26:08.000Z</time>
        <extensions>
          <ns3:TrackPointExtension>
            <ns3:hr>140</ns3:hr>
            <ns3:cad>83</ns3:cad>
          </ns3:TrackPointExtension>
        </extensions>
      </trkpt>
      <trkpt lat="35.76218691654503345489501953125" lon="139.54547264613211154937744140625">
        <ele>50.40000152587890625</ele>
        <time>2026-08-26T09:26:09.000Z</time>
        <extensions>
          <ns3:TrackPointExtension>
            <ns3:hr>140</ns3:hr>
            <ns3:cad>83</ns3:cad>
          </ns3:TrackPointExtension>
        </extensions>
      </trkpt>
      <trkpt lat="35.762209631502628326416015625" lon="139.54548454843461513519287109375">
        <ele>50.40000152587890625</ele>
        <time>2026-08-26T09:26:10.000Z</time>
        <extensions>
          <ns3:TrackPointExtension>
            <ns3:hr>140</ns3:hr>
            <ns3:cad>84</ns3:cad>
          </ns3:TrackPointExtension>
        </extensions>
      </trkpt>
      <trkpt lat="35.7622309215366840362548828125" lon="139.5454965345561504364013671875">
        <ele>50.40000152587890625</ele>
        <time>2026-08-26T09:26:11.000Z</time>
        <extensions>
          <ns3:TrackPointExtension>
            <ns3:hr>140</ns3:hr>
            <ns3:cad>84</ns3:cad>
          </ns3:TrackPointExtension>
        </extensions>
      </trkpt>
      <trkpt lat="35.7622523792088031768798828125" lon="139.5455074310302734375">
        <ele>50.40000152587890625</ele>
        <time>2026-08-26T09:26:12.000Z</time>
        <extensions>
          <ns3:TrackPointExtension>
            <ns3:hr>140</ns3:hr>
            <ns3:cad>83</ns3:cad>
          </ns3:TrackPointExtension>
        </extensions>
      </trkpt>
      <trkpt lat="35.76227308250963687896728515625" lon="139.5455195009708404541015625">
        <ele>50.40000152587890625</ele>
        <time>2026-08-26T09:26:13.000Z</time>
        <extensions>
          <ns3:TrackPointExtension>
            <ns3:hr>140</ns3:hr>
            <ns3:cad>83</ns3:cad>
          </ns3:TrackPointExtension>
        </extensions>
      </trkpt>
      <trkpt lat="35.76229521073400974273681640625" lon="139.54553064890205860137939453125">
        <ele>50.40000152587890625</ele>
        <time>2026-08-26T09:26:14.000Z</time>
        <extensions>
          <ns3:TrackPointExtension>
            <ns3:hr>140</ns3:hr>
            <ns3:cad>83</ns3:cad>
          </ns3:TrackPointExtension>
        </extensions>
      </trkpt>
      <trkpt lat="35.76231951825320720672607421875" lon="139.54553836025297641754150390625">
        <ele>50.40000152587890625</ele>
        <time>2026-08-26T09:26:15.000Z</time>
        <extensions>
          <ns3:TrackPointExtension>
            <ns3:hr>140</ns3:hr>
            <ns3:cad>83</ns3:cad>
          </ns3:TrackPointExtension>
        </extensions>
      </trkpt>
      <trkpt lat="35.762343741953372955322265625" lon="139.54554841853678226470947265625">
        <ele>50.40000152587890625</ele>
        <time>2026-08-26T09:26:16.000Z</time>
        <extensions>
          <ns3:TrackPointExtension>
            <ns3:hr>140</ns3:hr>
            <ns3:cad>83</ns3:cad>
          </ns3:TrackPointExtension>
        </extensions>
      </trkpt>
      <trkpt lat="35.76236394234001636505126953125" lon="139.54556166194379329681396484375">
        <ele>50.40000152587890625</ele>
        <time>2026-08-26T09:26:17.000Z</time>
        <extensions>
          <ns3:TrackPointExtension>
            <ns3:hr>141</ns3:hr>
            <ns3:cad>83</ns3:cad>
          </ns3:TrackPointExtension>
        </extensions>
      </trkpt>
      <trkpt lat="35.76238338835537433624267578125" lon="139.545573480427265167236328125">
        <ele>50.40000152587890625</ele>
        <time>2026-08-26T09:26:18.000Z</time>
        <extensions>
          <ns3:TrackPointExtension>
            <ns3:hr>141</ns3:hr>
            <ns3:cad>84</ns3:cad>
          </ns3:TrackPointExtension>
        </extensions>
      </trkpt>
      <trkpt lat="35.762409456074237823486328125" lon="139.545586220920085906982421875">
        <ele>50.40000152587890625</ele>
        <time>2026-08-26T09:26:19.000Z</time>
        <extensions>
          <ns3:TrackPointExtension>
            <ns3:hr>141</ns3:hr>
            <ns3:cad>84</ns3:cad>
          </ns3:TrackPointExtension>
        </extensions>
      </trkpt>
      <trkpt lat="35.7624367810785770416259765625" lon="139.545586220920085906982421875">
        <ele>50.200000762939453125</ele>
        <time>2026-08-26T09:26:20.000Z</time>
        <extensions>
          <ns3:TrackPointExtension>
            <ns3:hr>141</ns3:hr>
            <ns3:cad>84</ns3:cad>
          </ns3:TrackPointExtension>
        </extensions>
      </trkpt>
      <trkpt lat="35.76245681382715702056884765625" lon="139.54558915458619594573974609375">
        <ele>50.200000762939453125</ele>
        <time>2026-08-26T09:26:21.000Z</time>
        <extensions>
          <ns3:TrackPointExtension>
            <ns3:hr>142</ns3:hr>
            <ns3:cad>84</ns3:cad>
          </ns3:TrackPointExtension>
        </extensions>
      </trkpt>
      <trkpt lat="35.7624770142138004302978515625" lon="139.5455997996032238006591796875">
        <ele>50.200000762939453125</ele>
        <time>2026-08-26T09:26:22.000Z</time>
        <extensions>
          <ns3:TrackPointExtension>
            <ns3:hr>142</ns3:hr>
            <ns3:cad>84</ns3:cad>
          </ns3:TrackPointExtension>
        </extensions>
      </trkpt>
      <trkpt lat="35.762489251792430877685546875" lon="139.5456108637154102325439453125">
        <ele>50.200000762939453125</ele>
        <time>2026-08-26T09:26:23.000Z</time>
        <extensions>
          <ns3:TrackPointExtension>
            <ns3:hr>142</ns3:hr>
            <ns3:cad>84</ns3:cad>
          </ns3:TrackPointExtension>
        </extensions>
      </trkpt>
      <trkpt lat="35.76250241138041019439697265625" lon="139.5456212572753429412841796875">
        <ele>50</ele>
        <time>2026-08-26T09:26:24.000Z</time>
        <extensions>
          <ns3:TrackPointExtension>
            <ns3:hr>142</ns3:hr>
            <ns3:cad>84</ns3:cad>
          </ns3:TrackPointExtension>
        </extensions>
      </trkpt>
      <trkpt lat="35.76251842081546783447265625" lon="139.54562972299754619598388671875">
        <ele>50</ele>
        <time>2026-08-26T09:26:25.000Z</time>
        <extensions>
          <ns3:TrackPointExtension>
            <ns3:hr>142</ns3:hr>
            <ns3:cad>84</ns3:cad>
          </ns3:TrackPointExtension>
        </extensions>
      </trkpt>
      <trkpt lat="35.76253116130828857421875" lon="139.54563776962459087371826171875">
        <ele>50</ele>
        <time>2026-08-26T09:26:26.000Z</time>
        <extensions>
          <ns3:TrackPointExtension>
            <ns3:hr>143</ns3:hr>
            <ns3:cad>83</ns3:cad>
          </ns3:TrackPointExtension>
        </extensions>
      </trkpt>
      <trkpt lat="35.76254884712398052215576171875" lon="139.54564900137484073638916015625">
        <ele>50</ele>
        <time>2026-08-26T09:26:27.000Z</time>
        <extensions>
          <ns3:TrackPointExtension>
            <ns3:hr>143</ns3:hr>
            <ns3:cad>83</ns3:cad>
          </ns3:TrackPointExtension>
        </extensions>
      </trkpt>
      <trkpt lat="35.76256695203483104705810546875" lon="139.54566190950572490692138671875">
        <ele>50</ele>
        <time>2026-08-26T09:26:28.000Z</time>
        <extensions>
          <ns3:TrackPointExtension>
            <ns3:hr>143</ns3:hr>
            <ns3:cad>82</ns3:cad>
          </ns3:TrackPointExtension>
        </extensions>
      </trkpt>
      <trkpt lat="35.76258681714534759521484375" lon="139.5456738956272602081298828125">
        <ele>50</ele>
        <time>2026-08-26T09:26:29.000Z</time>
        <extensions>
          <ns3:TrackPointExtension>
            <ns3:hr>143</ns3:hr>
            <ns3:cad>81</ns3:cad>
          </ns3:TrackPointExtension>
        </extensions>
      </trkpt>
      <trkpt lat="35.7626057602465152740478515625" lon="139.54568655230104923248291015625">
        <ele>50</ele>
        <time>2026-08-26T09:26:30.000Z</time>
        <extensions>
          <ns3:TrackPointExtension>
            <ns3:hr>143</ns3:hr>
            <ns3:cad>81</ns3:cad>
          </ns3:TrackPointExtension>
        </extensions>
      </trkpt>
      <trkpt lat="35.76262361370027065277099609375" lon="139.54569828696548938751220703125">
        <ele>50</ele>
        <time>2026-08-26T09:26:31.000Z</time>
        <extensions>
          <ns3:TrackPointExtension>
            <ns3:hr>144</ns3:hr>
            <ns3:cad>82</ns3:cad>
          </ns3:TrackPointExtension>
        </extensions>
      </trkpt>
      <trkpt lat="35.7626436464488506317138671875" lon="139.54570666886866092681884765625">
        <ele>50</ele>
        <time>2026-08-26T09:26:32.000Z</time>
        <extensions>
          <ns3:TrackPointExtension>
            <ns3:hr>144</ns3:hr>
            <ns3:cad>82</ns3:cad>
          </ns3:TrackPointExtension>
        </extensions>
      </trkpt>
      <trkpt lat="35.7626677863299846649169921875" lon="139.5457101054489612579345703125">
        <ele>50</ele>
        <time>2026-08-26T09:26:33.000Z</time>
        <extensions>
          <ns3:TrackPointExtension>
            <ns3:hr>144</ns3:hr>
            <ns3:cad>82</ns3:cad>
          </ns3:TrackPointExtension>
        </extensions>
      </trkpt>
      <trkpt lat="35.7626912556588649749755859375" lon="139.5457191579043865203857421875">
        <ele>50</ele>
        <time>2026-08-26T09:26:34.000Z</time>
        <extensions>
          <ns3:TrackPointExtension>
            <ns3:hr>144</ns3:hr>
            <ns3:cad>82</ns3:cad>
          </ns3:TrackPointExtension>
        </extensions>
      </trkpt>
      <trkpt lat="35.76271346770226955413818359375" lon="139.54572326503694057464599609375">
        <ele>50</ele>
        <time>2026-08-26T09:26:35.000Z</time>
        <extensions>
          <ns3:TrackPointExtension>
            <ns3:hr>144</ns3:hr>
            <ns3:cad>83</ns3:cad>
          </ns3:TrackPointExtension>
        </extensions>
      </trkpt>
      <trkpt lat="35.7627403736114501953125" lon="139.54573080874979496002197265625">
        <ele>50</ele>
        <time>2026-08-26T09:26:36.000Z</time>
        <extensions>
          <ns3:TrackPointExtension>
            <ns3:hr>144</ns3:hr>
            <ns3:cad>83</ns3:cad>
          </ns3:TrackPointExtension>
        </extensions>
      </trkpt>
      <trkpt lat="35.76276811771094799041748046875" lon="139.54573986120522022247314453125">
        <ele>50</ele>
        <time>2026-08-26T09:26:37.000Z</time>
        <extensions>
          <ns3:TrackPointExtension>
            <ns3:hr>145</ns3:hr>
            <ns3:cad>83</ns3:cad>
          </ns3:TrackPointExtension>
        </extensions>
      </trkpt>
      <trkpt lat="35.762790329754352569580078125" lon="139.5457501709461212158203125">
        <ele>50</ele>
        <time>2026-08-26T09:26:38.000Z</time>
        <extensions>
          <ns3:TrackPointExtension>
            <ns3:hr>145</ns3:hr>
            <ns3:cad>83</ns3:cad>
          </ns3:TrackPointExtension>
        </extensions>
      </trkpt>
      <trkpt lat="35.7628154754638671875" lon="139.545761235058307647705078125">
        <ele>50</ele>
        <time>2026-08-26T09:26:39.000Z</time>
        <extensions>
          <ns3:TrackPointExtension>
            <ns3:hr>146</ns3:hr>
            <ns3:cad>84</ns3:cad>
          </ns3:TrackPointExtension>
        </extensions>
      </trkpt>
      <trkpt lat="35.76283483766019344329833984375" lon="139.54577305354177951812744140625">
        <ele>50.200000762939453125</ele>
        <time>2026-08-26T09:26:40.000Z</time>
        <extensions>
          <ns3:TrackPointExtension>
            <ns3:hr>146</ns3:hr>
            <ns3:cad>84</ns3:cad>
          </ns3:TrackPointExtension>
        </extensions>
      </trkpt>
      <trkpt lat="35.76285294257104396820068359375" lon="139.545786380767822265625">
        <ele>50.200000762939453125</ele>
        <time>2026-08-26T09:26:41.000Z</time>
        <extensions>
          <ns3:TrackPointExtension>
            <ns3:hr>147</ns3:hr>
            <ns3:cad>84</ns3:cad>
          </ns3:TrackPointExtension>
        </extensions>
      </trkpt>
      <trkpt lat="35.76287020929157733917236328125" lon="139.545800127089023590087890625">
        <ele>50.200000762939453125</ele>
        <time>2026-08-26T09:26:42.000Z</time>
        <extensions>
          <ns3:TrackPointExtension>
            <ns3:hr>147</ns3:hr>
            <ns3:cad>84</ns3:cad>
          </ns3:TrackPointExtension>
        </extensions>
      </trkpt>
      <trkpt lat="35.76288496144115924835205078125" lon="139.5458106882870197296142578125">
        <ele>50.200000762939453125</ele>
        <time>2026-08-26T09:26:43.000Z</time>
        <extensions>
          <ns3:TrackPointExtension>
            <ns3:hr>147</ns3:hr>
            <ns3:cad>83</ns3:cad>
          </ns3:TrackPointExtension>
        </extensions>
      </trkpt>
      <trkpt lat="35.76290071941912174224853515625" lon="139.54582334496080875396728515625">
        <ele>50.200000762939453125</ele>
        <time>2026-08-26T09:26:44.000Z</time>
        <extensions>
          <ns3:TrackPointExtension>
            <ns3:hr>147</ns3:hr>
            <ns3:cad>83</ns3:cad>
          </ns3:TrackPointExtension>
        </extensions>
      </trkpt>
      <trkpt lat="35.76291915960609912872314453125" lon="139.54583943821489810943603515625">
        <ele>50.200000762939453125</ele>
        <time>2026-08-26T09:26:45.000Z</time>
        <extensions>
          <ns3:TrackPointExtension>
            <ns3:hr>148</ns3:hr>
            <ns3:cad>82</ns3:cad>
          </ns3:TrackPointExtension>
        </extensions>
      </trkpt>
      <trkpt lat="35.762934498488903045654296875" lon="139.5458549447357654571533203125">
        <ele>50.200000762939453125</ele>
        <time>2026-08-26T09:26:46.000Z</time>
        <extensions>
          <ns3:TrackPointExtension>
            <ns3:hr>148</ns3:hr>
            <ns3:cad>82</ns3:cad>
          </ns3:TrackPointExtension>
        </extensions>
      </trkpt>
      <trkpt lat="35.76294648461043834686279296875" lon="139.54586877487599849700927734375">
        <ele>50.200000762939453125</ele>
        <time>2026-08-26T09:26:47.000Z</time>
        <extensions>
          <ns3:TrackPointExtension>
            <ns3:hr>148</ns3:hr>
            <ns3:cad>82</ns3:cad>
          </ns3:TrackPointExtension>
        </extensions>
      </trkpt>
      <trkpt lat="35.76296224258840084075927734375" lon="139.54587958753108978271484375">
        <ele>50.200000762939453125</ele>
        <time>2026-08-26T09:26:48.000Z</time>
        <extensions>
          <ns3:TrackPointExtension>
            <ns3:hr>148</ns3:hr>
            <ns3:cad>81</ns3:cad>
          </ns3:TrackPointExtension>
        </extensions>
      </trkpt>
      <trkpt lat="35.762980096042156219482421875" lon="139.54588939435780048370361328125">
        <ele>50.200000762939453125</ele>
        <time>2026-08-26T09:26:49.000Z</time>
        <extensions>
          <ns3:TrackPointExtension>
            <ns3:hr>148</ns3:hr>
            <ns3:cad>80</ns3:cad>
          </ns3:TrackPointExtension>
        </extensions>
      </trkpt>
      <trkpt lat="35.76300046406686305999755859375" lon="139.54589945264160633087158203125">
        <ele>50.200000762939453125</ele>
        <time>2026-08-26T09:26:50.000Z</time>
        <extensions>
          <ns3:TrackPointExtension>
            <ns3:hr>148</ns3:hr>
            <ns3:cad>80</ns3:cad>
          </ns3:TrackPointExtension>
        </extensions>
      </trkpt>
      <trkpt lat="35.7630248554050922393798828125" lon="139.54590129666030406951904296875">
        <ele>50.200000762939453125</ele>
        <time>2026-08-26T09:26:51.000Z</time>
        <extensions>
          <ns3:TrackPointExtension>
            <ns3:hr>148</ns3:hr>
            <ns3:cad>80</ns3:cad>
          </ns3:TrackPointExtension>
        </extensions>
      </trkpt>
      <trkpt lat="35.76304220594465732574462890625" lon="139.54590867273509502410888671875">
        <ele>50</ele>
        <time>2026-08-26T09:26:52.000Z</time>
        <extensions>
          <ns3:TrackPointExtension>
            <ns3:hr>148</ns3:hr>
            <ns3:cad>80</ns3:cad>
          </ns3:TrackPointExtension>
        </extensions>
      </trkpt>
      <trkpt lat="35.763058550655841827392578125" lon="139.545924849808216094970703125">
        <ele>50</ele>
        <time>2026-08-26T09:26:53.000Z</time>
        <extensions>
          <ns3:TrackPointExtension>
            <ns3:hr>148</ns3:hr>
            <ns3:cad>80</ns3:cad>
          </ns3:TrackPointExtension>
        </extensions>
      </trkpt>
      <trkpt lat="35.76307472772896289825439453125" lon="139.54594387672841548919677734375">
        <ele>50</ele>
        <time>2026-08-26T09:26:54.000Z</time>
        <extensions>
          <ns3:TrackPointExtension>
            <ns3:hr>148</ns3:hr>
            <ns3:cad>81</ns3:cad>
          </ns3:TrackPointExtension>
        </extensions>
      </trkpt>
      <trkpt lat="35.76308973133563995361328125" lon="139.5459598861634731292724609375">
        <ele>50</ele>
        <time>2026-08-26T09:26:55.000Z</time>
        <extensions>
          <ns3:TrackPointExtension>
            <ns3:hr>148</ns3:hr>
            <ns3:cad>81</ns3:cad>
          </ns3:TrackPointExtension>
        </extensions>
      </trkpt>
      <trkpt lat="35.7631090097129344940185546875" lon="139.5459739677608013153076171875">
        <ele>50</ele>
        <time>2026-08-26T09:26:56.000Z</time>
        <extensions>
          <ns3:TrackPointExtension>
            <ns3:hr>148</ns3:hr>
            <ns3:cad>82</ns3:cad>
          </ns3:TrackPointExtension>
        </extensions>
      </trkpt>
      <trkpt lat="35.763125605881214141845703125" lon="139.5459897257387638092041015625">
        <ele>50</ele>
        <time>2026-08-26T09:26:57.000Z</time>
        <extensions>
          <ns3:TrackPointExtension>
            <ns3:hr>148</ns3:hr>
            <ns3:cad>82</ns3:cad>
          </ns3:TrackPointExtension>
        </extensions>
      </trkpt>
      <trkpt lat="35.76314211823046207427978515625" lon="139.54600523225963115692138671875">
        <ele>50</ele>
        <time>2026-08-26T09:26:58.000Z</time>
        <extensions>
          <ns3:TrackPointExtension>
            <ns3:hr>148</ns3:hr>
            <ns3:cad>82</ns3:cad>
          </ns3:TrackPointExtension>
        </extensions>
      </trkpt>
      <trkpt lat="35.76315636746585369110107421875" lon="139.54602031968533992767333984375">
        <ele>50</ele>
        <time>2026-08-26T09:26:59.000Z</time>
        <extensions>
          <ns3:TrackPointExtension>
            <ns3:hr>148</ns3:hr>
            <ns3:cad>82</ns3:cad>
          </ns3:TrackPointExtension>
        </extensions>
      </trkpt>
      <trkpt lat="35.76317489147186279296875" lon="139.5460373349487781524658203125">
        <ele>50.200000762939453125</ele>
        <time>2026-08-26T09:27:00.000Z</time>
        <extensions>
          <ns3:TrackPointExtension>
            <ns3:hr>147</ns3:hr>
            <ns3:cad>82</ns3:cad>
          </ns3:TrackPointExtension>
        </extensions>
      </trkpt>
      <trkpt lat="35.76319660060107707977294921875" lon="139.546060971915721893310546875">
        <ele>50.200000762939453125</ele>
        <time>2026-08-26T09:27:01.000Z</time>
        <extensions>
          <ns3:TrackPointExtension>
            <ns3:hr>147</ns3:hr>
            <ns3:cad>81</ns3:cad>
          </ns3:TrackPointExtension>
        </extensions>
      </trkpt>
      <trkpt lat="35.76321504078805446624755859375" lon="139.5460812561213970184326171875">
        <ele>50.200000762939453125</ele>
        <time>2026-08-26T09:27:02.000Z</time>
        <extensions>
          <ns3:TrackPointExtension>
            <ns3:hr>147</ns3:hr>
            <ns3:cad>82</ns3:cad>
          </ns3:TrackPointExtension>
        </extensions>
      </trkpt>
      <trkpt lat="35.7632313854992389678955078125" lon="139.54609684646129608154296875">
        <ele>50.200000762939453125</ele>
        <time>2026-08-26T09:27:03.000Z</time>
        <extensions>
          <ns3:TrackPointExtension>
            <ns3:hr>147</ns3:hr>
            <ns3:cad>82</ns3:cad>
          </ns3:TrackPointExtension>
        </extensions>
      </trkpt>
      <trkpt lat="35.763252675533294677734375" lon="139.54611168242990970611572265625">
        <ele>50.200000762939453125</ele>
        <time>2026-08-26T09:27:04.000Z</time>
        <extensions>
          <ns3:TrackPointExtension>
            <ns3:hr>146</ns3:hr>
            <ns3:cad>82</ns3:cad>
          </ns3:TrackPointExtension>
        </extensions>
      </trkpt>
      <trkpt lat="35.7632689364254474639892578125" lon="139.54612559638917446136474609375">
        <ele>50.200000762939453125</ele>
        <time>2026-08-26T09:27:05.000Z</time>
        <extensions>
          <ns3:TrackPointExtension>
            <ns3:hr>146</ns3:hr>
            <ns3:cad>82</ns3:cad>
          </ns3:TrackPointExtension>
        </extensions>
      </trkpt>
      <trkpt lat="35.76328444294631481170654296875" lon="139.54614001326262950897216796875">
        <ele>50.200000762939453125</ele>
        <time>2026-08-26T09:27:06.000Z</time>
        <extensions>
          <ns3:TrackPointExtension>
            <ns3:hr>147</ns3:hr>
            <ns3:cad>82</ns3:cad>
          </ns3:TrackPointExtension>
        </extensions>
      </trkpt>
      <trkpt lat="35.7633004523813724517822265625" lon="139.5461578667163848876953125">
        <ele>50.200000762939453125</ele>
        <time>2026-08-26T09:27:07.000Z</time>
        <extensions>
          <ns3:TrackPointExtension>
            <ns3:hr>147</ns3:hr>
            <ns3:cad>82</ns3:cad>
          </ns3:TrackPointExtension>
        </extensions>
      </trkpt>
      <trkpt lat="35.76331797055900096893310546875" lon="139.54617756418883800506591796875">
        <ele>50.200000762939453125</ele>
        <time>2026-08-26T09:27:08.000Z</time>
        <extensions>
          <ns3:TrackPointExtension>
            <ns3:hr>147</ns3:hr>
            <ns3:cad>82</ns3:cad>
          </ns3:TrackPointExtension>
        </extensions>
      </trkpt>
      <trkpt lat="35.76333154924213886260986328125" lon="139.54619214870035648345947265625">
        <ele>50.200000762939453125</ele>
        <time>2026-08-26T09:27:09.000Z</time>
        <extensions>
          <ns3:TrackPointExtension>
            <ns3:hr>147</ns3:hr>
            <ns3:cad>82</ns3:cad>
          </ns3:TrackPointExtension>
        </extensions>
      </trkpt>
      <trkpt lat="35.76334713958203792572021484375" lon="139.5462100021541118621826171875">
        <ele>50</ele>
        <time>2026-08-26T09:27:10.000Z</time>
        <extensions>
          <ns3:TrackPointExtension>
            <ns3:hr>147</ns3:hr>
            <ns3:cad>82</ns3:cad>
          </ns3:TrackPointExtension>
        </extensions>
      </trkpt>
      <trkpt lat="35.76336289756000041961669921875" lon="139.54623137600719928741455078125">
        <ele>50</ele>
        <time>2026-08-26T09:27:11.000Z</time>
        <extensions>
          <ns3:TrackPointExtension>
            <ns3:hr>147</ns3:hr>
            <ns3:cad>82</ns3:cad>
          </ns3:TrackPointExtension>
        </extensions>
      </trkpt>
      <trkpt lat="35.76337563805282115936279296875" lon="139.54625015147030353546142578125">
        <ele>50</ele>
        <time>2026-08-26T09:27:12.000Z</time>
        <extensions>
          <ns3:TrackPointExtension>
            <ns3:hr>147</ns3:hr>
            <ns3:cad>81</ns3:cad>
          </ns3:TrackPointExtension>
        </extensions>
      </trkpt>
      <trkpt lat="35.76338737271726131439208984375" lon="139.54626825638115406036376953125">
        <ele>50</ele>
        <time>2026-08-26T09:27:13.000Z</time>
        <extensions>
          <ns3:TrackPointExtension>
            <ns3:hr>147</ns3:hr>
            <ns3:cad>81</ns3:cad>
          </ns3:TrackPointExtension>
        </extensions>
      </trkpt>
      <trkpt lat="35.76339676044881343841552734375" lon="139.546282589435577392578125">
        <ele>50</ele>
        <time>2026-08-26T09:27:14.000Z</time>
        <extensions>
          <ns3:TrackPointExtension>
            <ns3:hr>147</ns3:hr>
            <ns3:cad>82</ns3:cad>
          </ns3:TrackPointExtension>
        </extensions>
      </trkpt>
      <trkpt lat="35.7634127698838710784912109375" lon="139.5463099144399166107177734375">
        <ele>50</ele>
        <time>2026-08-26T09:27:15.000Z</time>
        <extensions>
          <ns3:TrackPointExtension>
            <ns3:hr>147</ns3:hr>
            <ns3:cad>83</ns3:cad>
          </ns3:TrackPointExtension>
        </extensions>
      </trkpt>
      <trkpt lat="35.76342827640473842620849609375" lon="139.54633112065494060516357421875">
        <ele>50</ele>
        <time>2026-08-26T09:27:16.000Z</time>
        <extensions>
          <ns3:TrackPointExtension>
            <ns3:hr>147</ns3:hr>
            <ns3:cad>83</ns3:cad>
          </ns3:TrackPointExtension>
        </extensions>
      </trkpt>
      <trkpt lat="35.763440765440464019775390625" lon="139.54635324887931346893310546875">
        <ele>50</ele>
        <time>2026-08-26T09:27:17.000Z</time>
        <extensions>
          <ns3:TrackPointExtension>
            <ns3:hr>147</ns3:hr>
            <ns3:cad>83</ns3:cad>
          </ns3:TrackPointExtension>
        </extensions>
      </trkpt>
      <trkpt lat="35.76345409266650676727294921875" lon="139.5463756285607814788818359375">
        <ele>50</ele>
        <time>2026-08-26T09:27:18.000Z</time>
        <extensions>
          <ns3:TrackPointExtension>
            <ns3:hr>148</ns3:hr>
            <ns3:cad>83</ns3:cad>
          </ns3:TrackPointExtension>
        </extensions>
      </trkpt>
      <trkpt lat="35.7634659111499786376953125" lon="139.54639683477580547332763671875">
        <ele>50</ele>
        <time>2026-08-26T09:27:19.000Z</time>
        <extensions>
          <ns3:TrackPointExtension>
            <ns3:hr>148</ns3:hr>
            <ns3:cad>82</ns3:cad>
          </ns3:TrackPointExtension>
        </extensions>
      </trkpt>
      <trkpt lat="35.7634781487286090850830078125" lon="139.5464175380766391754150390625">
        <ele>50</ele>
        <time>2026-08-26T09:27:20.000Z</time>
        <extensions>
          <ns3:TrackPointExtension>
            <ns3:hr>148</ns3:hr>
            <ns3:cad>82</ns3:cad>
          </ns3:TrackPointExtension>
        </extensions>
      </trkpt>
      <trkpt lat="35.76349013485014438629150390625" lon="139.5464383251965045928955078125">
        <ele>50</ele>
        <time>2026-08-26T09:27:21.000Z</time>
        <extensions>
          <ns3:TrackPointExtension>
            <ns3:hr>148</ns3:hr>
            <ns3:cad>81</ns3:cad>
          </ns3:TrackPointExtension>
        </extensions>
      </trkpt>
      <trkpt lat="35.76350287534296512603759765625" lon="139.546459950506687164306640625">
        <ele>50</ele>
        <time>2026-08-26T09:27:22.000Z</time>
        <extensions>
          <ns3:TrackPointExtension>
            <ns3:hr>148</ns3:hr>
            <ns3:cad>81</ns3:cad>
          </ns3:TrackPointExtension>
        </extensions>
      </trkpt>
      <trkpt lat="35.7635150291025638580322265625" lon="139.54648367129266262054443359375">
        <ele>50</ele>
        <time>2026-08-26T09:27:23.000Z</time>
        <extensions>
          <ns3:TrackPointExtension>
            <ns3:hr>148</ns3:hr>
            <ns3:cad>81</ns3:cad>
          </ns3:TrackPointExtension>
        </extensions>
      </trkpt>
      <trkpt lat="35.7635277695953845977783203125" lon="139.5465083979070186614990234375">
        <ele>50</ele>
        <time>2026-08-26T09:27:24.000Z</time>
        <extensions>
          <ns3:TrackPointExtension>
            <ns3:hr>148</ns3:hr>
            <ns3:cad>81</ns3:cad>
          </ns3:TrackPointExtension>
        </extensions>
      </trkpt>
      <trkpt lat="35.76353740878403186798095703125" lon="139.5465271733701229095458984375">
        <ele>50</ele>
        <time>2026-08-26T09:27:25.000Z</time>
        <extensions>
          <ns3:TrackPointExtension>
            <ns3:hr>148</ns3:hr>
            <ns3:cad>81</ns3:cad>
          </ns3:TrackPointExtension>
        </extensions>
      </trkpt>
      <trkpt lat="35.763549394905567169189453125" lon="139.5465409196913242340087890625">
        <ele>50</ele>
        <time>2026-08-26T09:27:26.000Z</time>
        <extensions>
          <ns3:TrackPointExtension>
            <ns3:hr>148</ns3:hr>
            <ns3:cad>81</ns3:cad>
          </ns3:TrackPointExtension>
        </extensions>
      </trkpt>
      <trkpt lat="35.76356121338903903961181640625" lon="139.5465623773634433746337890625">
        <ele>49.799999237060546875</ele>
        <time>2026-08-26T09:27:27.000Z</time>
        <extensions>
          <ns3:TrackPointExtension>
            <ns3:hr>148</ns3:hr>
            <ns3:cad>81</ns3:cad>
          </ns3:TrackPointExtension>
        </extensions>
      </trkpt>
      <trkpt lat="35.7635747082531452178955078125" lon="139.54658945091068744659423828125">
        <ele>49.799999237060546875</ele>
        <time>2026-08-26T09:27:28.000Z</time>
        <extensions>
          <ns3:TrackPointExtension>
            <ns3:hr>148</ns3:hr>
            <ns3:cad>81</ns3:cad>
          </ns3:TrackPointExtension>
        </extensions>
      </trkpt>
      <trkpt lat="35.76358132995665073394775390625" lon="139.5466138422489166259765625">
        <ele>49.799999237060546875</ele>
        <time>2026-08-26T09:27:29.000Z</time>
        <extensions>
          <ns3:TrackPointExtension>
            <ns3:hr>149</ns3:hr>
            <ns3:cad>81</ns3:cad>
          </ns3:TrackPointExtension>
        </extensions>
      </trkpt>
      <trkpt lat="35.76358300633728504180908203125" lon="139.54663873650133609771728515625">
        <ele>49.59999847412109375</ele>
        <time>2026-08-26T09:27:30.000Z</time>
        <extensions>
          <ns3:TrackPointExtension>
            <ns3:hr>149</ns3:hr>
            <ns3:cad>82</ns3:cad>
          </ns3:TrackPointExtension>
        </extensions>
      </trkpt>
      <trkpt lat="35.76358459889888763427734375" lon="139.54665751196444034576416015625">
        <ele>49.59999847412109375</ele>
        <time>2026-08-26T09:27:31.000Z</time>
        <extensions>
          <ns3:TrackPointExtension>
            <ns3:hr>149</ns3:hr>
            <ns3:cad>82</ns3:cad>
          </ns3:TrackPointExtension>
        </extensions>
      </trkpt>
      <trkpt lat="35.76359122060239315032958984375" lon="139.54668567515909671783447265625">
        <ele>49.59999847412109375</ele>
        <time>2026-08-26T09:27:32.000Z</time>
        <extensions>
          <ns3:TrackPointExtension>
            <ns3:hr>149</ns3:hr>
            <ns3:cad>82</ns3:cad>
          </ns3:TrackPointExtension>
        </extensions>
      </trkpt>
      <trkpt lat="35.7635991834104061126708984375" lon="139.54670076258480548858642578125">
        <ele>49.40000152587890625</ele>
        <time>2026-08-26T09:27:33.000Z</time>
        <extensions>
          <ns3:TrackPointExtension>
            <ns3:hr>149</ns3:hr>
            <ns3:cad>81</ns3:cad>
          </ns3:TrackPointExtension>
        </extensions>
      </trkpt>
      <trkpt lat="35.76361100189387798309326171875" lon="139.5467219687998294830322265625">
        <ele>49.40000152587890625</ele>
        <time>2026-08-26T09:27:34.000Z</time>
        <extensions>
          <ns3:TrackPointExtension>
            <ns3:hr>149</ns3:hr>
            <ns3:cad>81</ns3:cad>
          </ns3:TrackPointExtension>
        </extensions>
      </trkpt>
      <trkpt lat="35.763621814548969268798828125" lon="139.5467481203377246856689453125">
        <ele>49.40000152587890625</ele>
        <time>2026-08-26T09:27:35.000Z</time>
        <extensions>
          <ns3:TrackPointExtension>
            <ns3:hr>149</ns3:hr>
            <ns3:cad>81</ns3:cad>
          </ns3:TrackPointExtension>
        </extensions>
      </trkpt>
      <trkpt lat="35.76363421976566314697265625" lon="139.546771757304668426513671875">
        <ele>49.40000152587890625</ele>
        <time>2026-08-26T09:27:36.000Z</time>
        <extensions>
          <ns3:TrackPointExtension>
            <ns3:hr>149</ns3:hr>
            <ns3:cad>81</ns3:cad>
          </ns3:TrackPointExtension>
        </extensions>
      </trkpt>
      <trkpt lat="35.763644278049468994140625" lon="139.5467964000999927520751953125">
        <ele>49.40000152587890625</ele>
        <time>2026-08-26T09:27:37.000Z</time>
        <extensions>
          <ns3:TrackPointExtension>
            <ns3:hr>149</ns3:hr>
            <ns3:cad>81</ns3:cad>
          </ns3:TrackPointExtension>
        </extensions>
      </trkpt>
      <trkpt lat="35.7636524923145771026611328125" lon="139.546817354857921600341796875">
        <ele>49.40000152587890625</ele>
        <time>2026-08-26T09:27:38.000Z</time>
        <extensions>
          <ns3:TrackPointExtension>
            <ns3:hr>149</ns3:hr>
            <ns3:cad>81</ns3:cad>
          </ns3:TrackPointExtension>
        </extensions>
      </trkpt>
      <trkpt lat="35.7636645622551441192626953125" lon="139.54684375785291194915771484375">
        <ele>49.40000152587890625</ele>
        <time>2026-08-26T09:27:39.000Z</time>
        <extensions>
          <ns3:TrackPointExtension>
            <ns3:hr>149</ns3:hr>
            <ns3:cad>80</ns3:cad>
          </ns3:TrackPointExtension>
        </extensions>
      </trkpt>
      <trkpt lat="35.76367939822375774383544921875" lon="139.546866975724697113037109375">
        <ele>49.40000152587890625</ele>
        <time>2026-08-26T09:27:40.000Z</time>
        <extensions>
          <ns3:TrackPointExtension>
            <ns3:hr>149</ns3:hr>
            <ns3:cad>80</ns3:cad>
          </ns3:TrackPointExtension>
        </extensions>
      </trkpt>
      <trkpt lat="35.76368828304111957550048828125" lon="139.54689086414873600006103515625">
        <ele>49.40000152587890625</ele>
        <time>2026-08-26T09:27:41.000Z</time>
        <extensions>
          <ns3:TrackPointExtension>
            <ns3:hr>149</ns3:hr>
            <ns3:cad>80</ns3:cad>
          </ns3:TrackPointExtension>
        </extensions>
      </trkpt>
      <trkpt lat="35.76369616203010082244873046875" lon="139.546914584934711456298828125">
        <ele>49.59999847412109375</ele>
        <time>2026-08-26T09:27:42.000Z</time>
        <extensions>
          <ns3:TrackPointExtension>
            <ns3:hr>149</ns3:hr>
            <ns3:cad>80</ns3:cad>
          </ns3:TrackPointExtension>
        </extensions>
      </trkpt>
      <trkpt lat="35.76370663940906524658203125" lon="139.54693612642586231231689453125">
        <ele>49.59999847412109375</ele>
        <time>2026-08-26T09:27:43.000Z</time>
        <extensions>
          <ns3:TrackPointExtension>
            <ns3:hr>149</ns3:hr>
            <ns3:cad>80</ns3:cad>
          </ns3:TrackPointExtension>
        </extensions>
      </trkpt>
      <trkpt lat="35.76371845789253711700439453125" lon="139.54695540480315685272216796875">
        <ele>49.799999237060546875</ele>
        <time>2026-08-26T09:27:44.000Z</time>
        <extensions>
          <ns3:TrackPointExtension>
            <ns3:hr>149</ns3:hr>
            <ns3:cad>81</ns3:cad>
          </ns3:TrackPointExtension>
        </extensions>
      </trkpt>
      <trkpt lat="35.76372952200472354888916015625" lon="139.5469730906188488006591796875">
        <ele>49.799999237060546875</ele>
        <time>2026-08-26T09:27:45.000Z</time>
        <extensions>
          <ns3:TrackPointExtension>
            <ns3:hr>149</ns3:hr>
            <ns3:cad>80</ns3:cad>
          </ns3:TrackPointExtension>
        </extensions>
      </trkpt>
      <trkpt lat="35.763737149536609649658203125" lon="139.5469947159290313720703125">
        <ele>50</ele>
        <time>2026-08-26T09:27:46.000Z</time>
        <extensions>
          <ns3:TrackPointExtension>
            <ns3:hr>148</ns3:hr>
            <ns3:cad>80</ns3:cad>
          </ns3:TrackPointExtension>
        </extensions>
      </trkpt>
      <trkpt lat="35.76374444179236888885498046875" lon="139.54701893962919712066650390625">
        <ele>50.200000762939453125</ele>
        <time>2026-08-26T09:27:47.000Z</time>
        <extensions>
          <ns3:TrackPointExtension>
            <ns3:hr>148</ns3:hr>
            <ns3:cad>80</ns3:cad>
          </ns3:TrackPointExtension>
        </extensions>
      </trkpt>
      <trkpt lat="35.76375114731490612030029296875" lon="139.54704056493937969207763671875">
        <ele>50.200000762939453125</ele>
        <time>2026-08-26T09:27:48.000Z</time>
        <extensions>
          <ns3:TrackPointExtension>
            <ns3:hr>148</ns3:hr>
            <ns3:cad>80</ns3:cad>
          </ns3:TrackPointExtension>
        </extensions>
      </trkpt>
      <trkpt lat="35.76375885866582393646240234375" lon="139.54706520773470401763916015625">
        <ele>50.200000762939453125</ele>
        <time>2026-08-26T09:27:49.000Z</time>
        <extensions>
          <ns3:TrackPointExtension>
            <ns3:hr>148</ns3:hr>
            <ns3:cad>81</ns3:cad>
          </ns3:TrackPointExtension>
        </extensions>
      </trkpt>
      <trkpt lat="35.7637661509215831756591796875" lon="139.54708867706358432769775390625">
        <ele>50.200000762939453125</ele>
        <time>2026-08-26T09:27:50.000Z</time>
        <extensions>
          <ns3:TrackPointExtension>
            <ns3:hr>147</ns3:hr>
            <ns3:cad>80</ns3:cad>
          </ns3:TrackPointExtension>
        </extensions>
      </trkpt>
      <trkpt lat="35.7637758739292621612548828125" lon="139.5471125654876232147216796875">
        <ele>50.200000762939453125</ele>
        <time>2026-08-26T09:27:51.000Z</time>
        <extensions>
          <ns3:TrackPointExtension>
            <ns3:hr>147</ns3:hr>
            <ns3:cad>80</ns3:cad>
          </ns3:TrackPointExtension>
        </extensions>
      </trkpt>
      <trkpt lat="35.76378450728952884674072265625" lon="139.54713963903486728668212890625">
        <ele>50.200000762939453125</ele>
        <time>2026-08-26T09:27:52.000Z</time>
        <extensions>
          <ns3:TrackPointExtension>
            <ns3:hr>147</ns3:hr>
            <ns3:cad>79</ns3:cad>
          </ns3:TrackPointExtension>
        </extensions>
      </trkpt>
      <trkpt lat="35.763792805373668670654296875" lon="139.547162689268589019775390625">
        <ele>49.799999237060546875</ele>
        <time>2026-08-26T09:27:53.000Z</time>
        <extensions>
          <ns3:TrackPointExtension>
            <ns3:hr>147</ns3:hr>
            <ns3:cad>79</ns3:cad>
          </ns3:TrackPointExtension>
        </extensions>
      </trkpt>
      <trkpt lat="35.76380043290555477142333984375" lon="139.5471856556832790374755859375">
        <ele>49.59999847412109375</ele>
        <time>2026-08-26T09:27:54.000Z</time>
        <extensions>
          <ns3:TrackPointExtension>
            <ns3:hr>147</ns3:hr>
            <ns3:cad>80</ns3:cad>
          </ns3:TrackPointExtension>
        </extensions>
      </trkpt>
      <trkpt lat="35.76380814425647258758544921875" lon="139.5472094602882862091064453125">
        <ele>49.40000152587890625</ele>
        <time>2026-08-26T09:27:55.000Z</time>
        <extensions>
          <ns3:TrackPointExtension>
            <ns3:hr>147</ns3:hr>
            <ns3:cad>80</ns3:cad>
          </ns3:TrackPointExtension>
        </extensions>
      </trkpt>
      <trkpt lat="35.76381870545446872711181640625" lon="139.54722999595105648040771484375">
        <ele>49.200000762939453125</ele>
        <time>2026-08-26T09:27:56.000Z</time>
        <extensions>
          <ns3:TrackPointExtension>
            <ns3:hr>147</ns3:hr>
            <ns3:cad>81</ns3:cad>
          </ns3:TrackPointExtension>
        </extensions>
      </trkpt>
      <trkpt lat="35.763833038508892059326171875" lon="139.54724994488060474395751953125">
        <ele>49.200000762939453125</ele>
        <time>2026-08-26T09:27:57.000Z</time>
        <extensions>
          <ns3:TrackPointExtension>
            <ns3:hr>147</ns3:hr>
            <ns3:cad>81</ns3:cad>
          </ns3:TrackPointExtension>
        </extensions>
      </trkpt>
      <trkpt lat="35.76384217478334903717041015625" lon="139.547273330390453338623046875">
        <ele>49.200000762939453125</ele>
        <time>2026-08-26T09:27:58.000Z</time>
        <extensions>
          <ns3:TrackPointExtension>
            <ns3:hr>148</ns3:hr>
            <ns3:cad>81</ns3:cad>
          </ns3:TrackPointExtension>
        </extensions>
      </trkpt>
      <trkpt lat="35.7638499699532985687255859375" lon="139.54729872755706310272216796875">
        <ele>49.200000762939453125</ele>
        <time>2026-08-26T09:27:59.000Z</time>
        <extensions>
          <ns3:TrackPointExtension>
            <ns3:hr>148</ns3:hr>
            <ns3:cad>81</ns3:cad>
          </ns3:TrackPointExtension>
        </extensions>
      </trkpt>
      <trkpt lat="35.76385960914194583892822265625" lon="139.5473190955817699432373046875">
        <ele>49.200000762939453125</ele>
        <time>2026-08-26T09:28:00.000Z</time>
        <extensions>
          <ns3:TrackPointExtension>
            <ns3:hr>149</ns3:hr>
            <ns3:cad>80</ns3:cad>
          </ns3:TrackPointExtension>
        </extensions>
      </trkpt>
      <trkpt lat="35.76387486420571804046630859375" lon="139.54734616912901401519775390625">
        <ele>49.200000762939453125</ele>
        <time>2026-08-26T09:28:01.000Z</time>
        <extensions>
          <ns3:TrackPointExtension>
            <ns3:hr>149</ns3:hr>
            <ns3:cad>81</ns3:cad>
          </ns3:TrackPointExtension>
        </extensions>
      </trkpt>
      <trkpt lat="35.7638870179653167724609375" lon="139.54736695624887943267822265625">
        <ele>49.200000762939453125</ele>
        <time>2026-08-26T09:28:02.000Z</time>
        <extensions>
          <ns3:TrackPointExtension>
            <ns3:hr>149</ns3:hr>
            <ns3:cad>81</ns3:cad>
          </ns3:TrackPointExtension>
        </extensions>
      </trkpt>
      <trkpt lat="35.76389975845813751220703125" lon="139.54738791100680828094482421875">
        <ele>49.200000762939453125</ele>
        <time>2026-08-26T09:28:03.000Z</time>
        <extensions>
          <ns3:TrackPointExtension>
            <ns3:hr>149</ns3:hr>
            <ns3:cad>81</ns3:cad>
          </ns3:TrackPointExtension>
        </extensions>
      </trkpt>
      <trkpt lat="35.76391316950321197509765625" lon="139.54740551300346851348876953125">
        <ele>49</ele>
        <time>2026-08-26T09:28:04.000Z</time>
        <extensions>
          <ns3:TrackPointExtension>
            <ns3:hr>149</ns3:hr>
            <ns3:cad>82</ns3:cad>
          </ns3:TrackPointExtension>
        </extensions>
      </trkpt>
      <trkpt lat="35.7639267481863498687744140625" lon="139.54742252826690673828125">
        <ele>49</ele>
        <time>2026-08-26T09:28:05.000Z</time>
        <extensions>
          <ns3:TrackPointExtension>
            <ns3:hr>149</ns3:hr>
            <ns3:cad>82</ns3:cad>
          </ns3:TrackPointExtension>
        </extensions>
      </trkpt>
      <trkpt lat="35.7639433443546295166015625" lon="139.547441303730010986328125">
        <ele>49</ele>
        <time>2026-08-26T09:28:06.000Z</time>
        <extensions>
          <ns3:TrackPointExtension>
            <ns3:hr>149</ns3:hr>
            <ns3:cad>82</ns3:cad>
          </ns3:TrackPointExtension>
        </extensions>
      </trkpt>
      <trkpt lat="35.76395767740905284881591796875" lon="139.547457396984100341796875">
        <ele>49</ele>
        <time>2026-08-26T09:28:07.000Z</time>
        <extensions>
          <ns3:TrackPointExtension>
            <ns3:hr>149</ns3:hr>
            <ns3:cad>83</ns3:cad>
          </ns3:TrackPointExtension>
        </extensions>
      </trkpt>
      <trkpt lat="35.76396706514060497283935546875" lon="139.54748011194169521331787109375">
        <ele>49</ele>
        <time>2026-08-26T09:28:08.000Z</time>
        <extensions>
          <ns3:TrackPointExtension>
            <ns3:hr>149</ns3:hr>
            <ns3:cad>82</ns3:cad>
          </ns3:TrackPointExtension>
        </extensions>
      </trkpt>
      <trkpt lat="35.76397754251956939697265625" lon="139.54750366508960723876953125">
        <ele>49</ele>
        <time>2026-08-26T09:28:09.000Z</time>
        <extensions>
          <ns3:TrackPointExtension>
            <ns3:hr>148</ns3:hr>
            <ns3:cad>82</ns3:cad>
          </ns3:TrackPointExtension>
        </extensions>
      </trkpt>
      <trkpt lat="35.76398751698434352874755859375" lon="139.5475236140191555023193359375">
        <ele>49</ele>
        <time>2026-08-26T09:28:10.000Z</time>
        <extensions>
          <ns3:TrackPointExtension>
            <ns3:hr>147</ns3:hr>
            <ns3:cad>81</ns3:cad>
          </ns3:TrackPointExtension>
        </extensions>
      </trkpt>
      <trkpt lat="35.7640001736581325531005859375" lon="139.547538198530673980712890625">
        <ele>49</ele>
        <time>2026-08-26T09:28:11.000Z</time>
        <extensions>
          <ns3:TrackPointExtension>
            <ns3:hr>147</ns3:hr>
            <ns3:cad>81</ns3:cad>
          </ns3:TrackPointExtension>
        </extensions>
      </trkpt>
      <trkpt lat="35.7640182785689830780029296875" lon="139.54755303449928760528564453125">
        <ele>49</ele>
        <time>2026-08-26T09:28:12.000Z</time>
        <extensions>
          <ns3:TrackPointExtension>
            <ns3:hr>146</ns3:hr>
            <ns3:cad>81</ns3:cad>
          </ns3:TrackPointExtension>
        </extensions>
      </trkpt>
      <trkpt lat="35.76403395272791385650634765625" lon="139.5475713908672332763671875">
        <ele>49</ele>
        <time>2026-08-26T09:28:13.000Z</time>
        <extensions>
          <ns3:TrackPointExtension>
            <ns3:hr>145</ns3:hr>
            <ns3:cad>80</ns3:cad>
          </ns3:TrackPointExtension>
        </extensions>
      </trkpt>
      <trkpt lat="35.76404585503041744232177734375" lon="139.54758823849260807037353515625">
        <ele>49</ele>
        <time>2026-08-26T09:28:14.000Z</time>
        <extensions>
          <ns3:TrackPointExtension>
            <ns3:hr>145</ns3:hr>
            <ns3:cad>80</ns3:cad>
          </ns3:TrackPointExtension>
        </extensions>
      </trkpt>
      <trkpt lat="35.76406337320804595947265625" lon="139.54761095345020294189453125">
        <ele>49</ele>
        <time>2026-08-26T09:28:15.000Z</time>
        <extensions>
          <ns3:TrackPointExtension>
            <ns3:hr>146</ns3:hr>
            <ns3:cad>79</ns3:cad>
          </ns3:TrackPointExtension>
        </extensions>
      </trkpt>
      <trkpt lat="35.76407678425312042236328125" lon="139.54762411303818225860595703125">
        <ele>49.200000762939453125</ele>
        <time>2026-08-26T09:28:16.000Z</time>
        <extensions>
          <ns3:TrackPointExtension>
            <ns3:hr>146</ns3:hr>
            <ns3:cad>80</ns3:cad>
          </ns3:TrackPointExtension>
        </extensions>
      </trkpt>
      <trkpt lat="35.7640906982123851776123046875" lon="139.54764313995838165283203125">
        <ele>49.200000762939453125</ele>
        <time>2026-08-26T09:28:17.000Z</time>
        <extensions>
          <ns3:TrackPointExtension>
            <ns3:hr>146</ns3:hr>
            <ns3:cad>80</ns3:cad>
          </ns3:TrackPointExtension>
        </extensions>
      </trkpt>
      <trkpt lat="35.7641084678471088409423828125" lon="139.54766870476305484771728515625">
        <ele>49.200000762939453125</ele>
        <time>2026-08-26T09:28:18.000Z</time>
        <extensions>
          <ns3:TrackPointExtension>
            <ns3:hr>146</ns3:hr>
            <ns3:cad>80</ns3:cad>
          </ns3:TrackPointExtension>
        </extensions>
      </trkpt>
      <trkpt lat="35.7641203701496124267578125" lon="139.54768496565520763397216796875">
        <ele>49.200000762939453125</ele>
        <time>2026-08-26T09:28:19.000Z</time>
        <extensions>
          <ns3:TrackPointExtension>
            <ns3:hr>147</ns3:hr>
            <ns3:cad>80</ns3:cad>
          </ns3:TrackPointExtension>
        </extensions>
      </trkpt>
      <trkpt lat="35.76413403265178203582763671875" lon="139.54770340584218502044677734375">
        <ele>49.200000762939453125</ele>
        <time>2026-08-26T09:28:20.000Z</time>
        <extensions>
          <ns3:TrackPointExtension>
            <ns3:hr>147</ns3:hr>
            <ns3:cad>81</ns3:cad>
          </ns3:TrackPointExtension>
        </extensions>
      </trkpt>
      <trkpt lat="35.76414593495428562164306640625" lon="139.547719247639179229736328125">
        <ele>49.200000762939453125</ele>
        <time>2026-08-26T09:28:21.000Z</time>
        <extensions>
          <ns3:TrackPointExtension>
            <ns3:hr>147</ns3:hr>
            <ns3:cad>81</ns3:cad>
          </ns3:TrackPointExtension>
        </extensions>
      </trkpt>
      <trkpt lat="35.76415632851421833038330078125" lon="139.54773793928325176239013671875">
        <ele>49.200000762939453125</ele>
        <time>2026-08-26T09:28:22.000Z</time>
        <extensions>
          <ns3:TrackPointExtension>
            <ns3:hr>147</ns3:hr>
            <ns3:cad>81</ns3:cad>
          </ns3:TrackPointExtension>
        </extensions>
      </trkpt>
      <trkpt lat="35.76416823081672191619873046875" lon="139.54775822348892688751220703125">
        <ele>49.200000762939453125</ele>
        <time>2026-08-26T09:28:23.000Z</time>
        <extensions>
          <ns3:TrackPointExtension>
            <ns3:hr>147</ns3:hr>
            <ns3:cad>80</ns3:cad>
          </ns3:TrackPointExtension>
        </extensions>
      </trkpt>
      <trkpt lat="35.7641778700053691864013671875" lon="139.54777590930461883544921875">
        <ele>49.200000762939453125</ele>
        <time>2026-08-26T09:28:24.000Z</time>
        <extensions>
          <ns3:TrackPointExtension>
            <ns3:hr>148</ns3:hr>
            <ns3:cad>80</ns3:cad>
          </ns3:TrackPointExtension>
        </extensions>
      </trkpt>
      <trkpt lat="35.7641896046698093414306640625" lon="139.5477925054728984832763671875">
        <ele>49.200000762939453125</ele>
        <time>2026-08-26T09:28:25.000Z</time>
        <extensions>
          <ns3:TrackPointExtension>
            <ns3:hr>148</ns3:hr>
            <ns3:cad>80</ns3:cad>
          </ns3:TrackPointExtension>
        </extensions>
      </trkpt>
      <trkpt lat="35.7641996629536151885986328125" lon="139.54780985601246356964111328125">
        <ele>49.200000762939453125</ele>
        <time>2026-08-26T09:28:26.000Z</time>
        <extensions>
          <ns3:TrackPointExtension>
            <ns3:hr>148</ns3:hr>
            <ns3:cad>81</ns3:cad>
          </ns3:TrackPointExtension>
        </extensions>
      </trkpt>
      <trkpt lat="35.7642110623419284820556640625" lon="139.54782284796237945556640625">
        <ele>49.200000762939453125</ele>
        <time>2026-08-26T09:28:27.000Z</time>
        <extensions>
          <ns3:TrackPointExtension>
            <ns3:hr>148</ns3:hr>
            <ns3:cad>81</ns3:cad>
          </ns3:TrackPointExtension>
        </extensions>
      </trkpt>
      <trkpt lat="35.76422807760536670684814453125" lon="139.547831900417804718017578125">
        <ele>49.200000762939453125</ele>
        <time>2026-08-26T09:28:28.000Z</time>
        <extensions>
          <ns3:TrackPointExtension>
            <ns3:hr>149</ns3:hr>
            <ns3:cad>81</ns3:cad>
          </ns3:TrackPointExtension>
        </extensions>
      </trkpt>
      <trkpt lat="35.7642437517642974853515625" lon="139.54783952794969081878662109375">
        <ele>49.200000762939453125</ele>
        <time>2026-08-26T09:28:29.000Z</time>
        <extensions>
          <ns3:TrackPointExtension>
            <ns3:hr>149</ns3:hr>
            <ns3:cad>80</ns3:cad>
          </ns3:TrackPointExtension>
        </extensions>
      </trkpt>
      <trkpt lat="35.764256156980991363525390625" lon="139.54785511828958988189697265625">
        <ele>49.200000762939453125</ele>
        <time>2026-08-26T09:28:30.000Z</time>
        <extensions>
          <ns3:TrackPointExtension>
            <ns3:hr>150</ns3:hr>
            <ns3:cad>80</ns3:cad>
          </ns3:TrackPointExtension>
        </extensions>
      </trkpt>
      <trkpt lat="35.76426981948316097259521484375" lon="139.54787288792431354522705078125">
        <ele>49.200000762939453125</ele>
        <time>2026-08-26T09:28:31.000Z</time>
        <extensions>
          <ns3:TrackPointExtension>
            <ns3:hr>150</ns3:hr>
            <ns3:cad>80</ns3:cad>
          </ns3:TrackPointExtension>
        </extensions>
      </trkpt>
      <trkpt lat="35.7642774470150470733642578125" lon="139.54789317212998867034912109375">
        <ele>49.200000762939453125</ele>
        <time>2026-08-26T09:28:32.000Z</time>
        <extensions>
          <ns3:TrackPointExtension>
            <ns3:hr>149</ns3:hr>
            <ns3:cad>80</ns3:cad>
          </ns3:TrackPointExtension>
        </extensions>
      </trkpt>
      <trkpt lat="35.764291696250438690185546875" lon="139.54791672527790069580078125">
        <ele>49.200000762939453125</ele>
        <time>2026-08-26T09:28:33.000Z</time>
        <extensions>
          <ns3:TrackPointExtension>
            <ns3:hr>150</ns3:hr>
            <ns3:cad>80</ns3:cad>
          </ns3:TrackPointExtension>
        </extensions>
      </trkpt>
      <trkpt lat="35.76430435292422771453857421875" lon="139.547933153808116912841796875">
        <ele>49.200000762939453125</ele>
        <time>2026-08-26T09:28:34.000Z</time>
        <extensions>
          <ns3:TrackPointExtension>
            <ns3:hr>150</ns3:hr>
            <ns3:cad>80</ns3:cad>
          </ns3:TrackPointExtension>
        </extensions>
      </trkpt>
      <trkpt lat="35.764320194721221923828125" lon="139.5479581318795680999755859375">
        <ele>49.200000762939453125</ele>
        <time>2026-08-26T09:28:35.000Z</time>
        <extensions>
          <ns3:TrackPointExtension>
            <ns3:hr>150</ns3:hr>
            <ns3:cad>81</ns3:cad>
          </ns3:TrackPointExtension>
        </extensions>
      </trkpt>
      <trkpt lat="35.76433452777564525604248046875" lon="139.5479718782007694244384765625">
        <ele>49.200000762939453125</ele>
        <time>2026-08-26T09:28:36.000Z</time>
        <extensions>
          <ns3:TrackPointExtension>
            <ns3:hr>150</ns3:hr>
            <ns3:cad>81</ns3:cad>
          </ns3:TrackPointExtension>
        </extensions>
      </trkpt>
      <trkpt lat="35.76434475369751453399658203125" lon="139.54799073748290538787841796875">
        <ele>49.200000762939453125</ele>
        <time>2026-08-26T09:28:37.000Z</time>
        <extensions>
          <ns3:TrackPointExtension>
            <ns3:hr>150</ns3:hr>
            <ns3:cad>81</ns3:cad>
          </ns3:TrackPointExtension>
        </extensions>
      </trkpt>
      <trkpt lat="35.76435967348515987396240234375" lon="139.548009932041168212890625">
        <ele>49.200000762939453125</ele>
        <time>2026-08-26T09:28:38.000Z</time>
        <extensions>
          <ns3:TrackPointExtension>
            <ns3:hr>150</ns3:hr>
            <ns3:cad>81</ns3:cad>
          </ns3:TrackPointExtension>
        </extensions>
      </trkpt>
      <trkpt lat="35.76436554081737995147705078125" lon="139.54802669584751129150390625">
        <ele>49.200000762939453125</ele>
        <time>2026-08-26T09:28:39.000Z</time>
        <extensions>
          <ns3:TrackPointExtension>
            <ns3:hr>150</ns3:hr>
            <ns3:cad>81</ns3:cad>
          </ns3:TrackPointExtension>
        </extensions>
      </trkpt>
      <trkpt lat="35.76437375508248805999755859375" lon="139.54804010689258575439453125">
        <ele>49.200000762939453125</ele>
        <time>2026-08-26T09:28:40.000Z</time>
        <extensions>
          <ns3:TrackPointExtension>
            <ns3:hr>149</ns3:hr>
            <ns3:cad>81</ns3:cad>
          </ns3:TrackPointExtension>
        </extensions>
      </trkpt>
      <trkpt lat="35.7643840648233890533447265625" lon="139.548051171004772186279296875">
        <ele>49.200000762939453125</ele>
        <time>2026-08-26T09:28:41.000Z</time>
        <extensions>
          <ns3:TrackPointExtension>
            <ns3:hr>149</ns3:hr>
            <ns3:cad>81</ns3:cad>
          </ns3:TrackPointExtension>
        </extensions>
      </trkpt>
      <trkpt lat="35.76439789496362209320068359375" lon="139.5480563677847385406494140625">
        <ele>49.200000762939453125</ele>
        <time>2026-08-26T09:28:42.000Z</time>
        <extensions>
          <ns3:TrackPointExtension>
            <ns3:hr>149</ns3:hr>
            <ns3:cad>81</ns3:cad>
          </ns3:TrackPointExtension>
        </extensions>
      </trkpt>
      <trkpt lat="35.76440778560936450958251953125" lon="139.5480744726955890655517578125">
        <ele>49.200000762939453125</ele>
        <time>2026-08-26T09:28:43.000Z</time>
        <extensions>
          <ns3:TrackPointExtension>
            <ns3:hr>149</ns3:hr>
            <ns3:cad>81</ns3:cad>
          </ns3:TrackPointExtension>
        </extensions>
      </trkpt>
      <trkpt lat="35.76441616751253604888916015625" lon="139.5480917394161224365234375">
        <ele>49.200000762939453125</ele>
        <time>2026-08-26T09:28:44.000Z</time>
        <extensions>
          <ns3:TrackPointExtension>
            <ns3:hr>149</ns3:hr>
            <ns3:cad>80</ns3:cad>
          </ns3:TrackPointExtension>
        </extensions>
      </trkpt>
      <trkpt lat="35.76442521996796131134033203125" lon="139.54811110161244869232177734375">
        <ele>49.200000762939453125</ele>
        <time>2026-08-26T09:28:45.000Z</time>
        <extensions>
          <ns3:TrackPointExtension>
            <ns3:hr>149</ns3:hr>
            <ns3:cad>80</ns3:cad>
          </ns3:TrackPointExtension>
        </extensions>
      </trkpt>
      <trkpt lat="35.764437876641750335693359375" lon="139.5481267757713794708251953125">
        <ele>49.200000762939453125</ele>
        <time>2026-08-26T09:28:46.000Z</time>
        <extensions>
          <ns3:TrackPointExtension>
            <ns3:hr>149</ns3:hr>
            <ns3:cad>79</ns3:cad>
          </ns3:TrackPointExtension>
        </extensions>
      </trkpt>
      <trkpt lat="35.76445673592388629913330078125" lon="139.54813943244516849517822265625">
        <ele>49.200000762939453125</ele>
        <time>2026-08-26T09:28:47.000Z</time>
        <extensions>
          <ns3:TrackPointExtension>
            <ns3:hr>149</ns3:hr>
            <ns3:cad>79</ns3:cad>
          </ns3:TrackPointExtension>
        </extensions>
      </trkpt>
      <trkpt lat="35.76447484083473682403564453125" lon="139.54815535806119441986083984375">
        <ele>49</ele>
        <time>2026-08-26T09:28:48.000Z</time>
        <extensions>
          <ns3:TrackPointExtension>
            <ns3:hr>150</ns3:hr>
            <ns3:cad>79</ns3:cad>
          </ns3:TrackPointExtension>
        </extensions>
      </trkpt>
      <trkpt lat="35.7644916884601116180419921875" lon="139.54817019402980804443359375">
        <ele>49</ele>
        <time>2026-08-26T09:28:49.000Z</time>
        <extensions>
          <ns3:TrackPointExtension>
            <ns3:hr>150</ns3:hr>
            <ns3:cad>80</ns3:cad>
          </ns3:TrackPointExtension>
        </extensions>
      </trkpt>
      <trkpt lat="35.76450501568615436553955078125" lon="139.54818184487521648406982421875">
        <ele>49</ele>
        <time>2026-08-26T09:28:50.000Z</time>
        <extensions>
          <ns3:TrackPointExtension>
            <ns3:hr>150</ns3:hr>
            <ns3:cad>81</ns3:cad>
          </ns3:TrackPointExtension>
        </extensions>
      </trkpt>
      <trkpt lat="35.7645262219011783599853515625" lon="139.54820372164249420166015625">
        <ele>49</ele>
        <time>2026-08-26T09:28:51.000Z</time>
        <extensions>
          <ns3:TrackPointExtension>
            <ns3:hr>150</ns3:hr>
            <ns3:cad>81</ns3:cad>
          </ns3:TrackPointExtension>
        </extensions>
      </trkpt>
      <trkpt lat="35.76454793103039264678955078125" lon="139.54821755178272724151611328125">
        <ele>49</ele>
        <time>2026-08-26T09:28:52.000Z</time>
        <extensions>
          <ns3:TrackPointExtension>
            <ns3:hr>150</ns3:hr>
            <ns3:cad>82</ns3:cad>
          </ns3:TrackPointExtension>
        </extensions>
      </trkpt>
      <trkpt lat="35.76457299292087554931640625" lon="139.5482240058481693267822265625">
        <ele>49</ele>
        <time>2026-08-26T09:28:53.000Z</time>
        <extensions>
          <ns3:TrackPointExtension>
            <ns3:hr>150</ns3:hr>
            <ns3:cad>82</ns3:cad>
          </ns3:TrackPointExtension>
        </extensions>
      </trkpt>
      <trkpt lat="35.764597468078136444091796875" lon="139.5482365787029266357421875">
        <ele>49</ele>
        <time>2026-08-26T09:28:54.000Z</time>
        <extensions>
          <ns3:TrackPointExtension>
            <ns3:hr>150</ns3:hr>
            <ns3:cad>82</ns3:cad>
          </ns3:TrackPointExtension>
        </extensions>
      </trkpt>
      <trkpt lat="35.7646133936941623687744140625" lon="139.54825074411928653717041015625">
        <ele>49</ele>
        <time>2026-08-26T09:28:55.000Z</time>
        <extensions>
          <ns3:TrackPointExtension>
            <ns3:hr>150</ns3:hr>
            <ns3:cad>82</ns3:cad>
          </ns3:TrackPointExtension>
        </extensions>
      </trkpt>
      <trkpt lat="35.76463066041469573974609375" lon="139.54826214350759983062744140625">
        <ele>48.799999237060546875</ele>
        <time>2026-08-26T09:28:56.000Z</time>
        <extensions>
          <ns3:TrackPointExtension>
            <ns3:hr>151</ns3:hr>
            <ns3:cad>82</ns3:cad>
          </ns3:TrackPointExtension>
        </extensions>
      </trkpt>
      <trkpt lat="35.7646432332694530487060546875" lon="139.548280499875545501708984375">
        <ele>48.799999237060546875</ele>
        <time>2026-08-26T09:28:57.000Z</time>
        <extensions>
          <ns3:TrackPointExtension>
            <ns3:hr>151</ns3:hr>
            <ns3:cad>83</ns3:cad>
          </ns3:TrackPointExtension>
        </extensions>
      </trkpt>
      <trkpt lat="35.7646594941616058349609375" lon="139.54829852096736431121826171875">
        <ele>48.799999237060546875</ele>
        <time>2026-08-26T09:28:58.000Z</time>
        <extensions>
          <ns3:TrackPointExtension>
            <ns3:hr>151</ns3:hr>
            <ns3:cad>83</ns3:cad>
          </ns3:TrackPointExtension>
        </extensions>
      </trkpt>
      <trkpt lat="35.76468120329082012176513671875" lon="139.54831637442111968994140625">
        <ele>48.799999237060546875</ele>
        <time>2026-08-26T09:28:59.000Z</time>
        <extensions>
          <ns3:TrackPointExtension>
            <ns3:hr>151</ns3:hr>
            <ns3:cad>82</ns3:cad>
          </ns3:TrackPointExtension>
        </extensions>
      </trkpt>
      <trkpt lat="35.76469394378364086151123046875" lon="139.548340179026126861572265625">
        <ele>48.799999237060546875</ele>
        <time>2026-08-26T09:29:00.000Z</time>
        <extensions>
          <ns3:TrackPointExtension>
            <ns3:hr>151</ns3:hr>
            <ns3:cad>82</ns3:cad>
          </ns3:TrackPointExtension>
        </extensions>
      </trkpt>
      <trkpt lat="35.76471380889415740966796875" lon="139.54835970886051654815673828125">
        <ele>48.799999237060546875</ele>
        <time>2026-08-26T09:29:01.000Z</time>
        <extensions>
          <ns3:TrackPointExtension>
            <ns3:hr>151</ns3:hr>
            <ns3:cad>82</ns3:cad>
          </ns3:TrackPointExtension>
        </extensions>
      </trkpt>
      <trkpt lat="35.764739625155925750732421875" lon="139.54837328754365444183349609375">
        <ele>49</ele>
        <time>2026-08-26T09:29:02.000Z</time>
        <extensions>
          <ns3:TrackPointExtension>
            <ns3:hr>151</ns3:hr>
            <ns3:cad>82</ns3:cad>
          </ns3:TrackPointExtension>
        </extensions>
      </trkpt>
      <trkpt lat="35.76476099900901317596435546875" lon="139.5483787357807159423828125">
        <ele>49</ele>
        <time>2026-08-26T09:29:03.000Z</time>
        <extensions>
          <ns3:TrackPointExtension>
            <ns3:hr>151</ns3:hr>
            <ns3:cad>82</ns3:cad>
          </ns3:TrackPointExtension>
        </extensions>
      </trkpt>
      <trkpt lat="35.764776505529880523681640625" lon="139.54839055426418781280517578125">
        <ele>49</ele>
        <time>2026-08-26T09:29:04.000Z</time>
        <extensions>
          <ns3:TrackPointExtension>
            <ns3:hr>151</ns3:hr>
            <ns3:cad>82</ns3:cad>
          </ns3:TrackPointExtension>
        </extensions>
      </trkpt>
      <trkpt lat="35.76478932984173297882080078125" lon="139.5483986847102642059326171875">
        <ele>49</ele>
        <time>2026-08-26T09:29:05.000Z</time>
        <extensions>
          <ns3:TrackPointExtension>
            <ns3:hr>151</ns3:hr>
            <ns3:cad>82</ns3:cad>
          </ns3:TrackPointExtension>
        </extensions>
      </trkpt>
      <trkpt lat="35.76480827294290065765380859375" lon="139.548411928117275238037109375">
        <ele>49</ele>
        <time>2026-08-26T09:29:06.000Z</time>
        <extensions>
          <ns3:TrackPointExtension>
            <ns3:hr>151</ns3:hr>
            <ns3:cad>82</ns3:cad>
          </ns3:TrackPointExtension>
        </extensions>
      </trkpt>
      <trkpt lat="35.76482419855892658233642578125" lon="139.5484231598675251007080078125">
        <ele>48.799999237060546875</ele>
        <time>2026-08-26T09:29:07.000Z</time>
        <extensions>
          <ns3:TrackPointExtension>
            <ns3:hr>151</ns3:hr>
            <ns3:cad>82</ns3:cad>
          </ns3:TrackPointExtension>
        </extensions>
      </trkpt>
      <trkpt lat="35.76484079472720623016357421875" lon="139.548438079655170440673828125">
        <ele>48.799999237060546875</ele>
        <time>2026-08-26T09:29:08.000Z</time>
        <extensions>
          <ns3:TrackPointExtension>
            <ns3:hr>151</ns3:hr>
            <ns3:cad>82</ns3:cad>
          </ns3:TrackPointExtension>
        </extensions>
      </trkpt>
      <trkpt lat="35.76485102064907550811767578125" lon="139.5484486408531665802001953125">
        <ele>48.799999237060546875</ele>
        <time>2026-08-26T09:29:09.000Z</time>
        <extensions>
          <ns3:TrackPointExtension>
            <ns3:hr>152</ns3:hr>
            <ns3:cad>83</ns3:cad>
          </ns3:TrackPointExtension>
        </extensions>
      </trkpt>
      <trkpt lat="35.76487214304506778717041015625" lon="139.54846263863146305084228515625">
        <ele>48.799999237060546875</ele>
        <time>2026-08-26T09:29:10.000Z</time>
        <extensions>
          <ns3:TrackPointExtension>
            <ns3:hr>152</ns3:hr>
            <ns3:cad>83</ns3:cad>
          </ns3:TrackPointExtension>
        </extensions>
      </trkpt>
      <trkpt lat="35.7648879848420619964599609375" lon="139.54847118817269802093505859375">
        <ele>48.799999237060546875</ele>
        <time>2026-08-26T09:29:11.000Z</time>
        <extensions>
          <ns3:TrackPointExtension>
            <ns3:hr>152</ns3:hr>
            <ns3:cad>83</ns3:cad>
          </ns3:TrackPointExtension>
        </extensions>
      </trkpt>
      <trkpt lat="35.76490131206810474395751953125" lon="139.54847336746752262115478515625">
        <ele>48.799999237060546875</ele>
        <time>2026-08-26T09:29:12.000Z</time>
        <extensions>
          <ns3:TrackPointExtension>
            <ns3:hr>152</ns3:hr>
            <ns3:cad>82</ns3:cad>
          </ns3:TrackPointExtension>
        </extensions>
      </trkpt>
      <trkpt lat="35.7649168185889720916748046875" lon="139.54848594032227993011474609375">
        <ele>48.799999237060546875</ele>
        <time>2026-08-26T09:29:13.000Z</time>
        <extensions>
          <ns3:TrackPointExtension>
            <ns3:hr>152</ns3:hr>
            <ns3:cad>82</ns3:cad>
          </ns3:TrackPointExtension>
        </extensions>
      </trkpt>
      <trkpt lat="35.76493148691952228546142578125" lon="139.54849767498672008514404296875">
        <ele>48.799999237060546875</ele>
        <time>2026-08-26T09:29:14.000Z</time>
        <extensions>
          <ns3:TrackPointExtension>
            <ns3:hr>152</ns3:hr>
            <ns3:cad>82</ns3:cad>
          </ns3:TrackPointExtension>
        </extensions>
      </trkpt>
      <trkpt lat="35.7649436406791210174560546875" lon="139.54850488342344760894775390625">
        <ele>48.799999237060546875</ele>
        <time>2026-08-26T09:29:15.000Z</time>
        <extensions>
          <ns3:TrackPointExtension>
            <ns3:hr>152</ns3:hr>
            <ns3:cad>83</ns3:cad>
          </ns3:TrackPointExtension>
        </extensions>
      </trkpt>
      <trkpt lat="35.76496283523738384246826171875" lon="139.54851728864014148712158203125">
        <ele>48.59999847412109375</ele>
        <time>2026-08-26T09:29:16.000Z</time>
        <extensions>
          <ns3:TrackPointExtension>
            <ns3:hr>152</ns3:hr>
            <ns3:cad>83</ns3:cad>
          </ns3:TrackPointExtension>
        </extensions>
      </trkpt>
      <trkpt lat="35.76497155241668224334716796875" lon="139.54852801747620105743408203125">
        <ele>48.59999847412109375</ele>
        <time>2026-08-26T09:29:17.000Z</time>
        <extensions>
          <ns3:TrackPointExtension>
            <ns3:hr>152</ns3:hr>
            <ns3:cad>83</ns3:cad>
          </ns3:TrackPointExtension>
        </extensions>
      </trkpt>
      <trkpt lat="35.76498395763337612152099609375" lon="139.54854302108287811279296875">
        <ele>48.59999847412109375</ele>
        <time>2026-08-26T09:29:18.000Z</time>
        <extensions>
          <ns3:TrackPointExtension>
            <ns3:hr>152</ns3:hr>
            <ns3:cad>83</ns3:cad>
          </ns3:TrackPointExtension>
        </extensions>
      </trkpt>
      <trkpt lat="35.7650023140013217926025390625" lon="139.54855835996568202972412109375">
        <ele>48.59999847412109375</ele>
        <time>2026-08-26T09:29:19.000Z</time>
        <extensions>
          <ns3:TrackPointExtension>
            <ns3:hr>152</ns3:hr>
            <ns3:cad>82</ns3:cad>
          </ns3:TrackPointExtension>
        </extensions>
      </trkpt>
      <trkpt lat="35.7650170661509037017822265625" lon="139.54856959171593189239501953125">
        <ele>48.59999847412109375</ele>
        <time>2026-08-26T09:29:20.000Z</time>
        <extensions>
          <ns3:TrackPointExtension>
            <ns3:hr>152</ns3:hr>
            <ns3:cad>81</ns3:cad>
          </ns3:TrackPointExtension>
        </extensions>
      </trkpt>
      <trkpt lat="35.765033327043056488037109375" lon="139.5485837571322917938232421875">
        <ele>48.59999847412109375</ele>
        <time>2026-08-26T09:29:21.000Z</time>
        <extensions>
          <ns3:TrackPointExtension>
            <ns3:hr>152</ns3:hr>
            <ns3:cad>80</ns3:cad>
          </ns3:TrackPointExtension>
        </extensions>
      </trkpt>
      <trkpt lat="35.76504908502101898193359375" lon="139.54859389923512935638427734375">
        <ele>48.59999847412109375</ele>
        <time>2026-08-26T09:29:22.000Z</time>
        <extensions>
          <ns3:TrackPointExtension>
            <ns3:hr>151</ns3:hr>
            <ns3:cad>80</ns3:cad>
          </ns3:TrackPointExtension>
        </extensions>
      </trkpt>
      <trkpt lat="35.76506140641868114471435546875" lon="139.54860496334731578826904296875">
        <ele>48.799999237060546875</ele>
        <time>2026-08-26T09:29:23.000Z</time>
        <extensions>
          <ns3:TrackPointExtension>
            <ns3:hr>151</ns3:hr>
            <ns3:cad>80</ns3:cad>
          </ns3:TrackPointExtension>
        </extensions>
      </trkpt>
      <trkpt lat="35.76507900841534137725830078125" lon="139.5486166141927242279052734375">
        <ele>48.799999237060546875</ele>
        <time>2026-08-26T09:29:24.000Z</time>
        <extensions>
          <ns3:TrackPointExtension>
            <ns3:hr>151</ns3:hr>
            <ns3:cad>80</ns3:cad>
          </ns3:TrackPointExtension>
        </extensions>
      </trkpt>
      <trkpt lat="35.76509309001266956329345703125" lon="139.5486357249319553375244140625">
        <ele>48.799999237060546875</ele>
        <time>2026-08-26T09:29:25.000Z</time>
        <extensions>
          <ns3:TrackPointExtension>
            <ns3:hr>150</ns3:hr>
            <ns3:cad>80</ns3:cad>
          </ns3:TrackPointExtension>
        </extensions>
      </trkpt>
      <trkpt lat="35.765107087790966033935546875" lon="139.548653326928615570068359375">
        <ele>48.799999237060546875</ele>
        <time>2026-08-26T09:29:26.000Z</time>
        <extensions>
          <ns3:TrackPointExtension>
            <ns3:hr>149</ns3:hr>
            <ns3:cad>81</ns3:cad>
          </ns3:TrackPointExtension>
        </extensions>
      </trkpt>
      <trkpt lat="35.765117816627025604248046875" lon="139.54866916872560977935791015625">
        <ele>48.799999237060546875</ele>
        <time>2026-08-26T09:29:27.000Z</time>
        <extensions>
          <ns3:TrackPointExtension>
            <ns3:hr>148</ns3:hr>
            <ns3:cad>81</ns3:cad>
          </ns3:TrackPointExtension>
        </extensions>
      </trkpt>
      <trkpt lat="35.7651327364146709442138671875" lon="139.5486799813807010650634765625">
        <ele>48.799999237060546875</ele>
        <time>2026-08-26T09:29:28.000Z</time>
        <extensions>
          <ns3:TrackPointExtension>
            <ns3:hr>148</ns3:hr>
            <ns3:cad>81</ns3:cad>
          </ns3:TrackPointExtension>
        </extensions>
      </trkpt>
      <trkpt lat="35.765146315097808837890625" lon="139.5486933924257755279541015625">
        <ele>48.799999237060546875</ele>
        <time>2026-08-26T09:29:29.000Z</time>
        <extensions>
          <ns3:TrackPointExtension>
            <ns3:hr>147</ns3:hr>
            <ns3:cad>81</ns3:cad>
          </ns3:TrackPointExtension>
        </extensions>
      </trkpt>
      <trkpt lat="35.765156038105487823486328125" lon="139.54870671965181827545166015625">
        <ele>48.59999847412109375</ele>
        <time>2026-08-26T09:29:30.000Z</time>
        <extensions>
          <ns3:TrackPointExtension>
            <ns3:hr>146</ns3:hr>
            <ns3:cad>80</ns3:cad>
          </ns3:TrackPointExtension>
        </extensions>
      </trkpt>
      <trkpt lat="35.76517037115991115570068359375" lon="139.54872549511492252349853515625">
        <ele>48.59999847412109375</ele>
        <time>2026-08-26T09:29:31.000Z</time>
        <extensions>
          <ns3:TrackPointExtension>
            <ns3:hr>146</ns3:hr>
            <ns3:cad>80</ns3:cad>
          </ns3:TrackPointExtension>
        </extensions>
      </trkpt>
      <trkpt lat="35.765184201300144195556640625" lon="139.54873337410390377044677734375">
        <ele>48.59999847412109375</ele>
        <time>2026-08-26T09:29:32.000Z</time>
        <extensions>
          <ns3:TrackPointExtension>
            <ns3:hr>146</ns3:hr>
            <ns3:cad>80</ns3:cad>
          </ns3:TrackPointExtension>
        </extensions>
      </trkpt>
      <trkpt lat="35.76520104892551898956298828125" lon="139.5487426780164241790771484375">
        <ele>48.59999847412109375</ele>
        <time>2026-08-26T09:29:33.000Z</time>
        <extensions>
          <ns3:TrackPointExtension>
            <ns3:hr>145</ns3:hr>
            <ns3:cad>80</ns3:cad>
          </ns3:TrackPointExtension>
        </extensions>
      </trkpt>
      <trkpt lat="35.7652172259986400604248046875" lon="139.5487497188150882720947265625">
        <ele>48.59999847412109375</ele>
        <time>2026-08-26T09:29:34.000Z</time>
        <extensions>
          <ns3:TrackPointExtension>
            <ns3:hr>145</ns3:hr>
            <ns3:cad>80</ns3:cad>
          </ns3:TrackPointExtension>
        </extensions>
      </trkpt>
      <trkpt lat="35.76523206196725368499755859375" lon="139.5487564243376255035400390625">
        <ele>48.59999847412109375</ele>
        <time>2026-08-26T09:29:35.000Z</time>
        <extensions>
          <ns3:TrackPointExtension>
            <ns3:hr>144</ns3:hr>
            <ns3:cad>80</ns3:cad>
          </ns3:TrackPointExtension>
        </extensions>
      </trkpt>
      <trkpt lat="35.76524882577359676361083984375" lon="139.54876505769789218902587890625">
        <ele>48.59999847412109375</ele>
        <time>2026-08-26T09:29:36.000Z</time>
        <extensions>
          <ns3:TrackPointExtension>
            <ns3:hr>143</ns3:hr>
            <ns3:cad>80</ns3:cad>
          </ns3:TrackPointExtension>
        </extensions>
      </trkpt>
      <trkpt lat="35.76526106335222721099853515625" lon="139.5487751998007297515869140625">
        <ele>48.59999847412109375</ele>
        <time>2026-08-26T09:29:37.000Z</time>
        <extensions>
          <ns3:TrackPointExtension>
            <ns3:hr>143</ns3:hr>
            <ns3:cad>80</ns3:cad>
          </ns3:TrackPointExtension>
        </extensions>
      </trkpt>
      <trkpt lat="35.765272043645381927490234375" lon="139.548783414065837860107421875">
        <ele>48.59999847412109375</ele>
        <time>2026-08-26T09:29:38.000Z</time>
        <extensions>
          <ns3:TrackPointExtension>
            <ns3:hr>142</ns3:hr>
            <ns3:cad>80</ns3:cad>
          </ns3:TrackPointExtension>
        </extensions>
      </trkpt>
      <trkpt lat="35.76529157347977161407470703125" lon="139.548790790140628814697265625">
        <ele>48.40000152587890625</ele>
        <time>2026-08-26T09:29:39.000Z</time>
        <extensions>
          <ns3:TrackPointExtension>
            <ns3:hr>142</ns3:hr>
            <ns3:cad>80</ns3:cad>
          </ns3:TrackPointExtension>
        </extensions>
      </trkpt>
      <trkpt lat="35.76530816964805126190185546875" lon="139.548804871737957000732421875">
        <ele>48.40000152587890625</ele>
        <time>2026-08-26T09:29:40.000Z</time>
        <extensions>
          <ns3:TrackPointExtension>
            <ns3:hr>141</ns3:hr>
            <ns3:cad>79</ns3:cad>
          </ns3:TrackPointExtension>
        </extensions>
      </trkpt>
      <trkpt lat="35.76531671918928623199462890625" lon="139.548825323581695556640625">
        <ele>48.40000152587890625</ele>
        <time>2026-08-26T09:29:41.000Z</time>
        <extensions>
          <ns3:TrackPointExtension>
            <ns3:hr>141</ns3:hr>
            <ns3:cad>79</ns3:cad>
          </ns3:TrackPointExtension>
        </extensions>
      </trkpt>
      <trkpt lat="35.7653327286243438720703125" lon="139.548840411007404327392578125">
        <ele>48.40000152587890625</ele>
        <time>2026-08-26T09:29:42.000Z</time>
        <extensions>
          <ns3:TrackPointExtension>
            <ns3:hr>140</ns3:hr>
            <ns3:cad>79</ns3:cad>
          </ns3:TrackPointExtension>
        </extensions>
      </trkpt>
      <trkpt lat="35.76534681022167205810546875" lon="139.5488553307950496673583984375">
        <ele>48.40000152587890625</ele>
        <time>2026-08-26T09:29:43.000Z</time>
        <extensions>
          <ns3:TrackPointExtension>
            <ns3:hr>140</ns3:hr>
            <ns3:cad>79</ns3:cad>
          </ns3:TrackPointExtension>
        </extensions>
      </trkpt>
      <trkpt lat="35.76536449603736400604248046875" lon="139.548863209784030914306640625">
        <ele>48.40000152587890625</ele>
        <time>2026-08-26T09:29:44.000Z</time>
        <extensions>
          <ns3:TrackPointExtension>
            <ns3:hr>139</ns3:hr>
            <ns3:cad>79</ns3:cad>
          </ns3:TrackPointExtension>
        </extensions>
      </trkpt>
      <trkpt lat="35.76537899672985076904296875" lon="139.5488694123923778533935546875">
        <ele>48.40000152587890625</ele>
        <time>2026-08-26T09:29:45.000Z</time>
        <extensions>
          <ns3:TrackPointExtension>
            <ns3:hr>139</ns3:hr>
            <ns3:cad>80</ns3:cad>
          </ns3:TrackPointExtension>
        </extensions>
      </trkpt>
      <trkpt lat="35.76539936475455760955810546875" lon="139.54888164997100830078125">
        <ele>48.40000152587890625</ele>
        <time>2026-08-26T09:29:46.000Z</time>
        <extensions>
          <ns3:TrackPointExtension>
            <ns3:hr>139</ns3:hr>
            <ns3:cad>80</ns3:cad>
          </ns3:TrackPointExtension>
        </extensions>
      </trkpt>
      <trkpt lat="35.765412189066410064697265625" lon="139.548893384635448455810546875">
        <ele>48.40000152587890625</ele>
        <time>2026-08-26T09:29:47.000Z</time>
        <extensions>
          <ns3:TrackPointExtension>
            <ns3:hr>139</ns3:hr>
            <ns3:cad>80</ns3:cad>
          </ns3:TrackPointExtension>
        </extensions>
      </trkpt>
      <trkpt lat="35.76542191207408905029296875" lon="139.54889983870089054107666015625">
        <ele>48.200000762939453125</ele>
        <time>2026-08-26T09:29:48.000Z</time>
        <extensions>
          <ns3:TrackPointExtension>
            <ns3:hr>139</ns3:hr>
            <ns3:cad>81</ns3:cad>
          </ns3:TrackPointExtension>
        </extensions>
      </trkpt>
      <trkpt lat="35.76543406583368778228759765625" lon="139.5489103160798549652099609375">
        <ele>48.200000762939453125</ele>
        <time>2026-08-26T09:29:49.000Z</time>
        <extensions>
          <ns3:TrackPointExtension>
            <ns3:hr>139</ns3:hr>
            <ns3:cad>81</ns3:cad>
          </ns3:TrackPointExtension>
        </extensions>
      </trkpt>
      <trkpt lat="35.76544445939362049102783203125" lon="139.54892096109688282012939453125">
        <ele>48.200000762939453125</ele>
        <time>2026-08-26T09:29:50.000Z</time>
        <extensions>
          <ns3:TrackPointExtension>
            <ns3:hr>139</ns3:hr>
            <ns3:cad>81</ns3:cad>
          </ns3:TrackPointExtension>
        </extensions>
      </trkpt>
      <trkpt lat="35.76545686461031436920166015625" lon="139.54893504269421100616455078125">
        <ele>48.200000762939453125</ele>
        <time>2026-08-26T09:29:51.000Z</time>
        <extensions>
          <ns3:TrackPointExtension>
            <ns3:hr>139</ns3:hr>
            <ns3:cad>80</ns3:cad>
          </ns3:TrackPointExtension>
        </extensions>
      </trkpt>
      <trkpt lat="35.76546323485672473907470703125" lon="139.54894510097801685333251953125">
        <ele>48.200000762939453125</ele>
        <time>2026-08-26T09:29:52.000Z</time>
        <extensions>
          <ns3:TrackPointExtension>
            <ns3:hr>140</ns3:hr>
            <ns3:cad>80</ns3:cad>
          </ns3:TrackPointExtension>
        </extensions>
      </trkpt>
      <trkpt lat="35.76547882519662380218505859375" lon="139.54895675182342529296875">
        <ele>48.200000762939453125</ele>
        <time>2026-08-26T09:29:53.000Z</time>
        <extensions>
          <ns3:TrackPointExtension>
            <ns3:hr>139</ns3:hr>
            <ns3:cad>80</ns3:cad>
          </ns3:TrackPointExtension>
        </extensions>
      </trkpt>
      <trkpt lat="35.765493996441364288330078125" lon="139.5489646308124065399169921875">
        <ele>48.200000762939453125</ele>
        <time>2026-08-26T09:29:54.000Z</time>
        <extensions>
          <ns3:TrackPointExtension>
            <ns3:hr>139</ns3:hr>
            <ns3:cad>79</ns3:cad>
          </ns3:TrackPointExtension>
        </extensions>
      </trkpt>
      <trkpt lat="35.765514113008975982666015625" lon="139.5489740185439586639404296875">
        <ele>48.200000762939453125</ele>
        <time>2026-08-26T09:29:55.000Z</time>
        <extensions>
          <ns3:TrackPointExtension>
            <ns3:hr>139</ns3:hr>
            <ns3:cad>79</ns3:cad>
          </ns3:TrackPointExtension>
        </extensions>
      </trkpt>
      <trkpt lat="35.7655240036547183990478515625" lon="139.54898290336132049560546875">
        <ele>48.200000762939453125</ele>
        <time>2026-08-26T09:29:56.000Z</time>
        <extensions>
          <ns3:TrackPointExtension>
            <ns3:hr>139</ns3:hr>
            <ns3:cad>79</ns3:cad>
          </ns3:TrackPointExtension>
        </extensions>
      </trkpt>
      <trkpt lat="35.76553381048142910003662109375" lon="139.5489951409399509429931640625">
        <ele>48.200000762939453125</ele>
        <time>2026-08-26T09:29:57.000Z</time>
        <extensions>
          <ns3:TrackPointExtension>
            <ns3:hr>138</ns3:hr>
            <ns3:cad>79</ns3:cad>
          </ns3:TrackPointExtension>
        </extensions>
      </trkpt>
      <trkpt lat="35.7655494846403598785400390625" lon="139.54899966716766357421875">
        <ele>48.200000762939453125</ele>
        <time>2026-08-26T09:29:58.000Z</time>
        <extensions>
          <ns3:TrackPointExtension>
            <ns3:hr>138</ns3:hr>
            <ns3:cad>80</ns3:cad>
          </ns3:TrackPointExtension>
        </extensions>
      </trkpt>
      <trkpt lat="35.76556968502700328826904296875" lon="139.54900293610990047454833984375">
        <ele>48.200000762939453125</ele>
        <time>2026-08-26T09:29:59.000Z</time>
        <extensions>
          <ns3:TrackPointExtension>
            <ns3:hr>137</ns3:hr>
            <ns3:cad>80</ns3:cad>
          </ns3:TrackPointExtension>
        </extensions>
      </trkpt>
      <trkpt lat="35.76558577828109264373779296875" lon="139.54901081509888172149658203125">
        <ele>48.200000762939453125</ele>
        <time>2026-08-26T09:30:00.000Z</time>
        <extensions>
          <ns3:TrackPointExtension>
            <ns3:hr>136</ns3:hr>
            <ns3:cad>80</ns3:cad>
          </ns3:TrackPointExtension>
        </extensions>
      </trkpt>
      <trkpt lat="35.76560069806873798370361328125" lon="139.54901643097400665283203125">
        <ele>48.200000762939453125</ele>
        <time>2026-08-26T09:30:01.000Z</time>
        <extensions>
          <ns3:TrackPointExtension>
            <ns3:hr>136</ns3:hr>
            <ns3:cad>79</ns3:cad>
          </ns3:TrackPointExtension>
        </extensions>
      </trkpt>
      <trkpt lat="35.76561695896089076995849609375" lon="139.549027495086193084716796875">
        <ele>48</ele>
        <time>2026-08-26T09:30:02.000Z</time>
        <extensions>
          <ns3:TrackPointExtension>
            <ns3:hr>135</ns3:hr>
            <ns3:cad>79</ns3:cad>
          </ns3:TrackPointExtension>
        </extensions>
      </trkpt>
      <trkpt lat="35.76562802307307720184326171875" lon="139.54903512261807918548583984375">
        <ele>48</ele>
        <time>2026-08-26T09:30:03.000Z</time>
        <extensions>
          <ns3:TrackPointExtension>
            <ns3:hr>135</ns3:hr>
            <ns3:cad>79</ns3:cad>
          </ns3:TrackPointExtension>
        </extensions>
      </trkpt>
      <trkpt lat="35.76564277522265911102294921875" lon="139.54904585145413875579833984375">
        <ele>48</ele>
        <time>2026-08-26T09:30:04.000Z</time>
        <extensions>
          <ns3:TrackPointExtension>
            <ns3:hr>135</ns3:hr>
            <ns3:cad>79</ns3:cad>
          </ns3:TrackPointExtension>
        </extensions>
      </trkpt>
      <trkpt lat="35.765660963952541351318359375" lon="139.5490581728518009185791015625">
        <ele>48</ele>
        <time>2026-08-26T09:30:05.000Z</time>
        <extensions>
          <ns3:TrackPointExtension>
            <ns3:hr>135</ns3:hr>
            <ns3:cad>80</ns3:cad>
          </ns3:TrackPointExtension>
        </extensions>
      </trkpt>
      <trkpt lat="35.76567345298826694488525390625" lon="139.54906563274562358856201171875">
        <ele>48</ele>
        <time>2026-08-26T09:30:06.000Z</time>
        <extensions>
          <ns3:TrackPointExtension>
            <ns3:hr>134</ns3:hr>
            <ns3:cad>80</ns3:cad>
          </ns3:TrackPointExtension>
        </extensions>
      </trkpt>
      <trkpt lat="35.7656869478523731231689453125" lon="139.54907535575330257415771484375">
        <ele>48</ele>
        <time>2026-08-26T09:30:07.000Z</time>
        <extensions>
          <ns3:TrackPointExtension>
            <ns3:hr>134</ns3:hr>
            <ns3:cad>80</ns3:cad>
          </ns3:TrackPointExtension>
        </extensions>
      </trkpt>
      <trkpt lat="35.765699185431003570556640625" lon="139.54908348619937896728515625">
        <ele>48</ele>
        <time>2026-08-26T09:30:08.000Z</time>
        <extensions>
          <ns3:TrackPointExtension>
            <ns3:hr>134</ns3:hr>
            <ns3:cad>80</ns3:cad>
          </ns3:TrackPointExtension>
        </extensions>
      </trkpt>
      <trkpt lat="35.76571368612349033355712890625" lon="139.54909379594027996063232421875">
        <ele>48</ele>
        <time>2026-08-26T09:30:09.000Z</time>
        <extensions>
          <ns3:TrackPointExtension>
            <ns3:hr>133</ns3:hr>
            <ns3:cad>80</ns3:cad>
          </ns3:TrackPointExtension>
        </extensions>
      </trkpt>
      <trkpt lat="35.7657258398830890655517578125" lon="139.5491044409573078155517578125">
        <ele>48.200000762939453125</ele>
        <time>2026-08-26T09:30:10.000Z</time>
        <extensions>
          <ns3:TrackPointExtension>
            <ns3:hr>133</ns3:hr>
            <ns3:cad>80</ns3:cad>
          </ns3:TrackPointExtension>
        </extensions>
      </trkpt>
      <trkpt lat="35.76574067585170269012451171875" lon="139.54911357723176479339599609375">
        <ele>48.200000762939453125</ele>
        <time>2026-08-26T09:30:11.000Z</time>
        <extensions>
          <ns3:TrackPointExtension>
            <ns3:hr>133</ns3:hr>
            <ns3:cad>80</ns3:cad>
          </ns3:TrackPointExtension>
        </extensions>
      </trkpt>
      <trkpt lat="35.7657560147345066070556640625" lon="139.54912145622074604034423828125">
        <ele>48.200000762939453125</ele>
        <time>2026-08-26T09:30:12.000Z</time>
        <extensions>
          <ns3:TrackPointExtension>
            <ns3:hr>133</ns3:hr>
            <ns3:cad>80</ns3:cad>
          </ns3:TrackPointExtension>
        </extensions>
      </trkpt>
      <trkpt lat="35.76577185653150081634521484375" lon="139.54912967048585414886474609375">
        <ele>48.200000762939453125</ele>
        <time>2026-08-26T09:30:13.000Z</time>
        <extensions>
          <ns3:TrackPointExtension>
            <ns3:hr>133</ns3:hr>
            <ns3:cad>82</ns3:cad>
          </ns3:TrackPointExtension>
        </extensions>
      </trkpt>
      <trkpt lat="35.7657875306904315948486328125" lon="139.54913754947483539581298828125">
        <ele>48</ele>
        <time>2026-08-26T09:30:14.000Z</time>
        <extensions>
          <ns3:TrackPointExtension>
            <ns3:hr>133</ns3:hr>
            <ns3:cad>82</ns3:cad>
          </ns3:TrackPointExtension>
        </extensions>
      </trkpt>
      <trkpt lat="35.7658029533922672271728515625" lon="139.549145512282848358154296875">
        <ele>48</ele>
        <time>2026-08-26T09:30:15.000Z</time>
        <extensions>
          <ns3:TrackPointExtension>
            <ns3:hr>133</ns3:hr>
            <ns3:cad>81</ns3:cad>
          </ns3:TrackPointExtension>
        </extensions>
      </trkpt>
      <trkpt lat="35.76581728644669055938720703125" lon="139.54915498383343219757080078125">
        <ele>48</ele>
        <time>2026-08-26T09:30:16.000Z</time>
        <extensions>
          <ns3:TrackPointExtension>
            <ns3:hr>133</ns3:hr>
            <ns3:cad>79</ns3:cad>
          </ns3:TrackPointExtension>
        </extensions>
      </trkpt>
      <trkpt lat="35.76582826673984527587890625" lon="139.54916185699403285980224609375">
        <ele>48</ele>
        <time>2026-08-26T09:30:17.000Z</time>
        <extensions>
          <ns3:TrackPointExtension>
            <ns3:hr>133</ns3:hr>
            <ns3:cad>78</ns3:cad>
          </ns3:TrackPointExtension>
        </extensions>
      </trkpt>
      <trkpt lat="35.76583723537623882293701171875" lon="139.54917577095329761505126953125">
        <ele>47.799999237060546875</ele>
        <time>2026-08-26T09:30:18.000Z</time>
        <extensions>
          <ns3:TrackPointExtension>
            <ns3:hr>133</ns3:hr>
            <ns3:cad>78</ns3:cad>
          </ns3:TrackPointExtension>
        </extensions>
      </trkpt>
      <trkpt lat="35.76585165224969387054443359375" lon="139.5491845719516277313232421875">
        <ele>47.799999237060546875</ele>
        <time>2026-08-26T09:30:19.000Z</time>
        <extensions>
          <ns3:TrackPointExtension>
            <ns3:hr>133</ns3:hr>
            <ns3:cad>78</ns3:cad>
          </ns3:TrackPointExtension>
        </extensions>
      </trkpt>
      <trkpt lat="35.765866823494434356689453125" lon="139.54919219948351383209228515625">
        <ele>47.799999237060546875</ele>
        <time>2026-08-26T09:30:20.000Z</time>
        <extensions>
          <ns3:TrackPointExtension>
            <ns3:hr>133</ns3:hr>
            <ns3:cad>78</ns3:cad>
          </ns3:TrackPointExtension>
        </extensions>
      </trkpt>
      <trkpt lat="35.76588065363466739654541015625" lon="139.54920058138668537139892578125">
        <ele>47.799999237060546875</ele>
        <time>2026-08-26T09:30:21.000Z</time>
        <extensions>
          <ns3:TrackPointExtension>
            <ns3:hr>133</ns3:hr>
            <ns3:cad>78</ns3:cad>
          </ns3:TrackPointExtension>
        </extensions>
      </trkpt>
      <trkpt lat="35.7658938132226467132568359375" lon="139.5492137409746646881103515625">
        <ele>47.799999237060546875</ele>
        <time>2026-08-26T09:30:22.000Z</time>
        <extensions>
          <ns3:TrackPointExtension>
            <ns3:hr>133</ns3:hr>
            <ns3:cad>78</ns3:cad>
          </ns3:TrackPointExtension>
        </extensions>
      </trkpt>
      <trkpt lat="35.76590697281062602996826171875" lon="139.5492234639823436737060546875">
        <ele>47.799999237060546875</ele>
        <time>2026-08-26T09:30:23.000Z</time>
        <extensions>
          <ns3:TrackPointExtension>
            <ns3:hr>133</ns3:hr>
            <ns3:cad>78</ns3:cad>
          </ns3:TrackPointExtension>
        </extensions>
      </trkpt>
      <trkpt lat="35.76592692174017429351806640625" lon="139.54923427663743495941162109375">
        <ele>47.799999237060546875</ele>
        <time>2026-08-26T09:30:24.000Z</time>
        <extensions>
          <ns3:TrackPointExtension>
            <ns3:hr>133</ns3:hr>
            <ns3:cad>78</ns3:cad>
          </ns3:TrackPointExtension>
        </extensions>
      </trkpt>
      <trkpt lat="35.7659407518804073333740234375" lon="139.54924173653125762939453125">
        <ele>47.799999237060546875</ele>
        <time>2026-08-26T09:30:25.000Z</time>
        <extensions>
          <ns3:TrackPointExtension>
            <ns3:hr>133</ns3:hr>
            <ns3:cad>78</ns3:cad>
          </ns3:TrackPointExtension>
        </extensions>
      </trkpt>
      <trkpt lat="35.765958018600940704345703125" lon="139.54925539903342723846435546875">
        <ele>47.799999237060546875</ele>
        <time>2026-08-26T09:30:26.000Z</time>
        <extensions>
          <ns3:TrackPointExtension>
            <ns3:hr>134</ns3:hr>
            <ns3:cad>78</ns3:cad>
          </ns3:TrackPointExtension>
        </extensions>
      </trkpt>
      <trkpt lat="35.7659746147692203521728515625" lon="139.5492660440504550933837890625">
        <ele>47.799999237060546875</ele>
        <time>2026-08-26T09:30:27.000Z</time>
        <extensions>
          <ns3:TrackPointExtension>
            <ns3:hr>134</ns3:hr>
            <ns3:cad>78</ns3:cad>
          </ns3:TrackPointExtension>
        </extensions>
      </trkpt>
      <trkpt lat="35.76599054038524627685546875" lon="139.5492771081626415252685546875">
        <ele>47.59999847412109375</ele>
        <time>2026-08-26T09:30:28.000Z</time>
        <extensions>
          <ns3:TrackPointExtension>
            <ns3:hr>134</ns3:hr>
            <ns3:cad>78</ns3:cad>
          </ns3:TrackPointExtension>
        </extensions>
      </trkpt>
      <trkpt lat="35.766002945601940155029296875" lon="139.54928758554160594940185546875">
        <ele>47.59999847412109375</ele>
        <time>2026-08-26T09:30:29.000Z</time>
        <extensions>
          <ns3:TrackPointExtension>
            <ns3:hr>134</ns3:hr>
            <ns3:cad>79</ns3:cad>
          </ns3:TrackPointExtension>
        </extensions>
      </trkpt>
      <trkpt lat="35.76601359061896800994873046875" lon="139.549301080405712127685546875">
        <ele>47.59999847412109375</ele>
        <time>2026-08-26T09:30:30.000Z</time>
        <extensions>
          <ns3:TrackPointExtension>
            <ns3:hr>134</ns3:hr>
            <ns3:cad>80</ns3:cad>
          </ns3:TrackPointExtension>
        </extensions>
      </trkpt>
      <trkpt lat="35.7660242356359958648681640625" lon="139.549315162003040313720703125">
        <ele>47.59999847412109375</ele>
        <time>2026-08-26T09:30:31.000Z</time>
        <extensions>
          <ns3:TrackPointExtension>
            <ns3:hr>134</ns3:hr>
            <ns3:cad>80</ns3:cad>
          </ns3:TrackPointExtension>
        </extensions>
      </trkpt>
      <trkpt lat="35.76603270135819911956787109375" lon="139.54932731576263904571533203125">
        <ele>47.59999847412109375</ele>
        <time>2026-08-26T09:30:32.000Z</time>
        <extensions>
          <ns3:TrackPointExtension>
            <ns3:hr>134</ns3:hr>
            <ns3:cad>81</ns3:cad>
          </ns3:TrackPointExtension>
        </extensions>
      </trkpt>
      <trkpt lat="35.76604762114584445953369140625" lon="139.54933821223676204681396484375">
        <ele>47.59999847412109375</ele>
        <time>2026-08-26T09:30:33.000Z</time>
        <extensions>
          <ns3:TrackPointExtension>
            <ns3:hr>134</ns3:hr>
            <ns3:cad>81</ns3:cad>
          </ns3:TrackPointExtension>
        </extensions>
      </trkpt>
      <trkpt lat="35.766059942543506622314453125" lon="139.5493496954441070556640625">
        <ele>47.59999847412109375</ele>
        <time>2026-08-26T09:30:34.000Z</time>
        <extensions>
          <ns3:TrackPointExtension>
            <ns3:hr>134</ns3:hr>
            <ns3:cad>80</ns3:cad>
          </ns3:TrackPointExtension>
        </extensions>
      </trkpt>
      <trkpt lat="35.766073353588581085205078125" lon="139.549361765384674072265625">
        <ele>47.59999847412109375</ele>
        <time>2026-08-26T09:30:35.000Z</time>
        <extensions>
          <ns3:TrackPointExtension>
            <ns3:hr>134</ns3:hr>
            <ns3:cad>80</ns3:cad>
          </ns3:TrackPointExtension>
        </extensions>
      </trkpt>
      <trkpt lat="35.76608466915786266326904296875" lon="139.54937450587749481201171875">
        <ele>47.59999847412109375</ele>
        <time>2026-08-26T09:30:36.000Z</time>
        <extensions>
          <ns3:TrackPointExtension>
            <ns3:hr>134</ns3:hr>
            <ns3:cad>79</ns3:cad>
          </ns3:TrackPointExtension>
        </extensions>
      </trkpt>
      <trkpt lat="35.76610294170677661895751953125" lon="139.5493894256651401519775390625">
        <ele>47.59999847412109375</ele>
        <time>2026-08-26T09:30:37.000Z</time>
        <extensions>
          <ns3:TrackPointExtension>
            <ns3:hr>134</ns3:hr>
            <ns3:cad>79</ns3:cad>
          </ns3:TrackPointExtension>
        </extensions>
      </trkpt>
      <trkpt lat="35.766118280589580535888671875" lon="139.549398981034755706787109375">
        <ele>47.59999847412109375</ele>
        <time>2026-08-26T09:30:38.000Z</time>
        <extensions>
          <ns3:TrackPointExtension>
            <ns3:hr>134</ns3:hr>
            <ns3:cad>79</ns3:cad>
          </ns3:TrackPointExtension>
        </extensions>
      </trkpt>
      <trkpt lat="35.7661338709294795989990234375" lon="139.54941482283174991607666015625">
        <ele>47.40000152587890625</ele>
        <time>2026-08-26T09:30:39.000Z</time>
        <extensions>
          <ns3:TrackPointExtension>
            <ns3:hr>134</ns3:hr>
            <ns3:cad>79</ns3:cad>
          </ns3:TrackPointExtension>
        </extensions>
      </trkpt>
      <trkpt lat="35.766145102679729461669921875" lon="139.5494234561920166015625">
        <ele>47.40000152587890625</ele>
        <time>2026-08-26T09:30:40.000Z</time>
        <extensions>
          <ns3:TrackPointExtension>
            <ns3:hr>134</ns3:hr>
            <ns3:cad>79</ns3:cad>
          </ns3:TrackPointExtension>
        </extensions>
      </trkpt>
      <trkpt lat="35.76615951955318450927734375" lon="139.54943887889385223388671875">
        <ele>47.40000152587890625</ele>
        <time>2026-08-26T09:30:41.000Z</time>
        <extensions>
          <ns3:TrackPointExtension>
            <ns3:hr>134</ns3:hr>
            <ns3:cad>79</ns3:cad>
          </ns3:TrackPointExtension>
        </extensions>
      </trkpt>
      <trkpt lat="35.7661707513034343719482421875" lon="139.549452625215053558349609375">
        <ele>47.40000152587890625</ele>
        <time>2026-08-26T09:30:42.000Z</time>
        <extensions>
          <ns3:TrackPointExtension>
            <ns3:hr>134</ns3:hr>
            <ns3:cad>79</ns3:cad>
          </ns3:TrackPointExtension>
        </extensions>
      </trkpt>
      <trkpt lat="35.7661801390349864959716796875" lon="139.5494651980698108673095703125">
        <ele>47.40000152587890625</ele>
        <time>2026-08-26T09:30:43.000Z</time>
        <extensions>
          <ns3:TrackPointExtension>
            <ns3:hr>134</ns3:hr>
            <ns3:cad>79</ns3:cad>
          </ns3:TrackPointExtension>
        </extensions>
      </trkpt>
      <trkpt lat="35.76618625782430171966552734375" lon="139.549480788409709930419921875">
        <ele>47.200000762939453125</ele>
        <time>2026-08-26T09:30:44.000Z</time>
        <extensions>
          <ns3:TrackPointExtension>
            <ns3:hr>134</ns3:hr>
            <ns3:cad>79</ns3:cad>
          </ns3:TrackPointExtension>
        </extensions>
      </trkpt>
      <trkpt lat="35.7661969028413295745849609375" lon="139.54949512146413326263427734375">
        <ele>47.200000762939453125</ele>
        <time>2026-08-26T09:30:45.000Z</time>
        <extensions>
          <ns3:TrackPointExtension>
            <ns3:hr>134</ns3:hr>
            <ns3:cad>79</ns3:cad>
          </ns3:TrackPointExtension>
        </extensions>
      </trkpt>
      <trkpt lat="35.76620788313448429107666015625" lon="139.54951104708015918731689453125">
        <ele>47.200000762939453125</ele>
        <time>2026-08-26T09:30:46.000Z</time>
        <extensions>
          <ns3:TrackPointExtension>
            <ns3:hr>134</ns3:hr>
            <ns3:cad>80</ns3:cad>
          </ns3:TrackPointExtension>
        </extensions>
      </trkpt>
      <trkpt lat="35.76621693558990955352783203125" lon="139.54952445812523365020751953125">
        <ele>47.200000762939453125</ele>
        <time>2026-08-26T09:30:47.000Z</time>
        <extensions>
          <ns3:TrackPointExtension>
            <ns3:hr>134</ns3:hr>
            <ns3:cad>80</ns3:cad>
          </ns3:TrackPointExtension>
        </extensions>
      </trkpt>
      <trkpt lat="35.76622699387371540069580078125" lon="139.54953820444643497467041015625">
        <ele>47.200000762939453125</ele>
        <time>2026-08-26T09:30:48.000Z</time>
        <extensions>
          <ns3:TrackPointExtension>
            <ns3:hr>133</ns3:hr>
            <ns3:cad>80</ns3:cad>
          </ns3:TrackPointExtension>
        </extensions>
      </trkpt>
      <trkpt lat="35.76623772270977497100830078125" lon="139.54955195076763629913330078125">
        <ele>47.200000762939453125</ele>
        <time>2026-08-26T09:30:49.000Z</time>
        <extensions>
          <ns3:TrackPointExtension>
            <ns3:hr>133</ns3:hr>
            <ns3:cad>80</ns3:cad>
          </ns3:TrackPointExtension>
        </extensions>
      </trkpt>
      <trkpt lat="35.76624576933681964874267578125" lon="139.549565948545932769775390625">
        <ele>47.200000762939453125</ele>
        <time>2026-08-26T09:30:50.000Z</time>
        <extensions>
          <ns3:TrackPointExtension>
            <ns3:hr>133</ns3:hr>
            <ns3:cad>80</ns3:cad>
          </ns3:TrackPointExtension>
        </extensions>
      </trkpt>
      <trkpt lat="35.76625750400125980377197265625" lon="139.54958430491387844085693359375">
        <ele>47.200000762939453125</ele>
        <time>2026-08-26T09:30:51.000Z</time>
        <extensions>
          <ns3:TrackPointExtension>
            <ns3:hr>132</ns3:hr>
            <ns3:cad>80</ns3:cad>
          </ns3:TrackPointExtension>
        </extensions>
      </trkpt>
      <trkpt lat="35.7662679813802242279052734375" lon="139.54960173927247524261474609375">
        <ele>47</ele>
        <time>2026-08-26T09:30:52.000Z</time>
        <extensions>
          <ns3:TrackPointExtension>
            <ns3:hr>132</ns3:hr>
            <ns3:cad>79</ns3:cad>
          </ns3:TrackPointExtension>
        </extensions>
      </trkpt>
      <trkpt lat="35.76628080569207668304443359375" lon="139.549620263278484344482421875">
        <ele>47</ele>
        <time>2026-08-26T09:30:53.000Z</time>
        <extensions>
          <ns3:TrackPointExtension>
            <ns3:hr>132</ns3:hr>
            <ns3:cad>79</ns3:cad>
          </ns3:TrackPointExtension>
        </extensions>
      </trkpt>
      <trkpt lat="35.7662894390523433685302734375" lon="139.549637697637081146240234375">
        <ele>47</ele>
        <time>2026-08-26T09:30:54.000Z</time>
        <extensions>
          <ns3:TrackPointExtension>
            <ns3:hr>132</ns3:hr>
            <ns3:cad>78</ns3:cad>
          </ns3:TrackPointExtension>
        </extensions>
      </trkpt>
      <trkpt lat="35.76629740186035633087158203125" lon="139.54965345561504364013671875">
        <ele>47</ele>
        <time>2026-08-26T09:30:55.000Z</time>
        <extensions>
          <ns3:TrackPointExtension>
            <ns3:hr>132</ns3:hr>
            <ns3:cad>78</ns3:cad>
          </ns3:TrackPointExtension>
        </extensions>
      </trkpt>
      <trkpt lat="35.7663031853735446929931640625" lon="139.54966896213591098785400390625">
        <ele>47</ele>
        <time>2026-08-26T09:30:56.000Z</time>
        <extensions>
          <ns3:TrackPointExtension>
            <ns3:hr>132</ns3:hr>
            <ns3:cad>78</ns3:cad>
          </ns3:TrackPointExtension>
        </extensions>
      </trkpt>
      <trkpt lat="35.76631014235317707061767578125" lon="139.54968639649450778961181640625">
        <ele>47</ele>
        <time>2026-08-26T09:30:57.000Z</time>
        <extensions>
          <ns3:TrackPointExtension>
            <ns3:hr>132</ns3:hr>
            <ns3:cad>78</ns3:cad>
          </ns3:TrackPointExtension>
        </extensions>
      </trkpt>
      <trkpt lat="35.7663186080753803253173828125" lon="139.54970617778599262237548828125">
        <ele>46.799999237060546875</ele>
        <time>2026-08-26T09:30:58.000Z</time>
        <extensions>
          <ns3:TrackPointExtension>
            <ns3:hr>132</ns3:hr>
            <ns3:cad>79</ns3:cad>
          </ns3:TrackPointExtension>
        </extensions>
      </trkpt>
      <trkpt lat="35.7663290016353130340576171875" lon="139.5497230254113674163818359375">
        <ele>46.59999847412109375</ele>
        <time>2026-08-26T09:30:59.000Z</time>
        <extensions>
          <ns3:TrackPointExtension>
            <ns3:hr>132</ns3:hr>
            <ns3:cad>79</ns3:cad>
          </ns3:TrackPointExtension>
        </extensions>
      </trkpt>
      <trkpt lat="35.76633797027170658111572265625" lon="139.5497374422848224639892578125">
        <ele>46.59999847412109375</ele>
        <time>2026-08-26T09:31:00.000Z</time>
        <extensions>
          <ns3:TrackPointExtension>
            <ns3:hr>132</ns3:hr>
            <ns3:cad>79</ns3:cad>
          </ns3:TrackPointExtension>
        </extensions>
      </trkpt>
      <trkpt lat="35.7663452625274658203125" lon="139.5497505180537700653076171875">
        <ele>46.59999847412109375</ele>
        <time>2026-08-26T09:31:01.000Z</time>
        <extensions>
          <ns3:TrackPointExtension>
            <ns3:hr>132</ns3:hr>
            <ns3:cad>79</ns3:cad>
          </ns3:TrackPointExtension>
        </extensions>
      </trkpt>
      <trkpt lat="35.7663534767925739288330078125" lon="139.54976870678365230560302734375">
        <ele>46.59999847412109375</ele>
        <time>2026-08-26T09:31:02.000Z</time>
        <extensions>
          <ns3:TrackPointExtension>
            <ns3:hr>133</ns3:hr>
            <ns3:cad>79</ns3:cad>
          </ns3:TrackPointExtension>
        </extensions>
      </trkpt>
      <trkpt lat="35.76636177487671375274658203125" lon="139.54978480003774166107177734375">
        <ele>46.59999847412109375</ele>
        <time>2026-08-26T09:31:03.000Z</time>
        <extensions>
          <ns3:TrackPointExtension>
            <ns3:hr>133</ns3:hr>
            <ns3:cad>79</ns3:cad>
          </ns3:TrackPointExtension>
        </extensions>
      </trkpt>
      <trkpt lat="35.76636780984699726104736328125" lon="139.54980432987213134765625">
        <ele>46.59999847412109375</ele>
        <time>2026-08-26T09:31:04.000Z</time>
        <extensions>
          <ns3:TrackPointExtension>
            <ns3:hr>133</ns3:hr>
            <ns3:cad>79</ns3:cad>
          </ns3:TrackPointExtension>
        </extensions>
      </trkpt>
      <trkpt lat="35.76637635938823223114013671875" lon="139.54982201568782329559326171875">
        <ele>46.59999847412109375</ele>
        <time>2026-08-26T09:31:05.000Z</time>
        <extensions>
          <ns3:TrackPointExtension>
            <ns3:hr>133</ns3:hr>
            <ns3:cad>79</ns3:cad>
          </ns3:TrackPointExtension>
        </extensions>
      </trkpt>
      <trkpt lat="35.76638222672045230865478515625" lon="139.54983810894191265106201171875">
        <ele>46.59999847412109375</ele>
        <time>2026-08-26T09:31:06.000Z</time>
        <extensions>
          <ns3:TrackPointExtension>
            <ns3:hr>133</ns3:hr>
            <ns3:cad>79</ns3:cad>
          </ns3:TrackPointExtension>
        </extensions>
      </trkpt>
      <trkpt lat="35.7663886807858943939208984375" lon="139.5498554594814777374267578125">
        <ele>46.59999847412109375</ele>
        <time>2026-08-26T09:31:07.000Z</time>
        <extensions>
          <ns3:TrackPointExtension>
            <ns3:hr>133</ns3:hr>
            <ns3:cad>79</ns3:cad>
          </ns3:TrackPointExtension>
        </extensions>
      </trkpt>
      <trkpt lat="35.7663973979651927947998046875" lon="139.5498728938400745391845703125">
        <ele>46.40000152587890625</ele>
        <time>2026-08-26T09:31:08.000Z</time>
        <extensions>
          <ns3:TrackPointExtension>
            <ns3:hr>133</ns3:hr>
            <ns3:cad>79</ns3:cad>
          </ns3:TrackPointExtension>
        </extensions>
      </trkpt>
      <trkpt lat="35.76640225946903228759765625" lon="139.549892842769622802734375">
        <ele>46.40000152587890625</ele>
        <time>2026-08-26T09:31:09.000Z</time>
        <extensions>
          <ns3:TrackPointExtension>
            <ns3:hr>133</ns3:hr>
            <ns3:cad>80</ns3:cad>
          </ns3:TrackPointExtension>
        </extensions>
      </trkpt>
      <trkpt lat="35.7664091326296329498291015625" lon="139.54990751110017299652099609375">
        <ele>46.40000152587890625</ele>
        <time>2026-08-26T09:31:10.000Z</time>
        <extensions>
          <ns3:TrackPointExtension>
            <ns3:hr>133</ns3:hr>
            <ns3:cad>80</ns3:cad>
          </ns3:TrackPointExtension>
        </extensions>
      </trkpt>
      <trkpt lat="35.76641910709440708160400390625" lon="139.5499265380203723907470703125">
        <ele>46.40000152587890625</ele>
        <time>2026-08-26T09:31:11.000Z</time>
        <extensions>
          <ns3:TrackPointExtension>
            <ns3:hr>134</ns3:hr>
            <ns3:cad>80</ns3:cad>
          </ns3:TrackPointExtension>
        </extensions>
      </trkpt>
      <trkpt lat="35.76642748899757862091064453125" lon="139.5499433018267154693603515625">
        <ele>46.40000152587890625</ele>
        <time>2026-08-26T09:31:12.000Z</time>
        <extensions>
          <ns3:TrackPointExtension>
            <ns3:hr>134</ns3:hr>
            <ns3:cad>79</ns3:cad>
          </ns3:TrackPointExtension>
        </extensions>
      </trkpt>
      <trkpt lat="35.7664339430630207061767578125" lon="139.549960233271121978759765625">
        <ele>46.40000152587890625</ele>
        <time>2026-08-26T09:31:13.000Z</time>
        <extensions>
          <ns3:TrackPointExtension>
            <ns3:hr>133</ns3:hr>
            <ns3:cad>80</ns3:cad>
          </ns3:TrackPointExtension>
        </extensions>
      </trkpt>
      <trkpt lat="35.766436792910099029541015625" lon="139.5499828644096851348876953125">
        <ele>46.40000152587890625</ele>
        <time>2026-08-26T09:31:14.000Z</time>
        <extensions>
          <ns3:TrackPointExtension>
            <ns3:hr>133</ns3:hr>
            <ns3:cad>80</ns3:cad>
          </ns3:TrackPointExtension>
        </extensions>
      </trkpt>
      <trkpt lat="35.766442827880382537841796875" lon="139.55000239424407482147216796875">
        <ele>46.40000152587890625</ele>
        <time>2026-08-26T09:31:15.000Z</time>
        <extensions>
          <ns3:TrackPointExtension>
            <ns3:hr>133</ns3:hr>
            <ns3:cad>80</ns3:cad>
          </ns3:TrackPointExtension>
        </extensions>
      </trkpt>
      <trkpt lat="35.7664490304887294769287109375" lon="139.55001781694591045379638671875">
        <ele>46.40000152587890625</ele>
        <time>2026-08-26T09:31:16.000Z</time>
        <extensions>
          <ns3:TrackPointExtension>
            <ns3:hr>133</ns3:hr>
            <ns3:cad>80</ns3:cad>
          </ns3:TrackPointExtension>
        </extensions>
      </trkpt>
      <trkpt lat="35.7664560712873935699462890625" lon="139.55004313029348850250244140625">
        <ele>46.40000152587890625</ele>
        <time>2026-08-26T09:31:17.000Z</time>
        <extensions>
          <ns3:TrackPointExtension>
            <ns3:hr>133</ns3:hr>
            <ns3:cad>79</ns3:cad>
          </ns3:TrackPointExtension>
        </extensions>
      </trkpt>
      <trkpt lat="35.7664617709815502166748046875" lon="139.550073556602001190185546875">
        <ele>46.40000152587890625</ele>
        <time>2026-08-26T09:31:18.000Z</time>
        <extensions>
          <ns3:TrackPointExtension>
            <ns3:hr>133</ns3:hr>
            <ns3:cad>79</ns3:cad>
          </ns3:TrackPointExtension>
        </extensions>
      </trkpt>
      <trkpt lat="35.7664619386196136474609375" lon="139.5501002110540866851806640625">
        <ele>46.40000152587890625</ele>
        <time>2026-08-26T09:31:19.000Z</time>
        <extensions>
          <ns3:TrackPointExtension>
            <ns3:hr>133</ns3:hr>
            <ns3:cad>79</ns3:cad>
          </ns3:TrackPointExtension>
        </extensions>
      </trkpt>
      <trkpt lat="35.76646420173346996307373046875" lon="139.55012829042971134185791015625">
        <ele>46.40000152587890625</ele>
        <time>2026-08-26T09:31:20.000Z</time>
        <extensions>
          <ns3:TrackPointExtension>
            <ns3:hr>133</ns3:hr>
            <ns3:cad>79</ns3:cad>
          </ns3:TrackPointExtension>
        </extensions>
      </trkpt>
      <trkpt lat="35.7664644531905651092529296875" lon="139.5501511730253696441650390625">
        <ele>46.40000152587890625</ele>
        <time>2026-08-26T09:31:21.000Z</time>
        <extensions>
          <ns3:TrackPointExtension>
            <ns3:hr>133</ns3:hr>
            <ns3:cad>79</ns3:cad>
          </ns3:TrackPointExtension>
        </extensions>
      </trkpt>
      <trkpt lat="35.76646571047604084014892578125" lon="139.55017514526844024658203125">
        <ele>46.40000152587890625</ele>
        <time>2026-08-26T09:31:22.000Z</time>
        <extensions>
          <ns3:TrackPointExtension>
            <ns3:hr>132</ns3:hr>
            <ns3:cad>79</ns3:cad>
          </ns3:TrackPointExtension>
        </extensions>
      </trkpt>
      <trkpt lat="35.76646931469440460205078125" lon="139.55019953660666942596435546875">
        <ele>46.40000152587890625</ele>
        <time>2026-08-26T09:31:23.000Z</time>
        <extensions>
          <ns3:TrackPointExtension>
            <ns3:hr>132</ns3:hr>
            <ns3:cad>82</ns3:cad>
          </ns3:TrackPointExtension>
        </extensions>
      </trkpt>
      <trkpt lat="35.7664726674556732177734375" lon="139.55022786743938922882080078125">
        <ele>46.59999847412109375</ele>
        <time>2026-08-26T09:31:24.000Z</time>
        <extensions>
          <ns3:TrackPointExtension>
            <ns3:hr>132</ns3:hr>
            <ns3:cad>82</ns3:cad>
          </ns3:TrackPointExtension>
        </extensions>
      </trkpt>
      <trkpt lat="35.76647476293146610260009765625" lon="139.55025670118629932403564453125">
        <ele>46.59999847412109375</ele>
        <time>2026-08-26T09:31:25.000Z</time>
        <extensions>
          <ns3:TrackPointExtension>
            <ns3:hr>133</ns3:hr>
            <ns3:cad>82</ns3:cad>
          </ns3:TrackPointExtension>
        </extensions>
      </trkpt>
      <trkpt lat="35.7664753496646881103515625" lon="139.55027597956359386444091796875">
        <ele>46.59999847412109375</ele>
        <time>2026-08-26T09:31:26.000Z</time>
        <extensions>
          <ns3:TrackPointExtension>
            <ns3:hr>133</ns3:hr>
            <ns3:cad>82</ns3:cad>
          </ns3:TrackPointExtension>
        </extensions>
      </trkpt>
      <trkpt lat="35.76647627167403697967529296875" lon="139.55030632205307483673095703125">
        <ele>46.59999847412109375</ele>
        <time>2026-08-26T09:31:27.000Z</time>
        <extensions>
          <ns3:TrackPointExtension>
            <ns3:hr>133</ns3:hr>
            <ns3:cad>81</ns3:cad>
          </ns3:TrackPointExtension>
        </extensions>
      </trkpt>
      <trkpt lat="35.7664798758924007415771484375" lon="139.55033876001834869384765625">
        <ele>46.59999847412109375</ele>
        <time>2026-08-26T09:31:28.000Z</time>
        <extensions>
          <ns3:TrackPointExtension>
            <ns3:hr>134</ns3:hr>
            <ns3:cad>80</ns3:cad>
          </ns3:TrackPointExtension>
        </extensions>
      </trkpt>
      <trkpt lat="35.76648297719657421112060546875" lon="139.5503577031195163726806640625">
        <ele>46.59999847412109375</ele>
        <time>2026-08-26T09:31:29.000Z</time>
        <extensions>
          <ns3:TrackPointExtension>
            <ns3:hr>134</ns3:hr>
            <ns3:cad>80</ns3:cad>
          </ns3:TrackPointExtension>
        </extensions>
      </trkpt>
      <trkpt lat="35.7664887607097625732421875" lon="139.5503862015902996063232421875">
        <ele>46.59999847412109375</ele>
        <time>2026-08-26T09:31:30.000Z</time>
        <extensions>
          <ns3:TrackPointExtension>
            <ns3:hr>134</ns3:hr>
            <ns3:cad>80</ns3:cad>
          </ns3:TrackPointExtension>
        </extensions>
      </trkpt>
      <trkpt lat="35.766493119299411773681640625" lon="139.550412856042385101318359375">
        <ele>46.59999847412109375</ele>
        <time>2026-08-26T09:31:31.000Z</time>
        <extensions>
          <ns3:TrackPointExtension>
            <ns3:hr>134</ns3:hr>
            <ns3:cad>81</ns3:cad>
          </ns3:TrackPointExtension>
        </extensions>
      </trkpt>
      <trkpt lat="35.76649923808872699737548828125" lon="139.5504361577332019805908203125">
        <ele>46.59999847412109375</ele>
        <time>2026-08-26T09:31:32.000Z</time>
        <extensions>
          <ns3:TrackPointExtension>
            <ns3:hr>135</ns3:hr>
            <ns3:cad>81</ns3:cad>
          </ns3:TrackPointExtension>
        </extensions>
      </trkpt>
      <trkpt lat="35.766501836478710174560546875" lon="139.55046348273754119873046875">
        <ele>46.59999847412109375</ele>
        <time>2026-08-26T09:31:33.000Z</time>
        <extensions>
          <ns3:TrackPointExtension>
            <ns3:hr>135</ns3:hr>
            <ns3:cad>80</ns3:cad>
          </ns3:TrackPointExtension>
        </extensions>
      </trkpt>
      <trkpt lat="35.766503512859344482421875" lon="139.55048535950481891632080078125">
        <ele>46.59999847412109375</ele>
        <time>2026-08-26T09:31:34.000Z</time>
        <extensions>
          <ns3:TrackPointExtension>
            <ns3:hr>135</ns3:hr>
            <ns3:cad>80</ns3:cad>
          </ns3:TrackPointExtension>
        </extensions>
      </trkpt>
      <trkpt lat="35.76650661416351795196533203125" lon="139.55051503144204616546630859375">
        <ele>46.59999847412109375</ele>
        <time>2026-08-26T09:31:35.000Z</time>
        <extensions>
          <ns3:TrackPointExtension>
            <ns3:hr>136</ns3:hr>
            <ns3:cad>80</ns3:cad>
          </ns3:TrackPointExtension>
        </extensions>
      </trkpt>
      <trkpt lat="35.7665048539638519287109375" lon="139.55054554156959056854248046875">
        <ele>46.59999847412109375</ele>
        <time>2026-08-26T09:31:36.000Z</time>
        <extensions>
          <ns3:TrackPointExtension>
            <ns3:hr>136</ns3:hr>
            <ns3:cad>82</ns3:cad>
          </ns3:TrackPointExtension>
        </extensions>
      </trkpt>
      <trkpt lat="35.76650418341159820556640625" lon="139.55057772807776927947998046875">
        <ele>46.59999847412109375</ele>
        <time>2026-08-26T09:31:37.000Z</time>
        <extensions>
          <ns3:TrackPointExtension>
            <ns3:hr>136</ns3:hr>
            <ns3:cad>83</ns3:cad>
          </ns3:TrackPointExtension>
        </extensions>
      </trkpt>
      <trkpt lat="35.76650192029774188995361328125" lon="139.55060237087309360504150390625">
        <ele>46.59999847412109375</ele>
        <time>2026-08-26T09:31:38.000Z</time>
        <extensions>
          <ns3:TrackPointExtension>
            <ns3:hr>136</ns3:hr>
            <ns3:cad>83</ns3:cad>
          </ns3:TrackPointExtension>
        </extensions>
      </trkpt>
      <trkpt lat="35.766502507030963897705078125" lon="139.55063237808644771575927734375">
        <ele>46.40000152587890625</ele>
        <time>2026-08-26T09:31:39.000Z</time>
        <extensions>
          <ns3:TrackPointExtension>
            <ns3:hr>137</ns3:hr>
            <ns3:cad>83</ns3:cad>
          </ns3:TrackPointExtension>
        </extensions>
      </trkpt>
      <trkpt lat="35.76650091446936130523681640625" lon="139.55065215937793254852294921875">
        <ele>46.40000152587890625</ele>
        <time>2026-08-26T09:31:40.000Z</time>
        <extensions>
          <ns3:TrackPointExtension>
            <ns3:hr>136</ns3:hr>
            <ns3:cad>83</ns3:cad>
          </ns3:TrackPointExtension>
        </extensions>
      </trkpt>
      <trkpt lat="35.7664969749748706817626953125" lon="139.55067998729646205902099609375">
        <ele>46.40000152587890625</ele>
        <time>2026-08-26T09:31:41.000Z</time>
        <extensions>
          <ns3:TrackPointExtension>
            <ns3:hr>136</ns3:hr>
            <ns3:cad>82</ns3:cad>
          </ns3:TrackPointExtension>
        </extensions>
      </trkpt>
      <trkpt lat="35.76649286784231662750244140625" lon="139.55070915631949901580810546875">
        <ele>46.40000152587890625</ele>
        <time>2026-08-26T09:31:42.000Z</time>
        <extensions>
          <ns3:TrackPointExtension>
            <ns3:hr>137</ns3:hr>
            <ns3:cad>82</ns3:cad>
          </ns3:TrackPointExtension>
        </extensions>
      </trkpt>
      <trkpt lat="35.76649538241326808929443359375" lon="139.5507355593144893646240234375">
        <ele>46.40000152587890625</ele>
        <time>2026-08-26T09:31:43.000Z</time>
        <extensions>
          <ns3:TrackPointExtension>
            <ns3:hr>137</ns3:hr>
            <ns3:cad>83</ns3:cad>
          </ns3:TrackPointExtension>
        </extensions>
      </trkpt>
      <trkpt lat="35.76648968271911144256591796875" lon="139.5507590286433696746826171875">
        <ele>46.40000152587890625</ele>
        <time>2026-08-26T09:31:44.000Z</time>
        <extensions>
          <ns3:TrackPointExtension>
            <ns3:hr>137</ns3:hr>
            <ns3:cad>83</ns3:cad>
          </ns3:TrackPointExtension>
        </extensions>
      </trkpt>
      <trkpt lat="35.76648968271911144256591796875" lon="139.5507781393826007843017578125">
        <ele>46.40000152587890625</ele>
        <time>2026-08-26T09:31:45.000Z</time>
        <extensions>
          <ns3:TrackPointExtension>
            <ns3:hr>137</ns3:hr>
            <ns3:cad>82</ns3:cad>
          </ns3:TrackPointExtension>
        </extensions>
      </trkpt>
      <trkpt lat="35.76648549176752567291259765625" lon="139.5508046261966228485107421875">
        <ele>46.40000152587890625</ele>
        <time>2026-08-26T09:31:46.000Z</time>
        <extensions>
          <ns3:TrackPointExtension>
            <ns3:hr>137</ns3:hr>
            <ns3:cad>82</ns3:cad>
          </ns3:TrackPointExtension>
        </extensions>
      </trkpt>
      <trkpt lat="35.76648230664432048797607421875" lon="139.55083320848643779754638671875">
        <ele>46.40000152587890625</ele>
        <time>2026-08-26T09:31:47.000Z</time>
        <extensions>
          <ns3:TrackPointExtension>
            <ns3:hr>137</ns3:hr>
            <ns3:cad>82</ns3:cad>
          </ns3:TrackPointExtension>
        </extensions>
      </trkpt>
      <trkpt lat="35.7664798758924007415771484375" lon="139.5508611202239990234375">
        <ele>46.40000152587890625</ele>
        <time>2026-08-26T09:31:48.000Z</time>
        <extensions>
          <ns3:TrackPointExtension>
            <ns3:hr>137</ns3:hr>
            <ns3:cad>82</ns3:cad>
          </ns3:TrackPointExtension>
        </extensions>
      </trkpt>
      <trkpt lat="35.7664751820266246795654296875" lon="139.550885260105133056640625">
        <ele>46.40000152587890625</ele>
        <time>2026-08-26T09:31:49.000Z</time>
        <extensions>
          <ns3:TrackPointExtension>
            <ns3:hr>137</ns3:hr>
            <ns3:cad>82</ns3:cad>
          </ns3:TrackPointExtension>
        </extensions>
      </trkpt>
      <trkpt lat="35.76646864414215087890625" lon="139.550904370844364166259765625">
        <ele>46.200000762939453125</ele>
        <time>2026-08-26T09:31:50.000Z</time>
        <extensions>
          <ns3:TrackPointExtension>
            <ns3:hr>138</ns3:hr>
            <ns3:cad>82</ns3:cad>
          </ns3:TrackPointExtension>
        </extensions>
      </trkpt>
      <trkpt lat="35.76646252535283565521240234375" lon="139.55092641524970531463623046875">
        <ele>46.200000762939453125</ele>
        <time>2026-08-26T09:31:51.000Z</time>
        <extensions>
          <ns3:TrackPointExtension>
            <ns3:hr>138</ns3:hr>
            <ns3:cad>82</ns3:cad>
          </ns3:TrackPointExtension>
        </extensions>
      </trkpt>
      <trkpt lat="35.766454227268695831298828125" lon="139.5509511418640613555908203125">
        <ele>46.200000762939453125</ele>
        <time>2026-08-26T09:31:52.000Z</time>
        <extensions>
          <ns3:TrackPointExtension>
            <ns3:hr>138</ns3:hr>
            <ns3:cad>82</ns3:cad>
          </ns3:TrackPointExtension>
        </extensions>
      </trkpt>
      <trkpt lat="35.76644827611744403839111328125" lon="139.55096715129911899566650390625">
        <ele>46.200000762939453125</ele>
        <time>2026-08-26T09:31:53.000Z</time>
        <extensions>
          <ns3:TrackPointExtension>
            <ns3:hr>139</ns3:hr>
            <ns3:cad>82</ns3:cad>
          </ns3:TrackPointExtension>
        </extensions>
      </trkpt>
      <trkpt lat="35.76643989421427249908447265625" lon="139.55099053680896759033203125">
        <ele>46.200000762939453125</ele>
        <time>2026-08-26T09:31:54.000Z</time>
        <extensions>
          <ns3:TrackPointExtension>
            <ns3:hr>139</ns3:hr>
            <ns3:cad>82</ns3:cad>
          </ns3:TrackPointExtension>
        </extensions>
      </trkpt>
      <trkpt lat="35.766434110701084136962890625" lon="139.55101023428142070770263671875">
        <ele>46.200000762939453125</ele>
        <time>2026-08-26T09:31:55.000Z</time>
        <extensions>
          <ns3:TrackPointExtension>
            <ns3:hr>139</ns3:hr>
            <ns3:cad>82</ns3:cad>
          </ns3:TrackPointExtension>
        </extensions>
      </trkpt>
      <trkpt lat="35.76643067412078380584716796875" lon="139.551030434668064117431640625">
        <ele>46.200000762939453125</ele>
        <time>2026-08-26T09:31:56.000Z</time>
        <extensions>
          <ns3:TrackPointExtension>
            <ns3:hr>139</ns3:hr>
            <ns3:cad>82</ns3:cad>
          </ns3:TrackPointExtension>
        </extensions>
      </trkpt>
      <trkpt lat="35.76642480678856372833251953125" lon="139.55105415545403957366943359375">
        <ele>46.200000762939453125</ele>
        <time>2026-08-26T09:31:57.000Z</time>
        <extensions>
          <ns3:TrackPointExtension>
            <ns3:hr>138</ns3:hr>
            <ns3:cad>82</ns3:cad>
          </ns3:TrackPointExtension>
        </extensions>
      </trkpt>
      <trkpt lat="35.76641826890408992767333984375" lon="139.55107863061130046844482421875">
        <ele>46.200000762939453125</ele>
        <time>2026-08-26T09:31:58.000Z</time>
        <extensions>
          <ns3:TrackPointExtension>
            <ns3:hr>138</ns3:hr>
            <ns3:cad>82</ns3:cad>
          </ns3:TrackPointExtension>
        </extensions>
      </trkpt>
      <trkpt lat="35.76641164720058441162109375" lon="139.55109941773116588592529296875">
        <ele>46.200000762939453125</ele>
        <time>2026-08-26T09:31:59.000Z</time>
        <extensions>
          <ns3:TrackPointExtension>
            <ns3:hr>138</ns3:hr>
            <ns3:cad>80</ns3:cad>
          </ns3:TrackPointExtension>
        </extensions>
      </trkpt>
      <trkpt lat="35.766406618058681488037109375" lon="139.55111701972782611846923828125">
        <ele>46.200000762939453125</ele>
        <time>2026-08-26T09:32:00.000Z</time>
        <extensions>
          <ns3:TrackPointExtension>
            <ns3:hr>138</ns3:hr>
            <ns3:cad>80</ns3:cad>
          </ns3:TrackPointExtension>
        </extensions>
      </trkpt>
      <trkpt lat="35.7663975656032562255859375" lon="139.5511422492563724517822265625">
        <ele>46.200000762939453125</ele>
        <time>2026-08-26T09:32:01.000Z</time>
        <extensions>
          <ns3:TrackPointExtension>
            <ns3:hr>138</ns3:hr>
            <ns3:cad>80</ns3:cad>
          </ns3:TrackPointExtension>
        </extensions>
      </trkpt>
      <trkpt lat="35.7663883455097675323486328125" lon="139.5511647127568721771240234375">
        <ele>46.200000762939453125</ele>
        <time>2026-08-26T09:32:02.000Z</time>
        <extensions>
          <ns3:TrackPointExtension>
            <ns3:hr>138</ns3:hr>
            <ns3:cad>80</ns3:cad>
          </ns3:TrackPointExtension>
        </extensions>
      </trkpt>
      <trkpt lat="35.766376443207263946533203125" lon="139.5511838234961032867431640625">
        <ele>46.200000762939453125</ele>
        <time>2026-08-26T09:32:03.000Z</time>
        <extensions>
          <ns3:TrackPointExtension>
            <ns3:hr>139</ns3:hr>
            <ns3:cad>80</ns3:cad>
          </ns3:TrackPointExtension>
        </extensions>
      </trkpt>
      <trkpt lat="35.7663638703525066375732421875" lon="139.55119974911212921142578125">
        <ele>46.200000762939453125</ele>
        <time>2026-08-26T09:32:04.000Z</time>
        <extensions>
          <ns3:TrackPointExtension>
            <ns3:hr>140</ns3:hr>
            <ns3:cad>81</ns3:cad>
          </ns3:TrackPointExtension>
        </extensions>
      </trkpt>
      <trkpt lat="35.76635557226836681365966796875" lon="139.55121944658458232879638671875">
        <ele>46.200000762939453125</ele>
        <time>2026-08-26T09:32:05.000Z</time>
        <extensions>
          <ns3:TrackPointExtension>
            <ns3:hr>140</ns3:hr>
            <ns3:cad>81</ns3:cad>
          </ns3:TrackPointExtension>
        </extensions>
      </trkpt>
      <trkpt lat="35.76634903438389301300048828125" lon="139.55123922787606716156005859375">
        <ele>46.200000762939453125</ele>
        <time>2026-08-26T09:32:06.000Z</time>
        <extensions>
          <ns3:TrackPointExtension>
            <ns3:hr>141</ns3:hr>
            <ns3:cad>80</ns3:cad>
          </ns3:TrackPointExtension>
        </extensions>
      </trkpt>
      <trkpt lat="35.76634551398456096649169921875" lon="139.551257081329822540283203125">
        <ele>46</ele>
        <time>2026-08-26T09:32:07.000Z</time>
        <extensions>
          <ns3:TrackPointExtension>
            <ns3:hr>142</ns3:hr>
            <ns3:cad>80</ns3:cad>
          </ns3:TrackPointExtension>
        </extensions>
      </trkpt>
      <trkpt lat="35.76633981429040431976318359375" lon="139.55127392895519733428955078125">
        <ele>46</ele>
        <time>2026-08-26T09:32:08.000Z</time>
        <extensions>
          <ns3:TrackPointExtension>
            <ns3:hr>143</ns3:hr>
            <ns3:cad>80</ns3:cad>
          </ns3:TrackPointExtension>
        </extensions>
      </trkpt>
      <trkpt lat="35.76633176766335964202880859375" lon="139.55129438079893589019775390625">
        <ele>46</ele>
        <time>2026-08-26T09:32:09.000Z</time>
        <extensions>
          <ns3:TrackPointExtension>
            <ns3:hr>143</ns3:hr>
            <ns3:cad>80</ns3:cad>
          </ns3:TrackPointExtension>
        </extensions>
      </trkpt>
      <trkpt lat="35.76632472686469554901123046875" lon="139.551310054957866668701171875">
        <ele>46</ele>
        <time>2026-08-26T09:32:10.000Z</time>
        <extensions>
          <ns3:TrackPointExtension>
            <ns3:hr>144</ns3:hr>
            <ns3:cad>80</ns3:cad>
          </ns3:TrackPointExtension>
        </extensions>
      </trkpt>
      <trkpt lat="35.76632003299891948699951171875" lon="139.55132841132581233978271484375">
        <ele>45.799999237060546875</ele>
        <time>2026-08-26T09:32:11.000Z</time>
        <extensions>
          <ns3:TrackPointExtension>
            <ns3:hr>144</ns3:hr>
            <ns3:cad>80</ns3:cad>
          </ns3:TrackPointExtension>
        </extensions>
      </trkpt>
      <trkpt lat="35.76631416566669940948486328125" lon="139.55134802497923374176025390625">
        <ele>45.799999237060546875</ele>
        <time>2026-08-26T09:32:12.000Z</time>
        <extensions>
          <ns3:TrackPointExtension>
            <ns3:hr>144</ns3:hr>
            <ns3:cad>81</ns3:cad>
          </ns3:TrackPointExtension>
        </extensions>
      </trkpt>
      <trkpt lat="35.76631198637187480926513671875" lon="139.55137384124100208282470703125">
        <ele>45.799999237060546875</ele>
        <time>2026-08-26T09:32:13.000Z</time>
        <extensions>
          <ns3:TrackPointExtension>
            <ns3:hr>144</ns3:hr>
            <ns3:cad>81</ns3:cad>
          </ns3:TrackPointExtension>
        </extensions>
      </trkpt>
      <trkpt lat="35.76630192808806896209716796875" lon="139.551401920616626739501953125">
        <ele>45.799999237060546875</ele>
        <time>2026-08-26T09:32:14.000Z</time>
        <extensions>
          <ns3:TrackPointExtension>
            <ns3:hr>144</ns3:hr>
            <ns3:cad>82</ns3:cad>
          </ns3:TrackPointExtension>
        </extensions>
      </trkpt>
      <trkpt lat="35.76629036106169223785400390625" lon="139.55142782069742679595947265625">
        <ele>45.799999237060546875</ele>
        <time>2026-08-26T09:32:15.000Z</time>
        <extensions>
          <ns3:TrackPointExtension>
            <ns3:hr>145</ns3:hr>
            <ns3:cad>82</ns3:cad>
          </ns3:TrackPointExtension>
        </extensions>
      </trkpt>
      <trkpt lat="35.76627745293080806732177734375" lon="139.5514553971588611602783203125">
        <ele>45.799999237060546875</ele>
        <time>2026-08-26T09:32:16.000Z</time>
        <extensions>
          <ns3:TrackPointExtension>
            <ns3:hr>145</ns3:hr>
            <ns3:cad>82</ns3:cad>
          </ns3:TrackPointExtension>
        </extensions>
      </trkpt>
      <trkpt lat="35.766269825398921966552734375" lon="139.5514852367341518402099609375">
        <ele>45.799999237060546875</ele>
        <time>2026-08-26T09:32:17.000Z</time>
        <extensions>
          <ns3:TrackPointExtension>
            <ns3:hr>145</ns3:hr>
            <ns3:cad>83</ns3:cad>
          </ns3:TrackPointExtension>
        </extensions>
      </trkpt>
      <trkpt lat="35.7662659697234630584716796875" lon="139.5515097118914127349853515625">
        <ele>45.799999237060546875</ele>
        <time>2026-08-26T09:32:18.000Z</time>
        <extensions>
          <ns3:TrackPointExtension>
            <ns3:hr>144</ns3:hr>
            <ns3:cad>83</ns3:cad>
          </ns3:TrackPointExtension>
        </extensions>
      </trkpt>
      <trkpt lat="35.7662599347531795501708984375" lon="139.5515325106680393218994140625">
        <ele>45.799999237060546875</ele>
        <time>2026-08-26T09:32:19.000Z</time>
        <extensions>
          <ns3:TrackPointExtension>
            <ns3:hr>144</ns3:hr>
            <ns3:cad>83</ns3:cad>
          </ns3:TrackPointExtension>
        </extensions>
      </trkpt>
      <trkpt lat="35.76624627225100994110107421875" lon="139.55155782401561737060546875">
        <ele>45.799999237060546875</ele>
        <time>2026-08-26T09:32:20.000Z</time>
        <extensions>
          <ns3:TrackPointExtension>
            <ns3:hr>144</ns3:hr>
            <ns3:cad>82</ns3:cad>
          </ns3:TrackPointExtension>
        </extensions>
      </trkpt>
      <trkpt lat="35.76623738743364810943603515625" lon="139.5515737496316432952880859375">
        <ele>45.799999237060546875</ele>
        <time>2026-08-26T09:32:21.000Z</time>
        <extensions>
          <ns3:TrackPointExtension>
            <ns3:hr>143</ns3:hr>
            <ns3:cad>82</ns3:cad>
          </ns3:TrackPointExtension>
        </extensions>
      </trkpt>
      <trkpt lat="35.766240321099758148193359375" lon="139.55159864388406276702880859375">
        <ele>45.799999237060546875</ele>
        <time>2026-08-26T09:32:22.000Z</time>
        <extensions>
          <ns3:TrackPointExtension>
            <ns3:hr>143</ns3:hr>
            <ns3:cad>82</ns3:cad>
          </ns3:TrackPointExtension>
        </extensions>
      </trkpt>
      <trkpt lat="35.76624124310910701751708984375" lon="139.5516280643641948699951171875">
        <ele>45.799999237060546875</ele>
        <time>2026-08-26T09:32:23.000Z</time>
        <extensions>
          <ns3:TrackPointExtension>
            <ns3:hr>143</ns3:hr>
            <ns3:cad>82</ns3:cad>
          </ns3:TrackPointExtension>
        </extensions>
      </trkpt>
      <trkpt lat="35.766238979995250701904296875" lon="139.55164105631411075592041015625">
        <ele>45.799999237060546875</ele>
        <time>2026-08-26T09:32:24.000Z</time>
        <extensions>
          <ns3:TrackPointExtension>
            <ns3:hr>142</ns3:hr>
            <ns3:cad>82</ns3:cad>
          </ns3:TrackPointExtension>
        </extensions>
      </trkpt>
      <trkpt lat="35.766232274472713470458984375" lon="139.5516693033277988433837890625">
        <ele>45.799999237060546875</ele>
        <time>2026-08-26T09:32:25.000Z</time>
        <extensions>
          <ns3:TrackPointExtension>
            <ns3:hr>142</ns3:hr>
            <ns3:cad>81</ns3:cad>
          </ns3:TrackPointExtension>
        </extensions>
      </trkpt>
      <trkpt lat="35.76622816734015941619873046875" lon="139.551694951951503753662109375">
        <ele>45.799999237060546875</ele>
        <time>2026-08-26T09:32:26.000Z</time>
        <extensions>
          <ns3:TrackPointExtension>
            <ns3:hr>142</ns3:hr>
            <ns3:cad>81</ns3:cad>
          </ns3:TrackPointExtension>
        </extensions>
      </trkpt>
      <trkpt lat="35.7662180252373218536376953125" lon="139.55171615816652774810791015625">
        <ele>45.799999237060546875</ele>
        <time>2026-08-26T09:32:27.000Z</time>
        <extensions>
          <ns3:TrackPointExtension>
            <ns3:hr>142</ns3:hr>
            <ns3:cad>81</ns3:cad>
          </ns3:TrackPointExtension>
        </extensions>
      </trkpt>
      <trkpt lat="35.76620779931545257568359375" lon="139.5517373643815517425537109375">
        <ele>45.799999237060546875</ele>
        <time>2026-08-26T09:32:28.000Z</time>
        <extensions>
          <ns3:TrackPointExtension>
            <ns3:hr>142</ns3:hr>
            <ns3:cad>81</ns3:cad>
          </ns3:TrackPointExtension>
        </extensions>
      </trkpt>
      <trkpt lat="35.76619531027972698211669921875" lon="139.551758654415607452392578125">
        <ele>45.799999237060546875</ele>
        <time>2026-08-26T09:32:29.000Z</time>
        <extensions>
          <ns3:TrackPointExtension>
            <ns3:hr>142</ns3:hr>
            <ns3:cad>81</ns3:cad>
          </ns3:TrackPointExtension>
        </extensions>
      </trkpt>
      <trkpt lat="35.7661848329007625579833984375" lon="139.5517739094793796539306640625">
        <ele>45.799999237060546875</ele>
        <time>2026-08-26T09:32:30.000Z</time>
        <extensions>
          <ns3:TrackPointExtension>
            <ns3:hr>142</ns3:hr>
            <ns3:cad>81</ns3:cad>
          </ns3:TrackPointExtension>
        </extensions>
      </trkpt>
      <trkpt lat="35.76617100276052951812744140625" lon="139.55179176293313503265380859375">
        <ele>45.799999237060546875</ele>
        <time>2026-08-26T09:32:31.000Z</time>
        <extensions>
          <ns3:TrackPointExtension>
            <ns3:hr>143</ns3:hr>
            <ns3:cad>81</ns3:cad>
          </ns3:TrackPointExtension>
        </extensions>
      </trkpt>
      <trkpt lat="35.76615675352513790130615234375" lon="139.5518057607114315032958984375">
        <ele>45.799999237060546875</ele>
        <time>2026-08-26T09:32:32.000Z</time>
        <extensions>
          <ns3:TrackPointExtension>
            <ns3:hr>143</ns3:hr>
            <ns3:cad>80</ns3:cad>
          </ns3:TrackPointExtension>
        </extensions>
      </trkpt>
      <trkpt lat="35.76614401303231716156005859375" lon="139.55182177014648914337158203125">
        <ele>45.799999237060546875</ele>
        <time>2026-08-26T09:32:33.000Z</time>
        <extensions>
          <ns3:TrackPointExtension>
            <ns3:hr>143</ns3:hr>
            <ns3:cad>80</ns3:cad>
          </ns3:TrackPointExtension>
        </extensions>
      </trkpt>
      <trkpt lat="35.766139738261699676513671875" lon="139.55184188671410083770751953125">
        <ele>45.799999237060546875</ele>
        <time>2026-08-26T09:32:34.000Z</time>
        <extensions>
          <ns3:TrackPointExtension>
            <ns3:hr>143</ns3:hr>
            <ns3:cad>80</ns3:cad>
          </ns3:TrackPointExtension>
        </extensions>
      </trkpt>
      <trkpt lat="35.7661399058997631072998046875" lon="139.5518597401678562164306640625">
        <ele>45.799999237060546875</ele>
        <time>2026-08-26T09:32:35.000Z</time>
        <extensions>
          <ns3:TrackPointExtension>
            <ns3:hr>143</ns3:hr>
            <ns3:cad>81</ns3:cad>
          </ns3:TrackPointExtension>
        </extensions>
      </trkpt>
      <trkpt lat="35.76613605022430419921875" lon="139.55187977291643619537353515625">
        <ele>45.799999237060546875</ele>
        <time>2026-08-26T09:32:36.000Z</time>
        <extensions>
          <ns3:TrackPointExtension>
            <ns3:hr>143</ns3:hr>
            <ns3:cad>81</ns3:cad>
          </ns3:TrackPointExtension>
        </extensions>
      </trkpt>
      <trkpt lat="35.76612272299826145172119140625" lon="139.551902152597904205322265625">
        <ele>45.799999237060546875</ele>
        <time>2026-08-26T09:32:37.000Z</time>
        <extensions>
          <ns3:TrackPointExtension>
            <ns3:hr>143</ns3:hr>
            <ns3:cad>81</ns3:cad>
          </ns3:TrackPointExtension>
        </extensions>
      </trkpt>
      <trkpt lat="35.7661105692386627197265625" lon="139.5519278012216091156005859375">
        <ele>46</ele>
        <time>2026-08-26T09:32:38.000Z</time>
        <extensions>
          <ns3:TrackPointExtension>
            <ns3:hr>143</ns3:hr>
            <ns3:cad>81</ns3:cad>
          </ns3:TrackPointExtension>
        </extensions>
      </trkpt>
      <trkpt lat="35.7661077193915843963623046875" lon="139.55195822753012180328369140625">
        <ele>46</ele>
        <time>2026-08-26T09:32:39.000Z</time>
        <extensions>
          <ns3:TrackPointExtension>
            <ns3:hr>143</ns3:hr>
            <ns3:cad>81</ns3:cad>
          </ns3:TrackPointExtension>
        </extensions>
      </trkpt>
      <trkpt lat="35.76610176824033260345458984375" lon="139.55198337323963642120361328125">
        <ele>46</ele>
        <time>2026-08-26T09:32:40.000Z</time>
        <extensions>
          <ns3:TrackPointExtension>
            <ns3:hr>143</ns3:hr>
            <ns3:cad>81</ns3:cad>
          </ns3:TrackPointExtension>
        </extensions>
      </trkpt>
      <trkpt lat="35.76609724201261997222900390625" lon="139.552005417644977569580078125">
        <ele>46</ele>
        <time>2026-08-26T09:32:41.000Z</time>
        <extensions>
          <ns3:TrackPointExtension>
            <ns3:hr>143</ns3:hr>
            <ns3:cad>81</ns3:cad>
          </ns3:TrackPointExtension>
        </extensions>
      </trkpt>
      <trkpt lat="35.7660842500627040863037109375" lon="139.5520260371267795562744140625">
        <ele>45.799999237060546875</ele>
        <time>2026-08-26T09:32:42.000Z</time>
        <extensions>
          <ns3:TrackPointExtension>
            <ns3:hr>143</ns3:hr>
            <ns3:cad>81</ns3:cad>
          </ns3:TrackPointExtension>
        </extensions>
      </trkpt>
      <trkpt lat="35.766073353588581085205078125" lon="139.55205026082694530487060546875">
        <ele>45.799999237060546875</ele>
        <time>2026-08-26T09:32:43.000Z</time>
        <extensions>
          <ns3:TrackPointExtension>
            <ns3:hr>143</ns3:hr>
            <ns3:cad>81</ns3:cad>
          </ns3:TrackPointExtension>
        </extensions>
      </trkpt>
      <trkpt lat="35.76605834998190402984619140625" lon="139.5520736463367938995361328125">
        <ele>45.799999237060546875</ele>
        <time>2026-08-26T09:32:44.000Z</time>
        <extensions>
          <ns3:TrackPointExtension>
            <ns3:hr>143</ns3:hr>
            <ns3:cad>81</ns3:cad>
          </ns3:TrackPointExtension>
        </extensions>
      </trkpt>
      <trkpt lat="35.76604058034718036651611328125" lon="139.55209585838019847869873046875">
        <ele>45.799999237060546875</ele>
        <time>2026-08-26T09:32:45.000Z</time>
        <extensions>
          <ns3:TrackPointExtension>
            <ns3:hr>143</ns3:hr>
            <ns3:cad>81</ns3:cad>
          </ns3:TrackPointExtension>
        </extensions>
      </trkpt>
      <trkpt lat="35.76603102497756481170654296875" lon="139.5521158911287784576416015625">
        <ele>45.799999237060546875</ele>
        <time>2026-08-26T09:32:46.000Z</time>
        <extensions>
          <ns3:TrackPointExtension>
            <ns3:hr>143</ns3:hr>
            <ns3:cad>82</ns3:cad>
          </ns3:TrackPointExtension>
        </extensions>
      </trkpt>
      <trkpt lat="35.76602247543632984161376953125" lon="139.5521323196589946746826171875">
        <ele>45.799999237060546875</ele>
        <time>2026-08-26T09:32:47.000Z</time>
        <extensions>
          <ns3:TrackPointExtension>
            <ns3:hr>143</ns3:hr>
            <ns3:cad>82</ns3:cad>
          </ns3:TrackPointExtension>
        </extensions>
      </trkpt>
      <trkpt lat="35.7660158537328243255615234375" lon="139.55215134657919406890869140625">
        <ele>45.799999237060546875</ele>
        <time>2026-08-26T09:32:48.000Z</time>
        <extensions>
          <ns3:TrackPointExtension>
            <ns3:hr>142</ns3:hr>
            <ns3:cad>82</ns3:cad>
          </ns3:TrackPointExtension>
        </extensions>
      </trkpt>
      <trkpt lat="35.7660059630870819091796875" lon="139.55217448063194751739501953125">
        <ele>45.799999237060546875</ele>
        <time>2026-08-26T09:32:49.000Z</time>
        <extensions>
          <ns3:TrackPointExtension>
            <ns3:hr>142</ns3:hr>
            <ns3:cad>83</ns3:cad>
          </ns3:TrackPointExtension>
        </extensions>
      </trkpt>
      <trkpt lat="35.76599347405135631561279296875" lon="139.55219577066600322723388671875">
        <ele>45.799999237060546875</ele>
        <time>2026-08-26T09:32:50.000Z</time>
        <extensions>
          <ns3:TrackPointExtension>
            <ns3:hr>142</ns3:hr>
            <ns3:cad>83</ns3:cad>
          </ns3:TrackPointExtension>
        </extensions>
      </trkpt>
      <trkpt lat="35.7659791409969329833984375" lon="139.55221286974847316741943359375">
        <ele>45.799999237060546875</ele>
        <time>2026-08-26T09:32:51.000Z</time>
        <extensions>
          <ns3:TrackPointExtension>
            <ns3:hr>142</ns3:hr>
            <ns3:cad>82</ns3:cad>
          </ns3:TrackPointExtension>
        </extensions>
      </trkpt>
      <trkpt lat="35.76597067527472972869873046875" lon="139.552233405411243438720703125">
        <ele>45.799999237060546875</ele>
        <time>2026-08-26T09:32:52.000Z</time>
        <extensions>
          <ns3:TrackPointExtension>
            <ns3:hr>142</ns3:hr>
            <ns3:cad>82</ns3:cad>
          </ns3:TrackPointExtension>
        </extensions>
      </trkpt>
      <trkpt lat="35.76596447266638278961181640625" lon="139.55225410871207714080810546875">
        <ele>45.799999237060546875</ele>
        <time>2026-08-26T09:32:53.000Z</time>
        <extensions>
          <ns3:TrackPointExtension>
            <ns3:hr>142</ns3:hr>
            <ns3:cad>82</ns3:cad>
          </ns3:TrackPointExtension>
        </extensions>
      </trkpt>
      <trkpt lat="35.76595894061028957366943359375" lon="139.552274309098720550537109375">
        <ele>45.799999237060546875</ele>
        <time>2026-08-26T09:32:54.000Z</time>
        <extensions>
          <ns3:TrackPointExtension>
            <ns3:hr>142</ns3:hr>
            <ns3:cad>82</ns3:cad>
          </ns3:TrackPointExtension>
        </extensions>
      </trkpt>
      <trkpt lat="35.76594837941229343414306640625" lon="139.55229811370372772216796875">
        <ele>45.799999237060546875</ele>
        <time>2026-08-26T09:32:55.000Z</time>
        <extensions>
          <ns3:TrackPointExtension>
            <ns3:hr>142</ns3:hr>
            <ns3:cad>82</ns3:cad>
          </ns3:TrackPointExtension>
        </extensions>
      </trkpt>
      <trkpt lat="35.7659417577087879180908203125" lon="139.5523187331855297088623046875">
        <ele>46</ele>
        <time>2026-08-26T09:32:56.000Z</time>
        <extensions>
          <ns3:TrackPointExtension>
            <ns3:hr>142</ns3:hr>
            <ns3:cad>82</ns3:cad>
          </ns3:TrackPointExtension>
        </extensions>
      </trkpt>
      <trkpt lat="35.76593362726271152496337890625" lon="139.5523416996002197265625">
        <ele>46</ele>
        <time>2026-08-26T09:32:57.000Z</time>
        <extensions>
          <ns3:TrackPointExtension>
            <ns3:hr>142</ns3:hr>
            <ns3:cad>82</ns3:cad>
          </ns3:TrackPointExtension>
        </extensions>
      </trkpt>
      <trkpt lat="35.765924155712127685546875" lon="139.552364833652973175048828125">
        <ele>46</ele>
        <time>2026-08-26T09:32:58.000Z</time>
        <extensions>
          <ns3:TrackPointExtension>
            <ns3:hr>143</ns3:hr>
            <ns3:cad>81</ns3:cad>
          </ns3:TrackPointExtension>
        </extensions>
      </trkpt>
      <trkpt lat="35.7659176178276538848876953125" lon="139.55238654278218746185302734375">
        <ele>46</ele>
        <time>2026-08-26T09:32:59.000Z</time>
        <extensions>
          <ns3:TrackPointExtension>
            <ns3:hr>143</ns3:hr>
            <ns3:cad>81</ns3:cad>
          </ns3:TrackPointExtension>
        </extensions>
      </trkpt>
      <trkpt lat="35.76590898446738719940185546875" lon="139.55240867100656032562255859375">
        <ele>46</ele>
        <time>2026-08-26T09:33:00.000Z</time>
        <extensions>
          <ns3:TrackPointExtension>
            <ns3:hr>143</ns3:hr>
            <ns3:cad>81</ns3:cad>
          </ns3:TrackPointExtension>
        </extensions>
      </trkpt>
      <trkpt lat="35.7659032009541988372802734375" lon="139.55243063159286975860595703125">
        <ele>46</ele>
        <time>2026-08-26T09:33:01.000Z</time>
        <extensions>
          <ns3:TrackPointExtension>
            <ns3:hr>143</ns3:hr>
            <ns3:cad>81</ns3:cad>
          </ns3:TrackPointExtension>
        </extensions>
      </trkpt>
      <trkpt lat="35.76589641161262989044189453125" lon="139.5524531789124011993408203125">
        <ele>45.799999237060546875</ele>
        <time>2026-08-26T09:33:02.000Z</time>
        <extensions>
          <ns3:TrackPointExtension>
            <ns3:hr>144</ns3:hr>
            <ns3:cad>81</ns3:cad>
          </ns3:TrackPointExtension>
        </extensions>
      </trkpt>
      <trkpt lat="35.76588903553783893585205078125" lon="139.55247304402291774749755859375">
        <ele>45.799999237060546875</ele>
        <time>2026-08-26T09:33:03.000Z</time>
        <extensions>
          <ns3:TrackPointExtension>
            <ns3:hr>144</ns3:hr>
            <ns3:cad>81</ns3:cad>
          </ns3:TrackPointExtension>
        </extensions>
      </trkpt>
      <trkpt lat="35.76588065363466739654541015625" lon="139.55249617807567119598388671875">
        <ele>45.799999237060546875</ele>
        <time>2026-08-26T09:33:04.000Z</time>
        <extensions>
          <ns3:TrackPointExtension>
            <ns3:hr>144</ns3:hr>
            <ns3:cad>81</ns3:cad>
          </ns3:TrackPointExtension>
        </extensions>
      </trkpt>
      <trkpt lat="35.76586808077991008758544921875" lon="139.552524089813232421875">
        <ele>45.799999237060546875</ele>
        <time>2026-08-26T09:33:05.000Z</time>
        <extensions>
          <ns3:TrackPointExtension>
            <ns3:hr>145</ns3:hr>
            <ns3:cad>81</ns3:cad>
          </ns3:TrackPointExtension>
        </extensions>
      </trkpt>
      <trkpt lat="35.76585710048675537109375" lon="139.55254579894244670867919921875">
        <ele>45.59999847412109375</ele>
        <time>2026-08-26T09:33:06.000Z</time>
        <extensions>
          <ns3:TrackPointExtension>
            <ns3:hr>145</ns3:hr>
            <ns3:cad>82</ns3:cad>
          </ns3:TrackPointExtension>
        </extensions>
      </trkpt>
      <trkpt lat="35.7658451981842517852783203125" lon="139.55256658606231212615966796875">
        <ele>45.59999847412109375</ele>
        <time>2026-08-26T09:33:07.000Z</time>
        <extensions>
          <ns3:TrackPointExtension>
            <ns3:hr>145</ns3:hr>
            <ns3:cad>82</ns3:cad>
          </ns3:TrackPointExtension>
        </extensions>
      </trkpt>
      <trkpt lat="35.76583363115787506103515625" lon="139.55258754082024097442626953125">
        <ele>45.59999847412109375</ele>
        <time>2026-08-26T09:33:08.000Z</time>
        <extensions>
          <ns3:TrackPointExtension>
            <ns3:hr>145</ns3:hr>
            <ns3:cad>83</ns3:cad>
          </ns3:TrackPointExtension>
        </extensions>
      </trkpt>
      <trkpt lat="35.76582466252148151397705078125" lon="139.5526033826172351837158203125">
        <ele>45.59999847412109375</ele>
        <time>2026-08-26T09:33:09.000Z</time>
        <extensions>
          <ns3:TrackPointExtension>
            <ns3:hr>145</ns3:hr>
            <ns3:cad>83</ns3:cad>
          </ns3:TrackPointExtension>
        </extensions>
      </trkpt>
      <trkpt lat="35.765813179314136505126953125" lon="139.552627690136432647705078125">
        <ele>45.59999847412109375</ele>
        <time>2026-08-26T09:33:10.000Z</time>
        <extensions>
          <ns3:TrackPointExtension>
            <ns3:hr>145</ns3:hr>
            <ns3:cad>83</ns3:cad>
          </ns3:TrackPointExtension>
        </extensions>
      </trkpt>
      <trkpt lat="35.7658036239445209503173828125" lon="139.5526513271033763885498046875">
        <ele>45.59999847412109375</ele>
        <time>2026-08-26T09:33:11.000Z</time>
        <extensions>
          <ns3:TrackPointExtension>
            <ns3:hr>145</ns3:hr>
            <ns3:cad>82</ns3:cad>
          </ns3:TrackPointExtension>
        </extensions>
      </trkpt>
      <trkpt lat="35.76579247601330280303955078125" lon="139.55267337150871753692626953125">
        <ele>45.59999847412109375</ele>
        <time>2026-08-26T09:33:12.000Z</time>
        <extensions>
          <ns3:TrackPointExtension>
            <ns3:hr>145</ns3:hr>
            <ns3:cad>81</ns3:cad>
          </ns3:TrackPointExtension>
        </extensions>
      </trkpt>
      <trkpt lat="35.765785016119480133056640625" lon="139.55269650556147098541259765625">
        <ele>45.799999237060546875</ele>
        <time>2026-08-26T09:33:13.000Z</time>
        <extensions>
          <ns3:TrackPointExtension>
            <ns3:hr>145</ns3:hr>
            <ns3:cad>80</ns3:cad>
          </ns3:TrackPointExtension>
        </extensions>
      </trkpt>
      <trkpt lat="35.76577688567340373992919921875" lon="139.5527200587093830108642578125">
        <ele>45.799999237060546875</ele>
        <time>2026-08-26T09:33:14.000Z</time>
        <extensions>
          <ns3:TrackPointExtension>
            <ns3:hr>145</ns3:hr>
            <ns3:cad>80</ns3:cad>
          </ns3:TrackPointExtension>
        </extensions>
      </trkpt>
      <trkpt lat="35.76576783321797847747802734375" lon="139.55274193547666072845458984375">
        <ele>45.799999237060546875</ele>
        <time>2026-08-26T09:33:15.000Z</time>
        <extensions>
          <ns3:TrackPointExtension>
            <ns3:hr>145</ns3:hr>
            <ns3:cad>80</ns3:cad>
          </ns3:TrackPointExtension>
        </extensions>
      </trkpt>
      <trkpt lat="35.765762217342853546142578125" lon="139.55276020802557468414306640625">
        <ele>45.799999237060546875</ele>
        <time>2026-08-26T09:33:16.000Z</time>
        <extensions>
          <ns3:TrackPointExtension>
            <ns3:hr>145</ns3:hr>
            <ns3:cad>80</ns3:cad>
          </ns3:TrackPointExtension>
        </extensions>
      </trkpt>
      <trkpt lat="35.7657499797642230987548828125" lon="139.55278501845896244049072265625">
        <ele>45.799999237060546875</ele>
        <time>2026-08-26T09:33:17.000Z</time>
        <extensions>
          <ns3:TrackPointExtension>
            <ns3:hr>145</ns3:hr>
            <ns3:cad>81</ns3:cad>
          </ns3:TrackPointExtension>
        </extensions>
      </trkpt>
      <trkpt lat="35.76573765836656093597412109375" lon="139.55280764959752559661865234375">
        <ele>45.799999237060546875</ele>
        <time>2026-08-26T09:33:18.000Z</time>
        <extensions>
          <ns3:TrackPointExtension>
            <ns3:hr>145</ns3:hr>
            <ns3:cad>81</ns3:cad>
          </ns3:TrackPointExtension>
        </extensions>
      </trkpt>
      <trkpt lat="35.7657305337488651275634765625" lon="139.55282776616513729095458984375">
        <ele>45.799999237060546875</ele>
        <time>2026-08-26T09:33:19.000Z</time>
        <extensions>
          <ns3:TrackPointExtension>
            <ns3:hr>145</ns3:hr>
            <ns3:cad>80</ns3:cad>
          </ns3:TrackPointExtension>
        </extensions>
      </trkpt>
      <trkpt lat="35.76572500169277191162109375" lon="139.55285442061722278594970703125">
        <ele>46</ele>
        <time>2026-08-26T09:33:20.000Z</time>
        <extensions>
          <ns3:TrackPointExtension>
            <ns3:hr>145</ns3:hr>
            <ns3:cad>80</ns3:cad>
          </ns3:TrackPointExtension>
        </extensions>
      </trkpt>
      <trkpt lat="35.765717960894107818603515625" lon="139.55287705175578594207763671875">
        <ele>46</ele>
        <time>2026-08-26T09:33:21.000Z</time>
        <extensions>
          <ns3:TrackPointExtension>
            <ns3:hr>145</ns3:hr>
            <ns3:cad>81</ns3:cad>
          </ns3:TrackPointExtension>
        </extensions>
      </trkpt>
      <trkpt lat="35.76570798642933368682861328125" lon="139.55289716832339763641357421875">
        <ele>46</ele>
        <time>2026-08-26T09:33:22.000Z</time>
        <extensions>
          <ns3:TrackPointExtension>
            <ns3:hr>145</ns3:hr>
            <ns3:cad>81</ns3:cad>
          </ns3:TrackPointExtension>
        </extensions>
      </trkpt>
      <trkpt lat="35.76568921096622943878173828125" lon="139.5529071427881717681884765625">
        <ele>46</ele>
        <time>2026-08-26T09:33:23.000Z</time>
        <extensions>
          <ns3:TrackPointExtension>
            <ns3:hr>145</ns3:hr>
            <ns3:cad>81</ns3:cad>
          </ns3:TrackPointExtension>
        </extensions>
      </trkpt>
      <trkpt lat="35.7656840980052947998046875" lon="139.5529037900269031524658203125">
        <ele>46</ele>
        <time>2026-08-26T09:33:24.000Z</time>
        <extensions>
          <ns3:TrackPointExtension>
            <ns3:hr>145</ns3:hr>
            <ns3:cad>81</ns3:cad>
          </ns3:TrackPointExtension>
        </extensions>
      </trkpt>
      <trkpt lat="35.76568937860429286956787109375" lon="139.55288727767765522003173828125">
        <ele>46</ele>
        <time>2026-08-26T09:33:25.000Z</time>
        <extensions>
          <ns3:TrackPointExtension>
            <ns3:hr>145</ns3:hr>
            <ns3:cad>81</ns3:cad>
          </ns3:TrackPointExtension>
        </extensions>
      </trkpt>
      <trkpt lat="35.7657001912593841552734375" lon="139.55286297015845775604248046875">
        <ele>46</ele>
        <time>2026-08-26T09:33:26.000Z</time>
        <extensions>
          <ns3:TrackPointExtension>
            <ns3:hr>145</ns3:hr>
            <ns3:cad>81</ns3:cad>
          </ns3:TrackPointExtension>
        </extensions>
      </trkpt>
      <trkpt lat="35.76571117155253887176513671875" lon="139.55284218303859233856201171875">
        <ele>46</ele>
        <time>2026-08-26T09:33:27.000Z</time>
        <extensions>
          <ns3:TrackPointExtension>
            <ns3:hr>145</ns3:hr>
            <ns3:cad>80</ns3:cad>
          </ns3:TrackPointExtension>
        </extensions>
      </trkpt>
      <trkpt lat="35.76572089456021785736083984375" lon="139.55281837843358516693115234375">
        <ele>46</ele>
        <time>2026-08-26T09:33:28.000Z</time>
        <extensions>
          <ns3:TrackPointExtension>
            <ns3:hr>144</ns3:hr>
            <ns3:cad>80</ns3:cad>
          </ns3:TrackPointExtension>
        </extensions>
      </trkpt>
      <trkpt lat="35.765728689730167388916015625" lon="139.55279507674276828765869140625">
        <ele>46</ele>
        <time>2026-08-26T09:33:29.000Z</time>
        <extensions>
          <ns3:TrackPointExtension>
            <ns3:hr>144</ns3:hr>
            <ns3:cad>80</ns3:cad>
          </ns3:TrackPointExtension>
        </extensions>
      </trkpt>
      <trkpt lat="35.765738748013973236083984375" lon="139.55277194269001483917236328125">
        <ele>46</ele>
        <time>2026-08-26T09:33:30.000Z</time>
        <extensions>
          <ns3:TrackPointExtension>
            <ns3:hr>144</ns3:hr>
            <ns3:cad>80</ns3:cad>
          </ns3:TrackPointExtension>
        </extensions>
      </trkpt>
      <trkpt lat="35.76574872247874736785888671875" lon="139.55275417305529117584228515625">
        <ele>46</ele>
        <time>2026-08-26T09:33:31.000Z</time>
        <extensions>
          <ns3:TrackPointExtension>
            <ns3:hr>144</ns3:hr>
            <ns3:cad>82</ns3:cad>
          </ns3:TrackPointExtension>
        </extensions>
      </trkpt>
      <trkpt lat="35.76576096005737781524658203125" lon="139.5527346432209014892578125">
        <ele>45.799999237060546875</ele>
        <time>2026-08-26T09:33:32.000Z</time>
        <extensions>
          <ns3:TrackPointExtension>
            <ns3:hr>145</ns3:hr>
            <ns3:cad>82</ns3:cad>
          </ns3:TrackPointExtension>
        </extensions>
      </trkpt>
      <trkpt lat="35.7657687552273273468017578125" lon="139.5527123473584651947021484375">
        <ele>45.799999237060546875</ele>
        <time>2026-08-26T09:33:33.000Z</time>
        <extensions>
          <ns3:TrackPointExtension>
            <ns3:hr>145</ns3:hr>
            <ns3:cad>83</ns3:cad>
          </ns3:TrackPointExtension>
        </extensions>
      </trkpt>
      <trkpt lat="35.76577487401664257049560546875" lon="139.55268627963960170745849609375">
        <ele>45.799999237060546875</ele>
        <time>2026-08-26T09:33:34.000Z</time>
        <extensions>
          <ns3:TrackPointExtension>
            <ns3:hr>145</ns3:hr>
            <ns3:cad>84</ns3:cad>
          </ns3:TrackPointExtension>
        </extensions>
      </trkpt>
      <trkpt lat="35.76578392647206783294677734375" lon="139.5526563562452793121337890625">
        <ele>45.799999237060546875</ele>
        <time>2026-08-26T09:33:35.000Z</time>
        <extensions>
          <ns3:TrackPointExtension>
            <ns3:hr>145</ns3:hr>
            <ns3:cad>84</ns3:cad>
          </ns3:TrackPointExtension>
        </extensions>
      </trkpt>
      <trkpt lat="35.7657940685749053955078125" lon="139.5526335574686527252197265625">
        <ele>45.799999237060546875</ele>
        <time>2026-08-26T09:33:36.000Z</time>
        <extensions>
          <ns3:TrackPointExtension>
            <ns3:hr>146</ns3:hr>
            <ns3:cad>84</ns3:cad>
          </ns3:TrackPointExtension>
        </extensions>
      </trkpt>
      <trkpt lat="35.76580546796321868896484375" lon="139.5526110939681529998779296875">
        <ele>45.59999847412109375</ele>
        <time>2026-08-26T09:33:37.000Z</time>
        <extensions>
          <ns3:TrackPointExtension>
            <ns3:hr>145</ns3:hr>
            <ns3:cad>83</ns3:cad>
          </ns3:TrackPointExtension>
        </extensions>
      </trkpt>
      <trkpt lat="35.7658163644373416900634765625" lon="139.5525903068482875823974609375">
        <ele>45.59999847412109375</ele>
        <time>2026-08-26T09:33:38.000Z</time>
        <extensions>
          <ns3:TrackPointExtension>
            <ns3:hr>145</ns3:hr>
            <ns3:cad>82</ns3:cad>
          </ns3:TrackPointExtension>
        </extensions>
      </trkpt>
      <trkpt lat="35.765819884836673736572265625" lon="139.55256759189069271087646484375">
        <ele>45.59999847412109375</ele>
        <time>2026-08-26T09:33:39.000Z</time>
        <extensions>
          <ns3:TrackPointExtension>
            <ns3:hr>146</ns3:hr>
            <ns3:cad>82</ns3:cad>
          </ns3:TrackPointExtension>
        </extensions>
      </trkpt>
      <trkpt lat="35.76582415960729122161865234375" lon="139.55254009924829006195068359375">
        <ele>45.59999847412109375</ele>
        <time>2026-08-26T09:33:40.000Z</time>
        <extensions>
          <ns3:TrackPointExtension>
            <ns3:hr>146</ns3:hr>
            <ns3:cad>81</ns3:cad>
          </ns3:TrackPointExtension>
        </extensions>
      </trkpt>
      <trkpt lat="35.7658334635198116302490234375" lon="139.55251512117683887481689453125">
        <ele>45.59999847412109375</ele>
        <time>2026-08-26T09:33:41.000Z</time>
        <extensions>
          <ns3:TrackPointExtension>
            <ns3:hr>147</ns3:hr>
            <ns3:cad>80</ns3:cad>
          </ns3:TrackPointExtension>
        </extensions>
      </trkpt>
      <trkpt lat="35.7658401690423488616943359375" lon="139.552493579685688018798828125">
        <ele>45.59999847412109375</ele>
        <time>2026-08-26T09:33:42.000Z</time>
        <extensions>
          <ns3:TrackPointExtension>
            <ns3:hr>147</ns3:hr>
            <ns3:cad>80</ns3:cad>
          </ns3:TrackPointExtension>
        </extensions>
      </trkpt>
      <trkpt lat="35.76584880240261554718017578125" lon="139.55246709287166595458984375">
        <ele>45.59999847412109375</ele>
        <time>2026-08-26T09:33:43.000Z</time>
        <extensions>
          <ns3:TrackPointExtension>
            <ns3:hr>148</ns3:hr>
            <ns3:cad>81</ns3:cad>
          </ns3:TrackPointExtension>
        </extensions>
      </trkpt>
      <trkpt lat="35.765852071344852447509765625" lon="139.55244429409503936767578125">
        <ele>45.59999847412109375</ele>
        <time>2026-08-26T09:33:44.000Z</time>
        <extensions>
          <ns3:TrackPointExtension>
            <ns3:hr>148</ns3:hr>
            <ns3:cad>81</ns3:cad>
          </ns3:TrackPointExtension>
        </extensions>
      </trkpt>
      <trkpt lat="35.7658545859158039093017578125" lon="139.55242007039487361907958984375">
        <ele>45.59999847412109375</ele>
        <time>2026-08-26T09:33:45.000Z</time>
        <extensions>
          <ns3:TrackPointExtension>
            <ns3:hr>148</ns3:hr>
            <ns3:cad>81</ns3:cad>
          </ns3:TrackPointExtension>
        </extensions>
      </trkpt>
      <trkpt lat="35.76585668139159679412841796875" lon="139.55240179784595966339111328125">
        <ele>45.59999847412109375</ele>
        <time>2026-08-26T09:33:46.000Z</time>
        <extensions>
          <ns3:TrackPointExtension>
            <ns3:hr>148</ns3:hr>
            <ns3:cad>82</ns3:cad>
          </ns3:TrackPointExtension>
        </extensions>
      </trkpt>
      <trkpt lat="35.765859782695770263671875" lon="139.55237782560288906097412109375">
        <ele>45.799999237060546875</ele>
        <time>2026-08-26T09:33:47.000Z</time>
        <extensions>
          <ns3:TrackPointExtension>
            <ns3:hr>149</ns3:hr>
            <ns3:cad>82</ns3:cad>
          </ns3:TrackPointExtension>
        </extensions>
      </trkpt>
      <trkpt lat="35.76586472801864147186279296875" lon="139.5523495785892009735107421875">
        <ele>46</ele>
        <time>2026-08-26T09:33:48.000Z</time>
        <extensions>
          <ns3:TrackPointExtension>
            <ns3:hr>149</ns3:hr>
            <ns3:cad>82</ns3:cad>
          </ns3:TrackPointExtension>
        </extensions>
      </trkpt>
      <trkpt lat="35.76586590148508548736572265625" lon="139.552329964935779571533203125">
        <ele>46</ele>
        <time>2026-08-26T09:33:49.000Z</time>
        <extensions>
          <ns3:TrackPointExtension>
            <ns3:hr>149</ns3:hr>
            <ns3:cad>82</ns3:cad>
          </ns3:TrackPointExtension>
        </extensions>
      </trkpt>
      <trkpt lat="35.76587361283600330352783203125" lon="139.552300460636615753173828125">
        <ele>46</ele>
        <time>2026-08-26T09:33:50.000Z</time>
        <extensions>
          <ns3:TrackPointExtension>
            <ns3:hr>149</ns3:hr>
            <ns3:cad>82</ns3:cad>
          </ns3:TrackPointExtension>
        </extensions>
      </trkpt>
      <trkpt lat="35.765884257853031158447265625" lon="139.55227531492710113525390625">
        <ele>46</ele>
        <time>2026-08-26T09:33:51.000Z</time>
        <extensions>
          <ns3:TrackPointExtension>
            <ns3:hr>149</ns3:hr>
            <ns3:cad>81</ns3:cad>
          </ns3:TrackPointExtension>
        </extensions>
      </trkpt>
      <trkpt lat="35.76589423231780529022216796875" lon="139.55224807374179363250732421875">
        <ele>46</ele>
        <time>2026-08-26T09:33:52.000Z</time>
        <extensions>
          <ns3:TrackPointExtension>
            <ns3:hr>149</ns3:hr>
            <ns3:cad>81</ns3:cad>
          </ns3:TrackPointExtension>
        </extensions>
      </trkpt>
      <trkpt lat="35.7659032009541988372802734375" lon="139.5522223412990570068359375">
        <ele>46</ele>
        <time>2026-08-26T09:33:53.000Z</time>
        <extensions>
          <ns3:TrackPointExtension>
            <ns3:hr>149</ns3:hr>
            <ns3:cad>82</ns3:cad>
          </ns3:TrackPointExtension>
        </extensions>
      </trkpt>
      <trkpt lat="35.7659135945141315460205078125" lon="139.5521987043321132659912109375">
        <ele>46</ele>
        <time>2026-08-26T09:33:54.000Z</time>
        <extensions>
          <ns3:TrackPointExtension>
            <ns3:hr>149</ns3:hr>
            <ns3:cad>82</ns3:cad>
          </ns3:TrackPointExtension>
        </extensions>
      </trkpt>
      <trkpt lat="35.7659223116934299468994140625" lon="139.552181102335453033447265625">
        <ele>46</ele>
        <time>2026-08-26T09:33:55.000Z</time>
        <extensions>
          <ns3:TrackPointExtension>
            <ns3:hr>149</ns3:hr>
            <ns3:cad>82</ns3:cad>
          </ns3:TrackPointExtension>
        </extensions>
      </trkpt>
      <trkpt lat="35.765935219824314117431640625" lon="139.55215905793011188507080078125">
        <ele>46</ele>
        <time>2026-08-26T09:33:56.000Z</time>
        <extensions>
          <ns3:TrackPointExtension>
            <ns3:hr>149</ns3:hr>
            <ns3:cad>81</ns3:cad>
          </ns3:TrackPointExtension>
        </extensions>
      </trkpt>
      <trkpt lat="35.765950977802276611328125" lon="139.55213357694447040557861328125">
        <ele>46</ele>
        <time>2026-08-26T09:33:57.000Z</time>
        <extensions>
          <ns3:TrackPointExtension>
            <ns3:hr>149</ns3:hr>
            <ns3:cad>81</ns3:cad>
          </ns3:TrackPointExtension>
        </extensions>
      </trkpt>
      <trkpt lat="35.7659591920673847198486328125" lon="139.5521192438900470733642578125">
        <ele>46</ele>
        <time>2026-08-26T09:33:58.000Z</time>
        <extensions>
          <ns3:TrackPointExtension>
            <ns3:hr>149</ns3:hr>
            <ns3:cad>82</ns3:cad>
          </ns3:TrackPointExtension>
        </extensions>
      </trkpt>
      <trkpt lat="35.7659752853214740753173828125" lon="139.5520971156656742095947265625">
        <ele>46</ele>
        <time>2026-08-26T09:33:59.000Z</time>
        <extensions>
          <ns3:TrackPointExtension>
            <ns3:hr>149</ns3:hr>
            <ns3:cad>83</ns3:cad>
          </ns3:TrackPointExtension>
        </extensions>
      </trkpt>
      <trkpt lat="35.7659850083291530609130859375" lon="139.552081860601902008056640625">
        <ele>46</ele>
        <time>2026-08-26T09:34:00.000Z</time>
        <extensions>
          <ns3:TrackPointExtension>
            <ns3:hr>149</ns3:hr>
            <ns3:cad>83</ns3:cad>
          </ns3:TrackPointExtension>
        </extensions>
      </trkpt>
      <trkpt lat="35.7659923844039440155029296875" lon="139.55206744372844696044921875">
        <ele>46</ele>
        <time>2026-08-26T09:34:01.000Z</time>
        <extensions>
          <ns3:TrackPointExtension>
            <ns3:hr>150</ns3:hr>
            <ns3:cad>82</ns3:cad>
          </ns3:TrackPointExtension>
        </extensions>
      </trkpt>
      <trkpt lat="35.76600286178290843963623046875" lon="139.55204975791275501251220703125">
        <ele>46</ele>
        <time>2026-08-26T09:34:02.000Z</time>
        <extensions>
          <ns3:TrackPointExtension>
            <ns3:hr>150</ns3:hr>
            <ns3:cad>82</ns3:cad>
          </ns3:TrackPointExtension>
        </extensions>
      </trkpt>
      <trkpt lat="35.7660091482102870941162109375" lon="139.5520300604403018951416015625">
        <ele>46</ele>
        <time>2026-08-26T09:34:03.000Z</time>
        <extensions>
          <ns3:TrackPointExtension>
            <ns3:hr>151</ns3:hr>
            <ns3:cad>82</ns3:cad>
          </ns3:TrackPointExtension>
        </extensions>
      </trkpt>
      <trkpt lat="35.7660178653895854949951171875" lon="139.5520156435668468475341796875">
        <ele>46</ele>
        <time>2026-08-26T09:34:04.000Z</time>
        <extensions>
          <ns3:TrackPointExtension>
            <ns3:hr>151</ns3:hr>
            <ns3:cad>81</ns3:cad>
          </ns3:TrackPointExtension>
        </extensions>
      </trkpt>
      <trkpt lat="35.766020715236663818359375" lon="139.551995359361171722412109375">
        <ele>46</ele>
        <time>2026-08-26T09:34:05.000Z</time>
        <extensions>
          <ns3:TrackPointExtension>
            <ns3:hr>151</ns3:hr>
            <ns3:cad>81</ns3:cad>
          </ns3:TrackPointExtension>
        </extensions>
      </trkpt>
      <trkpt lat="35.7660285942256450653076171875" lon="139.55195755697786808013916015625">
        <ele>46</ele>
        <time>2026-08-26T09:34:06.000Z</time>
        <extensions>
          <ns3:TrackPointExtension>
            <ns3:hr>151</ns3:hr>
            <ns3:cad>81</ns3:cad>
          </ns3:TrackPointExtension>
        </extensions>
      </trkpt>
      <trkpt lat="35.76603169552981853485107421875" lon="139.551920592784881591796875">
        <ele>46</ele>
        <time>2026-08-26T09:34:07.000Z</time>
        <extensions>
          <ns3:TrackPointExtension>
            <ns3:hr>151</ns3:hr>
            <ns3:cad>80</ns3:cad>
          </ns3:TrackPointExtension>
        </extensions>
      </trkpt>
      <trkpt lat="35.76603840105235576629638671875" lon="139.551894776523113250732421875">
        <ele>45.799999237060546875</ele>
        <time>2026-08-26T09:34:08.000Z</time>
        <extensions>
          <ns3:TrackPointExtension>
            <ns3:hr>151</ns3:hr>
            <ns3:cad>80</ns3:cad>
          </ns3:TrackPointExtension>
        </extensions>
      </trkpt>
      <trkpt lat="35.766051225364208221435546875" lon="139.55186753533780574798583984375">
        <ele>45.799999237060546875</ele>
        <time>2026-08-26T09:34:09.000Z</time>
        <extensions>
          <ns3:TrackPointExtension>
            <ns3:hr>151</ns3:hr>
            <ns3:cad>81</ns3:cad>
          </ns3:TrackPointExtension>
        </extensions>
      </trkpt>
      <trkpt lat="35.766065977513790130615234375" lon="139.5518402941524982452392578125">
        <ele>45.799999237060546875</ele>
        <time>2026-08-26T09:34:10.000Z</time>
        <extensions>
          <ns3:TrackPointExtension>
            <ns3:hr>151</ns3:hr>
            <ns3:cad>81</ns3:cad>
          </ns3:TrackPointExtension>
        </extensions>
      </trkpt>
      <trkpt lat="35.7660785503685474395751953125" lon="139.551820345222949981689453125">
        <ele>46</ele>
        <time>2026-08-26T09:34:11.000Z</time>
        <extensions>
          <ns3:TrackPointExtension>
            <ns3:hr>150</ns3:hr>
            <ns3:cad>81</ns3:cad>
          </ns3:TrackPointExtension>
        </extensions>
      </trkpt>
      <trkpt lat="35.766091458499431610107421875" lon="139.55180182121694087982177734375">
        <ele>45.799999237060546875</ele>
        <time>2026-08-26T09:34:12.000Z</time>
        <extensions>
          <ns3:TrackPointExtension>
            <ns3:hr>151</ns3:hr>
            <ns3:cad>81</ns3:cad>
          </ns3:TrackPointExtension>
        </extensions>
      </trkpt>
      <trkpt lat="35.76610327698290348052978515625" lon="139.55178338102996349334716796875">
        <ele>45.799999237060546875</ele>
        <time>2026-08-26T09:34:13.000Z</time>
        <extensions>
          <ns3:TrackPointExtension>
            <ns3:hr>151</ns3:hr>
            <ns3:cad>80</ns3:cad>
          </ns3:TrackPointExtension>
        </extensions>
      </trkpt>
      <trkpt lat="35.76611350290477275848388671875" lon="139.5517678745090961456298828125">
        <ele>45.799999237060546875</ele>
        <time>2026-08-26T09:34:14.000Z</time>
        <extensions>
          <ns3:TrackPointExtension>
            <ns3:hr>151</ns3:hr>
            <ns3:cad>80</ns3:cad>
          </ns3:TrackPointExtension>
        </extensions>
      </trkpt>
      <trkpt lat="35.76612171716988086700439453125" lon="139.55174650065600872039794921875">
        <ele>46</ele>
        <time>2026-08-26T09:34:15.000Z</time>
        <extensions>
          <ns3:TrackPointExtension>
            <ns3:hr>151</ns3:hr>
            <ns3:cad>80</ns3:cad>
          </ns3:TrackPointExtension>
        </extensions>
      </trkpt>
      <trkpt lat="35.766128338873386383056640625" lon="139.551730491220951080322265625">
        <ele>45.799999237060546875</ele>
        <time>2026-08-26T09:34:16.000Z</time>
        <extensions>
          <ns3:TrackPointExtension>
            <ns3:hr>151</ns3:hr>
            <ns3:cad>80</ns3:cad>
          </ns3:TrackPointExtension>
        </extensions>
      </trkpt>
      <trkpt lat="35.76613605022430419921875" lon="139.55171163193881511688232421875">
        <ele>45.799999237060546875</ele>
        <time>2026-08-26T09:34:17.000Z</time>
        <extensions>
          <ns3:TrackPointExtension>
            <ns3:hr>151</ns3:hr>
            <ns3:cad>80</ns3:cad>
          </ns3:TrackPointExtension>
        </extensions>
      </trkpt>
      <trkpt lat="35.766148455440998077392578125" lon="139.5516912639141082763671875">
        <ele>45.799999237060546875</ele>
        <time>2026-08-26T09:34:18.000Z</time>
        <extensions>
          <ns3:TrackPointExtension>
            <ns3:hr>151</ns3:hr>
            <ns3:cad>80</ns3:cad>
          </ns3:TrackPointExtension>
        </extensions>
      </trkpt>
      <trkpt lat="35.76615792699158191680908203125" lon="139.55167508684098720550537109375">
        <ele>45.799999237060546875</ele>
        <time>2026-08-26T09:34:19.000Z</time>
        <extensions>
          <ns3:TrackPointExtension>
            <ns3:hr>151</ns3:hr>
            <ns3:cad>81</ns3:cad>
          </ns3:TrackPointExtension>
        </extensions>
      </trkpt>
      <trkpt lat="35.76616815291345119476318359375" lon="139.55165706574916839599609375">
        <ele>45.799999237060546875</ele>
        <time>2026-08-26T09:34:20.000Z</time>
        <extensions>
          <ns3:TrackPointExtension>
            <ns3:hr>151</ns3:hr>
            <ns3:cad>81</ns3:cad>
          </ns3:TrackPointExtension>
        </extensions>
      </trkpt>
      <trkpt lat="35.76618189923465251922607421875" lon="139.55163384787738323211669921875">
        <ele>45.799999237060546875</ele>
        <time>2026-08-26T09:34:21.000Z</time>
        <extensions>
          <ns3:TrackPointExtension>
            <ns3:hr>151</ns3:hr>
            <ns3:cad>81</ns3:cad>
          </ns3:TrackPointExtension>
        </extensions>
      </trkpt>
      <trkpt lat="35.766192376613616943359375" lon="139.55161741934716701507568359375">
        <ele>45.799999237060546875</ele>
        <time>2026-08-26T09:34:22.000Z</time>
        <extensions>
          <ns3:TrackPointExtension>
            <ns3:hr>151</ns3:hr>
            <ns3:cad>82</ns3:cad>
          </ns3:TrackPointExtension>
        </extensions>
      </trkpt>
      <trkpt lat="35.76620168052613735198974609375" lon="139.55159512348473072052001953125">
        <ele>45.799999237060546875</ele>
        <time>2026-08-26T09:34:23.000Z</time>
        <extensions>
          <ns3:TrackPointExtension>
            <ns3:hr>151</ns3:hr>
            <ns3:cad>82</ns3:cad>
          </ns3:TrackPointExtension>
        </extensions>
      </trkpt>
      <trkpt lat="35.76620771549642086029052734375" lon="139.55157483927905559539794921875">
        <ele>45.799999237060546875</ele>
        <time>2026-08-26T09:34:24.000Z</time>
        <extensions>
          <ns3:TrackPointExtension>
            <ns3:hr>151</ns3:hr>
            <ns3:cad>82</ns3:cad>
          </ns3:TrackPointExtension>
        </extensions>
      </trkpt>
      <trkpt lat="35.76620821841061115264892578125" lon="139.5515626855194568634033203125">
        <ele>45.59999847412109375</ele>
        <time>2026-08-26T09:34:25.000Z</time>
        <extensions>
          <ns3:TrackPointExtension>
            <ns3:hr>151</ns3:hr>
            <ns3:cad>81</ns3:cad>
          </ns3:TrackPointExtension>
        </extensions>
      </trkpt>
      <trkpt lat="35.7662109844386577606201171875" lon="139.55155170522630214691162109375">
        <ele>45.59999847412109375</ele>
        <time>2026-08-26T09:34:26.000Z</time>
        <extensions>
          <ns3:TrackPointExtension>
            <ns3:hr>151</ns3:hr>
            <ns3:cad>80</ns3:cad>
          </ns3:TrackPointExtension>
        </extensions>
      </trkpt>
      <trkpt lat="35.76622146181762218475341796875" lon="139.55153712071478366851806640625">
        <ele>45.59999847412109375</ele>
        <time>2026-08-26T09:34:27.000Z</time>
        <extensions>
          <ns3:TrackPointExtension>
            <ns3:hr>151</ns3:hr>
            <ns3:cad>79</ns3:cad>
          </ns3:TrackPointExtension>
        </extensions>
      </trkpt>
      <trkpt lat="35.76623084954917430877685546875" lon="139.55151717178523540496826171875">
        <ele>45.59999847412109375</ele>
        <time>2026-08-26T09:34:28.000Z</time>
        <extensions>
          <ns3:TrackPointExtension>
            <ns3:hr>151</ns3:hr>
            <ns3:cad>79</ns3:cad>
          </ns3:TrackPointExtension>
        </extensions>
      </trkpt>
      <trkpt lat="35.766230933368206024169921875" lon="139.55149856396019458770751953125">
        <ele>45.59999847412109375</ele>
        <time>2026-08-26T09:34:29.000Z</time>
        <extensions>
          <ns3:TrackPointExtension>
            <ns3:hr>151</ns3:hr>
            <ns3:cad>79</ns3:cad>
          </ns3:TrackPointExtension>
        </extensions>
      </trkpt>
      <trkpt lat="35.76622531749308109283447265625" lon="139.551473669707775115966796875">
        <ele>45.59999847412109375</ele>
        <time>2026-08-26T09:34:30.000Z</time>
        <extensions>
          <ns3:TrackPointExtension>
            <ns3:hr>151</ns3:hr>
            <ns3:cad>79</ns3:cad>
          </ns3:TrackPointExtension>
        </extensions>
      </trkpt>
      <trkpt lat="35.76622867025434970855712890625" lon="139.55144894309341907501220703125">
        <ele>45.59999847412109375</ele>
        <time>2026-08-26T09:34:31.000Z</time>
        <extensions>
          <ns3:TrackPointExtension>
            <ns3:hr>151</ns3:hr>
            <ns3:cad>79</ns3:cad>
          </ns3:TrackPointExtension>
        </extensions>
      </trkpt>
      <trkpt lat="35.766224563121795654296875" lon="139.5514208637177944183349609375">
        <ele>45.59999847412109375</ele>
        <time>2026-08-26T09:34:32.000Z</time>
        <extensions>
          <ns3:TrackPointExtension>
            <ns3:hr>150</ns3:hr>
            <ns3:cad>80</ns3:cad>
          </ns3:TrackPointExtension>
        </extensions>
      </trkpt>
      <trkpt lat="35.76623051427304744720458984375" lon="139.5513962209224700927734375">
        <ele>45.59999847412109375</ele>
        <time>2026-08-26T09:34:33.000Z</time>
        <extensions>
          <ns3:TrackPointExtension>
            <ns3:hr>150</ns3:hr>
            <ns3:cad>80</ns3:cad>
          </ns3:TrackPointExtension>
        </extensions>
      </trkpt>
      <trkpt lat="35.7662404887378215789794921875" lon="139.551373086869716644287109375">
        <ele>45.59999847412109375</ele>
        <time>2026-08-26T09:34:34.000Z</time>
        <extensions>
          <ns3:TrackPointExtension>
            <ns3:hr>150</ns3:hr>
            <ns3:cad>80</ns3:cad>
          </ns3:TrackPointExtension>
        </extensions>
      </trkpt>
      <trkpt lat="35.76625281013548374176025390625" lon="139.55134651623666286468505859375">
        <ele>45.59999847412109375</ele>
        <time>2026-08-26T09:34:35.000Z</time>
        <extensions>
          <ns3:TrackPointExtension>
            <ns3:hr>150</ns3:hr>
            <ns3:cad>79</ns3:cad>
          </ns3:TrackPointExtension>
        </extensions>
      </trkpt>
      <trkpt lat="35.76626253314316272735595703125" lon="139.5513236336410045623779296875">
        <ele>45.59999847412109375</ele>
        <time>2026-08-26T09:34:36.000Z</time>
        <extensions>
          <ns3:TrackPointExtension>
            <ns3:hr>150</ns3:hr>
            <ns3:cad>79</ns3:cad>
          </ns3:TrackPointExtension>
        </extensions>
      </trkpt>
      <trkpt lat="35.76627259142696857452392578125" lon="139.5513011701405048370361328125">
        <ele>45.799999237060546875</ele>
        <time>2026-08-26T09:34:37.000Z</time>
        <extensions>
          <ns3:TrackPointExtension>
            <ns3:hr>150</ns3:hr>
            <ns3:cad>79</ns3:cad>
          </ns3:TrackPointExtension>
        </extensions>
      </trkpt>
      <trkpt lat="35.7662827335298061370849609375" lon="139.55128247849643230438232421875">
        <ele>45.799999237060546875</ele>
        <time>2026-08-26T09:34:38.000Z</time>
        <extensions>
          <ns3:TrackPointExtension>
            <ns3:hr>150</ns3:hr>
            <ns3:cad>81</ns3:cad>
          </ns3:TrackPointExtension>
        </extensions>
      </trkpt>
      <trkpt lat="35.7662988267838954925537109375" lon="139.5512632839381694793701171875">
        <ele>45.799999237060546875</ele>
        <time>2026-08-26T09:34:39.000Z</time>
        <extensions>
          <ns3:TrackPointExtension>
            <ns3:hr>150</ns3:hr>
            <ns3:cad>81</ns3:cad>
          </ns3:TrackPointExtension>
        </extensions>
      </trkpt>
      <trkpt lat="35.76631617732346057891845703125" lon="139.55124660395085811614990234375">
        <ele>46</ele>
        <time>2026-08-26T09:34:40.000Z</time>
        <extensions>
          <ns3:TrackPointExtension>
            <ns3:hr>150</ns3:hr>
            <ns3:cad>80</ns3:cad>
          </ns3:TrackPointExtension>
        </extensions>
      </trkpt>
      <trkpt lat="35.76632992364466190338134765625" lon="139.5512326061725616455078125">
        <ele>46</ele>
        <time>2026-08-26T09:34:41.000Z</time>
        <extensions>
          <ns3:TrackPointExtension>
            <ns3:hr>149</ns3:hr>
            <ns3:cad>80</ns3:cad>
          </ns3:TrackPointExtension>
        </extensions>
      </trkpt>
      <trkpt lat="35.7663434185087680816650390625" lon="139.55121944658458232879638671875">
        <ele>46</ele>
        <time>2026-08-26T09:34:42.000Z</time>
        <extensions>
          <ns3:TrackPointExtension>
            <ns3:hr>149</ns3:hr>
            <ns3:cad>81</ns3:cad>
          </ns3:TrackPointExtension>
        </extensions>
      </trkpt>
      <trkpt lat="35.7663761079311370849609375" lon="139.55120368860661983489990234375">
        <ele>46</ele>
        <time>2026-08-26T09:34:43.000Z</time>
        <extensions>
          <ns3:TrackPointExtension>
            <ns3:hr>149</ns3:hr>
            <ns3:cad>81</ns3:cad>
          </ns3:TrackPointExtension>
        </extensions>
      </trkpt>
      <trkpt lat="35.766391865909099578857421875" lon="139.55118675716221332550048828125">
        <ele>46</ele>
        <time>2026-08-26T09:34:44.000Z</time>
        <extensions>
          <ns3:TrackPointExtension>
            <ns3:hr>148</ns3:hr>
            <ns3:cad>80</ns3:cad>
          </ns3:TrackPointExtension>
        </extensions>
      </trkpt>
      <trkpt lat="35.76639831997454166412353515625" lon="139.55117569305002689361572265625">
        <ele>46</ele>
        <time>2026-08-26T09:34:45.000Z</time>
        <extensions>
          <ns3:TrackPointExtension>
            <ns3:hr>148</ns3:hr>
            <ns3:cad>80</ns3:cad>
          </ns3:TrackPointExtension>
        </extensions>
      </trkpt>
      <trkpt lat="35.76640485785901546478271484375" lon="139.55115507356822490692138671875">
        <ele>46</ele>
        <time>2026-08-26T09:34:46.000Z</time>
        <extensions>
          <ns3:TrackPointExtension>
            <ns3:hr>147</ns3:hr>
            <ns3:cad>80</ns3:cad>
          </ns3:TrackPointExtension>
        </extensions>
      </trkpt>
      <trkpt lat="35.766403265297412872314453125" lon="139.5511221326887607574462890625">
        <ele>46</ele>
        <time>2026-08-26T09:34:47.000Z</time>
        <extensions>
          <ns3:TrackPointExtension>
            <ns3:hr>147</ns3:hr>
            <ns3:cad>80</ns3:cad>
          </ns3:TrackPointExtension>
        </extensions>
      </trkpt>
      <trkpt lat="35.76640904881060123443603515625" lon="139.55108734779059886932373046875">
        <ele>46</ele>
        <time>2026-08-26T09:34:48.000Z</time>
        <extensions>
          <ns3:TrackPointExtension>
            <ns3:hr>147</ns3:hr>
            <ns3:cad>81</ns3:cad>
          </ns3:TrackPointExtension>
        </extensions>
      </trkpt>
      <trkpt lat="35.7664091326296329498291015625" lon="139.551069326698780059814453125">
        <ele>46</ele>
        <time>2026-08-26T09:34:49.000Z</time>
        <extensions>
          <ns3:TrackPointExtension>
            <ns3:hr>146</ns3:hr>
            <ns3:cad>81</ns3:cad>
          </ns3:TrackPointExtension>
        </extensions>
      </trkpt>
      <trkpt lat="35.76641541905701160430908203125" lon="139.55105097033083438873291015625">
        <ele>45.799999237060546875</ele>
        <time>2026-08-26T09:34:50.000Z</time>
        <extensions>
          <ns3:TrackPointExtension>
            <ns3:hr>146</ns3:hr>
            <ns3:cad>81</ns3:cad>
          </ns3:TrackPointExtension>
        </extensions>
      </trkpt>
      <trkpt lat="35.7664191909134387969970703125" lon="139.5510289259254932403564453125">
        <ele>45.799999237060546875</ele>
        <time>2026-08-26T09:34:51.000Z</time>
        <extensions>
          <ns3:TrackPointExtension>
            <ns3:hr>146</ns3:hr>
            <ns3:cad>80</ns3:cad>
          </ns3:TrackPointExtension>
        </extensions>
      </trkpt>
      <trkpt lat="35.76642648316919803619384765625" lon="139.5510014332830905914306640625">
        <ele>45.799999237060546875</ele>
        <time>2026-08-26T09:34:52.000Z</time>
        <extensions>
          <ns3:TrackPointExtension>
            <ns3:hr>145</ns3:hr>
            <ns3:cad>80</ns3:cad>
          </ns3:TrackPointExtension>
        </extensions>
      </trkpt>
      <trkpt lat="35.76642715372145175933837890625" lon="139.55098056234419345855712890625">
        <ele>45.799999237060546875</ele>
        <time>2026-08-26T09:34:53.000Z</time>
        <extensions>
          <ns3:TrackPointExtension>
            <ns3:hr>145</ns3:hr>
            <ns3:cad>81</ns3:cad>
          </ns3:TrackPointExtension>
        </extensions>
      </trkpt>
      <trkpt lat="35.76643067412078380584716796875" lon="139.55096245743334293365478515625">
        <ele>45.799999237060546875</ele>
        <time>2026-08-26T09:34:54.000Z</time>
        <extensions>
          <ns3:TrackPointExtension>
            <ns3:hr>145</ns3:hr>
            <ns3:cad>81</ns3:cad>
          </ns3:TrackPointExtension>
        </extensions>
      </trkpt>
      <trkpt lat="35.76644190587103366851806640625" lon="139.5509360544383525848388671875">
        <ele>45.799999237060546875</ele>
        <time>2026-08-26T09:34:55.000Z</time>
        <extensions>
          <ns3:TrackPointExtension>
            <ns3:hr>145</ns3:hr>
            <ns3:cad>81</ns3:cad>
          </ns3:TrackPointExtension>
        </extensions>
      </trkpt>
      <trkpt lat="35.7664413191378116607666015625" lon="139.55091283656656742095947265625">
        <ele>46</ele>
        <time>2026-08-26T09:34:56.000Z</time>
        <extensions>
          <ns3:TrackPointExtension>
            <ns3:hr>145</ns3:hr>
            <ns3:cad>81</ns3:cad>
          </ns3:TrackPointExtension>
        </extensions>
      </trkpt>
      <trkpt lat="35.7664393074810504913330078125" lon="139.55088366754353046417236328125">
        <ele>46</ele>
        <time>2026-08-26T09:34:57.000Z</time>
        <extensions>
          <ns3:TrackPointExtension>
            <ns3:hr>145</ns3:hr>
            <ns3:cad>80</ns3:cad>
          </ns3:TrackPointExtension>
        </extensions>
      </trkpt>
      <trkpt lat="35.76644274406135082244873046875" lon="139.55085818655788898468017578125">
        <ele>46</ele>
        <time>2026-08-26T09:34:58.000Z</time>
        <extensions>
          <ns3:TrackPointExtension>
            <ns3:hr>144</ns3:hr>
            <ns3:cad>80</ns3:cad>
          </ns3:TrackPointExtension>
        </extensions>
      </trkpt>
      <trkpt lat="35.76643846929073333740234375" lon="139.55083270557224750518798828125">
        <ele>46</ele>
        <time>2026-08-26T09:34:59.000Z</time>
        <extensions>
          <ns3:TrackPointExtension>
            <ns3:hr>144</ns3:hr>
            <ns3:cad>80</ns3:cad>
          </ns3:TrackPointExtension>
        </extensions>
      </trkpt>
      <trkpt lat="35.766440816223621368408203125" lon="139.55081074498593807220458984375">
        <ele>46</ele>
        <time>2026-08-26T09:35:00.000Z</time>
        <extensions>
          <ns3:TrackPointExtension>
            <ns3:hr>144</ns3:hr>
            <ns3:cad>81</ns3:cad>
          </ns3:TrackPointExtension>
        </extensions>
      </trkpt>
      <trkpt lat="35.7664450071752071380615234375" lon="139.550788365304470062255859375">
        <ele>46</ele>
        <time>2026-08-26T09:35:01.000Z</time>
        <extensions>
          <ns3:TrackPointExtension>
            <ns3:hr>143</ns3:hr>
            <ns3:cad>81</ns3:cad>
          </ns3:TrackPointExtension>
        </extensions>
      </trkpt>
      <trkpt lat="35.766446851193904876708984375" lon="139.55076682381331920623779296875">
        <ele>46</ele>
        <time>2026-08-26T09:35:02.000Z</time>
        <extensions>
          <ns3:TrackPointExtension>
            <ns3:hr>143</ns3:hr>
            <ns3:cad>81</ns3:cad>
          </ns3:TrackPointExtension>
        </extensions>
      </trkpt>
      <trkpt lat="35.766448862850666046142578125" lon="139.5507459528744220733642578125">
        <ele>46.200000762939453125</ele>
        <time>2026-08-26T09:35:03.000Z</time>
        <extensions>
          <ns3:TrackPointExtension>
            <ns3:hr>143</ns3:hr>
            <ns3:cad>82</ns3:cad>
          </ns3:TrackPointExtension>
        </extensions>
      </trkpt>
      <trkpt lat="35.76645447872579097747802734375" lon="139.55072508193552494049072265625">
        <ele>46.200000762939453125</ele>
        <time>2026-08-26T09:35:04.000Z</time>
        <extensions>
          <ns3:TrackPointExtension>
            <ns3:hr>143</ns3:hr>
            <ns3:cad>82</ns3:cad>
          </ns3:TrackPointExtension>
        </extensions>
      </trkpt>
      <trkpt lat="35.76646269299089908599853515625" lon="139.5507023669779300689697265625">
        <ele>46.200000762939453125</ele>
        <time>2026-08-26T09:35:05.000Z</time>
        <extensions>
          <ns3:TrackPointExtension>
            <ns3:hr>143</ns3:hr>
            <ns3:cad>82</ns3:cad>
          </ns3:TrackPointExtension>
        </extensions>
      </trkpt>
      <trkpt lat="35.76646403409540653228759765625" lon="139.55067671835422515869140625">
        <ele>46.200000762939453125</ele>
        <time>2026-08-26T09:35:06.000Z</time>
        <extensions>
          <ns3:TrackPointExtension>
            <ns3:hr>143</ns3:hr>
            <ns3:cad>82</ns3:cad>
          </ns3:TrackPointExtension>
        </extensions>
      </trkpt>
      <trkpt lat="35.766477026045322418212890625" lon="139.55063740722835063934326171875">
        <ele>46.200000762939453125</ele>
        <time>2026-08-26T09:35:07.000Z</time>
        <extensions>
          <ns3:TrackPointExtension>
            <ns3:hr>143</ns3:hr>
            <ns3:cad>82</ns3:cad>
          </ns3:TrackPointExtension>
        </extensions>
      </trkpt>
      <trkpt lat="35.76648004353046417236328125" lon="139.5506121776998043060302734375">
        <ele>46.200000762939453125</ele>
        <time>2026-08-26T09:35:08.000Z</time>
        <extensions>
          <ns3:TrackPointExtension>
            <ns3:hr>144</ns3:hr>
            <ns3:cad>82</ns3:cad>
          </ns3:TrackPointExtension>
        </extensions>
      </trkpt>
      <trkpt lat="35.76648540794849395751953125" lon="139.55058745108544826507568359375">
        <ele>46.200000762939453125</ele>
        <time>2026-08-26T09:35:09.000Z</time>
        <extensions>
          <ns3:TrackPointExtension>
            <ns3:hr>144</ns3:hr>
            <ns3:cad>82</ns3:cad>
          </ns3:TrackPointExtension>
        </extensions>
      </trkpt>
      <trkpt lat="35.7664916105568408966064453125" lon="139.55056582577526569366455078125">
        <ele>46.200000762939453125</ele>
        <time>2026-08-26T09:35:10.000Z</time>
        <extensions>
          <ns3:TrackPointExtension>
            <ns3:hr>144</ns3:hr>
            <ns3:cad>81</ns3:cad>
          </ns3:TrackPointExtension>
        </extensions>
      </trkpt>
      <trkpt lat="35.76648901216685771942138671875" lon="139.55054537393152713775634765625">
        <ele>46.200000762939453125</ele>
        <time>2026-08-26T09:35:11.000Z</time>
        <extensions>
          <ns3:TrackPointExtension>
            <ns3:hr>145</ns3:hr>
            <ns3:cad>81</ns3:cad>
          </ns3:TrackPointExtension>
        </extensions>
      </trkpt>
      <trkpt lat="35.766493789851665496826171875" lon="139.5505218207836151123046875">
        <ele>46</ele>
        <time>2026-08-26T09:35:12.000Z</time>
        <extensions>
          <ns3:TrackPointExtension>
            <ns3:hr>145</ns3:hr>
            <ns3:cad>81</ns3:cad>
          </ns3:TrackPointExtension>
        </extensions>
      </trkpt>
      <trkpt lat="35.76649487949907779693603515625" lon="139.55050094984471797943115234375">
        <ele>46</ele>
        <time>2026-08-26T09:35:13.000Z</time>
        <extensions>
          <ns3:TrackPointExtension>
            <ns3:hr>144</ns3:hr>
            <ns3:cad>81</ns3:cad>
          </ns3:TrackPointExtension>
        </extensions>
      </trkpt>
      <trkpt lat="35.76649387367069721221923828125" lon="139.55048049800097942352294921875">
        <ele>46</ele>
        <time>2026-08-26T09:35:14.000Z</time>
        <extensions>
          <ns3:TrackPointExtension>
            <ns3:hr>144</ns3:hr>
            <ns3:cad>81</ns3:cad>
          </ns3:TrackPointExtension>
        </extensions>
      </trkpt>
      <trkpt lat="35.76648272573947906494140625" lon="139.550465159118175506591796875">
        <ele>46</ele>
        <time>2026-08-26T09:35:15.000Z</time>
        <extensions>
          <ns3:TrackPointExtension>
            <ns3:hr>144</ns3:hr>
            <ns3:cad>81</ns3:cad>
          </ns3:TrackPointExtension>
        </extensions>
      </trkpt>
      <trkpt lat="35.7664738409221172332763671875" lon="139.5504488982260227203369140625">
        <ele>46</ele>
        <time>2026-08-26T09:35:16.000Z</time>
        <extensions>
          <ns3:TrackPointExtension>
            <ns3:hr>144</ns3:hr>
            <ns3:cad>81</ns3:cad>
          </ns3:TrackPointExtension>
        </extensions>
      </trkpt>
      <trkpt lat="35.76647333800792694091796875" lon="139.55043800175189971923828125">
        <ele>46</ele>
        <time>2026-08-26T09:35:17.000Z</time>
        <extensions>
          <ns3:TrackPointExtension>
            <ns3:hr>144</ns3:hr>
            <ns3:cad>81</ns3:cad>
          </ns3:TrackPointExtension>
        </extensions>
      </trkpt>
      <trkpt lat="35.76646839268505573272705078125" lon="139.55041444860398769378662109375">
        <ele>46</ele>
        <time>2026-08-26T09:35:18.000Z</time>
        <extensions>
          <ns3:TrackPointExtension>
            <ns3:hr>144</ns3:hr>
            <ns3:cad>81</ns3:cad>
          </ns3:TrackPointExtension>
        </extensions>
      </trkpt>
      <trkpt lat="35.76646738685667514801025390625" lon="139.55039785243570804595947265625">
        <ele>46</ele>
        <time>2026-08-26T09:35:19.000Z</time>
        <extensions>
          <ns3:TrackPointExtension>
            <ns3:hr>144</ns3:hr>
            <ns3:cad>80</ns3:cad>
          </ns3:TrackPointExtension>
        </extensions>
      </trkpt>
      <trkpt lat="35.76646420173346996307373046875" lon="139.55037362873554229736328125">
        <ele>46</ele>
        <time>2026-08-26T09:35:20.000Z</time>
        <extensions>
          <ns3:TrackPointExtension>
            <ns3:hr>144</ns3:hr>
            <ns3:cad>79</ns3:cad>
          </ns3:TrackPointExtension>
        </extensions>
      </trkpt>
      <trkpt lat="35.7664644531905651092529296875" lon="139.55035694874823093414306640625">
        <ele>46</ele>
        <time>2026-08-26T09:35:21.000Z</time>
        <extensions>
          <ns3:TrackPointExtension>
            <ns3:hr>143</ns3:hr>
            <ns3:cad>79</ns3:cad>
          </ns3:TrackPointExtension>
        </extensions>
      </trkpt>
      <trkpt lat="35.76646654866635799407958984375" lon="139.5503325574100017547607421875">
        <ele>46.200000762939453125</ele>
        <time>2026-08-26T09:35:22.000Z</time>
        <extensions>
          <ns3:TrackPointExtension>
            <ns3:hr>143</ns3:hr>
            <ns3:cad>77</ns3:cad>
          </ns3:TrackPointExtension>
        </extensions>
      </trkpt>
      <trkpt lat="35.76646520756185054779052734375" lon="139.55030447803437709808349609375">
        <ele>46.200000762939453125</ele>
        <time>2026-08-26T09:35:23.000Z</time>
        <extensions>
          <ns3:TrackPointExtension>
            <ns3:hr>143</ns3:hr>
            <ns3:cad>77</ns3:cad>
          </ns3:TrackPointExtension>
        </extensions>
      </trkpt>
      <trkpt lat="35.76645431108772754669189453125" lon="139.550288803875446319580078125">
        <ele>46.200000762939453125</ele>
        <time>2026-08-26T09:35:24.000Z</time>
        <extensions>
          <ns3:TrackPointExtension>
            <ns3:hr>143</ns3:hr>
            <ns3:cad>77</ns3:cad>
          </ns3:TrackPointExtension>
        </extensions>
      </trkpt>
      <trkpt lat="35.76643251813948154449462890625" lon="139.5502634905278682708740234375">
        <ele>46.200000762939453125</ele>
        <time>2026-08-26T09:35:25.000Z</time>
        <extensions>
          <ns3:TrackPointExtension>
            <ns3:hr>143</ns3:hr>
            <ns3:cad>79</ns3:cad>
          </ns3:TrackPointExtension>
        </extensions>
      </trkpt>
      <trkpt lat="35.76642639935016632080078125" lon="139.55024597235023975372314453125">
        <ele>46.200000762939453125</ele>
        <time>2026-08-26T09:35:26.000Z</time>
        <extensions>
          <ns3:TrackPointExtension>
            <ns3:hr>143</ns3:hr>
            <ns3:cad>79</ns3:cad>
          </ns3:TrackPointExtension>
        </extensions>
      </trkpt>
      <trkpt lat="35.76643033884465694427490234375" lon="139.55022334121167659759521484375">
        <ele>46.200000762939453125</ele>
        <time>2026-08-26T09:35:27.000Z</time>
        <extensions>
          <ns3:TrackPointExtension>
            <ns3:hr>143</ns3:hr>
            <ns3:cad>78</ns3:cad>
          </ns3:TrackPointExtension>
        </extensions>
      </trkpt>
      <trkpt lat="35.76642028056085109710693359375" lon="139.5501893945038318634033203125">
        <ele>46.200000762939453125</ele>
        <time>2026-08-26T09:35:28.000Z</time>
        <extensions>
          <ns3:TrackPointExtension>
            <ns3:hr>143</ns3:hr>
            <ns3:cad>79</ns3:cad>
          </ns3:TrackPointExtension>
        </extensions>
      </trkpt>
      <trkpt lat="35.76642128638923168182373046875" lon="139.5501682721078395843505859375">
        <ele>46.200000762939453125</ele>
        <time>2026-08-26T09:35:29.000Z</time>
        <extensions>
          <ns3:TrackPointExtension>
            <ns3:hr>143</ns3:hr>
            <ns3:cad>79</ns3:cad>
          </ns3:TrackPointExtension>
        </extensions>
      </trkpt>
      <trkpt lat="35.7664218731224536895751953125" lon="139.55015243031084537506103515625">
        <ele>46.200000762939453125</ele>
        <time>2026-08-26T09:35:30.000Z</time>
        <extensions>
          <ns3:TrackPointExtension>
            <ns3:hr>143</ns3:hr>
            <ns3:cad>80</ns3:cad>
          </ns3:TrackPointExtension>
        </extensions>
      </trkpt>
      <trkpt lat="35.7664171792566776275634765625" lon="139.55013834871351718902587890625">
        <ele>46</ele>
        <time>2026-08-26T09:35:31.000Z</time>
        <extensions>
          <ns3:TrackPointExtension>
            <ns3:hr>142</ns3:hr>
            <ns3:cad>82</ns3:cad>
          </ns3:TrackPointExtension>
        </extensions>
      </trkpt>
      <trkpt lat="35.76641701161861419677734375" lon="139.55011923797428607940673828125">
        <ele>46</ele>
        <time>2026-08-26T09:35:32.000Z</time>
        <extensions>
          <ns3:TrackPointExtension>
            <ns3:hr>142</ns3:hr>
            <ns3:cad>82</ns3:cad>
          </ns3:TrackPointExtension>
        </extensions>
      </trkpt>
      <trkpt lat="35.76641206629574298858642578125" lon="139.55009710974991321563720703125">
        <ele>46</ele>
        <time>2026-08-26T09:35:33.000Z</time>
        <extensions>
          <ns3:TrackPointExtension>
            <ns3:hr>142</ns3:hr>
            <ns3:cad>82</ns3:cad>
          </ns3:TrackPointExtension>
        </extensions>
      </trkpt>
      <trkpt lat="35.76640971936285495758056640625" lon="139.5500750653445720672607421875">
        <ele>46</ele>
        <time>2026-08-26T09:35:34.000Z</time>
        <extensions>
          <ns3:TrackPointExtension>
            <ns3:hr>142</ns3:hr>
            <ns3:cad>82</ns3:cad>
          </ns3:TrackPointExtension>
        </extensions>
      </trkpt>
      <trkpt lat="35.76640720479190349578857421875" lon="139.55005821771919727325439453125">
        <ele>46</ele>
        <time>2026-08-26T09:35:35.000Z</time>
        <extensions>
          <ns3:TrackPointExtension>
            <ns3:hr>142</ns3:hr>
            <ns3:cad>82</ns3:cad>
          </ns3:TrackPointExtension>
        </extensions>
      </trkpt>
      <trkpt lat="35.76640184037387371063232421875" lon="139.5500398613512516021728515625">
        <ele>46</ele>
        <time>2026-08-26T09:35:36.000Z</time>
        <extensions>
          <ns3:TrackPointExtension>
            <ns3:hr>142</ns3:hr>
            <ns3:cad>81</ns3:cad>
          </ns3:TrackPointExtension>
        </extensions>
      </trkpt>
      <trkpt lat="35.7663933746516704559326171875" lon="139.55001211725175380706787109375">
        <ele>46</ele>
        <time>2026-08-26T09:35:37.000Z</time>
        <extensions>
          <ns3:TrackPointExtension>
            <ns3:hr>141</ns3:hr>
            <ns3:cad>81</ns3:cad>
          </ns3:TrackPointExtension>
        </extensions>
      </trkpt>
      <trkpt lat="35.76638557948172092437744140625" lon="139.54998848028481006622314453125">
        <ele>46</ele>
        <time>2026-08-26T09:35:38.000Z</time>
        <extensions>
          <ns3:TrackPointExtension>
            <ns3:hr>141</ns3:hr>
            <ns3:cad>81</ns3:cad>
          </ns3:TrackPointExtension>
        </extensions>
      </trkpt>
      <trkpt lat="35.76637853868305683135986328125" lon="139.54996920190751552581787109375">
        <ele>45.799999237060546875</ele>
        <time>2026-08-26T09:35:39.000Z</time>
        <extensions>
          <ns3:TrackPointExtension>
            <ns3:hr>141</ns3:hr>
            <ns3:cad>81</ns3:cad>
          </ns3:TrackPointExtension>
        </extensions>
      </trkpt>
      <trkpt lat="35.76636982150375843048095703125" lon="139.5499503426253795623779296875">
        <ele>45.799999237060546875</ele>
        <time>2026-08-26T09:35:40.000Z</time>
        <extensions>
          <ns3:TrackPointExtension>
            <ns3:hr>141</ns3:hr>
            <ns3:cad>81</ns3:cad>
          </ns3:TrackPointExtension>
        </extensions>
      </trkpt>
      <trkpt lat="35.76635959558188915252685546875" lon="139.54992377199232578277587890625">
        <ele>46</ele>
        <time>2026-08-26T09:35:41.000Z</time>
        <extensions>
          <ns3:TrackPointExtension>
            <ns3:hr>142</ns3:hr>
            <ns3:cad>81</ns3:cad>
          </ns3:TrackPointExtension>
        </extensions>
      </trkpt>
      <trkpt lat="35.766350291669368743896484375" lon="139.5499074272811412811279296875">
        <ele>46</ele>
        <time>2026-08-26T09:35:42.000Z</time>
        <extensions>
          <ns3:TrackPointExtension>
            <ns3:hr>143</ns3:hr>
            <ns3:cad>82</ns3:cad>
          </ns3:TrackPointExtension>
        </extensions>
      </trkpt>
      <trkpt lat="35.76633797027170658111572265625" lon="139.5498809404671192169189453125">
        <ele>45.799999237060546875</ele>
        <time>2026-08-26T09:35:43.000Z</time>
        <extensions>
          <ns3:TrackPointExtension>
            <ns3:hr>143</ns3:hr>
            <ns3:cad>82</ns3:cad>
          </ns3:TrackPointExtension>
        </extensions>
      </trkpt>
      <trkpt lat="35.76633176766335964202880859375" lon="139.54985864460468292236328125">
        <ele>45.799999237060546875</ele>
        <time>2026-08-26T09:35:44.000Z</time>
        <extensions>
          <ns3:TrackPointExtension>
            <ns3:hr>143</ns3:hr>
            <ns3:cad>82</ns3:cad>
          </ns3:TrackPointExtension>
        </extensions>
      </trkpt>
      <trkpt lat="35.76632606796920299530029296875" lon="139.54983542673289775848388671875">
        <ele>45.799999237060546875</ele>
        <time>2026-08-26T09:35:45.000Z</time>
        <extensions>
          <ns3:TrackPointExtension>
            <ns3:hr>143</ns3:hr>
            <ns3:cad>82</ns3:cad>
          </ns3:TrackPointExtension>
        </extensions>
      </trkpt>
      <trkpt lat="35.7663199491798877716064453125" lon="139.5498175732791423797607421875">
        <ele>45.799999237060546875</ele>
        <time>2026-08-26T09:35:46.000Z</time>
        <extensions>
          <ns3:TrackPointExtension>
            <ns3:hr>143</ns3:hr>
            <ns3:cad>81</ns3:cad>
          </ns3:TrackPointExtension>
        </extensions>
      </trkpt>
      <trkpt lat="35.7663041912019252777099609375" lon="139.5497949421405792236328125">
        <ele>45.799999237060546875</ele>
        <time>2026-08-26T09:35:47.000Z</time>
        <extensions>
          <ns3:TrackPointExtension>
            <ns3:hr>143</ns3:hr>
            <ns3:cad>81</ns3:cad>
          </ns3:TrackPointExtension>
        </extensions>
      </trkpt>
      <trkpt lat="35.7662934623658657073974609375" lon="139.5497776754200458526611328125">
        <ele>46</ele>
        <time>2026-08-26T09:35:48.000Z</time>
        <extensions>
          <ns3:TrackPointExtension>
            <ns3:hr>144</ns3:hr>
            <ns3:cad>81</ns3:cad>
          </ns3:TrackPointExtension>
        </extensions>
      </trkpt>
      <trkpt lat="35.766280554234981536865234375" lon="139.549754373729228973388671875">
        <ele>46</ele>
        <time>2026-08-26T09:35:49.000Z</time>
        <extensions>
          <ns3:TrackPointExtension>
            <ns3:hr>144</ns3:hr>
            <ns3:cad>81</ns3:cad>
          </ns3:TrackPointExtension>
        </extensions>
      </trkpt>
      <trkpt lat="35.7662723399698734283447265625" lon="139.5497354306280612945556640625">
        <ele>46</ele>
        <time>2026-08-26T09:35:50.000Z</time>
        <extensions>
          <ns3:TrackPointExtension>
            <ns3:hr>144</ns3:hr>
            <ns3:cad>81</ns3:cad>
          </ns3:TrackPointExtension>
        </extensions>
      </trkpt>
      <trkpt lat="35.7662666402757167816162109375" lon="139.5497198402881622314453125">
        <ele>46</ele>
        <time>2026-08-26T09:35:51.000Z</time>
        <extensions>
          <ns3:TrackPointExtension>
            <ns3:hr>144</ns3:hr>
            <ns3:cad>81</ns3:cad>
          </ns3:TrackPointExtension>
        </extensions>
      </trkpt>
      <trkpt lat="35.7662580907344818115234375" lon="139.54969595186412334442138671875">
        <ele>46</ele>
        <time>2026-08-26T09:35:52.000Z</time>
        <extensions>
          <ns3:TrackPointExtension>
            <ns3:hr>144</ns3:hr>
            <ns3:cad>81</ns3:cad>
          </ns3:TrackPointExtension>
        </extensions>
      </trkpt>
      <trkpt lat="35.76625247485935688018798828125" lon="139.5496740750968456268310546875">
        <ele>46.200000762939453125</ele>
        <time>2026-08-26T09:35:53.000Z</time>
        <extensions>
          <ns3:TrackPointExtension>
            <ns3:hr>144</ns3:hr>
            <ns3:cad>81</ns3:cad>
          </ns3:TrackPointExtension>
        </extensions>
      </trkpt>
      <trkpt lat="35.76624576933681964874267578125" lon="139.5496583171188831329345703125">
        <ele>46.200000762939453125</ele>
        <time>2026-08-26T09:35:54.000Z</time>
        <extensions>
          <ns3:TrackPointExtension>
            <ns3:hr>144</ns3:hr>
            <ns3:cad>81</ns3:cad>
          </ns3:TrackPointExtension>
        </extensions>
      </trkpt>
      <trkpt lat="35.7662311010062694549560546875" lon="139.54963258467614650726318359375">
        <ele>46.200000762939453125</ele>
        <time>2026-08-26T09:35:55.000Z</time>
        <extensions>
          <ns3:TrackPointExtension>
            <ns3:hr>144</ns3:hr>
            <ns3:cad>81</ns3:cad>
          </ns3:TrackPointExtension>
        </extensions>
      </trkpt>
      <trkpt lat="35.7662151753902435302734375" lon="139.54961280338466167449951171875">
        <ele>46.200000762939453125</ele>
        <time>2026-08-26T09:35:56.000Z</time>
        <extensions>
          <ns3:TrackPointExtension>
            <ns3:hr>144</ns3:hr>
            <ns3:cad>81</ns3:cad>
          </ns3:TrackPointExtension>
        </extensions>
      </trkpt>
      <trkpt lat="35.7662046141922473907470703125" lon="139.54959352500736713409423828125">
        <ele>46.200000762939453125</ele>
        <time>2026-08-26T09:35:57.000Z</time>
        <extensions>
          <ns3:TrackPointExtension>
            <ns3:hr>144</ns3:hr>
            <ns3:cad>81</ns3:cad>
          </ns3:TrackPointExtension>
        </extensions>
      </trkpt>
      <trkpt lat="35.76619262807071208953857421875" lon="139.54957223497331142425537109375">
        <ele>46.200000762939453125</ele>
        <time>2026-08-26T09:35:58.000Z</time>
        <extensions>
          <ns3:TrackPointExtension>
            <ns3:hr>144</ns3:hr>
            <ns3:cad>80</ns3:cad>
          </ns3:TrackPointExtension>
        </extensions>
      </trkpt>
      <trkpt lat="35.76617955230176448822021484375" lon="139.54955278895795345306396484375">
        <ele>46.200000762939453125</ele>
        <time>2026-08-26T09:35:59.000Z</time>
        <extensions>
          <ns3:TrackPointExtension>
            <ns3:hr>144</ns3:hr>
            <ns3:cad>80</ns3:cad>
          </ns3:TrackPointExtension>
        </extensions>
      </trkpt>
      <trkpt lat="35.7661660574376583099365234375" lon="139.549535103142261505126953125">
        <ele>46.200000762939453125</ele>
        <time>2026-08-26T09:36:00.000Z</time>
        <extensions>
          <ns3:TrackPointExtension>
            <ns3:hr>144</ns3:hr>
            <ns3:cad>81</ns3:cad>
          </ns3:TrackPointExtension>
        </extensions>
      </trkpt>
      <trkpt lat="35.766149125993251800537109375" lon="139.54951808787882328033447265625">
        <ele>46</ele>
        <time>2026-08-26T09:36:01.000Z</time>
        <extensions>
          <ns3:TrackPointExtension>
            <ns3:hr>144</ns3:hr>
            <ns3:cad>81</ns3:cad>
          </ns3:TrackPointExtension>
        </extensions>
      </trkpt>
      <trkpt lat="35.76613026671111583709716796875" lon="139.5495052635669708251953125">
        <ele>46</ele>
        <time>2026-08-26T09:36:02.000Z</time>
        <extensions>
          <ns3:TrackPointExtension>
            <ns3:hr>144</ns3:hr>
            <ns3:cad>80</ns3:cad>
          </ns3:TrackPointExtension>
        </extensions>
      </trkpt>
      <trkpt lat="35.76612004078924655914306640625" lon="139.549488835036754608154296875">
        <ele>46</ele>
        <time>2026-08-26T09:36:03.000Z</time>
        <extensions>
          <ns3:TrackPointExtension>
            <ns3:hr>144</ns3:hr>
            <ns3:cad>80</ns3:cad>
          </ns3:TrackPointExtension>
        </extensions>
      </trkpt>
      <trkpt lat="35.7661033608019351959228515625" lon="139.5494759269058704376220703125">
        <ele>46</ele>
        <time>2026-08-26T09:36:04.000Z</time>
        <extensions>
          <ns3:TrackPointExtension>
            <ns3:hr>144</ns3:hr>
            <ns3:cad>80</ns3:cad>
          </ns3:TrackPointExtension>
        </extensions>
      </trkpt>
      <trkpt lat="35.76608718372881412506103515625" lon="139.549462012946605682373046875">
        <ele>46</ele>
        <time>2026-08-26T09:36:05.000Z</time>
        <extensions>
          <ns3:TrackPointExtension>
            <ns3:hr>144</ns3:hr>
            <ns3:cad>80</ns3:cad>
          </ns3:TrackPointExtension>
        </extensions>
      </trkpt>
      <trkpt lat="35.7660738565027713775634765625" lon="139.5494507811963558197021484375">
        <ele>46</ele>
        <time>2026-08-26T09:36:06.000Z</time>
        <extensions>
          <ns3:TrackPointExtension>
            <ns3:hr>144</ns3:hr>
            <ns3:cad>81</ns3:cad>
          </ns3:TrackPointExtension>
        </extensions>
      </trkpt>
      <trkpt lat="35.766059271991252899169921875" lon="139.5494273118674755096435546875">
        <ele>46</ele>
        <time>2026-08-26T09:36:07.000Z</time>
        <extensions>
          <ns3:TrackPointExtension>
            <ns3:hr>144</ns3:hr>
            <ns3:cad>81</ns3:cad>
          </ns3:TrackPointExtension>
        </extensions>
      </trkpt>
      <trkpt lat="35.7660450227558612823486328125" lon="139.54940962605178356170654296875">
        <ele>46</ele>
        <time>2026-08-26T09:36:08.000Z</time>
        <extensions>
          <ns3:TrackPointExtension>
            <ns3:hr>144</ns3:hr>
            <ns3:cad>82</ns3:cad>
          </ns3:TrackPointExtension>
        </extensions>
      </trkpt>
      <trkpt lat="35.766031108796596527099609375" lon="139.5493961311876773834228515625">
        <ele>46</ele>
        <time>2026-08-26T09:36:09.000Z</time>
        <extensions>
          <ns3:TrackPointExtension>
            <ns3:hr>144</ns3:hr>
            <ns3:cad>82</ns3:cad>
          </ns3:TrackPointExtension>
        </extensions>
      </trkpt>
      <trkpt lat="35.76601392589509487152099609375" lon="139.549384228885173797607421875">
        <ele>46</ele>
        <time>2026-08-26T09:36:10.000Z</time>
        <extensions>
          <ns3:TrackPointExtension>
            <ns3:hr>144</ns3:hr>
            <ns3:cad>82</ns3:cad>
          </ns3:TrackPointExtension>
        </extensions>
      </trkpt>
      <trkpt lat="35.7659943960607051849365234375" lon="139.5493679679930210113525390625">
        <ele>46</ele>
        <time>2026-08-26T09:36:11.000Z</time>
        <extensions>
          <ns3:TrackPointExtension>
            <ns3:hr>144</ns3:hr>
            <ns3:cad>82</ns3:cad>
          </ns3:TrackPointExtension>
        </extensions>
      </trkpt>
      <trkpt lat="35.76598425395786762237548828125" lon="139.549354054033756256103515625">
        <ele>46</ele>
        <time>2026-08-26T09:36:12.000Z</time>
        <extensions>
          <ns3:TrackPointExtension>
            <ns3:hr>144</ns3:hr>
            <ns3:cad>82</ns3:cad>
          </ns3:TrackPointExtension>
        </extensions>
      </trkpt>
      <trkpt lat="35.76596832834184169769287109375" lon="139.54933720640838146209716796875">
        <ele>46</ele>
        <time>2026-08-26T09:36:13.000Z</time>
        <extensions>
          <ns3:TrackPointExtension>
            <ns3:hr>145</ns3:hr>
            <ns3:cad>81</ns3:cad>
          </ns3:TrackPointExtension>
        </extensions>
      </trkpt>
      <trkpt lat="35.7659588567912578582763671875" lon="139.54932220280170440673828125">
        <ele>46</ele>
        <time>2026-08-26T09:36:14.000Z</time>
        <extensions>
          <ns3:TrackPointExtension>
            <ns3:hr>145</ns3:hr>
            <ns3:cad>81</ns3:cad>
          </ns3:TrackPointExtension>
        </extensions>
      </trkpt>
      <trkpt lat="35.76595039106905460357666015625" lon="139.5493089593946933746337890625">
        <ele>46</ele>
        <time>2026-08-26T09:36:15.000Z</time>
        <extensions>
          <ns3:TrackPointExtension>
            <ns3:hr>146</ns3:hr>
            <ns3:cad>82</ns3:cad>
          </ns3:TrackPointExtension>
        </extensions>
      </trkpt>
      <trkpt lat="35.76593647710978984832763671875" lon="139.54929672181606292724609375">
        <ele>46</ele>
        <time>2026-08-26T09:36:16.000Z</time>
        <extensions>
          <ns3:TrackPointExtension>
            <ns3:hr>146</ns3:hr>
            <ns3:cad>82</ns3:cad>
          </ns3:TrackPointExtension>
        </extensions>
      </trkpt>
      <trkpt lat="35.7659176178276538848876953125" lon="139.549286998808383941650390625">
        <ele>46</ele>
        <time>2026-08-26T09:36:17.000Z</time>
        <extensions>
          <ns3:TrackPointExtension>
            <ns3:hr>147</ns3:hr>
            <ns3:cad>81</ns3:cad>
          </ns3:TrackPointExtension>
        </extensions>
      </trkpt>
      <trkpt lat="35.7658986747264862060546875" lon="139.54927752725780010223388671875">
        <ele>46</ele>
        <time>2026-08-26T09:36:18.000Z</time>
        <extensions>
          <ns3:TrackPointExtension>
            <ns3:hr>148</ns3:hr>
            <ns3:cad>80</ns3:cad>
          </ns3:TrackPointExtension>
        </extensions>
      </trkpt>
      <trkpt lat="35.765879563987255096435546875" lon="139.54926989972591400146484375">
        <ele>46.200000762939453125</ele>
        <time>2026-08-26T09:36:19.000Z</time>
        <extensions>
          <ns3:TrackPointExtension>
            <ns3:hr>149</ns3:hr>
            <ns3:cad>80</ns3:cad>
          </ns3:TrackPointExtension>
        </extensions>
      </trkpt>
      <trkpt lat="35.76586070470511913299560546875" lon="139.5492586679756641387939453125">
        <ele>46.200000762939453125</ele>
        <time>2026-08-26T09:36:20.000Z</time>
        <extensions>
          <ns3:TrackPointExtension>
            <ns3:hr>149</ns3:hr>
            <ns3:cad>81</ns3:cad>
          </ns3:TrackPointExtension>
        </extensions>
      </trkpt>
      <trkpt lat="35.76584377326071262359619140625" lon="139.54924819059669971466064453125">
        <ele>46.200000762939453125</ele>
        <time>2026-08-26T09:36:21.000Z</time>
        <extensions>
          <ns3:TrackPointExtension>
            <ns3:hr>149</ns3:hr>
            <ns3:cad>82</ns3:cad>
          </ns3:TrackPointExtension>
        </extensions>
      </trkpt>
      <trkpt lat="35.76582466252148151397705078125" lon="139.54924450255930423736572265625">
        <ele>46.200000762939453125</ele>
        <time>2026-08-26T09:36:22.000Z</time>
        <extensions>
          <ns3:TrackPointExtension>
            <ns3:hr>150</ns3:hr>
            <ns3:cad>82</ns3:cad>
          </ns3:TrackPointExtension>
        </extensions>
      </trkpt>
      <trkpt lat="35.76580588705837726593017578125" lon="139.54924215562641620635986328125">
        <ele>46.200000762939453125</ele>
        <time>2026-08-26T09:36:23.000Z</time>
        <extensions>
          <ns3:TrackPointExtension>
            <ns3:hr>150</ns3:hr>
            <ns3:cad>82</ns3:cad>
          </ns3:TrackPointExtension>
        </extensions>
      </trkpt>
      <trkpt lat="35.7657895423471927642822265625" lon="139.54923444427549839019775390625">
        <ele>46.200000762939453125</ele>
        <time>2026-08-26T09:36:24.000Z</time>
        <extensions>
          <ns3:TrackPointExtension>
            <ns3:hr>150</ns3:hr>
            <ns3:cad>82</ns3:cad>
          </ns3:TrackPointExtension>
        </extensions>
      </trkpt>
      <trkpt lat="35.7657704316079616546630859375" lon="139.54922405071556568145751953125">
        <ele>46.200000762939453125</ele>
        <time>2026-08-26T09:36:25.000Z</time>
        <extensions>
          <ns3:TrackPointExtension>
            <ns3:hr>150</ns3:hr>
            <ns3:cad>82</ns3:cad>
          </ns3:TrackPointExtension>
        </extensions>
      </trkpt>
      <trkpt lat="35.76574922539293766021728515625" lon="139.5492100529372692108154296875">
        <ele>46.200000762939453125</ele>
        <time>2026-08-26T09:36:26.000Z</time>
        <extensions>
          <ns3:TrackPointExtension>
            <ns3:hr>150</ns3:hr>
            <ns3:cad>81</ns3:cad>
          </ns3:TrackPointExtension>
        </extensions>
      </trkpt>
      <trkpt lat="35.76573279686272144317626953125" lon="139.54919421114027500152587890625">
        <ele>46.200000762939453125</ele>
        <time>2026-08-26T09:36:27.000Z</time>
        <extensions>
          <ns3:TrackPointExtension>
            <ns3:hr>150</ns3:hr>
            <ns3:cad>81</ns3:cad>
          </ns3:TrackPointExtension>
        </extensions>
      </trkpt>
      <trkpt lat="35.76571485958993434906005859375" lon="139.549173675477504730224609375">
        <ele>46.200000762939453125</ele>
        <time>2026-08-26T09:36:28.000Z</time>
        <extensions>
          <ns3:TrackPointExtension>
            <ns3:hr>150</ns3:hr>
            <ns3:cad>81</ns3:cad>
          </ns3:TrackPointExtension>
        </extensions>
      </trkpt>
      <trkpt lat="35.7656990177929401397705078125" lon="139.54915096051990985870361328125">
        <ele>46.200000762939453125</ele>
        <time>2026-08-26T09:36:29.000Z</time>
        <extensions>
          <ns3:TrackPointExtension>
            <ns3:hr>150</ns3:hr>
            <ns3:cad>81</ns3:cad>
          </ns3:TrackPointExtension>
        </extensions>
      </trkpt>
      <trkpt lat="35.76567697338759899139404296875" lon="139.54913486726582050323486328125">
        <ele>46.200000762939453125</ele>
        <time>2026-08-26T09:36:30.000Z</time>
        <extensions>
          <ns3:TrackPointExtension>
            <ns3:hr>150</ns3:hr>
            <ns3:cad>81</ns3:cad>
          </ns3:TrackPointExtension>
        </extensions>
      </trkpt>
      <trkpt lat="35.76566171832382678985595703125" lon="139.5491225458681583404541015625">
        <ele>46.200000762939453125</ele>
        <time>2026-08-26T09:36:31.000Z</time>
        <extensions>
          <ns3:TrackPointExtension>
            <ns3:hr>150</ns3:hr>
            <ns3:cad>81</ns3:cad>
          </ns3:TrackPointExtension>
        </extensions>
      </trkpt>
      <trkpt lat="35.76564319431781768798828125" lon="139.54911022447049617767333984375">
        <ele>46.200000762939453125</ele>
        <time>2026-08-26T09:36:32.000Z</time>
        <extensions>
          <ns3:TrackPointExtension>
            <ns3:hr>150</ns3:hr>
            <ns3:cad>81</ns3:cad>
          </ns3:TrackPointExtension>
        </extensions>
      </trkpt>
      <trkpt lat="35.76562399975955486297607421875" lon="139.549101926386356353759765625">
        <ele>46.200000762939453125</ele>
        <time>2026-08-26T09:36:33.000Z</time>
        <extensions>
          <ns3:TrackPointExtension>
            <ns3:hr>150</ns3:hr>
            <ns3:cad>81</ns3:cad>
          </ns3:TrackPointExtension>
        </extensions>
      </trkpt>
      <trkpt lat="35.76560832560062408447265625" lon="139.54909245483577251434326171875">
        <ele>46.200000762939453125</ele>
        <time>2026-08-26T09:36:34.000Z</time>
        <extensions>
          <ns3:TrackPointExtension>
            <ns3:hr>150</ns3:hr>
            <ns3:cad>81</ns3:cad>
          </ns3:TrackPointExtension>
        </extensions>
      </trkpt>
      <trkpt lat="35.76559583656489849090576171875" lon="139.5490836538374423980712890625">
        <ele>46.200000762939453125</ele>
        <time>2026-08-26T09:36:35.000Z</time>
        <extensions>
          <ns3:TrackPointExtension>
            <ns3:hr>150</ns3:hr>
            <ns3:cad>81</ns3:cad>
          </ns3:TrackPointExtension>
        </extensions>
      </trkpt>
      <trkpt lat="35.76558544300496578216552734375" lon="139.54907451756298542022705078125">
        <ele>46.200000762939453125</ele>
        <time>2026-08-26T09:36:36.000Z</time>
        <extensions>
          <ns3:TrackPointExtension>
            <ns3:hr>150</ns3:hr>
            <ns3:cad>81</ns3:cad>
          </ns3:TrackPointExtension>
        </extensions>
      </trkpt>
      <trkpt lat="35.76557613909244537353515625" lon="139.54906680621206760406494140625">
        <ele>46.200000762939453125</ele>
        <time>2026-08-26T09:36:37.000Z</time>
        <extensions>
          <ns3:TrackPointExtension>
            <ns3:hr>150</ns3:hr>
            <ns3:cad>81</ns3:cad>
          </ns3:TrackPointExtension>
        </extensions>
      </trkpt>
      <trkpt lat="35.76556029729545116424560546875" lon="139.54904459416866302490234375">
        <ele>46.200000762939453125</ele>
        <time>2026-08-26T09:36:38.000Z</time>
        <extensions>
          <ns3:TrackPointExtension>
            <ns3:hr>150</ns3:hr>
            <ns3:cad>81</ns3:cad>
          </ns3:TrackPointExtension>
        </extensions>
      </trkpt>
      <trkpt lat="35.76555040664970874786376953125" lon="139.549034200608730316162109375">
        <ele>46.200000762939453125</ele>
        <time>2026-08-26T09:36:39.000Z</time>
        <extensions>
          <ns3:TrackPointExtension>
            <ns3:hr>150</ns3:hr>
            <ns3:cad>81</ns3:cad>
          </ns3:TrackPointExtension>
        </extensions>
      </trkpt>
      <trkpt lat="35.7655367441475391387939453125" lon="139.549020789563655853271484375">
        <ele>46.200000762939453125</ele>
        <time>2026-08-26T09:36:40.000Z</time>
        <extensions>
          <ns3:TrackPointExtension>
            <ns3:hr>150</ns3:hr>
            <ns3:cad>81</ns3:cad>
          </ns3:TrackPointExtension>
        </extensions>
      </trkpt>
      <trkpt lat="35.7655223272740840911865234375" lon="139.54900813288986682891845703125">
        <ele>46.200000762939453125</ele>
        <time>2026-08-26T09:36:41.000Z</time>
        <extensions>
          <ns3:TrackPointExtension>
            <ns3:hr>150</ns3:hr>
            <ns3:cad>81</ns3:cad>
          </ns3:TrackPointExtension>
        </extensions>
      </trkpt>
      <trkpt lat="35.76550262980163097381591796875" lon="139.5489951409399509429931640625">
        <ele>46.200000762939453125</ele>
        <time>2026-08-26T09:36:42.000Z</time>
        <extensions>
          <ns3:TrackPointExtension>
            <ns3:hr>150</ns3:hr>
            <ns3:cad>81</ns3:cad>
          </ns3:TrackPointExtension>
        </extensions>
      </trkpt>
      <trkpt lat="35.76548083685338497161865234375" lon="139.54897477291524410247802734375">
        <ele>46.200000762939453125</ele>
        <time>2026-08-26T09:36:43.000Z</time>
        <extensions>
          <ns3:TrackPointExtension>
            <ns3:hr>150</ns3:hr>
            <ns3:cad>80</ns3:cad>
          </ns3:TrackPointExtension>
        </extensions>
      </trkpt>
      <trkpt lat="35.7654649950563907623291015625" lon="139.54896538518369197845458984375">
        <ele>46</ele>
        <time>2026-08-26T09:36:44.000Z</time>
        <extensions>
          <ns3:TrackPointExtension>
            <ns3:hr>150</ns3:hr>
            <ns3:cad>79</ns3:cad>
          </ns3:TrackPointExtension>
        </extensions>
      </trkpt>
      <trkpt lat="35.7654532603919506072998046875" lon="139.548960439860820770263671875">
        <ele>46</ele>
        <time>2026-08-26T09:36:45.000Z</time>
        <extensions>
          <ns3:TrackPointExtension>
            <ns3:hr>150</ns3:hr>
            <ns3:cad>79</ns3:cad>
          </ns3:TrackPointExtension>
        </extensions>
      </trkpt>
      <trkpt lat="35.76543507166206836700439453125" lon="139.5489492081105709075927734375">
        <ele>46</ele>
        <time>2026-08-26T09:36:46.000Z</time>
        <extensions>
          <ns3:TrackPointExtension>
            <ns3:hr>150</ns3:hr>
            <ns3:cad>81</ns3:cad>
          </ns3:TrackPointExtension>
        </extensions>
      </trkpt>
      <trkpt lat="35.76542316935956478118896484375" lon="139.54894158057868480682373046875">
        <ele>46</ele>
        <time>2026-08-26T09:36:47.000Z</time>
        <extensions>
          <ns3:TrackPointExtension>
            <ns3:hr>150</ns3:hr>
            <ns3:cad>81</ns3:cad>
          </ns3:TrackPointExtension>
        </extensions>
      </trkpt>
      <trkpt lat="35.765409171581268310546875" lon="139.5489361323416233062744140625">
        <ele>46</ele>
        <time>2026-08-26T09:36:48.000Z</time>
        <extensions>
          <ns3:TrackPointExtension>
            <ns3:hr>149</ns3:hr>
            <ns3:cad>81</ns3:cad>
          </ns3:TrackPointExtension>
        </extensions>
      </trkpt>
      <trkpt lat="35.76538997702300548553466796875" lon="139.54892498441040515899658203125">
        <ele>46</ele>
        <time>2026-08-26T09:36:49.000Z</time>
        <extensions>
          <ns3:TrackPointExtension>
            <ns3:hr>149</ns3:hr>
            <ns3:cad>80</ns3:cad>
          </ns3:TrackPointExtension>
        </extensions>
      </trkpt>
      <trkpt lat="35.7653714530169963836669921875" lon="139.54891492612659931182861328125">
        <ele>46</ele>
        <time>2026-08-26T09:36:50.000Z</time>
        <extensions>
          <ns3:TrackPointExtension>
            <ns3:hr>149</ns3:hr>
            <ns3:cad>80</ns3:cad>
          </ns3:TrackPointExtension>
        </extensions>
      </trkpt>
      <trkpt lat="35.76535896398127079010009765625" lon="139.54890780150890350341796875">
        <ele>46</ele>
        <time>2026-08-26T09:36:51.000Z</time>
        <extensions>
          <ns3:TrackPointExtension>
            <ns3:hr>149</ns3:hr>
            <ns3:cad>80</ns3:cad>
          </ns3:TrackPointExtension>
        </extensions>
      </trkpt>
      <trkpt lat="35.7653426192700862884521484375" lon="139.5488952286541461944580078125">
        <ele>46</ele>
        <time>2026-08-26T09:36:52.000Z</time>
        <extensions>
          <ns3:TrackPointExtension>
            <ns3:hr>149</ns3:hr>
            <ns3:cad>80</ns3:cad>
          </ns3:TrackPointExtension>
        </extensions>
      </trkpt>
      <trkpt lat="35.76532962732017040252685546875" lon="139.548883996903896331787109375">
        <ele>46</ele>
        <time>2026-08-26T09:36:53.000Z</time>
        <extensions>
          <ns3:TrackPointExtension>
            <ns3:hr>149</ns3:hr>
            <ns3:cad>80</ns3:cad>
          </ns3:TrackPointExtension>
        </extensions>
      </trkpt>
      <trkpt lat="35.7653168030083179473876953125" lon="139.548876620829105377197265625">
        <ele>46</ele>
        <time>2026-08-26T09:36:54.000Z</time>
        <extensions>
          <ns3:TrackPointExtension>
            <ns3:hr>148</ns3:hr>
            <ns3:cad>79</ns3:cad>
          </ns3:TrackPointExtension>
        </extensions>
      </trkpt>
      <trkpt lat="35.76530523598194122314453125" lon="139.5488687418401241302490234375">
        <ele>46</ele>
        <time>2026-08-26T09:36:55.000Z</time>
        <extensions>
          <ns3:TrackPointExtension>
            <ns3:hr>148</ns3:hr>
            <ns3:cad>79</ns3:cad>
          </ns3:TrackPointExtension>
        </extensions>
      </trkpt>
      <trkpt lat="35.76529241167008876800537109375" lon="139.5488606952130794525146484375">
        <ele>46</ele>
        <time>2026-08-26T09:36:56.000Z</time>
        <extensions>
          <ns3:TrackPointExtension>
            <ns3:hr>148</ns3:hr>
            <ns3:cad>79</ns3:cad>
          </ns3:TrackPointExtension>
        </extensions>
      </trkpt>
      <trkpt lat="35.76528185047209262847900390625" lon="139.5488529838621616363525390625">
        <ele>46</ele>
        <time>2026-08-26T09:36:57.000Z</time>
        <extensions>
          <ns3:TrackPointExtension>
            <ns3:hr>148</ns3:hr>
            <ns3:cad>80</ns3:cad>
          </ns3:TrackPointExtension>
        </extensions>
      </trkpt>
      <trkpt lat="35.765274725854396820068359375" lon="139.5488489605486392974853515625">
        <ele>46</ele>
        <time>2026-08-26T09:36:58.000Z</time>
        <extensions>
          <ns3:TrackPointExtension>
            <ns3:hr>148</ns3:hr>
            <ns3:cad>80</ns3:cad>
          </ns3:TrackPointExtension>
        </extensions>
      </trkpt>
      <trkpt lat="35.76526139862835407257080078125" lon="139.548845775425434112548828125">
        <ele>46</ele>
        <time>2026-08-26T09:36:59.000Z</time>
        <extensions>
          <ns3:TrackPointExtension>
            <ns3:hr>148</ns3:hr>
            <ns3:cad>80</ns3:cad>
          </ns3:TrackPointExtension>
        </extensions>
      </trkpt>
      <trkpt lat="35.76524698175489902496337890625" lon="139.54884342849254608154296875">
        <ele>46</ele>
        <time>2026-08-26T09:37:00.000Z</time>
        <extensions>
          <ns3:TrackPointExtension>
            <ns3:hr>147</ns3:hr>
            <ns3:cad>80</ns3:cad>
          </ns3:TrackPointExtension>
        </extensions>
      </trkpt>
      <trkpt lat="35.76523482799530029296875" lon="139.54884208738803863525390625">
        <ele>46</ele>
        <time>2026-08-26T09:37:01.000Z</time>
        <extensions>
          <ns3:TrackPointExtension>
            <ns3:hr>147</ns3:hr>
            <ns3:cad>79</ns3:cad>
          </ns3:TrackPointExtension>
        </extensions>
      </trkpt>
      <trkpt lat="35.76522476971149444580078125" lon="139.54883269965648651123046875">
        <ele>46</ele>
        <time>2026-08-26T09:37:02.000Z</time>
        <extensions>
          <ns3:TrackPointExtension>
            <ns3:hr>147</ns3:hr>
            <ns3:cad>79</ns3:cad>
          </ns3:TrackPointExtension>
        </extensions>
      </trkpt>
      <trkpt lat="35.76521093957126140594482421875" lon="139.5488254912197589874267578125">
        <ele>46</ele>
        <time>2026-08-26T09:37:03.000Z</time>
        <extensions>
          <ns3:TrackPointExtension>
            <ns3:hr>147</ns3:hr>
            <ns3:cad>79</ns3:cad>
          </ns3:TrackPointExtension>
        </extensions>
      </trkpt>
      <trkpt lat="35.765198282897472381591796875" lon="139.5488161034882068634033203125">
        <ele>46</ele>
        <time>2026-08-26T09:37:04.000Z</time>
        <extensions>
          <ns3:TrackPointExtension>
            <ns3:hr>147</ns3:hr>
            <ns3:cad>79</ns3:cad>
          </ns3:TrackPointExtension>
        </extensions>
      </trkpt>
      <trkpt lat="35.76518361456692218780517578125" lon="139.548802189528942108154296875">
        <ele>46</ele>
        <time>2026-08-26T09:37:05.000Z</time>
        <extensions>
          <ns3:TrackPointExtension>
            <ns3:hr>147</ns3:hr>
            <ns3:cad>79</ns3:cad>
          </ns3:TrackPointExtension>
        </extensions>
      </trkpt>
      <trkpt lat="35.76517171226441860198974609375" lon="139.5487956516444683074951171875">
        <ele>46</ele>
        <time>2026-08-26T09:37:06.000Z</time>
        <extensions>
          <ns3:TrackPointExtension>
            <ns3:hr>146</ns3:hr>
            <ns3:cad>79</ns3:cad>
          </ns3:TrackPointExtension>
        </extensions>
      </trkpt>
      <trkpt lat="35.765162073075771331787109375" lon="139.5487916283309459686279296875">
        <ele>46</ele>
        <time>2026-08-26T09:37:07.000Z</time>
        <extensions>
          <ns3:TrackPointExtension>
            <ns3:hr>146</ns3:hr>
            <ns3:cad>79</ns3:cad>
          </ns3:TrackPointExtension>
        </extensions>
      </trkpt>
      <trkpt lat="35.76514673419296741485595703125" lon="139.5487785525619983673095703125">
        <ele>46</ele>
        <time>2026-08-26T09:37:08.000Z</time>
        <extensions>
          <ns3:TrackPointExtension>
            <ns3:hr>146</ns3:hr>
            <ns3:cad>80</ns3:cad>
          </ns3:TrackPointExtension>
        </extensions>
      </trkpt>
      <trkpt lat="35.76513449661433696746826171875" lon="139.54876958392560482025146484375">
        <ele>46</ele>
        <time>2026-08-26T09:37:09.000Z</time>
        <extensions>
          <ns3:TrackPointExtension>
            <ns3:hr>146</ns3:hr>
            <ns3:cad>80</ns3:cad>
          </ns3:TrackPointExtension>
        </extensions>
      </trkpt>
      <trkpt lat="35.76512041501700878143310546875" lon="139.5487596094608306884765625">
        <ele>46</ele>
        <time>2026-08-26T09:37:10.000Z</time>
        <extensions>
          <ns3:TrackPointExtension>
            <ns3:hr>146</ns3:hr>
            <ns3:cad>79</ns3:cad>
          </ns3:TrackPointExtension>
        </extensions>
      </trkpt>
      <trkpt lat="35.76510541141033172607421875" lon="139.5487490482628345489501953125">
        <ele>46</ele>
        <time>2026-08-26T09:37:11.000Z</time>
        <extensions>
          <ns3:TrackPointExtension>
            <ns3:hr>146</ns3:hr>
            <ns3:cad>79</ns3:cad>
          </ns3:TrackPointExtension>
        </extensions>
      </trkpt>
      <trkpt lat="35.76509409584105014801025390625" lon="139.548736475408077239990234375">
        <ele>45.799999237060546875</ele>
        <time>2026-08-26T09:37:12.000Z</time>
        <extensions>
          <ns3:TrackPointExtension>
            <ns3:hr>146</ns3:hr>
            <ns3:cad>79</ns3:cad>
          </ns3:TrackPointExtension>
        </extensions>
      </trkpt>
      <trkpt lat="35.7650817744433879852294921875" lon="139.5487215556204319000244140625">
        <ele>45.799999237060546875</ele>
        <time>2026-08-26T09:37:13.000Z</time>
        <extensions>
          <ns3:TrackPointExtension>
            <ns3:hr>146</ns3:hr>
            <ns3:cad>79</ns3:cad>
          </ns3:TrackPointExtension>
        </extensions>
      </trkpt>
      <trkpt lat="35.7650693692266941070556640625" lon="139.54870202578604221343994140625">
        <ele>45.799999237060546875</ele>
        <time>2026-08-26T09:37:14.000Z</time>
        <extensions>
          <ns3:TrackPointExtension>
            <ns3:hr>145</ns3:hr>
            <ns3:cad>79</ns3:cad>
          </ns3:TrackPointExtension>
        </extensions>
      </trkpt>
      <trkpt lat="35.7650546170771121978759765625" lon="139.54868853092193603515625">
        <ele>45.799999237060546875</ele>
        <time>2026-08-26T09:37:15.000Z</time>
        <extensions>
          <ns3:TrackPointExtension>
            <ns3:hr>145</ns3:hr>
            <ns3:cad>79</ns3:cad>
          </ns3:TrackPointExtension>
        </extensions>
      </trkpt>
      <trkpt lat="35.76504179276525974273681640625" lon="139.54867972992360591888427734375">
        <ele>45.799999237060546875</ele>
        <time>2026-08-26T09:37:16.000Z</time>
        <extensions>
          <ns3:TrackPointExtension>
            <ns3:hr>144</ns3:hr>
            <ns3:cad>79</ns3:cad>
          </ns3:TrackPointExtension>
        </extensions>
      </trkpt>
      <trkpt lat="35.76503098011016845703125" lon="139.5486669056117534637451171875">
        <ele>45.799999237060546875</ele>
        <time>2026-08-26T09:37:17.000Z</time>
        <extensions>
          <ns3:TrackPointExtension>
            <ns3:hr>143</ns3:hr>
            <ns3:cad>80</ns3:cad>
          </ns3:TrackPointExtension>
        </extensions>
      </trkpt>
      <trkpt lat="35.7650177367031574249267578125" lon="139.5486575178802013397216796875">
        <ele>45.799999237060546875</ele>
        <time>2026-08-26T09:37:18.000Z</time>
        <extensions>
          <ns3:TrackPointExtension>
            <ns3:hr>143</ns3:hr>
            <ns3:cad>80</ns3:cad>
          </ns3:TrackPointExtension>
        </extensions>
      </trkpt>
      <trkpt lat="35.7650070078670978546142578125" lon="139.548648633062839508056640625">
        <ele>45.799999237060546875</ele>
        <time>2026-08-26T09:37:19.000Z</time>
        <extensions>
          <ns3:TrackPointExtension>
            <ns3:hr>142</ns3:hr>
            <ns3:cad>80</ns3:cad>
          </ns3:TrackPointExtension>
        </extensions>
      </trkpt>
      <trkpt lat="35.764997787773609161376953125" lon="139.54863446764647960662841796875">
        <ele>45.799999237060546875</ele>
        <time>2026-08-26T09:37:20.000Z</time>
        <extensions>
          <ns3:TrackPointExtension>
            <ns3:hr>142</ns3:hr>
            <ns3:cad>81</ns3:cad>
          </ns3:TrackPointExtension>
        </extensions>
      </trkpt>
      <trkpt lat="35.7649920880794525146484375" lon="139.54861820675432682037353515625">
        <ele>45.799999237060546875</ele>
        <time>2026-08-26T09:37:21.000Z</time>
        <extensions>
          <ns3:TrackPointExtension>
            <ns3:hr>142</ns3:hr>
            <ns3:cad>81</ns3:cad>
          </ns3:TrackPointExtension>
        </extensions>
      </trkpt>
      <trkpt lat="35.764985047280788421630859375" lon="139.5485964976251125335693359375">
        <ele>45.799999237060546875</ele>
        <time>2026-08-26T09:37:22.000Z</time>
        <extensions>
          <ns3:TrackPointExtension>
            <ns3:hr>142</ns3:hr>
            <ns3:cad>80</ns3:cad>
          </ns3:TrackPointExtension>
        </extensions>
      </trkpt>
      <trkpt lat="35.76497289352118968963623046875" lon="139.548582918941974639892578125">
        <ele>45.799999237060546875</ele>
        <time>2026-08-26T09:37:23.000Z</time>
        <extensions>
          <ns3:TrackPointExtension>
            <ns3:hr>142</ns3:hr>
            <ns3:cad>80</ns3:cad>
          </ns3:TrackPointExtension>
        </extensions>
      </trkpt>
      <trkpt lat="35.76496032066643238067626953125" lon="139.54856992699205875396728515625">
        <ele>45.799999237060546875</ele>
        <time>2026-08-26T09:37:24.000Z</time>
        <extensions>
          <ns3:TrackPointExtension>
            <ns3:hr>141</ns3:hr>
            <ns3:cad>79</ns3:cad>
          </ns3:TrackPointExtension>
        </extensions>
      </trkpt>
      <trkpt lat="35.7649426348507404327392578125" lon="139.54855282790958881378173828125">
        <ele>45.799999237060546875</ele>
        <time>2026-08-26T09:37:25.000Z</time>
        <extensions>
          <ns3:TrackPointExtension>
            <ns3:hr>141</ns3:hr>
            <ns3:cad>79</ns3:cad>
          </ns3:TrackPointExtension>
        </extensions>
      </trkpt>
      <trkpt lat="35.76492176391184329986572265625" lon="139.54854511655867099761962890625">
        <ele>45.799999237060546875</ele>
        <time>2026-08-26T09:37:26.000Z</time>
        <extensions>
          <ns3:TrackPointExtension>
            <ns3:hr>140</ns3:hr>
            <ns3:cad>79</ns3:cad>
          </ns3:TrackPointExtension>
        </extensions>
      </trkpt>
      <trkpt lat="35.76490768231451511383056640625" lon="139.54854176379740238189697265625">
        <ele>45.799999237060546875</ele>
        <time>2026-08-26T09:37:27.000Z</time>
        <extensions>
          <ns3:TrackPointExtension>
            <ns3:hr>140</ns3:hr>
            <ns3:cad>79</ns3:cad>
          </ns3:TrackPointExtension>
        </extensions>
      </trkpt>
      <trkpt lat="35.7649000547826290130615234375" lon="139.5485317893326282501220703125">
        <ele>45.799999237060546875</ele>
        <time>2026-08-26T09:37:28.000Z</time>
        <extensions>
          <ns3:TrackPointExtension>
            <ns3:hr>140</ns3:hr>
            <ns3:cad>79</ns3:cad>
          </ns3:TrackPointExtension>
        </extensions>
      </trkpt>
      <trkpt lat="35.7648849673569202423095703125" lon="139.54851728864014148712158203125">
        <ele>45.799999237060546875</ele>
        <time>2026-08-26T09:37:29.000Z</time>
        <extensions>
          <ns3:TrackPointExtension>
            <ns3:hr>139</ns3:hr>
            <ns3:cad>79</ns3:cad>
          </ns3:TrackPointExtension>
        </extensions>
      </trkpt>
      <trkpt lat="35.76487415470182895660400390625" lon="139.5485019497573375701904296875">
        <ele>45.799999237060546875</ele>
        <time>2026-08-26T09:37:30.000Z</time>
        <extensions>
          <ns3:TrackPointExtension>
            <ns3:hr>139</ns3:hr>
            <ns3:cad>79</ns3:cad>
          </ns3:TrackPointExtension>
        </extensions>
      </trkpt>
      <trkpt lat="35.76486258767545223236083984375" lon="139.54849029891192913055419921875">
        <ele>45.799999237060546875</ele>
        <time>2026-08-26T09:37:31.000Z</time>
        <extensions>
          <ns3:TrackPointExtension>
            <ns3:hr>139</ns3:hr>
            <ns3:cad>78</ns3:cad>
          </ns3:TrackPointExtension>
        </extensions>
      </trkpt>
      <trkpt lat="35.76484750024974346160888671875" lon="139.54847755841910839080810546875">
        <ele>45.799999237060546875</ele>
        <time>2026-08-26T09:37:32.000Z</time>
        <extensions>
          <ns3:TrackPointExtension>
            <ns3:hr>139</ns3:hr>
            <ns3:cad>78</ns3:cad>
          </ns3:TrackPointExtension>
        </extensions>
      </trkpt>
      <trkpt lat="35.7648338377475738525390625" lon="139.54846322536468505859375">
        <ele>45.799999237060546875</ele>
        <time>2026-08-26T09:37:33.000Z</time>
        <extensions>
          <ns3:TrackPointExtension>
            <ns3:hr>139</ns3:hr>
            <ns3:cad>77</ns3:cad>
          </ns3:TrackPointExtension>
        </extensions>
      </trkpt>
      <trkpt lat="35.7648219354450702667236328125" lon="139.5484516583383083343505859375">
        <ele>45.799999237060546875</ele>
        <time>2026-08-26T09:37:34.000Z</time>
        <extensions>
          <ns3:TrackPointExtension>
            <ns3:hr>139</ns3:hr>
            <ns3:cad>77</ns3:cad>
          </ns3:TrackPointExtension>
        </extensions>
      </trkpt>
      <trkpt lat="35.76480827294290065765380859375" lon="139.5484419353306293487548828125">
        <ele>45.799999237060546875</ele>
        <time>2026-08-26T09:37:35.000Z</time>
        <extensions>
          <ns3:TrackPointExtension>
            <ns3:hr>138</ns3:hr>
            <ns3:cad>79</ns3:cad>
          </ns3:TrackPointExtension>
        </extensions>
      </trkpt>
      <trkpt lat="35.7647944428026676177978515625" lon="139.5484315417706966400146484375">
        <ele>45.799999237060546875</ele>
        <time>2026-08-26T09:37:36.000Z</time>
        <extensions>
          <ns3:TrackPointExtension>
            <ns3:hr>138</ns3:hr>
            <ns3:cad>80</ns3:cad>
          </ns3:TrackPointExtension>
        </extensions>
      </trkpt>
      <trkpt lat="35.76478145085275173187255859375" lon="139.54842441715300083160400390625">
        <ele>45.799999237060546875</ele>
        <time>2026-08-26T09:37:37.000Z</time>
        <extensions>
          <ns3:TrackPointExtension>
            <ns3:hr>139</ns3:hr>
            <ns3:cad>80</ns3:cad>
          </ns3:TrackPointExtension>
        </extensions>
      </trkpt>
      <trkpt lat="35.764764435589313507080078125" lon="139.54841955564916133880615234375">
        <ele>45.799999237060546875</ele>
        <time>2026-08-26T09:37:38.000Z</time>
        <extensions>
          <ns3:TrackPointExtension>
            <ns3:hr>139</ns3:hr>
            <ns3:cad>80</ns3:cad>
          </ns3:TrackPointExtension>
        </extensions>
      </trkpt>
      <trkpt lat="35.764749012887477874755859375" lon="139.54840958118438720703125">
        <ele>45.799999237060546875</ele>
        <time>2026-08-26T09:37:39.000Z</time>
        <extensions>
          <ns3:TrackPointExtension>
            <ns3:hr>139</ns3:hr>
            <ns3:cad>80</ns3:cad>
          </ns3:TrackPointExtension>
        </extensions>
      </trkpt>
      <trkpt lat="35.76473434455692768096923828125" lon="139.54840010963380336761474609375">
        <ele>45.799999237060546875</ele>
        <time>2026-08-26T09:37:40.000Z</time>
        <extensions>
          <ns3:TrackPointExtension>
            <ns3:hr>139</ns3:hr>
            <ns3:cad>80</ns3:cad>
          </ns3:TrackPointExtension>
        </extensions>
      </trkpt>
      <trkpt lat="35.76472462154924869537353515625" lon="139.54839005134999752044677734375">
        <ele>45.799999237060546875</ele>
        <time>2026-08-26T09:37:41.000Z</time>
        <extensions>
          <ns3:TrackPointExtension>
            <ns3:hr>138</ns3:hr>
            <ns3:cad>79</ns3:cad>
          </ns3:TrackPointExtension>
        </extensions>
      </trkpt>
      <trkpt lat="35.76471154578030109405517578125" lon="139.5483792386949062347412109375">
        <ele>45.59999847412109375</ele>
        <time>2026-08-26T09:37:42.000Z</time>
        <extensions>
          <ns3:TrackPointExtension>
            <ns3:hr>138</ns3:hr>
            <ns3:cad>79</ns3:cad>
          </ns3:TrackPointExtension>
        </extensions>
      </trkpt>
      <trkpt lat="35.764700062572956085205078125" lon="139.548369348049163818359375">
        <ele>45.799999237060546875</ele>
        <time>2026-08-26T09:37:43.000Z</time>
        <extensions>
          <ns3:TrackPointExtension>
            <ns3:hr>138</ns3:hr>
            <ns3:cad>78</ns3:cad>
          </ns3:TrackPointExtension>
        </extensions>
      </trkpt>
      <trkpt lat="35.76468824408948421478271484375" lon="139.54835853539407253265380859375">
        <ele>45.799999237060546875</ele>
        <time>2026-08-26T09:37:44.000Z</time>
        <extensions>
          <ns3:TrackPointExtension>
            <ns3:hr>138</ns3:hr>
            <ns3:cad>78</ns3:cad>
          </ns3:TrackPointExtension>
        </extensions>
      </trkpt>
      <trkpt lat="35.76467248611152172088623046875" lon="139.54834613017737865447998046875">
        <ele>45.799999237060546875</ele>
        <time>2026-08-26T09:37:45.000Z</time>
        <extensions>
          <ns3:TrackPointExtension>
            <ns3:hr>138</ns3:hr>
            <ns3:cad>77</ns3:cad>
          </ns3:TrackPointExtension>
        </extensions>
      </trkpt>
      <trkpt lat="35.7646583206951618194580078125" lon="139.5483336411416530609130859375">
        <ele>45.799999237060546875</ele>
        <time>2026-08-26T09:37:46.000Z</time>
        <extensions>
          <ns3:TrackPointExtension>
            <ns3:hr>138</ns3:hr>
            <ns3:cad>77</ns3:cad>
          </ns3:TrackPointExtension>
        </extensions>
      </trkpt>
      <trkpt lat="35.76464566402137279510498046875" lon="139.548323415219783782958984375">
        <ele>45.799999237060546875</ele>
        <time>2026-08-26T09:37:47.000Z</time>
        <extensions>
          <ns3:TrackPointExtension>
            <ns3:hr>138</ns3:hr>
            <ns3:cad>78</ns3:cad>
          </ns3:TrackPointExtension>
        </extensions>
      </trkpt>
      <trkpt lat="35.7646264694631099700927734375" lon="139.54831645824015140533447265625">
        <ele>45.799999237060546875</ele>
        <time>2026-08-26T09:37:48.000Z</time>
        <extensions>
          <ns3:TrackPointExtension>
            <ns3:hr>138</ns3:hr>
            <ns3:cad>78</ns3:cad>
          </ns3:TrackPointExtension>
        </extensions>
      </trkpt>
      <trkpt lat="35.7646117173135280609130859375" lon="139.54830891452729701995849609375">
        <ele>45.59999847412109375</ele>
        <time>2026-08-26T09:37:49.000Z</time>
        <extensions>
          <ns3:TrackPointExtension>
            <ns3:hr>138</ns3:hr>
            <ns3:cad>79</ns3:cad>
          </ns3:TrackPointExtension>
        </extensions>
      </trkpt>
      <trkpt lat="35.7646019943058490753173828125" lon="139.548297263681888580322265625">
        <ele>45.59999847412109375</ele>
        <time>2026-08-26T09:37:50.000Z</time>
        <extensions>
          <ns3:TrackPointExtension>
            <ns3:hr>138</ns3:hr>
            <ns3:cad>79</ns3:cad>
          </ns3:TrackPointExtension>
        </extensions>
      </trkpt>
      <trkpt lat="35.76459336094558238983154296875" lon="139.54828678630292415618896484375">
        <ele>45.59999847412109375</ele>
        <time>2026-08-26T09:37:51.000Z</time>
        <extensions>
          <ns3:TrackPointExtension>
            <ns3:hr>138</ns3:hr>
            <ns3:cad>79</ns3:cad>
          </ns3:TrackPointExtension>
        </extensions>
      </trkpt>
      <trkpt lat="35.76458640396595001220703125" lon="139.548274464905261993408203125">
        <ele>45.59999847412109375</ele>
        <time>2026-08-26T09:37:52.000Z</time>
        <extensions>
          <ns3:TrackPointExtension>
            <ns3:hr>138</ns3:hr>
            <ns3:cad>79</ns3:cad>
          </ns3:TrackPointExtension>
        </extensions>
      </trkpt>
      <trkpt lat="35.76457299292087554931640625" lon="139.5482647418975830078125">
        <ele>45.59999847412109375</ele>
        <time>2026-08-26T09:37:53.000Z</time>
        <extensions>
          <ns3:TrackPointExtension>
            <ns3:hr>138</ns3:hr>
            <ns3:cad>79</ns3:cad>
          </ns3:TrackPointExtension>
        </extensions>
      </trkpt>
      <trkpt lat="35.76455379836261272430419921875" lon="139.5482561923563480377197265625">
        <ele>45.59999847412109375</ele>
        <time>2026-08-26T09:37:54.000Z</time>
        <extensions>
          <ns3:TrackPointExtension>
            <ns3:hr>138</ns3:hr>
            <ns3:cad>80</ns3:cad>
          </ns3:TrackPointExtension>
        </extensions>
      </trkpt>
      <trkpt lat="35.7645396329462528228759765625" lon="139.5482514984905719757080078125">
        <ele>45.59999847412109375</ele>
        <time>2026-08-26T09:37:55.000Z</time>
        <extensions>
          <ns3:TrackPointExtension>
            <ns3:hr>138</ns3:hr>
            <ns3:cad>80</ns3:cad>
          </ns3:TrackPointExtension>
        </extensions>
      </trkpt>
      <trkpt lat="35.7645248807966709136962890625" lon="139.548240937292575836181640625">
        <ele>45.59999847412109375</ele>
        <time>2026-08-26T09:37:56.000Z</time>
        <extensions>
          <ns3:TrackPointExtension>
            <ns3:hr>137</ns3:hr>
            <ns3:cad>80</ns3:cad>
          </ns3:TrackPointExtension>
        </extensions>
      </trkpt>
      <trkpt lat="35.7645164988934993743896484375" lon="139.54823054373264312744140625">
        <ele>45.40000152587890625</ele>
        <time>2026-08-26T09:37:57.000Z</time>
        <extensions>
          <ns3:TrackPointExtension>
            <ns3:hr>137</ns3:hr>
            <ns3:cad>79</ns3:cad>
          </ns3:TrackPointExtension>
        </extensions>
      </trkpt>
      <trkpt lat="35.764504931867122650146484375" lon="139.54822576604783535003662109375">
        <ele>45.40000152587890625</ele>
        <time>2026-08-26T09:37:58.000Z</time>
        <extensions>
          <ns3:TrackPointExtension>
            <ns3:hr>137</ns3:hr>
            <ns3:cad>79</ns3:cad>
          </ns3:TrackPointExtension>
        </extensions>
      </trkpt>
      <trkpt lat="35.76449227519333362579345703125" lon="139.5482136122882366180419921875">
        <ele>45.40000152587890625</ele>
        <time>2026-08-26T09:37:59.000Z</time>
        <extensions>
          <ns3:TrackPointExtension>
            <ns3:hr>137</ns3:hr>
            <ns3:cad>79</ns3:cad>
          </ns3:TrackPointExtension>
        </extensions>
      </trkpt>
      <trkpt lat="35.76447634957730770111083984375" lon="139.548200704157352447509765625">
        <ele>45.40000152587890625</ele>
        <time>2026-08-26T09:38:00.000Z</time>
        <extensions>
          <ns3:TrackPointExtension>
            <ns3:hr>137</ns3:hr>
            <ns3:cad>79</ns3:cad>
          </ns3:TrackPointExtension>
        </extensions>
      </trkpt>
      <trkpt lat="35.76445891521871089935302734375" lon="139.54819031059741973876953125">
        <ele>45.40000152587890625</ele>
        <time>2026-08-26T09:38:01.000Z</time>
        <extensions>
          <ns3:TrackPointExtension>
            <ns3:hr>136</ns3:hr>
            <ns3:cad>79</ns3:cad>
          </ns3:TrackPointExtension>
        </extensions>
      </trkpt>
      <trkpt lat="35.76444416306912899017333984375" lon="139.54817664809525012969970703125">
        <ele>45.40000152587890625</ele>
        <time>2026-08-26T09:38:02.000Z</time>
        <extensions>
          <ns3:TrackPointExtension>
            <ns3:hr>136</ns3:hr>
            <ns3:cad>78</ns3:cad>
          </ns3:TrackPointExtension>
        </extensions>
      </trkpt>
      <trkpt lat="35.76443376950919628143310546875" lon="139.548163823783397674560546875">
        <ele>45.40000152587890625</ele>
        <time>2026-08-26T09:38:03.000Z</time>
        <extensions>
          <ns3:TrackPointExtension>
            <ns3:hr>136</ns3:hr>
            <ns3:cad>77</ns3:cad>
          </ns3:TrackPointExtension>
        </extensions>
      </trkpt>
      <trkpt lat="35.76442278921604156494140625" lon="139.5481529273092746734619140625">
        <ele>45.40000152587890625</ele>
        <time>2026-08-26T09:38:04.000Z</time>
        <extensions>
          <ns3:TrackPointExtension>
            <ns3:hr>136</ns3:hr>
            <ns3:cad>77</ns3:cad>
          </ns3:TrackPointExtension>
        </extensions>
      </trkpt>
      <trkpt lat="35.76441382057964801788330078125" lon="139.54814295284450054168701171875">
        <ele>45.40000152587890625</ele>
        <time>2026-08-26T09:38:05.000Z</time>
        <extensions>
          <ns3:TrackPointExtension>
            <ns3:hr>136</ns3:hr>
            <ns3:cad>77</ns3:cad>
          </ns3:TrackPointExtension>
        </extensions>
      </trkpt>
      <trkpt lat="35.76440543867647647857666015625" lon="139.54813021235167980194091796875">
        <ele>45.40000152587890625</ele>
        <time>2026-08-26T09:38:06.000Z</time>
        <extensions>
          <ns3:TrackPointExtension>
            <ns3:hr>136</ns3:hr>
            <ns3:cad>77</ns3:cad>
          </ns3:TrackPointExtension>
        </extensions>
      </trkpt>
      <trkpt lat="35.7643926143646240234375" lon="139.54812266863882541656494140625">
        <ele>45.40000152587890625</ele>
        <time>2026-08-26T09:38:07.000Z</time>
        <extensions>
          <ns3:TrackPointExtension>
            <ns3:hr>135</ns3:hr>
            <ns3:cad>77</ns3:cad>
          </ns3:TrackPointExtension>
        </extensions>
      </trkpt>
      <trkpt lat="35.76438565738499164581298828125" lon="139.5481130294501781463623046875">
        <ele>45.40000152587890625</ele>
        <time>2026-08-26T09:38:08.000Z</time>
        <extensions>
          <ns3:TrackPointExtension>
            <ns3:hr>136</ns3:hr>
            <ns3:cad>77</ns3:cad>
          </ns3:TrackPointExtension>
        </extensions>
      </trkpt>
      <trkpt lat="35.76437341980636119842529296875" lon="139.5481006242334842681884765625">
        <ele>45.40000152587890625</ele>
        <time>2026-08-26T09:38:09.000Z</time>
        <extensions>
          <ns3:TrackPointExtension>
            <ns3:hr>135</ns3:hr>
            <ns3:cad>78</ns3:cad>
          </ns3:TrackPointExtension>
        </extensions>
      </trkpt>
      <trkpt lat="35.7643689773976802825927734375" lon="139.54808729700744152069091796875">
        <ele>45.40000152587890625</ele>
        <time>2026-08-26T09:38:10.000Z</time>
        <extensions>
          <ns3:TrackPointExtension>
            <ns3:hr>135</ns3:hr>
            <ns3:cad>79</ns3:cad>
          </ns3:TrackPointExtension>
        </extensions>
      </trkpt>
      <trkpt lat="35.76436554081737995147705078125" lon="139.54807321541011333465576171875">
        <ele>45.40000152587890625</ele>
        <time>2026-08-26T09:38:11.000Z</time>
        <extensions>
          <ns3:TrackPointExtension>
            <ns3:hr>135</ns3:hr>
            <ns3:cad>79</ns3:cad>
          </ns3:TrackPointExtension>
        </extensions>
      </trkpt>
      <trkpt lat="35.76435866765677928924560546875" lon="139.54806156456470489501953125">
        <ele>45.40000152587890625</ele>
        <time>2026-08-26T09:38:12.000Z</time>
        <extensions>
          <ns3:TrackPointExtension>
            <ns3:hr>134</ns3:hr>
            <ns3:cad>77</ns3:cad>
          </ns3:TrackPointExtension>
        </extensions>
      </trkpt>
      <trkpt lat="35.7643451727926731109619140625" lon="139.54805024899542331695556640625">
        <ele>45.40000152587890625</ele>
        <time>2026-08-26T09:38:13.000Z</time>
        <extensions>
          <ns3:TrackPointExtension>
            <ns3:hr>134</ns3:hr>
            <ns3:cad>77</ns3:cad>
          </ns3:TrackPointExtension>
        </extensions>
      </trkpt>
      <trkpt lat="35.76433134265244007110595703125" lon="139.548041783273220062255859375">
        <ele>45.40000152587890625</ele>
        <time>2026-08-26T09:38:14.000Z</time>
        <extensions>
          <ns3:TrackPointExtension>
            <ns3:hr>134</ns3:hr>
            <ns3:cad>77</ns3:cad>
          </ns3:TrackPointExtension>
        </extensions>
      </trkpt>
      <trkpt lat="35.76431591995060443878173828125" lon="139.5480245165526866912841796875">
        <ele>45.40000152587890625</ele>
        <time>2026-08-26T09:38:15.000Z</time>
        <extensions>
          <ns3:TrackPointExtension>
            <ns3:hr>134</ns3:hr>
            <ns3:cad>78</ns3:cad>
          </ns3:TrackPointExtension>
        </extensions>
      </trkpt>
      <trkpt lat="35.7643059454858303070068359375" lon="139.54801018349826335906982421875">
        <ele>45.40000152587890625</ele>
        <time>2026-08-26T09:38:16.000Z</time>
        <extensions>
          <ns3:TrackPointExtension>
            <ns3:hr>134</ns3:hr>
            <ns3:cad>79</ns3:cad>
          </ns3:TrackPointExtension>
        </extensions>
      </trkpt>
      <trkpt lat="35.76428943313658237457275390625" lon="139.54799056984484195709228515625">
        <ele>45.40000152587890625</ele>
        <time>2026-08-26T09:38:17.000Z</time>
        <extensions>
          <ns3:TrackPointExtension>
            <ns3:hr>134</ns3:hr>
            <ns3:cad>79</ns3:cad>
          </ns3:TrackPointExtension>
        </extensions>
      </trkpt>
      <trkpt lat="35.76427258551120758056640625" lon="139.54796190373599529266357421875">
        <ele>45.40000152587890625</ele>
        <time>2026-08-26T09:38:18.000Z</time>
        <extensions>
          <ns3:TrackPointExtension>
            <ns3:hr>134</ns3:hr>
            <ns3:cad>80</ns3:cad>
          </ns3:TrackPointExtension>
        </extensions>
      </trkpt>
      <trkpt lat="35.76426462270319461822509765625" lon="139.5479474030435085296630859375">
        <ele>45.40000152587890625</ele>
        <time>2026-08-26T09:38:19.000Z</time>
        <extensions>
          <ns3:TrackPointExtension>
            <ns3:hr>134</ns3:hr>
            <ns3:cad>81</ns3:cad>
          </ns3:TrackPointExtension>
        </extensions>
      </trkpt>
      <trkpt lat="35.76425087638199329376220703125" lon="139.54793474636971950531005859375">
        <ele>45.40000152587890625</ele>
        <time>2026-08-26T09:38:20.000Z</time>
        <extensions>
          <ns3:TrackPointExtension>
            <ns3:hr>134</ns3:hr>
            <ns3:cad>81</ns3:cad>
          </ns3:TrackPointExtension>
        </extensions>
      </trkpt>
      <trkpt lat="35.764228999614715576171875" lon="139.5479155518114566802978515625">
        <ele>45.40000152587890625</ele>
        <time>2026-08-26T09:38:21.000Z</time>
        <extensions>
          <ns3:TrackPointExtension>
            <ns3:hr>134</ns3:hr>
            <ns3:cad>81</ns3:cad>
          </ns3:TrackPointExtension>
        </extensions>
      </trkpt>
      <trkpt lat="35.7642083801329135894775390625" lon="139.54790071584284305572509765625">
        <ele>45.59999847412109375</ele>
        <time>2026-08-26T09:38:22.000Z</time>
        <extensions>
          <ns3:TrackPointExtension>
            <ns3:hr>134</ns3:hr>
            <ns3:cad>82</ns3:cad>
          </ns3:TrackPointExtension>
        </extensions>
      </trkpt>
      <trkpt lat="35.7641949690878391265869140625" lon="139.5478857122361660003662109375">
        <ele>45.59999847412109375</ele>
        <time>2026-08-26T09:38:23.000Z</time>
        <extensions>
          <ns3:TrackPointExtension>
            <ns3:hr>134</ns3:hr>
            <ns3:cad>82</ns3:cad>
          </ns3:TrackPointExtension>
        </extensions>
      </trkpt>
      <trkpt lat="35.7641859166324138641357421875" lon="139.54786785878241062164306640625">
        <ele>45.59999847412109375</ele>
        <time>2026-08-26T09:38:24.000Z</time>
        <extensions>
          <ns3:TrackPointExtension>
            <ns3:hr>134</ns3:hr>
            <ns3:cad>82</ns3:cad>
          </ns3:TrackPointExtension>
        </extensions>
      </trkpt>
      <trkpt lat="35.76417870819568634033203125" lon="139.54784690402448177337646484375">
        <ele>45.59999847412109375</ele>
        <time>2026-08-26T09:38:25.000Z</time>
        <extensions>
          <ns3:TrackPointExtension>
            <ns3:hr>134</ns3:hr>
            <ns3:cad>82</ns3:cad>
          </ns3:TrackPointExtension>
        </extensions>
      </trkpt>
      <trkpt lat="35.76416873373091220855712890625" lon="139.5478287152945995330810546875">
        <ele>45.59999847412109375</ele>
        <time>2026-08-26T09:38:26.000Z</time>
        <extensions>
          <ns3:TrackPointExtension>
            <ns3:hr>134</ns3:hr>
            <ns3:cad>83</ns3:cad>
          </ns3:TrackPointExtension>
        </extensions>
      </trkpt>
      <trkpt lat="35.76415632851421833038330078125" lon="139.5478127896785736083984375">
        <ele>45.59999847412109375</ele>
        <time>2026-08-26T09:38:27.000Z</time>
        <extensions>
          <ns3:TrackPointExtension>
            <ns3:hr>135</ns3:hr>
            <ns3:cad>83</ns3:cad>
          </ns3:TrackPointExtension>
        </extensions>
      </trkpt>
      <trkpt lat="35.7641403190791606903076171875" lon="139.54779460094869136810302734375">
        <ele>45.59999847412109375</ele>
        <time>2026-08-26T09:38:28.000Z</time>
        <extensions>
          <ns3:TrackPointExtension>
            <ns3:hr>135</ns3:hr>
            <ns3:cad>82</ns3:cad>
          </ns3:TrackPointExtension>
        </extensions>
      </trkpt>
      <trkpt lat="35.76412632130086421966552734375" lon="139.54777993261814117431640625">
        <ele>45.59999847412109375</ele>
        <time>2026-08-26T09:38:29.000Z</time>
        <extensions>
          <ns3:TrackPointExtension>
            <ns3:hr>135</ns3:hr>
            <ns3:cad>81</ns3:cad>
          </ns3:TrackPointExtension>
        </extensions>
      </trkpt>
      <trkpt lat="35.76410871930420398712158203125" lon="139.5477676950395107269287109375">
        <ele>45.59999847412109375</ele>
        <time>2026-08-26T09:38:30.000Z</time>
        <extensions>
          <ns3:TrackPointExtension>
            <ns3:hr>135</ns3:hr>
            <ns3:cad>81</ns3:cad>
          </ns3:TrackPointExtension>
        </extensions>
      </trkpt>
      <trkpt lat="35.76409128494560718536376953125" lon="139.54774900339543819427490234375">
        <ele>45.59999847412109375</ele>
        <time>2026-08-26T09:38:31.000Z</time>
        <extensions>
          <ns3:TrackPointExtension>
            <ns3:hr>135</ns3:hr>
            <ns3:cad>81</ns3:cad>
          </ns3:TrackPointExtension>
        </extensions>
      </trkpt>
      <trkpt lat="35.76407619751989841461181640625" lon="139.547732658684253692626953125">
        <ele>45.59999847412109375</ele>
        <time>2026-08-26T09:38:32.000Z</time>
        <extensions>
          <ns3:TrackPointExtension>
            <ns3:hr>135</ns3:hr>
            <ns3:cad>82</ns3:cad>
          </ns3:TrackPointExtension>
        </extensions>
      </trkpt>
      <trkpt lat="35.7640635408461093902587890625" lon="139.54771229065954685211181640625">
        <ele>45.59999847412109375</ele>
        <time>2026-08-26T09:38:33.000Z</time>
        <extensions>
          <ns3:TrackPointExtension>
            <ns3:hr>136</ns3:hr>
            <ns3:cad>82</ns3:cad>
          </ns3:TrackPointExtension>
        </extensions>
      </trkpt>
      <trkpt lat="35.76404862105846405029296875" lon="139.54769410192966461181640625">
        <ele>45.59999847412109375</ele>
        <time>2026-08-26T09:38:34.000Z</time>
        <extensions>
          <ns3:TrackPointExtension>
            <ns3:hr>136</ns3:hr>
            <ns3:cad>82</ns3:cad>
          </ns3:TrackPointExtension>
        </extensions>
      </trkpt>
      <trkpt lat="35.764037556946277618408203125" lon="139.54767993651330471038818359375">
        <ele>45.59999847412109375</ele>
        <time>2026-08-26T09:38:35.000Z</time>
        <extensions>
          <ns3:TrackPointExtension>
            <ns3:hr>136</ns3:hr>
            <ns3:cad>82</ns3:cad>
          </ns3:TrackPointExtension>
        </extensions>
      </trkpt>
      <trkpt lat="35.76402238570153713226318359375" lon="139.54766132868826389312744140625">
        <ele>45.59999847412109375</ele>
        <time>2026-08-26T09:38:36.000Z</time>
        <extensions>
          <ns3:TrackPointExtension>
            <ns3:hr>137</ns3:hr>
            <ns3:cad>82</ns3:cad>
          </ns3:TrackPointExtension>
        </extensions>
      </trkpt>
      <trkpt lat="35.7640135847032070159912109375" lon="139.547645151615142822265625">
        <ele>45.59999847412109375</ele>
        <time>2026-08-26T09:38:37.000Z</time>
        <extensions>
          <ns3:TrackPointExtension>
            <ns3:hr>137</ns3:hr>
            <ns3:cad>82</ns3:cad>
          </ns3:TrackPointExtension>
        </extensions>
      </trkpt>
      <trkpt lat="35.7640023529529571533203125" lon="139.54762813635170459747314453125">
        <ele>45.59999847412109375</ele>
        <time>2026-08-26T09:38:38.000Z</time>
        <extensions>
          <ns3:TrackPointExtension>
            <ns3:hr>138</ns3:hr>
            <ns3:cad>82</ns3:cad>
          </ns3:TrackPointExtension>
        </extensions>
      </trkpt>
      <trkpt lat="35.7639901153743267059326171875" lon="139.54761455766856670379638671875">
        <ele>45.59999847412109375</ele>
        <time>2026-08-26T09:38:39.000Z</time>
        <extensions>
          <ns3:TrackPointExtension>
            <ns3:hr>138</ns3:hr>
            <ns3:cad>81</ns3:cad>
          </ns3:TrackPointExtension>
        </extensions>
      </trkpt>
      <trkpt lat="35.76397678814828395843505859375" lon="139.54759620130062103271484375">
        <ele>45.59999847412109375</ele>
        <time>2026-08-26T09:38:40.000Z</time>
        <extensions>
          <ns3:TrackPointExtension>
            <ns3:hr>138</ns3:hr>
            <ns3:cad>81</ns3:cad>
          </ns3:TrackPointExtension>
        </extensions>
      </trkpt>
      <trkpt lat="35.763959772884845733642578125" lon="139.54757818020880222320556640625">
        <ele>45.799999237060546875</ele>
        <time>2026-08-26T09:38:41.000Z</time>
        <extensions>
          <ns3:TrackPointExtension>
            <ns3:hr>138</ns3:hr>
            <ns3:cad>81</ns3:cad>
          </ns3:TrackPointExtension>
        </extensions>
      </trkpt>
      <trkpt lat="35.7639472000300884246826171875" lon="139.54756074585020542144775390625">
        <ele>45.799999237060546875</ele>
        <time>2026-08-26T09:38:42.000Z</time>
        <extensions>
          <ns3:TrackPointExtension>
            <ns3:hr>138</ns3:hr>
            <ns3:cad>82</ns3:cad>
          </ns3:TrackPointExtension>
        </extensions>
      </trkpt>
      <trkpt lat="35.7639347948133945465087890625" lon="139.54754297621548175811767578125">
        <ele>45.799999237060546875</ele>
        <time>2026-08-26T09:38:43.000Z</time>
        <extensions>
          <ns3:TrackPointExtension>
            <ns3:hr>138</ns3:hr>
            <ns3:cad>82</ns3:cad>
          </ns3:TrackPointExtension>
        </extensions>
      </trkpt>
      <trkpt lat="35.7639190368354320526123046875" lon="139.547517411410808563232421875">
        <ele>45.799999237060546875</ele>
        <time>2026-08-26T09:38:44.000Z</time>
        <extensions>
          <ns3:TrackPointExtension>
            <ns3:hr>138</ns3:hr>
            <ns3:cad>82</ns3:cad>
          </ns3:TrackPointExtension>
        </extensions>
      </trkpt>
      <trkpt lat="35.763904787600040435791015625" lon="139.54749427735805511474609375">
        <ele>45.799999237060546875</ele>
        <time>2026-08-26T09:38:45.000Z</time>
        <extensions>
          <ns3:TrackPointExtension>
            <ns3:hr>139</ns3:hr>
            <ns3:cad>82</ns3:cad>
          </ns3:TrackPointExtension>
        </extensions>
      </trkpt>
      <trkpt lat="35.76389171183109283447265625" lon="139.547476507723331451416015625">
        <ele>45.799999237060546875</ele>
        <time>2026-08-26T09:38:46.000Z</time>
        <extensions>
          <ns3:TrackPointExtension>
            <ns3:hr>139</ns3:hr>
            <ns3:cad>81</ns3:cad>
          </ns3:TrackPointExtension>
        </extensions>
      </trkpt>
      <trkpt lat="35.7638834975659847259521484375" lon="139.54746477305889129638671875">
        <ele>45.799999237060546875</ele>
        <time>2026-08-26T09:38:47.000Z</time>
        <extensions>
          <ns3:TrackPointExtension>
            <ns3:hr>139</ns3:hr>
            <ns3:cad>81</ns3:cad>
          </ns3:TrackPointExtension>
        </extensions>
      </trkpt>
      <trkpt lat="35.76387033797800540924072265625" lon="139.54745597206056118011474609375">
        <ele>45.799999237060546875</ele>
        <time>2026-08-26T09:38:48.000Z</time>
        <extensions>
          <ns3:TrackPointExtension>
            <ns3:hr>139</ns3:hr>
            <ns3:cad>82</ns3:cad>
          </ns3:TrackPointExtension>
        </extensions>
      </trkpt>
      <trkpt lat="35.7638560049235820770263671875" lon="139.5474434830248355865478515625">
        <ele>45.59999847412109375</ele>
        <time>2026-08-26T09:38:51.000Z</time>
        <extensions>
          <ns3:TrackPointExtension>
            <ns3:hr>139</ns3:hr>
            <ns3:cad>83</ns3:cad>
          </ns3:TrackPointExtension>
        </extensions>
      </trkpt>
      <trkpt lat="35.7638586871325969696044921875" lon="139.5474260486662387847900390625">
        <ele>45.59999847412109375</ele>
        <time>2026-08-26T09:38:52.000Z</time>
        <extensions>
          <ns3:TrackPointExtension>
            <ns3:hr>139</ns3:hr>
            <ns3:cad>0</ns3:cad>
          </ns3:TrackPointExtension>
        </extensions>
      </trkpt>
      <trkpt lat="35.76386581175029277801513671875" lon="139.547410793602466583251953125">
        <ele>45.59999847412109375</ele>
        <time>2026-08-26T09:38:53.000Z</time>
        <extensions>
          <ns3:TrackPointExtension>
            <ns3:hr>140</ns3:hr>
            <ns3:cad>0</ns3:cad>
          </ns3:TrackPointExtension>
        </extensions>
      </trkpt>
      <trkpt lat="35.76385960914194583892822265625" lon="139.54738908447325229644775390625">
        <ele>45.59999847412109375</ele>
        <time>2026-08-26T09:38:54.000Z</time>
        <extensions>
          <ns3:TrackPointExtension>
            <ns3:hr>139</ns3:hr>
            <ns3:cad>73</ns3:cad>
          </ns3:TrackPointExtension>
        </extensions>
      </trkpt>
      <trkpt lat="35.7638513110578060150146484375" lon="139.547374248504638671875">
        <ele>45.799999237060546875</ele>
        <time>2026-08-26T09:38:55.000Z</time>
        <extensions>
          <ns3:TrackPointExtension>
            <ns3:hr>139</ns3:hr>
            <ns3:cad>77</ns3:cad>
          </ns3:TrackPointExtension>
        </extensions>
      </trkpt>
      <trkpt lat="35.76384083367884159088134765625" lon="139.54734935425221920013427734375">
        <ele>45.799999237060546875</ele>
        <time>2026-08-26T09:38:56.000Z</time>
        <extensions>
          <ns3:TrackPointExtension>
            <ns3:hr>138</ns3:hr>
            <ns3:cad>77</ns3:cad>
          </ns3:TrackPointExtension>
        </extensions>
      </trkpt>
      <trkpt lat="35.763832032680511474609375" lon="139.54732756130397319793701171875">
        <ele>45.799999237060546875</ele>
        <time>2026-08-26T09:38:57.000Z</time>
        <extensions>
          <ns3:TrackPointExtension>
            <ns3:hr>138</ns3:hr>
            <ns3:cad>83</ns3:cad>
          </ns3:TrackPointExtension>
        </extensions>
      </trkpt>
      <trkpt lat="35.76382591389119625091552734375" lon="139.5473083667457103729248046875">
        <ele>45.799999237060546875</ele>
        <time>2026-08-26T09:38:58.000Z</time>
        <extensions>
          <ns3:TrackPointExtension>
            <ns3:hr>138</ns3:hr>
            <ns3:cad>83</ns3:cad>
          </ns3:TrackPointExtension>
        </extensions>
      </trkpt>
      <trkpt lat="35.76381660997867584228515625" lon="139.5472818799316883087158203125">
        <ele>45.59999847412109375</ele>
        <time>2026-08-26T09:38:59.000Z</time>
        <extensions>
          <ns3:TrackPointExtension>
            <ns3:hr>138</ns3:hr>
            <ns3:cad>82</ns3:cad>
          </ns3:TrackPointExtension>
        </extensions>
      </trkpt>
      <trkpt lat="35.76380495913326740264892578125" lon="139.547253549098968505859375">
        <ele>45.59999847412109375</ele>
        <time>2026-08-26T09:39:00.000Z</time>
        <extensions>
          <ns3:TrackPointExtension>
            <ns3:hr>138</ns3:hr>
            <ns3:cad>82</ns3:cad>
          </ns3:TrackPointExtension>
        </extensions>
      </trkpt>
      <trkpt lat="35.7638033665716648101806640625" lon="139.54723334871232509613037109375">
        <ele>45.59999847412109375</ele>
        <time>2026-08-26T09:39:01.000Z</time>
        <extensions>
          <ns3:TrackPointExtension>
            <ns3:hr>138</ns3:hr>
            <ns3:cad>83</ns3:cad>
          </ns3:TrackPointExtension>
        </extensions>
      </trkpt>
      <trkpt lat="35.76379775069653987884521484375" lon="139.54721088521182537078857421875">
        <ele>45.59999847412109375</ele>
        <time>2026-08-26T09:39:02.000Z</time>
        <extensions>
          <ns3:TrackPointExtension>
            <ns3:hr>137</ns3:hr>
            <ns3:cad>83</ns3:cad>
          </ns3:TrackPointExtension>
        </extensions>
      </trkpt>
      <trkpt lat="35.763787440955638885498046875" lon="139.547194205224514007568359375">
        <ele>45.59999847412109375</ele>
        <time>2026-08-26T09:39:03.000Z</time>
        <extensions>
          <ns3:TrackPointExtension>
            <ns3:hr>137</ns3:hr>
            <ns3:cad>83</ns3:cad>
          </ns3:TrackPointExtension>
        </extensions>
      </trkpt>
      <trkpt lat="35.76377763412892818450927734375" lon="139.54717903397977352142333984375">
        <ele>46</ele>
        <time>2026-08-26T09:39:04.000Z</time>
        <extensions>
          <ns3:TrackPointExtension>
            <ns3:hr>138</ns3:hr>
            <ns3:cad>83</ns3:cad>
          </ns3:TrackPointExtension>
        </extensions>
      </trkpt>
      <trkpt lat="35.76376472599804401397705078125" lon="139.5471544750034809112548828125">
        <ele>46.200000762939453125</ele>
        <time>2026-08-26T09:39:05.000Z</time>
        <extensions>
          <ns3:TrackPointExtension>
            <ns3:hr>137</ns3:hr>
            <ns3:cad>83</ns3:cad>
          </ns3:TrackPointExtension>
        </extensions>
      </trkpt>
      <trkpt lat="35.76376137323677539825439453125" lon="139.547137208282947540283203125">
        <ele>46.40000152587890625</ele>
        <time>2026-08-26T09:39:06.000Z</time>
        <extensions>
          <ns3:TrackPointExtension>
            <ns3:hr>137</ns3:hr>
            <ns3:cad>83</ns3:cad>
          </ns3:TrackPointExtension>
        </extensions>
      </trkpt>
      <trkpt lat="35.7637550868093967437744140625" lon="139.54710938036441802978515625">
        <ele>46.40000152587890625</ele>
        <time>2026-08-26T09:39:07.000Z</time>
        <extensions>
          <ns3:TrackPointExtension>
            <ns3:hr>137</ns3:hr>
            <ns3:cad>84</ns3:cad>
          </ns3:TrackPointExtension>
        </extensions>
      </trkpt>
      <trkpt lat="35.763753242790699005126953125" lon="139.547084905207157135009765625">
        <ele>46.40000152587890625</ele>
        <time>2026-08-26T09:39:08.000Z</time>
        <extensions>
          <ns3:TrackPointExtension>
            <ns3:hr>137</ns3:hr>
            <ns3:cad>84</ns3:cad>
          </ns3:TrackPointExtension>
        </extensions>
      </trkpt>
      <trkpt lat="35.7637394964694976806640625" lon="139.54706604592502117156982421875">
        <ele>46.40000152587890625</ele>
        <time>2026-08-26T09:39:09.000Z</time>
        <extensions>
          <ns3:TrackPointExtension>
            <ns3:hr>136</ns3:hr>
            <ns3:cad>84</ns3:cad>
          </ns3:TrackPointExtension>
        </extensions>
      </trkpt>
      <trkpt lat="35.7637272588908672332763671875" lon="139.5470495335757732391357421875">
        <ele>46.40000152587890625</ele>
        <time>2026-08-26T09:39:10.000Z</time>
        <extensions>
          <ns3:TrackPointExtension>
            <ns3:hr>136</ns3:hr>
            <ns3:cad>84</ns3:cad>
          </ns3:TrackPointExtension>
        </extensions>
      </trkpt>
      <trkpt lat="35.76372046954929828643798828125" lon="139.54703100956976413726806640625">
        <ele>46.40000152587890625</ele>
        <time>2026-08-26T09:39:11.000Z</time>
        <extensions>
          <ns3:TrackPointExtension>
            <ns3:hr>136</ns3:hr>
            <ns3:cad>84</ns3:cad>
          </ns3:TrackPointExtension>
        </extensions>
      </trkpt>
      <trkpt lat="35.76371611095964908599853515625" lon="139.54701491631567478179931640625">
        <ele>46.40000152587890625</ele>
        <time>2026-08-26T09:39:12.000Z</time>
        <extensions>
          <ns3:TrackPointExtension>
            <ns3:hr>136</ns3:hr>
            <ns3:cad>81</ns3:cad>
          </ns3:TrackPointExtension>
        </extensions>
      </trkpt>
      <trkpt lat="35.76371133327484130859375" lon="139.547003768384456634521484375">
        <ele>46.40000152587890625</ele>
        <time>2026-08-26T09:39:13.000Z</time>
        <extensions>
          <ns3:TrackPointExtension>
            <ns3:hr>136</ns3:hr>
            <ns3:cad>80</ns3:cad>
          </ns3:TrackPointExtension>
        </extensions>
      </trkpt>
      <trkpt lat="35.7637081481516361236572265625" lon="139.54698842950165271759033203125">
        <ele>46.40000152587890625</ele>
        <time>2026-08-26T09:39:14.000Z</time>
        <extensions>
          <ns3:TrackPointExtension>
            <ns3:hr>136</ns3:hr>
            <ns3:cad>79</ns3:cad>
          </ns3:TrackPointExtension>
        </extensions>
      </trkpt>
      <trkpt lat="35.76370395720005035400390625" lon="139.54696328379213809967041015625">
        <ele>46.40000152587890625</ele>
        <time>2026-08-26T09:39:15.000Z</time>
        <extensions>
          <ns3:TrackPointExtension>
            <ns3:hr>136</ns3:hr>
            <ns3:cad>79</ns3:cad>
          </ns3:TrackPointExtension>
        </extensions>
      </trkpt>
      <trkpt lat="35.76369901187717914581298828125" lon="139.54694442451000213623046875">
        <ele>46.40000152587890625</ele>
        <time>2026-08-26T09:39:16.000Z</time>
        <extensions>
          <ns3:TrackPointExtension>
            <ns3:hr>137</ns3:hr>
            <ns3:cad>78</ns3:cad>
          </ns3:TrackPointExtension>
        </extensions>
      </trkpt>
      <trkpt lat="35.76369130052626132965087890625" lon="139.5469264872372150421142578125">
        <ele>46.40000152587890625</ele>
        <time>2026-08-26T09:39:17.000Z</time>
        <extensions>
          <ns3:TrackPointExtension>
            <ns3:hr>137</ns3:hr>
            <ns3:cad>77</ns3:cad>
          </ns3:TrackPointExtension>
        </extensions>
      </trkpt>
      <trkpt lat="35.76368090696632862091064453125" lon="139.5469083823263645172119140625">
        <ele>46.40000152587890625</ele>
        <time>2026-08-26T09:39:18.000Z</time>
        <extensions>
          <ns3:TrackPointExtension>
            <ns3:hr>137</ns3:hr>
            <ns3:cad>77</ns3:cad>
          </ns3:TrackPointExtension>
        </extensions>
      </trkpt>
      <trkpt lat="35.76366967521607875823974609375" lon="139.54689254052937030792236328125">
        <ele>46.40000152587890625</ele>
        <time>2026-08-26T09:39:19.000Z</time>
        <extensions>
          <ns3:TrackPointExtension>
            <ns3:hr>138</ns3:hr>
            <ns3:cad>77</ns3:cad>
          </ns3:TrackPointExtension>
        </extensions>
      </trkpt>
      <trkpt lat="35.763657353818416595458984375" lon="139.54687292687594890594482421875">
        <ele>46.40000152587890625</ele>
        <time>2026-08-26T09:39:20.000Z</time>
        <extensions>
          <ns3:TrackPointExtension>
            <ns3:hr>139</ns3:hr>
            <ns3:cad>78</ns3:cad>
          </ns3:TrackPointExtension>
        </extensions>
      </trkpt>
      <trkpt lat="35.76365031301975250244140625" lon="139.5468547381460666656494140625">
        <ele>46.40000152587890625</ele>
        <time>2026-08-26T09:39:21.000Z</time>
        <extensions>
          <ns3:TrackPointExtension>
            <ns3:hr>139</ns3:hr>
            <ns3:cad>80</ns3:cad>
          </ns3:TrackPointExtension>
        </extensions>
      </trkpt>
      <trkpt lat="35.763645954430103302001953125" lon="139.54683654941618442535400390625">
        <ele>46.40000152587890625</ele>
        <time>2026-08-26T09:39:22.000Z</time>
        <extensions>
          <ns3:TrackPointExtension>
            <ns3:hr>140</ns3:hr>
            <ns3:cad>80</ns3:cad>
          </ns3:TrackPointExtension>
        </extensions>
      </trkpt>
      <trkpt lat="35.7636414282023906707763671875" lon="139.54682330600917339324951171875">
        <ele>46.200000762939453125</ele>
        <time>2026-08-26T09:39:23.000Z</time>
        <extensions>
          <ns3:TrackPointExtension>
            <ns3:hr>140</ns3:hr>
            <ns3:cad>79</ns3:cad>
          </ns3:TrackPointExtension>
        </extensions>
      </trkpt>
      <trkpt lat="35.763631202280521392822265625" lon="139.54680520109832286834716796875">
        <ele>46</ele>
        <time>2026-08-26T09:39:24.000Z</time>
        <extensions>
          <ns3:TrackPointExtension>
            <ns3:hr>140</ns3:hr>
            <ns3:cad>79</ns3:cad>
          </ns3:TrackPointExtension>
        </extensions>
      </trkpt>
      <trkpt lat="35.7636241614818572998046875" lon="139.5467789657413959503173828125">
        <ele>45.799999237060546875</ele>
        <time>2026-08-26T09:39:25.000Z</time>
        <extensions>
          <ns3:TrackPointExtension>
            <ns3:hr>140</ns3:hr>
            <ns3:cad>80</ns3:cad>
          </ns3:TrackPointExtension>
        </extensions>
      </trkpt>
      <trkpt lat="35.76361334882676601409912109375" lon="139.54675625078380107879638671875">
        <ele>45.799999237060546875</ele>
        <time>2026-08-26T09:39:26.000Z</time>
        <extensions>
          <ns3:TrackPointExtension>
            <ns3:hr>140</ns3:hr>
            <ns3:cad>80</ns3:cad>
          </ns3:TrackPointExtension>
        </extensions>
      </trkpt>
      <trkpt lat="35.76360077597200870513916015625" lon="139.54673496074974536895751953125">
        <ele>45.59999847412109375</ele>
        <time>2026-08-26T09:39:27.000Z</time>
        <extensions>
          <ns3:TrackPointExtension>
            <ns3:hr>140</ns3:hr>
            <ns3:cad>81</ns3:cad>
          </ns3:TrackPointExtension>
        </extensions>
      </trkpt>
      <trkpt lat="35.76358853839337825775146484375" lon="139.54671501182019710540771484375">
        <ele>45.59999847412109375</ele>
        <time>2026-08-26T09:39:28.000Z</time>
        <extensions>
          <ns3:TrackPointExtension>
            <ns3:hr>140</ns3:hr>
            <ns3:cad>81</ns3:cad>
          </ns3:TrackPointExtension>
        </extensions>
      </trkpt>
      <trkpt lat="35.76357764191925525665283203125" lon="139.54669489525258541107177734375">
        <ele>45.59999847412109375</ele>
        <time>2026-08-26T09:39:29.000Z</time>
        <extensions>
          <ns3:TrackPointExtension>
            <ns3:hr>141</ns3:hr>
            <ns3:cad>81</ns3:cad>
          </ns3:TrackPointExtension>
        </extensions>
      </trkpt>
      <trkpt lat="35.76356875710189342498779296875" lon="139.54667486250400543212890625">
        <ele>45.59999847412109375</ele>
        <time>2026-08-26T09:39:30.000Z</time>
        <extensions>
          <ns3:TrackPointExtension>
            <ns3:hr>141</ns3:hr>
            <ns3:cad>81</ns3:cad>
          </ns3:TrackPointExtension>
        </extensions>
      </trkpt>
      <trkpt lat="35.76355802826583385467529296875" lon="139.546657763421535491943359375">
        <ele>45.59999847412109375</ele>
        <time>2026-08-26T09:39:31.000Z</time>
        <extensions>
          <ns3:TrackPointExtension>
            <ns3:hr>142</ns3:hr>
            <ns3:cad>81</ns3:cad>
          </ns3:TrackPointExtension>
        </extensions>
      </trkpt>
      <trkpt lat="35.76355065219104290008544921875" lon="139.54663773067295551300048828125">
        <ele>45.59999847412109375</ele>
        <time>2026-08-26T09:39:32.000Z</time>
        <extensions>
          <ns3:TrackPointExtension>
            <ns3:hr>142</ns3:hr>
            <ns3:cad>80</ns3:cad>
          </ns3:TrackPointExtension>
        </extensions>
      </trkpt>
      <trkpt lat="35.7635425217449665069580078125" lon="139.5466173626482486724853515625">
        <ele>45.59999847412109375</ele>
        <time>2026-08-26T09:39:33.000Z</time>
        <extensions>
          <ns3:TrackPointExtension>
            <ns3:hr>143</ns3:hr>
            <ns3:cad>80</ns3:cad>
          </ns3:TrackPointExtension>
        </extensions>
      </trkpt>
      <trkpt lat="35.76353757642209529876708984375" lon="139.54659498296678066253662109375">
        <ele>45.59999847412109375</ele>
        <time>2026-08-26T09:39:34.000Z</time>
        <extensions>
          <ns3:TrackPointExtension>
            <ns3:hr>143</ns3:hr>
            <ns3:cad>80</ns3:cad>
          </ns3:TrackPointExtension>
        </extensions>
      </trkpt>
      <trkpt lat="35.7635343074798583984375" lon="139.54657495021820068359375">
        <ele>45.59999847412109375</ele>
        <time>2026-08-26T09:39:35.000Z</time>
        <extensions>
          <ns3:TrackPointExtension>
            <ns3:hr>143</ns3:hr>
            <ns3:cad>80</ns3:cad>
          </ns3:TrackPointExtension>
        </extensions>
      </trkpt>
      <trkpt lat="35.76353187672793865203857421875" lon="139.54655726440250873565673828125">
        <ele>45.59999847412109375</ele>
        <time>2026-08-26T09:39:36.000Z</time>
        <extensions>
          <ns3:TrackPointExtension>
            <ns3:hr>144</ns3:hr>
            <ns3:cad>80</ns3:cad>
          </ns3:TrackPointExtension>
        </extensions>
      </trkpt>
      <trkpt lat="35.763515867292881011962890625" lon="139.5465419255197048187255859375">
        <ele>45.799999237060546875</ele>
        <time>2026-08-26T09:39:37.000Z</time>
        <extensions>
          <ns3:TrackPointExtension>
            <ns3:hr>144</ns3:hr>
            <ns3:cad>80</ns3:cad>
          </ns3:TrackPointExtension>
        </extensions>
      </trkpt>
      <trkpt lat="35.76349834911525249481201171875" lon="139.546527676284313201904296875">
        <ele>45.799999237060546875</ele>
        <time>2026-08-26T09:39:38.000Z</time>
        <extensions>
          <ns3:TrackPointExtension>
            <ns3:hr>144</ns3:hr>
            <ns3:cad>80</ns3:cad>
          </ns3:TrackPointExtension>
        </extensions>
      </trkpt>
      <trkpt lat="35.76348678208887577056884765625" lon="139.5465087331831455230712890625">
        <ele>45.799999237060546875</ele>
        <time>2026-08-26T09:39:39.000Z</time>
        <extensions>
          <ns3:TrackPointExtension>
            <ns3:hr>144</ns3:hr>
            <ns3:cad>80</ns3:cad>
          </ns3:TrackPointExtension>
        </extensions>
      </trkpt>
      <trkpt lat="35.763471610844135284423828125" lon="139.54649171791970729827880859375">
        <ele>45.799999237060546875</ele>
        <time>2026-08-26T09:39:40.000Z</time>
        <extensions>
          <ns3:TrackPointExtension>
            <ns3:hr>144</ns3:hr>
            <ns3:cad>80</ns3:cad>
          </ns3:TrackPointExtension>
        </extensions>
      </trkpt>
      <trkpt lat="35.76345459558069705963134765625" lon="139.546461962163448333740234375">
        <ele>45.799999237060546875</ele>
        <time>2026-08-26T09:39:41.000Z</time>
        <extensions>
          <ns3:TrackPointExtension>
            <ns3:hr>144</ns3:hr>
            <ns3:cad>79</ns3:cad>
          </ns3:TrackPointExtension>
        </extensions>
      </trkpt>
      <trkpt lat="35.76344378292560577392578125" lon="139.5464446954429149627685546875">
        <ele>45.799999237060546875</ele>
        <time>2026-08-26T09:39:42.000Z</time>
        <extensions>
          <ns3:TrackPointExtension>
            <ns3:hr>144</ns3:hr>
            <ns3:cad>78</ns3:cad>
          </ns3:TrackPointExtension>
        </extensions>
      </trkpt>
      <trkpt lat="35.76343112625181674957275390625" lon="139.54643078148365020751953125">
        <ele>45.799999237060546875</ele>
        <time>2026-08-26T09:39:43.000Z</time>
        <extensions>
          <ns3:TrackPointExtension>
            <ns3:hr>144</ns3:hr>
            <ns3:cad>78</ns3:cad>
          </ns3:TrackPointExtension>
        </extensions>
      </trkpt>
      <trkpt lat="35.76341888867318630218505859375" lon="139.5464158616960048675537109375">
        <ele>45.799999237060546875</ele>
        <time>2026-08-26T09:39:44.000Z</time>
        <extensions>
          <ns3:TrackPointExtension>
            <ns3:hr>144</ns3:hr>
            <ns3:cad>79</ns3:cad>
          </ns3:TrackPointExtension>
        </extensions>
      </trkpt>
      <trkpt lat="35.763408243656158447265625" lon="139.5464034564793109893798828125">
        <ele>46</ele>
        <time>2026-08-26T09:39:45.000Z</time>
        <extensions>
          <ns3:TrackPointExtension>
            <ns3:hr>145</ns3:hr>
            <ns3:cad>80</ns3:cad>
          </ns3:TrackPointExtension>
        </extensions>
      </trkpt>
      <trkpt lat="35.7634006999433040618896484375" lon="139.54639012925326824188232421875">
        <ele>46</ele>
        <time>2026-08-26T09:39:46.000Z</time>
        <extensions>
          <ns3:TrackPointExtension>
            <ns3:hr>145</ns3:hr>
            <ns3:cad>80</ns3:cad>
          </ns3:TrackPointExtension>
        </extensions>
      </trkpt>
      <trkpt lat="35.7633956708014011383056640625" lon="139.54637856222689151763916015625">
        <ele>46</ele>
        <time>2026-08-26T09:39:47.000Z</time>
        <extensions>
          <ns3:TrackPointExtension>
            <ns3:hr>145</ns3:hr>
            <ns3:cad>80</ns3:cad>
          </ns3:TrackPointExtension>
        </extensions>
      </trkpt>
      <trkpt lat="35.76338703744113445281982421875" lon="139.5463657379150390625">
        <ele>46</ele>
        <time>2026-08-26T09:39:48.000Z</time>
        <extensions>
          <ns3:TrackPointExtension>
            <ns3:hr>145</ns3:hr>
            <ns3:cad>80</ns3:cad>
          </ns3:TrackPointExtension>
        </extensions>
      </trkpt>
      <trkpt lat="35.76337781734764575958251953125" lon="139.546352326869964599609375">
        <ele>46</ele>
        <time>2026-08-26T09:39:49.000Z</time>
        <extensions>
          <ns3:TrackPointExtension>
            <ns3:hr>145</ns3:hr>
            <ns3:cad>80</ns3:cad>
          </ns3:TrackPointExtension>
        </extensions>
      </trkpt>
      <trkpt lat="35.7633685134351253509521484375" lon="139.546337239444255828857421875">
        <ele>46</ele>
        <time>2026-08-26T09:39:50.000Z</time>
        <extensions>
          <ns3:TrackPointExtension>
            <ns3:hr>146</ns3:hr>
            <ns3:cad>80</ns3:cad>
          </ns3:TrackPointExtension>
        </extensions>
      </trkpt>
      <trkpt lat="35.76336599886417388916015625" lon="139.54632022418081760406494140625">
        <ele>46</ele>
        <time>2026-08-26T09:39:51.000Z</time>
        <extensions>
          <ns3:TrackPointExtension>
            <ns3:hr>146</ns3:hr>
            <ns3:cad>80</ns3:cad>
          </ns3:TrackPointExtension>
        </extensions>
      </trkpt>
      <trkpt lat="35.7633624784648418426513671875" lon="139.546302370727062225341796875">
        <ele>45.799999237060546875</ele>
        <time>2026-08-26T09:39:52.000Z</time>
        <extensions>
          <ns3:TrackPointExtension>
            <ns3:hr>146</ns3:hr>
            <ns3:cad>79</ns3:cad>
          </ns3:TrackPointExtension>
        </extensions>
      </trkpt>
      <trkpt lat="35.76335904188454151153564453125" lon="139.54628325998783111572265625">
        <ele>45.799999237060546875</ele>
        <time>2026-08-26T09:39:53.000Z</time>
        <extensions>
          <ns3:TrackPointExtension>
            <ns3:hr>146</ns3:hr>
            <ns3:cad>79</ns3:cad>
          </ns3:TrackPointExtension>
        </extensions>
      </trkpt>
      <trkpt lat="35.76334848068654537200927734375" lon="139.54626507125794887542724609375">
        <ele>45.799999237060546875</ele>
        <time>2026-08-26T09:39:54.000Z</time>
        <extensions>
          <ns3:TrackPointExtension>
            <ns3:hr>147</ns3:hr>
            <ns3:cad>79</ns3:cad>
          </ns3:TrackPointExtension>
        </extensions>
      </trkpt>
      <trkpt lat="35.76334185898303985595703125" lon="139.54624931327998638153076171875">
        <ele>45.799999237060546875</ele>
        <time>2026-08-26T09:39:55.000Z</time>
        <extensions>
          <ns3:TrackPointExtension>
            <ns3:hr>147</ns3:hr>
            <ns3:cad>80</ns3:cad>
          </ns3:TrackPointExtension>
        </extensions>
      </trkpt>
      <trkpt lat="35.763332135975360870361328125" lon="139.5462388359010219573974609375">
        <ele>45.799999237060546875</ele>
        <time>2026-08-26T09:39:56.000Z</time>
        <extensions>
          <ns3:TrackPointExtension>
            <ns3:hr>147</ns3:hr>
            <ns3:cad>80</ns3:cad>
          </ns3:TrackPointExtension>
        </extensions>
      </trkpt>
      <trkpt lat="35.7633192278444766998291015625" lon="139.5462254248559474945068359375">
        <ele>45.799999237060546875</ele>
        <time>2026-08-26T09:39:57.000Z</time>
        <extensions>
          <ns3:TrackPointExtension>
            <ns3:hr>147</ns3:hr>
            <ns3:cad>79</ns3:cad>
          </ns3:TrackPointExtension>
        </extensions>
      </trkpt>
      <trkpt lat="35.763306319713592529296875" lon="139.54621209762990474700927734375">
        <ele>45.799999237060546875</ele>
        <time>2026-08-26T09:39:58.000Z</time>
        <extensions>
          <ns3:TrackPointExtension>
            <ns3:hr>147</ns3:hr>
            <ns3:cad>79</ns3:cad>
          </ns3:TrackPointExtension>
        </extensions>
      </trkpt>
      <trkpt lat="35.76329567469656467437744140625" lon="139.54619784839451313018798828125">
        <ele>45.799999237060546875</ele>
        <time>2026-08-26T09:39:59.000Z</time>
        <extensions>
          <ns3:TrackPointExtension>
            <ns3:hr>147</ns3:hr>
            <ns3:cad>79</ns3:cad>
          </ns3:TrackPointExtension>
        </extensions>
      </trkpt>
      <trkpt lat="35.7632857002317905426025390625" lon="139.5461855269968509674072265625">
        <ele>45.799999237060546875</ele>
        <time>2026-08-26T09:40:00.000Z</time>
        <extensions>
          <ns3:TrackPointExtension>
            <ns3:hr>147</ns3:hr>
            <ns3:cad>80</ns3:cad>
          </ns3:TrackPointExtension>
        </extensions>
      </trkpt>
      <trkpt lat="35.7632739655673503875732421875" lon="139.54617085866630077362060546875">
        <ele>45.799999237060546875</ele>
        <time>2026-08-26T09:40:01.000Z</time>
        <extensions>
          <ns3:TrackPointExtension>
            <ns3:hr>147</ns3:hr>
            <ns3:cad>80</ns3:cad>
          </ns3:TrackPointExtension>
        </extensions>
      </trkpt>
      <trkpt lat="35.76326273381710052490234375" lon="139.54615359194576740264892578125">
        <ele>45.799999237060546875</ele>
        <time>2026-08-26T09:40:02.000Z</time>
        <extensions>
          <ns3:TrackPointExtension>
            <ns3:hr>147</ns3:hr>
            <ns3:cad>78</ns3:cad>
          </ns3:TrackPointExtension>
        </extensions>
      </trkpt>
      <trkpt lat="35.763248987495899200439453125" lon="139.54614018090069293975830078125">
        <ele>45.799999237060546875</ele>
        <time>2026-08-26T09:40:03.000Z</time>
        <extensions>
          <ns3:TrackPointExtension>
            <ns3:hr>146</ns3:hr>
            <ns3:cad>78</ns3:cad>
          </ns3:TrackPointExtension>
        </extensions>
      </trkpt>
      <trkpt lat="35.7632344029843807220458984375" lon="139.546127021312713623046875">
        <ele>46</ele>
        <time>2026-08-26T09:40:04.000Z</time>
        <extensions>
          <ns3:TrackPointExtension>
            <ns3:hr>146</ns3:hr>
            <ns3:cad>77</ns3:cad>
          </ns3:TrackPointExtension>
        </extensions>
      </trkpt>
      <trkpt lat="35.76321872882544994354248046875" lon="139.5461124368011951446533203125">
        <ele>46</ele>
        <time>2026-08-26T09:40:05.000Z</time>
        <extensions>
          <ns3:TrackPointExtension>
            <ns3:hr>146</ns3:hr>
            <ns3:cad>77</ns3:cad>
          </ns3:TrackPointExtension>
        </extensions>
      </trkpt>
      <trkpt lat="35.76320162974298000335693359375" lon="139.54609726555645465850830078125">
        <ele>46</ele>
        <time>2026-08-26T09:40:06.000Z</time>
        <extensions>
          <ns3:TrackPointExtension>
            <ns3:hr>146</ns3:hr>
            <ns3:cad>77</ns3:cad>
          </ns3:TrackPointExtension>
        </extensions>
      </trkpt>
      <trkpt lat="35.7631857879459857940673828125" lon="139.54608234576880931854248046875">
        <ele>45.799999237060546875</ele>
        <time>2026-08-26T09:40:07.000Z</time>
        <extensions>
          <ns3:TrackPointExtension>
            <ns3:hr>146</ns3:hr>
            <ns3:cad>80</ns3:cad>
          </ns3:TrackPointExtension>
        </extensions>
      </trkpt>
      <trkpt lat="35.7631686888635158538818359375" lon="139.54606776125729084014892578125">
        <ele>45.799999237060546875</ele>
        <time>2026-08-26T09:40:08.000Z</time>
        <extensions>
          <ns3:TrackPointExtension>
            <ns3:hr>146</ns3:hr>
            <ns3:cad>80</ns3:cad>
          </ns3:TrackPointExtension>
        </extensions>
      </trkpt>
      <trkpt lat="35.76315016485750675201416015625" lon="139.546060301363468170166015625">
        <ele>45.799999237060546875</ele>
        <time>2026-08-26T09:40:09.000Z</time>
        <extensions>
          <ns3:TrackPointExtension>
            <ns3:hr>145</ns3:hr>
            <ns3:cad>80</ns3:cad>
          </ns3:TrackPointExtension>
        </extensions>
      </trkpt>
      <trkpt lat="35.763132311403751373291015625" lon="139.54605217091739177703857421875">
        <ele>45.799999237060546875</ele>
        <time>2026-08-26T09:40:10.000Z</time>
        <extensions>
          <ns3:TrackPointExtension>
            <ns3:hr>145</ns3:hr>
            <ns3:cad>80</ns3:cad>
          </ns3:TrackPointExtension>
        </extensions>
      </trkpt>
      <trkpt lat="35.763116888701915740966796875" lon="139.54603959806263446807861328125">
        <ele>45.799999237060546875</ele>
        <time>2026-08-26T09:40:11.000Z</time>
        <extensions>
          <ns3:TrackPointExtension>
            <ns3:hr>145</ns3:hr>
            <ns3:cad>81</ns3:cad>
          </ns3:TrackPointExtension>
        </extensions>
      </trkpt>
      <trkpt lat="35.7631006278097629547119140625" lon="139.54602601937949657440185546875">
        <ele>45.799999237060546875</ele>
        <time>2026-08-26T09:40:12.000Z</time>
        <extensions>
          <ns3:TrackPointExtension>
            <ns3:hr>144</ns3:hr>
            <ns3:cad>81</ns3:cad>
          </ns3:TrackPointExtension>
        </extensions>
      </trkpt>
      <trkpt lat="35.76308797113597393035888671875" lon="139.54601026140153408050537109375">
        <ele>45.799999237060546875</ele>
        <time>2026-08-26T09:40:13.000Z</time>
        <extensions>
          <ns3:TrackPointExtension>
            <ns3:hr>143</ns3:hr>
            <ns3:cad>81</ns3:cad>
          </ns3:TrackPointExtension>
        </extensions>
      </trkpt>
      <trkpt lat="35.7630758173763751983642578125" lon="139.54599550925195217132568359375">
        <ele>45.799999237060546875</ele>
        <time>2026-08-26T09:40:14.000Z</time>
        <extensions>
          <ns3:TrackPointExtension>
            <ns3:hr>142</ns3:hr>
            <ns3:cad>81</ns3:cad>
          </ns3:TrackPointExtension>
        </extensions>
      </trkpt>
      <trkpt lat="35.76306282542645931243896484375" lon="139.5459830202162265777587890625">
        <ele>45.799999237060546875</ele>
        <time>2026-08-26T09:40:15.000Z</time>
        <extensions>
          <ns3:TrackPointExtension>
            <ns3:hr>142</ns3:hr>
            <ns3:cad>81</ns3:cad>
          </ns3:TrackPointExtension>
        </extensions>
      </trkpt>
      <trkpt lat="35.76304656453430652618408203125" lon="139.545969106256961822509765625">
        <ele>46</ele>
        <time>2026-08-26T09:40:16.000Z</time>
        <extensions>
          <ns3:TrackPointExtension>
            <ns3:hr>142</ns3:hr>
            <ns3:cad>81</ns3:cad>
          </ns3:TrackPointExtension>
        </extensions>
      </trkpt>
      <trkpt lat="35.7630315609276294708251953125" lon="139.54595577903091907501220703125">
        <ele>46</ele>
        <time>2026-08-26T09:40:17.000Z</time>
        <extensions>
          <ns3:TrackPointExtension>
            <ns3:hr>142</ns3:hr>
            <ns3:cad>81</ns3:cad>
          </ns3:TrackPointExtension>
        </extensions>
      </trkpt>
      <trkpt lat="35.7630124501883983612060546875" lon="139.54594538547098636627197265625">
        <ele>46</ele>
        <time>2026-08-26T09:40:18.000Z</time>
        <extensions>
          <ns3:TrackPointExtension>
            <ns3:hr>142</ns3:hr>
            <ns3:cad>81</ns3:cad>
          </ns3:TrackPointExtension>
        </extensions>
      </trkpt>
      <trkpt lat="35.76299392618238925933837890625" lon="139.5459287054836750030517578125">
        <ele>45.799999237060546875</ele>
        <time>2026-08-26T09:40:19.000Z</time>
        <extensions>
          <ns3:TrackPointExtension>
            <ns3:hr>141</ns3:hr>
            <ns3:cad>80</ns3:cad>
          </ns3:TrackPointExtension>
        </extensions>
      </trkpt>
      <trkpt lat="35.76297950930893421173095703125" lon="139.5459142886102199554443359375">
        <ele>45.799999237060546875</ele>
        <time>2026-08-26T09:40:20.000Z</time>
        <extensions>
          <ns3:TrackPointExtension>
            <ns3:hr>141</ns3:hr>
            <ns3:cad>79</ns3:cad>
          </ns3:TrackPointExtension>
        </extensions>
      </trkpt>
      <trkpt lat="35.7629665173590183258056640625" lon="139.5459043979644775390625">
        <ele>45.799999237060546875</ele>
        <time>2026-08-26T09:40:21.000Z</time>
        <extensions>
          <ns3:TrackPointExtension>
            <ns3:hr>141</ns3:hr>
            <ns3:cad>79</ns3:cad>
          </ns3:TrackPointExtension>
        </extensions>
      </trkpt>
      <trkpt lat="35.76295184902846813201904296875" lon="139.5458971895277500152587890625">
        <ele>45.59999847412109375</ele>
        <time>2026-08-26T09:40:22.000Z</time>
        <extensions>
          <ns3:TrackPointExtension>
            <ns3:hr>141</ns3:hr>
            <ns3:cad>79</ns3:cad>
          </ns3:TrackPointExtension>
        </extensions>
      </trkpt>
      <trkpt lat="35.76293910853564739227294921875" lon="139.5458896458148956298828125">
        <ele>45.59999847412109375</ele>
        <time>2026-08-26T09:40:23.000Z</time>
        <extensions>
          <ns3:TrackPointExtension>
            <ns3:hr>141</ns3:hr>
            <ns3:cad>79</ns3:cad>
          </ns3:TrackPointExtension>
        </extensions>
      </trkpt>
      <trkpt lat="35.76292603276669979095458984375" lon="139.54587933607399463653564453125">
        <ele>45.59999847412109375</ele>
        <time>2026-08-26T09:40:24.000Z</time>
        <extensions>
          <ns3:TrackPointExtension>
            <ns3:hr>141</ns3:hr>
            <ns3:cad>78</ns3:cad>
          </ns3:TrackPointExtension>
        </extensions>
      </trkpt>
      <trkpt lat="35.76291195116937160491943359375" lon="139.545871876180171966552734375">
        <ele>45.59999847412109375</ele>
        <time>2026-08-26T09:40:25.000Z</time>
        <extensions>
          <ns3:TrackPointExtension>
            <ns3:hr>141</ns3:hr>
            <ns3:cad>78</ns3:cad>
          </ns3:TrackPointExtension>
        </extensions>
      </trkpt>
      <trkpt lat="35.762895606458187103271484375" lon="139.545863159000873565673828125">
        <ele>45.59999847412109375</ele>
        <time>2026-08-26T09:40:26.000Z</time>
        <extensions>
          <ns3:TrackPointExtension>
            <ns3:hr>142</ns3:hr>
            <ns3:cad>79</ns3:cad>
          </ns3:TrackPointExtension>
        </extensions>
      </trkpt>
      <trkpt lat="35.76287976466119289398193359375" lon="139.5458499155938625335693359375">
        <ele>45.59999847412109375</ele>
        <time>2026-08-26T09:40:27.000Z</time>
        <extensions>
          <ns3:TrackPointExtension>
            <ns3:hr>142</ns3:hr>
            <ns3:cad>79</ns3:cad>
          </ns3:TrackPointExtension>
        </extensions>
      </trkpt>
      <trkpt lat="35.7628635875880718231201171875" lon="139.54583977349102497100830078125">
        <ele>45.59999847412109375</ele>
        <time>2026-08-26T09:40:28.000Z</time>
        <extensions>
          <ns3:TrackPointExtension>
            <ns3:hr>142</ns3:hr>
            <ns3:cad>79</ns3:cad>
          </ns3:TrackPointExtension>
        </extensions>
      </trkpt>
      <trkpt lat="35.76284757815301418304443359375" lon="139.5458279550075531005859375">
        <ele>45.59999847412109375</ele>
        <time>2026-08-26T09:40:29.000Z</time>
        <extensions>
          <ns3:TrackPointExtension>
            <ns3:hr>142</ns3:hr>
            <ns3:cad>80</ns3:cad>
          </ns3:TrackPointExtension>
        </extensions>
      </trkpt>
      <trkpt lat="35.76283047907054424285888671875" lon="139.54582099802792072296142578125">
        <ele>45.59999847412109375</ele>
        <time>2026-08-26T09:40:30.000Z</time>
        <extensions>
          <ns3:TrackPointExtension>
            <ns3:hr>141</ns3:hr>
            <ns3:cad>80</ns3:cad>
          </ns3:TrackPointExtension>
        </extensions>
      </trkpt>
      <trkpt lat="35.7628139667212963104248046875" lon="139.5458096824586391448974609375">
        <ele>45.59999847412109375</ele>
        <time>2026-08-26T09:40:31.000Z</time>
        <extensions>
          <ns3:TrackPointExtension>
            <ns3:hr>142</ns3:hr>
            <ns3:cad>82</ns3:cad>
          </ns3:TrackPointExtension>
        </extensions>
      </trkpt>
      <trkpt lat="35.76279980130493640899658203125" lon="139.54579954035580158233642578125">
        <ele>45.59999847412109375</ele>
        <time>2026-08-26T09:40:32.000Z</time>
        <extensions>
          <ns3:TrackPointExtension>
            <ns3:hr>141</ns3:hr>
            <ns3:cad>82</ns3:cad>
          </ns3:TrackPointExtension>
        </extensions>
      </trkpt>
      <trkpt lat="35.76277951709926128387451171875" lon="139.54578931443393230438232421875">
        <ele>45.59999847412109375</ele>
        <time>2026-08-26T09:40:33.000Z</time>
        <extensions>
          <ns3:TrackPointExtension>
            <ns3:hr>141</ns3:hr>
            <ns3:cad>82</ns3:cad>
          </ns3:TrackPointExtension>
        </extensions>
      </trkpt>
      <trkpt lat="35.762762837111949920654296875" lon="139.54577791504561901092529296875">
        <ele>45.59999847412109375</ele>
        <time>2026-08-26T09:40:34.000Z</time>
        <extensions>
          <ns3:TrackPointExtension>
            <ns3:hr>141</ns3:hr>
            <ns3:cad>80</ns3:cad>
          </ns3:TrackPointExtension>
        </extensions>
      </trkpt>
      <trkpt lat="35.76274632476270198822021484375" lon="139.54576550982892513275146484375">
        <ele>45.59999847412109375</ele>
        <time>2026-08-26T09:40:35.000Z</time>
        <extensions>
          <ns3:TrackPointExtension>
            <ns3:hr>141</ns3:hr>
            <ns3:cad>80</ns3:cad>
          </ns3:TrackPointExtension>
        </extensions>
      </trkpt>
      <trkpt lat="35.7627294771373271942138671875" lon="139.545757211744785308837890625">
        <ele>45.59999847412109375</ele>
        <time>2026-08-26T09:40:36.000Z</time>
        <extensions>
          <ns3:TrackPointExtension>
            <ns3:hr>141</ns3:hr>
            <ns3:cad>81</ns3:cad>
          </ns3:TrackPointExtension>
        </extensions>
      </trkpt>
      <trkpt lat="35.76271690428256988525390625" lon="139.545752517879009246826171875">
        <ele>45.59999847412109375</ele>
        <time>2026-08-26T09:40:37.000Z</time>
        <extensions>
          <ns3:TrackPointExtension>
            <ns3:hr>142</ns3:hr>
            <ns3:cad>81</ns3:cad>
          </ns3:TrackPointExtension>
        </extensions>
      </trkpt>
      <trkpt lat="35.762701146304607391357421875" lon="139.54574908129870891571044921875">
        <ele>45.59999847412109375</ele>
        <time>2026-08-26T09:40:38.000Z</time>
        <extensions>
          <ns3:TrackPointExtension>
            <ns3:hr>142</ns3:hr>
            <ns3:cad>83</ns3:cad>
          </ns3:TrackPointExtension>
        </extensions>
      </trkpt>
      <trkpt lat="35.7626827061176300048828125" lon="139.54574815928936004638671875">
        <ele>45.59999847412109375</ele>
        <time>2026-08-26T09:40:39.000Z</time>
        <extensions>
          <ns3:TrackPointExtension>
            <ns3:hr>142</ns3:hr>
            <ns3:cad>83</ns3:cad>
          </ns3:TrackPointExtension>
        </extensions>
      </trkpt>
      <trkpt lat="35.76267063617706298828125" lon="139.5457402803003787994384765625">
        <ele>45.59999847412109375</ele>
        <time>2026-08-26T09:40:40.000Z</time>
        <extensions>
          <ns3:TrackPointExtension>
            <ns3:hr>143</ns3:hr>
            <ns3:cad>83</ns3:cad>
          </ns3:TrackPointExtension>
        </extensions>
      </trkpt>
      <trkpt lat="35.76265781186521053314208984375" lon="139.54573072493076324462890625">
        <ele>45.59999847412109375</ele>
        <time>2026-08-26T09:40:41.000Z</time>
        <extensions>
          <ns3:TrackPointExtension>
            <ns3:hr>143</ns3:hr>
            <ns3:cad>81</ns3:cad>
          </ns3:TrackPointExtension>
        </extensions>
      </trkpt>
      <trkpt lat="35.7626423053443431854248046875" lon="139.545716978609561920166015625">
        <ele>45.59999847412109375</ele>
        <time>2026-08-26T09:40:42.000Z</time>
        <extensions>
          <ns3:TrackPointExtension>
            <ns3:hr>144</ns3:hr>
            <ns3:cad>80</ns3:cad>
          </ns3:TrackPointExtension>
        </extensions>
      </trkpt>
      <trkpt lat="35.76262411661446094512939453125" lon="139.54570591449737548828125">
        <ele>45.59999847412109375</ele>
        <time>2026-08-26T09:40:43.000Z</time>
        <extensions>
          <ns3:TrackPointExtension>
            <ns3:hr>145</ns3:hr>
            <ns3:cad>80</ns3:cad>
          </ns3:TrackPointExtension>
        </extensions>
      </trkpt>
      <trkpt lat="35.76261087320744991302490234375" lon="139.545694850385189056396484375">
        <ele>45.59999847412109375</ele>
        <time>2026-08-26T09:40:44.000Z</time>
        <extensions>
          <ns3:TrackPointExtension>
            <ns3:hr>145</ns3:hr>
            <ns3:cad>80</ns3:cad>
          </ns3:TrackPointExtension>
        </extensions>
      </trkpt>
      <trkpt lat="35.76259645633399486541748046875" lon="139.5456842891871929168701171875">
        <ele>45.59999847412109375</ele>
        <time>2026-08-26T09:40:45.000Z</time>
        <extensions>
          <ns3:TrackPointExtension>
            <ns3:hr>145</ns3:hr>
            <ns3:cad>81</ns3:cad>
          </ns3:TrackPointExtension>
        </extensions>
      </trkpt>
      <trkpt lat="35.76257516629993915557861328125" lon="139.54567314125597476959228515625">
        <ele>45.59999847412109375</ele>
        <time>2026-08-26T09:40:46.000Z</time>
        <extensions>
          <ns3:TrackPointExtension>
            <ns3:hr>145</ns3:hr>
            <ns3:cad>82</ns3:cad>
          </ns3:TrackPointExtension>
        </extensions>
      </trkpt>
      <trkpt lat="35.76255320571362972259521484375" lon="139.54566895030438899993896484375">
        <ele>45.59999847412109375</ele>
        <time>2026-08-26T09:40:47.000Z</time>
        <extensions>
          <ns3:TrackPointExtension>
            <ns3:hr>145</ns3:hr>
            <ns3:cad>82</ns3:cad>
          </ns3:TrackPointExtension>
        </extensions>
      </trkpt>
      <trkpt lat="35.762533843517303466796875" lon="139.54566626809537410736083984375">
        <ele>45.799999237060546875</ele>
        <time>2026-08-26T09:40:48.000Z</time>
        <extensions>
          <ns3:TrackPointExtension>
            <ns3:hr>145</ns3:hr>
            <ns3:cad>83</ns3:cad>
          </ns3:TrackPointExtension>
        </extensions>
      </trkpt>
      <trkpt lat="35.76251297257840633392333984375" lon="139.54565838910639286041259765625">
        <ele>45.799999237060546875</ele>
        <time>2026-08-26T09:40:49.000Z</time>
        <extensions>
          <ns3:TrackPointExtension>
            <ns3:hr>145</ns3:hr>
            <ns3:cad>83</ns3:cad>
          </ns3:TrackPointExtension>
        </extensions>
      </trkpt>
      <trkpt lat="35.762499980628490447998046875" lon="139.5456447266042232513427734375">
        <ele>45.799999237060546875</ele>
        <time>2026-08-26T09:40:50.000Z</time>
        <extensions>
          <ns3:TrackPointExtension>
            <ns3:hr>145</ns3:hr>
            <ns3:cad>82</ns3:cad>
          </ns3:TrackPointExtension>
        </extensions>
      </trkpt>
      <trkpt lat="35.76248430646955966949462890625" lon="139.5456333272159099578857421875">
        <ele>45.59999847412109375</ele>
        <time>2026-08-26T09:40:51.000Z</time>
        <extensions>
          <ns3:TrackPointExtension>
            <ns3:hr>145</ns3:hr>
            <ns3:cad>82</ns3:cad>
          </ns3:TrackPointExtension>
        </extensions>
      </trkpt>
      <trkpt lat="35.76246385462582111358642578125" lon="139.54562083818018436431884765625">
        <ele>45.59999847412109375</ele>
        <time>2026-08-26T09:40:52.000Z</time>
        <extensions>
          <ns3:TrackPointExtension>
            <ns3:hr>145</ns3:hr>
            <ns3:cad>81</ns3:cad>
          </ns3:TrackPointExtension>
        </extensions>
      </trkpt>
      <trkpt lat="35.7624386250972747802734375" lon="139.5456128753721714019775390625">
        <ele>45.59999847412109375</ele>
        <time>2026-08-26T09:40:53.000Z</time>
        <extensions>
          <ns3:TrackPointExtension>
            <ns3:hr>145</ns3:hr>
            <ns3:cad>82</ns3:cad>
          </ns3:TrackPointExtension>
        </extensions>
      </trkpt>
      <trkpt lat="35.762420855462551116943359375" lon="139.54560876823961734771728515625">
        <ele>45.59999847412109375</ele>
        <time>2026-08-26T09:40:54.000Z</time>
        <extensions>
          <ns3:TrackPointExtension>
            <ns3:hr>145</ns3:hr>
            <ns3:cad>83</ns3:cad>
          </ns3:TrackPointExtension>
        </extensions>
      </trkpt>
      <trkpt lat="35.7623972184956073760986328125" lon="139.545598961412906646728515625">
        <ele>45.59999847412109375</ele>
        <time>2026-08-26T09:40:55.000Z</time>
        <extensions>
          <ns3:TrackPointExtension>
            <ns3:hr>145</ns3:hr>
            <ns3:cad>82</ns3:cad>
          </ns3:TrackPointExtension>
        </extensions>
      </trkpt>
      <trkpt lat="35.76238204725086688995361328125" lon="139.54559351317584514617919921875">
        <ele>45.59999847412109375</ele>
        <time>2026-08-26T09:40:56.000Z</time>
        <extensions>
          <ns3:TrackPointExtension>
            <ns3:hr>145</ns3:hr>
            <ns3:cad>82</ns3:cad>
          </ns3:TrackPointExtension>
        </extensions>
      </trkpt>
      <trkpt lat="35.762361846864223480224609375" lon="139.54558722674846649169921875">
        <ele>45.59999847412109375</ele>
        <time>2026-08-26T09:40:57.000Z</time>
        <extensions>
          <ns3:TrackPointExtension>
            <ns3:hr>145</ns3:hr>
            <ns3:cad>82</ns3:cad>
          </ns3:TrackPointExtension>
        </extensions>
      </trkpt>
      <trkpt lat="35.762343741953372955322265625" lon="139.54557959921658039093017578125">
        <ele>45.59999847412109375</ele>
        <time>2026-08-26T09:40:58.000Z</time>
        <extensions>
          <ns3:TrackPointExtension>
            <ns3:hr>145</ns3:hr>
            <ns3:cad>82</ns3:cad>
          </ns3:TrackPointExtension>
        </extensions>
      </trkpt>
      <trkpt lat="35.7623234577476978302001953125" lon="139.54557289369404315948486328125">
        <ele>45.59999847412109375</ele>
        <time>2026-08-26T09:40:59.000Z</time>
        <extensions>
          <ns3:TrackPointExtension>
            <ns3:hr>145</ns3:hr>
            <ns3:cad>82</ns3:cad>
          </ns3:TrackPointExtension>
        </extensions>
      </trkpt>
      <trkpt lat="35.7623043470084667205810546875" lon="139.54556501470506191253662109375">
        <ele>45.59999847412109375</ele>
        <time>2026-08-26T09:41:00.000Z</time>
        <extensions>
          <ns3:TrackPointExtension>
            <ns3:hr>145</ns3:hr>
            <ns3:cad>82</ns3:cad>
          </ns3:TrackPointExtension>
        </extensions>
      </trkpt>
      <trkpt lat="35.76227995567023754119873046875" lon="139.5455610752105712890625">
        <ele>45.59999847412109375</ele>
        <time>2026-08-26T09:41:01.000Z</time>
        <extensions>
          <ns3:TrackPointExtension>
            <ns3:hr>145</ns3:hr>
            <ns3:cad>82</ns3:cad>
          </ns3:TrackPointExtension>
        </extensions>
      </trkpt>
      <trkpt lat="35.76226302422583103179931640625" lon="139.5455602370202541351318359375">
        <ele>45.59999847412109375</ele>
        <time>2026-08-26T09:41:02.000Z</time>
        <extensions>
          <ns3:TrackPointExtension>
            <ns3:hr>145</ns3:hr>
            <ns3:cad>82</ns3:cad>
          </ns3:TrackPointExtension>
        </extensions>
      </trkpt>
      <trkpt lat="35.76224617660045623779296875" lon="139.545552693307399749755859375">
        <ele>45.799999237060546875</ele>
        <time>2026-08-26T09:41:03.000Z</time>
        <extensions>
          <ns3:TrackPointExtension>
            <ns3:hr>145</ns3:hr>
            <ns3:cad>81</ns3:cad>
          </ns3:TrackPointExtension>
        </extensions>
      </trkpt>
      <trkpt lat="35.7622320950031280517578125" lon="139.54554221592843532562255859375">
        <ele>45.799999237060546875</ele>
        <time>2026-08-26T09:41:04.000Z</time>
        <extensions>
          <ns3:TrackPointExtension>
            <ns3:hr>145</ns3:hr>
            <ns3:cad>80</ns3:cad>
          </ns3:TrackPointExtension>
        </extensions>
      </trkpt>
      <trkpt lat="35.76221558265388011932373046875" lon="139.5455340854823589324951171875">
        <ele>45.799999237060546875</ele>
        <time>2026-08-26T09:41:05.000Z</time>
        <extensions>
          <ns3:TrackPointExtension>
            <ns3:hr>145</ns3:hr>
            <ns3:cad>80</ns3:cad>
          </ns3:TrackPointExtension>
        </extensions>
      </trkpt>
      <trkpt lat="35.7621977292001247406005859375" lon="139.545524530112743377685546875">
        <ele>45.799999237060546875</ele>
        <time>2026-08-26T09:41:06.000Z</time>
        <extensions>
          <ns3:TrackPointExtension>
            <ns3:hr>144</ns3:hr>
            <ns3:cad>80</ns3:cad>
          </ns3:TrackPointExtension>
        </extensions>
      </trkpt>
      <trkpt lat="35.76217635534703731536865234375" lon="139.545513801276683807373046875">
        <ele>45.799999237060546875</ele>
        <time>2026-08-26T09:41:07.000Z</time>
        <extensions>
          <ns3:TrackPointExtension>
            <ns3:hr>145</ns3:hr>
            <ns3:cad>80</ns3:cad>
          </ns3:TrackPointExtension>
        </extensions>
      </trkpt>
      <trkpt lat="35.76216277666389942169189453125" lon="139.545506425201892852783203125">
        <ele>46</ele>
        <time>2026-08-26T09:41:08.000Z</time>
        <extensions>
          <ns3:TrackPointExtension>
            <ns3:hr>145</ns3:hr>
            <ns3:cad>79</ns3:cad>
          </ns3:TrackPointExtension>
        </extensions>
      </trkpt>
      <trkpt lat="35.76214500702917575836181640625" lon="139.5455002225935459136962890625">
        <ele>46</ele>
        <time>2026-08-26T09:41:09.000Z</time>
        <extensions>
          <ns3:TrackPointExtension>
            <ns3:hr>145</ns3:hr>
            <ns3:cad>79</ns3:cad>
          </ns3:TrackPointExtension>
        </extensions>
      </trkpt>
      <trkpt lat="35.76212623156607151031494140625" lon="139.54549326561391353607177734375">
        <ele>46</ele>
        <time>2026-08-26T09:41:10.000Z</time>
        <extensions>
          <ns3:TrackPointExtension>
            <ns3:hr>145</ns3:hr>
            <ns3:cad>79</ns3:cad>
          </ns3:TrackPointExtension>
        </extensions>
      </trkpt>
      <trkpt lat="35.76211131177842617034912109375" lon="139.54548287205398082733154296875">
        <ele>46</ele>
        <time>2026-08-26T09:41:11.000Z</time>
        <extensions>
          <ns3:TrackPointExtension>
            <ns3:hr>145</ns3:hr>
            <ns3:cad>79</ns3:cad>
          </ns3:TrackPointExtension>
        </extensions>
      </trkpt>
      <trkpt lat="35.76209597289562225341796875" lon="139.54547381959855556488037109375">
        <ele>46</ele>
        <time>2026-08-26T09:41:12.000Z</time>
        <extensions>
          <ns3:TrackPointExtension>
            <ns3:hr>145</ns3:hr>
            <ns3:cad>79</ns3:cad>
          </ns3:TrackPointExtension>
        </extensions>
      </trkpt>
      <trkpt lat="35.76207761652767658233642578125" lon="139.54546510241925716400146484375">
        <ele>46</ele>
        <time>2026-08-26T09:41:13.000Z</time>
        <extensions>
          <ns3:TrackPointExtension>
            <ns3:hr>146</ns3:hr>
            <ns3:cad>79</ns3:cad>
          </ns3:TrackPointExtension>
        </extensions>
      </trkpt>
      <trkpt lat="35.76206118799746036529541015625" lon="139.54545713961124420166015625">
        <ele>46.200000762939453125</ele>
        <time>2026-08-26T09:41:14.000Z</time>
        <extensions>
          <ns3:TrackPointExtension>
            <ns3:hr>146</ns3:hr>
            <ns3:cad>79</ns3:cad>
          </ns3:TrackPointExtension>
        </extensions>
      </trkpt>
      <trkpt lat="35.7620455138385295867919921875" lon="139.54544750042259693145751953125">
        <ele>46.200000762939453125</ele>
        <time>2026-08-26T09:41:15.000Z</time>
        <extensions>
          <ns3:TrackPointExtension>
            <ns3:hr>146</ns3:hr>
            <ns3:cad>79</ns3:cad>
          </ns3:TrackPointExtension>
        </extensions>
      </trkpt>
      <trkpt lat="35.7620304264128208160400390625" lon="139.54543794505298137664794921875">
        <ele>46.200000762939453125</ele>
        <time>2026-08-26T09:41:16.000Z</time>
        <extensions>
          <ns3:TrackPointExtension>
            <ns3:hr>146</ns3:hr>
            <ns3:cad>79</ns3:cad>
          </ns3:TrackPointExtension>
        </extensions>
      </trkpt>
      <trkpt lat="35.76201374642550945281982421875" lon="139.545428641140460968017578125">
        <ele>46.200000762939453125</ele>
        <time>2026-08-26T09:41:17.000Z</time>
        <extensions>
          <ns3:TrackPointExtension>
            <ns3:hr>146</ns3:hr>
            <ns3:cad>79</ns3:cad>
          </ns3:TrackPointExtension>
        </extensions>
      </trkpt>
      <trkpt lat="35.761997066438198089599609375" lon="139.54541665501892566680908203125">
        <ele>46.200000762939453125</ele>
        <time>2026-08-26T09:41:18.000Z</time>
        <extensions>
          <ns3:TrackPointExtension>
            <ns3:hr>146</ns3:hr>
            <ns3:cad>79</ns3:cad>
          </ns3:TrackPointExtension>
        </extensions>
      </trkpt>
      <trkpt lat="35.76198273338377475738525390625" lon="139.54540223814547061920166015625">
        <ele>46.200000762939453125</ele>
        <time>2026-08-26T09:41:19.000Z</time>
        <extensions>
          <ns3:TrackPointExtension>
            <ns3:hr>146</ns3:hr>
            <ns3:cad>80</ns3:cad>
          </ns3:TrackPointExtension>
        </extensions>
      </trkpt>
      <trkpt lat="35.7619677297770977020263671875" lon="139.5453880727291107177734375">
        <ele>46.200000762939453125</ele>
        <time>2026-08-26T09:41:20.000Z</time>
        <extensions>
          <ns3:TrackPointExtension>
            <ns3:hr>146</ns3:hr>
            <ns3:cad>81</ns3:cad>
          </ns3:TrackPointExtension>
        </extensions>
      </trkpt>
      <trkpt lat="35.7619499601423740386962890625" lon="139.5453765057027339935302734375">
        <ele>46.200000762939453125</ele>
        <time>2026-08-26T09:41:21.000Z</time>
        <extensions>
          <ns3:TrackPointExtension>
            <ns3:hr>146</ns3:hr>
            <ns3:cad>81</ns3:cad>
          </ns3:TrackPointExtension>
        </extensions>
      </trkpt>
      <trkpt lat="35.76193160377442836761474609375" lon="139.54536787234246730804443359375">
        <ele>46.200000762939453125</ele>
        <time>2026-08-26T09:41:22.000Z</time>
        <extensions>
          <ns3:TrackPointExtension>
            <ns3:hr>146</ns3:hr>
            <ns3:cad>81</ns3:cad>
          </ns3:TrackPointExtension>
        </extensions>
      </trkpt>
      <trkpt lat="35.76191483996808528900146484375" lon="139.54535714350640773773193359375">
        <ele>46</ele>
        <time>2026-08-26T09:41:23.000Z</time>
        <extensions>
          <ns3:TrackPointExtension>
            <ns3:hr>146</ns3:hr>
            <ns3:cad>81</ns3:cad>
          </ns3:TrackPointExtension>
        </extensions>
      </trkpt>
      <trkpt lat="35.7618996687233448028564453125" lon="139.5453446544706821441650390625">
        <ele>45.799999237060546875</ele>
        <time>2026-08-26T09:41:24.000Z</time>
        <extensions>
          <ns3:TrackPointExtension>
            <ns3:hr>146</ns3:hr>
            <ns3:cad>81</ns3:cad>
          </ns3:TrackPointExtension>
        </extensions>
      </trkpt>
      <trkpt lat="35.76188349165022373199462890625" lon="139.5453339256346225738525390625">
        <ele>45.799999237060546875</ele>
        <time>2026-08-26T09:41:25.000Z</time>
        <extensions>
          <ns3:TrackPointExtension>
            <ns3:hr>146</ns3:hr>
            <ns3:cad>81</ns3:cad>
          </ns3:TrackPointExtension>
        </extensions>
      </trkpt>
      <trkpt lat="35.76186404563486576080322265625" lon="139.5453258790075778961181640625">
        <ele>45.799999237060546875</ele>
        <time>2026-08-26T09:41:26.000Z</time>
        <extensions>
          <ns3:TrackPointExtension>
            <ns3:hr>147</ns3:hr>
            <ns3:cad>81</ns3:cad>
          </ns3:TrackPointExtension>
        </extensions>
      </trkpt>
      <trkpt lat="35.76184744946658611297607421875" lon="139.545314647257328033447265625">
        <ele>45.799999237060546875</ele>
        <time>2026-08-26T09:41:27.000Z</time>
        <extensions>
          <ns3:TrackPointExtension>
            <ns3:hr>147</ns3:hr>
            <ns3:cad>81</ns3:cad>
          </ns3:TrackPointExtension>
        </extensions>
      </trkpt>
      <trkpt lat="35.7618322782218456268310546875" lon="139.5452983863651752471923828125">
        <ele>45.799999237060546875</ele>
        <time>2026-08-26T09:41:28.000Z</time>
        <extensions>
          <ns3:TrackPointExtension>
            <ns3:hr>147</ns3:hr>
            <ns3:cad>81</ns3:cad>
          </ns3:TrackPointExtension>
        </extensions>
      </trkpt>
      <trkpt lat="35.76181660406291484832763671875" lon="139.54527952708303928375244140625">
        <ele>45.799999237060546875</ele>
        <time>2026-08-26T09:41:29.000Z</time>
        <extensions>
          <ns3:TrackPointExtension>
            <ns3:hr>148</ns3:hr>
            <ns3:cad>81</ns3:cad>
          </ns3:TrackPointExtension>
        </extensions>
      </trkpt>
      <trkpt lat="35.7617984153330326080322265625" lon="139.5452638529241085052490234375">
        <ele>45.799999237060546875</ele>
        <time>2026-08-26T09:41:30.000Z</time>
        <extensions>
          <ns3:TrackPointExtension>
            <ns3:hr>148</ns3:hr>
            <ns3:cad>81</ns3:cad>
          </ns3:TrackPointExtension>
        </extensions>
      </trkpt>
      <trkpt lat="35.761780478060245513916015625" lon="139.54525060951709747314453125">
        <ele>45.799999237060546875</ele>
        <time>2026-08-26T09:41:31.000Z</time>
        <extensions>
          <ns3:TrackPointExtension>
            <ns3:hr>147</ns3:hr>
            <ns3:cad>82</ns3:cad>
          </ns3:TrackPointExtension>
        </extensions>
      </trkpt>
      <trkpt lat="35.76176161877810955047607421875" lon="139.54523845575749874114990234375">
        <ele>45.799999237060546875</ele>
        <time>2026-08-26T09:41:32.000Z</time>
        <extensions>
          <ns3:TrackPointExtension>
            <ns3:hr>148</ns3:hr>
            <ns3:cad>82</ns3:cad>
          </ns3:TrackPointExtension>
        </extensions>
      </trkpt>
      <trkpt lat="35.761745609343051910400390625" lon="139.54522236250340938568115234375">
        <ele>45.799999237060546875</ele>
        <time>2026-08-26T09:41:33.000Z</time>
        <extensions>
          <ns3:TrackPointExtension>
            <ns3:hr>148</ns3:hr>
            <ns3:cad>82</ns3:cad>
          </ns3:TrackPointExtension>
        </extensions>
      </trkpt>
      <trkpt lat="35.76173211447894573211669921875" lon="139.5452065207064151763916015625">
        <ele>45.799999237060546875</ele>
        <time>2026-08-26T09:41:34.000Z</time>
        <extensions>
          <ns3:TrackPointExtension>
            <ns3:hr>148</ns3:hr>
            <ns3:cad>81</ns3:cad>
          </ns3:TrackPointExtension>
        </extensions>
      </trkpt>
      <trkpt lat="35.761718116700649261474609375" lon="139.54519218765199184417724609375">
        <ele>46</ele>
        <time>2026-08-26T09:41:35.000Z</time>
        <extensions>
          <ns3:TrackPointExtension>
            <ns3:hr>148</ns3:hr>
            <ns3:cad>81</ns3:cad>
          </ns3:TrackPointExtension>
        </extensions>
      </trkpt>
      <trkpt lat="35.76169766485691070556640625" lon="139.5451803691685199737548828125">
        <ele>46</ele>
        <time>2026-08-26T09:41:36.000Z</time>
        <extensions>
          <ns3:TrackPointExtension>
            <ns3:hr>148</ns3:hr>
            <ns3:cad>81</ns3:cad>
          </ns3:TrackPointExtension>
        </extensions>
      </trkpt>
      <trkpt lat="35.76167847029864788055419921875" lon="139.54516771249473094940185546875">
        <ele>46</ele>
        <time>2026-08-26T09:41:37.000Z</time>
        <extensions>
          <ns3:TrackPointExtension>
            <ns3:hr>148</ns3:hr>
            <ns3:cad>81</ns3:cad>
          </ns3:TrackPointExtension>
        </extensions>
      </trkpt>
      <trkpt lat="35.76166237704455852508544921875" lon="139.54515312798321247100830078125">
        <ele>46</ele>
        <time>2026-08-26T09:41:38.000Z</time>
        <extensions>
          <ns3:TrackPointExtension>
            <ns3:hr>148</ns3:hr>
            <ns3:cad>82</ns3:cad>
          </ns3:TrackPointExtension>
        </extensions>
      </trkpt>
      <trkpt lat="35.7616405002772808074951171875" lon="139.54513871110975742340087890625">
        <ele>46</ele>
        <time>2026-08-26T09:41:39.000Z</time>
        <extensions>
          <ns3:TrackPointExtension>
            <ns3:hr>148</ns3:hr>
            <ns3:cad>82</ns3:cad>
          </ns3:TrackPointExtension>
        </extensions>
      </trkpt>
      <trkpt lat="35.76162482611835002899169921875" lon="139.5451220311224460601806640625">
        <ele>46</ele>
        <time>2026-08-26T09:41:40.000Z</time>
        <extensions>
          <ns3:TrackPointExtension>
            <ns3:hr>149</ns3:hr>
            <ns3:cad>82</ns3:cad>
          </ns3:TrackPointExtension>
        </extensions>
      </trkpt>
      <trkpt lat="35.76161325909197330474853515625" lon="139.54510954208672046661376953125">
        <ele>46</ele>
        <time>2026-08-26T09:41:41.000Z</time>
        <extensions>
          <ns3:TrackPointExtension>
            <ns3:hr>149</ns3:hr>
            <ns3:cad>82</ns3:cad>
          </ns3:TrackPointExtension>
        </extensions>
      </trkpt>
      <trkpt lat="35.7616019435226917266845703125" lon="139.54509529285132884979248046875">
        <ele>46</ele>
        <time>2026-08-26T09:41:42.000Z</time>
        <extensions>
          <ns3:TrackPointExtension>
            <ns3:hr>149</ns3:hr>
            <ns3:cad>82</ns3:cad>
          </ns3:TrackPointExtension>
        </extensions>
      </trkpt>
      <trkpt lat="35.761591382324695587158203125" lon="139.54508070833981037139892578125">
        <ele>46</ele>
        <time>2026-08-26T09:41:43.000Z</time>
        <extensions>
          <ns3:TrackPointExtension>
            <ns3:hr>149</ns3:hr>
            <ns3:cad>81</ns3:cad>
          </ns3:TrackPointExtension>
        </extensions>
      </trkpt>
      <trkpt lat="35.7615667395293712615966796875" lon="139.54507752321660518646240234375">
        <ele>46</ele>
        <time>2026-08-26T09:41:44.000Z</time>
        <extensions>
          <ns3:TrackPointExtension>
            <ns3:hr>149</ns3:hr>
            <ns3:cad>81</ns3:cad>
          </ns3:TrackPointExtension>
        </extensions>
      </trkpt>
      <trkpt lat="35.7615533284842967987060546875" lon="139.54505774192512035369873046875">
        <ele>46</ele>
        <time>2026-08-26T09:41:45.000Z</time>
        <extensions>
          <ns3:TrackPointExtension>
            <ns3:hr>149</ns3:hr>
            <ns3:cad>81</ns3:cad>
          </ns3:TrackPointExtension>
        </extensions>
      </trkpt>
      <trkpt lat="35.76154151000082492828369140625" lon="139.545045755803585052490234375">
        <ele>46</ele>
        <time>2026-08-26T09:41:46.000Z</time>
        <extensions>
          <ns3:TrackPointExtension>
            <ns3:hr>149</ns3:hr>
            <ns3:cad>81</ns3:cad>
          </ns3:TrackPointExtension>
        </extensions>
      </trkpt>
      <trkpt lat="35.76152457855641841888427734375" lon="139.54503293149173259735107421875">
        <ele>46</ele>
        <time>2026-08-26T09:41:47.000Z</time>
        <extensions>
          <ns3:TrackPointExtension>
            <ns3:hr>149</ns3:hr>
            <ns3:cad>80</ns3:cad>
          </ns3:TrackPointExtension>
        </extensions>
      </trkpt>
      <trkpt lat="35.76150991022586822509765625" lon="139.54502337612211704254150390625">
        <ele>46</ele>
        <time>2026-08-26T09:41:48.000Z</time>
        <extensions>
          <ns3:TrackPointExtension>
            <ns3:hr>149</ns3:hr>
            <ns3:cad>80</ns3:cad>
          </ns3:TrackPointExtension>
        </extensions>
      </trkpt>
      <trkpt lat="35.76149842701852321624755859375" lon="139.5450170896947383880615234375">
        <ele>46</ele>
        <time>2026-08-26T09:41:49.000Z</time>
        <extensions>
          <ns3:TrackPointExtension>
            <ns3:hr>148</ns3:hr>
            <ns3:cad>80</ns3:cad>
          </ns3:TrackPointExtension>
        </extensions>
      </trkpt>
      <trkpt lat="35.76148048974573612213134765625" lon="139.54501465894281864166259765625">
        <ele>46</ele>
        <time>2026-08-26T09:41:50.000Z</time>
        <extensions>
          <ns3:TrackPointExtension>
            <ns3:hr>147</ns3:hr>
            <ns3:cad>80</ns3:cad>
          </ns3:TrackPointExtension>
        </extensions>
      </trkpt>
      <trkpt lat="35.7614718563854694366455078125" lon="139.54499856568872928619384765625">
        <ele>46</ele>
        <time>2026-08-26T09:41:51.000Z</time>
        <extensions>
          <ns3:TrackPointExtension>
            <ns3:hr>147</ns3:hr>
            <ns3:cad>80</ns3:cad>
          </ns3:TrackPointExtension>
        </extensions>
      </trkpt>
      <trkpt lat="35.76146540232002735137939453125" lon="139.54498632811009883880615234375">
        <ele>46.200000762939453125</ele>
        <time>2026-08-26T09:41:52.000Z</time>
        <extensions>
          <ns3:TrackPointExtension>
            <ns3:hr>147</ns3:hr>
            <ns3:cad>80</ns3:cad>
          </ns3:TrackPointExtension>
        </extensions>
      </trkpt>
      <trkpt lat="35.76145618222653865814208984375" lon="139.5449714921414852142333984375">
        <ele>46.200000762939453125</ele>
        <time>2026-08-26T09:41:53.000Z</time>
        <extensions>
          <ns3:TrackPointExtension>
            <ns3:hr>147</ns3:hr>
            <ns3:cad>80</ns3:cad>
          </ns3:TrackPointExtension>
        </extensions>
      </trkpt>
      <trkpt lat="35.76144780032336711883544921875" lon="139.54495464451611042022705078125">
        <ele>46.200000762939453125</ele>
        <time>2026-08-26T09:41:54.000Z</time>
        <extensions>
          <ns3:TrackPointExtension>
            <ns3:hr>147</ns3:hr>
            <ns3:cad>81</ns3:cad>
          </ns3:TrackPointExtension>
        </extensions>
      </trkpt>
      <trkpt lat="35.76144059188663959503173828125" lon="139.5449356175959110260009765625">
        <ele>46.200000762939453125</ele>
        <time>2026-08-26T09:41:55.000Z</time>
        <extensions>
          <ns3:TrackPointExtension>
            <ns3:hr>147</ns3:hr>
            <ns3:cad>81</ns3:cad>
          </ns3:TrackPointExtension>
        </extensions>
      </trkpt>
      <trkpt lat="35.7614274322986602783203125" lon="139.5449175126850605010986328125">
        <ele>46.200000762939453125</ele>
        <time>2026-08-26T09:41:56.000Z</time>
        <extensions>
          <ns3:TrackPointExtension>
            <ns3:hr>147</ns3:hr>
            <ns3:cad>79</ns3:cad>
          </ns3:TrackPointExtension>
        </extensions>
      </trkpt>
      <trkpt lat="35.76141871511936187744140625" lon="139.544908292591571807861328125">
        <ele>46.200000762939453125</ele>
        <time>2026-08-26T09:41:57.000Z</time>
        <extensions>
          <ns3:TrackPointExtension>
            <ns3:hr>147</ns3:hr>
            <ns3:cad>79</ns3:cad>
          </ns3:TrackPointExtension>
        </extensions>
      </trkpt>
      <trkpt lat="35.761403627693653106689453125" lon="139.5448977313935756683349609375">
        <ele>46.200000762939453125</ele>
        <time>2026-08-26T09:41:58.000Z</time>
        <extensions>
          <ns3:TrackPointExtension>
            <ns3:hr>147</ns3:hr>
            <ns3:cad>80</ns3:cad>
          </ns3:TrackPointExtension>
        </extensions>
      </trkpt>
      <trkpt lat="35.7613893784582614898681640625" lon="139.5448870025575160980224609375">
        <ele>46.200000762939453125</ele>
        <time>2026-08-26T09:41:59.000Z</time>
        <extensions>
          <ns3:TrackPointExtension>
            <ns3:hr>147</ns3:hr>
            <ns3:cad>80</ns3:cad>
          </ns3:TrackPointExtension>
        </extensions>
      </trkpt>
      <trkpt lat="35.761370100080966949462890625" lon="139.54487510025501251220703125">
        <ele>46.200000762939453125</ele>
        <time>2026-08-26T09:42:00.000Z</time>
        <extensions>
          <ns3:TrackPointExtension>
            <ns3:hr>148</ns3:hr>
            <ns3:cad>82</ns3:cad>
          </ns3:TrackPointExtension>
        </extensions>
      </trkpt>
      <trkpt lat="35.76135559938848018646240234375" lon="139.544858671724796295166015625">
        <ele>46.200000762939453125</ele>
        <time>2026-08-26T09:42:01.000Z</time>
        <extensions>
          <ns3:TrackPointExtension>
            <ns3:hr>148</ns3:hr>
            <ns3:cad>82</ns3:cad>
          </ns3:TrackPointExtension>
        </extensions>
      </trkpt>
      <trkpt lat="35.76134285889565944671630859375" lon="139.54484014771878719329833984375">
        <ele>46.200000762939453125</ele>
        <time>2026-08-26T09:42:02.000Z</time>
        <extensions>
          <ns3:TrackPointExtension>
            <ns3:hr>148</ns3:hr>
            <ns3:cad>81</ns3:cad>
          </ns3:TrackPointExtension>
        </extensions>
      </trkpt>
      <trkpt lat="35.761327855288982391357421875" lon="139.54482338391244411468505859375">
        <ele>46</ele>
        <time>2026-08-26T09:42:03.000Z</time>
        <extensions>
          <ns3:TrackPointExtension>
            <ns3:hr>148</ns3:hr>
            <ns3:cad>81</ns3:cad>
          </ns3:TrackPointExtension>
        </extensions>
      </trkpt>
      <trkpt lat="35.7613112591207027435302734375" lon="139.54480963759124279022216796875">
        <ele>46</ele>
        <time>2026-08-26T09:42:04.000Z</time>
        <extensions>
          <ns3:TrackPointExtension>
            <ns3:hr>148</ns3:hr>
            <ns3:cad>81</ns3:cad>
          </ns3:TrackPointExtension>
        </extensions>
      </trkpt>
      <trkpt lat="35.76129156164824962615966796875" lon="139.54479689709842205047607421875">
        <ele>46</ele>
        <time>2026-08-26T09:42:05.000Z</time>
        <extensions>
          <ns3:TrackPointExtension>
            <ns3:hr>147</ns3:hr>
            <ns3:cad>83</ns3:cad>
          </ns3:TrackPointExtension>
        </extensions>
      </trkpt>
      <trkpt lat="35.761273540556430816650390625" lon="139.544784910976886749267578125">
        <ele>46.200000762939453125</ele>
        <time>2026-08-26T09:42:06.000Z</time>
        <extensions>
          <ns3:TrackPointExtension>
            <ns3:hr>147</ns3:hr>
            <ns3:cad>83</ns3:cad>
          </ns3:TrackPointExtension>
        </extensions>
      </trkpt>
      <trkpt lat="35.76126054860651493072509765625" lon="139.54476705752313137054443359375">
        <ele>46.200000762939453125</ele>
        <time>2026-08-26T09:42:07.000Z</time>
        <extensions>
          <ns3:TrackPointExtension>
            <ns3:hr>147</ns3:hr>
            <ns3:cad>83</ns3:cad>
          </ns3:TrackPointExtension>
        </extensions>
      </trkpt>
      <trkpt lat="35.76124780811369419097900390625" lon="139.5447475276887416839599609375">
        <ele>46.40000152587890625</ele>
        <time>2026-08-26T09:42:08.000Z</time>
        <extensions>
          <ns3:TrackPointExtension>
            <ns3:hr>148</ns3:hr>
            <ns3:cad>83</ns3:cad>
          </ns3:TrackPointExtension>
        </extensions>
      </trkpt>
      <trkpt lat="35.76123842038214206695556640625" lon="139.5447280816733837127685546875">
        <ele>46.40000152587890625</ele>
        <time>2026-08-26T09:42:09.000Z</time>
        <extensions>
          <ns3:TrackPointExtension>
            <ns3:hr>147</ns3:hr>
            <ns3:cad>84</ns3:cad>
          </ns3:TrackPointExtension>
        </extensions>
      </trkpt>
      <trkpt lat="35.76123657636344432830810546875" lon="139.54470922239124774932861328125">
        <ele>46.59999847412109375</ele>
        <time>2026-08-26T09:42:10.000Z</time>
        <extensions>
          <ns3:TrackPointExtension>
            <ns3:hr>148</ns3:hr>
            <ns3:cad>84</ns3:cad>
          </ns3:TrackPointExtension>
        </extensions>
      </trkpt>
      <trkpt lat="35.76124093495309352874755859375" lon="139.54469011165201663970947265625">
        <ele>46.799999237060546875</ele>
        <time>2026-08-26T09:42:11.000Z</time>
        <extensions>
          <ns3:TrackPointExtension>
            <ns3:hr>148</ns3:hr>
            <ns3:cad>84</ns3:cad>
          </ns3:TrackPointExtension>
        </extensions>
      </trkpt>
      <trkpt lat="35.76124529354274272918701171875" lon="139.54467033036053180694580078125">
        <ele>46.799999237060546875</ele>
        <time>2026-08-26T09:42:12.000Z</time>
        <extensions>
          <ns3:TrackPointExtension>
            <ns3:hr>149</ns3:hr>
            <ns3:cad>83</ns3:cad>
          </ns3:TrackPointExtension>
        </extensions>
      </trkpt>
      <trkpt lat="35.7612530887126922607421875" lon="139.54464979469776153564453125">
        <ele>46.799999237060546875</ele>
        <time>2026-08-26T09:42:13.000Z</time>
        <extensions>
          <ns3:TrackPointExtension>
            <ns3:hr>150</ns3:hr>
            <ns3:cad>83</ns3:cad>
          </ns3:TrackPointExtension>
        </extensions>
      </trkpt>
      <trkpt lat="35.761262476444244384765625" lon="139.5446278341114521026611328125">
        <ele>46.799999237060546875</ele>
        <time>2026-08-26T09:42:14.000Z</time>
        <extensions>
          <ns3:TrackPointExtension>
            <ns3:hr>152</ns3:hr>
            <ns3:cad>81</ns3:cad>
          </ns3:TrackPointExtension>
        </extensions>
      </trkpt>
      <trkpt lat="35.76126825995743274688720703125" lon="139.5446053706109523773193359375">
        <ele>46.799999237060546875</ele>
        <time>2026-08-26T09:42:15.000Z</time>
        <extensions>
          <ns3:TrackPointExtension>
            <ns3:hr>153</ns3:hr>
            <ns3:cad>81</ns3:cad>
          </ns3:TrackPointExtension>
        </extensions>
      </trkpt>
      <trkpt lat="35.761274211108684539794921875" lon="139.54458139836788177490234375">
        <ele>46.59999847412109375</ele>
        <time>2026-08-26T09:42:16.000Z</time>
        <extensions>
          <ns3:TrackPointExtension>
            <ns3:hr>153</ns3:hr>
            <ns3:cad>82</ns3:cad>
          </ns3:TrackPointExtension>
        </extensions>
      </trkpt>
      <trkpt lat="35.76127865351736545562744140625" lon="139.54455566592514514923095703125">
        <ele>46.59999847412109375</ele>
        <time>2026-08-26T09:42:17.000Z</time>
        <extensions>
          <ns3:TrackPointExtension>
            <ns3:hr>153</ns3:hr>
            <ns3:cad>82</ns3:cad>
          </ns3:TrackPointExtension>
        </extensions>
      </trkpt>
      <trkpt lat="35.7612841017544269561767578125" lon="139.5445332862436771392822265625">
        <ele>46.59999847412109375</ele>
        <time>2026-08-26T09:42:18.000Z</time>
        <extensions>
          <ns3:TrackPointExtension>
            <ns3:hr>153</ns3:hr>
            <ns3:cad>82</ns3:cad>
          </ns3:TrackPointExtension>
        </extensions>
      </trkpt>
      <trkpt lat="35.76129005290567874908447265625" lon="139.5445098169147968292236328125">
        <ele>46.59999847412109375</ele>
        <time>2026-08-26T09:42:19.000Z</time>
        <extensions>
          <ns3:TrackPointExtension>
            <ns3:hr>153</ns3:hr>
            <ns3:cad>82</ns3:cad>
          </ns3:TrackPointExtension>
        </extensions>
      </trkpt>
      <trkpt lat="35.76129575259983539581298828125" lon="139.54449330456554889678955078125">
        <ele>46.59999847412109375</ele>
        <time>2026-08-26T09:42:20.000Z</time>
        <extensions>
          <ns3:TrackPointExtension>
            <ns3:hr>153</ns3:hr>
            <ns3:cad>82</ns3:cad>
          </ns3:TrackPointExtension>
        </extensions>
      </trkpt>
      <trkpt lat="35.7612841017544269561767578125" lon="139.54446312971413135528564453125">
        <ele>46.59999847412109375</ele>
        <time>2026-08-26T09:42:27.000Z</time>
        <extensions>
          <ns3:TrackPointExtension>
            <ns3:hr>153</ns3:hr>
            <ns3:cad>0</ns3:cad>
          </ns3:TrackPointExtension>
        </extensions>
      </trkpt>
      <trkpt lat="35.7612757198512554168701171875" lon="139.54446312971413135528564453125">
        <ele>46.59999847412109375</ele>
        <time>2026-08-26T09:42:28.000Z</time>
        <extensions>
          <ns3:TrackPointExtension>
            <ns3:hr>153</ns3:hr>
            <ns3:cad>0</ns3:cad>
          </ns3:TrackPointExtension>
        </extensions>
      </trkpt>
      <trkpt lat="35.761264152824878692626953125" lon="139.5444538258016109466552734375">
        <ele>46.59999847412109375</ele>
        <time>2026-08-26T09:42:29.000Z</time>
        <extensions>
          <ns3:TrackPointExtension>
            <ns3:hr>153</ns3:hr>
            <ns3:cad>0</ns3:cad>
          </ns3:TrackPointExtension>
        </extensions>
      </trkpt>
      <trkpt lat="35.76125241816043853759765625" lon="139.5444404147565364837646484375">
        <ele>46.59999847412109375</ele>
        <time>2026-08-26T09:42:30.000Z</time>
        <extensions>
          <ns3:TrackPointExtension>
            <ns3:hr>153</ns3:hr>
            <ns3:cad>0</ns3:cad>
          </ns3:TrackPointExtension>
        </extensions>
      </trkpt>
      <trkpt lat="35.76123523525893688201904296875" lon="139.54442809335887432098388671875">
        <ele>46.59999847412109375</ele>
        <time>2026-08-26T09:42:31.000Z</time>
        <extensions>
          <ns3:TrackPointExtension>
            <ns3:hr>153</ns3:hr>
            <ns3:cad>0</ns3:cad>
          </ns3:TrackPointExtension>
        </extensions>
      </trkpt>
      <trkpt lat="35.7612203992903232574462890625" lon="139.54441200010478496551513671875">
        <ele>46.59999847412109375</ele>
        <time>2026-08-26T09:42:32.000Z</time>
        <extensions>
          <ns3:TrackPointExtension>
            <ns3:hr>152</ns3:hr>
            <ns3:cad>0</ns3:cad>
          </ns3:TrackPointExtension>
        </extensions>
      </trkpt>
      <trkpt lat="35.76120858080685138702392578125" lon="139.54439674504101276397705078125">
        <ele>46.40000152587890625</ele>
        <time>2026-08-26T09:42:33.000Z</time>
        <extensions>
          <ns3:TrackPointExtension>
            <ns3:hr>152</ns3:hr>
            <ns3:cad>83</ns3:cad>
          </ns3:TrackPointExtension>
        </extensions>
      </trkpt>
      <trkpt lat="35.76119483448565006256103515625" lon="139.54437998123466968536376953125">
        <ele>46.40000152587890625</ele>
        <time>2026-08-26T09:42:34.000Z</time>
        <extensions>
          <ns3:TrackPointExtension>
            <ns3:hr>153</ns3:hr>
            <ns3:cad>83</ns3:cad>
          </ns3:TrackPointExtension>
        </extensions>
      </trkpt>
      <trkpt lat="35.76117924414575099945068359375" lon="139.544361792504787445068359375">
        <ele>46.40000152587890625</ele>
        <time>2026-08-26T09:42:35.000Z</time>
        <extensions>
          <ns3:TrackPointExtension>
            <ns3:hr>153</ns3:hr>
            <ns3:cad>83</ns3:cad>
          </ns3:TrackPointExtension>
        </extensions>
      </trkpt>
      <trkpt lat="35.7611672580242156982421875" lon="139.5443485490977764129638671875">
        <ele>46.40000152587890625</ele>
        <time>2026-08-26T09:42:36.000Z</time>
        <extensions>
          <ns3:TrackPointExtension>
            <ns3:hr>154</ns3:hr>
            <ns3:cad>82</ns3:cad>
          </ns3:TrackPointExtension>
        </extensions>
      </trkpt>
      <trkpt lat="35.7611553557217121124267578125" lon="139.54433186911046504974365234375">
        <ele>46.200000762939453125</ele>
        <time>2026-08-26T09:42:37.000Z</time>
        <extensions>
          <ns3:TrackPointExtension>
            <ns3:hr>153</ns3:hr>
            <ns3:cad>82</ns3:cad>
          </ns3:TrackPointExtension>
        </extensions>
      </trkpt>
      <trkpt lat="35.7611426152288913726806640625" lon="139.54431854188442230224609375">
        <ele>46.200000762939453125</ele>
        <time>2026-08-26T09:42:38.000Z</time>
        <extensions>
          <ns3:TrackPointExtension>
            <ns3:hr>153</ns3:hr>
            <ns3:cad>82</ns3:cad>
          </ns3:TrackPointExtension>
        </extensions>
      </trkpt>
      <trkpt lat="35.7611308805644512176513671875" lon="139.5443042926490306854248046875">
        <ele>46</ele>
        <time>2026-08-26T09:42:39.000Z</time>
        <extensions>
          <ns3:TrackPointExtension>
            <ns3:hr>152</ns3:hr>
            <ns3:cad>82</ns3:cad>
          </ns3:TrackPointExtension>
        </extensions>
      </trkpt>
      <trkpt lat="35.7611208222806453704833984375" lon="139.5442888699471950531005859375">
        <ele>46</ele>
        <time>2026-08-26T09:42:40.000Z</time>
        <extensions>
          <ns3:TrackPointExtension>
            <ns3:hr>151</ns3:hr>
            <ns3:cad>82</ns3:cad>
          </ns3:TrackPointExtension>
        </extensions>
      </trkpt>
      <trkpt lat="35.76111118309199810028076171875" lon="139.54427587799727916717529296875">
        <ele>45.799999237060546875</ele>
        <time>2026-08-26T09:42:41.000Z</time>
        <extensions>
          <ns3:TrackPointExtension>
            <ns3:hr>150</ns3:hr>
            <ns3:cad>82</ns3:cad>
          </ns3:TrackPointExtension>
        </extensions>
      </trkpt>
      <trkpt lat="35.76110087335109710693359375" lon="139.544260203838348388671875">
        <ele>45.799999237060546875</ele>
        <time>2026-08-26T09:42:42.000Z</time>
        <extensions>
          <ns3:TrackPointExtension>
            <ns3:hr>149</ns3:hr>
            <ns3:cad>81</ns3:cad>
          </ns3:TrackPointExtension>
        </extensions>
      </trkpt>
      <trkpt lat="35.7610866241157054901123046875" lon="139.54424285329878330230712890625">
        <ele>45.59999847412109375</ele>
        <time>2026-08-26T09:42:43.000Z</time>
        <extensions>
          <ns3:TrackPointExtension>
            <ns3:hr>149</ns3:hr>
            <ns3:cad>81</ns3:cad>
          </ns3:TrackPointExtension>
        </extensions>
      </trkpt>
      <trkpt lat="35.761073715984821319580078125" lon="139.54422508366405963897705078125">
        <ele>45.59999847412109375</ele>
        <time>2026-08-26T09:42:44.000Z</time>
        <extensions>
          <ns3:TrackPointExtension>
            <ns3:hr>149</ns3:hr>
            <ns3:cad>81</ns3:cad>
          </ns3:TrackPointExtension>
        </extensions>
      </trkpt>
      <trkpt lat="35.76106156222522258758544921875" lon="139.54420865513384342193603515625">
        <ele>45.40000152587890625</ele>
        <time>2026-08-26T09:42:45.000Z</time>
        <extensions>
          <ns3:TrackPointExtension>
            <ns3:hr>149</ns3:hr>
            <ns3:cad>80</ns3:cad>
          </ns3:TrackPointExtension>
        </extensions>
      </trkpt>
      <trkpt lat="35.76104831881821155548095703125" lon="139.54418686218559741973876953125">
        <ele>45.40000152587890625</ele>
        <time>2026-08-26T09:42:46.000Z</time>
        <extensions>
          <ns3:TrackPointExtension>
            <ns3:hr>149</ns3:hr>
            <ns3:cad>80</ns3:cad>
          </ns3:TrackPointExtension>
        </extensions>
      </trkpt>
      <trkpt lat="35.76103591360151767730712890625" lon="139.54417009837925434112548828125">
        <ele>45.40000152587890625</ele>
        <time>2026-08-26T09:42:47.000Z</time>
        <extensions>
          <ns3:TrackPointExtension>
            <ns3:hr>149</ns3:hr>
            <ns3:cad>82</ns3:cad>
          </ns3:TrackPointExtension>
        </extensions>
      </trkpt>
      <trkpt lat="35.761025436222553253173828125" lon="139.54415333457291126251220703125">
        <ele>45.40000152587890625</ele>
        <time>2026-08-26T09:42:48.000Z</time>
        <extensions>
          <ns3:TrackPointExtension>
            <ns3:hr>149</ns3:hr>
            <ns3:cad>82</ns3:cad>
          </ns3:TrackPointExtension>
        </extensions>
      </trkpt>
      <trkpt lat="35.761015713214874267578125" lon="139.54413481056690216064453125">
        <ele>45.40000152587890625</ele>
        <time>2026-08-26T09:42:49.000Z</time>
        <extensions>
          <ns3:TrackPointExtension>
            <ns3:hr>149</ns3:hr>
            <ns3:cad>82</ns3:cad>
          </ns3:TrackPointExtension>
        </extensions>
      </trkpt>
      <trkpt lat="35.761006660759449005126953125" lon="139.54411863349378108978271484375">
        <ele>45.40000152587890625</ele>
        <time>2026-08-26T09:42:50.000Z</time>
        <extensions>
          <ns3:TrackPointExtension>
            <ns3:hr>149</ns3:hr>
            <ns3:cad>82</ns3:cad>
          </ns3:TrackPointExtension>
        </extensions>
      </trkpt>
      <trkpt lat="35.760998614132404327392578125" lon="139.54409935511648654937744140625">
        <ele>45.40000152587890625</ele>
        <time>2026-08-26T09:42:51.000Z</time>
        <extensions>
          <ns3:TrackPointExtension>
            <ns3:hr>149</ns3:hr>
            <ns3:cad>81</ns3:cad>
          </ns3:TrackPointExtension>
        </extensions>
      </trkpt>
      <trkpt lat="35.76098914258182048797607421875" lon="139.54408074729144573211669921875">
        <ele>45.40000152587890625</ele>
        <time>2026-08-26T09:42:52.000Z</time>
        <extensions>
          <ns3:TrackPointExtension>
            <ns3:hr>149</ns3:hr>
            <ns3:cad>80</ns3:cad>
          </ns3:TrackPointExtension>
        </extensions>
      </trkpt>
      <trkpt lat="35.7609795033931732177734375" lon="139.5440632291138172149658203125">
        <ele>45.40000152587890625</ele>
        <time>2026-08-26T09:42:53.000Z</time>
        <extensions>
          <ns3:TrackPointExtension>
            <ns3:hr>149</ns3:hr>
            <ns3:cad>80</ns3:cad>
          </ns3:TrackPointExtension>
        </extensions>
      </trkpt>
      <trkpt lat="35.76097087003290653228759765625" lon="139.544043280184268951416015625">
        <ele>45.40000152587890625</ele>
        <time>2026-08-26T09:42:54.000Z</time>
        <extensions>
          <ns3:TrackPointExtension>
            <ns3:hr>149</ns3:hr>
            <ns3:cad>80</ns3:cad>
          </ns3:TrackPointExtension>
        </extensions>
      </trkpt>
      <trkpt lat="35.7609605602920055389404296875" lon="139.54402509145438671112060546875">
        <ele>45.40000152587890625</ele>
        <time>2026-08-26T09:42:55.000Z</time>
        <extensions>
          <ns3:TrackPointExtension>
            <ns3:hr>149</ns3:hr>
            <ns3:cad>80</ns3:cad>
          </ns3:TrackPointExtension>
        </extensions>
      </trkpt>
      <trkpt lat="35.760953687131404876708984375" lon="139.544008076190948486328125">
        <ele>45.59999847412109375</ele>
        <time>2026-08-26T09:42:56.000Z</time>
        <extensions>
          <ns3:TrackPointExtension>
            <ns3:hr>149</ns3:hr>
            <ns3:cad>80</ns3:cad>
          </ns3:TrackPointExtension>
        </extensions>
      </trkpt>
      <trkpt lat="35.76094656251370906829833984375" lon="139.5439874567091464996337890625">
        <ele>45.59999847412109375</ele>
        <time>2026-08-26T09:42:57.000Z</time>
        <extensions>
          <ns3:TrackPointExtension>
            <ns3:hr>149</ns3:hr>
            <ns3:cad>81</ns3:cad>
          </ns3:TrackPointExtension>
        </extensions>
      </trkpt>
      <trkpt lat="35.76093918643891811370849609375" lon="139.5439696870744228363037109375">
        <ele>45.59999847412109375</ele>
        <time>2026-08-26T09:42:58.000Z</time>
        <extensions>
          <ns3:TrackPointExtension>
            <ns3:hr>149</ns3:hr>
            <ns3:cad>81</ns3:cad>
          </ns3:TrackPointExtension>
        </extensions>
      </trkpt>
      <trkpt lat="35.7609297148883342742919921875" lon="139.54394839704036712646484375">
        <ele>45.59999847412109375</ele>
        <time>2026-08-26T09:42:59.000Z</time>
        <extensions>
          <ns3:TrackPointExtension>
            <ns3:hr>148</ns3:hr>
            <ns3:cad>81</ns3:cad>
          </ns3:TrackPointExtension>
        </extensions>
      </trkpt>
      <trkpt lat="35.76091839931905269622802734375" lon="139.54392652027308940887451171875">
        <ele>45.59999847412109375</ele>
        <time>2026-08-26T09:43:00.000Z</time>
        <extensions>
          <ns3:TrackPointExtension>
            <ns3:hr>148</ns3:hr>
            <ns3:cad>81</ns3:cad>
          </ns3:TrackPointExtension>
        </extensions>
      </trkpt>
      <trkpt lat="35.7609079219400882720947265625" lon="139.54390422441065311431884765625">
        <ele>45.59999847412109375</ele>
        <time>2026-08-26T09:43:01.000Z</time>
        <extensions>
          <ns3:TrackPointExtension>
            <ns3:hr>148</ns3:hr>
            <ns3:cad>81</ns3:cad>
          </ns3:TrackPointExtension>
        </extensions>
      </trkpt>
      <trkpt lat="35.76089694164693355560302734375" lon="139.54388243146240711212158203125">
        <ele>45.59999847412109375</ele>
        <time>2026-08-26T09:43:02.000Z</time>
        <extensions>
          <ns3:TrackPointExtension>
            <ns3:hr>148</ns3:hr>
            <ns3:cad>82</ns3:cad>
          </ns3:TrackPointExtension>
        </extensions>
      </trkpt>
      <trkpt lat="35.76088353060185909271240234375" lon="139.54386617057025432586669921875">
        <ele>45.59999847412109375</ele>
        <time>2026-08-26T09:43:03.000Z</time>
        <extensions>
          <ns3:TrackPointExtension>
            <ns3:hr>148</ns3:hr>
            <ns3:cad>81</ns3:cad>
          </ns3:TrackPointExtension>
        </extensions>
      </trkpt>
      <trkpt lat="35.7608737237751483917236328125" lon="139.5438503287732601165771484375">
        <ele>45.59999847412109375</ele>
        <time>2026-08-26T09:43:04.000Z</time>
        <extensions>
          <ns3:TrackPointExtension>
            <ns3:hr>148</ns3:hr>
            <ns3:cad>82</ns3:cad>
          </ns3:TrackPointExtension>
        </extensions>
      </trkpt>
      <trkpt lat="35.760865509510040283203125" lon="139.54383348114788532257080078125">
        <ele>45.799999237060546875</ele>
        <time>2026-08-26T09:43:05.000Z</time>
        <extensions>
          <ns3:TrackPointExtension>
            <ns3:hr>148</ns3:hr>
            <ns3:cad>82</ns3:cad>
          </ns3:TrackPointExtension>
        </extensions>
      </trkpt>
      <trkpt lat="35.76086073182523250579833984375" lon="139.54381403513252735137939453125">
        <ele>46</ele>
        <time>2026-08-26T09:43:06.000Z</time>
        <extensions>
          <ns3:TrackPointExtension>
            <ns3:hr>148</ns3:hr>
            <ns3:cad>80</ns3:cad>
          </ns3:TrackPointExtension>
        </extensions>
      </trkpt>
      <trkpt lat="35.76085419394075870513916015625" lon="139.5437943376600742340087890625">
        <ele>46.200000762939453125</ele>
        <time>2026-08-26T09:43:07.000Z</time>
        <extensions>
          <ns3:TrackPointExtension>
            <ns3:hr>148</ns3:hr>
            <ns3:cad>80</ns3:cad>
          </ns3:TrackPointExtension>
        </extensions>
      </trkpt>
      <trkpt lat="35.76084514148533344268798828125" lon="139.543777741491794586181640625">
        <ele>46.40000152587890625</ele>
        <time>2026-08-26T09:43:08.000Z</time>
        <extensions>
          <ns3:TrackPointExtension>
            <ns3:hr>148</ns3:hr>
            <ns3:cad>80</ns3:cad>
          </ns3:TrackPointExtension>
        </extensions>
      </trkpt>
      <trkpt lat="35.76083667576313018798828125" lon="139.54375955276191234588623046875">
        <ele>46.59999847412109375</ele>
        <time>2026-08-26T09:43:09.000Z</time>
        <extensions>
          <ns3:TrackPointExtension>
            <ns3:hr>148</ns3:hr>
            <ns3:cad>79</ns3:cad>
          </ns3:TrackPointExtension>
        </extensions>
      </trkpt>
      <trkpt lat="35.76083122752606868743896484375" lon="139.54374278895556926727294921875">
        <ele>46.799999237060546875</ele>
        <time>2026-08-26T09:43:10.000Z</time>
        <extensions>
          <ns3:TrackPointExtension>
            <ns3:hr>148</ns3:hr>
            <ns3:cad>79</ns3:cad>
          </ns3:TrackPointExtension>
        </extensions>
      </trkpt>
      <trkpt lat="35.7608292996883392333984375" lon="139.5437269471585750579833984375">
        <ele>46.799999237060546875</ele>
        <time>2026-08-26T09:43:11.000Z</time>
        <extensions>
          <ns3:TrackPointExtension>
            <ns3:hr>148</ns3:hr>
            <ns3:cad>79</ns3:cad>
          </ns3:TrackPointExtension>
        </extensions>
      </trkpt>
      <trkpt lat="35.76082519255578517913818359375" lon="139.543713368475437164306640625">
        <ele>46.799999237060546875</ele>
        <time>2026-08-26T09:43:12.000Z</time>
        <extensions>
          <ns3:TrackPointExtension>
            <ns3:hr>148</ns3:hr>
            <ns3:cad>79</ns3:cad>
          </ns3:TrackPointExtension>
        </extensions>
      </trkpt>
      <trkpt lat="35.76081681065261363983154296875" lon="139.54369434155523777008056640625">
        <ele>46.799999237060546875</ele>
        <time>2026-08-26T09:43:13.000Z</time>
        <extensions>
          <ns3:TrackPointExtension>
            <ns3:hr>148</ns3:hr>
            <ns3:cad>79</ns3:cad>
          </ns3:TrackPointExtension>
        </extensions>
      </trkpt>
      <trkpt lat="35.76080583035945892333984375" lon="139.5436739735305309295654296875">
        <ele>46.799999237060546875</ele>
        <time>2026-08-26T09:43:14.000Z</time>
        <extensions>
          <ns3:TrackPointExtension>
            <ns3:hr>147</ns3:hr>
            <ns3:cad>79</ns3:cad>
          </ns3:TrackPointExtension>
        </extensions>
      </trkpt>
      <trkpt lat="35.7607966102659702301025390625" lon="139.54365243203938007354736328125">
        <ele>46.799999237060546875</ele>
        <time>2026-08-26T09:43:15.000Z</time>
        <extensions>
          <ns3:TrackPointExtension>
            <ns3:hr>147</ns3:hr>
            <ns3:cad>79</ns3:cad>
          </ns3:TrackPointExtension>
        </extensions>
      </trkpt>
      <trkpt lat="35.76078764162957668304443359375" lon="139.54363147728145122528076171875">
        <ele>46.799999237060546875</ele>
        <time>2026-08-26T09:43:16.000Z</time>
        <extensions>
          <ns3:TrackPointExtension>
            <ns3:hr>147</ns3:hr>
            <ns3:cad>79</ns3:cad>
          </ns3:TrackPointExtension>
        </extensions>
      </trkpt>
      <trkpt lat="35.7607758231461048126220703125" lon="139.54361018724739551544189453125">
        <ele>46.799999237060546875</ele>
        <time>2026-08-26T09:43:17.000Z</time>
        <extensions>
          <ns3:TrackPointExtension>
            <ns3:hr>146</ns3:hr>
            <ns3:cad>83</ns3:cad>
          </ns3:TrackPointExtension>
        </extensions>
      </trkpt>
      <trkpt lat="35.76076090335845947265625" lon="139.54358655028045177459716796875">
        <ele>46.799999237060546875</ele>
        <time>2026-08-26T09:43:18.000Z</time>
        <extensions>
          <ns3:TrackPointExtension>
            <ns3:hr>146</ns3:hr>
            <ns3:cad>83</ns3:cad>
          </ns3:TrackPointExtension>
        </extensions>
      </trkpt>
      <trkpt lat="35.76074740849435329437255859375" lon="139.54356207512319087982177734375">
        <ele>46.799999237060546875</ele>
        <time>2026-08-26T09:43:19.000Z</time>
        <extensions>
          <ns3:TrackPointExtension>
            <ns3:hr>146</ns3:hr>
            <ns3:cad>83</ns3:cad>
          </ns3:TrackPointExtension>
        </extensions>
      </trkpt>
      <trkpt lat="35.7607352547347545623779296875" lon="139.543533660471439361572265625">
        <ele>46.59999847412109375</ele>
        <time>2026-08-26T09:43:20.000Z</time>
        <extensions>
          <ns3:TrackPointExtension>
            <ns3:hr>146</ns3:hr>
            <ns3:cad>83</ns3:cad>
          </ns3:TrackPointExtension>
        </extensions>
      </trkpt>
      <trkpt lat="35.76072360388934612274169921875" lon="139.5435066707432270050048828125">
        <ele>46.40000152587890625</ele>
        <time>2026-08-26T09:43:21.000Z</time>
        <extensions>
          <ns3:TrackPointExtension>
            <ns3:hr>146</ns3:hr>
            <ns3:cad>82</ns3:cad>
          </ns3:TrackPointExtension>
        </extensions>
      </trkpt>
      <trkpt lat="35.76071237213909626007080078125" lon="139.54348177649080753326416015625">
        <ele>46</ele>
        <time>2026-08-26T09:43:22.000Z</time>
        <extensions>
          <ns3:TrackPointExtension>
            <ns3:hr>145</ns3:hr>
            <ns3:cad>82</ns3:cad>
          </ns3:TrackPointExtension>
        </extensions>
      </trkpt>
      <trkpt lat="35.7606970332562923431396484375" lon="139.543454535305500030517578125">
        <ele>46</ele>
        <time>2026-08-26T09:43:23.000Z</time>
        <extensions>
          <ns3:TrackPointExtension>
            <ns3:hr>146</ns3:hr>
            <ns3:cad>82</ns3:cad>
          </ns3:TrackPointExtension>
        </extensions>
      </trkpt>
      <trkpt lat="35.76068420894443988800048828125" lon="139.5434308983385562896728515625">
        <ele>45.799999237060546875</ele>
        <time>2026-08-26T09:43:24.000Z</time>
        <extensions>
          <ns3:TrackPointExtension>
            <ns3:hr>147</ns3:hr>
            <ns3:cad>83</ns3:cad>
          </ns3:TrackPointExtension>
        </extensions>
      </trkpt>
      <trkpt lat="35.76067381538450717926025390625" lon="139.54340566881000995635986328125">
        <ele>45.799999237060546875</ele>
        <time>2026-08-26T09:43:25.000Z</time>
        <extensions>
          <ns3:TrackPointExtension>
            <ns3:hr>147</ns3:hr>
            <ns3:cad>83</ns3:cad>
          </ns3:TrackPointExtension>
        </extensions>
      </trkpt>
      <trkpt lat="35.76066845096647739410400390625" lon="139.543381445109844207763671875">
        <ele>45.799999237060546875</ele>
        <time>2026-08-26T09:43:26.000Z</time>
        <extensions>
          <ns3:TrackPointExtension>
            <ns3:hr>147</ns3:hr>
            <ns3:cad>84</ns3:cad>
          </ns3:TrackPointExtension>
        </extensions>
      </trkpt>
      <trkpt lat="35.76066141016781330108642578125" lon="139.543355964124202728271484375">
        <ele>45.799999237060546875</ele>
        <time>2026-08-26T09:43:27.000Z</time>
        <extensions>
          <ns3:TrackPointExtension>
            <ns3:hr>147</ns3:hr>
            <ns3:cad>84</ns3:cad>
          </ns3:TrackPointExtension>
        </extensions>
      </trkpt>
      <trkpt lat="35.76065470464527606964111328125" lon="139.54333207570016384124755859375">
        <ele>45.799999237060546875</ele>
        <time>2026-08-26T09:43:28.000Z</time>
        <extensions>
          <ns3:TrackPointExtension>
            <ns3:hr>147</ns3:hr>
            <ns3:cad>84</ns3:cad>
          </ns3:TrackPointExtension>
        </extensions>
      </trkpt>
      <trkpt lat="35.76064766384661197662353515625" lon="139.54330927692353725433349609375">
        <ele>45.799999237060546875</ele>
        <time>2026-08-26T09:43:29.000Z</time>
        <extensions>
          <ns3:TrackPointExtension>
            <ns3:hr>147</ns3:hr>
            <ns3:cad>84</ns3:cad>
          </ns3:TrackPointExtension>
        </extensions>
      </trkpt>
      <trkpt lat="35.7606440596282482147216796875" lon="139.5432860590517520904541015625">
        <ele>45.59999847412109375</ele>
        <time>2026-08-26T09:43:30.000Z</time>
        <extensions>
          <ns3:TrackPointExtension>
            <ns3:hr>147</ns3:hr>
            <ns3:cad>84</ns3:cad>
          </ns3:TrackPointExtension>
        </extensions>
      </trkpt>
      <trkpt lat="35.76064079068601131439208984375" lon="139.54326619394123554229736328125">
        <ele>45.59999847412109375</ele>
        <time>2026-08-26T09:43:31.000Z</time>
        <extensions>
          <ns3:TrackPointExtension>
            <ns3:hr>148</ns3:hr>
            <ns3:cad>83</ns3:cad>
          </ns3:TrackPointExtension>
        </extensions>
      </trkpt>
      <trkpt lat="35.760633833706378936767578125" lon="139.54324959777295589447021484375">
        <ele>45.59999847412109375</ele>
        <time>2026-08-26T09:43:32.000Z</time>
        <extensions>
          <ns3:TrackPointExtension>
            <ns3:hr>148</ns3:hr>
            <ns3:cad>83</ns3:cad>
          </ns3:TrackPointExtension>
        </extensions>
      </trkpt>
      <trkpt lat="35.760629810392856597900390625" lon="139.5432344265282154083251953125">
        <ele>45.59999847412109375</ele>
        <time>2026-08-26T09:43:33.000Z</time>
        <extensions>
          <ns3:TrackPointExtension>
            <ns3:hr>149</ns3:hr>
            <ns3:cad>81</ns3:cad>
          </ns3:TrackPointExtension>
        </extensions>
      </trkpt>
      <trkpt lat="35.7606229372322559356689453125" lon="139.54321573488414287567138671875">
        <ele>45.59999847412109375</ele>
        <time>2026-08-26T09:43:34.000Z</time>
        <extensions>
          <ns3:TrackPointExtension>
            <ns3:hr>149</ns3:hr>
            <ns3:cad>81</ns3:cad>
          </ns3:TrackPointExtension>
        </extensions>
      </trkpt>
      <trkpt lat="35.76061245985329151153564453125" lon="139.54319536685943603515625">
        <ele>45.59999847412109375</ele>
        <time>2026-08-26T09:43:35.000Z</time>
        <extensions>
          <ns3:TrackPointExtension>
            <ns3:hr>149</ns3:hr>
            <ns3:cad>80</ns3:cad>
          </ns3:TrackPointExtension>
        </extensions>
      </trkpt>
      <trkpt lat="35.760605335235595703125" lon="139.543176256120204925537109375">
        <ele>45.799999237060546875</ele>
        <time>2026-08-26T09:43:36.000Z</time>
        <extensions>
          <ns3:TrackPointExtension>
            <ns3:hr>148</ns3:hr>
            <ns3:cad>80</ns3:cad>
          </ns3:TrackPointExtension>
        </extensions>
      </trkpt>
      <trkpt lat="35.76060374267399311065673828125" lon="139.5431549660861492156982421875">
        <ele>45.799999237060546875</ele>
        <time>2026-08-26T09:43:37.000Z</time>
        <extensions>
          <ns3:TrackPointExtension>
            <ns3:hr>148</ns3:hr>
            <ns3:cad>80</ns3:cad>
          </ns3:TrackPointExtension>
        </extensions>
      </trkpt>
      <trkpt lat="35.7606024853885173797607421875" lon="139.5431338436901569366455078125">
        <ele>45.799999237060546875</ele>
        <time>2026-08-26T09:43:38.000Z</time>
        <extensions>
          <ns3:TrackPointExtension>
            <ns3:hr>146</ns3:hr>
            <ns3:cad>79</ns3:cad>
          </ns3:TrackPointExtension>
        </extensions>
      </trkpt>
      <trkpt lat="35.7606031559407711029052734375" lon="139.5431154035031795501708984375">
        <ele>45.799999237060546875</ele>
        <time>2026-08-26T09:43:39.000Z</time>
        <extensions>
          <ns3:TrackPointExtension>
            <ns3:hr>146</ns3:hr>
            <ns3:cad>79</ns3:cad>
          </ns3:TrackPointExtension>
        </extensions>
      </trkpt>
      <trkpt lat="35.76060223393142223358154296875" lon="139.54309570603072643280029296875">
        <ele>45.799999237060546875</ele>
        <time>2026-08-26T09:43:40.000Z</time>
        <extensions>
          <ns3:TrackPointExtension>
            <ns3:hr>146</ns3:hr>
            <ns3:cad>79</ns3:cad>
          </ns3:TrackPointExtension>
        </extensions>
      </trkpt>
      <trkpt lat="35.76059603132307529449462890625" lon="139.5430798642337322235107421875">
        <ele>45.799999237060546875</ele>
        <time>2026-08-26T09:43:41.000Z</time>
        <extensions>
          <ns3:TrackPointExtension>
            <ns3:hr>146</ns3:hr>
            <ns3:cad>79</ns3:cad>
          </ns3:TrackPointExtension>
        </extensions>
      </trkpt>
      <trkpt lat="35.76059133745729923248291015625" lon="139.54306134022772312164306640625">
        <ele>45.59999847412109375</ele>
        <time>2026-08-26T09:43:42.000Z</time>
        <extensions>
          <ns3:TrackPointExtension>
            <ns3:hr>145</ns3:hr>
            <ns3:cad>79</ns3:cad>
          </ns3:TrackPointExtension>
        </extensions>
      </trkpt>
      <trkpt lat="35.7605880685150623321533203125" lon="139.5430406369268894195556640625">
        <ele>45.59999847412109375</ele>
        <time>2026-08-26T09:43:43.000Z</time>
        <extensions>
          <ns3:TrackPointExtension>
            <ns3:hr>145</ns3:hr>
            <ns3:cad>79</ns3:cad>
          </ns3:TrackPointExtension>
        </extensions>
      </trkpt>
      <trkpt lat="35.76058186590671539306640625" lon="139.5430195145308971405029296875">
        <ele>45.59999847412109375</ele>
        <time>2026-08-26T09:43:44.000Z</time>
        <extensions>
          <ns3:TrackPointExtension>
            <ns3:hr>145</ns3:hr>
            <ns3:cad>79</ns3:cad>
          </ns3:TrackPointExtension>
        </extensions>
      </trkpt>
      <trkpt lat="35.76057650148868560791015625" lon="139.5429977215826511383056640625">
        <ele>45.59999847412109375</ele>
        <time>2026-08-26T09:43:45.000Z</time>
        <extensions>
          <ns3:TrackPointExtension>
            <ns3:hr>145</ns3:hr>
            <ns3:cad>79</ns3:cad>
          </ns3:TrackPointExtension>
        </extensions>
      </trkpt>
      <trkpt lat="35.76056987978518009185791015625" lon="139.542976431548595428466796875">
        <ele>45.59999847412109375</ele>
        <time>2026-08-26T09:43:46.000Z</time>
        <extensions>
          <ns3:TrackPointExtension>
            <ns3:hr>146</ns3:hr>
            <ns3:cad>79</ns3:cad>
          </ns3:TrackPointExtension>
        </extensions>
      </trkpt>
      <trkpt lat="35.76056443154811859130859375" lon="139.54295505769550800323486328125">
        <ele>45.59999847412109375</ele>
        <time>2026-08-26T09:43:47.000Z</time>
        <extensions>
          <ns3:TrackPointExtension>
            <ns3:hr>146</ns3:hr>
            <ns3:cad>80</ns3:cad>
          </ns3:TrackPointExtension>
        </extensions>
      </trkpt>
      <trkpt lat="35.7605612464249134063720703125" lon="139.5429276488721370697021484375">
        <ele>45.59999847412109375</ele>
        <time>2026-08-26T09:43:48.000Z</time>
        <extensions>
          <ns3:TrackPointExtension>
            <ns3:hr>145</ns3:hr>
            <ns3:cad>81</ns3:cad>
          </ns3:TrackPointExtension>
        </extensions>
      </trkpt>
      <trkpt lat="35.7605548761785030364990234375" lon="139.5429055206477642059326171875">
        <ele>45.59999847412109375</ele>
        <time>2026-08-26T09:43:49.000Z</time>
        <extensions>
          <ns3:TrackPointExtension>
            <ns3:hr>145</ns3:hr>
            <ns3:cad>81</ns3:cad>
          </ns3:TrackPointExtension>
        </extensions>
      </trkpt>
      <trkpt lat="35.7605451531708240509033203125" lon="139.54288448207080364227294921875">
        <ele>45.59999847412109375</ele>
        <time>2026-08-26T09:43:50.000Z</time>
        <extensions>
          <ns3:TrackPointExtension>
            <ns3:hr>145</ns3:hr>
            <ns3:cad>80</ns3:cad>
          </ns3:TrackPointExtension>
        </extensions>
      </trkpt>
      <trkpt lat="35.76054406352341175079345703125" lon="139.54286570660769939422607421875">
        <ele>45.59999847412109375</ele>
        <time>2026-08-26T09:43:51.000Z</time>
        <extensions>
          <ns3:TrackPointExtension>
            <ns3:hr>145</ns3:hr>
            <ns3:cad>80</ns3:cad>
          </ns3:TrackPointExtension>
        </extensions>
      </trkpt>
      <trkpt lat="35.76054029166698455810546875" lon="139.542844332754611968994140625">
        <ele>45.59999847412109375</ele>
        <time>2026-08-26T09:43:52.000Z</time>
        <extensions>
          <ns3:TrackPointExtension>
            <ns3:hr>145</ns3:hr>
            <ns3:cad>79</ns3:cad>
          </ns3:TrackPointExtension>
        </extensions>
      </trkpt>
      <trkpt lat="35.76053584925830364227294921875" lon="139.5428217016160488128662109375">
        <ele>45.59999847412109375</ele>
        <time>2026-08-26T09:43:53.000Z</time>
        <extensions>
          <ns3:TrackPointExtension>
            <ns3:hr>145</ns3:hr>
            <ns3:cad>79</ns3:cad>
          </ns3:TrackPointExtension>
        </extensions>
      </trkpt>
      <trkpt lat="35.76053358614444732666015625" lon="139.5427992381155490875244140625">
        <ele>45.59999847412109375</ele>
        <time>2026-08-26T09:43:54.000Z</time>
        <extensions>
          <ns3:TrackPointExtension>
            <ns3:hr>145</ns3:hr>
            <ns3:cad>79</ns3:cad>
          </ns3:TrackPointExtension>
        </extensions>
      </trkpt>
      <trkpt lat="35.76052998192608356475830078125" lon="139.54277249984443187713623046875">
        <ele>45.59999847412109375</ele>
        <time>2026-08-26T09:43:55.000Z</time>
        <extensions>
          <ns3:TrackPointExtension>
            <ns3:hr>145</ns3:hr>
            <ns3:cad>79</ns3:cad>
          </ns3:TrackPointExtension>
        </extensions>
      </trkpt>
      <trkpt lat="35.76052780263125896453857421875" lon="139.54274944961071014404296875">
        <ele>45.59999847412109375</ele>
        <time>2026-08-26T09:43:56.000Z</time>
        <extensions>
          <ns3:TrackPointExtension>
            <ns3:hr>145</ns3:hr>
            <ns3:cad>79</ns3:cad>
          </ns3:TrackPointExtension>
        </extensions>
      </trkpt>
      <trkpt lat="35.7605236954987049102783203125" lon="139.54272522591054439544677734375">
        <ele>45.59999847412109375</ele>
        <time>2026-08-26T09:43:57.000Z</time>
        <extensions>
          <ns3:TrackPointExtension>
            <ns3:hr>145</ns3:hr>
            <ns3:cad>79</ns3:cad>
          </ns3:TrackPointExtension>
        </extensions>
      </trkpt>
      <trkpt lat="35.76051807962357997894287109375" lon="139.5427010022103786468505859375">
        <ele>45.59999847412109375</ele>
        <time>2026-08-26T09:43:58.000Z</time>
        <extensions>
          <ns3:TrackPointExtension>
            <ns3:hr>146</ns3:hr>
            <ns3:cad>79</ns3:cad>
          </ns3:TrackPointExtension>
        </extensions>
      </trkpt>
      <trkpt lat="35.760511457920074462890625" lon="139.54267946071922779083251953125">
        <ele>45.59999847412109375</ele>
        <time>2026-08-26T09:43:59.000Z</time>
        <extensions>
          <ns3:TrackPointExtension>
            <ns3:hr>145</ns3:hr>
            <ns3:cad>79</ns3:cad>
          </ns3:TrackPointExtension>
        </extensions>
      </trkpt>
      <trkpt lat="35.76050751842558383941650390625" lon="139.5426590926945209503173828125">
        <ele>45.59999847412109375</ele>
        <time>2026-08-26T09:44:00.000Z</time>
        <extensions>
          <ns3:TrackPointExtension>
            <ns3:hr>145</ns3:hr>
            <ns3:cad>78</ns3:cad>
          </ns3:TrackPointExtension>
        </extensions>
      </trkpt>
      <trkpt lat="35.7605065964162349700927734375" lon="139.54263679683208465576171875">
        <ele>45.59999847412109375</ele>
        <time>2026-08-26T09:44:01.000Z</time>
        <extensions>
          <ns3:TrackPointExtension>
            <ns3:hr>145</ns3:hr>
            <ns3:cad>78</ns3:cad>
          </ns3:TrackPointExtension>
        </extensions>
      </trkpt>
      <trkpt lat="35.76050341129302978515625" lon="139.5426155067980289459228515625">
        <ele>45.59999847412109375</ele>
        <time>2026-08-26T09:44:02.000Z</time>
        <extensions>
          <ns3:TrackPointExtension>
            <ns3:hr>145</ns3:hr>
            <ns3:cad>78</ns3:cad>
          </ns3:TrackPointExtension>
        </extensions>
      </trkpt>
      <trkpt lat="35.760499052703380584716796875" lon="139.5425963960587978363037109375">
        <ele>45.59999847412109375</ele>
        <time>2026-08-26T09:44:03.000Z</time>
        <extensions>
          <ns3:TrackPointExtension>
            <ns3:hr>145</ns3:hr>
            <ns3:cad>78</ns3:cad>
          </ns3:TrackPointExtension>
        </extensions>
      </trkpt>
      <trkpt lat="35.760494358837604522705078125" lon="139.54257535748183727264404296875">
        <ele>45.59999847412109375</ele>
        <time>2026-08-26T09:44:04.000Z</time>
        <extensions>
          <ns3:TrackPointExtension>
            <ns3:hr>144</ns3:hr>
            <ns3:cad>78</ns3:cad>
          </ns3:TrackPointExtension>
        </extensions>
      </trkpt>
      <trkpt lat="35.76048840768635272979736328125" lon="139.54255767166614532470703125">
        <ele>45.59999847412109375</ele>
        <time>2026-08-26T09:44:05.000Z</time>
        <extensions>
          <ns3:TrackPointExtension>
            <ns3:hr>144</ns3:hr>
            <ns3:cad>78</ns3:cad>
          </ns3:TrackPointExtension>
        </extensions>
      </trkpt>
      <trkpt lat="35.760483630001544952392578125" lon="139.54253797419369220733642578125">
        <ele>45.59999847412109375</ele>
        <time>2026-08-26T09:44:06.000Z</time>
        <extensions>
          <ns3:TrackPointExtension>
            <ns3:hr>144</ns3:hr>
            <ns3:cad>78</ns3:cad>
          </ns3:TrackPointExtension>
        </extensions>
      </trkpt>
      <trkpt lat="35.760480277240276336669921875" lon="139.54251743853092193603515625">
        <ele>45.59999847412109375</ele>
        <time>2026-08-26T09:44:07.000Z</time>
        <extensions>
          <ns3:TrackPointExtension>
            <ns3:hr>144</ns3:hr>
            <ns3:cad>78</ns3:cad>
          </ns3:TrackPointExtension>
        </extensions>
      </trkpt>
      <trkpt lat="35.76047725975513458251953125" lon="139.5424993336200714111328125">
        <ele>45.59999847412109375</ele>
        <time>2026-08-26T09:44:08.000Z</time>
        <extensions>
          <ns3:TrackPointExtension>
            <ns3:hr>145</ns3:hr>
            <ns3:cad>78</ns3:cad>
          </ns3:TrackPointExtension>
        </extensions>
      </trkpt>
      <trkpt lat="35.76047298498451709747314453125" lon="139.542480222880840301513671875">
        <ele>45.59999847412109375</ele>
        <time>2026-08-26T09:44:09.000Z</time>
        <extensions>
          <ns3:TrackPointExtension>
            <ns3:hr>145</ns3:hr>
            <ns3:cad>79</ns3:cad>
          </ns3:TrackPointExtension>
        </extensions>
      </trkpt>
      <trkpt lat="35.760468207299709320068359375" lon="139.542460776865482330322265625">
        <ele>45.59999847412109375</ele>
        <time>2026-08-26T09:44:10.000Z</time>
        <extensions>
          <ns3:TrackPointExtension>
            <ns3:hr>145</ns3:hr>
            <ns3:cad>80</ns3:cad>
          </ns3:TrackPointExtension>
        </extensions>
      </trkpt>
      <trkpt lat="35.76046359725296497344970703125" lon="139.54244233667850494384765625">
        <ele>45.59999847412109375</ele>
        <time>2026-08-26T09:44:11.000Z</time>
        <extensions>
          <ns3:TrackPointExtension>
            <ns3:hr>145</ns3:hr>
            <ns3:cad>80</ns3:cad>
          </ns3:TrackPointExtension>
        </extensions>
      </trkpt>
      <trkpt lat="35.7604576461017131805419921875" lon="139.542425908148288726806640625">
        <ele>45.59999847412109375</ele>
        <time>2026-08-26T09:44:12.000Z</time>
        <extensions>
          <ns3:TrackPointExtension>
            <ns3:hr>146</ns3:hr>
            <ns3:cad>80</ns3:cad>
          </ns3:TrackPointExtension>
        </extensions>
      </trkpt>
      <trkpt lat="35.76045169495046138763427734375" lon="139.542409479618072509765625">
        <ele>45.799999237060546875</ele>
        <time>2026-08-26T09:44:13.000Z</time>
        <extensions>
          <ns3:TrackPointExtension>
            <ns3:hr>146</ns3:hr>
            <ns3:cad>80</ns3:cad>
          </ns3:TrackPointExtension>
        </extensions>
      </trkpt>
      <trkpt lat="35.76044867746531963348388671875" lon="139.5423895306885242462158203125">
        <ele>45.799999237060546875</ele>
        <time>2026-08-26T09:44:14.000Z</time>
        <extensions>
          <ns3:TrackPointExtension>
            <ns3:hr>146</ns3:hr>
            <ns3:cad>80</ns3:cad>
          </ns3:TrackPointExtension>
        </extensions>
      </trkpt>
      <trkpt lat="35.7604469172656536102294921875" lon="139.542367570102214813232421875">
        <ele>45.799999237060546875</ele>
        <time>2026-08-26T09:44:15.000Z</time>
        <extensions>
          <ns3:TrackPointExtension>
            <ns3:hr>147</ns3:hr>
            <ns3:cad>79</ns3:cad>
          </ns3:TrackPointExtension>
        </extensions>
      </trkpt>
      <trkpt lat="35.7604438997805118560791015625" lon="139.5423499681055545806884765625">
        <ele>45.799999237060546875</ele>
        <time>2026-08-26T09:44:16.000Z</time>
        <extensions>
          <ns3:TrackPointExtension>
            <ns3:hr>147</ns3:hr>
            <ns3:cad>78</ns3:cad>
          </ns3:TrackPointExtension>
        </extensions>
      </trkpt>
      <trkpt lat="35.7604422233998775482177734375" lon="139.54232993535697460174560546875">
        <ele>45.799999237060546875</ele>
        <time>2026-08-26T09:44:17.000Z</time>
        <extensions>
          <ns3:TrackPointExtension>
            <ns3:hr>147</ns3:hr>
            <ns3:cad>77</ns3:cad>
          </ns3:TrackPointExtension>
        </extensions>
      </trkpt>
      <trkpt lat="35.76043702661991119384765625" lon="139.54231216572225093841552734375">
        <ele>45.799999237060546875</ele>
        <time>2026-08-26T09:44:18.000Z</time>
        <extensions>
          <ns3:TrackPointExtension>
            <ns3:hr>147</ns3:hr>
            <ns3:cad>77</ns3:cad>
          </ns3:TrackPointExtension>
        </extensions>
      </trkpt>
      <trkpt lat="35.7604321651160717010498046875" lon="139.54229691065847873687744140625">
        <ele>45.799999237060546875</ele>
        <time>2026-08-26T09:44:19.000Z</time>
        <extensions>
          <ns3:TrackPointExtension>
            <ns3:hr>147</ns3:hr>
            <ns3:cad>78</ns3:cad>
          </ns3:TrackPointExtension>
        </extensions>
      </trkpt>
      <trkpt lat="35.76042872853577136993408203125" lon="139.54227880574762821197509765625">
        <ele>45.799999237060546875</ele>
        <time>2026-08-26T09:44:20.000Z</time>
        <extensions>
          <ns3:TrackPointExtension>
            <ns3:hr>147</ns3:hr>
            <ns3:cad>78</ns3:cad>
          </ns3:TrackPointExtension>
        </extensions>
      </trkpt>
      <trkpt lat="35.7604244537651538848876953125" lon="139.542261622846126556396484375">
        <ele>45.799999237060546875</ele>
        <time>2026-08-26T09:44:21.000Z</time>
        <extensions>
          <ns3:TrackPointExtension>
            <ns3:hr>147</ns3:hr>
            <ns3:cad>78</ns3:cad>
          </ns3:TrackPointExtension>
        </extensions>
      </trkpt>
      <trkpt lat="35.76042093336582183837890625" lon="139.542246870696544647216796875">
        <ele>45.799999237060546875</ele>
        <time>2026-08-26T09:44:22.000Z</time>
        <extensions>
          <ns3:TrackPointExtension>
            <ns3:hr>146</ns3:hr>
            <ns3:cad>78</ns3:cad>
          </ns3:TrackPointExtension>
        </extensions>
      </trkpt>
      <trkpt lat="35.76041833497583866119384765625" lon="139.542230106890201568603515625">
        <ele>45.799999237060546875</ele>
        <time>2026-08-26T09:44:23.000Z</time>
        <extensions>
          <ns3:TrackPointExtension>
            <ns3:hr>147</ns3:hr>
            <ns3:cad>78</ns3:cad>
          </ns3:TrackPointExtension>
        </extensions>
      </trkpt>
      <trkpt lat="35.760417245328426361083984375" lon="139.542214013636112213134765625">
        <ele>46</ele>
        <time>2026-08-26T09:44:24.000Z</time>
        <extensions>
          <ns3:TrackPointExtension>
            <ns3:hr>147</ns3:hr>
            <ns3:cad>78</ns3:cad>
          </ns3:TrackPointExtension>
        </extensions>
      </trkpt>
      <trkpt lat="35.7604137249290943145751953125" lon="139.54219733364880084991455078125">
        <ele>46</ele>
        <time>2026-08-26T09:44:25.000Z</time>
        <extensions>
          <ns3:TrackPointExtension>
            <ns3:hr>146</ns3:hr>
            <ns3:cad>76</ns3:cad>
          </ns3:TrackPointExtension>
        </extensions>
      </trkpt>
      <trkpt lat="35.7604093663394451141357421875" lon="139.54217889346182346343994140625">
        <ele>46</ele>
        <time>2026-08-26T09:44:26.000Z</time>
        <extensions>
          <ns3:TrackPointExtension>
            <ns3:hr>146</ns3:hr>
            <ns3:cad>76</ns3:cad>
          </ns3:TrackPointExtension>
        </extensions>
      </trkpt>
      <trkpt lat="35.76040693558752536773681640625" lon="139.54216062091290950775146484375">
        <ele>45.799999237060546875</ele>
        <time>2026-08-26T09:44:27.000Z</time>
        <extensions>
          <ns3:TrackPointExtension>
            <ns3:hr>146</ns3:hr>
            <ns3:cad>77</ns3:cad>
          </ns3:TrackPointExtension>
        </extensions>
      </trkpt>
      <trkpt lat="35.76040224172174930572509765625" lon="139.5421425998210906982421875">
        <ele>45.799999237060546875</ele>
        <time>2026-08-26T09:44:28.000Z</time>
        <extensions>
          <ns3:TrackPointExtension>
            <ns3:hr>145</ns3:hr>
            <ns3:cad>77</ns3:cad>
          </ns3:TrackPointExtension>
        </extensions>
      </trkpt>
      <trkpt lat="35.7603972963988780975341796875" lon="139.5421266742050647735595703125">
        <ele>45.799999237060546875</ele>
        <time>2026-08-26T09:44:29.000Z</time>
        <extensions>
          <ns3:TrackPointExtension>
            <ns3:hr>145</ns3:hr>
            <ns3:cad>77</ns3:cad>
          </ns3:TrackPointExtension>
        </extensions>
      </trkpt>
      <trkpt lat="35.7603932730853557586669921875" lon="139.54210848547518253326416015625">
        <ele>45.799999237060546875</ele>
        <time>2026-08-26T09:44:30.000Z</time>
        <extensions>
          <ns3:TrackPointExtension>
            <ns3:hr>145</ns3:hr>
            <ns3:cad>77</ns3:cad>
          </ns3:TrackPointExtension>
        </extensions>
      </trkpt>
      <trkpt lat="35.76038883067667484283447265625" lon="139.5420889556407928466796875">
        <ele>45.799999237060546875</ele>
        <time>2026-08-26T09:44:31.000Z</time>
        <extensions>
          <ns3:TrackPointExtension>
            <ns3:hr>145</ns3:hr>
            <ns3:cad>77</ns3:cad>
          </ns3:TrackPointExtension>
        </extensions>
      </trkpt>
      <trkpt lat="35.76038338243961334228515625" lon="139.54206992872059345245361328125">
        <ele>45.799999237060546875</ele>
        <time>2026-08-26T09:44:32.000Z</time>
        <extensions>
          <ns3:TrackPointExtension>
            <ns3:hr>144</ns3:hr>
            <ns3:cad>77</ns3:cad>
          </ns3:TrackPointExtension>
        </extensions>
      </trkpt>
      <trkpt lat="35.76037877239286899566650390625" lon="139.542053081095218658447265625">
        <ele>45.799999237060546875</ele>
        <time>2026-08-26T09:44:33.000Z</time>
        <extensions>
          <ns3:TrackPointExtension>
            <ns3:hr>144</ns3:hr>
            <ns3:cad>77</ns3:cad>
          </ns3:TrackPointExtension>
        </extensions>
      </trkpt>
      <trkpt lat="35.7603741623461246490478515625" lon="139.54203472472727298736572265625">
        <ele>45.799999237060546875</ele>
        <time>2026-08-26T09:44:34.000Z</time>
        <extensions>
          <ns3:TrackPointExtension>
            <ns3:hr>144</ns3:hr>
            <ns3:cad>77</ns3:cad>
          </ns3:TrackPointExtension>
        </extensions>
      </trkpt>
      <trkpt lat="35.7603677920997142791748046875" lon="139.5420170389115810394287109375">
        <ele>45.799999237060546875</ele>
        <time>2026-08-26T09:44:35.000Z</time>
        <extensions>
          <ns3:TrackPointExtension>
            <ns3:hr>143</ns3:hr>
            <ns3:cad>78</ns3:cad>
          </ns3:TrackPointExtension>
        </extensions>
      </trkpt>
      <trkpt lat="35.76036418788135051727294921875" lon="139.5419999398291110992431640625">
        <ele>45.799999237060546875</ele>
        <time>2026-08-26T09:44:36.000Z</time>
        <extensions>
          <ns3:TrackPointExtension>
            <ns3:hr>143</ns3:hr>
            <ns3:cad>78</ns3:cad>
          </ns3:TrackPointExtension>
        </extensions>
      </trkpt>
      <trkpt lat="35.76035949401557445526123046875" lon="139.5419825054705142974853515625">
        <ele>45.799999237060546875</ele>
        <time>2026-08-26T09:44:37.000Z</time>
        <extensions>
          <ns3:TrackPointExtension>
            <ns3:hr>143</ns3:hr>
            <ns3:cad>78</ns3:cad>
          </ns3:TrackPointExtension>
        </extensions>
      </trkpt>
      <trkpt lat="35.760354883968830108642578125" lon="139.54196498729288578033447265625">
        <ele>45.799999237060546875</ele>
        <time>2026-08-26T09:44:38.000Z</time>
        <extensions>
          <ns3:TrackPointExtension>
            <ns3:hr>143</ns3:hr>
            <ns3:cad>78</ns3:cad>
          </ns3:TrackPointExtension>
        </extensions>
      </trkpt>
      <trkpt lat="35.760349519550800323486328125" lon="139.5419456250965595245361328125">
        <ele>45.799999237060546875</ele>
        <time>2026-08-26T09:44:39.000Z</time>
        <extensions>
          <ns3:TrackPointExtension>
            <ns3:hr>143</ns3:hr>
            <ns3:cad>78</ns3:cad>
          </ns3:TrackPointExtension>
        </extensions>
      </trkpt>
      <trkpt lat="35.76034608297049999237060546875" lon="139.54192928038537502288818359375">
        <ele>46</ele>
        <time>2026-08-26T09:44:40.000Z</time>
        <extensions>
          <ns3:TrackPointExtension>
            <ns3:hr>143</ns3:hr>
            <ns3:cad>79</ns3:cad>
          </ns3:TrackPointExtension>
        </extensions>
      </trkpt>
      <trkpt lat="35.76034583151340484619140625" lon="139.5419110916554927825927734375">
        <ele>46</ele>
        <time>2026-08-26T09:44:41.000Z</time>
        <extensions>
          <ns3:TrackPointExtension>
            <ns3:hr>143</ns3:hr>
            <ns3:cad>79</ns3:cad>
          </ns3:TrackPointExtension>
        </extensions>
      </trkpt>
      <trkpt lat="35.76034440658986568450927734375" lon="139.54189340583980083465576171875">
        <ele>46</ele>
        <time>2026-08-26T09:44:42.000Z</time>
        <extensions>
          <ns3:TrackPointExtension>
            <ns3:hr>143</ns3:hr>
            <ns3:cad>79</ns3:cad>
          </ns3:TrackPointExtension>
        </extensions>
      </trkpt>
      <trkpt lat="35.76033988036215305328369140625" lon="139.5418782345950603485107421875">
        <ele>46</ele>
        <time>2026-08-26T09:44:43.000Z</time>
        <extensions>
          <ns3:TrackPointExtension>
            <ns3:hr>143</ns3:hr>
            <ns3:cad>78</ns3:cad>
          </ns3:TrackPointExtension>
        </extensions>
      </trkpt>
      <trkpt lat="35.76033770106732845306396484375" lon="139.5418609678745269775390625">
        <ele>46</ele>
        <time>2026-08-26T09:44:44.000Z</time>
        <extensions>
          <ns3:TrackPointExtension>
            <ns3:hr>143</ns3:hr>
            <ns3:cad>78</ns3:cad>
          </ns3:TrackPointExtension>
        </extensions>
      </trkpt>
      <trkpt lat="35.76033501885831356048583984375" lon="139.54184328205883502960205078125">
        <ele>46</ele>
        <time>2026-08-26T09:44:45.000Z</time>
        <extensions>
          <ns3:TrackPointExtension>
            <ns3:hr>142</ns3:hr>
            <ns3:cad>77</ns3:cad>
          </ns3:TrackPointExtension>
        </extensions>
      </trkpt>
      <trkpt lat="35.760332755744457244873046875" lon="139.541829787194728851318359375">
        <ele>46</ele>
        <time>2026-08-26T09:44:46.000Z</time>
        <extensions>
          <ns3:TrackPointExtension>
            <ns3:hr>142</ns3:hr>
            <ns3:cad>77</ns3:cad>
          </ns3:TrackPointExtension>
        </extensions>
      </trkpt>
      <trkpt lat="35.76032931916415691375732421875" lon="139.54181738197803497314453125">
        <ele>46</ele>
        <time>2026-08-26T09:44:47.000Z</time>
        <extensions>
          <ns3:TrackPointExtension>
            <ns3:hr>142</ns3:hr>
            <ns3:cad>77</ns3:cad>
          </ns3:TrackPointExtension>
        </extensions>
      </trkpt>
      <trkpt lat="35.7603248767554759979248046875" lon="139.54180128872394561767578125">
        <ele>46</ele>
        <time>2026-08-26T09:44:48.000Z</time>
        <extensions>
          <ns3:TrackPointExtension>
            <ns3:hr>142</ns3:hr>
            <ns3:cad>76</ns3:cad>
          </ns3:TrackPointExtension>
        </extensions>
      </trkpt>
      <trkpt lat="35.76032169163227081298828125" lon="139.54178251326084136962890625">
        <ele>46</ele>
        <time>2026-08-26T09:44:49.000Z</time>
        <extensions>
          <ns3:TrackPointExtension>
            <ns3:hr>142</ns3:hr>
            <ns3:cad>76</ns3:cad>
          </ns3:TrackPointExtension>
        </extensions>
      </trkpt>
      <trkpt lat="35.76031842269003391265869140625" lon="139.541766755282878875732421875">
        <ele>45.799999237060546875</ele>
        <time>2026-08-26T09:44:50.000Z</time>
        <extensions>
          <ns3:TrackPointExtension>
            <ns3:hr>142</ns3:hr>
            <ns3:cad>76</ns3:cad>
          </ns3:TrackPointExtension>
        </extensions>
      </trkpt>
      <trkpt lat="35.7603158243000507354736328125" lon="139.54175074584782123565673828125">
        <ele>45.799999237060546875</ele>
        <time>2026-08-26T09:44:51.000Z</time>
        <extensions>
          <ns3:TrackPointExtension>
            <ns3:hr>142</ns3:hr>
            <ns3:cad>76</ns3:cad>
          </ns3:TrackPointExtension>
        </extensions>
      </trkpt>
      <trkpt lat="35.76031305827200412750244140625" lon="139.54173155128955841064453125">
        <ele>45.799999237060546875</ele>
        <time>2026-08-26T09:44:52.000Z</time>
        <extensions>
          <ns3:TrackPointExtension>
            <ns3:hr>142</ns3:hr>
            <ns3:cad>77</ns3:cad>
          </ns3:TrackPointExtension>
        </extensions>
      </trkpt>
      <trkpt lat="35.7603101246058940887451171875" lon="139.54171545803546905517578125">
        <ele>45.799999237060546875</ele>
        <time>2026-08-26T09:44:53.000Z</time>
        <extensions>
          <ns3:TrackPointExtension>
            <ns3:hr>142</ns3:hr>
            <ns3:cad>77</ns3:cad>
          </ns3:TrackPointExtension>
        </extensions>
      </trkpt>
      <trkpt lat="35.76030953787267208099365234375" lon="139.54170062206685543060302734375">
        <ele>45.799999237060546875</ele>
        <time>2026-08-26T09:44:54.000Z</time>
        <extensions>
          <ns3:TrackPointExtension>
            <ns3:hr>141</ns3:hr>
            <ns3:cad>76</ns3:cad>
          </ns3:TrackPointExtension>
        </extensions>
      </trkpt>
      <trkpt lat="35.76030836440622806549072265625" lon="139.54168670810759067535400390625">
        <ele>45.59999847412109375</ele>
        <time>2026-08-26T09:44:55.000Z</time>
        <extensions>
          <ns3:TrackPointExtension>
            <ns3:hr>141</ns3:hr>
            <ns3:cad>76</ns3:cad>
          </ns3:TrackPointExtension>
        </extensions>
      </trkpt>
      <trkpt lat="35.760304592549800872802734375" lon="139.54166742973029613494873046875">
        <ele>45.59999847412109375</ele>
        <time>2026-08-26T09:44:56.000Z</time>
        <extensions>
          <ns3:TrackPointExtension>
            <ns3:hr>140</ns3:hr>
            <ns3:cad>76</ns3:cad>
          </ns3:TrackPointExtension>
        </extensions>
      </trkpt>
      <trkpt lat="35.76029981486499309539794921875" lon="139.54164915718138217926025390625">
        <ele>45.59999847412109375</ele>
        <time>2026-08-26T09:44:57.000Z</time>
        <extensions>
          <ns3:TrackPointExtension>
            <ns3:hr>139</ns3:hr>
            <ns3:cad>75</ns3:cad>
          </ns3:TrackPointExtension>
        </extensions>
      </trkpt>
      <trkpt lat="35.76029495336115360260009765625" lon="139.541629962623119354248046875">
        <ele>45.59999847412109375</ele>
        <time>2026-08-26T09:44:58.000Z</time>
        <extensions>
          <ns3:TrackPointExtension>
            <ns3:hr>138</ns3:hr>
            <ns3:cad>75</ns3:cad>
          </ns3:TrackPointExtension>
        </extensions>
      </trkpt>
      <trkpt lat="35.76029025949537754058837890625" lon="139.5416115224361419677734375">
        <ele>45.59999847412109375</ele>
        <time>2026-08-26T09:44:59.000Z</time>
        <extensions>
          <ns3:TrackPointExtension>
            <ns3:hr>138</ns3:hr>
            <ns3:cad>75</ns3:cad>
          </ns3:TrackPointExtension>
        </extensions>
      </trkpt>
      <trkpt lat="35.76028439216315746307373046875" lon="139.54159551300108432769775390625">
        <ele>45.799999237060546875</ele>
        <time>2026-08-26T09:45:00.000Z</time>
        <extensions>
          <ns3:TrackPointExtension>
            <ns3:hr>138</ns3:hr>
            <ns3:cad>76</ns3:cad>
          </ns3:TrackPointExtension>
        </extensions>
      </trkpt>
      <trkpt lat="35.7602792792022228240966796875" lon="139.541580341756343841552734375">
        <ele>45.799999237060546875</ele>
        <time>2026-08-26T09:45:01.000Z</time>
        <extensions>
          <ns3:TrackPointExtension>
            <ns3:hr>138</ns3:hr>
            <ns3:cad>76</ns3:cad>
          </ns3:TrackPointExtension>
        </extensions>
      </trkpt>
      <trkpt lat="35.7602789439260959625244140625" lon="139.54156366176903247833251953125">
        <ele>45.799999237060546875</ele>
        <time>2026-08-26T09:45:02.000Z</time>
        <extensions>
          <ns3:TrackPointExtension>
            <ns3:hr>137</ns3:hr>
            <ns3:cad>77</ns3:cad>
          </ns3:TrackPointExtension>
        </extensions>
      </trkpt>
      <trkpt lat="35.76027835719287395477294921875" lon="139.54154538922011852264404296875">
        <ele>45.799999237060546875</ele>
        <time>2026-08-26T09:45:03.000Z</time>
        <extensions>
          <ns3:TrackPointExtension>
            <ns3:hr>137</ns3:hr>
            <ns3:cad>77</ns3:cad>
          </ns3:TrackPointExtension>
        </extensions>
      </trkpt>
      <trkpt lat="35.76027810573577880859375" lon="139.5415278710424900054931640625">
        <ele>45.799999237060546875</ele>
        <time>2026-08-26T09:45:04.000Z</time>
        <extensions>
          <ns3:TrackPointExtension>
            <ns3:hr>137</ns3:hr>
            <ns3:cad>77</ns3:cad>
          </ns3:TrackPointExtension>
        </extensions>
      </trkpt>
      <trkpt lat="35.76027668081223964691162109375" lon="139.5415111072361469268798828125">
        <ele>45.799999237060546875</ele>
        <time>2026-08-26T09:45:05.000Z</time>
        <extensions>
          <ns3:TrackPointExtension>
            <ns3:hr>137</ns3:hr>
            <ns3:cad>76</ns3:cad>
          </ns3:TrackPointExtension>
        </extensions>
      </trkpt>
      <trkpt lat="35.76027207076549530029296875" lon="139.54149627126753330230712890625">
        <ele>45.799999237060546875</ele>
        <time>2026-08-26T09:45:06.000Z</time>
        <extensions>
          <ns3:TrackPointExtension>
            <ns3:hr>137</ns3:hr>
            <ns3:cad>76</ns3:cad>
          </ns3:TrackPointExtension>
        </extensions>
      </trkpt>
      <trkpt lat="35.76026670634746551513671875" lon="139.54148034565150737762451171875">
        <ele>45.799999237060546875</ele>
        <time>2026-08-26T09:45:07.000Z</time>
        <extensions>
          <ns3:TrackPointExtension>
            <ns3:hr>137</ns3:hr>
            <ns3:cad>76</ns3:cad>
          </ns3:TrackPointExtension>
        </extensions>
      </trkpt>
      <trkpt lat="35.7602615095674991607666015625" lon="139.5414604805409908294677734375">
        <ele>45.799999237060546875</ele>
        <time>2026-08-26T09:45:08.000Z</time>
        <extensions>
          <ns3:TrackPointExtension>
            <ns3:hr>137</ns3:hr>
            <ns3:cad>76</ns3:cad>
          </ns3:TrackPointExtension>
        </extensions>
      </trkpt>
      <trkpt lat="35.760255642235279083251953125" lon="139.5414452254772186279296875">
        <ele>45.799999237060546875</ele>
        <time>2026-08-26T09:45:09.000Z</time>
        <extensions>
          <ns3:TrackPointExtension>
            <ns3:hr>137</ns3:hr>
            <ns3:cad>76</ns3:cad>
          </ns3:TrackPointExtension>
        </extensions>
      </trkpt>
      <trkpt lat="35.76025002636015415191650390625" lon="139.54143122769892215728759765625">
        <ele>45.799999237060546875</ele>
        <time>2026-08-26T09:45:10.000Z</time>
        <extensions>
          <ns3:TrackPointExtension>
            <ns3:hr>137</ns3:hr>
            <ns3:cad>75</ns3:cad>
          </ns3:TrackPointExtension>
        </extensions>
      </trkpt>
      <trkpt lat="35.76024449430406093597412109375" lon="139.54141329042613506317138671875">
        <ele>45.59999847412109375</ele>
        <time>2026-08-26T09:45:11.000Z</time>
        <extensions>
          <ns3:TrackPointExtension>
            <ns3:hr>137</ns3:hr>
            <ns3:cad>75</ns3:cad>
          </ns3:TrackPointExtension>
        </extensions>
      </trkpt>
      <trkpt lat="35.7602393813431262969970703125" lon="139.54139627516269683837890625">
        <ele>45.59999847412109375</ele>
        <time>2026-08-26T09:45:12.000Z</time>
        <extensions>
          <ns3:TrackPointExtension>
            <ns3:hr>136</ns3:hr>
            <ns3:cad>76</ns3:cad>
          </ns3:TrackPointExtension>
        </extensions>
      </trkpt>
      <trkpt lat="35.7602336816489696502685546875" lon="139.541383199393749237060546875">
        <ele>45.799999237060546875</ele>
        <time>2026-08-26T09:45:13.000Z</time>
        <extensions>
          <ns3:TrackPointExtension>
            <ns3:hr>136</ns3:hr>
            <ns3:cad>76</ns3:cad>
          </ns3:TrackPointExtension>
        </extensions>
      </trkpt>
      <trkpt lat="35.7602306641638278961181640625" lon="139.54136936925351619720458984375">
        <ele>45.799999237060546875</ele>
        <time>2026-08-26T09:45:14.000Z</time>
        <extensions>
          <ns3:TrackPointExtension>
            <ns3:hr>136</ns3:hr>
            <ns3:cad>76</ns3:cad>
          </ns3:TrackPointExtension>
        </extensions>
      </trkpt>
      <trkpt lat="35.76022555120289325714111328125" lon="139.541356377303600311279296875">
        <ele>45.799999237060546875</ele>
        <time>2026-08-26T09:45:15.000Z</time>
        <extensions>
          <ns3:TrackPointExtension>
            <ns3:hr>136</ns3:hr>
            <ns3:cad>76</ns3:cad>
          </ns3:TrackPointExtension>
        </extensions>
      </trkpt>
      <trkpt lat="35.76022085733711719512939453125" lon="139.541339613497257232666015625">
        <ele>45.799999237060546875</ele>
        <time>2026-08-26T09:45:16.000Z</time>
        <extensions>
          <ns3:TrackPointExtension>
            <ns3:hr>135</ns3:hr>
            <ns3:cad>76</ns3:cad>
          </ns3:TrackPointExtension>
        </extensions>
      </trkpt>
      <trkpt lat="35.76021566055715084075927734375" lon="139.54132075421512126922607421875">
        <ele>45.799999237060546875</ele>
        <time>2026-08-26T09:45:17.000Z</time>
        <extensions>
          <ns3:TrackPointExtension>
            <ns3:hr>135</ns3:hr>
            <ns3:cad>76</ns3:cad>
          </ns3:TrackPointExtension>
        </extensions>
      </trkpt>
      <trkpt lat="35.7602123916149139404296875" lon="139.54130834899842739105224609375">
        <ele>45.799999237060546875</ele>
        <time>2026-08-26T09:45:18.000Z</time>
        <extensions>
          <ns3:TrackPointExtension>
            <ns3:hr>135</ns3:hr>
            <ns3:cad>76</ns3:cad>
          </ns3:TrackPointExtension>
        </extensions>
      </trkpt>
      <trkpt lat="35.760206691920757293701171875" lon="139.54129192046821117401123046875">
        <ele>45.799999237060546875</ele>
        <time>2026-08-26T09:45:19.000Z</time>
        <extensions>
          <ns3:TrackPointExtension>
            <ns3:hr>134</ns3:hr>
            <ns3:cad>76</ns3:cad>
          </ns3:TrackPointExtension>
        </extensions>
      </trkpt>
      <trkpt lat="35.7602011598646640777587890625" lon="139.54127649776637554168701171875">
        <ele>45.799999237060546875</ele>
        <time>2026-08-26T09:45:20.000Z</time>
        <extensions>
          <ns3:TrackPointExtension>
            <ns3:hr>134</ns3:hr>
            <ns3:cad>76</ns3:cad>
          </ns3:TrackPointExtension>
        </extensions>
      </trkpt>
      <trkpt lat="35.7601941190659999847412109375" lon="139.541261494159698486328125">
        <ele>45.799999237060546875</ele>
        <time>2026-08-26T09:45:21.000Z</time>
        <extensions>
          <ns3:TrackPointExtension>
            <ns3:hr>133</ns3:hr>
            <ns3:cad>75</ns3:cad>
          </ns3:TrackPointExtension>
        </extensions>
      </trkpt>
      <trkpt lat="35.76018950901925563812255859375" lon="139.541246406733989715576171875">
        <ele>45.799999237060546875</ele>
        <time>2026-08-26T09:45:22.000Z</time>
        <extensions>
          <ns3:TrackPointExtension>
            <ns3:hr>133</ns3:hr>
            <ns3:cad>75</ns3:cad>
          </ns3:TrackPointExtension>
        </extensions>
      </trkpt>
      <trkpt lat="35.7601857371628284454345703125" lon="139.5412291400134563446044921875">
        <ele>45.799999237060546875</ele>
        <time>2026-08-26T09:45:23.000Z</time>
        <extensions>
          <ns3:TrackPointExtension>
            <ns3:hr>133</ns3:hr>
            <ns3:cad>76</ns3:cad>
          </ns3:TrackPointExtension>
        </extensions>
      </trkpt>
      <trkpt lat="35.76018095947802066802978515625" lon="139.54120986163616180419921875">
        <ele>45.799999237060546875</ele>
        <time>2026-08-26T09:45:24.000Z</time>
        <extensions>
          <ns3:TrackPointExtension>
            <ns3:hr>133</ns3:hr>
            <ns3:cad>76</ns3:cad>
          </ns3:TrackPointExtension>
        </extensions>
      </trkpt>
      <trkpt lat="35.7601776905357837677001953125" lon="139.54119368456304073333740234375">
        <ele>45.799999237060546875</ele>
        <time>2026-08-26T09:45:25.000Z</time>
        <extensions>
          <ns3:TrackPointExtension>
            <ns3:hr>133</ns3:hr>
            <ns3:cad>76</ns3:cad>
          </ns3:TrackPointExtension>
        </extensions>
      </trkpt>
      <trkpt lat="35.760173499584197998046875" lon="139.54117725603282451629638671875">
        <ele>45.799999237060546875</ele>
        <time>2026-08-26T09:45:26.000Z</time>
        <extensions>
          <ns3:TrackPointExtension>
            <ns3:hr>134</ns3:hr>
            <ns3:cad>76</ns3:cad>
          </ns3:TrackPointExtension>
        </extensions>
      </trkpt>
      <trkpt lat="35.76016821898519992828369140625" lon="139.54116049222648143768310546875">
        <ele>45.799999237060546875</ele>
        <time>2026-08-26T09:45:27.000Z</time>
        <extensions>
          <ns3:TrackPointExtension>
            <ns3:hr>134</ns3:hr>
            <ns3:cad>76</ns3:cad>
          </ns3:TrackPointExtension>
        </extensions>
      </trkpt>
      <trkpt lat="35.76016184873878955841064453125" lon="139.54114456661045551300048828125">
        <ele>45.799999237060546875</ele>
        <time>2026-08-26T09:45:28.000Z</time>
        <extensions>
          <ns3:TrackPointExtension>
            <ns3:hr>134</ns3:hr>
            <ns3:cad>76</ns3:cad>
          </ns3:TrackPointExtension>
        </extensions>
      </trkpt>
      <trkpt lat="35.760156400501728057861328125" lon="139.54112914390861988067626953125">
        <ele>45.799999237060546875</ele>
        <time>2026-08-26T09:45:29.000Z</time>
        <extensions>
          <ns3:TrackPointExtension>
            <ns3:hr>134</ns3:hr>
            <ns3:cad>76</ns3:cad>
          </ns3:TrackPointExtension>
        </extensions>
      </trkpt>
      <trkpt lat="35.7601507008075714111328125" lon="139.54111397266387939453125">
        <ele>45.59999847412109375</ele>
        <time>2026-08-26T09:45:30.000Z</time>
        <extensions>
          <ns3:TrackPointExtension>
            <ns3:hr>134</ns3:hr>
            <ns3:cad>76</ns3:cad>
          </ns3:TrackPointExtension>
        </extensions>
      </trkpt>
      <trkpt lat="35.760144330561161041259765625" lon="139.54109863378107547760009765625">
        <ele>45.59999847412109375</ele>
        <time>2026-08-26T09:45:31.000Z</time>
        <extensions>
          <ns3:TrackPointExtension>
            <ns3:hr>133</ns3:hr>
            <ns3:cad>76</ns3:cad>
          </ns3:TrackPointExtension>
        </extensions>
      </trkpt>
      <trkpt lat="35.7601357810199260711669921875" lon="139.54108388163149356842041015625">
        <ele>45.59999847412109375</ele>
        <time>2026-08-26T09:45:32.000Z</time>
        <extensions>
          <ns3:TrackPointExtension>
            <ns3:hr>133</ns3:hr>
            <ns3:cad>76</ns3:cad>
          </ns3:TrackPointExtension>
        </extensions>
      </trkpt>
      <trkpt lat="35.76012781821191310882568359375" lon="139.5410688780248165130615234375">
        <ele>45.59999847412109375</ele>
        <time>2026-08-26T09:45:33.000Z</time>
        <extensions>
          <ns3:TrackPointExtension>
            <ns3:hr>132</ns3:hr>
            <ns3:cad>76</ns3:cad>
          </ns3:TrackPointExtension>
        </extensions>
      </trkpt>
      <trkpt lat="35.76011960394680500030517578125" lon="139.54105337150394916534423828125">
        <ele>45.59999847412109375</ele>
        <time>2026-08-26T09:45:34.000Z</time>
        <extensions>
          <ns3:TrackPointExtension>
            <ns3:hr>132</ns3:hr>
            <ns3:cad>76</ns3:cad>
          </ns3:TrackPointExtension>
        </extensions>
      </trkpt>
      <trkpt lat="35.76011105440557003021240234375" lon="139.54103962518274784088134765625">
        <ele>45.59999847412109375</ele>
        <time>2026-08-26T09:45:35.000Z</time>
        <extensions>
          <ns3:TrackPointExtension>
            <ns3:hr>132</ns3:hr>
            <ns3:cad>76</ns3:cad>
          </ns3:TrackPointExtension>
        </extensions>
      </trkpt>
      <trkpt lat="35.7601056061685085296630859375" lon="139.54102420248091220855712890625">
        <ele>45.59999847412109375</ele>
        <time>2026-08-26T09:45:36.000Z</time>
        <extensions>
          <ns3:TrackPointExtension>
            <ns3:hr>132</ns3:hr>
            <ns3:cad>76</ns3:cad>
          </ns3:TrackPointExtension>
        </extensions>
      </trkpt>
      <trkpt lat="35.7601019181311130523681640625" lon="139.54100945033133029937744140625">
        <ele>45.59999847412109375</ele>
        <time>2026-08-26T09:45:37.000Z</time>
        <extensions>
          <ns3:TrackPointExtension>
            <ns3:hr>133</ns3:hr>
            <ns3:cad>76</ns3:cad>
          </ns3:TrackPointExtension>
        </extensions>
      </trkpt>
      <trkpt lat="35.76009697280824184417724609375" lon="139.54099570401012897491455078125">
        <ele>45.59999847412109375</ele>
        <time>2026-08-26T09:45:38.000Z</time>
        <extensions>
          <ns3:TrackPointExtension>
            <ns3:hr>132</ns3:hr>
            <ns3:cad>75</ns3:cad>
          </ns3:TrackPointExtension>
        </extensions>
      </trkpt>
      <trkpt lat="35.7600890100002288818359375" lon="139.54098162241280078887939453125">
        <ele>45.59999847412109375</ele>
        <time>2026-08-26T09:45:39.000Z</time>
        <extensions>
          <ns3:TrackPointExtension>
            <ns3:hr>132</ns3:hr>
            <ns3:cad>75</ns3:cad>
          </ns3:TrackPointExtension>
        </extensions>
      </trkpt>
      <trkpt lat="35.76008029282093048095703125" lon="139.54097005538642406463623046875">
        <ele>45.59999847412109375</ele>
        <time>2026-08-26T09:45:40.000Z</time>
        <extensions>
          <ns3:TrackPointExtension>
            <ns3:hr>132</ns3:hr>
            <ns3:cad>75</ns3:cad>
          </ns3:TrackPointExtension>
        </extensions>
      </trkpt>
      <trkpt lat="35.76007501222193241119384765625" lon="139.540958069264888763427734375">
        <ele>45.59999847412109375</ele>
        <time>2026-08-26T09:45:41.000Z</time>
        <extensions>
          <ns3:TrackPointExtension>
            <ns3:hr>132</ns3:hr>
            <ns3:cad>75</ns3:cad>
          </ns3:TrackPointExtension>
        </extensions>
      </trkpt>
      <trkpt lat="35.76006948016583919525146484375" lon="139.540944658219814300537109375">
        <ele>45.59999847412109375</ele>
        <time>2026-08-26T09:45:42.000Z</time>
        <extensions>
          <ns3:TrackPointExtension>
            <ns3:hr>132</ns3:hr>
            <ns3:cad>75</ns3:cad>
          </ns3:TrackPointExtension>
        </extensions>
      </trkpt>
      <trkpt lat="35.76006285846233367919921875" lon="139.54092957079410552978515625">
        <ele>45.59999847412109375</ele>
        <time>2026-08-26T09:45:43.000Z</time>
        <extensions>
          <ns3:TrackPointExtension>
            <ns3:hr>132</ns3:hr>
            <ns3:cad>74</ns3:cad>
          </ns3:TrackPointExtension>
        </extensions>
      </trkpt>
      <trkpt lat="35.76005338691174983978271484375" lon="139.54091473482549190521240234375">
        <ele>45.59999847412109375</ele>
        <time>2026-08-26T09:45:44.000Z</time>
        <extensions>
          <ns3:TrackPointExtension>
            <ns3:hr>132</ns3:hr>
            <ns3:cad>74</ns3:cad>
          </ns3:TrackPointExtension>
        </extensions>
      </trkpt>
      <trkpt lat="35.7600412331521511077880859375" lon="139.54090274870395660400390625">
        <ele>45.59999847412109375</ele>
        <time>2026-08-26T09:45:45.000Z</time>
        <extensions>
          <ns3:TrackPointExtension>
            <ns3:hr>132</ns3:hr>
            <ns3:cad>73</ns3:cad>
          </ns3:TrackPointExtension>
        </extensions>
      </trkpt>
      <trkpt lat="35.76003343798220157623291015625" lon="139.54089093022048473358154296875">
        <ele>45.59999847412109375</ele>
        <time>2026-08-26T09:45:46.000Z</time>
        <extensions>
          <ns3:TrackPointExtension>
            <ns3:hr>132</ns3:hr>
            <ns3:cad>73</ns3:cad>
          </ns3:TrackPointExtension>
        </extensions>
      </trkpt>
      <trkpt lat="35.76002505607903003692626953125" lon="139.54087860882282257080078125">
        <ele>45.59999847412109375</ele>
        <time>2026-08-26T09:45:47.000Z</time>
        <extensions>
          <ns3:TrackPointExtension>
            <ns3:hr>132</ns3:hr>
            <ns3:cad>73</ns3:cad>
          </ns3:TrackPointExtension>
        </extensions>
      </trkpt>
      <trkpt lat="35.76001717709004878997802734375" lon="139.54086461104452610015869140625">
        <ele>45.59999847412109375</ele>
        <time>2026-08-26T09:45:48.000Z</time>
        <extensions>
          <ns3:TrackPointExtension>
            <ns3:hr>132</ns3:hr>
            <ns3:cad>73</ns3:cad>
          </ns3:TrackPointExtension>
        </extensions>
      </trkpt>
      <trkpt lat="35.76000980101525783538818359375" lon="139.54085103236138820648193359375">
        <ele>45.59999847412109375</ele>
        <time>2026-08-26T09:45:49.000Z</time>
        <extensions>
          <ns3:TrackPointExtension>
            <ns3:hr>132</ns3:hr>
            <ns3:cad>73</ns3:cad>
          </ns3:TrackPointExtension>
        </extensions>
      </trkpt>
      <trkpt lat="35.760000832378864288330078125" lon="139.5408318378031253814697265625">
        <ele>45.59999847412109375</ele>
        <time>2026-08-26T09:45:50.000Z</time>
        <extensions>
          <ns3:TrackPointExtension>
            <ns3:hr>131</ns3:hr>
            <ns3:cad>74</ns3:cad>
          </ns3:TrackPointExtension>
        </extensions>
      </trkpt>
      <trkpt lat="35.75999571941792964935302734375" lon="139.5408150739967823028564453125">
        <ele>45.59999847412109375</ele>
        <time>2026-08-26T09:45:51.000Z</time>
        <extensions>
          <ns3:TrackPointExtension>
            <ns3:hr>131</ns3:hr>
            <ns3:cad>74</ns3:cad>
          </ns3:TrackPointExtension>
        </extensions>
      </trkpt>
      <trkpt lat="35.75998767279088497161865234375" lon="139.540801160037517547607421875">
        <ele>45.59999847412109375</ele>
        <time>2026-08-26T09:45:52.000Z</time>
        <extensions>
          <ns3:TrackPointExtension>
            <ns3:hr>131</ns3:hr>
            <ns3:cad>74</ns3:cad>
          </ns3:TrackPointExtension>
        </extensions>
      </trkpt>
      <trkpt lat="35.7599808834493160247802734375" lon="139.540785737335681915283203125">
        <ele>45.59999847412109375</ele>
        <time>2026-08-26T09:45:53.000Z</time>
        <extensions>
          <ns3:TrackPointExtension>
            <ns3:hr>130</ns3:hr>
            <ns3:cad>74</ns3:cad>
          </ns3:TrackPointExtension>
        </extensions>
      </trkpt>
      <trkpt lat="35.75997627340257167816162109375" lon="139.540773332118988037109375">
        <ele>45.59999847412109375</ele>
        <time>2026-08-26T09:45:54.000Z</time>
        <extensions>
          <ns3:TrackPointExtension>
            <ns3:hr>130</ns3:hr>
            <ns3:cad>74</ns3:cad>
          </ns3:TrackPointExtension>
        </extensions>
      </trkpt>
      <trkpt lat="35.759969651699066162109375" lon="139.54075648449361324310302734375">
        <ele>45.59999847412109375</ele>
        <time>2026-08-26T09:45:55.000Z</time>
        <extensions>
          <ns3:TrackPointExtension>
            <ns3:hr>129</ns3:hr>
            <ns3:cad>75</ns3:cad>
          </ns3:TrackPointExtension>
        </extensions>
      </trkpt>
      <trkpt lat="35.7599656283855438232421875" lon="139.5407398045063018798828125">
        <ele>45.59999847412109375</ele>
        <time>2026-08-26T09:45:56.000Z</time>
        <extensions>
          <ns3:TrackPointExtension>
            <ns3:hr>129</ns3:hr>
            <ns3:cad>75</ns3:cad>
          </ns3:TrackPointExtension>
        </extensions>
      </trkpt>
      <trkpt lat="35.759960599243640899658203125" lon="139.5407222025096416473388671875">
        <ele>45.59999847412109375</ele>
        <time>2026-08-26T09:45:57.000Z</time>
        <extensions>
          <ns3:TrackPointExtension>
            <ns3:hr>128</ns3:hr>
            <ns3:cad>75</ns3:cad>
          </ns3:TrackPointExtension>
        </extensions>
      </trkpt>
      <trkpt lat="35.75995548628270626068115234375" lon="139.54070501960813999176025390625">
        <ele>45.59999847412109375</ele>
        <time>2026-08-26T09:45:58.000Z</time>
        <extensions>
          <ns3:TrackPointExtension>
            <ns3:hr>128</ns3:hr>
            <ns3:cad>75</ns3:cad>
          </ns3:TrackPointExtension>
        </extensions>
      </trkpt>
      <trkpt lat="35.7599476911127567291259765625" lon="139.54069093801081180572509765625">
        <ele>45.59999847412109375</ele>
        <time>2026-08-26T09:45:59.000Z</time>
        <extensions>
          <ns3:TrackPointExtension>
            <ns3:hr>128</ns3:hr>
            <ns3:cad>76</ns3:cad>
          </ns3:TrackPointExtension>
        </extensions>
      </trkpt>
      <trkpt lat="35.75994014739990234375" lon="139.54067744314670562744140625">
        <ele>45.59999847412109375</ele>
        <time>2026-08-26T09:46:00.000Z</time>
        <extensions>
          <ns3:TrackPointExtension>
            <ns3:hr>128</ns3:hr>
            <ns3:cad>76</ns3:cad>
          </ns3:TrackPointExtension>
        </extensions>
      </trkpt>
      <trkpt lat="35.75992547906935214996337890625" lon="139.54065087251365184783935546875">
        <ele>45.59999847412109375</ele>
        <time>2026-08-26T09:46:01.000Z</time>
        <extensions>
          <ns3:TrackPointExtension>
            <ns3:hr>129</ns3:hr>
            <ns3:cad>76</ns3:cad>
          </ns3:TrackPointExtension>
        </extensions>
      </trkpt>
      <trkpt lat="35.759918354451656341552734375" lon="139.540631510317325592041015625">
        <ele>45.59999847412109375</ele>
        <time>2026-08-26T09:46:02.000Z</time>
        <extensions>
          <ns3:TrackPointExtension>
            <ns3:hr>130</ns3:hr>
            <ns3:cad>76</ns3:cad>
          </ns3:TrackPointExtension>
        </extensions>
      </trkpt>
      <trkpt lat="35.75990905053913593292236328125" lon="139.5406172610819339752197265625">
        <ele>45.59999847412109375</ele>
        <time>2026-08-26T09:46:03.000Z</time>
        <extensions>
          <ns3:TrackPointExtension>
            <ns3:hr>130</ns3:hr>
            <ns3:cad>77</ns3:cad>
          </ns3:TrackPointExtension>
        </extensions>
      </trkpt>
      <trkpt lat="35.7598985731601715087890625" lon="139.5405964739620685577392578125">
        <ele>45.59999847412109375</ele>
        <time>2026-08-26T09:46:04.000Z</time>
        <extensions>
          <ns3:TrackPointExtension>
            <ns3:hr>130</ns3:hr>
            <ns3:cad>77</ns3:cad>
          </ns3:TrackPointExtension>
        </extensions>
      </trkpt>
      <trkpt lat="35.75988792814314365386962890625" lon="139.54058012925088405609130859375">
        <ele>45.59999847412109375</ele>
        <time>2026-08-26T09:46:05.000Z</time>
        <extensions>
          <ns3:TrackPointExtension>
            <ns3:hr>129</ns3:hr>
            <ns3:cad>78</ns3:cad>
          </ns3:TrackPointExtension>
        </extensions>
      </trkpt>
      <trkpt lat="35.7598742656409740447998046875" lon="139.54056479036808013916015625">
        <ele>45.59999847412109375</ele>
        <time>2026-08-26T09:46:06.000Z</time>
        <extensions>
          <ns3:TrackPointExtension>
            <ns3:hr>130</ns3:hr>
            <ns3:cad>79</ns3:cad>
          </ns3:TrackPointExtension>
        </extensions>
      </trkpt>
      <trkpt lat="35.7598608545958995819091796875" lon="139.5405478589236736297607421875">
        <ele>45.799999237060546875</ele>
        <time>2026-08-26T09:46:07.000Z</time>
        <extensions>
          <ns3:TrackPointExtension>
            <ns3:hr>130</ns3:hr>
            <ns3:cad>80</ns3:cad>
          </ns3:TrackPointExtension>
        </extensions>
      </trkpt>
      <trkpt lat="35.75985088013112545013427734375" lon="139.54052983783185482025146484375">
        <ele>45.799999237060546875</ele>
        <time>2026-08-26T09:46:08.000Z</time>
        <extensions>
          <ns3:TrackPointExtension>
            <ns3:hr>130</ns3:hr>
            <ns3:cad>80</ns3:cad>
          </ns3:TrackPointExtension>
        </extensions>
      </trkpt>
      <trkpt lat="35.759839229285717010498046875" lon="139.54051273874938488006591796875">
        <ele>45.799999237060546875</ele>
        <time>2026-08-26T09:46:09.000Z</time>
        <extensions>
          <ns3:TrackPointExtension>
            <ns3:hr>130</ns3:hr>
            <ns3:cad>80</ns3:cad>
          </ns3:TrackPointExtension>
        </extensions>
      </trkpt>
      <trkpt lat="35.759827829897403717041015625" lon="139.54049731604754924774169921875">
        <ele>46</ele>
        <time>2026-08-26T09:46:10.000Z</time>
        <extensions>
          <ns3:TrackPointExtension>
            <ns3:hr>130</ns3:hr>
            <ns3:cad>80</ns3:cad>
          </ns3:TrackPointExtension>
        </extensions>
      </trkpt>
      <trkpt lat="35.75981232337653636932373046875" lon="139.54047719947993755340576171875">
        <ele>46</ele>
        <time>2026-08-26T09:46:11.000Z</time>
        <extensions>
          <ns3:TrackPointExtension>
            <ns3:hr>130</ns3:hr>
            <ns3:cad>79</ns3:cad>
          </ns3:TrackPointExtension>
        </extensions>
      </trkpt>
      <trkpt lat="35.7597991637885570526123046875" lon="139.54045423306524753570556640625">
        <ele>46.200000762939453125</ele>
        <time>2026-08-26T09:46:12.000Z</time>
        <extensions>
          <ns3:TrackPointExtension>
            <ns3:hr>130</ns3:hr>
            <ns3:cad>79</ns3:cad>
          </ns3:TrackPointExtension>
        </extensions>
      </trkpt>
      <trkpt lat="35.7597904466092586517333984375" lon="139.54043461941182613372802734375">
        <ele>46.200000762939453125</ele>
        <time>2026-08-26T09:46:13.000Z</time>
        <extensions>
          <ns3:TrackPointExtension>
            <ns3:hr>132</ns3:hr>
            <ns3:cad>79</ns3:cad>
          </ns3:TrackPointExtension>
        </extensions>
      </trkpt>
      <trkpt lat="35.7597792148590087890625" lon="139.5404114015400409698486328125">
        <ele>46.40000152587890625</ele>
        <time>2026-08-26T09:46:14.000Z</time>
        <extensions>
          <ns3:TrackPointExtension>
            <ns3:hr>133</ns3:hr>
            <ns3:cad>79</ns3:cad>
          </ns3:TrackPointExtension>
        </extensions>
      </trkpt>
      <trkpt lat="35.75976287014782428741455078125" lon="139.5403897762298583984375">
        <ele>46.59999847412109375</ele>
        <time>2026-08-26T09:46:15.000Z</time>
        <extensions>
          <ns3:TrackPointExtension>
            <ns3:hr>134</ns3:hr>
            <ns3:cad>80</ns3:cad>
          </ns3:TrackPointExtension>
        </extensions>
      </trkpt>
      <trkpt lat="35.75974644161760807037353515625" lon="139.54037393443286418914794921875">
        <ele>46.799999237060546875</ele>
        <time>2026-08-26T09:46:16.000Z</time>
        <extensions>
          <ns3:TrackPointExtension>
            <ns3:hr>136</ns3:hr>
            <ns3:cad>80</ns3:cad>
          </ns3:TrackPointExtension>
        </extensions>
      </trkpt>
      <trkpt lat="35.75973018072545528411865234375" lon="139.540359266102313995361328125">
        <ele>46.799999237060546875</ele>
        <time>2026-08-26T09:46:17.000Z</time>
        <extensions>
          <ns3:TrackPointExtension>
            <ns3:hr>136</ns3:hr>
            <ns3:cad>79</ns3:cad>
          </ns3:TrackPointExtension>
        </extensions>
      </trkpt>
      <trkpt lat="35.75972012244164943695068359375" lon="139.5403453521430492401123046875">
        <ele>46.799999237060546875</ele>
        <time>2026-08-26T09:46:18.000Z</time>
        <extensions>
          <ns3:TrackPointExtension>
            <ns3:hr>137</ns3:hr>
            <ns3:cad>79</ns3:cad>
          </ns3:TrackPointExtension>
        </extensions>
      </trkpt>
      <trkpt lat="35.75970838777720928192138671875" lon="139.5403321087360382080078125">
        <ele>46.799999237060546875</ele>
        <time>2026-08-26T09:46:19.000Z</time>
        <extensions>
          <ns3:TrackPointExtension>
            <ns3:hr>137</ns3:hr>
            <ns3:cad>79</ns3:cad>
          </ns3:TrackPointExtension>
        </extensions>
      </trkpt>
      <trkpt lat="35.75969581492245197296142578125" lon="139.5403155125677585601806640625">
        <ele>46.799999237060546875</ele>
        <time>2026-08-26T09:46:20.000Z</time>
        <extensions>
          <ns3:TrackPointExtension>
            <ns3:hr>138</ns3:hr>
            <ns3:cad>79</ns3:cad>
          </ns3:TrackPointExtension>
        </extensions>
      </trkpt>
      <trkpt lat="35.7596844993531703948974609375" lon="139.5402972400188446044921875">
        <ele>46.59999847412109375</ele>
        <time>2026-08-26T09:46:21.000Z</time>
        <extensions>
          <ns3:TrackPointExtension>
            <ns3:hr>138</ns3:hr>
            <ns3:cad>79</ns3:cad>
          </ns3:TrackPointExtension>
        </extensions>
      </trkpt>
      <trkpt lat="35.75967201031744480133056640625" lon="139.54027737490832805633544921875">
        <ele>46.59999847412109375</ele>
        <time>2026-08-26T09:46:22.000Z</time>
        <extensions>
          <ns3:TrackPointExtension>
            <ns3:hr>139</ns3:hr>
            <ns3:cad>79</ns3:cad>
          </ns3:TrackPointExtension>
        </extensions>
      </trkpt>
      <trkpt lat="35.759653151035308837890625" lon="139.54025373794138431549072265625">
        <ele>46.40000152587890625</ele>
        <time>2026-08-26T09:46:23.000Z</time>
        <extensions>
          <ns3:TrackPointExtension>
            <ns3:hr>139</ns3:hr>
            <ns3:cad>79</ns3:cad>
          </ns3:TrackPointExtension>
        </extensions>
      </trkpt>
      <trkpt lat="35.7596437633037567138671875" lon="139.54023596830666065216064453125">
        <ele>46.200000762939453125</ele>
        <time>2026-08-26T09:46:24.000Z</time>
        <extensions>
          <ns3:TrackPointExtension>
            <ns3:hr>139</ns3:hr>
            <ns3:cad>79</ns3:cad>
          </ns3:TrackPointExtension>
        </extensions>
      </trkpt>
      <trkpt lat="35.75962758623063564300537109375" lon="139.540210403501987457275390625">
        <ele>46.200000762939453125</ele>
        <time>2026-08-26T09:46:25.000Z</time>
        <extensions>
          <ns3:TrackPointExtension>
            <ns3:hr>139</ns3:hr>
            <ns3:cad>80</ns3:cad>
          </ns3:TrackPointExtension>
        </extensions>
      </trkpt>
      <trkpt lat="35.7596184499561786651611328125" lon="139.54019204713404178619384765625">
        <ele>46.200000762939453125</ele>
        <time>2026-08-26T09:46:26.000Z</time>
        <extensions>
          <ns3:TrackPointExtension>
            <ns3:hr>140</ns3:hr>
            <ns3:cad>80</ns3:cad>
          </ns3:TrackPointExtension>
        </extensions>
      </trkpt>
      <trkpt lat="35.75960411690175533294677734375" lon="139.54016706906259059906005859375">
        <ele>46</ele>
        <time>2026-08-26T09:46:27.000Z</time>
        <extensions>
          <ns3:TrackPointExtension>
            <ns3:hr>140</ns3:hr>
            <ns3:cad>81</ns3:cad>
          </ns3:TrackPointExtension>
        </extensions>
      </trkpt>
      <trkpt lat="35.75959254987537860870361328125" lon="139.54015231691300868988037109375">
        <ele>46</ele>
        <time>2026-08-26T09:46:28.000Z</time>
        <extensions>
          <ns3:TrackPointExtension>
            <ns3:hr>140</ns3:hr>
            <ns3:cad>81</ns3:cad>
          </ns3:TrackPointExtension>
        </extensions>
      </trkpt>
      <trkpt lat="35.75957737863063812255859375" lon="139.5401336252689361572265625">
        <ele>46</ele>
        <time>2026-08-26T09:46:29.000Z</time>
        <extensions>
          <ns3:TrackPointExtension>
            <ns3:hr>140</ns3:hr>
            <ns3:cad>81</ns3:cad>
          </ns3:TrackPointExtension>
        </extensions>
      </trkpt>
      <trkpt lat="35.7595621235668659210205078125" lon="139.540118537843227386474609375">
        <ele>46</ele>
        <time>2026-08-26T09:46:30.000Z</time>
        <extensions>
          <ns3:TrackPointExtension>
            <ns3:hr>140</ns3:hr>
            <ns3:cad>81</ns3:cad>
          </ns3:TrackPointExtension>
        </extensions>
      </trkpt>
      <trkpt lat="35.7595477066934108734130859375" lon="139.54009984619915485382080078125">
        <ele>45.799999237060546875</ele>
        <time>2026-08-26T09:46:31.000Z</time>
        <extensions>
          <ns3:TrackPointExtension>
            <ns3:hr>140</ns3:hr>
            <ns3:cad>81</ns3:cad>
          </ns3:TrackPointExtension>
        </extensions>
      </trkpt>
      <trkpt lat="35.75953446328639984130859375" lon="139.5400801487267017364501953125">
        <ele>45.799999237060546875</ele>
        <time>2026-08-26T09:46:32.000Z</time>
        <extensions>
          <ns3:TrackPointExtension>
            <ns3:hr>140</ns3:hr>
            <ns3:cad>82</ns3:cad>
          </ns3:TrackPointExtension>
        </extensions>
      </trkpt>
      <trkpt lat="35.75952482409775257110595703125" lon="139.54006187617778778076171875">
        <ele>45.799999237060546875</ele>
        <time>2026-08-26T09:46:33.000Z</time>
        <extensions>
          <ns3:TrackPointExtension>
            <ns3:hr>140</ns3:hr>
            <ns3:cad>82</ns3:cad>
          </ns3:TrackPointExtension>
        </extensions>
      </trkpt>
      <trkpt lat="35.7595125027000904083251953125" lon="139.540042094886302947998046875">
        <ele>45.799999237060546875</ele>
        <time>2026-08-26T09:46:34.000Z</time>
        <extensions>
          <ns3:TrackPointExtension>
            <ns3:hr>140</ns3:hr>
            <ns3:cad>82</ns3:cad>
          </ns3:TrackPointExtension>
        </extensions>
      </trkpt>
      <trkpt lat="35.75949884019792079925537109375" lon="139.54002206213772296905517578125">
        <ele>45.799999237060546875</ele>
        <time>2026-08-26T09:46:35.000Z</time>
        <extensions>
          <ns3:TrackPointExtension>
            <ns3:hr>141</ns3:hr>
            <ns3:cad>82</ns3:cad>
          </ns3:TrackPointExtension>
        </extensions>
      </trkpt>
      <trkpt lat="35.759487189352512359619140625" lon="139.54000831581652164459228515625">
        <ele>45.799999237060546875</ele>
        <time>2026-08-26T09:46:36.000Z</time>
        <extensions>
          <ns3:TrackPointExtension>
            <ns3:hr>141</ns3:hr>
            <ns3:cad>82</ns3:cad>
          </ns3:TrackPointExtension>
        </extensions>
      </trkpt>
      <trkpt lat="35.75947679579257965087890625" lon="139.5399941504001617431640625">
        <ele>46</ele>
        <time>2026-08-26T09:46:37.000Z</time>
        <extensions>
          <ns3:TrackPointExtension>
            <ns3:hr>141</ns3:hr>
            <ns3:cad>82</ns3:cad>
          </ns3:TrackPointExtension>
        </extensions>
      </trkpt>
      <trkpt lat="35.759470760822296142578125" lon="139.53998568467795848846435546875">
        <ele>46</ele>
        <time>2026-08-26T09:46:38.000Z</time>
        <extensions>
          <ns3:TrackPointExtension>
            <ns3:hr>141</ns3:hr>
            <ns3:cad>81</ns3:cad>
          </ns3:TrackPointExtension>
        </extensions>
      </trkpt>
      <trkpt lat="35.7594591937959194183349609375" lon="139.53997068107128143310546875">
        <ele>46.200000762939453125</ele>
        <time>2026-08-26T09:46:39.000Z</time>
        <extensions>
          <ns3:TrackPointExtension>
            <ns3:hr>141</ns3:hr>
            <ns3:cad>80</ns3:cad>
          </ns3:TrackPointExtension>
        </extensions>
      </trkpt>
      <trkpt lat="35.7594451121985912322998046875" lon="139.53994964249432086944580078125">
        <ele>46.200000762939453125</ele>
        <time>2026-08-26T09:46:40.000Z</time>
        <extensions>
          <ns3:TrackPointExtension>
            <ns3:hr>142</ns3:hr>
            <ns3:cad>80</ns3:cad>
          </ns3:TrackPointExtension>
        </extensions>
      </trkpt>
      <trkpt lat="35.75943228788673877716064453125" lon="139.53993220813572406768798828125">
        <ele>46.200000762939453125</ele>
        <time>2026-08-26T09:46:41.000Z</time>
        <extensions>
          <ns3:TrackPointExtension>
            <ns3:hr>142</ns3:hr>
            <ns3:cad>80</ns3:cad>
          </ns3:TrackPointExtension>
        </extensions>
      </trkpt>
      <trkpt lat="35.759421475231647491455078125" lon="139.53991703689098358154296875">
        <ele>46.200000762939453125</ele>
        <time>2026-08-26T09:46:42.000Z</time>
        <extensions>
          <ns3:TrackPointExtension>
            <ns3:hr>142</ns3:hr>
            <ns3:cad>80</ns3:cad>
          </ns3:TrackPointExtension>
        </extensions>
      </trkpt>
      <trkpt lat="35.75940496288239955902099609375" lon="139.539895914494991302490234375">
        <ele>46.200000762939453125</ele>
        <time>2026-08-26T09:46:43.000Z</time>
        <extensions>
          <ns3:TrackPointExtension>
            <ns3:hr>142</ns3:hr>
            <ns3:cad>80</ns3:cad>
          </ns3:TrackPointExtension>
        </extensions>
      </trkpt>
      <trkpt lat="35.7593889534473419189453125" lon="139.539878480136394500732421875">
        <ele>46.40000152587890625</ele>
        <time>2026-08-26T09:46:44.000Z</time>
        <extensions>
          <ns3:TrackPointExtension>
            <ns3:hr>143</ns3:hr>
            <ns3:cad>80</ns3:cad>
          </ns3:TrackPointExtension>
        </extensions>
      </trkpt>
      <trkpt lat="35.7593783922493457794189453125" lon="139.53986029140651226043701171875">
        <ele>46.40000152587890625</ele>
        <time>2026-08-26T09:46:45.000Z</time>
        <extensions>
          <ns3:TrackPointExtension>
            <ns3:hr>143</ns3:hr>
            <ns3:cad>81</ns3:cad>
          </ns3:TrackPointExtension>
        </extensions>
      </trkpt>
      <trkpt lat="35.7593683339655399322509765625" lon="139.53984369523823261260986328125">
        <ele>46.40000152587890625</ele>
        <time>2026-08-26T09:46:46.000Z</time>
        <extensions>
          <ns3:TrackPointExtension>
            <ns3:hr>144</ns3:hr>
            <ns3:cad>81</ns3:cad>
          </ns3:TrackPointExtension>
        </extensions>
      </trkpt>
      <trkpt lat="35.75935609638690948486328125" lon="139.5398253388702869415283203125">
        <ele>46.40000152587890625</ele>
        <time>2026-08-26T09:46:47.000Z</time>
        <extensions>
          <ns3:TrackPointExtension>
            <ns3:hr>144</ns3:hr>
            <ns3:cad>81</ns3:cad>
          </ns3:TrackPointExtension>
        </extensions>
      </trkpt>
      <trkpt lat="35.75934260152280330657958984375" lon="139.539807736873626708984375">
        <ele>46.40000152587890625</ele>
        <time>2026-08-26T09:46:48.000Z</time>
        <extensions>
          <ns3:TrackPointExtension>
            <ns3:hr>145</ns3:hr>
            <ns3:cad>81</ns3:cad>
          </ns3:TrackPointExtension>
        </extensions>
      </trkpt>
      <trkpt lat="35.75932751409709453582763671875" lon="139.53978921286761760711669921875">
        <ele>46.40000152587890625</ele>
        <time>2026-08-26T09:46:49.000Z</time>
        <extensions>
          <ns3:TrackPointExtension>
            <ns3:hr>146</ns3:hr>
            <ns3:cad>80</ns3:cad>
          </ns3:TrackPointExtension>
        </extensions>
      </trkpt>
      <trkpt lat="35.75931393541395664215087890625" lon="139.53977563418447971343994140625">
        <ele>46.40000152587890625</ele>
        <time>2026-08-26T09:46:50.000Z</time>
        <extensions>
          <ns3:TrackPointExtension>
            <ns3:hr>146</ns3:hr>
            <ns3:cad>80</ns3:cad>
          </ns3:TrackPointExtension>
        </extensions>
      </trkpt>
      <trkpt lat="35.75929465703666210174560546875" lon="139.53976146876811981201171875">
        <ele>46.40000152587890625</ele>
        <time>2026-08-26T09:46:51.000Z</time>
        <extensions>
          <ns3:TrackPointExtension>
            <ns3:hr>146</ns3:hr>
            <ns3:cad>79</ns3:cad>
          </ns3:TrackPointExtension>
        </extensions>
      </trkpt>
      <trkpt lat="35.7592804916203022003173828125" lon="139.53974512405693531036376953125">
        <ele>46.40000152587890625</ele>
        <time>2026-08-26T09:46:52.000Z</time>
        <extensions>
          <ns3:TrackPointExtension>
            <ns3:hr>147</ns3:hr>
            <ns3:cad>79</ns3:cad>
          </ns3:TrackPointExtension>
        </extensions>
      </trkpt>
      <trkpt lat="35.75927118770778179168701171875" lon="139.5397274382412433624267578125">
        <ele>46.40000152587890625</ele>
        <time>2026-08-26T09:46:53.000Z</time>
        <extensions>
          <ns3:TrackPointExtension>
            <ns3:hr>148</ns3:hr>
            <ns3:cad>80</ns3:cad>
          </ns3:TrackPointExtension>
        </extensions>
      </trkpt>
      <trkpt lat="35.7592590339481830596923828125" lon="139.53970908187329769134521484375">
        <ele>46.59999847412109375</ele>
        <time>2026-08-26T09:46:54.000Z</time>
        <extensions>
          <ns3:TrackPointExtension>
            <ns3:hr>149</ns3:hr>
            <ns3:cad>80</ns3:cad>
          </ns3:TrackPointExtension>
        </extensions>
      </trkpt>
      <trkpt lat="35.75924838893115520477294921875" lon="139.53969097696244716644287109375">
        <ele>46.40000152587890625</ele>
        <time>2026-08-26T09:46:55.000Z</time>
        <extensions>
          <ns3:TrackPointExtension>
            <ns3:hr>149</ns3:hr>
            <ns3:cad>81</ns3:cad>
          </ns3:TrackPointExtension>
        </extensions>
      </trkpt>
      <trkpt lat="35.75923481024801731109619140625" lon="139.5396677590906620025634765625">
        <ele>46.40000152587890625</ele>
        <time>2026-08-26T09:46:56.000Z</time>
        <extensions>
          <ns3:TrackPointExtension>
            <ns3:hr>149</ns3:hr>
            <ns3:cad>81</ns3:cad>
          </ns3:TrackPointExtension>
        </extensions>
      </trkpt>
      <trkpt lat="35.75922508724033832550048828125" lon="139.5396535098552703857421875">
        <ele>46.40000152587890625</ele>
        <time>2026-08-26T09:46:57.000Z</time>
        <extensions>
          <ns3:TrackPointExtension>
            <ns3:hr>149</ns3:hr>
            <ns3:cad>81</ns3:cad>
          </ns3:TrackPointExtension>
        </extensions>
      </trkpt>
      <trkpt lat="35.75921335257589817047119140625" lon="139.53964035026729106903076171875">
        <ele>46.40000152587890625</ele>
        <time>2026-08-26T09:46:58.000Z</time>
        <extensions>
          <ns3:TrackPointExtension>
            <ns3:hr>149</ns3:hr>
            <ns3:cad>81</ns3:cad>
          </ns3:TrackPointExtension>
        </extensions>
      </trkpt>
      <trkpt lat="35.7592011988162994384765625" lon="139.53962601721286773681640625">
        <ele>46.40000152587890625</ele>
        <time>2026-08-26T09:46:59.000Z</time>
        <extensions>
          <ns3:TrackPointExtension>
            <ns3:hr>150</ns3:hr>
            <ns3:cad>80</ns3:cad>
          </ns3:TrackPointExtension>
        </extensions>
      </trkpt>
      <trkpt lat="35.75919189490377902984619140625" lon="139.53960732556879520416259765625">
        <ele>46.40000152587890625</ele>
        <time>2026-08-26T09:47:00.000Z</time>
        <extensions>
          <ns3:TrackPointExtension>
            <ns3:hr>150</ns3:hr>
            <ns3:cad>80</ns3:cad>
          </ns3:TrackPointExtension>
        </extensions>
      </trkpt>
      <trkpt lat="35.75917915441095829010009765625" lon="139.53958905301988124847412109375">
        <ele>46.40000152587890625</ele>
        <time>2026-08-26T09:47:01.000Z</time>
        <extensions>
          <ns3:TrackPointExtension>
            <ns3:hr>150</ns3:hr>
            <ns3:cad>80</ns3:cad>
          </ns3:TrackPointExtension>
        </extensions>
      </trkpt>
      <trkpt lat="35.7591688446700572967529296875" lon="139.53957396559417247772216796875">
        <ele>46.40000152587890625</ele>
        <time>2026-08-26T09:47:02.000Z</time>
        <extensions>
          <ns3:TrackPointExtension>
            <ns3:hr>150</ns3:hr>
            <ns3:cad>80</ns3:cad>
          </ns3:TrackPointExtension>
        </extensions>
      </trkpt>
      <trkpt lat="35.7591564394533634185791015625" lon="139.53955787234008312225341796875">
        <ele>46.40000152587890625</ele>
        <time>2026-08-26T09:47:03.000Z</time>
        <extensions>
          <ns3:TrackPointExtension>
            <ns3:hr>150</ns3:hr>
            <ns3:cad>80</ns3:cad>
          </ns3:TrackPointExtension>
        </extensions>
      </trkpt>
      <trkpt lat="35.759145207703113555908203125" lon="139.53953490592539310455322265625">
        <ele>46.40000152587890625</ele>
        <time>2026-08-26T09:47:04.000Z</time>
        <extensions>
          <ns3:TrackPointExtension>
            <ns3:hr>151</ns3:hr>
            <ns3:cad>80</ns3:cad>
          </ns3:TrackPointExtension>
        </extensions>
      </trkpt>
      <trkpt lat="35.75913942418992519378662109375" lon="139.539519064128398895263671875">
        <ele>46.40000152587890625</ele>
        <time>2026-08-26T09:47:05.000Z</time>
        <extensions>
          <ns3:TrackPointExtension>
            <ns3:hr>151</ns3:hr>
            <ns3:cad>81</ns3:cad>
          </ns3:TrackPointExtension>
        </extensions>
      </trkpt>
      <trkpt lat="35.7591309584677219390869140625" lon="139.53949919901788234710693359375">
        <ele>46.40000152587890625</ele>
        <time>2026-08-26T09:47:06.000Z</time>
        <extensions>
          <ns3:TrackPointExtension>
            <ns3:hr>151</ns3:hr>
            <ns3:cad>81</ns3:cad>
          </ns3:TrackPointExtension>
        </extensions>
      </trkpt>
      <trkpt lat="35.7591195590794086456298828125" lon="139.53947246074676513671875">
        <ele>46.40000152587890625</ele>
        <time>2026-08-26T09:47:07.000Z</time>
        <extensions>
          <ns3:TrackPointExtension>
            <ns3:hr>151</ns3:hr>
            <ns3:cad>81</ns3:cad>
          </ns3:TrackPointExtension>
        </extensions>
      </trkpt>
      <trkpt lat="35.75910774059593677520751953125" lon="139.5394525118172168731689453125">
        <ele>46.40000152587890625</ele>
        <time>2026-08-26T09:47:08.000Z</time>
        <extensions>
          <ns3:TrackPointExtension>
            <ns3:hr>151</ns3:hr>
            <ns3:cad>81</ns3:cad>
          </ns3:TrackPointExtension>
        </extensions>
      </trkpt>
      <trkpt lat="35.759093575179576873779296875" lon="139.5394364185631275177001953125">
        <ele>46.40000152587890625</ele>
        <time>2026-08-26T09:47:09.000Z</time>
        <extensions>
          <ns3:TrackPointExtension>
            <ns3:hr>151</ns3:hr>
            <ns3:cad>81</ns3:cad>
          </ns3:TrackPointExtension>
        </extensions>
      </trkpt>
      <trkpt lat="35.7590803317725658416748046875" lon="139.53942460007965564727783203125">
        <ele>46.40000152587890625</ele>
        <time>2026-08-26T09:47:10.000Z</time>
        <extensions>
          <ns3:TrackPointExtension>
            <ns3:hr>151</ns3:hr>
            <ns3:cad>81</ns3:cad>
          </ns3:TrackPointExtension>
        </extensions>
      </trkpt>
      <trkpt lat="35.7590645737946033477783203125" lon="139.539412446320056915283203125">
        <ele>46.59999847412109375</ele>
        <time>2026-08-26T09:47:11.000Z</time>
        <extensions>
          <ns3:TrackPointExtension>
            <ns3:hr>151</ns3:hr>
            <ns3:cad>81</ns3:cad>
          </ns3:TrackPointExtension>
        </extensions>
      </trkpt>
      <trkpt lat="35.75904630124568939208984375" lon="139.539399035274982452392578125">
        <ele>46.40000152587890625</ele>
        <time>2026-08-26T09:47:12.000Z</time>
        <extensions>
          <ns3:TrackPointExtension>
            <ns3:hr>151</ns3:hr>
            <ns3:cad>81</ns3:cad>
          </ns3:TrackPointExtension>
        </extensions>
      </trkpt>
      <trkpt lat="35.75903297401964664459228515625" lon="139.53938151709735393524169921875">
        <ele>46.40000152587890625</ele>
        <time>2026-08-26T09:47:13.000Z</time>
        <extensions>
          <ns3:TrackPointExtension>
            <ns3:hr>151</ns3:hr>
            <ns3:cad>81</ns3:cad>
          </ns3:TrackPointExtension>
        </extensions>
      </trkpt>
      <trkpt lat="35.7590233348309993743896484375" lon="139.5393646694719791412353515625">
        <ele>46.40000152587890625</ele>
        <time>2026-08-26T09:47:14.000Z</time>
        <extensions>
          <ns3:TrackPointExtension>
            <ns3:hr>151</ns3:hr>
            <ns3:cad>81</ns3:cad>
          </ns3:TrackPointExtension>
        </extensions>
      </trkpt>
      <trkpt lat="35.75901201926171779632568359375" lon="139.5393499173223972320556640625">
        <ele>46.40000152587890625</ele>
        <time>2026-08-26T09:47:15.000Z</time>
        <extensions>
          <ns3:TrackPointExtension>
            <ns3:hr>151</ns3:hr>
            <ns3:cad>82</ns3:cad>
          </ns3:TrackPointExtension>
        </extensions>
      </trkpt>
      <trkpt lat="35.75899927876889705657958984375" lon="139.539335668087005615234375">
        <ele>46.40000152587890625</ele>
        <time>2026-08-26T09:47:16.000Z</time>
        <extensions>
          <ns3:TrackPointExtension>
            <ns3:hr>151</ns3:hr>
            <ns3:cad>82</ns3:cad>
          </ns3:TrackPointExtension>
        </extensions>
      </trkpt>
      <trkpt lat="35.7589864544570446014404296875" lon="139.53931630589067935943603515625">
        <ele>46.40000152587890625</ele>
        <time>2026-08-26T09:47:17.000Z</time>
        <extensions>
          <ns3:TrackPointExtension>
            <ns3:hr>151</ns3:hr>
            <ns3:cad>81</ns3:cad>
          </ns3:TrackPointExtension>
        </extensions>
      </trkpt>
      <trkpt lat="35.758979581296443939208984375" lon="139.53930406831204891204833984375">
        <ele>46.40000152587890625</ele>
        <time>2026-08-26T09:47:18.000Z</time>
        <extensions>
          <ns3:TrackPointExtension>
            <ns3:hr>151</ns3:hr>
            <ns3:cad>80</ns3:cad>
          </ns3:TrackPointExtension>
        </extensions>
      </trkpt>
      <trkpt lat="35.75896843336522579193115234375" lon="139.5392842032015323638916015625">
        <ele>46.40000152587890625</ele>
        <time>2026-08-26T09:47:19.000Z</time>
        <extensions>
          <ns3:TrackPointExtension>
            <ns3:hr>151</ns3:hr>
            <ns3:cad>79</ns3:cad>
          </ns3:TrackPointExtension>
        </extensions>
      </trkpt>
      <trkpt lat="35.75896206311881542205810546875" lon="139.539267607033252716064453125">
        <ele>46.59999847412109375</ele>
        <time>2026-08-26T09:47:20.000Z</time>
        <extensions>
          <ns3:TrackPointExtension>
            <ns3:hr>151</ns3:hr>
            <ns3:cad>79</ns3:cad>
          </ns3:TrackPointExtension>
        </extensions>
      </trkpt>
      <trkpt lat="35.75895234011113643646240234375" lon="139.53925142996013164520263671875">
        <ele>46.59999847412109375</ele>
        <time>2026-08-26T09:47:21.000Z</time>
        <extensions>
          <ns3:TrackPointExtension>
            <ns3:hr>151</ns3:hr>
            <ns3:cad>79</ns3:cad>
          </ns3:TrackPointExtension>
        </extensions>
      </trkpt>
      <trkpt lat="35.75894261710345745086669921875" lon="139.53923818655312061309814453125">
        <ele>46.59999847412109375</ele>
        <time>2026-08-26T09:47:22.000Z</time>
        <extensions>
          <ns3:TrackPointExtension>
            <ns3:hr>151</ns3:hr>
            <ns3:cad>79</ns3:cad>
          </ns3:TrackPointExtension>
        </extensions>
      </trkpt>
      <trkpt lat="35.7589321397244930267333984375" lon="139.53921605832874774932861328125">
        <ele>46.59999847412109375</ele>
        <time>2026-08-26T09:47:23.000Z</time>
        <extensions>
          <ns3:TrackPointExtension>
            <ns3:hr>151</ns3:hr>
            <ns3:cad>79</ns3:cad>
          </ns3:TrackPointExtension>
        </extensions>
      </trkpt>
      <trkpt lat="35.75892384164035320281982421875" lon="139.53920365311205387115478515625">
        <ele>46.59999847412109375</ele>
        <time>2026-08-26T09:47:24.000Z</time>
        <extensions>
          <ns3:TrackPointExtension>
            <ns3:hr>151</ns3:hr>
            <ns3:cad>79</ns3:cad>
          </ns3:TrackPointExtension>
        </extensions>
      </trkpt>
      <trkpt lat="35.75891294516623020172119140625" lon="139.53918336890637874603271484375">
        <ele>46.59999847412109375</ele>
        <time>2026-08-26T09:47:25.000Z</time>
        <extensions>
          <ns3:TrackPointExtension>
            <ns3:hr>151</ns3:hr>
            <ns3:cad>79</ns3:cad>
          </ns3:TrackPointExtension>
        </extensions>
      </trkpt>
      <trkpt lat="35.7589053176343441009521484375" lon="139.53916509635746479034423828125">
        <ele>46.59999847412109375</ele>
        <time>2026-08-26T09:47:26.000Z</time>
        <extensions>
          <ns3:TrackPointExtension>
            <ns3:hr>150</ns3:hr>
            <ns3:cad>79</ns3:cad>
          </ns3:TrackPointExtension>
        </extensions>
      </trkpt>
      <trkpt lat="35.75889886356890201568603515625" lon="139.5391531102359294891357421875">
        <ele>46.59999847412109375</ele>
        <time>2026-08-26T09:47:27.000Z</time>
        <extensions>
          <ns3:TrackPointExtension>
            <ns3:hr>150</ns3:hr>
            <ns3:cad>79</ns3:cad>
          </ns3:TrackPointExtension>
        </extensions>
      </trkpt>
      <trkpt lat="35.7588885538280010223388671875" lon="139.53914062120020389556884765625">
        <ele>46.59999847412109375</ele>
        <time>2026-08-26T09:47:28.000Z</time>
        <extensions>
          <ns3:TrackPointExtension>
            <ns3:hr>150</ns3:hr>
            <ns3:cad>81</ns3:cad>
          </ns3:TrackPointExtension>
        </extensions>
      </trkpt>
      <trkpt lat="35.758876316249370574951171875" lon="139.5391259528696537017822265625">
        <ele>46.59999847412109375</ele>
        <time>2026-08-26T09:47:29.000Z</time>
        <extensions>
          <ns3:TrackPointExtension>
            <ns3:hr>150</ns3:hr>
            <ns3:cad>81</ns3:cad>
          </ns3:TrackPointExtension>
        </extensions>
      </trkpt>
      <trkpt lat="35.75886466540396213531494140625" lon="139.53910927288234233856201171875">
        <ele>46.799999237060546875</ele>
        <time>2026-08-26T09:47:30.000Z</time>
        <extensions>
          <ns3:TrackPointExtension>
            <ns3:hr>150</ns3:hr>
            <ns3:cad>81</ns3:cad>
          </ns3:TrackPointExtension>
        </extensions>
      </trkpt>
      <trkpt lat="35.758854188024997711181640625" lon="139.539095275104045867919921875">
        <ele>46.799999237060546875</ele>
        <time>2026-08-26T09:47:31.000Z</time>
        <extensions>
          <ns3:TrackPointExtension>
            <ns3:hr>150</ns3:hr>
            <ns3:cad>80</ns3:cad>
          </ns3:TrackPointExtension>
        </extensions>
      </trkpt>
      <trkpt lat="35.75884354300796985626220703125" lon="139.53907876275479793548583984375">
        <ele>47</ele>
        <time>2026-08-26T09:47:32.000Z</time>
        <extensions>
          <ns3:TrackPointExtension>
            <ns3:hr>149</ns3:hr>
            <ns3:cad>78</ns3:cad>
          </ns3:TrackPointExtension>
        </extensions>
      </trkpt>
      <trkpt lat="35.7588352449238300323486328125" lon="139.53906568698585033416748046875">
        <ele>47.200000762939453125</ele>
        <time>2026-08-26T09:47:33.000Z</time>
        <extensions>
          <ns3:TrackPointExtension>
            <ns3:hr>149</ns3:hr>
            <ns3:cad>78</ns3:cad>
          </ns3:TrackPointExtension>
        </extensions>
      </trkpt>
      <trkpt lat="35.7588221691548824310302734375" lon="139.53905395232141017913818359375">
        <ele>47.200000762939453125</ele>
        <time>2026-08-26T09:47:34.000Z</time>
        <extensions>
          <ns3:TrackPointExtension>
            <ns3:hr>149</ns3:hr>
            <ns3:cad>79</ns3:cad>
          </ns3:TrackPointExtension>
        </extensions>
      </trkpt>
      <trkpt lat="35.7588090933859348297119140625" lon="139.53904171474277973175048828125">
        <ele>47.40000152587890625</ele>
        <time>2026-08-26T09:47:35.000Z</time>
        <extensions>
          <ns3:TrackPointExtension>
            <ns3:hr>149</ns3:hr>
            <ns3:cad>79</ns3:cad>
          </ns3:TrackPointExtension>
        </extensions>
      </trkpt>
      <trkpt lat="35.758797191083431243896484375" lon="139.53902847133576869964599609375">
        <ele>47.59999847412109375</ele>
        <time>2026-08-26T09:47:36.000Z</time>
        <extensions>
          <ns3:TrackPointExtension>
            <ns3:hr>150</ns3:hr>
            <ns3:cad>79</ns3:cad>
          </ns3:TrackPointExtension>
        </extensions>
      </trkpt>
      <trkpt lat="35.758787132799625396728515625" lon="139.5390106178820133209228515625">
        <ele>47.59999847412109375</ele>
        <time>2026-08-26T09:47:37.000Z</time>
        <extensions>
          <ns3:TrackPointExtension>
            <ns3:hr>150</ns3:hr>
            <ns3:cad>79</ns3:cad>
          </ns3:TrackPointExtension>
        </extensions>
      </trkpt>
      <trkpt lat="35.75877900235354900360107421875" lon="139.53899972140789031982421875">
        <ele>47.59999847412109375</ele>
        <time>2026-08-26T09:47:38.000Z</time>
        <extensions>
          <ns3:TrackPointExtension>
            <ns3:hr>150</ns3:hr>
            <ns3:cad>79</ns3:cad>
          </ns3:TrackPointExtension>
        </extensions>
      </trkpt>
      <trkpt lat="35.75876735150814056396484375" lon="139.538986645638942718505859375">
        <ele>47.59999847412109375</ele>
        <time>2026-08-26T09:47:39.000Z</time>
        <extensions>
          <ns3:TrackPointExtension>
            <ns3:hr>150</ns3:hr>
            <ns3:cad>78</ns3:cad>
          </ns3:TrackPointExtension>
        </extensions>
      </trkpt>
      <trkpt lat="35.75875519774854183197021484375" lon="139.53897449187934398651123046875">
        <ele>47.799999237060546875</ele>
        <time>2026-08-26T09:47:40.000Z</time>
        <extensions>
          <ns3:TrackPointExtension>
            <ns3:hr>150</ns3:hr>
            <ns3:cad>77</ns3:cad>
          </ns3:TrackPointExtension>
        </extensions>
      </trkpt>
      <trkpt lat="35.7587457261979579925537109375" lon="139.538963846862316131591796875">
        <ele>47.799999237060546875</ele>
        <time>2026-08-26T09:47:41.000Z</time>
        <extensions>
          <ns3:TrackPointExtension>
            <ns3:hr>150</ns3:hr>
            <ns3:cad>77</ns3:cad>
          </ns3:TrackPointExtension>
        </extensions>
      </trkpt>
      <trkpt lat="35.75873784720897674560546875" lon="139.538952447474002838134765625">
        <ele>47.799999237060546875</ele>
        <time>2026-08-26T09:47:42.000Z</time>
        <extensions>
          <ns3:TrackPointExtension>
            <ns3:hr>150</ns3:hr>
            <ns3:cad>77</ns3:cad>
          </ns3:TrackPointExtension>
        </extensions>
      </trkpt>
      <trkpt lat="35.758731476962566375732421875" lon="139.5389395393431186676025390625">
        <ele>47.799999237060546875</ele>
        <time>2026-08-26T09:47:43.000Z</time>
        <extensions>
          <ns3:TrackPointExtension>
            <ns3:hr>150</ns3:hr>
            <ns3:cad>76</ns3:cad>
          </ns3:TrackPointExtension>
        </extensions>
      </trkpt>
      <trkpt lat="35.758725106716156005859375" lon="139.53892822377383708953857421875">
        <ele>47.799999237060546875</ele>
        <time>2026-08-26T09:47:44.000Z</time>
        <extensions>
          <ns3:TrackPointExtension>
            <ns3:hr>150</ns3:hr>
            <ns3:cad>76</ns3:cad>
          </ns3:TrackPointExtension>
        </extensions>
      </trkpt>
      <trkpt lat="35.7587162218987941741943359375" lon="139.53890944831073284149169921875">
        <ele>47.59999847412109375</ele>
        <time>2026-08-26T09:47:45.000Z</time>
        <extensions>
          <ns3:TrackPointExtension>
            <ns3:hr>150</ns3:hr>
            <ns3:cad>76</ns3:cad>
          </ns3:TrackPointExtension>
        </extensions>
      </trkpt>
      <trkpt lat="35.758707337081432342529296875" lon="139.53889913856983184814453125">
        <ele>47.59999847412109375</ele>
        <time>2026-08-26T09:47:46.000Z</time>
        <extensions>
          <ns3:TrackPointExtension>
            <ns3:hr>150</ns3:hr>
            <ns3:cad>76</ns3:cad>
          </ns3:TrackPointExtension>
        </extensions>
      </trkpt>
      <trkpt lat="35.7586961053311824798583984375" lon="139.538885056972503662109375">
        <ele>47.59999847412109375</ele>
        <time>2026-08-26T09:47:47.000Z</time>
        <extensions>
          <ns3:TrackPointExtension>
            <ns3:hr>150</ns3:hr>
            <ns3:cad>76</ns3:cad>
          </ns3:TrackPointExtension>
        </extensions>
      </trkpt>
      <trkpt lat="35.7586893998086452484130859375" lon="139.538868628442287445068359375">
        <ele>47.59999847412109375</ele>
        <time>2026-08-26T09:47:48.000Z</time>
        <extensions>
          <ns3:TrackPointExtension>
            <ns3:hr>149</ns3:hr>
            <ns3:cad>77</ns3:cad>
          </ns3:TrackPointExtension>
        </extensions>
      </trkpt>
      <trkpt lat="35.75868311338126659393310546875" lon="139.53885764814913272857666015625">
        <ele>47.40000152587890625</ele>
        <time>2026-08-26T09:47:49.000Z</time>
        <extensions>
          <ns3:TrackPointExtension>
            <ns3:hr>149</ns3:hr>
            <ns3:cad>77</ns3:cad>
          </ns3:TrackPointExtension>
        </extensions>
      </trkpt>
      <trkpt lat="35.758671797811985015869140625" lon="139.53884608112275600433349609375">
        <ele>47.40000152587890625</ele>
        <time>2026-08-26T09:47:50.000Z</time>
        <extensions>
          <ns3:TrackPointExtension>
            <ns3:hr>149</ns3:hr>
            <ns3:cad>77</ns3:cad>
          </ns3:TrackPointExtension>
        </extensions>
      </trkpt>
      <trkpt lat="35.7586578838527202606201171875" lon="139.5388299040496349334716796875">
        <ele>47.200000762939453125</ele>
        <time>2026-08-26T09:47:51.000Z</time>
        <extensions>
          <ns3:TrackPointExtension>
            <ns3:hr>149</ns3:hr>
            <ns3:cad>76</ns3:cad>
          </ns3:TrackPointExtension>
        </extensions>
      </trkpt>
      <trkpt lat="35.7586461491882801055908203125" lon="139.53881875611841678619384765625">
        <ele>47</ele>
        <time>2026-08-26T09:47:52.000Z</time>
        <extensions>
          <ns3:TrackPointExtension>
            <ns3:hr>147</ns3:hr>
            <ns3:cad>76</ns3:cad>
          </ns3:TrackPointExtension>
        </extensions>
      </trkpt>
      <trkpt lat="35.75863055884838104248046875" lon="139.538806267082691192626953125">
        <ele>47</ele>
        <time>2026-08-26T09:47:53.000Z</time>
        <extensions>
          <ns3:TrackPointExtension>
            <ns3:hr>146</ns3:hr>
            <ns3:cad>77</ns3:cad>
          </ns3:TrackPointExtension>
        </extensions>
      </trkpt>
      <trkpt lat="35.7586164772510528564453125" lon="139.5387920178472995758056640625">
        <ele>46.799999237060546875</ele>
        <time>2026-08-26T09:47:54.000Z</time>
        <extensions>
          <ns3:TrackPointExtension>
            <ns3:hr>147</ns3:hr>
            <ns3:cad>77</ns3:cad>
          </ns3:TrackPointExtension>
        </extensions>
      </trkpt>
      <trkpt lat="35.758604072034358978271484375" lon="139.53877466730773448944091796875">
        <ele>46.799999237060546875</ele>
        <time>2026-08-26T09:47:55.000Z</time>
        <extensions>
          <ns3:TrackPointExtension>
            <ns3:hr>146</ns3:hr>
            <ns3:cad>77</ns3:cad>
          </ns3:TrackPointExtension>
        </extensions>
      </trkpt>
      <trkpt lat="35.758591331541538238525390625" lon="139.53875673003494739532470703125">
        <ele>46.799999237060546875</ele>
        <time>2026-08-26T09:47:56.000Z</time>
        <extensions>
          <ns3:TrackPointExtension>
            <ns3:hr>146</ns3:hr>
            <ns3:cad>77</ns3:cad>
          </ns3:TrackPointExtension>
        </extensions>
      </trkpt>
      <trkpt lat="35.75857565738260746002197265625" lon="139.53873828984797000885009765625">
        <ele>46.799999237060546875</ele>
        <time>2026-08-26T09:47:57.000Z</time>
        <extensions>
          <ns3:TrackPointExtension>
            <ns3:hr>146</ns3:hr>
            <ns3:cad>77</ns3:cad>
          </ns3:TrackPointExtension>
        </extensions>
      </trkpt>
      <trkpt lat="35.75856107287108898162841796875" lon="139.53872068785130977630615234375">
        <ele>46.59999847412109375</ele>
        <time>2026-08-26T09:47:58.000Z</time>
        <extensions>
          <ns3:TrackPointExtension>
            <ns3:hr>146</ns3:hr>
            <ns3:cad>78</ns3:cad>
          </ns3:TrackPointExtension>
        </extensions>
      </trkpt>
      <trkpt lat="35.75854900293052196502685546875" lon="139.53870124183595180511474609375">
        <ele>46.59999847412109375</ele>
        <time>2026-08-26T09:47:59.000Z</time>
        <extensions>
          <ns3:TrackPointExtension>
            <ns3:hr>146</ns3:hr>
            <ns3:cad>80</ns3:cad>
          </ns3:TrackPointExtension>
        </extensions>
      </trkpt>
      <trkpt lat="35.758530981838703155517578125" lon="139.53868062235414981842041015625">
        <ele>46.59999847412109375</ele>
        <time>2026-08-26T09:48:00.000Z</time>
        <extensions>
          <ns3:TrackPointExtension>
            <ns3:hr>146</ns3:hr>
            <ns3:cad>81</ns3:cad>
          </ns3:TrackPointExtension>
        </extensions>
      </trkpt>
      <trkpt lat="35.75851530767977237701416015625" lon="139.5386646129190921783447265625">
        <ele>46.59999847412109375</ele>
        <time>2026-08-26T09:48:01.000Z</time>
        <extensions>
          <ns3:TrackPointExtension>
            <ns3:hr>146</ns3:hr>
            <ns3:cad>81</ns3:cad>
          </ns3:TrackPointExtension>
        </extensions>
      </trkpt>
      <trkpt lat="35.75850424356758594512939453125" lon="139.53865061514079570770263671875">
        <ele>46.59999847412109375</ele>
        <time>2026-08-26T09:48:02.000Z</time>
        <extensions>
          <ns3:TrackPointExtension>
            <ns3:hr>146</ns3:hr>
            <ns3:cad>82</ns3:cad>
          </ns3:TrackPointExtension>
        </extensions>
      </trkpt>
      <trkpt lat="35.75849250890314579010009765625" lon="139.53863418661057949066162109375">
        <ele>46.59999847412109375</ele>
        <time>2026-08-26T09:48:03.000Z</time>
        <extensions>
          <ns3:TrackPointExtension>
            <ns3:hr>145</ns3:hr>
            <ns3:cad>82</ns3:cad>
          </ns3:TrackPointExtension>
        </extensions>
      </trkpt>
      <trkpt lat="35.75848395936191082000732421875" lon="139.5386210270226001739501953125">
        <ele>46.59999847412109375</ele>
        <time>2026-08-26T09:48:04.000Z</time>
        <extensions>
          <ns3:TrackPointExtension>
            <ns3:hr>145</ns3:hr>
            <ns3:cad>82</ns3:cad>
          </ns3:TrackPointExtension>
        </extensions>
      </trkpt>
      <trkpt lat="35.75847591273486614227294921875" lon="139.53860543668270111083984375">
        <ele>46.59999847412109375</ele>
        <time>2026-08-26T09:48:05.000Z</time>
        <extensions>
          <ns3:TrackPointExtension>
            <ns3:hr>145</ns3:hr>
            <ns3:cad>82</ns3:cad>
          </ns3:TrackPointExtension>
        </extensions>
      </trkpt>
      <trkpt lat="35.75846560299396514892578125" lon="139.538590349256992340087890625">
        <ele>46.59999847412109375</ele>
        <time>2026-08-26T09:48:06.000Z</time>
        <extensions>
          <ns3:TrackPointExtension>
            <ns3:hr>145</ns3:hr>
            <ns3:cad>80</ns3:cad>
          </ns3:TrackPointExtension>
        </extensions>
      </trkpt>
      <trkpt lat="35.7584555447101593017578125" lon="139.5385764352977275848388671875">
        <ele>46.59999847412109375</ele>
        <time>2026-08-26T09:48:07.000Z</time>
        <extensions>
          <ns3:TrackPointExtension>
            <ns3:hr>145</ns3:hr>
            <ns3:cad>79</ns3:cad>
          </ns3:TrackPointExtension>
        </extensions>
      </trkpt>
      <trkpt lat="35.758446492254734039306640625" lon="139.53856109641492366790771484375">
        <ele>46.59999847412109375</ele>
        <time>2026-08-26T09:48:08.000Z</time>
        <extensions>
          <ns3:TrackPointExtension>
            <ns3:hr>144</ns3:hr>
            <ns3:cad>78</ns3:cad>
          </ns3:TrackPointExtension>
        </extensions>
      </trkpt>
      <trkpt lat="35.75843517668545246124267578125" lon="139.53854240477085113525390625">
        <ele>46.799999237060546875</ele>
        <time>2026-08-26T09:48:09.000Z</time>
        <extensions>
          <ns3:TrackPointExtension>
            <ns3:hr>144</ns3:hr>
            <ns3:cad>78</ns3:cad>
          </ns3:TrackPointExtension>
        </extensions>
      </trkpt>
      <trkpt lat="35.75842671096324920654296875" lon="139.53853075392544269561767578125">
        <ele>46.799999237060546875</ele>
        <time>2026-08-26T09:48:10.000Z</time>
        <extensions>
          <ns3:TrackPointExtension>
            <ns3:hr>144</ns3:hr>
            <ns3:cad>77</ns3:cad>
          </ns3:TrackPointExtension>
        </extensions>
      </trkpt>
      <trkpt lat="35.75841405428946018218994140625" lon="139.53851600177586078643798828125">
        <ele>46.799999237060546875</ele>
        <time>2026-08-26T09:48:11.000Z</time>
        <extensions>
          <ns3:TrackPointExtension>
            <ns3:hr>144</ns3:hr>
            <ns3:cad>77</ns3:cad>
          </ns3:TrackPointExtension>
        </extensions>
      </trkpt>
      <trkpt lat="35.758403576910495758056640625" lon="139.53850091435015201568603515625">
        <ele>46.799999237060546875</ele>
        <time>2026-08-26T09:48:12.000Z</time>
        <extensions>
          <ns3:TrackPointExtension>
            <ns3:hr>143</ns3:hr>
            <ns3:cad>78</ns3:cad>
          </ns3:TrackPointExtension>
        </extensions>
      </trkpt>
      <trkpt lat="35.75839175842702388763427734375" lon="139.538487084209918975830078125">
        <ele>46.799999237060546875</ele>
        <time>2026-08-26T09:48:13.000Z</time>
        <extensions>
          <ns3:TrackPointExtension>
            <ns3:hr>143</ns3:hr>
            <ns3:cad>78</ns3:cad>
          </ns3:TrackPointExtension>
        </extensions>
      </trkpt>
      <trkpt lat="35.7583816163241863250732421875" lon="139.538473673164844512939453125">
        <ele>46.799999237060546875</ele>
        <time>2026-08-26T09:48:14.000Z</time>
        <extensions>
          <ns3:TrackPointExtension>
            <ns3:hr>143</ns3:hr>
            <ns3:cad>79</ns3:cad>
          </ns3:TrackPointExtension>
        </extensions>
      </trkpt>
      <trkpt lat="35.75837331824004650115966796875" lon="139.53845934011042118072509765625">
        <ele>46.799999237060546875</ele>
        <time>2026-08-26T09:48:15.000Z</time>
        <extensions>
          <ns3:TrackPointExtension>
            <ns3:hr>144</ns3:hr>
            <ns3:cad>79</ns3:cad>
          </ns3:TrackPointExtension>
        </extensions>
      </trkpt>
      <trkpt lat="35.75836359523236751556396484375" lon="139.53844341449439525604248046875">
        <ele>46.799999237060546875</ele>
        <time>2026-08-26T09:48:16.000Z</time>
        <extensions>
          <ns3:TrackPointExtension>
            <ns3:hr>144</ns3:hr>
            <ns3:cad>78</ns3:cad>
          </ns3:TrackPointExtension>
        </extensions>
      </trkpt>
      <trkpt lat="35.7583584822714328765869140625" lon="139.5384332723915576934814453125">
        <ele>46.799999237060546875</ele>
        <time>2026-08-26T09:48:17.000Z</time>
        <extensions>
          <ns3:TrackPointExtension>
            <ns3:hr>144</ns3:hr>
            <ns3:cad>78</ns3:cad>
          </ns3:TrackPointExtension>
        </extensions>
      </trkpt>
      <trkpt lat="35.75835303403437137603759765625" lon="139.53841977752745151519775390625">
        <ele>46.799999237060546875</ele>
        <time>2026-08-26T09:48:18.000Z</time>
        <extensions>
          <ns3:TrackPointExtension>
            <ns3:hr>144</ns3:hr>
            <ns3:cad>78</ns3:cad>
          </ns3:TrackPointExtension>
        </extensions>
      </trkpt>
      <trkpt lat="35.758345909416675567626953125" lon="139.53840267844498157501220703125">
        <ele>46.799999237060546875</ele>
        <time>2026-08-26T09:48:19.000Z</time>
        <extensions>
          <ns3:TrackPointExtension>
            <ns3:hr>144</ns3:hr>
            <ns3:cad>78</ns3:cad>
          </ns3:TrackPointExtension>
        </extensions>
      </trkpt>
      <trkpt lat="35.758338533341884613037109375" lon="139.5383870042860507965087890625">
        <ele>46.799999237060546875</ele>
        <time>2026-08-26T09:48:20.000Z</time>
        <extensions>
          <ns3:TrackPointExtension>
            <ns3:hr>143</ns3:hr>
            <ns3:cad>77</ns3:cad>
          </ns3:TrackPointExtension>
        </extensions>
      </trkpt>
      <trkpt lat="35.7583294808864593505859375" lon="139.53837350942194461822509765625">
        <ele>46.799999237060546875</ele>
        <time>2026-08-26T09:48:21.000Z</time>
        <extensions>
          <ns3:TrackPointExtension>
            <ns3:hr>143</ns3:hr>
            <ns3:cad>77</ns3:cad>
          </ns3:TrackPointExtension>
        </extensions>
      </trkpt>
      <trkpt lat="35.75832235626876354217529296875" lon="139.53836403787136077880859375">
        <ele>46.799999237060546875</ele>
        <time>2026-08-26T09:48:22.000Z</time>
        <extensions>
          <ns3:TrackPointExtension>
            <ns3:hr>143</ns3:hr>
            <ns3:cad>77</ns3:cad>
          </ns3:TrackPointExtension>
        </extensions>
      </trkpt>
      <trkpt lat="35.7583145610988140106201171875" lon="139.53835255466401576995849609375">
        <ele>46.799999237060546875</ele>
        <time>2026-08-26T09:48:23.000Z</time>
        <extensions>
          <ns3:TrackPointExtension>
            <ns3:hr>143</ns3:hr>
            <ns3:cad>76</ns3:cad>
          </ns3:TrackPointExtension>
        </extensions>
      </trkpt>
      <trkpt lat="35.7583081908524036407470703125" lon="139.53834258019924163818359375">
        <ele>46.799999237060546875</ele>
        <time>2026-08-26T09:48:24.000Z</time>
        <extensions>
          <ns3:TrackPointExtension>
            <ns3:hr>142</ns3:hr>
            <ns3:cad>76</ns3:cad>
          </ns3:TrackPointExtension>
        </extensions>
      </trkpt>
      <trkpt lat="35.758300982415676116943359375" lon="139.53832891769707202911376953125">
        <ele>46.799999237060546875</ele>
        <time>2026-08-26T09:48:25.000Z</time>
        <extensions>
          <ns3:TrackPointExtension>
            <ns3:hr>141</ns3:hr>
            <ns3:cad>76</ns3:cad>
          </ns3:TrackPointExtension>
        </extensions>
      </trkpt>
      <trkpt lat="35.7582972943782806396484375" lon="139.5383097231388092041015625">
        <ele>46.799999237060546875</ele>
        <time>2026-08-26T09:48:26.000Z</time>
        <extensions>
          <ns3:TrackPointExtension>
            <ns3:hr>140</ns3:hr>
            <ns3:cad>77</ns3:cad>
          </ns3:TrackPointExtension>
        </extensions>
      </trkpt>
      <trkpt lat="35.75829838402569293975830078125" lon="139.53828784637153148651123046875">
        <ele>46.799999237060546875</ele>
        <time>2026-08-26T09:48:27.000Z</time>
        <extensions>
          <ns3:TrackPointExtension>
            <ns3:hr>140</ns3:hr>
            <ns3:cad>76</ns3:cad>
          </ns3:TrackPointExtension>
        </extensions>
      </trkpt>
      <trkpt lat="35.75829838402569293975830078125" lon="139.53826974146068096160888671875">
        <ele>46.799999237060546875</ele>
        <time>2026-08-26T09:48:28.000Z</time>
        <extensions>
          <ns3:TrackPointExtension>
            <ns3:hr>139</ns3:hr>
            <ns3:cad>77</ns3:cad>
          </ns3:TrackPointExtension>
        </extensions>
      </trkpt>
      <trkpt lat="35.75829385779798030853271484375" lon="139.5382559113204479217529296875">
        <ele>46.799999237060546875</ele>
        <time>2026-08-26T09:48:29.000Z</time>
        <extensions>
          <ns3:TrackPointExtension>
            <ns3:hr>139</ns3:hr>
            <ns3:cad>77</ns3:cad>
          </ns3:TrackPointExtension>
        </extensions>
      </trkpt>
      <trkpt lat="35.75828991830348968505859375" lon="139.53824057243764400482177734375">
        <ele>46.799999237060546875</ele>
        <time>2026-08-26T09:48:30.000Z</time>
        <extensions>
          <ns3:TrackPointExtension>
            <ns3:hr>139</ns3:hr>
            <ns3:cad>78</ns3:cad>
          </ns3:TrackPointExtension>
        </extensions>
      </trkpt>
      <trkpt lat="35.75828212313354015350341796875" lon="139.53822649084031581878662109375">
        <ele>46.799999237060546875</ele>
        <time>2026-08-26T09:48:31.000Z</time>
        <extensions>
          <ns3:TrackPointExtension>
            <ns3:hr>138</ns3:hr>
            <ns3:cad>78</ns3:cad>
          </ns3:TrackPointExtension>
        </extensions>
      </trkpt>
      <trkpt lat="35.75827256776392459869384765625" lon="139.53820972703397274017333984375">
        <ele>46.799999237060546875</ele>
        <time>2026-08-26T09:48:32.000Z</time>
        <extensions>
          <ns3:TrackPointExtension>
            <ns3:hr>138</ns3:hr>
            <ns3:cad>77</ns3:cad>
          </ns3:TrackPointExtension>
        </extensions>
      </trkpt>
      <trkpt lat="35.758266784250736236572265625" lon="139.53819497488439083099365234375">
        <ele>46.799999237060546875</ele>
        <time>2026-08-26T09:48:33.000Z</time>
        <extensions>
          <ns3:TrackPointExtension>
            <ns3:hr>138</ns3:hr>
            <ns3:cad>77</ns3:cad>
          </ns3:TrackPointExtension>
        </extensions>
      </trkpt>
      <trkpt lat="35.75826033018529415130615234375" lon="139.5381834916770458221435546875">
        <ele>46.799999237060546875</ele>
        <time>2026-08-26T09:48:34.000Z</time>
        <extensions>
          <ns3:TrackPointExtension>
            <ns3:hr>138</ns3:hr>
            <ns3:cad>77</ns3:cad>
          </ns3:TrackPointExtension>
        </extensions>
      </trkpt>
      <trkpt lat="35.758255384862422943115234375" lon="139.53816681168973445892333984375">
        <ele>46.799999237060546875</ele>
        <time>2026-08-26T09:48:35.000Z</time>
        <extensions>
          <ns3:TrackPointExtension>
            <ns3:hr>138</ns3:hr>
            <ns3:cad>76</ns3:cad>
          </ns3:TrackPointExtension>
        </extensions>
      </trkpt>
      <trkpt lat="35.758247673511505126953125" lon="139.53814971260726451873779296875">
        <ele>46.799999237060546875</ele>
        <time>2026-08-26T09:48:36.000Z</time>
        <extensions>
          <ns3:TrackPointExtension>
            <ns3:hr>138</ns3:hr>
            <ns3:cad>76</ns3:cad>
          </ns3:TrackPointExtension>
        </extensions>
      </trkpt>
      <trkpt lat="35.75823786668479442596435546875" lon="139.5381332002580165863037109375">
        <ele>46.799999237060546875</ele>
        <time>2026-08-26T09:48:37.000Z</time>
        <extensions>
          <ns3:TrackPointExtension>
            <ns3:hr>138</ns3:hr>
            <ns3:cad>76</ns3:cad>
          </ns3:TrackPointExtension>
        </extensions>
      </trkpt>
      <trkpt lat="35.7582243718206882476806640625" lon="139.5381167717278003692626953125">
        <ele>46.799999237060546875</ele>
        <time>2026-08-26T09:48:38.000Z</time>
        <extensions>
          <ns3:TrackPointExtension>
            <ns3:hr>138</ns3:hr>
            <ns3:cad>76</ns3:cad>
          </ns3:TrackPointExtension>
        </extensions>
      </trkpt>
      <trkpt lat="35.75821079313755035400390625" lon="139.5381010137498378753662109375">
        <ele>46.799999237060546875</ele>
        <time>2026-08-26T09:48:39.000Z</time>
        <extensions>
          <ns3:TrackPointExtension>
            <ns3:hr>138</ns3:hr>
            <ns3:cad>76</ns3:cad>
          </ns3:TrackPointExtension>
        </extensions>
      </trkpt>
      <trkpt lat="35.7582032494246959686279296875" lon="139.5380845852196216583251953125">
        <ele>46.799999237060546875</ele>
        <time>2026-08-26T09:48:40.000Z</time>
        <extensions>
          <ns3:TrackPointExtension>
            <ns3:hr>138</ns3:hr>
            <ns3:cad>77</ns3:cad>
          </ns3:TrackPointExtension>
        </extensions>
      </trkpt>
      <trkpt lat="35.75819495134055614471435546875" lon="139.538070000708103179931640625">
        <ele>46.799999237060546875</ele>
        <time>2026-08-26T09:48:41.000Z</time>
        <extensions>
          <ns3:TrackPointExtension>
            <ns3:hr>138</ns3:hr>
            <ns3:cad>77</ns3:cad>
          </ns3:TrackPointExtension>
        </extensions>
      </trkpt>
      <trkpt lat="35.75818774290382862091064453125" lon="139.53805424273014068603515625">
        <ele>46.799999237060546875</ele>
        <time>2026-08-26T09:48:42.000Z</time>
        <extensions>
          <ns3:TrackPointExtension>
            <ns3:hr>138</ns3:hr>
            <ns3:cad>78</ns3:cad>
          </ns3:TrackPointExtension>
        </extensions>
      </trkpt>
      <trkpt lat="35.75818036682903766632080078125" lon="139.5380369760096073150634765625">
        <ele>46.799999237060546875</ele>
        <time>2026-08-26T09:48:43.000Z</time>
        <extensions>
          <ns3:TrackPointExtension>
            <ns3:hr>138</ns3:hr>
            <ns3:cad>78</ns3:cad>
          </ns3:TrackPointExtension>
        </extensions>
      </trkpt>
      <trkpt lat="35.7581730745732784271240234375" lon="139.53802071511745452880859375">
        <ele>46.799999237060546875</ele>
        <time>2026-08-26T09:48:44.000Z</time>
        <extensions>
          <ns3:TrackPointExtension>
            <ns3:hr>138</ns3:hr>
            <ns3:cad>77</ns3:cad>
          </ns3:TrackPointExtension>
        </extensions>
      </trkpt>
      <trkpt lat="35.7581660337746143341064453125" lon="139.538005292415618896484375">
        <ele>46.799999237060546875</ele>
        <time>2026-08-26T09:48:45.000Z</time>
        <extensions>
          <ns3:TrackPointExtension>
            <ns3:hr>139</ns3:hr>
            <ns3:cad>77</ns3:cad>
          </ns3:TrackPointExtension>
        </extensions>
      </trkpt>
      <trkpt lat="35.7581603340804576873779296875" lon="139.5379907079041004180908203125">
        <ele>46.799999237060546875</ele>
        <time>2026-08-26T09:48:46.000Z</time>
        <extensions>
          <ns3:TrackPointExtension>
            <ns3:hr>139</ns3:hr>
            <ns3:cad>77</ns3:cad>
          </ns3:TrackPointExtension>
        </extensions>
      </trkpt>
      <trkpt lat="35.75815455056726932525634765625" lon="139.53797645866870880126953125">
        <ele>46.799999237060546875</ele>
        <time>2026-08-26T09:48:47.000Z</time>
        <extensions>
          <ns3:TrackPointExtension>
            <ns3:hr>139</ns3:hr>
            <ns3:cad>78</ns3:cad>
          </ns3:TrackPointExtension>
        </extensions>
      </trkpt>
      <trkpt lat="35.75814818032085895538330078125" lon="139.537963382899761199951171875">
        <ele>46.799999237060546875</ele>
        <time>2026-08-26T09:48:48.000Z</time>
        <extensions>
          <ns3:TrackPointExtension>
            <ns3:hr>139</ns3:hr>
            <ns3:cad>78</ns3:cad>
          </ns3:TrackPointExtension>
        </extensions>
      </trkpt>
      <trkpt lat="35.7581341825425624847412109375" lon="139.53794754110276699066162109375">
        <ele>46.799999237060546875</ele>
        <time>2026-08-26T09:48:49.000Z</time>
        <extensions>
          <ns3:TrackPointExtension>
            <ns3:hr>138</ns3:hr>
            <ns3:cad>77</ns3:cad>
          </ns3:TrackPointExtension>
        </extensions>
      </trkpt>
      <trkpt lat="35.75812521390616893768310546875" lon="139.5379360578954219818115234375">
        <ele>46.799999237060546875</ele>
        <time>2026-08-26T09:48:50.000Z</time>
        <extensions>
          <ns3:TrackPointExtension>
            <ns3:hr>138</ns3:hr>
            <ns3:cad>77</ns3:cad>
          </ns3:TrackPointExtension>
        </extensions>
      </trkpt>
      <trkpt lat="35.75811884365975856781005859375" lon="139.537921808660030364990234375">
        <ele>46.799999237060546875</ele>
        <time>2026-08-26T09:48:51.000Z</time>
        <extensions>
          <ns3:TrackPointExtension>
            <ns3:hr>138</ns3:hr>
            <ns3:cad>77</ns3:cad>
          </ns3:TrackPointExtension>
        </extensions>
      </trkpt>
      <trkpt lat="35.7581113837659358978271484375" lon="139.53790529631078243255615234375">
        <ele>46.799999237060546875</ele>
        <time>2026-08-26T09:48:52.000Z</time>
        <extensions>
          <ns3:TrackPointExtension>
            <ns3:hr>138</ns3:hr>
            <ns3:cad>77</ns3:cad>
          </ns3:TrackPointExtension>
        </extensions>
      </trkpt>
      <trkpt lat="35.75810526497662067413330078125" lon="139.5378891192376613616943359375">
        <ele>46.799999237060546875</ele>
        <time>2026-08-26T09:48:53.000Z</time>
        <extensions>
          <ns3:TrackPointExtension>
            <ns3:hr>138</ns3:hr>
            <ns3:cad>77</ns3:cad>
          </ns3:TrackPointExtension>
        </extensions>
      </trkpt>
      <trkpt lat="35.75809772126376628875732421875" lon="139.53786858357489109039306640625">
        <ele>46.799999237060546875</ele>
        <time>2026-08-26T09:48:54.000Z</time>
        <extensions>
          <ns3:TrackPointExtension>
            <ns3:hr>138</ns3:hr>
            <ns3:cad>76</ns3:cad>
          </ns3:TrackPointExtension>
        </extensions>
      </trkpt>
      <trkpt lat="35.75808816589415073394775390625" lon="139.53784947283565998077392578125">
        <ele>46.59999847412109375</ele>
        <time>2026-08-26T09:48:55.000Z</time>
        <extensions>
          <ns3:TrackPointExtension>
            <ns3:hr>139</ns3:hr>
            <ns3:cad>76</ns3:cad>
          </ns3:TrackPointExtension>
        </extensions>
      </trkpt>
      <trkpt lat="35.75808028690516948699951171875" lon="139.5378240756690502166748046875">
        <ele>46.59999847412109375</ele>
        <time>2026-08-26T09:48:56.000Z</time>
        <extensions>
          <ns3:TrackPointExtension>
            <ns3:hr>139</ns3:hr>
            <ns3:cad>76</ns3:cad>
          </ns3:TrackPointExtension>
        </extensions>
      </trkpt>
      <trkpt lat="35.75807400047779083251953125" lon="139.53780622221529483795166015625">
        <ele>46.59999847412109375</ele>
        <time>2026-08-26T09:48:57.000Z</time>
        <extensions>
          <ns3:TrackPointExtension>
            <ns3:hr>139</ns3:hr>
            <ns3:cad>77</ns3:cad>
          </ns3:TrackPointExtension>
        </extensions>
      </trkpt>
      <trkpt lat="35.75806603766977787017822265625" lon="139.5377875305712223052978515625">
        <ele>46.59999847412109375</ele>
        <time>2026-08-26T09:48:58.000Z</time>
        <extensions>
          <ns3:TrackPointExtension>
            <ns3:hr>139</ns3:hr>
            <ns3:cad>78</ns3:cad>
          </ns3:TrackPointExtension>
        </extensions>
      </trkpt>
      <trkpt lat="35.75805782340466976165771484375" lon="139.53776313923299312591552734375">
        <ele>46.799999237060546875</ele>
        <time>2026-08-26T09:48:59.000Z</time>
        <extensions>
          <ns3:TrackPointExtension>
            <ns3:hr>139</ns3:hr>
            <ns3:cad>79</ns3:cad>
          </ns3:TrackPointExtension>
        </extensions>
      </trkpt>
      <trkpt lat="35.75805145315825939178466796875" lon="139.5377496443688869476318359375">
        <ele>46.799999237060546875</ele>
        <time>2026-08-26T09:49:00.000Z</time>
        <extensions>
          <ns3:TrackPointExtension>
            <ns3:hr>139</ns3:hr>
            <ns3:cad>79</ns3:cad>
          </ns3:TrackPointExtension>
        </extensions>
      </trkpt>
      <trkpt lat="35.75804173015058040618896484375" lon="139.537731371819972991943359375">
        <ele>47</ele>
        <time>2026-08-26T09:49:01.000Z</time>
        <extensions>
          <ns3:TrackPointExtension>
            <ns3:hr>138</ns3:hr>
            <ns3:cad>79</ns3:cad>
          </ns3:TrackPointExtension>
        </extensions>
      </trkpt>
      <trkpt lat="35.758032761514186859130859375" lon="139.53771485947072505950927734375">
        <ele>47.200000762939453125</ele>
        <time>2026-08-26T09:49:02.000Z</time>
        <extensions>
          <ns3:TrackPointExtension>
            <ns3:hr>138</ns3:hr>
            <ns3:cad>79</ns3:cad>
          </ns3:TrackPointExtension>
        </extensions>
      </trkpt>
      <trkpt lat="35.758025385439395904541015625" lon="139.5376956649124622344970703125">
        <ele>47.40000152587890625</ele>
        <time>2026-08-26T09:49:03.000Z</time>
        <extensions>
          <ns3:TrackPointExtension>
            <ns3:hr>138</ns3:hr>
            <ns3:cad>79</ns3:cad>
          </ns3:TrackPointExtension>
        </extensions>
      </trkpt>
      <trkpt lat="35.75801960192620754241943359375" lon="139.53767596744000911712646484375">
        <ele>47.59999847412109375</ele>
        <time>2026-08-26T09:49:04.000Z</time>
        <extensions>
          <ns3:TrackPointExtension>
            <ns3:hr>138</ns3:hr>
            <ns3:cad>79</ns3:cad>
          </ns3:TrackPointExtension>
        </extensions>
      </trkpt>
      <trkpt lat="35.75801423750817775726318359375" lon="139.53765836544334888458251953125">
        <ele>47.59999847412109375</ele>
        <time>2026-08-26T09:49:05.000Z</time>
        <extensions>
          <ns3:TrackPointExtension>
            <ns3:hr>138</ns3:hr>
            <ns3:cad>79</ns3:cad>
          </ns3:TrackPointExtension>
        </extensions>
      </trkpt>
      <trkpt lat="35.75800719670951366424560546875" lon="139.53763925470411777496337890625">
        <ele>47.59999847412109375</ele>
        <time>2026-08-26T09:49:06.000Z</time>
        <extensions>
          <ns3:TrackPointExtension>
            <ns3:hr>139</ns3:hr>
            <ns3:cad>79</ns3:cad>
          </ns3:TrackPointExtension>
        </extensions>
      </trkpt>
      <trkpt lat="35.7580004073679447174072265625" lon="139.53762031160295009613037109375">
        <ele>47.59999847412109375</ele>
        <time>2026-08-26T09:49:07.000Z</time>
        <extensions>
          <ns3:TrackPointExtension>
            <ns3:hr>139</ns3:hr>
            <ns3:cad>77</ns3:cad>
          </ns3:TrackPointExtension>
        </extensions>
      </trkpt>
      <trkpt lat="35.75798951089382171630859375" lon="139.53760354779660701751708984375">
        <ele>47.59999847412109375</ele>
        <time>2026-08-26T09:49:08.000Z</time>
        <extensions>
          <ns3:TrackPointExtension>
            <ns3:hr>139</ns3:hr>
            <ns3:cad>77</ns3:cad>
          </ns3:TrackPointExtension>
        </extensions>
      </trkpt>
      <trkpt lat="35.757981799542903900146484375" lon="139.5375897176563739776611328125">
        <ele>47.799999237060546875</ele>
        <time>2026-08-26T09:49:09.000Z</time>
        <extensions>
          <ns3:TrackPointExtension>
            <ns3:hr>139</ns3:hr>
            <ns3:cad>78</ns3:cad>
          </ns3:TrackPointExtension>
        </extensions>
      </trkpt>
      <trkpt lat="35.75797433964908123016357421875" lon="139.53757639043033123016357421875">
        <ele>47.799999237060546875</ele>
        <time>2026-08-26T09:49:10.000Z</time>
        <extensions>
          <ns3:TrackPointExtension>
            <ns3:hr>139</ns3:hr>
            <ns3:cad>78</ns3:cad>
          </ns3:TrackPointExtension>
        </extensions>
      </trkpt>
      <trkpt lat="35.7579682208597660064697265625" lon="139.53756163828074932098388671875">
        <ele>47.799999237060546875</ele>
        <time>2026-08-26T09:49:11.000Z</time>
        <extensions>
          <ns3:TrackPointExtension>
            <ns3:hr>139</ns3:hr>
            <ns3:cad>80</ns3:cad>
          </ns3:TrackPointExtension>
        </extensions>
      </trkpt>
      <trkpt lat="35.75796092860400676727294921875" lon="139.53754621557891368865966796875">
        <ele>47.799999237060546875</ele>
        <time>2026-08-26T09:49:12.000Z</time>
        <extensions>
          <ns3:TrackPointExtension>
            <ns3:hr>139</ns3:hr>
            <ns3:cad>80</ns3:cad>
          </ns3:TrackPointExtension>
        </extensions>
      </trkpt>
      <trkpt lat="35.75795304961502552032470703125" lon="139.53752878122031688690185546875">
        <ele>47.799999237060546875</ele>
        <time>2026-08-26T09:49:13.000Z</time>
        <extensions>
          <ns3:TrackPointExtension>
            <ns3:hr>139</ns3:hr>
            <ns3:cad>79</ns3:cad>
          </ns3:TrackPointExtension>
        </extensions>
      </trkpt>
      <trkpt lat="35.757946260273456573486328125" lon="139.5375104248523712158203125">
        <ele>47.59999847412109375</ele>
        <time>2026-08-26T09:49:14.000Z</time>
        <extensions>
          <ns3:TrackPointExtension>
            <ns3:hr>139</ns3:hr>
            <ns3:cad>79</ns3:cad>
          </ns3:TrackPointExtension>
        </extensions>
      </trkpt>
      <trkpt lat="35.75793678872287273406982421875" lon="139.537491984665393829345703125">
        <ele>47.59999847412109375</ele>
        <time>2026-08-26T09:49:15.000Z</time>
        <extensions>
          <ns3:TrackPointExtension>
            <ns3:hr>139</ns3:hr>
            <ns3:cad>79</ns3:cad>
          </ns3:TrackPointExtension>
        </extensions>
      </trkpt>
      <trkpt lat="35.7579306699335575103759765625" lon="139.53747622668743133544921875">
        <ele>47.59999847412109375</ele>
        <time>2026-08-26T09:49:16.000Z</time>
        <extensions>
          <ns3:TrackPointExtension>
            <ns3:hr>139</ns3:hr>
            <ns3:cad>78</ns3:cad>
          </ns3:TrackPointExtension>
        </extensions>
      </trkpt>
      <trkpt lat="35.75792354531586170196533203125" lon="139.53746357001364231109619140625">
        <ele>47.40000152587890625</ele>
        <time>2026-08-26T09:49:17.000Z</time>
        <extensions>
          <ns3:TrackPointExtension>
            <ns3:hr>139</ns3:hr>
            <ns3:cad>77</ns3:cad>
          </ns3:TrackPointExtension>
        </extensions>
      </trkpt>
      <trkpt lat="35.75791575014591217041015625" lon="139.53744680620729923248291015625">
        <ele>47.40000152587890625</ele>
        <time>2026-08-26T09:49:18.000Z</time>
        <extensions>
          <ns3:TrackPointExtension>
            <ns3:hr>139</ns3:hr>
            <ns3:cad>76</ns3:cad>
          </ns3:TrackPointExtension>
        </extensions>
      </trkpt>
      <trkpt lat="35.75790778733789920806884765625" lon="139.53743155114352703094482421875">
        <ele>47.40000152587890625</ele>
        <time>2026-08-26T09:49:19.000Z</time>
        <extensions>
          <ns3:TrackPointExtension>
            <ns3:hr>139</ns3:hr>
            <ns3:cad>76</ns3:cad>
          </ns3:TrackPointExtension>
        </extensions>
      </trkpt>
      <trkpt lat="35.75790326111018657684326171875" lon="139.53741864301264286041259765625">
        <ele>47.40000152587890625</ele>
        <time>2026-08-26T09:49:20.000Z</time>
        <extensions>
          <ns3:TrackPointExtension>
            <ns3:hr>139</ns3:hr>
            <ns3:cad>76</ns3:cad>
          </ns3:TrackPointExtension>
        </extensions>
      </trkpt>
      <trkpt lat="35.75789697468280792236328125" lon="139.53740338794887065887451171875">
        <ele>47.40000152587890625</ele>
        <time>2026-08-26T09:49:21.000Z</time>
        <extensions>
          <ns3:TrackPointExtension>
            <ns3:hr>139</ns3:hr>
            <ns3:cad>76</ns3:cad>
          </ns3:TrackPointExtension>
        </extensions>
      </trkpt>
      <trkpt lat="35.75788649730384349822998046875" lon="139.5373868755996227264404296875">
        <ele>47.200000762939453125</ele>
        <time>2026-08-26T09:49:22.000Z</time>
        <extensions>
          <ns3:TrackPointExtension>
            <ns3:hr>139</ns3:hr>
            <ns3:cad>76</ns3:cad>
          </ns3:TrackPointExtension>
        </extensions>
      </trkpt>
      <trkpt lat="35.7578746788203716278076171875" lon="139.53736893832683563232421875">
        <ele>46.799999237060546875</ele>
        <time>2026-08-26T09:49:23.000Z</time>
        <extensions>
          <ns3:TrackPointExtension>
            <ns3:hr>139</ns3:hr>
            <ns3:cad>76</ns3:cad>
          </ns3:TrackPointExtension>
        </extensions>
      </trkpt>
      <trkpt lat="35.75786705128848552703857421875" lon="139.537353850901126861572265625">
        <ele>46.799999237060546875</ele>
        <time>2026-08-26T09:49:24.000Z</time>
        <extensions>
          <ns3:TrackPointExtension>
            <ns3:hr>138</ns3:hr>
            <ns3:cad>76</ns3:cad>
          </ns3:TrackPointExtension>
        </extensions>
      </trkpt>
      <trkpt lat="35.7578592561185359954833984375" lon="139.537334404885768890380859375">
        <ele>46.799999237060546875</ele>
        <time>2026-08-26T09:49:25.000Z</time>
        <extensions>
          <ns3:TrackPointExtension>
            <ns3:hr>138</ns3:hr>
            <ns3:cad>77</ns3:cad>
          </ns3:TrackPointExtension>
        </extensions>
      </trkpt>
      <trkpt lat="35.75785137712955474853515625" lon="139.537318646907806396484375">
        <ele>46.799999237060546875</ele>
        <time>2026-08-26T09:49:26.000Z</time>
        <extensions>
          <ns3:TrackPointExtension>
            <ns3:hr>138</ns3:hr>
            <ns3:cad>77</ns3:cad>
          </ns3:TrackPointExtension>
        </extensions>
      </trkpt>
      <trkpt lat="35.75784106738865375518798828125" lon="139.537301547825336456298828125">
        <ele>46.799999237060546875</ele>
        <time>2026-08-26T09:49:27.000Z</time>
        <extensions>
          <ns3:TrackPointExtension>
            <ns3:hr>138</ns3:hr>
            <ns3:cad>77</ns3:cad>
          </ns3:TrackPointExtension>
        </extensions>
      </trkpt>
      <trkpt lat="35.757835619151592254638671875" lon="139.53728185035288333892822265625">
        <ele>46.799999237060546875</ele>
        <time>2026-08-26T09:49:28.000Z</time>
        <extensions>
          <ns3:TrackPointExtension>
            <ns3:hr>138</ns3:hr>
            <ns3:cad>77</ns3:cad>
          </ns3:TrackPointExtension>
        </extensions>
      </trkpt>
      <trkpt lat="35.75782933272421360015869140625" lon="139.53726508654654026031494140625">
        <ele>46.799999237060546875</ele>
        <time>2026-08-26T09:49:29.000Z</time>
        <extensions>
          <ns3:TrackPointExtension>
            <ns3:hr>138</ns3:hr>
            <ns3:cad>78</ns3:cad>
          </ns3:TrackPointExtension>
        </extensions>
      </trkpt>
      <trkpt lat="35.75782413594424724578857421875" lon="139.53725159168243408203125">
        <ele>46.799999237060546875</ele>
        <time>2026-08-26T09:49:30.000Z</time>
        <extensions>
          <ns3:TrackPointExtension>
            <ns3:hr>138</ns3:hr>
            <ns3:cad>78</ns3:cad>
          </ns3:TrackPointExtension>
        </extensions>
      </trkpt>
      <trkpt lat="35.75781675986945629119873046875" lon="139.5372373424470424652099609375">
        <ele>46.799999237060546875</ele>
        <time>2026-08-26T09:49:31.000Z</time>
        <extensions>
          <ns3:TrackPointExtension>
            <ns3:hr>138</ns3:hr>
            <ns3:cad>78</ns3:cad>
          </ns3:TrackPointExtension>
        </extensions>
      </trkpt>
      <trkpt lat="35.7578086294233798980712890625" lon="139.5372212491929531097412109375">
        <ele>46.799999237060546875</ele>
        <time>2026-08-26T09:49:32.000Z</time>
        <extensions>
          <ns3:TrackPointExtension>
            <ns3:hr>138</ns3:hr>
            <ns3:cad>78</ns3:cad>
          </ns3:TrackPointExtension>
        </extensions>
      </trkpt>
      <trkpt lat="35.75780351646244525909423828125" lon="139.53721010126173496246337890625">
        <ele>46.799999237060546875</ele>
        <time>2026-08-26T09:49:33.000Z</time>
        <extensions>
          <ns3:TrackPointExtension>
            <ns3:hr>138</ns3:hr>
            <ns3:cad>77</ns3:cad>
          </ns3:TrackPointExtension>
        </extensions>
      </trkpt>
      <trkpt lat="35.75779580511152744293212890625" lon="139.537198282778263092041015625">
        <ele>46.799999237060546875</ele>
        <time>2026-08-26T09:49:34.000Z</time>
        <extensions>
          <ns3:TrackPointExtension>
            <ns3:hr>137</ns3:hr>
            <ns3:cad>77</ns3:cad>
          </ns3:TrackPointExtension>
        </extensions>
      </trkpt>
      <trkpt lat="35.75778834521770477294921875" lon="139.537184871733188629150390625">
        <ele>46.799999237060546875</ele>
        <time>2026-08-26T09:49:35.000Z</time>
        <extensions>
          <ns3:TrackPointExtension>
            <ns3:hr>137</ns3:hr>
            <ns3:cad>77</ns3:cad>
          </ns3:TrackPointExtension>
        </extensions>
      </trkpt>
      <trkpt lat="35.757781974971294403076171875" lon="139.5371711254119873046875">
        <ele>46.799999237060546875</ele>
        <time>2026-08-26T09:49:36.000Z</time>
        <extensions>
          <ns3:TrackPointExtension>
            <ns3:hr>137</ns3:hr>
            <ns3:cad>76</ns3:cad>
          </ns3:TrackPointExtension>
        </extensions>
      </trkpt>
      <trkpt lat="35.757775604724884033203125" lon="139.53715662471950054168701171875">
        <ele>46.799999237060546875</ele>
        <time>2026-08-26T09:49:37.000Z</time>
        <extensions>
          <ns3:TrackPointExtension>
            <ns3:hr>137</ns3:hr>
            <ns3:cad>76</ns3:cad>
          </ns3:TrackPointExtension>
        </extensions>
      </trkpt>
      <trkpt lat="35.7577683962881565093994140625" lon="139.53714287839829921722412109375">
        <ele>46.799999237060546875</ele>
        <time>2026-08-26T09:49:38.000Z</time>
        <extensions>
          <ns3:TrackPointExtension>
            <ns3:hr>136</ns3:hr>
            <ns3:cad>76</ns3:cad>
          </ns3:TrackPointExtension>
        </extensions>
      </trkpt>
      <trkpt lat="35.757761187851428985595703125" lon="139.53712695278227329254150390625">
        <ele>46.799999237060546875</ele>
        <time>2026-08-26T09:49:39.000Z</time>
        <extensions>
          <ns3:TrackPointExtension>
            <ns3:hr>136</ns3:hr>
            <ns3:cad>76</ns3:cad>
          </ns3:TrackPointExtension>
        </extensions>
      </trkpt>
      <trkpt lat="35.757757164537906646728515625" lon="139.537111110985279083251953125">
        <ele>46.799999237060546875</ele>
        <time>2026-08-26T09:49:40.000Z</time>
        <extensions>
          <ns3:TrackPointExtension>
            <ns3:hr>136</ns3:hr>
            <ns3:cad>76</ns3:cad>
          </ns3:TrackPointExtension>
        </extensions>
      </trkpt>
      <trkpt lat="35.757751800119876861572265625" lon="139.537095688283443450927734375">
        <ele>46.799999237060546875</ele>
        <time>2026-08-26T09:49:41.000Z</time>
        <extensions>
          <ns3:TrackPointExtension>
            <ns3:hr>135</ns3:hr>
            <ns3:cad>75</ns3:cad>
          </ns3:TrackPointExtension>
        </extensions>
      </trkpt>
      <trkpt lat="35.75774568133056163787841796875" lon="139.53708185814321041107177734375">
        <ele>46.799999237060546875</ele>
        <time>2026-08-26T09:49:42.000Z</time>
        <extensions>
          <ns3:TrackPointExtension>
            <ns3:hr>135</ns3:hr>
            <ns3:cad>75</ns3:cad>
          </ns3:TrackPointExtension>
        </extensions>
      </trkpt>
      <trkpt lat="35.75773780234158039093017578125" lon="139.53706718981266021728515625">
        <ele>46.799999237060546875</ele>
        <time>2026-08-26T09:49:43.000Z</time>
        <extensions>
          <ns3:TrackPointExtension>
            <ns3:hr>134</ns3:hr>
            <ns3:cad>75</ns3:cad>
          </ns3:TrackPointExtension>
        </extensions>
      </trkpt>
      <trkpt lat="35.75773176737129688262939453125" lon="139.53704916872084140777587890625">
        <ele>46.799999237060546875</ele>
        <time>2026-08-26T09:49:44.000Z</time>
        <extensions>
          <ns3:TrackPointExtension>
            <ns3:hr>134</ns3:hr>
            <ns3:cad>75</ns3:cad>
          </ns3:TrackPointExtension>
        </extensions>
      </trkpt>
      <trkpt lat="35.75772455893456935882568359375" lon="139.53702955506742000579833984375">
        <ele>46.799999237060546875</ele>
        <time>2026-08-26T09:49:45.000Z</time>
        <extensions>
          <ns3:TrackPointExtension>
            <ns3:hr>134</ns3:hr>
            <ns3:cad>75</ns3:cad>
          </ns3:TrackPointExtension>
        </extensions>
      </trkpt>
      <trkpt lat="35.75771617703139781951904296875" lon="139.53701354563236236572265625">
        <ele>46.799999237060546875</ele>
        <time>2026-08-26T09:49:46.000Z</time>
        <extensions>
          <ns3:TrackPointExtension>
            <ns3:hr>133</ns3:hr>
            <ns3:cad>74</ns3:cad>
          </ns3:TrackPointExtension>
        </extensions>
      </trkpt>
      <trkpt lat="35.75770829804241657257080078125" lon="139.53699988313019275665283203125">
        <ele>46.799999237060546875</ele>
        <time>2026-08-26T09:49:47.000Z</time>
        <extensions>
          <ns3:TrackPointExtension>
            <ns3:hr>133</ns3:hr>
            <ns3:cad>74</ns3:cad>
          </ns3:TrackPointExtension>
        </extensions>
      </trkpt>
      <trkpt lat="35.7577006705105304718017578125" lon="139.53698680736124515533447265625">
        <ele>46.799999237060546875</ele>
        <time>2026-08-26T09:49:48.000Z</time>
        <extensions>
          <ns3:TrackPointExtension>
            <ns3:hr>134</ns3:hr>
            <ns3:cad>76</ns3:cad>
          </ns3:TrackPointExtension>
        </extensions>
      </trkpt>
      <trkpt lat="35.75769404880702495574951171875" lon="139.5369731448590755462646484375">
        <ele>46.799999237060546875</ele>
        <time>2026-08-26T09:49:49.000Z</time>
        <extensions>
          <ns3:TrackPointExtension>
            <ns3:hr>133</ns3:hr>
            <ns3:cad>76</ns3:cad>
          </ns3:TrackPointExtension>
        </extensions>
      </trkpt>
      <trkpt lat="35.75768667273223400115966796875" lon="139.53695948235690593719482421875">
        <ele>47</ele>
        <time>2026-08-26T09:49:50.000Z</time>
        <extensions>
          <ns3:TrackPointExtension>
            <ns3:hr>133</ns3:hr>
            <ns3:cad>76</ns3:cad>
          </ns3:TrackPointExtension>
        </extensions>
      </trkpt>
      <trkpt lat="35.75767896138131618499755859375" lon="139.53694045543670654296875">
        <ele>47</ele>
        <time>2026-08-26T09:49:51.000Z</time>
        <extensions>
          <ns3:TrackPointExtension>
            <ns3:hr>133</ns3:hr>
            <ns3:cad>76</ns3:cad>
          </ns3:TrackPointExtension>
        </extensions>
      </trkpt>
      <trkpt lat="35.7576684840023517608642578125" lon="139.53692461363971233367919921875">
        <ele>47</ele>
        <time>2026-08-26T09:49:52.000Z</time>
        <extensions>
          <ns3:TrackPointExtension>
            <ns3:hr>134</ns3:hr>
            <ns3:cad>76</ns3:cad>
          </ns3:TrackPointExtension>
        </extensions>
      </trkpt>
      <trkpt lat="35.75766169466078281402587890625" lon="139.53691162168979644775390625">
        <ele>47</ele>
        <time>2026-08-26T09:49:53.000Z</time>
        <extensions>
          <ns3:TrackPointExtension>
            <ns3:hr>134</ns3:hr>
            <ns3:cad>76</ns3:cad>
          </ns3:TrackPointExtension>
        </extensions>
      </trkpt>
      <trkpt lat="35.75765683315694332122802734375" lon="139.53689754009246826171875">
        <ele>47</ele>
        <time>2026-08-26T09:49:54.000Z</time>
        <extensions>
          <ns3:TrackPointExtension>
            <ns3:hr>134</ns3:hr>
            <ns3:cad>75</ns3:cad>
          </ns3:TrackPointExtension>
        </extensions>
      </trkpt>
      <trkpt lat="35.757650546729564666748046875" lon="139.53688555397093296051025390625">
        <ele>47</ele>
        <time>2026-08-26T09:49:55.000Z</time>
        <extensions>
          <ns3:TrackPointExtension>
            <ns3:hr>134</ns3:hr>
            <ns3:cad>74</ns3:cad>
          </ns3:TrackPointExtension>
        </extensions>
      </trkpt>
      <trkpt lat="35.75764526613056659698486328125" lon="139.53686862252652645111083984375">
        <ele>47</ele>
        <time>2026-08-26T09:49:56.000Z</time>
        <extensions>
          <ns3:TrackPointExtension>
            <ns3:hr>133</ns3:hr>
            <ns3:cad>74</ns3:cad>
          </ns3:TrackPointExtension>
        </extensions>
      </trkpt>
      <trkpt lat="35.75764258392155170440673828125" lon="139.53685219399631023406982421875">
        <ele>47</ele>
        <time>2026-08-26T09:49:57.000Z</time>
        <extensions>
          <ns3:TrackPointExtension>
            <ns3:hr>133</ns3:hr>
            <ns3:cad>75</ns3:cad>
          </ns3:TrackPointExtension>
        </extensions>
      </trkpt>
      <trkpt lat="35.75763881206512451171875" lon="139.53683576546609401702880859375">
        <ele>47</ele>
        <time>2026-08-26T09:49:58.000Z</time>
        <extensions>
          <ns3:TrackPointExtension>
            <ns3:hr>132</ns3:hr>
            <ns3:cad>75</ns3:cad>
          </ns3:TrackPointExtension>
        </extensions>
      </trkpt>
      <trkpt lat="35.757637806236743927001953125" lon="139.53682302497327327728271484375">
        <ele>47</ele>
        <time>2026-08-26T09:49:59.000Z</time>
        <extensions>
          <ns3:TrackPointExtension>
            <ns3:hr>132</ns3:hr>
            <ns3:cad>75</ns3:cad>
          </ns3:TrackPointExtension>
        </extensions>
      </trkpt>
      <trkpt lat="35.7576356269419193267822265625" lon="139.53680508770048618316650390625">
        <ele>47</ele>
        <time>2026-08-26T09:50:00.000Z</time>
        <extensions>
          <ns3:TrackPointExtension>
            <ns3:hr>132</ns3:hr>
            <ns3:cad>75</ns3:cad>
          </ns3:TrackPointExtension>
        </extensions>
      </trkpt>
      <trkpt lat="35.757634453475475311279296875" lon="139.536791928112506866455078125">
        <ele>47</ele>
        <time>2026-08-26T09:50:01.000Z</time>
        <extensions>
          <ns3:TrackPointExtension>
            <ns3:hr>132</ns3:hr>
            <ns3:cad>74</ns3:cad>
          </ns3:TrackPointExtension>
        </extensions>
      </trkpt>
      <trkpt lat="35.75762808322906494140625" lon="139.53678279183804988861083984375">
        <ele>47</ele>
        <time>2026-08-26T09:50:02.000Z</time>
        <extensions>
          <ns3:TrackPointExtension>
            <ns3:hr>132</ns3:hr>
            <ns3:cad>73</ns3:cad>
          </ns3:TrackPointExtension>
        </extensions>
      </trkpt>
      <trkpt lat="35.757620371878147125244140625" lon="139.536771811544895172119140625">
        <ele>47</ele>
        <time>2026-08-26T09:50:03.000Z</time>
        <extensions>
          <ns3:TrackPointExtension>
            <ns3:hr>132</ns3:hr>
            <ns3:cad>73</ns3:cad>
          </ns3:TrackPointExtension>
        </extensions>
      </trkpt>
      <trkpt lat="35.757612995803356170654296875" lon="139.53676083125174045562744140625">
        <ele>46.799999237060546875</ele>
        <time>2026-08-26T09:50:04.000Z</time>
        <extensions>
          <ns3:TrackPointExtension>
            <ns3:hr>132</ns3:hr>
            <ns3:cad>73</ns3:cad>
          </ns3:TrackPointExtension>
        </extensions>
      </trkpt>
      <trkpt lat="35.75762498192489147186279296875" lon="139.5367123000323772430419921875">
        <ele>46.799999237060546875</ele>
        <time>2026-08-26T09:50:08.000Z</time>
        <extensions>
          <ns3:TrackPointExtension>
            <ns3:hr>132</ns3:hr>
            <ns3:cad>75</ns3:cad>
          </ns3:TrackPointExtension>
        </extensions>
      </trkpt>
      <trkpt lat="35.7576215453445911407470703125" lon="139.536701403558254241943359375">
        <ele>46.799999237060546875</ele>
        <time>2026-08-26T09:50:09.000Z</time>
        <extensions>
          <ns3:TrackPointExtension>
            <ns3:hr>133</ns3:hr>
            <ns3:cad>75</ns3:cad>
          </ns3:TrackPointExtension>
        </extensions>
      </trkpt>
      <trkpt lat="35.7576061226427555084228515625" lon="139.536675252020359039306640625">
        <ele>46.799999237060546875</ele>
        <time>2026-08-26T09:50:10.000Z</time>
        <extensions>
          <ns3:TrackPointExtension>
            <ns3:hr>133</ns3:hr>
            <ns3:cad>76</ns3:cad>
          </ns3:TrackPointExtension>
        </extensions>
      </trkpt>
      <trkpt lat="35.7575930468738079071044921875" lon="139.5366599969565868377685546875">
        <ele>46.799999237060546875</ele>
        <time>2026-08-26T09:50:11.000Z</time>
        <extensions>
          <ns3:TrackPointExtension>
            <ns3:hr>133</ns3:hr>
            <ns3:cad>76</ns3:cad>
          </ns3:TrackPointExtension>
        </extensions>
      </trkpt>
      <trkpt lat="35.7575732655823230743408203125" lon="139.53664415515959262847900390625">
        <ele>47</ele>
        <time>2026-08-26T09:50:12.000Z</time>
        <extensions>
          <ns3:TrackPointExtension>
            <ns3:hr>133</ns3:hr>
            <ns3:cad>76</ns3:cad>
          </ns3:TrackPointExtension>
        </extensions>
      </trkpt>
      <trkpt lat="35.757552646100521087646484375" lon="139.53662906773388385772705078125">
        <ele>47.200000762939453125</ele>
        <time>2026-08-26T09:50:13.000Z</time>
        <extensions>
          <ns3:TrackPointExtension>
            <ns3:hr>133</ns3:hr>
            <ns3:cad>77</ns3:cad>
          </ns3:TrackPointExtension>
        </extensions>
      </trkpt>
      <trkpt lat="35.75754166580736637115478515625" lon="139.5366056822240352630615234375">
        <ele>47.40000152587890625</ele>
        <time>2026-08-26T09:50:14.000Z</time>
        <extensions>
          <ns3:TrackPointExtension>
            <ns3:hr>133</ns3:hr>
            <ns3:cad>80</ns3:cad>
          </ns3:TrackPointExtension>
        </extensions>
      </trkpt>
      <trkpt lat="35.75752892531454563140869140625" lon="139.53658548183739185333251953125">
        <ele>47.59999847412109375</ele>
        <time>2026-08-26T09:50:15.000Z</time>
        <extensions>
          <ns3:TrackPointExtension>
            <ns3:hr>134</ns3:hr>
            <ns3:cad>80</ns3:cad>
          </ns3:TrackPointExtension>
        </extensions>
      </trkpt>
      <trkpt lat="35.75751970522105693817138671875" lon="139.536563269793987274169921875">
        <ele>47.799999237060546875</ele>
        <time>2026-08-26T09:50:16.000Z</time>
        <extensions>
          <ns3:TrackPointExtension>
            <ns3:hr>134</ns3:hr>
            <ns3:cad>79</ns3:cad>
          </ns3:TrackPointExtension>
        </extensions>
      </trkpt>
      <trkpt lat="35.75751551426947116851806640625" lon="139.536541812121868133544921875">
        <ele>48</ele>
        <time>2026-08-26T09:50:17.000Z</time>
        <extensions>
          <ns3:TrackPointExtension>
            <ns3:hr>135</ns3:hr>
            <ns3:cad>78</ns3:cad>
          </ns3:TrackPointExtension>
        </extensions>
      </trkpt>
      <trkpt lat="35.75750947929918766021728515625" lon="139.5365242101252079010009765625">
        <ele>48</ele>
        <time>2026-08-26T09:50:18.000Z</time>
        <extensions>
          <ns3:TrackPointExtension>
            <ns3:hr>135</ns3:hr>
            <ns3:cad>78</ns3:cad>
          </ns3:TrackPointExtension>
        </extensions>
      </trkpt>
      <trkpt lat="35.7574991695582866668701171875" lon="139.53650333918631076812744140625">
        <ele>48</ele>
        <time>2026-08-26T09:50:19.000Z</time>
        <extensions>
          <ns3:TrackPointExtension>
            <ns3:hr>135</ns3:hr>
            <ns3:cad>80</ns3:cad>
          </ns3:TrackPointExtension>
        </extensions>
      </trkpt>
      <trkpt lat="35.75749187730252742767333984375" lon="139.53648917376995086669921875">
        <ele>48</ele>
        <time>2026-08-26T09:50:20.000Z</time>
        <extensions>
          <ns3:TrackPointExtension>
            <ns3:hr>136</ns3:hr>
            <ns3:cad>80</ns3:cad>
          </ns3:TrackPointExtension>
        </extensions>
      </trkpt>
      <trkpt lat="35.75748533941805362701416015625" lon="139.5364786125719547271728515625">
        <ele>48</ele>
        <time>2026-08-26T09:50:21.000Z</time>
        <extensions>
          <ns3:TrackPointExtension>
            <ns3:hr>137</ns3:hr>
            <ns3:cad>80</ns3:cad>
          </ns3:TrackPointExtension>
        </extensions>
      </trkpt>
      <trkpt lat="35.75747863389551639556884765625" lon="139.5364643633365631103515625">
        <ele>48</ele>
        <time>2026-08-26T09:50:22.000Z</time>
        <extensions>
          <ns3:TrackPointExtension>
            <ns3:hr>138</ns3:hr>
            <ns3:cad>80</ns3:cad>
          </ns3:TrackPointExtension>
        </extensions>
      </trkpt>
      <trkpt lat="35.75747243128716945648193359375" lon="139.53644835390150547027587890625">
        <ele>48</ele>
        <time>2026-08-26T09:50:23.000Z</time>
        <extensions>
          <ns3:TrackPointExtension>
            <ns3:hr>138</ns3:hr>
            <ns3:cad>79</ns3:cad>
          </ns3:TrackPointExtension>
        </extensions>
      </trkpt>
      <trkpt lat="35.75746522285044193267822265625" lon="139.53643309883773326873779296875">
        <ele>48</ele>
        <time>2026-08-26T09:50:24.000Z</time>
        <extensions>
          <ns3:TrackPointExtension>
            <ns3:hr>139</ns3:hr>
            <ns3:cad>79</ns3:cad>
          </ns3:TrackPointExtension>
        </extensions>
      </trkpt>
      <trkpt lat="35.75745549984276294708251953125" lon="139.5364182628691196441650390625">
        <ele>48</ele>
        <time>2026-08-26T09:50:25.000Z</time>
        <extensions>
          <ns3:TrackPointExtension>
            <ns3:hr>140</ns3:hr>
            <ns3:cad>78</ns3:cad>
          </ns3:TrackPointExtension>
        </extensions>
      </trkpt>
      <trkpt lat="35.7574468664824962615966796875" lon="139.53640334308147430419921875">
        <ele>48</ele>
        <time>2026-08-26T09:50:26.000Z</time>
        <extensions>
          <ns3:TrackPointExtension>
            <ns3:hr>140</ns3:hr>
            <ns3:cad>78</ns3:cad>
          </ns3:TrackPointExtension>
        </extensions>
      </trkpt>
      <trkpt lat="35.75743856839835643768310546875" lon="139.536385238170623779296875">
        <ele>48</ele>
        <time>2026-08-26T09:50:27.000Z</time>
        <extensions>
          <ns3:TrackPointExtension>
            <ns3:hr>141</ns3:hr>
            <ns3:cad>78</ns3:cad>
          </ns3:TrackPointExtension>
        </extensions>
      </trkpt>
      <trkpt lat="35.75742892920970916748046875" lon="139.53637073747813701629638671875">
        <ele>48</ele>
        <time>2026-08-26T09:50:28.000Z</time>
        <extensions>
          <ns3:TrackPointExtension>
            <ns3:hr>140</ns3:hr>
            <ns3:cad>78</ns3:cad>
          </ns3:TrackPointExtension>
        </extensions>
      </trkpt>
      <trkpt lat="35.7574220560491085052490234375" lon="139.5363572426140308380126953125">
        <ele>48</ele>
        <time>2026-08-26T09:50:29.000Z</time>
        <extensions>
          <ns3:TrackPointExtension>
            <ns3:hr>140</ns3:hr>
            <ns3:cad>78</ns3:cad>
          </ns3:TrackPointExtension>
        </extensions>
      </trkpt>
      <trkpt lat="35.75741526670753955841064453125" lon="139.53633888624608516693115234375">
        <ele>48</ele>
        <time>2026-08-26T09:50:30.000Z</time>
        <extensions>
          <ns3:TrackPointExtension>
            <ns3:hr>140</ns3:hr>
            <ns3:cad>78</ns3:cad>
          </ns3:TrackPointExtension>
        </extensions>
      </trkpt>
      <trkpt lat="35.75740705244243144989013671875" lon="139.53631709329783916473388671875">
        <ele>48</ele>
        <time>2026-08-26T09:50:31.000Z</time>
        <extensions>
          <ns3:TrackPointExtension>
            <ns3:hr>140</ns3:hr>
            <ns3:cad>78</ns3:cad>
          </ns3:TrackPointExtension>
        </extensions>
      </trkpt>
      <trkpt lat="35.75740319676697254180908203125" lon="139.5362962223589420318603515625">
        <ele>48</ele>
        <time>2026-08-26T09:50:32.000Z</time>
        <extensions>
          <ns3:TrackPointExtension>
            <ns3:hr>140</ns3:hr>
            <ns3:cad>76</ns3:cad>
          </ns3:TrackPointExtension>
        </extensions>
      </trkpt>
      <trkpt lat="35.757401101291179656982421875" lon="139.53627887181937694549560546875">
        <ele>48</ele>
        <time>2026-08-26T09:50:33.000Z</time>
        <extensions>
          <ns3:TrackPointExtension>
            <ns3:hr>140</ns3:hr>
            <ns3:cad>76</ns3:cad>
          </ns3:TrackPointExtension>
        </extensions>
      </trkpt>
      <trkpt lat="35.7573933899402618408203125" lon="139.536256492137908935546875">
        <ele>48</ele>
        <time>2026-08-26T09:50:34.000Z</time>
        <extensions>
          <ns3:TrackPointExtension>
            <ns3:hr>140</ns3:hr>
            <ns3:cad>76</ns3:cad>
          </ns3:TrackPointExtension>
        </extensions>
      </trkpt>
      <trkpt lat="35.7573865167796611785888671875" lon="139.53623679466545581817626953125">
        <ele>48</ele>
        <time>2026-08-26T09:50:35.000Z</time>
        <extensions>
          <ns3:TrackPointExtension>
            <ns3:hr>139</ns3:hr>
            <ns3:cad>76</ns3:cad>
          </ns3:TrackPointExtension>
        </extensions>
      </trkpt>
      <trkpt lat="35.75738190673291683197021484375" lon="139.536220617592334747314453125">
        <ele>48</ele>
        <time>2026-08-26T09:50:36.000Z</time>
        <extensions>
          <ns3:TrackPointExtension>
            <ns3:hr>139</ns3:hr>
            <ns3:cad>78</ns3:cad>
          </ns3:TrackPointExtension>
        </extensions>
      </trkpt>
      <trkpt lat="35.75737821869552135467529296875" lon="139.53620092011988162994384765625">
        <ele>48</ele>
        <time>2026-08-26T09:50:37.000Z</time>
        <extensions>
          <ns3:TrackPointExtension>
            <ns3:hr>139</ns3:hr>
            <ns3:cad>79</ns3:cad>
          </ns3:TrackPointExtension>
        </extensions>
      </trkpt>
      <trkpt lat="35.75737386010587215423583984375" lon="139.53618247993290424346923828125">
        <ele>48</ele>
        <time>2026-08-26T09:50:38.000Z</time>
        <extensions>
          <ns3:TrackPointExtension>
            <ns3:hr>139</ns3:hr>
            <ns3:cad>80</ns3:cad>
          </ns3:TrackPointExtension>
        </extensions>
      </trkpt>
      <trkpt lat="35.7573640532791614532470703125" lon="139.53615800477564334869384765625">
        <ele>48</ele>
        <time>2026-08-26T09:50:39.000Z</time>
        <extensions>
          <ns3:TrackPointExtension>
            <ns3:hr>139</ns3:hr>
            <ns3:cad>80</ns3:cad>
          </ns3:TrackPointExtension>
        </extensions>
      </trkpt>
      <trkpt lat="35.7573585212230682373046875" lon="139.53613118268549442291259765625">
        <ele>48</ele>
        <time>2026-08-26T09:50:40.000Z</time>
        <extensions>
          <ns3:TrackPointExtension>
            <ns3:hr>139</ns3:hr>
            <ns3:cad>80</ns3:cad>
          </ns3:TrackPointExtension>
        </extensions>
      </trkpt>
      <trkpt lat="35.757351480424404144287109375" lon="139.53611341305077075958251953125">
        <ele>48</ele>
        <time>2026-08-26T09:50:41.000Z</time>
        <extensions>
          <ns3:TrackPointExtension>
            <ns3:hr>139</ns3:hr>
            <ns3:cad>79</ns3:cad>
          </ns3:TrackPointExtension>
        </extensions>
      </trkpt>
      <trkpt lat="35.75734519399702548980712890625" lon="139.53608776442706584930419921875">
        <ele>48</ele>
        <time>2026-08-26T09:50:42.000Z</time>
        <extensions>
          <ns3:TrackPointExtension>
            <ns3:hr>138</ns3:hr>
            <ns3:cad>78</ns3:cad>
          </ns3:TrackPointExtension>
        </extensions>
      </trkpt>
      <trkpt lat="35.75733815319836139678955078125" lon="139.53606798313558101654052734375">
        <ele>48</ele>
        <time>2026-08-26T09:50:43.000Z</time>
        <extensions>
          <ns3:TrackPointExtension>
            <ns3:hr>138</ns3:hr>
            <ns3:cad>78</ns3:cad>
          </ns3:TrackPointExtension>
        </extensions>
      </trkpt>
      <trkpt lat="35.757331363856792449951171875" lon="139.53605197370052337646484375">
        <ele>48</ele>
        <time>2026-08-26T09:50:44.000Z</time>
        <extensions>
          <ns3:TrackPointExtension>
            <ns3:hr>138</ns3:hr>
            <ns3:cad>79</ns3:cad>
          </ns3:TrackPointExtension>
        </extensions>
      </trkpt>
      <trkpt lat="35.7573234848678112030029296875" lon="139.53603210859000682830810546875">
        <ele>48</ele>
        <time>2026-08-26T09:50:45.000Z</time>
        <extensions>
          <ns3:TrackPointExtension>
            <ns3:hr>138</ns3:hr>
            <ns3:cad>80</ns3:cad>
          </ns3:TrackPointExtension>
        </extensions>
      </trkpt>
      <trkpt lat="35.75731703080236911773681640625" lon="139.53601199202239513397216796875">
        <ele>47.799999237060546875</ele>
        <time>2026-08-26T09:50:46.000Z</time>
        <extensions>
          <ns3:TrackPointExtension>
            <ns3:hr>138</ns3:hr>
            <ns3:cad>81</ns3:cad>
          </ns3:TrackPointExtension>
        </extensions>
      </trkpt>
      <trkpt lat="35.75731049291789531707763671875" lon="139.535993635654449462890625">
        <ele>47.799999237060546875</ele>
        <time>2026-08-26T09:50:47.000Z</time>
        <extensions>
          <ns3:TrackPointExtension>
            <ns3:hr>138</ns3:hr>
            <ns3:cad>81</ns3:cad>
          </ns3:TrackPointExtension>
        </extensions>
      </trkpt>
      <trkpt lat="35.7573037035763263702392578125" lon="139.53597695566713809967041015625">
        <ele>47.59999847412109375</ele>
        <time>2026-08-26T09:50:48.000Z</time>
        <extensions>
          <ns3:TrackPointExtension>
            <ns3:hr>137</ns3:hr>
            <ns3:cad>80</ns3:cad>
          </ns3:TrackPointExtension>
        </extensions>
      </trkpt>
      <trkpt lat="35.7572956569492816925048828125" lon="139.53595566563308238983154296875">
        <ele>47.59999847412109375</ele>
        <time>2026-08-26T09:50:49.000Z</time>
        <extensions>
          <ns3:TrackPointExtension>
            <ns3:hr>137</ns3:hr>
            <ns3:cad>80</ns3:cad>
          </ns3:TrackPointExtension>
        </extensions>
      </trkpt>
      <trkpt lat="35.75729037635028362274169921875" lon="139.53594208694994449615478515625">
        <ele>47.40000152587890625</ele>
        <time>2026-08-26T09:50:50.000Z</time>
        <extensions>
          <ns3:TrackPointExtension>
            <ns3:hr>137</ns3:hr>
            <ns3:cad>79</ns3:cad>
          </ns3:TrackPointExtension>
        </extensions>
      </trkpt>
      <trkpt lat="35.7572849281132221221923828125" lon="139.5359270833432674407958984375">
        <ele>47.40000152587890625</ele>
        <time>2026-08-26T09:50:51.000Z</time>
        <extensions>
          <ns3:TrackPointExtension>
            <ns3:hr>137</ns3:hr>
            <ns3:cad>79</ns3:cad>
          </ns3:TrackPointExtension>
        </extensions>
      </trkpt>
      <trkpt lat="35.75727780349552631378173828125" lon="139.53591249883174896240234375">
        <ele>47.40000152587890625</ele>
        <time>2026-08-26T09:50:52.000Z</time>
        <extensions>
          <ns3:TrackPointExtension>
            <ns3:hr>137</ns3:hr>
            <ns3:cad>79</ns3:cad>
          </ns3:TrackPointExtension>
        </extensions>
      </trkpt>
      <trkpt lat="35.757271349430084228515625" lon="139.53589632175862789154052734375">
        <ele>47.200000762939453125</ele>
        <time>2026-08-26T09:50:53.000Z</time>
        <extensions>
          <ns3:TrackPointExtension>
            <ns3:hr>137</ns3:hr>
            <ns3:cad>78</ns3:cad>
          </ns3:TrackPointExtension>
        </extensions>
      </trkpt>
    </trkseg>
  </trk>
</gpx>
