<gpx xmlns:ns3="http://www.garmin.com/xmlschemas/TrackPointExtension/v1" xmlns="http://www.topografix.com/GPX/1/1" xmlns:xsi="http://www.w3.org/2001/XMLSchema-instance" xmlns:ns2="http://www.garmin.com/xmlschemas/GpxExtensions/v3" creator="Garmin Connect" version="1.1" xsi:schemaLocation="http://www.topografix.com/GPX/1/1 http://www.topografix.com/GPX/11.xsd">
  <extensions>
<distance>4144.77</distance>
<average_hr>140.0</average_hr>
<average_speed>2.299999952316284</average_speed>
<start_time>2026-09-01T22:11:31+00:00</start_time>
<end_time>2026-09-01T22:41:33.230000+00:00</end_time>
<moving_time>1800.958</moving_time>
<elapsed_time>1802.23</elapsed_time>
</extensions>
<metadata>
    <link href="connect.garmin.com">
      <text>Garmin Connect</text>
    </link>
    <time>2026-09-01T22:11:31.000Z</time>
  </metadata>
  <trk>
    <name>Higashikurume City - Base</name>
    <type>running</type>
    <trkseg>
      <trkpt lat="35.75675141997635364532470703125" lon="139.53547890298068523406982421875">
        <ele>44.59999847412109375</ele>
        <time>2026-09-01T22:11:31.000Z</time>
        <extensions>
          <ns3:TrackPointExtension>
            <ns3:hr>81</ns3:hr>
            <ns3:cad>43</ns3:cad>
          </ns3:TrackPointExtension>
        </extensions>
      </trkpt>
      <trkpt lat="35.756768099963665008544921875" lon="139.535484351217746734619140625">
        <ele>44.40000152587890625</ele>
        <time>2026-09-01T22:11:32.000Z</time>
        <extensions>
          <ns3:TrackPointExtension>
            <ns3:hr>81</ns3:hr>
            <ns3:cad>86</ns3:cad>
          </ns3:TrackPointExtension>
        </extensions>
      </trkpt>
      <trkpt lat="35.7567823491990566253662109375" lon="139.53549684025347232818603515625">
        <ele>44</ele>
        <time>2026-09-01T22:11:33.000Z</time>
        <extensions>
          <ns3:TrackPointExtension>
            <ns3:hr>80</ns3:hr>
            <ns3:cad>86</ns3:cad>
          </ns3:TrackPointExtension>
        </extensions>
      </trkpt>
      <trkpt lat="35.7567937485873699188232421875" lon="139.53551561571657657623291015625">
        <ele>43.799999237060546875</ele>
        <time>2026-09-01T22:11:34.000Z</time>
        <extensions>
          <ns3:TrackPointExtension>
            <ns3:hr>80</ns3:hr>
            <ns3:cad>86</ns3:cad>
          </ns3:TrackPointExtension>
        </extensions>
      </trkpt>
      <trkpt lat="35.75680690817534923553466796875" lon="139.53553120605647563934326171875">
        <ele>43.799999237060546875</ele>
        <time>2026-09-01T22:11:35.000Z</time>
        <extensions>
          <ns3:TrackPointExtension>
            <ns3:hr>80</ns3:hr>
            <ns3:cad>83</ns3:cad>
          </ns3:TrackPointExtension>
        </extensions>
      </trkpt>
      <trkpt lat="35.756819732487201690673828125" lon="139.5355468802154064178466796875">
        <ele>43.799999237060546875</ele>
        <time>2026-09-01T22:11:36.000Z</time>
        <extensions>
          <ns3:TrackPointExtension>
            <ns3:hr>80</ns3:hr>
            <ns3:cad>82</ns3:cad>
          </ns3:TrackPointExtension>
        </extensions>
      </trkpt>
      <trkpt lat="35.7568319700658321380615234375" lon="139.5355649851262569427490234375">
        <ele>43.59999847412109375</ele>
        <time>2026-09-01T22:11:37.000Z</time>
        <extensions>
          <ns3:TrackPointExtension>
            <ns3:hr>81</ns3:hr>
            <ns3:cad>81</ns3:cad>
          </ns3:TrackPointExtension>
        </extensions>
      </trkpt>
      <trkpt lat="35.75684412382543087005615234375" lon="139.53558585606515407562255859375">
        <ele>43.59999847412109375</ele>
        <time>2026-09-01T22:11:38.000Z</time>
        <extensions>
          <ns3:TrackPointExtension>
            <ns3:hr>82</ns3:hr>
            <ns3:cad>81</ns3:cad>
          </ns3:TrackPointExtension>
        </extensions>
      </trkpt>
      <trkpt lat="35.75685015879571437835693359375" lon="139.53561007976531982421875">
        <ele>43.59999847412109375</ele>
        <time>2026-09-01T22:11:39.000Z</time>
        <extensions>
          <ns3:TrackPointExtension>
            <ns3:hr>83</ns3:hr>
            <ns3:cad>81</ns3:cad>
          </ns3:TrackPointExtension>
        </extensions>
      </trkpt>
      <trkpt lat="35.75685485266149044036865234375" lon="139.53563162125647068023681640625">
        <ele>43.59999847412109375</ele>
        <time>2026-09-01T22:11:40.000Z</time>
        <extensions>
          <ns3:TrackPointExtension>
            <ns3:hr>84</ns3:hr>
            <ns3:cad>83</ns3:cad>
          </ns3:TrackPointExtension>
        </extensions>
      </trkpt>
      <trkpt lat="35.7568618096411228179931640625" lon="139.5356476306915283203125">
        <ele>43.59999847412109375</ele>
        <time>2026-09-01T22:11:41.000Z</time>
        <extensions>
          <ns3:TrackPointExtension>
            <ns3:hr>84</ns3:hr>
            <ns3:cad>83</ns3:cad>
          </ns3:TrackPointExtension>
        </extensions>
      </trkpt>
      <trkpt lat="35.756868012249469757080078125" lon="139.53566011972725391387939453125">
        <ele>43.59999847412109375</ele>
        <time>2026-09-01T22:11:42.000Z</time>
        <extensions>
          <ns3:TrackPointExtension>
            <ns3:hr>85</ns3:hr>
            <ns3:cad>83</ns3:cad>
          </ns3:TrackPointExtension>
        </extensions>
      </trkpt>
      <trkpt lat="35.75687731616199016571044921875" lon="139.53566984273493289947509765625">
        <ele>43.59999847412109375</ele>
        <time>2026-09-01T22:11:43.000Z</time>
        <extensions>
          <ns3:TrackPointExtension>
            <ns3:hr>87</ns3:hr>
            <ns3:cad>83</ns3:cad>
          </ns3:TrackPointExtension>
        </extensions>
      </trkpt>
      <trkpt lat="35.7568899728357791900634765625" lon="139.53568107448518276214599609375">
        <ele>43.59999847412109375</ele>
        <time>2026-09-01T22:11:44.000Z</time>
        <extensions>
          <ns3:TrackPointExtension>
            <ns3:hr>89</ns3:hr>
            <ns3:cad>82</ns3:cad>
          </ns3:TrackPointExtension>
        </extensions>
      </trkpt>
      <trkpt lat="35.75690011493861675262451171875" lon="139.53569549135863780975341796875">
        <ele>43.40000152587890625</ele>
        <time>2026-09-01T22:11:45.000Z</time>
        <extensions>
          <ns3:TrackPointExtension>
            <ns3:hr>91</ns3:hr>
            <ns3:cad>82</ns3:cad>
          </ns3:TrackPointExtension>
        </extensions>
      </trkpt>
      <trkpt lat="35.75691050849854946136474609375" lon="139.53571158461272716522216796875">
        <ele>43.40000152587890625</ele>
        <time>2026-09-01T22:11:46.000Z</time>
        <extensions>
          <ns3:TrackPointExtension>
            <ns3:hr>93</ns3:hr>
            <ns3:cad>82</ns3:cad>
          </ns3:TrackPointExtension>
        </extensions>
      </trkpt>
      <trkpt lat="35.75692526064813137054443359375" lon="139.53572683967649936676025390625">
        <ele>43.40000152587890625</ele>
        <time>2026-09-01T22:11:47.000Z</time>
        <extensions>
          <ns3:TrackPointExtension>
            <ns3:hr>94</ns3:hr>
            <ns3:cad>84</ns3:cad>
          </ns3:TrackPointExtension>
        </extensions>
      </trkpt>
      <trkpt lat="35.75695342384278774261474609375" lon="139.5357403345406055450439453125">
        <ele>43.40000152587890625</ele>
        <time>2026-09-01T22:11:48.000Z</time>
        <extensions>
          <ns3:TrackPointExtension>
            <ns3:hr>95</ns3:hr>
            <ns3:cad>84</ns3:cad>
          </ns3:TrackPointExtension>
        </extensions>
      </trkpt>
      <trkpt lat="35.7569744624197483062744140625" lon="139.53577009029686450958251953125">
        <ele>43.40000152587890625</ele>
        <time>2026-09-01T22:11:49.000Z</time>
        <extensions>
          <ns3:TrackPointExtension>
            <ns3:hr>96</ns3:hr>
            <ns3:cad>84</ns3:cad>
          </ns3:TrackPointExtension>
        </extensions>
      </trkpt>
      <trkpt lat="35.7569831795990467071533203125" lon="139.53580395318567752838134765625">
        <ele>43.200000762939453125</ele>
        <time>2026-09-01T22:11:50.000Z</time>
        <extensions>
          <ns3:TrackPointExtension>
            <ns3:hr>97</ns3:hr>
            <ns3:cad>84</ns3:cad>
          </ns3:TrackPointExtension>
        </extensions>
      </trkpt>
      <trkpt lat="35.756990052759647369384765625" lon="139.53584142029285430908203125">
        <ele>43.200000762939453125</ele>
        <time>2026-09-01T22:11:51.000Z</time>
        <extensions>
          <ns3:TrackPointExtension>
            <ns3:hr>98</ns3:hr>
            <ns3:cad>84</ns3:cad>
          </ns3:TrackPointExtension>
        </extensions>
      </trkpt>
      <trkpt lat="35.75700405053794384002685546875" lon="139.53586111776530742645263671875">
        <ele>43.200000762939453125</ele>
        <time>2026-09-01T22:11:52.000Z</time>
        <extensions>
          <ns3:TrackPointExtension>
            <ns3:hr>99</ns3:hr>
            <ns3:cad>86</ns3:cad>
          </ns3:TrackPointExtension>
        </extensions>
      </trkpt>
      <trkpt lat="35.75701662339270114898681640625" lon="139.5358742773532867431640625">
        <ele>43.200000762939453125</ele>
        <time>2026-09-01T22:11:53.000Z</time>
        <extensions>
          <ns3:TrackPointExtension>
            <ns3:hr>100</ns3:hr>
            <ns3:cad>86</ns3:cad>
          </ns3:TrackPointExtension>
        </extensions>
      </trkpt>
      <trkpt lat="35.7570331357419490814208984375" lon="139.53588701784610748291015625">
        <ele>43.40000152587890625</ele>
        <time>2026-09-01T22:11:54.000Z</time>
        <extensions>
          <ns3:TrackPointExtension>
            <ns3:hr>100</ns3:hr>
            <ns3:cad>86</ns3:cad>
          </ns3:TrackPointExtension>
        </extensions>
      </trkpt>
      <trkpt lat="35.7570607960224151611328125" lon="139.53589263372123241424560546875">
        <ele>43.40000152587890625</ele>
        <time>2026-09-01T22:11:55.000Z</time>
        <extensions>
          <ns3:TrackPointExtension>
            <ns3:hr>101</ns3:hr>
            <ns3:cad>85</ns3:cad>
          </ns3:TrackPointExtension>
        </extensions>
      </trkpt>
      <trkpt lat="35.757085271179676055908203125" lon="139.53590403310954570770263671875">
        <ele>43.40000152587890625</ele>
        <time>2026-09-01T22:11:56.000Z</time>
        <extensions>
          <ns3:TrackPointExtension>
            <ns3:hr>102</ns3:hr>
            <ns3:cad>86</ns3:cad>
          </ns3:TrackPointExtension>
        </extensions>
      </trkpt>
      <trkpt lat="35.757105387747287750244140625" lon="139.535916857421398162841796875">
        <ele>43.40000152587890625</ele>
        <time>2026-09-01T22:11:57.000Z</time>
        <extensions>
          <ns3:TrackPointExtension>
            <ns3:hr>103</ns3:hr>
            <ns3:cad>86</ns3:cad>
          </ns3:TrackPointExtension>
        </extensions>
      </trkpt>
      <trkpt lat="35.75712357647716999053955078125" lon="139.5359331183135509490966796875">
        <ele>43.40000152587890625</ele>
        <time>2026-09-01T22:11:58.000Z</time>
        <extensions>
          <ns3:TrackPointExtension>
            <ns3:hr>104</ns3:hr>
            <ns3:cad>86</ns3:cad>
          </ns3:TrackPointExtension>
        </extensions>
      </trkpt>
      <trkpt lat="35.75714151374995708465576171875" lon="139.5359528996050357818603515625">
        <ele>43.59999847412109375</ele>
        <time>2026-09-01T22:11:59.000Z</time>
        <extensions>
          <ns3:TrackPointExtension>
            <ns3:hr>105</ns3:hr>
            <ns3:cad>86</ns3:cad>
          </ns3:TrackPointExtension>
        </extensions>
      </trkpt>
      <trkpt lat="35.75715601444244384765625" lon="139.535973183810710906982421875">
        <ele>43.59999847412109375</ele>
        <time>2026-09-01T22:12:00.000Z</time>
        <extensions>
          <ns3:TrackPointExtension>
            <ns3:hr>105</ns3:hr>
            <ns3:cad>85</ns3:cad>
          </ns3:TrackPointExtension>
        </extensions>
      </trkpt>
      <trkpt lat="35.7571712695062160491943359375" lon="139.5359978266060352325439453125">
        <ele>43.59999847412109375</ele>
        <time>2026-09-01T22:12:01.000Z</time>
        <extensions>
          <ns3:TrackPointExtension>
            <ns3:hr>107</ns3:hr>
            <ns3:cad>84</ns3:cad>
          </ns3:TrackPointExtension>
        </extensions>
      </trkpt>
      <trkpt lat="35.7571856863796710968017578125" lon="139.5360202901065349578857421875">
        <ele>43.59999847412109375</ele>
        <time>2026-09-01T22:12:02.000Z</time>
        <extensions>
          <ns3:TrackPointExtension>
            <ns3:hr>107</ns3:hr>
            <ns3:cad>84</ns3:cad>
          </ns3:TrackPointExtension>
        </extensions>
      </trkpt>
      <trkpt lat="35.75719968415796756744384765625" lon="139.536047279834747314453125">
        <ele>43.799999237060546875</ele>
        <time>2026-09-01T22:12:03.000Z</time>
        <extensions>
          <ns3:TrackPointExtension>
            <ns3:hr>107</ns3:hr>
            <ns3:cad>84</ns3:cad>
          </ns3:TrackPointExtension>
        </extensions>
      </trkpt>
      <trkpt lat="35.75721778906881809234619140625" lon="139.53607351519167423248291015625">
        <ele>43.799999237060546875</ele>
        <time>2026-09-01T22:12:04.000Z</time>
        <extensions>
          <ns3:TrackPointExtension>
            <ns3:hr>108</ns3:hr>
            <ns3:cad>84</ns3:cad>
          </ns3:TrackPointExtension>
        </extensions>
      </trkpt>
      <trkpt lat="35.75723220594227313995361328125" lon="139.53609681688249111175537109375">
        <ele>43.799999237060546875</ele>
        <time>2026-09-01T22:12:05.000Z</time>
        <extensions>
          <ns3:TrackPointExtension>
            <ns3:hr>109</ns3:hr>
            <ns3:cad>84</ns3:cad>
          </ns3:TrackPointExtension>
        </extensions>
      </trkpt>
      <trkpt lat="35.75724947266280651092529296875" lon="139.536117352545261383056640625">
        <ele>44</ele>
        <time>2026-09-01T22:12:06.000Z</time>
        <extensions>
          <ns3:TrackPointExtension>
            <ns3:hr>109</ns3:hr>
            <ns3:cad>84</ns3:cad>
          </ns3:TrackPointExtension>
        </extensions>
      </trkpt>
      <trkpt lat="35.75726271606981754302978515625" lon="139.53613453544676303863525390625">
        <ele>44</ele>
        <time>2026-09-01T22:12:07.000Z</time>
        <extensions>
          <ns3:TrackPointExtension>
            <ns3:hr>110</ns3:hr>
            <ns3:cad>84</ns3:cad>
          </ns3:TrackPointExtension>
        </extensions>
      </trkpt>
      <trkpt lat="35.75727411545813083648681640625" lon="139.53615297563374042510986328125">
        <ele>44</ele>
        <time>2026-09-01T22:12:08.000Z</time>
        <extensions>
          <ns3:TrackPointExtension>
            <ns3:hr>110</ns3:hr>
            <ns3:cad>83</ns3:cad>
          </ns3:TrackPointExtension>
        </extensions>
      </trkpt>
      <trkpt lat="35.7572825811803340911865234375" lon="139.536174349486827850341796875">
        <ele>44</ele>
        <time>2026-09-01T22:12:09.000Z</time>
        <extensions>
          <ns3:TrackPointExtension>
            <ns3:hr>110</ns3:hr>
            <ns3:cad>83</ns3:cad>
          </ns3:TrackPointExtension>
        </extensions>
      </trkpt>
      <trkpt lat="35.7572926394641399383544921875" lon="139.536197148263454437255859375">
        <ele>44</ele>
        <time>2026-09-01T22:12:10.000Z</time>
        <extensions>
          <ns3:TrackPointExtension>
            <ns3:hr>111</ns3:hr>
            <ns3:cad>83</ns3:cad>
          </ns3:TrackPointExtension>
        </extensions>
      </trkpt>
      <trkpt lat="35.75730211101472377777099609375" lon="139.536222629249095916748046875">
        <ele>43.799999237060546875</ele>
        <time>2026-09-01T22:12:11.000Z</time>
        <extensions>
          <ns3:TrackPointExtension>
            <ns3:hr>112</ns3:hr>
            <ns3:cad>83</ns3:cad>
          </ns3:TrackPointExtension>
        </extensions>
      </trkpt>
      <trkpt lat="35.75731116347014904022216796875" lon="139.53624769113957881927490234375">
        <ele>43.59999847412109375</ele>
        <time>2026-09-01T22:12:12.000Z</time>
        <extensions>
          <ns3:TrackPointExtension>
            <ns3:hr>113</ns3:hr>
            <ns3:cad>83</ns3:cad>
          </ns3:TrackPointExtension>
        </extensions>
      </trkpt>
      <trkpt lat="35.7573201321065425872802734375" lon="139.5362734235823154449462890625">
        <ele>43.59999847412109375</ele>
        <time>2026-09-01T22:12:13.000Z</time>
        <extensions>
          <ns3:TrackPointExtension>
            <ns3:hr>113</ns3:hr>
            <ns3:cad>83</ns3:cad>
          </ns3:TrackPointExtension>
        </extensions>
      </trkpt>
      <trkpt lat="35.75733128003776073455810546875" lon="139.5362965576350688934326171875">
        <ele>43.40000152587890625</ele>
        <time>2026-09-01T22:12:14.000Z</time>
        <extensions>
          <ns3:TrackPointExtension>
            <ns3:hr>114</ns3:hr>
            <ns3:cad>83</ns3:cad>
          </ns3:TrackPointExtension>
        </extensions>
      </trkpt>
      <trkpt lat="35.757345445454120635986328125" lon="139.536320529878139495849609375">
        <ele>43.40000152587890625</ele>
        <time>2026-09-01T22:12:15.000Z</time>
        <extensions>
          <ns3:TrackPointExtension>
            <ns3:hr>114</ns3:hr>
            <ns3:cad>83</ns3:cad>
          </ns3:TrackPointExtension>
        </extensions>
      </trkpt>
      <trkpt lat="35.75735659338533878326416015625" lon="139.53634710051119327545166015625">
        <ele>43.40000152587890625</ele>
        <time>2026-09-01T22:12:16.000Z</time>
        <extensions>
          <ns3:TrackPointExtension>
            <ns3:hr>115</ns3:hr>
            <ns3:cad>83</ns3:cad>
          </ns3:TrackPointExtension>
        </extensions>
      </trkpt>
      <trkpt lat="35.75736648403108119964599609375" lon="139.5363719947636127471923828125">
        <ele>43.40000152587890625</ele>
        <time>2026-09-01T22:12:17.000Z</time>
        <extensions>
          <ns3:TrackPointExtension>
            <ns3:hr>115</ns3:hr>
            <ns3:cad>85</ns3:cad>
          </ns3:TrackPointExtension>
        </extensions>
      </trkpt>
      <trkpt lat="35.75737838633358478546142578125" lon="139.53639353625476360321044921875">
        <ele>43.40000152587890625</ele>
        <time>2026-09-01T22:12:18.000Z</time>
        <extensions>
          <ns3:TrackPointExtension>
            <ns3:hr>115</ns3:hr>
            <ns3:cad>85</ns3:cad>
          </ns3:TrackPointExtension>
        </extensions>
      </trkpt>
      <trkpt lat="35.757384337484836578369140625" lon="139.53641264699399471282958984375">
        <ele>43.40000152587890625</ele>
        <time>2026-09-01T22:12:19.000Z</time>
        <extensions>
          <ns3:TrackPointExtension>
            <ns3:hr>116</ns3:hr>
            <ns3:cad>86</ns3:cad>
          </ns3:TrackPointExtension>
        </extensions>
      </trkpt>
      <trkpt lat="35.75739582069218158721923828125" lon="139.53643376938998699188232421875">
        <ele>43.40000152587890625</ele>
        <time>2026-09-01T22:12:20.000Z</time>
        <extensions>
          <ns3:TrackPointExtension>
            <ns3:hr>116</ns3:hr>
            <ns3:cad>86</ns3:cad>
          </ns3:TrackPointExtension>
        </extensions>
      </trkpt>
      <trkpt lat="35.75740881264209747314453125" lon="139.5364558137953281402587890625">
        <ele>43.40000152587890625</ele>
        <time>2026-09-01T22:12:21.000Z</time>
        <extensions>
          <ns3:TrackPointExtension>
            <ns3:hr>116</ns3:hr>
            <ns3:cad>86</ns3:cad>
          </ns3:TrackPointExtension>
        </extensions>
      </trkpt>
      <trkpt lat="35.757423229515552520751953125" lon="139.536477439105510711669921875">
        <ele>43.40000152587890625</ele>
        <time>2026-09-01T22:12:22.000Z</time>
        <extensions>
          <ns3:TrackPointExtension>
            <ns3:hr>117</ns3:hr>
            <ns3:cad>86</ns3:cad>
          </ns3:TrackPointExtension>
        </extensions>
      </trkpt>
      <trkpt lat="35.7574404962360858917236328125" lon="139.53649864532053470611572265625">
        <ele>43.40000152587890625</ele>
        <time>2026-09-01T22:12:23.000Z</time>
        <extensions>
          <ns3:TrackPointExtension>
            <ns3:hr>117</ns3:hr>
            <ns3:cad>85</ns3:cad>
          </ns3:TrackPointExtension>
        </extensions>
      </trkpt>
      <trkpt lat="35.7574562542140483856201171875" lon="139.53652127645909786224365234375">
        <ele>43.40000152587890625</ele>
        <time>2026-09-01T22:12:24.000Z</time>
        <extensions>
          <ns3:TrackPointExtension>
            <ns3:hr>117</ns3:hr>
            <ns3:cad>85</ns3:cad>
          </ns3:TrackPointExtension>
        </extensions>
      </trkpt>
      <trkpt lat="35.75747528113424777984619140625" lon="139.53654558397829532623291015625">
        <ele>43.40000152587890625</ele>
        <time>2026-09-01T22:12:25.000Z</time>
        <extensions>
          <ns3:TrackPointExtension>
            <ns3:hr>118</ns3:hr>
            <ns3:cad>85</ns3:cad>
          </ns3:TrackPointExtension>
        </extensions>
      </trkpt>
      <trkpt lat="35.75749372132122516632080078125" lon="139.53656586818397045135498046875">
        <ele>43.40000152587890625</ele>
        <time>2026-09-01T22:12:26.000Z</time>
        <extensions>
          <ns3:TrackPointExtension>
            <ns3:hr>118</ns3:hr>
            <ns3:cad>85</ns3:cad>
          </ns3:TrackPointExtension>
        </extensions>
      </trkpt>
      <trkpt lat="35.757504366338253021240234375" lon="139.53658883459866046905517578125">
        <ele>43.40000152587890625</ele>
        <time>2026-09-01T22:12:27.000Z</time>
        <extensions>
          <ns3:TrackPointExtension>
            <ns3:hr>118</ns3:hr>
            <ns3:cad>84</ns3:cad>
          </ns3:TrackPointExtension>
        </extensions>
      </trkpt>
      <trkpt lat="35.75751568190753459930419921875" lon="139.536614231765270233154296875">
        <ele>43.40000152587890625</ele>
        <time>2026-09-01T22:12:28.000Z</time>
        <extensions>
          <ns3:TrackPointExtension>
            <ns3:hr>119</ns3:hr>
            <ns3:cad>84</ns3:cad>
          </ns3:TrackPointExtension>
        </extensions>
      </trkpt>
      <trkpt lat="35.757523812353610992431640625" lon="139.53663828782737255096435546875">
        <ele>43.200000762939453125</ele>
        <time>2026-09-01T22:12:29.000Z</time>
        <extensions>
          <ns3:TrackPointExtension>
            <ns3:hr>119</ns3:hr>
            <ns3:cad>84</ns3:cad>
          </ns3:TrackPointExtension>
        </extensions>
      </trkpt>
      <trkpt lat="35.75753076933324337005615234375" lon="139.53665991313755512237548828125">
        <ele>43.200000762939453125</ele>
        <time>2026-09-01T22:12:30.000Z</time>
        <extensions>
          <ns3:TrackPointExtension>
            <ns3:hr>119</ns3:hr>
            <ns3:cad>85</ns3:cad>
          </ns3:TrackPointExtension>
        </extensions>
      </trkpt>
      <trkpt lat="35.7575380615890026092529296875" lon="139.5366834662854671478271484375">
        <ele>43.200000762939453125</ele>
        <time>2026-09-01T22:12:31.000Z</time>
        <extensions>
          <ns3:TrackPointExtension>
            <ns3:hr>120</ns3:hr>
            <ns3:cad>85</ns3:cad>
          </ns3:TrackPointExtension>
        </extensions>
      </trkpt>
      <trkpt lat="35.75754401274025440216064453125" lon="139.5367035828530788421630859375">
        <ele>43.200000762939453125</ele>
        <time>2026-09-01T22:12:32.000Z</time>
        <extensions>
          <ns3:TrackPointExtension>
            <ns3:hr>120</ns3:hr>
            <ns3:cad>85</ns3:cad>
          </ns3:TrackPointExtension>
        </extensions>
      </trkpt>
      <trkpt lat="35.75754501856863498687744140625" lon="139.5367280580103397369384765625">
        <ele>43.200000762939453125</ele>
        <time>2026-09-01T22:12:33.000Z</time>
        <extensions>
          <ns3:TrackPointExtension>
            <ns3:hr>120</ns3:hr>
            <ns3:cad>85</ns3:cad>
          </ns3:TrackPointExtension>
        </extensions>
      </trkpt>
      <trkpt lat="35.75753219425678253173828125" lon="139.5367672853171825408935546875">
        <ele>43.200000762939453125</ele>
        <time>2026-09-01T22:12:34.000Z</time>
        <extensions>
          <ns3:TrackPointExtension>
            <ns3:hr>120</ns3:hr>
            <ns3:cad>85</ns3:cad>
          </ns3:TrackPointExtension>
        </extensions>
      </trkpt>
      <trkpt lat="35.75753621757030487060546875" lon="139.5367890782654285430908203125">
        <ele>43.200000762939453125</ele>
        <time>2026-09-01T22:12:35.000Z</time>
        <extensions>
          <ns3:TrackPointExtension>
            <ns3:hr>120</ns3:hr>
            <ns3:cad>86</ns3:cad>
          </ns3:TrackPointExtension>
        </extensions>
      </trkpt>
      <trkpt lat="35.7575390674173831939697265625" lon="139.53681799583137035369873046875">
        <ele>43.200000762939453125</ele>
        <time>2026-09-01T22:12:36.000Z</time>
        <extensions>
          <ns3:TrackPointExtension>
            <ns3:hr>120</ns3:hr>
            <ns3:cad>86</ns3:cad>
          </ns3:TrackPointExtension>
        </extensions>
      </trkpt>
      <trkpt lat="35.75754401274025440216064453125" lon="139.5368537865579128265380859375">
        <ele>43</ele>
        <time>2026-09-01T22:12:37.000Z</time>
        <extensions>
          <ns3:TrackPointExtension>
            <ns3:hr>120</ns3:hr>
            <ns3:cad>86</ns3:cad>
          </ns3:TrackPointExtension>
        </extensions>
      </trkpt>
      <trkpt lat="35.75758583843708038330078125" lon="139.5368712209165096282958984375">
        <ele>43</ele>
        <time>2026-09-01T22:12:38.000Z</time>
        <extensions>
          <ns3:TrackPointExtension>
            <ns3:hr>120</ns3:hr>
            <ns3:cad>86</ns3:cad>
          </ns3:TrackPointExtension>
        </extensions>
      </trkpt>
      <trkpt lat="35.75760570354759693145751953125" lon="139.53688706271350383758544921875">
        <ele>43</ele>
        <time>2026-09-01T22:12:39.000Z</time>
        <extensions>
          <ns3:TrackPointExtension>
            <ns3:hr>120</ns3:hr>
            <ns3:cad>86</ns3:cad>
          </ns3:TrackPointExtension>
        </extensions>
      </trkpt>
      <trkpt lat="35.75762246735394001007080078125" lon="139.5369015634059906005859375">
        <ele>43.200000762939453125</ele>
        <time>2026-09-01T22:12:40.000Z</time>
        <extensions>
          <ns3:TrackPointExtension>
            <ns3:hr>120</ns3:hr>
            <ns3:cad>85</ns3:cad>
          </ns3:TrackPointExtension>
        </extensions>
      </trkpt>
      <trkpt lat="35.75763889588415622711181640625" lon="139.536906592547893524169921875">
        <ele>43.200000762939453125</ele>
        <time>2026-09-01T22:12:41.000Z</time>
        <extensions>
          <ns3:TrackPointExtension>
            <ns3:hr>120</ns3:hr>
            <ns3:cad>85</ns3:cad>
          </ns3:TrackPointExtension>
        </extensions>
      </trkpt>
      <trkpt lat="35.75765364803373813629150390625" lon="139.536919333040714263916015625">
        <ele>43.40000152587890625</ele>
        <time>2026-09-01T22:12:42.000Z</time>
        <extensions>
          <ns3:TrackPointExtension>
            <ns3:hr>121</ns3:hr>
            <ns3:cad>85</ns3:cad>
          </ns3:TrackPointExtension>
        </extensions>
      </trkpt>
      <trkpt lat="35.75767024420201778411865234375" lon="139.5369292236864566802978515625">
        <ele>44.40000152587890625</ele>
        <time>2026-09-01T22:12:43.000Z</time>
        <extensions>
          <ns3:TrackPointExtension>
            <ns3:hr>121</ns3:hr>
            <ns3:cad>84</ns3:cad>
          </ns3:TrackPointExtension>
        </extensions>
      </trkpt>
      <trkpt lat="35.75768114067614078521728515625" lon="139.53694506548345088958740234375">
        <ele>44.59999847412109375</ele>
        <time>2026-09-01T22:12:44.000Z</time>
        <extensions>
          <ns3:TrackPointExtension>
            <ns3:hr>121</ns3:hr>
            <ns3:cad>84</ns3:cad>
          </ns3:TrackPointExtension>
        </extensions>
      </trkpt>
      <trkpt lat="35.75769203715026378631591796875" lon="139.53696568496525287628173828125">
        <ele>44.59999847412109375</ele>
        <time>2026-09-01T22:12:45.000Z</time>
        <extensions>
          <ns3:TrackPointExtension>
            <ns3:hr>121</ns3:hr>
            <ns3:cad>84</ns3:cad>
          </ns3:TrackPointExtension>
        </extensions>
      </trkpt>
      <trkpt lat="35.75770159251987934112548828125" lon="139.5369889028370380401611328125">
        <ele>44.59999847412109375</ele>
        <time>2026-09-01T22:12:46.000Z</time>
        <extensions>
          <ns3:TrackPointExtension>
            <ns3:hr>121</ns3:hr>
            <ns3:cad>82</ns3:cad>
          </ns3:TrackPointExtension>
        </extensions>
      </trkpt>
      <trkpt lat="35.75771416537463665008544921875" lon="139.53701346181333065032958984375">
        <ele>44.59999847412109375</ele>
        <time>2026-09-01T22:12:47.000Z</time>
        <extensions>
          <ns3:TrackPointExtension>
            <ns3:hr>121</ns3:hr>
            <ns3:cad>82</ns3:cad>
          </ns3:TrackPointExtension>
        </extensions>
      </trkpt>
      <trkpt lat="35.75772665441036224365234375" lon="139.53703843988478183746337890625">
        <ele>44.59999847412109375</ele>
        <time>2026-09-01T22:12:48.000Z</time>
        <extensions>
          <ns3:TrackPointExtension>
            <ns3:hr>122</ns3:hr>
            <ns3:cad>82</ns3:cad>
          </ns3:TrackPointExtension>
        </extensions>
      </trkpt>
      <trkpt lat="35.75773964636027812957763671875" lon="139.53706157393753528594970703125">
        <ele>44.59999847412109375</ele>
        <time>2026-09-01T22:12:49.000Z</time>
        <extensions>
          <ns3:TrackPointExtension>
            <ns3:hr>122</ns3:hr>
            <ns3:cad>83</ns3:cad>
          </ns3:TrackPointExtension>
        </extensions>
      </trkpt>
      <trkpt lat="35.75774920172989368438720703125" lon="139.53708671964704990386962890625">
        <ele>44.59999847412109375</ele>
        <time>2026-09-01T22:12:50.000Z</time>
        <extensions>
          <ns3:TrackPointExtension>
            <ns3:hr>122</ns3:hr>
            <ns3:cad>84</ns3:cad>
          </ns3:TrackPointExtension>
        </extensions>
      </trkpt>
      <trkpt lat="35.75775842182338237762451171875" lon="139.53711119480431079864501953125">
        <ele>44.59999847412109375</ele>
        <time>2026-09-01T22:12:51.000Z</time>
        <extensions>
          <ns3:TrackPointExtension>
            <ns3:hr>122</ns3:hr>
            <ns3:cad>85</ns3:cad>
          </ns3:TrackPointExtension>
        </extensions>
      </trkpt>
      <trkpt lat="35.75777099467813968658447265625" lon="139.53713684342801570892333984375">
        <ele>44.59999847412109375</ele>
        <time>2026-09-01T22:12:52.000Z</time>
        <extensions>
          <ns3:TrackPointExtension>
            <ns3:hr>122</ns3:hr>
            <ns3:cad>85</ns3:cad>
          </ns3:TrackPointExtension>
        </extensions>
      </trkpt>
      <trkpt lat="35.75778893195092678070068359375" lon="139.53715662471950054168701171875">
        <ele>44.59999847412109375</ele>
        <time>2026-09-01T22:12:53.000Z</time>
        <extensions>
          <ns3:TrackPointExtension>
            <ns3:hr>122</ns3:hr>
            <ns3:cad>85</ns3:cad>
          </ns3:TrackPointExtension>
        </extensions>
      </trkpt>
      <trkpt lat="35.7578002475202083587646484375" lon="139.537184871733188629150390625">
        <ele>44.40000152587890625</ele>
        <time>2026-09-01T22:12:54.000Z</time>
        <extensions>
          <ns3:TrackPointExtension>
            <ns3:hr>123</ns3:hr>
            <ns3:cad>85</ns3:cad>
          </ns3:TrackPointExtension>
        </extensions>
      </trkpt>
      <trkpt lat="35.75780703686177730560302734375" lon="139.53721630387008190155029296875">
        <ele>44.40000152587890625</ele>
        <time>2026-09-01T22:12:55.000Z</time>
        <extensions>
          <ns3:TrackPointExtension>
            <ns3:hr>123</ns3:hr>
            <ns3:cad>85</ns3:cad>
          </ns3:TrackPointExtension>
        </extensions>
      </trkpt>
      <trkpt lat="35.75781491585075855255126953125" lon="139.53724212013185024261474609375">
        <ele>44.40000152587890625</ele>
        <time>2026-09-01T22:12:56.000Z</time>
        <extensions>
          <ns3:TrackPointExtension>
            <ns3:hr>123</ns3:hr>
            <ns3:cad>85</ns3:cad>
          </ns3:TrackPointExtension>
        </extensions>
      </trkpt>
      <trkpt lat="35.7578233815729618072509765625" lon="139.53726944513618946075439453125">
        <ele>44.40000152587890625</ele>
        <time>2026-09-01T22:12:57.000Z</time>
        <extensions>
          <ns3:TrackPointExtension>
            <ns3:hr>123</ns3:hr>
            <ns3:cad>85</ns3:cad>
          </ns3:TrackPointExtension>
        </extensions>
      </trkpt>
      <trkpt lat="35.75783436186611652374267578125" lon="139.5372916571795940399169921875">
        <ele>44.40000152587890625</ele>
        <time>2026-09-01T22:12:58.000Z</time>
        <extensions>
          <ns3:TrackPointExtension>
            <ns3:hr>123</ns3:hr>
            <ns3:cad>85</ns3:cad>
          </ns3:TrackPointExtension>
        </extensions>
      </trkpt>
      <trkpt lat="35.75784592889249324798583984375" lon="139.53731596469879150390625">
        <ele>44.200000762939453125</ele>
        <time>2026-09-01T22:12:59.000Z</time>
        <extensions>
          <ns3:TrackPointExtension>
            <ns3:hr>124</ns3:hr>
            <ns3:cad>85</ns3:cad>
          </ns3:TrackPointExtension>
        </extensions>
      </trkpt>
      <trkpt lat="35.75785514898598194122314453125" lon="139.53734077513217926025390625">
        <ele>44.40000152587890625</ele>
        <time>2026-09-01T22:13:00.000Z</time>
        <extensions>
          <ns3:TrackPointExtension>
            <ns3:hr>124</ns3:hr>
            <ns3:cad>85</ns3:cad>
          </ns3:TrackPointExtension>
        </extensions>
      </trkpt>
      <trkpt lat="35.757864452898502349853515625" lon="139.5373642444610595703125">
        <ele>44.40000152587890625</ele>
        <time>2026-09-01T22:13:01.000Z</time>
        <extensions>
          <ns3:TrackPointExtension>
            <ns3:hr>124</ns3:hr>
            <ns3:cad>84</ns3:cad>
          </ns3:TrackPointExtension>
        </extensions>
      </trkpt>
      <trkpt lat="35.7578726671636104583740234375" lon="139.5373897254467010498046875">
        <ele>44.40000152587890625</ele>
        <time>2026-09-01T22:13:02.000Z</time>
        <extensions>
          <ns3:TrackPointExtension>
            <ns3:hr>124</ns3:hr>
            <ns3:cad>84</ns3:cad>
          </ns3:TrackPointExtension>
        </extensions>
      </trkpt>
      <trkpt lat="35.75788264162838459014892578125" lon="139.53741696663200855255126953125">
        <ele>44.40000152587890625</ele>
        <time>2026-09-01T22:13:03.000Z</time>
        <extensions>
          <ns3:TrackPointExtension>
            <ns3:hr>124</ns3:hr>
            <ns3:cad>84</ns3:cad>
          </ns3:TrackPointExtension>
        </extensions>
      </trkpt>
      <trkpt lat="35.7578968070447444915771484375" lon="139.53744479455053806304931640625">
        <ele>44.40000152587890625</ele>
        <time>2026-09-01T22:13:04.000Z</time>
        <extensions>
          <ns3:TrackPointExtension>
            <ns3:hr>124</ns3:hr>
            <ns3:cad>84</ns3:cad>
          </ns3:TrackPointExtension>
        </extensions>
      </trkpt>
      <trkpt lat="35.7579078711569309234619140625" lon="139.53747346065938472747802734375">
        <ele>44.40000152587890625</ele>
        <time>2026-09-01T22:13:05.000Z</time>
        <extensions>
          <ns3:TrackPointExtension>
            <ns3:hr>125</ns3:hr>
            <ns3:cad>85</ns3:cad>
          </ns3:TrackPointExtension>
        </extensions>
      </trkpt>
      <trkpt lat="35.75792086310684680938720703125" lon="139.53749542124569416046142578125">
        <ele>44.40000152587890625</ele>
        <time>2026-09-01T22:13:06.000Z</time>
        <extensions>
          <ns3:TrackPointExtension>
            <ns3:hr>125</ns3:hr>
            <ns3:cad>85</ns3:cad>
          </ns3:TrackPointExtension>
        </extensions>
      </trkpt>
      <trkpt lat="35.75793377123773097991943359375" lon="139.537518136203289031982421875">
        <ele>44.200000762939453125</ele>
        <time>2026-09-01T22:13:07.000Z</time>
        <extensions>
          <ns3:TrackPointExtension>
            <ns3:hr>125</ns3:hr>
            <ns3:cad>85</ns3:cad>
          </ns3:TrackPointExtension>
        </extensions>
      </trkpt>
      <trkpt lat="35.75794282369315624237060546875" lon="139.53754269517958164215087890625">
        <ele>44.200000762939453125</ele>
        <time>2026-09-01T22:13:08.000Z</time>
        <extensions>
          <ns3:TrackPointExtension>
            <ns3:hr>125</ns3:hr>
            <ns3:cad>85</ns3:cad>
          </ns3:TrackPointExtension>
        </extensions>
      </trkpt>
      <trkpt lat="35.757948271930217742919921875" lon="139.53757320530712604522705078125">
        <ele>44.200000762939453125</ele>
        <time>2026-09-01T22:13:09.000Z</time>
        <extensions>
          <ns3:TrackPointExtension>
            <ns3:hr>125</ns3:hr>
            <ns3:cad>85</ns3:cad>
          </ns3:TrackPointExtension>
        </extensions>
      </trkpt>
      <trkpt lat="35.7579553127288818359375" lon="139.537600614130496978759765625">
        <ele>44.200000762939453125</ele>
        <time>2026-09-01T22:13:10.000Z</time>
        <extensions>
          <ns3:TrackPointExtension>
            <ns3:hr>126</ns3:hr>
            <ns3:cad>85</ns3:cad>
          </ns3:TrackPointExtension>
        </extensions>
      </trkpt>
      <trkpt lat="35.75796612538397312164306640625" lon="139.5376252569258213043212890625">
        <ele>44.200000762939453125</ele>
        <time>2026-09-01T22:13:11.000Z</time>
        <extensions>
          <ns3:TrackPointExtension>
            <ns3:hr>126</ns3:hr>
            <ns3:cad>85</ns3:cad>
          </ns3:TrackPointExtension>
        </extensions>
      </trkpt>
      <trkpt lat="35.7579762674868106842041015625" lon="139.53765400685369968414306640625">
        <ele>44.200000762939453125</ele>
        <time>2026-09-01T22:13:12.000Z</time>
        <extensions>
          <ns3:TrackPointExtension>
            <ns3:hr>127</ns3:hr>
            <ns3:cad>84</ns3:cad>
          </ns3:TrackPointExtension>
        </extensions>
      </trkpt>
      <trkpt lat="35.75798992998898029327392578125" lon="139.5376785658299922943115234375">
        <ele>44.200000762939453125</ele>
        <time>2026-09-01T22:13:13.000Z</time>
        <extensions>
          <ns3:TrackPointExtension>
            <ns3:hr>128</ns3:hr>
            <ns3:cad>84</ns3:cad>
          </ns3:TrackPointExtension>
        </extensions>
      </trkpt>
      <trkpt lat="35.75800367631018161773681640625" lon="139.53770530410110950469970703125">
        <ele>44</ele>
        <time>2026-09-01T22:13:14.000Z</time>
        <extensions>
          <ns3:TrackPointExtension>
            <ns3:hr>130</ns3:hr>
            <ns3:cad>84</ns3:cad>
          </ns3:TrackPointExtension>
        </extensions>
      </trkpt>
      <trkpt lat="35.75801490806043148040771484375" lon="139.53772977925837039947509765625">
        <ele>44</ele>
        <time>2026-09-01T22:13:15.000Z</time>
        <extensions>
          <ns3:TrackPointExtension>
            <ns3:hr>130</ns3:hr>
            <ns3:cad>84</ns3:cad>
          </ns3:TrackPointExtension>
        </extensions>
      </trkpt>
      <trkpt lat="35.75802966021001338958740234375" lon="139.537749476730823516845703125">
        <ele>44</ele>
        <time>2026-09-01T22:13:16.000Z</time>
        <extensions>
          <ns3:TrackPointExtension>
            <ns3:hr>131</ns3:hr>
            <ns3:cad>84</ns3:cad>
          </ns3:TrackPointExtension>
        </extensions>
      </trkpt>
      <trkpt lat="35.7580433227121829986572265625" lon="139.5377724431455135345458984375">
        <ele>43.59999847412109375</ele>
        <time>2026-09-01T22:13:17.000Z</time>
        <extensions>
          <ns3:TrackPointExtension>
            <ns3:hr>131</ns3:hr>
            <ns3:cad>84</ns3:cad>
          </ns3:TrackPointExtension>
        </extensions>
      </trkpt>
      <trkpt lat="35.75805346481502056121826171875" lon="139.53779482282698154449462890625">
        <ele>43.59999847412109375</ele>
        <time>2026-09-01T22:13:18.000Z</time>
        <extensions>
          <ns3:TrackPointExtension>
            <ns3:hr>131</ns3:hr>
            <ns3:cad>84</ns3:cad>
          </ns3:TrackPointExtension>
        </extensions>
      </trkpt>
      <trkpt lat="35.75806100852787494659423828125" lon="139.53781845979392528533935546875">
        <ele>43.59999847412109375</ele>
        <time>2026-09-01T22:13:19.000Z</time>
        <extensions>
          <ns3:TrackPointExtension>
            <ns3:hr>131</ns3:hr>
            <ns3:cad>84</ns3:cad>
          </ns3:TrackPointExtension>
        </extensions>
      </trkpt>
      <trkpt lat="35.7580693066120147705078125" lon="139.53784176148474216461181640625">
        <ele>43.40000152587890625</ele>
        <time>2026-09-01T22:13:20.000Z</time>
        <extensions>
          <ns3:TrackPointExtension>
            <ns3:hr>131</ns3:hr>
            <ns3:cad>84</ns3:cad>
          </ns3:TrackPointExtension>
        </extensions>
      </trkpt>
      <trkpt lat="35.7580802030861377716064453125" lon="139.53786523081362247467041015625">
        <ele>43.40000152587890625</ele>
        <time>2026-09-01T22:13:21.000Z</time>
        <extensions>
          <ns3:TrackPointExtension>
            <ns3:hr>131</ns3:hr>
            <ns3:cad>84</ns3:cad>
          </ns3:TrackPointExtension>
        </extensions>
      </trkpt>
      <trkpt lat="35.75809805653989315032958984375" lon="139.537888281047344207763671875">
        <ele>43.40000152587890625</ele>
        <time>2026-09-01T22:13:22.000Z</time>
        <extensions>
          <ns3:TrackPointExtension>
            <ns3:hr>131</ns3:hr>
            <ns3:cad>84</ns3:cad>
          </ns3:TrackPointExtension>
        </extensions>
      </trkpt>
      <trkpt lat="35.75810912065207958221435546875" lon="139.5379105769097805023193359375">
        <ele>43.200000762939453125</ele>
        <time>2026-09-01T22:13:23.000Z</time>
        <extensions>
          <ns3:TrackPointExtension>
            <ns3:hr>131</ns3:hr>
            <ns3:cad>84</ns3:cad>
          </ns3:TrackPointExtension>
        </extensions>
      </trkpt>
      <trkpt lat="35.7581175863742828369140625" lon="139.53793496824800968170166015625">
        <ele>43.200000762939453125</ele>
        <time>2026-09-01T22:13:24.000Z</time>
        <extensions>
          <ns3:TrackPointExtension>
            <ns3:hr>131</ns3:hr>
            <ns3:cad>83</ns3:cad>
          </ns3:TrackPointExtension>
        </extensions>
      </trkpt>
      <trkpt lat="35.75812521390616893768310546875" lon="139.53795743174850940704345703125">
        <ele>43</ele>
        <time>2026-09-01T22:13:25.000Z</time>
        <extensions>
          <ns3:TrackPointExtension>
            <ns3:hr>131</ns3:hr>
            <ns3:cad>83</ns3:cad>
          </ns3:TrackPointExtension>
        </extensions>
      </trkpt>
      <trkpt lat="35.75813443399965763092041015625" lon="139.53798106871545314788818359375">
        <ele>43</ele>
        <time>2026-09-01T22:13:26.000Z</time>
        <extensions>
          <ns3:TrackPointExtension>
            <ns3:hr>131</ns3:hr>
            <ns3:cad>83</ns3:cad>
          </ns3:TrackPointExtension>
        </extensions>
      </trkpt>
      <trkpt lat="35.7581422291696071624755859375" lon="139.53800462186336517333984375">
        <ele>43</ele>
        <time>2026-09-01T22:13:27.000Z</time>
        <extensions>
          <ns3:TrackPointExtension>
            <ns3:hr>131</ns3:hr>
            <ns3:cad>84</ns3:cad>
          </ns3:TrackPointExtension>
        </extensions>
      </trkpt>
      <trkpt lat="35.75815002433955669403076171875" lon="139.5380280911922454833984375">
        <ele>43</ele>
        <time>2026-09-01T22:13:28.000Z</time>
        <extensions>
          <ns3:TrackPointExtension>
            <ns3:hr>131</ns3:hr>
            <ns3:cad>84</ns3:cad>
          </ns3:TrackPointExtension>
        </extensions>
      </trkpt>
      <trkpt lat="35.75815974734723567962646484375" lon="139.53805692493915557861328125">
        <ele>43</ele>
        <time>2026-09-01T22:13:29.000Z</time>
        <extensions>
          <ns3:TrackPointExtension>
            <ns3:hr>131</ns3:hr>
            <ns3:cad>84</ns3:cad>
          </ns3:TrackPointExtension>
        </extensions>
      </trkpt>
      <trkpt lat="35.758169554173946380615234375" lon="139.53808198682963848114013671875">
        <ele>43</ele>
        <time>2026-09-01T22:13:30.000Z</time>
        <extensions>
          <ns3:TrackPointExtension>
            <ns3:hr>131</ns3:hr>
            <ns3:cad>84</ns3:cad>
          </ns3:TrackPointExtension>
        </extensions>
      </trkpt>
      <trkpt lat="35.75817701406776905059814453125" lon="139.53810813836753368377685546875">
        <ele>43</ele>
        <time>2026-09-01T22:13:31.000Z</time>
        <extensions>
          <ns3:TrackPointExtension>
            <ns3:hr>131</ns3:hr>
            <ns3:cad>84</ns3:cad>
          </ns3:TrackPointExtension>
        </extensions>
      </trkpt>
      <trkpt lat="35.7581838034093379974365234375" lon="139.53813529573380947113037109375">
        <ele>43</ele>
        <time>2026-09-01T22:13:32.000Z</time>
        <extensions>
          <ns3:TrackPointExtension>
            <ns3:hr>131</ns3:hr>
            <ns3:cad>84</ns3:cad>
          </ns3:TrackPointExtension>
        </extensions>
      </trkpt>
      <trkpt lat="35.75819277204573154449462890625" lon="139.5381580106914043426513671875">
        <ele>43</ele>
        <time>2026-09-01T22:13:33.000Z</time>
        <extensions>
          <ns3:TrackPointExtension>
            <ns3:hr>131</ns3:hr>
            <ns3:cad>84</ns3:cad>
          </ns3:TrackPointExtension>
        </extensions>
      </trkpt>
      <trkpt lat="35.75820333324372768402099609375" lon="139.5381821505725383758544921875">
        <ele>43</ele>
        <time>2026-09-01T22:13:34.000Z</time>
        <extensions>
          <ns3:TrackPointExtension>
            <ns3:hr>131</ns3:hr>
            <ns3:cad>84</ns3:cad>
          </ns3:TrackPointExtension>
        </extensions>
      </trkpt>
      <trkpt lat="35.75821456499397754669189453125" lon="139.53820402733981609344482421875">
        <ele>43</ele>
        <time>2026-09-01T22:13:35.000Z</time>
        <extensions>
          <ns3:TrackPointExtension>
            <ns3:hr>131</ns3:hr>
            <ns3:cad>84</ns3:cad>
          </ns3:TrackPointExtension>
        </extensions>
      </trkpt>
      <trkpt lat="35.75822663493454456329345703125" lon="139.53822749666869640350341796875">
        <ele>43</ele>
        <time>2026-09-01T22:13:36.000Z</time>
        <extensions>
          <ns3:TrackPointExtension>
            <ns3:hr>131</ns3:hr>
            <ns3:cad>84</ns3:cad>
          </ns3:TrackPointExtension>
        </extensions>
      </trkpt>
      <trkpt lat="35.75823971070349216461181640625" lon="139.53825264237821102142333984375">
        <ele>43</ele>
        <time>2026-09-01T22:13:37.000Z</time>
        <extensions>
          <ns3:TrackPointExtension>
            <ns3:hr>132</ns3:hr>
            <ns3:cad>84</ns3:cad>
          </ns3:TrackPointExtension>
        </extensions>
      </trkpt>
      <trkpt lat="35.75824876315891742706298828125" lon="139.53827694989740848541259765625">
        <ele>43</ele>
        <time>2026-09-01T22:13:38.000Z</time>
        <extensions>
          <ns3:TrackPointExtension>
            <ns3:hr>132</ns3:hr>
            <ns3:cad>84</ns3:cad>
          </ns3:TrackPointExtension>
        </extensions>
      </trkpt>
      <trkpt lat="35.7582592405378818511962890625" lon="139.53830578364431858062744140625">
        <ele>43</ele>
        <time>2026-09-01T22:13:39.000Z</time>
        <extensions>
          <ns3:TrackPointExtension>
            <ns3:hr>132</ns3:hr>
            <ns3:cad>83</ns3:cad>
          </ns3:TrackPointExtension>
        </extensions>
      </trkpt>
      <trkpt lat="35.75826846063137054443359375" lon="139.53833210282027721405029296875">
        <ele>43</ele>
        <time>2026-09-01T22:13:40.000Z</time>
        <extensions>
          <ns3:TrackPointExtension>
            <ns3:hr>131</ns3:hr>
            <ns3:cad>84</ns3:cad>
          </ns3:TrackPointExtension>
        </extensions>
      </trkpt>
      <trkpt lat="35.75827650725841522216796875" lon="139.53835959546267986297607421875">
        <ele>43</ele>
        <time>2026-09-01T22:13:41.000Z</time>
        <extensions>
          <ns3:TrackPointExtension>
            <ns3:hr>131</ns3:hr>
            <ns3:cad>84</ns3:cad>
          </ns3:TrackPointExtension>
        </extensions>
      </trkpt>
      <trkpt lat="35.75828430242836475372314453125" lon="139.5383839868009090423583984375">
        <ele>43</ele>
        <time>2026-09-01T22:13:42.000Z</time>
        <extensions>
          <ns3:TrackPointExtension>
            <ns3:hr>131</ns3:hr>
            <ns3:cad>84</ns3:cad>
          </ns3:TrackPointExtension>
        </extensions>
      </trkpt>
      <trkpt lat="35.7582946121692657470703125" lon="139.5384044386446475982666015625">
        <ele>43</ele>
        <time>2026-09-01T22:13:43.000Z</time>
        <extensions>
          <ns3:TrackPointExtension>
            <ns3:hr>131</ns3:hr>
            <ns3:cad>84</ns3:cad>
          </ns3:TrackPointExtension>
        </extensions>
      </trkpt>
      <trkpt lat="35.75830525718629360198974609375" lon="139.5384282432496547698974609375">
        <ele>43</ele>
        <time>2026-09-01T22:13:44.000Z</time>
        <extensions>
          <ns3:TrackPointExtension>
            <ns3:hr>131</ns3:hr>
            <ns3:cad>84</ns3:cad>
          </ns3:TrackPointExtension>
        </extensions>
      </trkpt>
      <trkpt lat="35.75831950642168521881103515625" lon="139.5384490303695201873779296875">
        <ele>43</ele>
        <time>2026-09-01T22:13:45.000Z</time>
        <extensions>
          <ns3:TrackPointExtension>
            <ns3:hr>131</ns3:hr>
            <ns3:cad>84</ns3:cad>
          </ns3:TrackPointExtension>
        </extensions>
      </trkpt>
      <trkpt lat="35.75833425857126712799072265625" lon="139.538468308746814727783203125">
        <ele>43</ele>
        <time>2026-09-01T22:13:46.000Z</time>
        <extensions>
          <ns3:TrackPointExtension>
            <ns3:hr>131</ns3:hr>
            <ns3:cad>84</ns3:cad>
          </ns3:TrackPointExtension>
        </extensions>
      </trkpt>
      <trkpt lat="35.7583480887115001678466796875" lon="139.5384926162660121917724609375">
        <ele>43</ele>
        <time>2026-09-01T22:13:47.000Z</time>
        <extensions>
          <ns3:TrackPointExtension>
            <ns3:hr>131</ns3:hr>
            <ns3:cad>83</ns3:cad>
          </ns3:TrackPointExtension>
        </extensions>
      </trkpt>
      <trkpt lat="35.75835839845240116119384765625" lon="139.53851549886167049407958984375">
        <ele>43</ele>
        <time>2026-09-01T22:13:48.000Z</time>
        <extensions>
          <ns3:TrackPointExtension>
            <ns3:hr>131</ns3:hr>
            <ns3:cad>83</ns3:cad>
          </ns3:TrackPointExtension>
        </extensions>
      </trkpt>
      <trkpt lat="35.7583688758313655853271484375" lon="139.53853913582861423492431640625">
        <ele>43</ele>
        <time>2026-09-01T22:13:49.000Z</time>
        <extensions>
          <ns3:TrackPointExtension>
            <ns3:hr>131</ns3:hr>
            <ns3:cad>84</ns3:cad>
          </ns3:TrackPointExtension>
        </extensions>
      </trkpt>
      <trkpt lat="35.75837709009647369384765625" lon="139.538563527166843414306640625">
        <ele>43</ele>
        <time>2026-09-01T22:13:50.000Z</time>
        <extensions>
          <ns3:TrackPointExtension>
            <ns3:hr>131</ns3:hr>
            <ns3:cad>85</ns3:cad>
          </ns3:TrackPointExtension>
        </extensions>
      </trkpt>
      <trkpt lat="35.7583911716938018798828125" lon="139.5385844819247722625732421875">
        <ele>43</ele>
        <time>2026-09-01T22:13:51.000Z</time>
        <extensions>
          <ns3:TrackPointExtension>
            <ns3:hr>131</ns3:hr>
            <ns3:cad>85</ns3:cad>
          </ns3:TrackPointExtension>
        </extensions>
      </trkpt>
      <trkpt lat="35.7584040798246860504150390625" lon="139.53860484994947910308837890625">
        <ele>43</ele>
        <time>2026-09-01T22:13:52.000Z</time>
        <extensions>
          <ns3:TrackPointExtension>
            <ns3:hr>131</ns3:hr>
            <ns3:cad>85</ns3:cad>
          </ns3:TrackPointExtension>
        </extensions>
      </trkpt>
      <trkpt lat="35.75841371901333332061767578125" lon="139.53862555325031280517578125">
        <ele>43</ele>
        <time>2026-09-01T22:13:53.000Z</time>
        <extensions>
          <ns3:TrackPointExtension>
            <ns3:hr>131</ns3:hr>
            <ns3:cad>85</ns3:cad>
          </ns3:TrackPointExtension>
        </extensions>
      </trkpt>
      <trkpt lat="35.758423022925853729248046875" lon="139.538645334541797637939453125">
        <ele>43</ele>
        <time>2026-09-01T22:13:54.000Z</time>
        <extensions>
          <ns3:TrackPointExtension>
            <ns3:hr>132</ns3:hr>
            <ns3:cad>85</ns3:cad>
          </ns3:TrackPointExtension>
        </extensions>
      </trkpt>
      <trkpt lat="35.758433081209659576416015625" lon="139.5386629365384578704833984375">
        <ele>42.799999237060546875</ele>
        <time>2026-09-01T22:13:55.000Z</time>
        <extensions>
          <ns3:TrackPointExtension>
            <ns3:hr>132</ns3:hr>
            <ns3:cad>85</ns3:cad>
          </ns3:TrackPointExtension>
        </extensions>
      </trkpt>
      <trkpt lat="35.758446492254734039306640625" lon="139.53868162818253040313720703125">
        <ele>42.799999237060546875</ele>
        <time>2026-09-01T22:13:56.000Z</time>
        <extensions>
          <ns3:TrackPointExtension>
            <ns3:hr>132</ns3:hr>
            <ns3:cad>85</ns3:cad>
          </ns3:TrackPointExtension>
        </extensions>
      </trkpt>
      <trkpt lat="35.7584594003856182098388671875" lon="139.538699649274349212646484375">
        <ele>42.799999237060546875</ele>
        <time>2026-09-01T22:13:57.000Z</time>
        <extensions>
          <ns3:TrackPointExtension>
            <ns3:hr>132</ns3:hr>
            <ns3:cad>85</ns3:cad>
          </ns3:TrackPointExtension>
        </extensions>
      </trkpt>
      <trkpt lat="35.7584702968597412109375" lon="139.53871699981391429901123046875">
        <ele>42.799999237060546875</ele>
        <time>2026-09-01T22:13:58.000Z</time>
        <extensions>
          <ns3:TrackPointExtension>
            <ns3:hr>132</ns3:hr>
            <ns3:cad>84</ns3:cad>
          </ns3:TrackPointExtension>
        </extensions>
      </trkpt>
      <trkpt lat="35.75848362408578395843505859375" lon="139.538737200200557708740234375">
        <ele>42.799999237060546875</ele>
        <time>2026-09-01T22:13:59.000Z</time>
        <extensions>
          <ns3:TrackPointExtension>
            <ns3:hr>132</ns3:hr>
            <ns3:cad>84</ns3:cad>
          </ns3:TrackPointExtension>
        </extensions>
      </trkpt>
      <trkpt lat="35.75849753804504871368408203125" lon="139.5387576520442962646484375">
        <ele>42.799999237060546875</ele>
        <time>2026-09-01T22:14:00.000Z</time>
        <extensions>
          <ns3:TrackPointExtension>
            <ns3:hr>132</ns3:hr>
            <ns3:cad>84</ns3:cad>
          </ns3:TrackPointExtension>
        </extensions>
      </trkpt>
      <trkpt lat="35.75851094909012317657470703125" lon="139.538778103888034820556640625">
        <ele>42.799999237060546875</ele>
        <time>2026-09-01T22:14:01.000Z</time>
        <extensions>
          <ns3:TrackPointExtension>
            <ns3:hr>132</ns3:hr>
            <ns3:cad>84</ns3:cad>
          </ns3:TrackPointExtension>
        </extensions>
      </trkpt>
      <trkpt lat="35.75852570123970508575439453125" lon="139.53879880718886852264404296875">
        <ele>42.799999237060546875</ele>
        <time>2026-09-01T22:14:02.000Z</time>
        <extensions>
          <ns3:TrackPointExtension>
            <ns3:hr>131</ns3:hr>
            <ns3:cad>84</ns3:cad>
          </ns3:TrackPointExtension>
        </extensions>
      </trkpt>
      <trkpt lat="35.75853927992284297943115234375" lon="139.538819007575511932373046875">
        <ele>42.799999237060546875</ele>
        <time>2026-09-01T22:14:03.000Z</time>
        <extensions>
          <ns3:TrackPointExtension>
            <ns3:hr>131</ns3:hr>
            <ns3:cad>83</ns3:cad>
          </ns3:TrackPointExtension>
        </extensions>
      </trkpt>
      <trkpt lat="35.7585542835295200347900390625" lon="139.53883786685764789581298828125">
        <ele>42.799999237060546875</ele>
        <time>2026-09-01T22:14:04.000Z</time>
        <extensions>
          <ns3:TrackPointExtension>
            <ns3:hr>131</ns3:hr>
            <ns3:cad>83</ns3:cad>
          </ns3:TrackPointExtension>
        </extensions>
      </trkpt>
      <trkpt lat="35.75856995768845081329345703125" lon="139.5388550497591495513916015625">
        <ele>42.799999237060546875</ele>
        <time>2026-09-01T22:14:05.000Z</time>
        <extensions>
          <ns3:TrackPointExtension>
            <ns3:hr>130</ns3:hr>
            <ns3:cad>84</ns3:cad>
          </ns3:TrackPointExtension>
        </extensions>
      </trkpt>
      <trkpt lat="35.7585881464183330535888671875" lon="139.5388738252222537994384765625">
        <ele>42.799999237060546875</ele>
        <time>2026-09-01T22:14:06.000Z</time>
        <extensions>
          <ns3:TrackPointExtension>
            <ns3:hr>130</ns3:hr>
            <ns3:cad>84</ns3:cad>
          </ns3:TrackPointExtension>
        </extensions>
      </trkpt>
      <trkpt lat="35.7586025632917881011962890625" lon="139.53889243304729461669921875">
        <ele>42.799999237060546875</ele>
        <time>2026-09-01T22:14:07.000Z</time>
        <extensions>
          <ns3:TrackPointExtension>
            <ns3:hr>130</ns3:hr>
            <ns3:cad>84</ns3:cad>
          </ns3:TrackPointExtension>
        </extensions>
      </trkpt>
      <trkpt lat="35.75861739926040172576904296875" lon="139.5389105379581451416015625">
        <ele>42.799999237060546875</ele>
        <time>2026-09-01T22:14:08.000Z</time>
        <extensions>
          <ns3:TrackPointExtension>
            <ns3:hr>129</ns3:hr>
            <ns3:cad>84</ns3:cad>
          </ns3:TrackPointExtension>
        </extensions>
      </trkpt>
      <trkpt lat="35.75863315723836421966552734375" lon="139.538932330906391143798828125">
        <ele>42.799999237060546875</ele>
        <time>2026-09-01T22:14:09.000Z</time>
        <extensions>
          <ns3:TrackPointExtension>
            <ns3:hr>129</ns3:hr>
            <ns3:cad>84</ns3:cad>
          </ns3:TrackPointExtension>
        </extensions>
      </trkpt>
      <trkpt lat="35.75864740647375583648681640625" lon="139.5389539562165737152099609375">
        <ele>42.799999237060546875</ele>
        <time>2026-09-01T22:14:10.000Z</time>
        <extensions>
          <ns3:TrackPointExtension>
            <ns3:hr>129</ns3:hr>
            <ns3:cad>84</ns3:cad>
          </ns3:TrackPointExtension>
        </extensions>
      </trkpt>
      <trkpt lat="35.75866031460464000701904296875" lon="139.53897415660321712493896484375">
        <ele>43</ele>
        <time>2026-09-01T22:14:11.000Z</time>
        <extensions>
          <ns3:TrackPointExtension>
            <ns3:hr>130</ns3:hr>
            <ns3:cad>85</ns3:cad>
          </ns3:TrackPointExtension>
        </extensions>
      </trkpt>
      <trkpt lat="35.75867355801165103912353515625" lon="139.53898991458117961883544921875">
        <ele>43</ele>
        <time>2026-09-01T22:14:12.000Z</time>
        <extensions>
          <ns3:TrackPointExtension>
            <ns3:hr>130</ns3:hr>
            <ns3:cad>86</ns3:cad>
          </ns3:TrackPointExtension>
        </extensions>
      </trkpt>
      <trkpt lat="35.7586927525699138641357421875" lon="139.5390133000910282135009765625">
        <ele>43.200000762939453125</ele>
        <time>2026-09-01T22:14:13.000Z</time>
        <extensions>
          <ns3:TrackPointExtension>
            <ns3:hr>130</ns3:hr>
            <ns3:cad>86</ns3:cad>
          </ns3:TrackPointExtension>
        </extensions>
      </trkpt>
      <trkpt lat="35.75870968401432037353515625" lon="139.53903215937316417694091796875">
        <ele>43.200000762939453125</ele>
        <time>2026-09-01T22:14:14.000Z</time>
        <extensions>
          <ns3:TrackPointExtension>
            <ns3:hr>130</ns3:hr>
            <ns3:cad>85</ns3:cad>
          </ns3:TrackPointExtension>
        </extensions>
      </trkpt>
      <trkpt lat="35.75872334651648998260498046875" lon="139.53905059956014156341552734375">
        <ele>43.200000762939453125</ele>
        <time>2026-09-01T22:14:15.000Z</time>
        <extensions>
          <ns3:TrackPointExtension>
            <ns3:hr>130</ns3:hr>
            <ns3:cad>85</ns3:cad>
          </ns3:TrackPointExtension>
        </extensions>
      </trkpt>
      <trkpt lat="35.7587353326380252838134765625" lon="139.53906903974711894989013671875">
        <ele>43.40000152587890625</ele>
        <time>2026-09-01T22:14:16.000Z</time>
        <extensions>
          <ns3:TrackPointExtension>
            <ns3:hr>130</ns3:hr>
            <ns3:cad>85</ns3:cad>
          </ns3:TrackPointExtension>
        </extensions>
      </trkpt>
      <trkpt lat="35.75875050388276576995849609375" lon="139.53909418545663356781005859375">
        <ele>43.40000152587890625</ele>
        <time>2026-09-01T22:14:17.000Z</time>
        <extensions>
          <ns3:TrackPointExtension>
            <ns3:hr>130</ns3:hr>
            <ns3:cad>84</ns3:cad>
          </ns3:TrackPointExtension>
        </extensions>
      </trkpt>
      <trkpt lat="35.7587621547281742095947265625" lon="139.5391169004142284393310546875">
        <ele>43.59999847412109375</ele>
        <time>2026-09-01T22:14:18.000Z</time>
        <extensions>
          <ns3:TrackPointExtension>
            <ns3:hr>130</ns3:hr>
            <ns3:cad>83</ns3:cad>
          </ns3:TrackPointExtension>
        </extensions>
      </trkpt>
      <trkpt lat="35.7587722130119800567626953125" lon="139.5391400344669818878173828125">
        <ele>43.59999847412109375</ele>
        <time>2026-09-01T22:14:19.000Z</time>
        <extensions>
          <ns3:TrackPointExtension>
            <ns3:hr>130</ns3:hr>
            <ns3:cad>83</ns3:cad>
          </ns3:TrackPointExtension>
        </extensions>
      </trkpt>
      <trkpt lat="35.75878453440964221954345703125" lon="139.539161659777164459228515625">
        <ele>43.59999847412109375</ele>
        <time>2026-09-01T22:14:20.000Z</time>
        <extensions>
          <ns3:TrackPointExtension>
            <ns3:hr>131</ns3:hr>
            <ns3:cad>84</ns3:cad>
          </ns3:TrackPointExtension>
        </extensions>
      </trkpt>
      <trkpt lat="35.75879543088376522064208984375" lon="139.539185129106044769287109375">
        <ele>43.40000152587890625</ele>
        <time>2026-09-01T22:14:21.000Z</time>
        <extensions>
          <ns3:TrackPointExtension>
            <ns3:hr>131</ns3:hr>
            <ns3:cad>84</ns3:cad>
          </ns3:TrackPointExtension>
        </extensions>
      </trkpt>
      <trkpt lat="35.75881035067141056060791015625" lon="139.53920566476881504058837890625">
        <ele>43.40000152587890625</ele>
        <time>2026-09-01T22:14:22.000Z</time>
        <extensions>
          <ns3:TrackPointExtension>
            <ns3:hr>131</ns3:hr>
            <ns3:cad>85</ns3:cad>
          </ns3:TrackPointExtension>
        </extensions>
      </trkpt>
      <trkpt lat="35.75882795266807079315185546875" lon="139.5392265357077121734619140625">
        <ele>43.200000762939453125</ele>
        <time>2026-09-01T22:14:23.000Z</time>
        <extensions>
          <ns3:TrackPointExtension>
            <ns3:hr>132</ns3:hr>
            <ns3:cad>85</ns3:cad>
          </ns3:TrackPointExtension>
        </extensions>
      </trkpt>
      <trkpt lat="35.75884488411247730255126953125" lon="139.5392456464469432830810546875">
        <ele>43.200000762939453125</ele>
        <time>2026-09-01T22:14:24.000Z</time>
        <extensions>
          <ns3:TrackPointExtension>
            <ns3:hr>132</ns3:hr>
            <ns3:cad>85</ns3:cad>
          </ns3:TrackPointExtension>
        </extensions>
      </trkpt>
      <trkpt lat="35.7588650844991207122802734375" lon="139.539265595376491546630859375">
        <ele>43</ele>
        <time>2026-09-01T22:14:25.000Z</time>
        <extensions>
          <ns3:TrackPointExtension>
            <ns3:hr>132</ns3:hr>
            <ns3:cad>85</ns3:cad>
          </ns3:TrackPointExtension>
        </extensions>
      </trkpt>
      <trkpt lat="35.75887740589678287506103515625" lon="139.53928269445896148681640625">
        <ele>42.799999237060546875</ele>
        <time>2026-09-01T22:14:26.000Z</time>
        <extensions>
          <ns3:TrackPointExtension>
            <ns3:hr>132</ns3:hr>
            <ns3:cad>85</ns3:cad>
          </ns3:TrackPointExtension>
        </extensions>
      </trkpt>
      <trkpt lat="35.7588932476937770843505859375" lon="139.53930775634944438934326171875">
        <ele>42.799999237060546875</ele>
        <time>2026-09-01T22:14:27.000Z</time>
        <extensions>
          <ns3:TrackPointExtension>
            <ns3:hr>132</ns3:hr>
            <ns3:cad>85</ns3:cad>
          </ns3:TrackPointExtension>
        </extensions>
      </trkpt>
      <trkpt lat="35.75890674255788326263427734375" lon="139.5393281243741512298583984375">
        <ele>42.59999847412109375</ele>
        <time>2026-09-01T22:14:28.000Z</time>
        <extensions>
          <ns3:TrackPointExtension>
            <ns3:hr>133</ns3:hr>
            <ns3:cad>85</ns3:cad>
          </ns3:TrackPointExtension>
        </extensions>
      </trkpt>
      <trkpt lat="35.75891529209911823272705078125" lon="139.53934681601822376251220703125">
        <ele>42.59999847412109375</ele>
        <time>2026-09-01T22:14:29.000Z</time>
        <extensions>
          <ns3:TrackPointExtension>
            <ns3:hr>133</ns3:hr>
            <ns3:cad>85</ns3:cad>
          </ns3:TrackPointExtension>
        </extensions>
      </trkpt>
      <trkpt lat="35.75893004424870014190673828125" lon="139.5393727160990238189697265625">
        <ele>42.59999847412109375</ele>
        <time>2026-09-01T22:14:30.000Z</time>
        <extensions>
          <ns3:TrackPointExtension>
            <ns3:hr>133</ns3:hr>
            <ns3:cad>85</ns3:cad>
          </ns3:TrackPointExtension>
        </extensions>
      </trkpt>
      <trkpt lat="35.7589478977024555206298828125" lon="139.53939291648566722869873046875">
        <ele>42.59999847412109375</ele>
        <time>2026-09-01T22:14:31.000Z</time>
        <extensions>
          <ns3:TrackPointExtension>
            <ns3:hr>133</ns3:hr>
            <ns3:cad>85</ns3:cad>
          </ns3:TrackPointExtension>
        </extensions>
      </trkpt>
      <trkpt lat="35.75896558351814746856689453125" lon="139.53940800391137599945068359375">
        <ele>42.59999847412109375</ele>
        <time>2026-09-01T22:14:32.000Z</time>
        <extensions>
          <ns3:TrackPointExtension>
            <ns3:hr>133</ns3:hr>
            <ns3:cad>84</ns3:cad>
          </ns3:TrackPointExtension>
        </extensions>
      </trkpt>
      <trkpt lat="35.758983604609966278076171875" lon="139.5394317246973514556884765625">
        <ele>42.59999847412109375</ele>
        <time>2026-09-01T22:14:33.000Z</time>
        <extensions>
          <ns3:TrackPointExtension>
            <ns3:hr>133</ns3:hr>
            <ns3:cad>84</ns3:cad>
          </ns3:TrackPointExtension>
        </extensions>
      </trkpt>
      <trkpt lat="35.75899994932115077972412109375" lon="139.53945393674075603485107421875">
        <ele>42.59999847412109375</ele>
        <time>2026-09-01T22:14:34.000Z</time>
        <extensions>
          <ns3:TrackPointExtension>
            <ns3:hr>134</ns3:hr>
            <ns3:cad>84</ns3:cad>
          </ns3:TrackPointExtension>
        </extensions>
      </trkpt>
      <trkpt lat="35.7590186409652233123779296875" lon="139.5394696108996868133544921875">
        <ele>42.59999847412109375</ele>
        <time>2026-09-01T22:14:35.000Z</time>
        <extensions>
          <ns3:TrackPointExtension>
            <ns3:hr>134</ns3:hr>
            <ns3:cad>85</ns3:cad>
          </ns3:TrackPointExtension>
        </extensions>
      </trkpt>
      <trkpt lat="35.75903532095253467559814453125" lon="139.53948964364826679229736328125">
        <ele>42.59999847412109375</ele>
        <time>2026-09-01T22:14:36.000Z</time>
        <extensions>
          <ns3:TrackPointExtension>
            <ns3:hr>134</ns3:hr>
            <ns3:cad>85</ns3:cad>
          </ns3:TrackPointExtension>
        </extensions>
      </trkpt>
      <trkpt lat="35.759051330387592315673828125" lon="139.539508335292339324951171875">
        <ele>42.59999847412109375</ele>
        <time>2026-09-01T22:14:37.000Z</time>
        <extensions>
          <ns3:TrackPointExtension>
            <ns3:hr>134</ns3:hr>
            <ns3:cad>85</ns3:cad>
          </ns3:TrackPointExtension>
        </extensions>
      </trkpt>
      <trkpt lat="35.75906851328909397125244140625" lon="139.53952870331704616546630859375">
        <ele>42.59999847412109375</ele>
        <time>2026-09-01T22:14:38.000Z</time>
        <extensions>
          <ns3:TrackPointExtension>
            <ns3:hr>134</ns3:hr>
            <ns3:cad>84</ns3:cad>
          </ns3:TrackPointExtension>
        </extensions>
      </trkpt>
      <trkpt lat="35.75908795930445194244384765625" lon="139.5395480655133724212646484375">
        <ele>42.59999847412109375</ele>
        <time>2026-09-01T22:14:39.000Z</time>
        <extensions>
          <ns3:TrackPointExtension>
            <ns3:hr>134</ns3:hr>
            <ns3:cad>84</ns3:cad>
          </ns3:TrackPointExtension>
        </extensions>
      </trkpt>
      <trkpt lat="35.75910740531980991363525390625" lon="139.5395668409764766693115234375">
        <ele>42.59999847412109375</ele>
        <time>2026-09-01T22:14:40.000Z</time>
        <extensions>
          <ns3:TrackPointExtension>
            <ns3:hr>134</ns3:hr>
            <ns3:cad>84</ns3:cad>
          </ns3:TrackPointExtension>
        </extensions>
      </trkpt>
      <trkpt lat="35.7591269351541996002197265625" lon="139.539587460458278656005859375">
        <ele>42.59999847412109375</ele>
        <time>2026-09-01T22:14:41.000Z</time>
        <extensions>
          <ns3:TrackPointExtension>
            <ns3:hr>134</ns3:hr>
            <ns3:cad>83</ns3:cad>
          </ns3:TrackPointExtension>
        </extensions>
      </trkpt>
      <trkpt lat="35.7591561041772365570068359375" lon="139.53960062004625797271728515625">
        <ele>42.59999847412109375</ele>
        <time>2026-09-01T22:14:42.000Z</time>
        <extensions>
          <ns3:TrackPointExtension>
            <ns3:hr>134</ns3:hr>
            <ns3:cad>83</ns3:cad>
          </ns3:TrackPointExtension>
        </extensions>
      </trkpt>
      <trkpt lat="35.75918284244835376739501953125" lon="139.53961721621453762054443359375">
        <ele>42.59999847412109375</ele>
        <time>2026-09-01T22:14:43.000Z</time>
        <extensions>
          <ns3:TrackPointExtension>
            <ns3:hr>134</ns3:hr>
            <ns3:cad>83</ns3:cad>
          </ns3:TrackPointExtension>
        </extensions>
      </trkpt>
      <trkpt lat="35.759203545749187469482421875" lon="139.53963565640151500701904296875">
        <ele>42.59999847412109375</ele>
        <time>2026-09-01T22:14:44.000Z</time>
        <extensions>
          <ns3:TrackPointExtension>
            <ns3:hr>134</ns3:hr>
            <ns3:cad>85</ns3:cad>
          </ns3:TrackPointExtension>
        </extensions>
      </trkpt>
      <trkpt lat="35.7592213153839111328125" lon="139.5396607182919979095458984375">
        <ele>42.59999847412109375</ele>
        <time>2026-09-01T22:14:45.000Z</time>
        <extensions>
          <ns3:TrackPointExtension>
            <ns3:hr>134</ns3:hr>
            <ns3:cad>85</ns3:cad>
          </ns3:TrackPointExtension>
        </extensions>
      </trkpt>
      <trkpt lat="35.7592333853244781494140625" lon="139.539679996669292449951171875">
        <ele>42.59999847412109375</ele>
        <time>2026-09-01T22:14:46.000Z</time>
        <extensions>
          <ns3:TrackPointExtension>
            <ns3:hr>134</ns3:hr>
            <ns3:cad>84</ns3:cad>
          </ns3:TrackPointExtension>
        </extensions>
      </trkpt>
      <trkpt lat="35.75924151577055454254150390625" lon="139.5396975986659526824951171875">
        <ele>42.59999847412109375</ele>
        <time>2026-09-01T22:14:47.000Z</time>
        <extensions>
          <ns3:TrackPointExtension>
            <ns3:hr>134</ns3:hr>
            <ns3:cad>84</ns3:cad>
          </ns3:TrackPointExtension>
        </extensions>
      </trkpt>
      <trkpt lat="35.75925107114017009735107421875" lon="139.53971763141453266143798828125">
        <ele>42.59999847412109375</ele>
        <time>2026-09-01T22:14:48.000Z</time>
        <extensions>
          <ns3:TrackPointExtension>
            <ns3:hr>134</ns3:hr>
            <ns3:cad>82</ns3:cad>
          </ns3:TrackPointExtension>
        </extensions>
      </trkpt>
      <trkpt lat="35.75926464982330799102783203125" lon="139.53973992727696895599365234375">
        <ele>42.59999847412109375</ele>
        <time>2026-09-01T22:14:49.000Z</time>
        <extensions>
          <ns3:TrackPointExtension>
            <ns3:hr>134</ns3:hr>
            <ns3:cad>82</ns3:cad>
          </ns3:TrackPointExtension>
        </extensions>
      </trkpt>
      <trkpt lat="35.75927772559225559234619140625" lon="139.539760462939739227294921875">
        <ele>42.59999847412109375</ele>
        <time>2026-09-01T22:14:50.000Z</time>
        <extensions>
          <ns3:TrackPointExtension>
            <ns3:hr>134</ns3:hr>
            <ns3:cad>82</ns3:cad>
          </ns3:TrackPointExtension>
        </extensions>
      </trkpt>
      <trkpt lat="35.75928878970444202423095703125" lon="139.53978158533573150634765625">
        <ele>42.59999847412109375</ele>
        <time>2026-09-01T22:14:51.000Z</time>
        <extensions>
          <ns3:TrackPointExtension>
            <ns3:hr>134</ns3:hr>
            <ns3:cad>82</ns3:cad>
          </ns3:TrackPointExtension>
        </extensions>
      </trkpt>
      <trkpt lat="35.75930052436888217926025390625" lon="139.53979927115142345428466796875">
        <ele>42.59999847412109375</ele>
        <time>2026-09-01T22:14:52.000Z</time>
        <extensions>
          <ns3:TrackPointExtension>
            <ns3:hr>134</ns3:hr>
            <ns3:cad>82</ns3:cad>
          </ns3:TrackPointExtension>
        </extensions>
      </trkpt>
      <trkpt lat="35.7593136839568614959716796875" lon="139.53981922008097171783447265625">
        <ele>42.59999847412109375</ele>
        <time>2026-09-01T22:14:53.000Z</time>
        <extensions>
          <ns3:TrackPointExtension>
            <ns3:hr>134</ns3:hr>
            <ns3:cad>82</ns3:cad>
          </ns3:TrackPointExtension>
        </extensions>
      </trkpt>
      <trkpt lat="35.75932927429676055908203125" lon="139.5398384146392345428466796875">
        <ele>42.59999847412109375</ele>
        <time>2026-09-01T22:14:54.000Z</time>
        <extensions>
          <ns3:TrackPointExtension>
            <ns3:hr>134</ns3:hr>
            <ns3:cad>82</ns3:cad>
          </ns3:TrackPointExtension>
        </extensions>
      </trkpt>
      <trkpt lat="35.7593415118753910064697265625" lon="139.53985794447362422943115234375">
        <ele>42.59999847412109375</ele>
        <time>2026-09-01T22:14:55.000Z</time>
        <extensions>
          <ns3:TrackPointExtension>
            <ns3:hr>134</ns3:hr>
            <ns3:cad>83</ns3:cad>
          </ns3:TrackPointExtension>
        </extensions>
      </trkpt>
      <trkpt lat="35.7593515701591968536376953125" lon="139.53987948596477508544921875">
        <ele>42.59999847412109375</ele>
        <time>2026-09-01T22:14:56.000Z</time>
        <extensions>
          <ns3:TrackPointExtension>
            <ns3:hr>134</ns3:hr>
            <ns3:cad>83</ns3:cad>
          </ns3:TrackPointExtension>
        </extensions>
      </trkpt>
      <trkpt lat="35.75936322100460529327392578125" lon="139.53990723006427288055419921875">
        <ele>42.59999847412109375</ele>
        <time>2026-09-01T22:14:57.000Z</time>
        <extensions>
          <ns3:TrackPointExtension>
            <ns3:hr>134</ns3:hr>
            <ns3:cad>83</ns3:cad>
          </ns3:TrackPointExtension>
        </extensions>
      </trkpt>
      <trkpt lat="35.7593736983835697174072265625" lon="139.5399329625070095062255859375">
        <ele>42.40000152587890625</ele>
        <time>2026-09-01T22:14:58.000Z</time>
        <extensions>
          <ns3:TrackPointExtension>
            <ns3:hr>134</ns3:hr>
            <ns3:cad>83</ns3:cad>
          </ns3:TrackPointExtension>
        </extensions>
      </trkpt>
      <trkpt lat="35.759387947618961334228515625" lon="139.53995282761752605438232421875">
        <ele>42.40000152587890625</ele>
        <time>2026-09-01T22:14:59.000Z</time>
        <extensions>
          <ns3:TrackPointExtension>
            <ns3:hr>134</ns3:hr>
            <ns3:cad>83</ns3:cad>
          </ns3:TrackPointExtension>
        </extensions>
      </trkpt>
      <trkpt lat="35.75940429233014583587646484375" lon="139.5399715192615985870361328125">
        <ele>42.40000152587890625</ele>
        <time>2026-09-01T22:15:00.000Z</time>
        <extensions>
          <ns3:TrackPointExtension>
            <ns3:hr>134</ns3:hr>
            <ns3:cad>82</ns3:cad>
          </ns3:TrackPointExtension>
        </extensions>
      </trkpt>
      <trkpt lat="35.7594206370413303375244140625" lon="139.539989121258258819580078125">
        <ele>42.40000152587890625</ele>
        <time>2026-09-01T22:15:01.000Z</time>
        <extensions>
          <ns3:TrackPointExtension>
            <ns3:hr>134</ns3:hr>
            <ns3:cad>82</ns3:cad>
          </ns3:TrackPointExtension>
        </extensions>
      </trkpt>
      <trkpt lat="35.7594313658773899078369140625" lon="139.54001317732036113739013671875">
        <ele>42.40000152587890625</ele>
        <time>2026-09-01T22:15:02.000Z</time>
        <extensions>
          <ns3:TrackPointExtension>
            <ns3:hr>134</ns3:hr>
            <ns3:cad>82</ns3:cad>
          </ns3:TrackPointExtension>
        </extensions>
      </trkpt>
      <trkpt lat="35.75944234617054462432861328125" lon="139.5400379039347171783447265625">
        <ele>42.200000762939453125</ele>
        <time>2026-09-01T22:15:03.000Z</time>
        <extensions>
          <ns3:TrackPointExtension>
            <ns3:hr>134</ns3:hr>
            <ns3:cad>82</ns3:cad>
          </ns3:TrackPointExtension>
        </extensions>
      </trkpt>
      <trkpt lat="35.7594565115869045257568359375" lon="139.5400586910545825958251953125">
        <ele>42.200000762939453125</ele>
        <time>2026-09-01T22:15:04.000Z</time>
        <extensions>
          <ns3:TrackPointExtension>
            <ns3:hr>134</ns3:hr>
            <ns3:cad>82</ns3:cad>
          </ns3:TrackPointExtension>
        </extensions>
      </trkpt>
      <trkpt lat="35.75946950353682041168212890625" lon="139.54007604159414768218994140625">
        <ele>42.200000762939453125</ele>
        <time>2026-09-01T22:15:05.000Z</time>
        <extensions>
          <ns3:TrackPointExtension>
            <ns3:hr>134</ns3:hr>
            <ns3:cad>82</ns3:cad>
          </ns3:TrackPointExtension>
        </extensions>
      </trkpt>
      <trkpt lat="35.7594809867441654205322265625" lon="139.54009247012436389923095703125">
        <ele>42.200000762939453125</ele>
        <time>2026-09-01T22:15:06.000Z</time>
        <extensions>
          <ns3:TrackPointExtension>
            <ns3:hr>134</ns3:hr>
            <ns3:cad>82</ns3:cad>
          </ns3:TrackPointExtension>
        </extensions>
      </trkpt>
      <trkpt lat="35.75949246995151042938232421875" lon="139.54011417925357818603515625">
        <ele>42.200000762939453125</ele>
        <time>2026-09-01T22:15:07.000Z</time>
        <extensions>
          <ns3:TrackPointExtension>
            <ns3:hr>134</ns3:hr>
            <ns3:cad>84</ns3:cad>
          </ns3:TrackPointExtension>
        </extensions>
      </trkpt>
      <trkpt lat="35.75950487516820430755615234375" lon="139.54013488255441188812255859375">
        <ele>42.200000762939453125</ele>
        <time>2026-09-01T22:15:08.000Z</time>
        <extensions>
          <ns3:TrackPointExtension>
            <ns3:hr>134</ns3:hr>
            <ns3:cad>84</ns3:cad>
          </ns3:TrackPointExtension>
        </extensions>
      </trkpt>
      <trkpt lat="35.75951828621327877044677734375" lon="139.540158100426197052001953125">
        <ele>42.200000762939453125</ele>
        <time>2026-09-01T22:15:09.000Z</time>
        <extensions>
          <ns3:TrackPointExtension>
            <ns3:hr>134</ns3:hr>
            <ns3:cad>85</ns3:cad>
          </ns3:TrackPointExtension>
        </extensions>
      </trkpt>
      <trkpt lat="35.75952935032546520233154296875" lon="139.5401814021170139312744140625">
        <ele>42</ele>
        <time>2026-09-01T22:15:10.000Z</time>
        <extensions>
          <ns3:TrackPointExtension>
            <ns3:hr>134</ns3:hr>
            <ns3:cad>85</ns3:cad>
          </ns3:TrackPointExtension>
        </extensions>
      </trkpt>
      <trkpt lat="35.75954250991344451904296875" lon="139.5402025245130062103271484375">
        <ele>42</ele>
        <time>2026-09-01T22:15:11.000Z</time>
        <extensions>
          <ns3:TrackPointExtension>
            <ns3:hr>134</ns3:hr>
            <ns3:cad>85</ns3:cad>
          </ns3:TrackPointExtension>
        </extensions>
      </trkpt>
      <trkpt lat="35.75955466367304325103759765625" lon="139.54022104851901531219482421875">
        <ele>42</ele>
        <time>2026-09-01T22:15:12.000Z</time>
        <extensions>
          <ns3:TrackPointExtension>
            <ns3:hr>133</ns3:hr>
            <ns3:cad>85</ns3:cad>
          </ns3:TrackPointExtension>
        </extensions>
      </trkpt>
      <trkpt lat="35.75956405140459537506103515625" lon="139.5402409136295318603515625">
        <ele>42.200000762939453125</ele>
        <time>2026-09-01T22:15:13.000Z</time>
        <extensions>
          <ns3:TrackPointExtension>
            <ns3:hr>133</ns3:hr>
            <ns3:cad>85</ns3:cad>
          </ns3:TrackPointExtension>
        </extensions>
      </trkpt>
      <trkpt lat="35.75957444496452808380126953125" lon="139.54026379622519016265869140625">
        <ele>42.200000762939453125</ele>
        <time>2026-09-01T22:15:14.000Z</time>
        <extensions>
          <ns3:TrackPointExtension>
            <ns3:hr>132</ns3:hr>
            <ns3:cad>85</ns3:cad>
          </ns3:TrackPointExtension>
        </extensions>
      </trkpt>
      <trkpt lat="35.75958886183798313140869140625" lon="139.54028374515473842620849609375">
        <ele>42.40000152587890625</ele>
        <time>2026-09-01T22:15:15.000Z</time>
        <extensions>
          <ns3:TrackPointExtension>
            <ns3:hr>132</ns3:hr>
            <ns3:cad>84</ns3:cad>
          </ns3:TrackPointExtension>
        </extensions>
      </trkpt>
      <trkpt lat="35.7595979981124401092529296875" lon="139.54030453227460384368896484375">
        <ele>42.59999847412109375</ele>
        <time>2026-09-01T22:15:16.000Z</time>
        <extensions>
          <ns3:TrackPointExtension>
            <ns3:hr>131</ns3:hr>
            <ns3:cad>83</ns3:cad>
          </ns3:TrackPointExtension>
        </extensions>
      </trkpt>
      <trkpt lat="35.75961233116686344146728515625" lon="139.540320374071598052978515625">
        <ele>42.799999237060546875</ele>
        <time>2026-09-01T22:15:17.000Z</time>
        <extensions>
          <ns3:TrackPointExtension>
            <ns3:hr>131</ns3:hr>
            <ns3:cad>82</ns3:cad>
          </ns3:TrackPointExtension>
        </extensions>
      </trkpt>
      <trkpt lat="35.75962658040225505828857421875" lon="139.54033588059246540069580078125">
        <ele>43</ele>
        <time>2026-09-01T22:15:18.000Z</time>
        <extensions>
          <ns3:TrackPointExtension>
            <ns3:hr>131</ns3:hr>
            <ns3:cad>81</ns3:cad>
          </ns3:TrackPointExtension>
        </extensions>
      </trkpt>
      <trkpt lat="35.7596405781805515289306640625" lon="139.5403508841991424560546875">
        <ele>43.200000762939453125</ele>
        <time>2026-09-01T22:15:19.000Z</time>
        <extensions>
          <ns3:TrackPointExtension>
            <ns3:hr>131</ns3:hr>
            <ns3:cad>80</ns3:cad>
          </ns3:TrackPointExtension>
        </extensions>
      </trkpt>
      <trkpt lat="35.759652815759181976318359375" lon="139.5403674803674221038818359375">
        <ele>43.200000762939453125</ele>
        <time>2026-09-01T22:15:20.000Z</time>
        <extensions>
          <ns3:TrackPointExtension>
            <ns3:hr>131</ns3:hr>
            <ns3:cad>80</ns3:cad>
          </ns3:TrackPointExtension>
        </extensions>
      </trkpt>
      <trkpt lat="35.75966396369040012359619140625" lon="139.54038399271667003631591796875">
        <ele>43.200000762939453125</ele>
        <time>2026-09-01T22:15:21.000Z</time>
        <extensions>
          <ns3:TrackPointExtension>
            <ns3:hr>131</ns3:hr>
            <ns3:cad>80</ns3:cad>
          </ns3:TrackPointExtension>
        </extensions>
      </trkpt>
      <trkpt lat="35.7596754468977451324462890625" lon="139.54040125943720340728759765625">
        <ele>43.200000762939453125</ele>
        <time>2026-09-01T22:15:22.000Z</time>
        <extensions>
          <ns3:TrackPointExtension>
            <ns3:hr>131</ns3:hr>
            <ns3:cad>81</ns3:cad>
          </ns3:TrackPointExtension>
        </extensions>
      </trkpt>
      <trkpt lat="35.75968860648572444915771484375" lon="139.5404171012341976165771484375">
        <ele>43.200000762939453125</ele>
        <time>2026-09-01T22:15:23.000Z</time>
        <extensions>
          <ns3:TrackPointExtension>
            <ns3:hr>131</ns3:hr>
            <ns3:cad>82</ns3:cad>
          </ns3:TrackPointExtension>
        </extensions>
      </trkpt>
      <trkpt lat="35.75970201753079891204833984375" lon="139.54043193720281124114990234375">
        <ele>43.200000762939453125</ele>
        <time>2026-09-01T22:15:24.000Z</time>
        <extensions>
          <ns3:TrackPointExtension>
            <ns3:hr>131</ns3:hr>
            <ns3:cad>82</ns3:cad>
          </ns3:TrackPointExtension>
        </extensions>
      </trkpt>
      <trkpt lat="35.7597153447568416595458984375" lon="139.5404479466378688812255859375">
        <ele>43.200000762939453125</ele>
        <time>2026-09-01T22:15:25.000Z</time>
        <extensions>
          <ns3:TrackPointExtension>
            <ns3:hr>131</ns3:hr>
            <ns3:cad>82</ns3:cad>
          </ns3:TrackPointExtension>
        </extensions>
      </trkpt>
      <trkpt lat="35.75972766615450382232666015625" lon="139.54046261496841907501220703125">
        <ele>43</ele>
        <time>2026-09-01T22:15:26.000Z</time>
        <extensions>
          <ns3:TrackPointExtension>
            <ns3:hr>131</ns3:hr>
            <ns3:cad>82</ns3:cad>
          </ns3:TrackPointExtension>
        </extensions>
      </trkpt>
      <trkpt lat="35.7597361318767070770263671875" lon="139.540478289127349853515625">
        <ele>43</ele>
        <time>2026-09-01T22:15:27.000Z</time>
        <extensions>
          <ns3:TrackPointExtension>
            <ns3:hr>131</ns3:hr>
            <ns3:cad>82</ns3:cad>
          </ns3:TrackPointExtension>
        </extensions>
      </trkpt>
      <trkpt lat="35.75974493287503719329833984375" lon="139.54049597494304180145263671875">
        <ele>42.799999237060546875</ele>
        <time>2026-09-01T22:15:28.000Z</time>
        <extensions>
          <ns3:TrackPointExtension>
            <ns3:hr>131</ns3:hr>
            <ns3:cad>82</ns3:cad>
          </ns3:TrackPointExtension>
        </extensions>
      </trkpt>
      <trkpt lat="35.75975582934916019439697265625" lon="139.54051609151065349578857421875">
        <ele>42.799999237060546875</ele>
        <time>2026-09-01T22:15:29.000Z</time>
        <extensions>
          <ns3:TrackPointExtension>
            <ns3:hr>131</ns3:hr>
            <ns3:cad>81</ns3:cad>
          </ns3:TrackPointExtension>
        </extensions>
      </trkpt>
      <trkpt lat="35.75976991094648838043212890625" lon="139.540533609688282012939453125">
        <ele>42.59999847412109375</ele>
        <time>2026-09-01T22:15:30.000Z</time>
        <extensions>
          <ns3:TrackPointExtension>
            <ns3:hr>131</ns3:hr>
            <ns3:cad>81</ns3:cad>
          </ns3:TrackPointExtension>
        </extensions>
      </trkpt>
      <trkpt lat="35.7597837410867214202880859375" lon="139.54055230133235454559326171875">
        <ele>42.40000152587890625</ele>
        <time>2026-09-01T22:15:31.000Z</time>
        <extensions>
          <ns3:TrackPointExtension>
            <ns3:hr>131</ns3:hr>
            <ns3:cad>81</ns3:cad>
          </ns3:TrackPointExtension>
        </extensions>
      </trkpt>
      <trkpt lat="35.759801007807254791259765625" lon="139.54056856222450733184814453125">
        <ele>42.200000762939453125</ele>
        <time>2026-09-01T22:15:32.000Z</time>
        <extensions>
          <ns3:TrackPointExtension>
            <ns3:hr>131</ns3:hr>
            <ns3:cad>81</ns3:cad>
          </ns3:TrackPointExtension>
        </extensions>
      </trkpt>
      <trkpt lat="35.7598192803561687469482421875" lon="139.5405894331634044647216796875">
        <ele>42</ele>
        <time>2026-09-01T22:15:33.000Z</time>
        <extensions>
          <ns3:TrackPointExtension>
            <ns3:hr>131</ns3:hr>
            <ns3:cad>81</ns3:cad>
          </ns3:TrackPointExtension>
        </extensions>
      </trkpt>
      <trkpt lat="35.759834535419940948486328125" lon="139.54061198048293590545654296875">
        <ele>42</ele>
        <time>2026-09-01T22:15:34.000Z</time>
        <extensions>
          <ns3:TrackPointExtension>
            <ns3:hr>131</ns3:hr>
            <ns3:cad>84</ns3:cad>
          </ns3:TrackPointExtension>
        </extensions>
      </trkpt>
      <trkpt lat="35.75984828174114227294921875" lon="139.540635533630847930908203125">
        <ele>41.799999237060546875</ele>
        <time>2026-09-01T22:15:35.000Z</time>
        <extensions>
          <ns3:TrackPointExtension>
            <ns3:hr>131</ns3:hr>
            <ns3:cad>85</ns3:cad>
          </ns3:TrackPointExtension>
        </extensions>
      </trkpt>
      <trkpt lat="35.75986244715750217437744140625" lon="139.54065875150263309478759765625">
        <ele>41.799999237060546875</ele>
        <time>2026-09-01T22:15:36.000Z</time>
        <extensions>
          <ns3:TrackPointExtension>
            <ns3:hr>131</ns3:hr>
            <ns3:cad>86</ns3:cad>
          </ns3:TrackPointExtension>
        </extensions>
      </trkpt>
      <trkpt lat="35.759879462420940399169921875" lon="139.540676772594451904296875">
        <ele>41.59999847412109375</ele>
        <time>2026-09-01T22:15:37.000Z</time>
        <extensions>
          <ns3:TrackPointExtension>
            <ns3:hr>131</ns3:hr>
            <ns3:cad>86</ns3:cad>
          </ns3:TrackPointExtension>
        </extensions>
      </trkpt>
      <trkpt lat="35.75989413075149059295654296875" lon="139.54070099629461765289306640625">
        <ele>41.59999847412109375</ele>
        <time>2026-09-01T22:15:38.000Z</time>
        <extensions>
          <ns3:TrackPointExtension>
            <ns3:hr>131</ns3:hr>
            <ns3:cad>86</ns3:cad>
          </ns3:TrackPointExtension>
        </extensions>
      </trkpt>
      <trkpt lat="35.75990729033946990966796875" lon="139.5407225377857685089111328125">
        <ele>41.59999847412109375</ele>
        <time>2026-09-01T22:15:39.000Z</time>
        <extensions>
          <ns3:TrackPointExtension>
            <ns3:hr>131</ns3:hr>
            <ns3:cad>85</ns3:cad>
          </ns3:TrackPointExtension>
        </extensions>
      </trkpt>
      <trkpt lat="35.7599201984703540802001953125" lon="139.54074525274336338043212890625">
        <ele>41.59999847412109375</ele>
        <time>2026-09-01T22:15:40.000Z</time>
        <extensions>
          <ns3:TrackPointExtension>
            <ns3:hr>131</ns3:hr>
            <ns3:cad>85</ns3:cad>
          </ns3:TrackPointExtension>
        </extensions>
      </trkpt>
      <trkpt lat="35.75993821956217288970947265625" lon="139.5407621003687381744384765625">
        <ele>41.59999847412109375</ele>
        <time>2026-09-01T22:15:41.000Z</time>
        <extensions>
          <ns3:TrackPointExtension>
            <ns3:hr>131</ns3:hr>
            <ns3:cad>85</ns3:cad>
          </ns3:TrackPointExtension>
        </extensions>
      </trkpt>
      <trkpt lat="35.7599533908069133758544921875" lon="139.540783055126667022705078125">
        <ele>41.59999847412109375</ele>
        <time>2026-09-01T22:15:42.000Z</time>
        <extensions>
          <ns3:TrackPointExtension>
            <ns3:hr>131</ns3:hr>
            <ns3:cad>85</ns3:cad>
          </ns3:TrackPointExtension>
        </extensions>
      </trkpt>
      <trkpt lat="35.75996940024197101593017578125" lon="139.5408036746084690093994140625">
        <ele>41.59999847412109375</ele>
        <time>2026-09-01T22:15:43.000Z</time>
        <extensions>
          <ns3:TrackPointExtension>
            <ns3:hr>131</ns3:hr>
            <ns3:cad>85</ns3:cad>
          </ns3:TrackPointExtension>
        </extensions>
      </trkpt>
      <trkpt lat="35.75998214073479175567626953125" lon="139.54082739539444446563720703125">
        <ele>41.59999847412109375</ele>
        <time>2026-09-01T22:15:44.000Z</time>
        <extensions>
          <ns3:TrackPointExtension>
            <ns3:hr>131</ns3:hr>
            <ns3:cad>84</ns3:cad>
          </ns3:TrackPointExtension>
        </extensions>
      </trkpt>
      <trkpt lat="35.7599919475615024566650390625" lon="139.5408536307513713836669921875">
        <ele>41.59999847412109375</ele>
        <time>2026-09-01T22:15:45.000Z</time>
        <extensions>
          <ns3:TrackPointExtension>
            <ns3:hr>131</ns3:hr>
            <ns3:cad>84</ns3:cad>
          </ns3:TrackPointExtension>
        </extensions>
      </trkpt>
      <trkpt lat="35.7600006647408008575439453125" lon="139.5408777706325054168701171875">
        <ele>41.59999847412109375</ele>
        <time>2026-09-01T22:15:46.000Z</time>
        <extensions>
          <ns3:TrackPointExtension>
            <ns3:hr>131</ns3:hr>
            <ns3:cad>84</ns3:cad>
          </ns3:TrackPointExtension>
        </extensions>
      </trkpt>
      <trkpt lat="35.76000678353011608123779296875" lon="139.54090300016105175018310546875">
        <ele>41.59999847412109375</ele>
        <time>2026-09-01T22:15:47.000Z</time>
        <extensions>
          <ns3:TrackPointExtension>
            <ns3:hr>131</ns3:hr>
            <ns3:cad>84</ns3:cad>
          </ns3:TrackPointExtension>
        </extensions>
      </trkpt>
      <trkpt lat="35.76002036221325397491455078125" lon="139.540920518338680267333984375">
        <ele>41.59999847412109375</ele>
        <time>2026-09-01T22:15:48.000Z</time>
        <extensions>
          <ns3:TrackPointExtension>
            <ns3:hr>131</ns3:hr>
            <ns3:cad>85</ns3:cad>
          </ns3:TrackPointExtension>
        </extensions>
      </trkpt>
      <trkpt lat="35.7600348629057407379150390625" lon="139.54094164073467254638671875">
        <ele>41.59999847412109375</ele>
        <time>2026-09-01T22:15:49.000Z</time>
        <extensions>
          <ns3:TrackPointExtension>
            <ns3:hr>131</ns3:hr>
            <ns3:cad>85</ns3:cad>
          </ns3:TrackPointExtension>
        </extensions>
      </trkpt>
      <trkpt lat="35.76004207134246826171875" lon="139.54097189940512180328369140625">
        <ele>41.59999847412109375</ele>
        <time>2026-09-01T22:15:50.000Z</time>
        <extensions>
          <ns3:TrackPointExtension>
            <ns3:hr>131</ns3:hr>
            <ns3:cad>85</ns3:cad>
          </ns3:TrackPointExtension>
        </extensions>
      </trkpt>
      <trkpt lat="35.76005087234079837799072265625" lon="139.54099838621914386749267578125">
        <ele>41.59999847412109375</ele>
        <time>2026-09-01T22:15:51.000Z</time>
        <extensions>
          <ns3:TrackPointExtension>
            <ns3:hr>131</ns3:hr>
            <ns3:cad>85</ns3:cad>
          </ns3:TrackPointExtension>
        </extensions>
      </trkpt>
      <trkpt lat="35.7600640319287776947021484375" lon="139.54102235846221446990966796875">
        <ele>41.59999847412109375</ele>
        <time>2026-09-01T22:15:52.000Z</time>
        <extensions>
          <ns3:TrackPointExtension>
            <ns3:hr>131</ns3:hr>
            <ns3:cad>85</ns3:cad>
          </ns3:TrackPointExtension>
        </extensions>
      </trkpt>
      <trkpt lat="35.76007383875548839569091796875" lon="139.54104951582849025726318359375">
        <ele>41.59999847412109375</ele>
        <time>2026-09-01T22:15:53.000Z</time>
        <extensions>
          <ns3:TrackPointExtension>
            <ns3:hr>131</ns3:hr>
            <ns3:cad>85</ns3:cad>
          </ns3:TrackPointExtension>
        </extensions>
      </trkpt>
      <trkpt lat="35.7600844837725162506103515625" lon="139.5410735718905925750732421875">
        <ele>41.59999847412109375</ele>
        <time>2026-09-01T22:15:54.000Z</time>
        <extensions>
          <ns3:TrackPointExtension>
            <ns3:hr>131</ns3:hr>
            <ns3:cad>84</ns3:cad>
          </ns3:TrackPointExtension>
        </extensions>
      </trkpt>
      <trkpt lat="35.7600863277912139892578125" lon="139.5411019027233123779296875">
        <ele>41.59999847412109375</ele>
        <time>2026-09-01T22:15:55.000Z</time>
        <extensions>
          <ns3:TrackPointExtension>
            <ns3:hr>131</ns3:hr>
            <ns3:cad>84</ns3:cad>
          </ns3:TrackPointExtension>
        </extensions>
      </trkpt>
      <trkpt lat="35.7600921951234340667724609375" lon="139.54112528823316097259521484375">
        <ele>41.59999847412109375</ele>
        <time>2026-09-01T22:15:56.000Z</time>
        <extensions>
          <ns3:TrackPointExtension>
            <ns3:hr>131</ns3:hr>
            <ns3:cad>83</ns3:cad>
          </ns3:TrackPointExtension>
        </extensions>
      </trkpt>
      <trkpt lat="35.7600970566272735595703125" lon="139.54114993102848529815673828125">
        <ele>41.59999847412109375</ele>
        <time>2026-09-01T22:15:57.000Z</time>
        <extensions>
          <ns3:TrackPointExtension>
            <ns3:hr>131</ns3:hr>
            <ns3:cad>83</ns3:cad>
          </ns3:TrackPointExtension>
        </extensions>
      </trkpt>
      <trkpt lat="35.76010175049304962158203125" lon="139.54117541201412677764892578125">
        <ele>41.40000152587890625</ele>
        <time>2026-09-01T22:15:58.000Z</time>
        <extensions>
          <ns3:TrackPointExtension>
            <ns3:hr>132</ns3:hr>
            <ns3:cad>83</ns3:cad>
          </ns3:TrackPointExtension>
        </extensions>
      </trkpt>
      <trkpt lat="35.76010904274880886077880859375" lon="139.541197456419467926025390625">
        <ele>41.40000152587890625</ele>
        <time>2026-09-01T22:15:59.000Z</time>
        <extensions>
          <ns3:TrackPointExtension>
            <ns3:hr>132</ns3:hr>
            <ns3:cad>84</ns3:cad>
          </ns3:TrackPointExtension>
        </extensions>
      </trkpt>
      <trkpt lat="35.76011516153812408447265625" lon="139.541222266852855682373046875">
        <ele>41.40000152587890625</ele>
        <time>2026-09-01T22:16:00.000Z</time>
        <extensions>
          <ns3:TrackPointExtension>
            <ns3:hr>132</ns3:hr>
            <ns3:cad>84</ns3:cad>
          </ns3:TrackPointExtension>
        </extensions>
      </trkpt>
      <trkpt lat="35.7601213641464710235595703125" lon="139.54124598763883113861083984375">
        <ele>41.40000152587890625</ele>
        <time>2026-09-01T22:16:01.000Z</time>
        <extensions>
          <ns3:TrackPointExtension>
            <ns3:hr>132</ns3:hr>
            <ns3:cad>84</ns3:cad>
          </ns3:TrackPointExtension>
        </extensions>
      </trkpt>
      <trkpt lat="35.7601280696690082550048828125" lon="139.5412708818912506103515625">
        <ele>41.40000152587890625</ele>
        <time>2026-09-01T22:16:02.000Z</time>
        <extensions>
          <ns3:TrackPointExtension>
            <ns3:hr>132</ns3:hr>
            <ns3:cad>84</ns3:cad>
          </ns3:TrackPointExtension>
        </extensions>
      </trkpt>
      <trkpt lat="35.76013519428670406341552734375" lon="139.54129527322947978973388671875">
        <ele>41.40000152587890625</ele>
        <time>2026-09-01T22:16:03.000Z</time>
        <extensions>
          <ns3:TrackPointExtension>
            <ns3:hr>131</ns3:hr>
            <ns3:cad>85</ns3:cad>
          </ns3:TrackPointExtension>
        </extensions>
      </trkpt>
      <trkpt lat="35.76014156453311443328857421875" lon="139.541320167481899261474609375">
        <ele>41.40000152587890625</ele>
        <time>2026-09-01T22:16:04.000Z</time>
        <extensions>
          <ns3:TrackPointExtension>
            <ns3:hr>131</ns3:hr>
            <ns3:cad>85</ns3:cad>
          </ns3:TrackPointExtension>
        </extensions>
      </trkpt>
      <trkpt lat="35.760149694979190826416015625" lon="139.54134958796203136444091796875">
        <ele>41.40000152587890625</ele>
        <time>2026-09-01T22:16:05.000Z</time>
        <extensions>
          <ns3:TrackPointExtension>
            <ns3:hr>131</ns3:hr>
            <ns3:cad>86</ns3:cad>
          </ns3:TrackPointExtension>
        </extensions>
      </trkpt>
      <trkpt lat="35.7601572386920452117919921875" lon="139.54137749969959259033203125">
        <ele>41.40000152587890625</ele>
        <time>2026-09-01T22:16:06.000Z</time>
        <extensions>
          <ns3:TrackPointExtension>
            <ns3:hr>131</ns3:hr>
            <ns3:cad>86</ns3:cad>
          </ns3:TrackPointExtension>
        </extensions>
      </trkpt>
      <trkpt lat="35.76016352511942386627197265625" lon="139.54140826128423213958740234375">
        <ele>41.40000152587890625</ele>
        <time>2026-09-01T22:16:07.000Z</time>
        <extensions>
          <ns3:TrackPointExtension>
            <ns3:hr>131</ns3:hr>
            <ns3:cad>86</ns3:cad>
          </ns3:TrackPointExtension>
        </extensions>
      </trkpt>
      <trkpt lat="35.76016989536583423614501953125" lon="139.54143650829792022705078125">
        <ele>41.40000152587890625</ele>
        <time>2026-09-01T22:16:08.000Z</time>
        <extensions>
          <ns3:TrackPointExtension>
            <ns3:hr>131</ns3:hr>
            <ns3:cad>85</ns3:cad>
          </ns3:TrackPointExtension>
        </extensions>
      </trkpt>
      <trkpt lat="35.760177187621593475341796875" lon="139.54146425239741802215576171875">
        <ele>41.40000152587890625</ele>
        <time>2026-09-01T22:16:09.000Z</time>
        <extensions>
          <ns3:TrackPointExtension>
            <ns3:hr>131</ns3:hr>
            <ns3:cad>85</ns3:cad>
          </ns3:TrackPointExtension>
        </extensions>
      </trkpt>
      <trkpt lat="35.76018431223928928375244140625" lon="139.54149283468723297119140625">
        <ele>41.40000152587890625</ele>
        <time>2026-09-01T22:16:10.000Z</time>
        <extensions>
          <ns3:TrackPointExtension>
            <ns3:hr>131</ns3:hr>
            <ns3:cad>85</ns3:cad>
          </ns3:TrackPointExtension>
        </extensions>
      </trkpt>
      <trkpt lat="35.76019051484763622283935546875" lon="139.54152041114866733551025390625">
        <ele>41.40000152587890625</ele>
        <time>2026-09-01T22:16:11.000Z</time>
        <extensions>
          <ns3:TrackPointExtension>
            <ns3:hr>131</ns3:hr>
            <ns3:cad>85</ns3:cad>
          </ns3:TrackPointExtension>
        </extensions>
      </trkpt>
      <trkpt lat="35.7601971365511417388916015625" lon="139.54154781997203826904296875">
        <ele>41.40000152587890625</ele>
        <time>2026-09-01T22:16:12.000Z</time>
        <extensions>
          <ns3:TrackPointExtension>
            <ns3:hr>131</ns3:hr>
            <ns3:cad>85</ns3:cad>
          </ns3:TrackPointExtension>
        </extensions>
      </trkpt>
      <trkpt lat="35.76020233333110809326171875" lon="139.54157321713864803314208984375">
        <ele>41.40000152587890625</ele>
        <time>2026-09-01T22:16:13.000Z</time>
        <extensions>
          <ns3:TrackPointExtension>
            <ns3:hr>131</ns3:hr>
            <ns3:cad>85</ns3:cad>
          </ns3:TrackPointExtension>
        </extensions>
      </trkpt>
      <trkpt lat="35.76020778156816959381103515625" lon="139.5415986143052577972412109375">
        <ele>41.40000152587890625</ele>
        <time>2026-09-01T22:16:14.000Z</time>
        <extensions>
          <ns3:TrackPointExtension>
            <ns3:hr>131</ns3:hr>
            <ns3:cad>86</ns3:cad>
          </ns3:TrackPointExtension>
        </extensions>
      </trkpt>
      <trkpt lat="35.76021197251975536346435546875" lon="139.5416257716715335845947265625">
        <ele>41.40000152587890625</ele>
        <time>2026-09-01T22:16:15.000Z</time>
        <extensions>
          <ns3:TrackPointExtension>
            <ns3:hr>131</ns3:hr>
            <ns3:cad>86</ns3:cad>
          </ns3:TrackPointExtension>
        </extensions>
      </trkpt>
      <trkpt lat="35.76021582819521427154541015625" lon="139.5416539348661899566650390625">
        <ele>41.40000152587890625</ele>
        <time>2026-09-01T22:16:16.000Z</time>
        <extensions>
          <ns3:TrackPointExtension>
            <ns3:hr>131</ns3:hr>
            <ns3:cad>86</ns3:cad>
          </ns3:TrackPointExtension>
        </extensions>
      </trkpt>
      <trkpt lat="35.7602192647755146026611328125" lon="139.54168285243213176727294921875">
        <ele>41.40000152587890625</ele>
        <time>2026-09-01T22:16:17.000Z</time>
        <extensions>
          <ns3:TrackPointExtension>
            <ns3:hr>131</ns3:hr>
            <ns3:cad>86</ns3:cad>
          </ns3:TrackPointExtension>
        </extensions>
      </trkpt>
      <trkpt lat="35.760224126279354095458984375" lon="139.5417089201509952545166015625">
        <ele>41.40000152587890625</ele>
        <time>2026-09-01T22:16:18.000Z</time>
        <extensions>
          <ns3:TrackPointExtension>
            <ns3:hr>131</ns3:hr>
            <ns3:cad>85</ns3:cad>
          </ns3:TrackPointExtension>
        </extensions>
      </trkpt>
      <trkpt lat="35.760229490697383880615234375" lon="139.54173901118338108062744140625">
        <ele>41.40000152587890625</ele>
        <time>2026-09-01T22:16:19.000Z</time>
        <extensions>
          <ns3:TrackPointExtension>
            <ns3:hr>131</ns3:hr>
            <ns3:cad>86</ns3:cad>
          </ns3:TrackPointExtension>
        </extensions>
      </trkpt>
      <trkpt lat="35.76023141853511333465576171875" lon="139.54177044332027435302734375">
        <ele>41.40000152587890625</ele>
        <time>2026-09-01T22:16:20.000Z</time>
        <extensions>
          <ns3:TrackPointExtension>
            <ns3:hr>131</ns3:hr>
            <ns3:cad>86</ns3:cad>
          </ns3:TrackPointExtension>
        </extensions>
      </trkpt>
      <trkpt lat="35.760230831801891326904296875" lon="139.54179986380040645599365234375">
        <ele>41.40000152587890625</ele>
        <time>2026-09-01T22:16:21.000Z</time>
        <extensions>
          <ns3:TrackPointExtension>
            <ns3:hr>131</ns3:hr>
            <ns3:cad>86</ns3:cad>
          </ns3:TrackPointExtension>
        </extensions>
      </trkpt>
      <trkpt lat="35.76023451983928680419921875" lon="139.5418282784521579742431640625">
        <ele>41.40000152587890625</ele>
        <time>2026-09-01T22:16:22.000Z</time>
        <extensions>
          <ns3:TrackPointExtension>
            <ns3:hr>131</ns3:hr>
            <ns3:cad>86</ns3:cad>
          </ns3:TrackPointExtension>
        </extensions>
      </trkpt>
      <trkpt lat="35.7602397166192531585693359375" lon="139.5418584533035755157470703125">
        <ele>41.40000152587890625</ele>
        <time>2026-09-01T22:16:23.000Z</time>
        <extensions>
          <ns3:TrackPointExtension>
            <ns3:hr>131</ns3:hr>
            <ns3:cad>86</ns3:cad>
          </ns3:TrackPointExtension>
        </extensions>
      </trkpt>
      <trkpt lat="35.76024617068469524383544921875" lon="139.54188686795532703399658203125">
        <ele>41.40000152587890625</ele>
        <time>2026-09-01T22:16:24.000Z</time>
        <extensions>
          <ns3:TrackPointExtension>
            <ns3:hr>131</ns3:hr>
            <ns3:cad>86</ns3:cad>
          </ns3:TrackPointExtension>
        </extensions>
      </trkpt>
      <trkpt lat="35.7602514512836933135986328125" lon="139.54191436059772968292236328125">
        <ele>41.200000762939453125</ele>
        <time>2026-09-01T22:16:25.000Z</time>
        <extensions>
          <ns3:TrackPointExtension>
            <ns3:hr>131</ns3:hr>
            <ns3:cad>86</ns3:cad>
          </ns3:TrackPointExtension>
        </extensions>
      </trkpt>
      <trkpt lat="35.760257653892040252685546875" lon="139.541942775249481201171875">
        <ele>41.200000762939453125</ele>
        <time>2026-09-01T22:16:26.000Z</time>
        <extensions>
          <ns3:TrackPointExtension>
            <ns3:hr>131</ns3:hr>
            <ns3:cad>85</ns3:cad>
          </ns3:TrackPointExtension>
        </extensions>
      </trkpt>
      <trkpt lat="35.76026402413845062255859375" lon="139.54196968115866184234619140625">
        <ele>41.200000762939453125</ele>
        <time>2026-09-01T22:16:27.000Z</time>
        <extensions>
          <ns3:TrackPointExtension>
            <ns3:hr>131</ns3:hr>
            <ns3:cad>85</ns3:cad>
          </ns3:TrackPointExtension>
        </extensions>
      </trkpt>
      <trkpt lat="35.760267712175846099853515625" lon="139.54200035892426967620849609375">
        <ele>41.200000762939453125</ele>
        <time>2026-09-01T22:16:28.000Z</time>
        <extensions>
          <ns3:TrackPointExtension>
            <ns3:hr>132</ns3:hr>
            <ns3:cad>85</ns3:cad>
          </ns3:TrackPointExtension>
        </extensions>
      </trkpt>
      <trkpt lat="35.7602749206125736236572265625" lon="139.54202801920473575592041015625">
        <ele>41.200000762939453125</ele>
        <time>2026-09-01T22:16:29.000Z</time>
        <extensions>
          <ns3:TrackPointExtension>
            <ns3:hr>132</ns3:hr>
            <ns3:cad>85</ns3:cad>
          </ns3:TrackPointExtension>
        </extensions>
      </trkpt>
      <trkpt lat="35.7602809555828571319580078125" lon="139.5420545898377895355224609375">
        <ele>41.200000762939453125</ele>
        <time>2026-09-01T22:16:30.000Z</time>
        <extensions>
          <ns3:TrackPointExtension>
            <ns3:hr>133</ns3:hr>
            <ns3:cad>85</ns3:cad>
          </ns3:TrackPointExtension>
        </extensions>
      </trkpt>
      <trkpt lat="35.7602879963815212249755859375" lon="139.5420847646892070770263671875">
        <ele>41.200000762939453125</ele>
        <time>2026-09-01T22:16:31.000Z</time>
        <extensions>
          <ns3:TrackPointExtension>
            <ns3:hr>133</ns3:hr>
            <ns3:cad>85</ns3:cad>
          </ns3:TrackPointExtension>
        </extensions>
      </trkpt>
      <trkpt lat="35.7602916844189167022705078125" lon="139.5421139337122440338134765625">
        <ele>41.200000762939453125</ele>
        <time>2026-09-01T22:16:32.000Z</time>
        <extensions>
          <ns3:TrackPointExtension>
            <ns3:hr>134</ns3:hr>
            <ns3:cad>85</ns3:cad>
          </ns3:TrackPointExtension>
        </extensions>
      </trkpt>
      <trkpt lat="35.76029864139854907989501953125" lon="139.54214335419237613677978515625">
        <ele>41.200000762939453125</ele>
        <time>2026-09-01T22:16:33.000Z</time>
        <extensions>
          <ns3:TrackPointExtension>
            <ns3:hr>134</ns3:hr>
            <ns3:cad>85</ns3:cad>
          </ns3:TrackPointExtension>
        </extensions>
      </trkpt>
      <trkpt lat="35.76030517928302288055419921875" lon="139.54217302612960338592529296875">
        <ele>41.200000762939453125</ele>
        <time>2026-09-01T22:16:34.000Z</time>
        <extensions>
          <ns3:TrackPointExtension>
            <ns3:hr>134</ns3:hr>
            <ns3:cad>85</ns3:cad>
          </ns3:TrackPointExtension>
        </extensions>
      </trkpt>
      <trkpt lat="35.76031272299587726593017578125" lon="139.54220135696232318878173828125">
        <ele>41.200000762939453125</ele>
        <time>2026-09-01T22:16:35.000Z</time>
        <extensions>
          <ns3:TrackPointExtension>
            <ns3:hr>134</ns3:hr>
            <ns3:cad>85</ns3:cad>
          </ns3:TrackPointExtension>
        </extensions>
      </trkpt>
      <trkpt lat="35.760319344699382781982421875" lon="139.5422284305095672607421875">
        <ele>41.200000762939453125</ele>
        <time>2026-09-01T22:16:36.000Z</time>
        <extensions>
          <ns3:TrackPointExtension>
            <ns3:hr>134</ns3:hr>
            <ns3:cad>85</ns3:cad>
          </ns3:TrackPointExtension>
        </extensions>
      </trkpt>
      <trkpt lat="35.760325379669666290283203125" lon="139.54225516878068447113037109375">
        <ele>41.200000762939453125</ele>
        <time>2026-09-01T22:16:37.000Z</time>
        <extensions>
          <ns3:TrackPointExtension>
            <ns3:hr>134</ns3:hr>
            <ns3:cad>85</ns3:cad>
          </ns3:TrackPointExtension>
        </extensions>
      </trkpt>
      <trkpt lat="35.76032965444028377532958984375" lon="139.54228584654629230499267578125">
        <ele>41.200000762939453125</ele>
        <time>2026-09-01T22:16:38.000Z</time>
        <extensions>
          <ns3:TrackPointExtension>
            <ns3:hr>134</ns3:hr>
            <ns3:cad>85</ns3:cad>
          </ns3:TrackPointExtension>
        </extensions>
      </trkpt>
      <trkpt lat="35.76033300720155239105224609375" lon="139.542313255369663238525390625">
        <ele>41.200000762939453125</ele>
        <time>2026-09-01T22:16:39.000Z</time>
        <extensions>
          <ns3:TrackPointExtension>
            <ns3:hr>134</ns3:hr>
            <ns3:cad>85</ns3:cad>
          </ns3:TrackPointExtension>
        </extensions>
      </trkpt>
      <trkpt lat="35.7603352703154087066650390625" lon="139.54234451986849308013916015625">
        <ele>41.200000762939453125</ele>
        <time>2026-09-01T22:16:40.000Z</time>
        <extensions>
          <ns3:TrackPointExtension>
            <ns3:hr>134</ns3:hr>
            <ns3:cad>86</ns3:cad>
          </ns3:TrackPointExtension>
        </extensions>
      </trkpt>
      <trkpt lat="35.76034021563827991485595703125" lon="139.54237251542508602142333984375">
        <ele>41.200000762939453125</ele>
        <time>2026-09-01T22:16:41.000Z</time>
        <extensions>
          <ns3:TrackPointExtension>
            <ns3:hr>134</ns3:hr>
            <ns3:cad>86</ns3:cad>
          </ns3:TrackPointExtension>
        </extensions>
      </trkpt>
      <trkpt lat="35.76034608297049999237060546875" lon="139.5424027740955352783203125">
        <ele>41.200000762939453125</ele>
        <time>2026-09-01T22:16:42.000Z</time>
        <extensions>
          <ns3:TrackPointExtension>
            <ns3:hr>134</ns3:hr>
            <ns3:cad>86</ns3:cad>
          </ns3:TrackPointExtension>
        </extensions>
      </trkpt>
      <trkpt lat="35.7603510282933712005615234375" lon="139.542432613670825958251953125">
        <ele>41.200000762939453125</ele>
        <time>2026-09-01T22:16:43.000Z</time>
        <extensions>
          <ns3:TrackPointExtension>
            <ns3:hr>134</ns3:hr>
            <ns3:cad>86</ns3:cad>
          </ns3:TrackPointExtension>
        </extensions>
      </trkpt>
      <trkpt lat="35.7603560574352741241455078125" lon="139.5424636267125606536865234375">
        <ele>41.200000762939453125</ele>
        <time>2026-09-01T22:16:44.000Z</time>
        <extensions>
          <ns3:TrackPointExtension>
            <ns3:hr>134</ns3:hr>
            <ns3:cad>86</ns3:cad>
          </ns3:TrackPointExtension>
        </extensions>
      </trkpt>
      <trkpt lat="35.76036150567233562469482421875" lon="139.542494975030422210693359375">
        <ele>41.200000762939453125</ele>
        <time>2026-09-01T22:16:45.000Z</time>
        <extensions>
          <ns3:TrackPointExtension>
            <ns3:hr>135</ns3:hr>
            <ns3:cad>86</ns3:cad>
          </ns3:TrackPointExtension>
        </extensions>
      </trkpt>
      <trkpt lat="35.76036787591874599456787109375" lon="139.54252338968217372894287109375">
        <ele>41.200000762939453125</ele>
        <time>2026-09-01T22:16:46.000Z</time>
        <extensions>
          <ns3:TrackPointExtension>
            <ns3:hr>136</ns3:hr>
            <ns3:cad>87</ns3:cad>
          </ns3:TrackPointExtension>
        </extensions>
      </trkpt>
      <trkpt lat="35.7603728212416172027587890625" lon="139.5425524748861789703369140625">
        <ele>41.200000762939453125</ele>
        <time>2026-09-01T22:16:47.000Z</time>
        <extensions>
          <ns3:TrackPointExtension>
            <ns3:hr>136</ns3:hr>
            <ns3:cad>87</ns3:cad>
          </ns3:TrackPointExtension>
        </extensions>
      </trkpt>
      <trkpt lat="35.76037676073610782623291015625" lon="139.542581476271152496337890625">
        <ele>41.200000762939453125</ele>
        <time>2026-09-01T22:16:48.000Z</time>
        <extensions>
          <ns3:TrackPointExtension>
            <ns3:hr>137</ns3:hr>
            <ns3:cad>86</ns3:cad>
          </ns3:TrackPointExtension>
        </extensions>
      </trkpt>
      <trkpt lat="35.76038111932575702667236328125" lon="139.542611651122570037841796875">
        <ele>41.200000762939453125</ele>
        <time>2026-09-01T22:16:49.000Z</time>
        <extensions>
          <ns3:TrackPointExtension>
            <ns3:hr>137</ns3:hr>
            <ns3:cad>86</ns3:cad>
          </ns3:TrackPointExtension>
        </extensions>
      </trkpt>
      <trkpt lat="35.7603852264583110809326171875" lon="139.542639143764972686767578125">
        <ele>41.200000762939453125</ele>
        <time>2026-09-01T22:16:50.000Z</time>
        <extensions>
          <ns3:TrackPointExtension>
            <ns3:hr>138</ns3:hr>
            <ns3:cad>85</ns3:cad>
          </ns3:TrackPointExtension>
        </extensions>
      </trkpt>
      <trkpt lat="35.760391764342784881591796875" lon="139.54266487620770931243896484375">
        <ele>41.200000762939453125</ele>
        <time>2026-09-01T22:16:51.000Z</time>
        <extensions>
          <ns3:TrackPointExtension>
            <ns3:hr>138</ns3:hr>
            <ns3:cad>85</ns3:cad>
          </ns3:TrackPointExtension>
        </extensions>
      </trkpt>
      <trkpt lat="35.7604013197124004364013671875" lon="139.5426919497549533843994140625">
        <ele>41.200000762939453125</ele>
        <time>2026-09-01T22:16:52.000Z</time>
        <extensions>
          <ns3:TrackPointExtension>
            <ns3:hr>138</ns3:hr>
            <ns3:cad>86</ns3:cad>
          </ns3:TrackPointExtension>
        </extensions>
      </trkpt>
      <trkpt lat="35.760408528149127960205078125" lon="139.5427139103412628173828125">
        <ele>41</ele>
        <time>2026-09-01T22:16:53.000Z</time>
        <extensions>
          <ns3:TrackPointExtension>
            <ns3:hr>138</ns3:hr>
            <ns3:cad>86</ns3:cad>
          </ns3:TrackPointExtension>
        </extensions>
      </trkpt>
      <trkpt lat="35.76041531749069690704345703125" lon="139.542741067707538604736328125">
        <ele>41.200000762939453125</ele>
        <time>2026-09-01T22:16:54.000Z</time>
        <extensions>
          <ns3:TrackPointExtension>
            <ns3:hr>138</ns3:hr>
            <ns3:cad>86</ns3:cad>
          </ns3:TrackPointExtension>
        </extensions>
      </trkpt>
      <trkpt lat="35.76042185537517070770263671875" lon="139.542765878140926361083984375">
        <ele>41.200000762939453125</ele>
        <time>2026-09-01T22:16:55.000Z</time>
        <extensions>
          <ns3:TrackPointExtension>
            <ns3:hr>138</ns3:hr>
            <ns3:cad>86</ns3:cad>
          </ns3:TrackPointExtension>
        </extensions>
      </trkpt>
      <trkpt lat="35.7604269683361053466796875" lon="139.5427942089736461639404296875">
        <ele>41.200000762939453125</ele>
        <time>2026-09-01T22:16:56.000Z</time>
        <extensions>
          <ns3:TrackPointExtension>
            <ns3:hr>138</ns3:hr>
            <ns3:cad>86</ns3:cad>
          </ns3:TrackPointExtension>
        </extensions>
      </trkpt>
      <trkpt lat="35.76043023727834224700927734375" lon="139.54282321035861968994140625">
        <ele>41.200000762939453125</ele>
        <time>2026-09-01T22:16:57.000Z</time>
        <extensions>
          <ns3:TrackPointExtension>
            <ns3:hr>138</ns3:hr>
            <ns3:cad>86</ns3:cad>
          </ns3:TrackPointExtension>
        </extensions>
      </trkpt>
      <trkpt lat="35.7604371942579746246337890625" lon="139.5428480207920074462890625">
        <ele>41.200000762939453125</ele>
        <time>2026-09-01T22:16:58.000Z</time>
        <extensions>
          <ns3:TrackPointExtension>
            <ns3:hr>138</ns3:hr>
            <ns3:cad>86</ns3:cad>
          </ns3:TrackPointExtension>
        </extensions>
      </trkpt>
      <trkpt lat="35.76044264249503612518310546875" lon="139.54287475906312465667724609375">
        <ele>41.200000762939453125</ele>
        <time>2026-09-01T22:16:59.000Z</time>
        <extensions>
          <ns3:TrackPointExtension>
            <ns3:hr>138</ns3:hr>
            <ns3:cad>86</ns3:cad>
          </ns3:TrackPointExtension>
        </extensions>
      </trkpt>
      <trkpt lat="35.7604492641985416412353515625" lon="139.54290024004876613616943359375">
        <ele>41.200000762939453125</ele>
        <time>2026-09-01T22:17:00.000Z</time>
        <extensions>
          <ns3:TrackPointExtension>
            <ns3:hr>139</ns3:hr>
            <ns3:cad>86</ns3:cad>
          </ns3:TrackPointExtension>
        </extensions>
      </trkpt>
      <trkpt lat="35.7604549638926982879638671875" lon="139.542926810681819915771484375">
        <ele>41.200000762939453125</ele>
        <time>2026-09-01T22:17:01.000Z</time>
        <extensions>
          <ns3:TrackPointExtension>
            <ns3:hr>139</ns3:hr>
            <ns3:cad>86</ns3:cad>
          </ns3:TrackPointExtension>
        </extensions>
      </trkpt>
      <trkpt lat="35.7604596577584743499755859375" lon="139.54295086674392223358154296875">
        <ele>41</ele>
        <time>2026-09-01T22:17:02.000Z</time>
        <extensions>
          <ns3:TrackPointExtension>
            <ns3:hr>139</ns3:hr>
            <ns3:cad>86</ns3:cad>
          </ns3:TrackPointExtension>
        </extensions>
      </trkpt>
      <trkpt lat="35.7604646869003772735595703125" lon="139.54297752119600772857666015625">
        <ele>41</ele>
        <time>2026-09-01T22:17:03.000Z</time>
        <extensions>
          <ns3:TrackPointExtension>
            <ns3:hr>139</ns3:hr>
            <ns3:cad>86</ns3:cad>
          </ns3:TrackPointExtension>
        </extensions>
      </trkpt>
      <trkpt lat="35.76046963222324848175048828125" lon="139.5430030860006809234619140625">
        <ele>41</ele>
        <time>2026-09-01T22:17:04.000Z</time>
        <extensions>
          <ns3:TrackPointExtension>
            <ns3:hr>139</ns3:hr>
            <ns3:cad>86</ns3:cad>
          </ns3:TrackPointExtension>
        </extensions>
      </trkpt>
      <trkpt lat="35.76047734357416629791259765625" lon="139.543025381863117218017578125">
        <ele>41</ele>
        <time>2026-09-01T22:17:05.000Z</time>
        <extensions>
          <ns3:TrackPointExtension>
            <ns3:hr>139</ns3:hr>
            <ns3:cad>86</ns3:cad>
          </ns3:TrackPointExtension>
        </extensions>
      </trkpt>
      <trkpt lat="35.760482959449291229248046875" lon="139.54304851591587066650390625">
        <ele>41</ele>
        <time>2026-09-01T22:17:06.000Z</time>
        <extensions>
          <ns3:TrackPointExtension>
            <ns3:hr>139</ns3:hr>
            <ns3:cad>86</ns3:cad>
          </ns3:TrackPointExtension>
        </extensions>
      </trkpt>
      <trkpt lat="35.7604891620576381683349609375" lon="139.54307475127279758453369140625">
        <ele>41</ele>
        <time>2026-09-01T22:17:07.000Z</time>
        <extensions>
          <ns3:TrackPointExtension>
            <ns3:hr>138</ns3:hr>
            <ns3:cad>86</ns3:cad>
          </ns3:TrackPointExtension>
        </extensions>
      </trkpt>
      <trkpt lat="35.760495029389858245849609375" lon="139.5431041717529296875">
        <ele>41</ele>
        <time>2026-09-01T22:17:08.000Z</time>
        <extensions>
          <ns3:TrackPointExtension>
            <ns3:hr>138</ns3:hr>
            <ns3:cad>86</ns3:cad>
          </ns3:TrackPointExtension>
        </extensions>
      </trkpt>
      <trkpt lat="35.76049746014177799224853515625" lon="139.54313292168080806732177734375">
        <ele>40.799999237060546875</ele>
        <time>2026-09-01T22:17:09.000Z</time>
        <extensions>
          <ns3:TrackPointExtension>
            <ns3:hr>138</ns3:hr>
            <ns3:cad>86</ns3:cad>
          </ns3:TrackPointExtension>
        </extensions>
      </trkpt>
      <trkpt lat="35.760504417121410369873046875" lon="139.54316276125609874725341796875">
        <ele>40.799999237060546875</ele>
        <time>2026-09-01T22:17:10.000Z</time>
        <extensions>
          <ns3:TrackPointExtension>
            <ns3:hr>138</ns3:hr>
            <ns3:cad>86</ns3:cad>
          </ns3:TrackPointExtension>
        </extensions>
      </trkpt>
      <trkpt lat="35.76051439158618450164794921875" lon="139.543187655508518218994140625">
        <ele>40.799999237060546875</ele>
        <time>2026-09-01T22:17:11.000Z</time>
        <extensions>
          <ns3:TrackPointExtension>
            <ns3:hr>137</ns3:hr>
            <ns3:cad>87</ns3:cad>
          </ns3:TrackPointExtension>
        </extensions>
      </trkpt>
      <trkpt lat="35.7605236954987049102783203125" lon="139.54321305267512798309326171875">
        <ele>40.799999237060546875</ele>
        <time>2026-09-01T22:17:12.000Z</time>
        <extensions>
          <ns3:TrackPointExtension>
            <ns3:hr>137</ns3:hr>
            <ns3:cad>87</ns3:cad>
          </ns3:TrackPointExtension>
        </extensions>
      </trkpt>
      <trkpt lat="35.76053299941122531890869140625" lon="139.54323736019432544708251953125">
        <ele>41</ele>
        <time>2026-09-01T22:17:13.000Z</time>
        <extensions>
          <ns3:TrackPointExtension>
            <ns3:hr>137</ns3:hr>
            <ns3:cad>87</ns3:cad>
          </ns3:TrackPointExtension>
        </extensions>
      </trkpt>
      <trkpt lat="35.76053836382925510406494140625" lon="139.54326434992253780364990234375">
        <ele>41.200000762939453125</ele>
        <time>2026-09-01T22:17:14.000Z</time>
        <extensions>
          <ns3:TrackPointExtension>
            <ns3:hr>137</ns3:hr>
            <ns3:cad>87</ns3:cad>
          </ns3:TrackPointExtension>
        </extensions>
      </trkpt>
      <trkpt lat="35.76054272241890430450439453125" lon="139.54328983090817928314208984375">
        <ele>41.200000762939453125</ele>
        <time>2026-09-01T22:17:15.000Z</time>
        <extensions>
          <ns3:TrackPointExtension>
            <ns3:hr>137</ns3:hr>
            <ns3:cad>86</ns3:cad>
          </ns3:TrackPointExtension>
        </extensions>
      </trkpt>
      <trkpt lat="35.760549008846282958984375" lon="139.54331581480801105499267578125">
        <ele>41.200000762939453125</ele>
        <time>2026-09-01T22:17:16.000Z</time>
        <extensions>
          <ns3:TrackPointExtension>
            <ns3:hr>137</ns3:hr>
            <ns3:cad>85</ns3:cad>
          </ns3:TrackPointExtension>
        </extensions>
      </trkpt>
      <trkpt lat="35.76055764220654964447021484375" lon="139.543341882526874542236328125">
        <ele>41.40000152587890625</ele>
        <time>2026-09-01T22:17:17.000Z</time>
        <extensions>
          <ns3:TrackPointExtension>
            <ns3:hr>136</ns3:hr>
            <ns3:cad>85</ns3:cad>
          </ns3:TrackPointExtension>
        </extensions>
      </trkpt>
      <trkpt lat="35.76056468300521373748779296875" lon="139.54336744733154773712158203125">
        <ele>41.40000152587890625</ele>
        <time>2026-09-01T22:17:18.000Z</time>
        <extensions>
          <ns3:TrackPointExtension>
            <ns3:hr>136</ns3:hr>
            <ns3:cad>86</ns3:cad>
          </ns3:TrackPointExtension>
        </extensions>
      </trkpt>
      <trkpt lat="35.760570466518402099609375" lon="139.54339393414556980133056640625">
        <ele>41.40000152587890625</ele>
        <time>2026-09-01T22:17:19.000Z</time>
        <extensions>
          <ns3:TrackPointExtension>
            <ns3:hr>136</ns3:hr>
            <ns3:cad>86</ns3:cad>
          </ns3:TrackPointExtension>
        </extensions>
      </trkpt>
      <trkpt lat="35.7605823688209056854248046875" lon="139.5434174872934818267822265625">
        <ele>41.40000152587890625</ele>
        <time>2026-09-01T22:17:20.000Z</time>
        <extensions>
          <ns3:TrackPointExtension>
            <ns3:hr>136</ns3:hr>
            <ns3:cad>86</ns3:cad>
          </ns3:TrackPointExtension>
        </extensions>
      </trkpt>
      <trkpt lat="35.76059351675212383270263671875" lon="139.543440453708171844482421875">
        <ele>41.40000152587890625</ele>
        <time>2026-09-01T22:17:21.000Z</time>
        <extensions>
          <ns3:TrackPointExtension>
            <ns3:hr>136</ns3:hr>
            <ns3:cad>85</ns3:cad>
          </ns3:TrackPointExtension>
        </extensions>
      </trkpt>
      <trkpt lat="35.76059259474277496337890625" lon="139.54347138293087482452392578125">
        <ele>41.40000152587890625</ele>
        <time>2026-09-01T22:17:22.000Z</time>
        <extensions>
          <ns3:TrackPointExtension>
            <ns3:hr>136</ns3:hr>
            <ns3:cad>85</ns3:cad>
          </ns3:TrackPointExtension>
        </extensions>
      </trkpt>
      <trkpt lat="35.7606075145304203033447265625" lon="139.5434925891458988189697265625">
        <ele>41.40000152587890625</ele>
        <time>2026-09-01T22:17:23.000Z</time>
        <extensions>
          <ns3:TrackPointExtension>
            <ns3:hr>136</ns3:hr>
            <ns3:cad>85</ns3:cad>
          </ns3:TrackPointExtension>
        </extensions>
      </trkpt>
      <trkpt lat="35.7606189139187335968017578125" lon="139.54351044259965419769287109375">
        <ele>41.40000152587890625</ele>
        <time>2026-09-01T22:17:24.000Z</time>
        <extensions>
          <ns3:TrackPointExtension>
            <ns3:hr>136</ns3:hr>
            <ns3:cad>85</ns3:cad>
          </ns3:TrackPointExtension>
        </extensions>
      </trkpt>
      <trkpt lat="35.7606370188295841217041015625" lon="139.5435348339378833770751953125">
        <ele>41.40000152587890625</ele>
        <time>2026-09-01T22:17:25.000Z</time>
        <extensions>
          <ns3:TrackPointExtension>
            <ns3:hr>135</ns3:hr>
            <ns3:cad>84</ns3:cad>
          </ns3:TrackPointExtension>
        </extensions>
      </trkpt>
      <trkpt lat="35.760641880333423614501953125" lon="139.54355805180966854095458984375">
        <ele>41.40000152587890625</ele>
        <time>2026-09-01T22:17:26.000Z</time>
        <extensions>
          <ns3:TrackPointExtension>
            <ns3:hr>135</ns3:hr>
            <ns3:cad>83</ns3:cad>
          </ns3:TrackPointExtension>
        </extensions>
      </trkpt>
      <trkpt lat="35.7606474123895168304443359375" lon="139.54358093440532684326171875">
        <ele>41.59999847412109375</ele>
        <time>2026-09-01T22:17:27.000Z</time>
        <extensions>
          <ns3:TrackPointExtension>
            <ns3:hr>135</ns3:hr>
            <ns3:cad>82</ns3:cad>
          </ns3:TrackPointExtension>
        </extensions>
      </trkpt>
      <trkpt lat="35.76066040433943271636962890625" lon="139.54360733740031719207763671875">
        <ele>41.59999847412109375</ele>
        <time>2026-09-01T22:17:28.000Z</time>
        <extensions>
          <ns3:TrackPointExtension>
            <ns3:hr>135</ns3:hr>
            <ns3:cad>82</ns3:cad>
          </ns3:TrackPointExtension>
        </extensions>
      </trkpt>
      <trkpt lat="35.7606692053377628326416015625" lon="139.54363030381500720977783203125">
        <ele>41.59999847412109375</ele>
        <time>2026-09-01T22:17:29.000Z</time>
        <extensions>
          <ns3:TrackPointExtension>
            <ns3:hr>135</ns3:hr>
            <ns3:cad>82</ns3:cad>
          </ns3:TrackPointExtension>
        </extensions>
      </trkpt>
      <trkpt lat="35.7606792636215686798095703125" lon="139.543657712638378143310546875">
        <ele>41.59999847412109375</ele>
        <time>2026-09-01T22:17:30.000Z</time>
        <extensions>
          <ns3:TrackPointExtension>
            <ns3:hr>135</ns3:hr>
            <ns3:cad>82</ns3:cad>
          </ns3:TrackPointExtension>
        </extensions>
      </trkpt>
      <trkpt lat="35.760685466229915618896484375" lon="139.54368193633854389190673828125">
        <ele>41.59999847412109375</ele>
        <time>2026-09-01T22:17:31.000Z</time>
        <extensions>
          <ns3:TrackPointExtension>
            <ns3:hr>134</ns3:hr>
            <ns3:cad>82</ns3:cad>
          </ns3:TrackPointExtension>
        </extensions>
      </trkpt>
      <trkpt lat="35.76069678179919719696044921875" lon="139.54370121471583843231201171875">
        <ele>41.799999237060546875</ele>
        <time>2026-09-01T22:17:32.000Z</time>
        <extensions>
          <ns3:TrackPointExtension>
            <ns3:hr>134</ns3:hr>
            <ns3:cad>82</ns3:cad>
          </ns3:TrackPointExtension>
        </extensions>
      </trkpt>
      <trkpt lat="35.7607094384729862213134765625" lon="139.5437229238450527191162109375">
        <ele>41.799999237060546875</ele>
        <time>2026-09-01T22:17:33.000Z</time>
        <extensions>
          <ns3:TrackPointExtension>
            <ns3:hr>134</ns3:hr>
            <ns3:cad>82</ns3:cad>
          </ns3:TrackPointExtension>
        </extensions>
      </trkpt>
      <trkpt lat="35.76071522198617458343505859375" lon="139.54374446533620357513427734375">
        <ele>42</ele>
        <time>2026-09-01T22:17:34.000Z</time>
        <extensions>
          <ns3:TrackPointExtension>
            <ns3:hr>134</ns3:hr>
            <ns3:cad>83</ns3:cad>
          </ns3:TrackPointExtension>
        </extensions>
      </trkpt>
      <trkpt lat="35.76072477735579013824462890625" lon="139.54376206733286380767822265625">
        <ele>42</ele>
        <time>2026-09-01T22:17:35.000Z</time>
        <extensions>
          <ns3:TrackPointExtension>
            <ns3:hr>134</ns3:hr>
            <ns3:cad>83</ns3:cad>
          </ns3:TrackPointExtension>
        </extensions>
      </trkpt>
      <trkpt lat="35.76073751784861087799072265625" lon="139.5437725447118282318115234375">
        <ele>42</ele>
        <time>2026-09-01T22:17:36.000Z</time>
        <extensions>
          <ns3:TrackPointExtension>
            <ns3:hr>134</ns3:hr>
            <ns3:cad>83</ns3:cad>
          </ns3:TrackPointExtension>
        </extensions>
      </trkpt>
      <trkpt lat="35.7607416249811649322509765625" lon="139.54376173205673694610595703125">
        <ele>42.200000762939453125</ele>
        <time>2026-09-01T22:17:37.000Z</time>
        <extensions>
          <ns3:TrackPointExtension>
            <ns3:hr>134</ns3:hr>
            <ns3:cad>83</ns3:cad>
          </ns3:TrackPointExtension>
        </extensions>
      </trkpt>
      <trkpt lat="35.76075243763625621795654296875" lon="139.543745554983615875244140625">
        <ele>42.200000762939453125</ele>
        <time>2026-09-01T22:17:38.000Z</time>
        <extensions>
          <ns3:TrackPointExtension>
            <ns3:hr>134</ns3:hr>
            <ns3:cad>83</ns3:cad>
          </ns3:TrackPointExtension>
        </extensions>
      </trkpt>
      <trkpt lat="35.76076568104326725006103515625" lon="139.543730132281780242919921875">
        <ele>42.200000762939453125</ele>
        <time>2026-09-01T22:17:39.000Z</time>
        <extensions>
          <ns3:TrackPointExtension>
            <ns3:hr>134</ns3:hr>
            <ns3:cad>83</ns3:cad>
          </ns3:TrackPointExtension>
        </extensions>
      </trkpt>
      <trkpt lat="35.76077976264059543609619140625" lon="139.54371110536158084869384765625">
        <ele>42.200000762939453125</ele>
        <time>2026-09-01T22:17:40.000Z</time>
        <extensions>
          <ns3:TrackPointExtension>
            <ns3:hr>135</ns3:hr>
            <ns3:cad>83</ns3:cad>
          </ns3:TrackPointExtension>
        </extensions>
      </trkpt>
      <trkpt lat="35.76079376041889190673828125" lon="139.54369098879396915435791015625">
        <ele>42.200000762939453125</ele>
        <time>2026-09-01T22:17:41.000Z</time>
        <extensions>
          <ns3:TrackPointExtension>
            <ns3:hr>135</ns3:hr>
            <ns3:cad>83</ns3:cad>
          </ns3:TrackPointExtension>
        </extensions>
      </trkpt>
      <trkpt lat="35.76080574654042720794677734375" lon="139.54367673955857753753662109375">
        <ele>42.200000762939453125</ele>
        <time>2026-09-01T22:17:42.000Z</time>
        <extensions>
          <ns3:TrackPointExtension>
            <ns3:hr>135</ns3:hr>
            <ns3:cad>84</ns3:cad>
          </ns3:TrackPointExtension>
        </extensions>
      </trkpt>
      <trkpt lat="35.76080717146396636962890625" lon="139.543660394847393035888671875">
        <ele>42.200000762939453125</ele>
        <time>2026-09-01T22:17:43.000Z</time>
        <extensions>
          <ns3:TrackPointExtension>
            <ns3:hr>135</ns3:hr>
            <ns3:cad>84</ns3:cad>
          </ns3:TrackPointExtension>
        </extensions>
      </trkpt>
      <trkpt lat="35.7608023099601268768310546875" lon="139.543641619384288787841796875">
        <ele>42.200000762939453125</ele>
        <time>2026-09-01T22:17:44.000Z</time>
        <extensions>
          <ns3:TrackPointExtension>
            <ns3:hr>135</ns3:hr>
            <ns3:cad>84</ns3:cad>
          </ns3:TrackPointExtension>
        </extensions>
      </trkpt>
      <trkpt lat="35.7607929222285747528076171875" lon="139.54361655749380588531494140625">
        <ele>42.200000762939453125</ele>
        <time>2026-09-01T22:17:45.000Z</time>
        <extensions>
          <ns3:TrackPointExtension>
            <ns3:hr>135</ns3:hr>
            <ns3:cad>84</ns3:cad>
          </ns3:TrackPointExtension>
        </extensions>
      </trkpt>
      <trkpt lat="35.76077892445027828216552734375" lon="139.5435904897749423980712890625">
        <ele>42.200000762939453125</ele>
        <time>2026-09-01T22:17:46.000Z</time>
        <extensions>
          <ns3:TrackPointExtension>
            <ns3:hr>135</ns3:hr>
            <ns3:cad>84</ns3:cad>
          </ns3:TrackPointExtension>
        </extensions>
      </trkpt>
      <trkpt lat="35.7607620768249034881591796875" lon="139.543565176427364349365234375">
        <ele>42</ele>
        <time>2026-09-01T22:17:47.000Z</time>
        <extensions>
          <ns3:TrackPointExtension>
            <ns3:hr>135</ns3:hr>
            <ns3:cad>84</ns3:cad>
          </ns3:TrackPointExtension>
        </extensions>
      </trkpt>
      <trkpt lat="35.7607433013617992401123046875" lon="139.54353977926075458526611328125">
        <ele>41.799999237060546875</ele>
        <time>2026-09-01T22:17:48.000Z</time>
        <extensions>
          <ns3:TrackPointExtension>
            <ns3:hr>135</ns3:hr>
            <ns3:cad>84</ns3:cad>
          </ns3:TrackPointExtension>
        </extensions>
      </trkpt>
      <trkpt lat="35.7607275433838367462158203125" lon="139.54351061023771762847900390625">
        <ele>41.59999847412109375</ele>
        <time>2026-09-01T22:17:49.000Z</time>
        <extensions>
          <ns3:TrackPointExtension>
            <ns3:hr>135</ns3:hr>
            <ns3:cad>84</ns3:cad>
          </ns3:TrackPointExtension>
        </extensions>
      </trkpt>
      <trkpt lat="35.76071656309068202972412109375" lon="139.54348244704306125640869140625">
        <ele>41.59999847412109375</ele>
        <time>2026-09-01T22:17:50.000Z</time>
        <extensions>
          <ns3:TrackPointExtension>
            <ns3:hr>135</ns3:hr>
            <ns3:cad>84</ns3:cad>
          </ns3:TrackPointExtension>
        </extensions>
      </trkpt>
      <trkpt lat="35.76070566661655902862548828125" lon="139.543453194200992584228515625">
        <ele>41.200000762939453125</ele>
        <time>2026-09-01T22:17:51.000Z</time>
        <extensions>
          <ns3:TrackPointExtension>
            <ns3:hr>135</ns3:hr>
            <ns3:cad>84</ns3:cad>
          </ns3:TrackPointExtension>
        </extensions>
      </trkpt>
      <trkpt lat="35.76069527305662631988525390625" lon="139.54342746175825595855712890625">
        <ele>41</ele>
        <time>2026-09-01T22:17:52.000Z</time>
        <extensions>
          <ns3:TrackPointExtension>
            <ns3:hr>135</ns3:hr>
            <ns3:cad>85</ns3:cad>
          </ns3:TrackPointExtension>
        </extensions>
      </trkpt>
      <trkpt lat="35.760684125125408172607421875" lon="139.54340030439198017120361328125">
        <ele>41</ele>
        <time>2026-09-01T22:17:53.000Z</time>
        <extensions>
          <ns3:TrackPointExtension>
            <ns3:hr>135</ns3:hr>
            <ns3:cad>85</ns3:cad>
          </ns3:TrackPointExtension>
        </extensions>
      </trkpt>
      <trkpt lat="35.76067348010838031768798828125" lon="139.54337767325341701507568359375">
        <ele>41</ele>
        <time>2026-09-01T22:17:54.000Z</time>
        <extensions>
          <ns3:TrackPointExtension>
            <ns3:hr>135</ns3:hr>
            <ns3:cad>85</ns3:cad>
          </ns3:TrackPointExtension>
        </extensions>
      </trkpt>
      <trkpt lat="35.760659985244274139404296875" lon="139.54335629940032958984375">
        <ele>41</ele>
        <time>2026-09-01T22:17:55.000Z</time>
        <extensions>
          <ns3:TrackPointExtension>
            <ns3:hr>135</ns3:hr>
            <ns3:cad>85</ns3:cad>
          </ns3:TrackPointExtension>
        </extensions>
      </trkpt>
      <trkpt lat="35.76064783148467540740966796875" lon="139.54333693720400333404541015625">
        <ele>40.799999237060546875</ele>
        <time>2026-09-01T22:17:56.000Z</time>
        <extensions>
          <ns3:TrackPointExtension>
            <ns3:hr>135</ns3:hr>
            <ns3:cad>85</ns3:cad>
          </ns3:TrackPointExtension>
        </extensions>
      </trkpt>
      <trkpt lat="35.7606393657624721527099609375" lon="139.54331145621836185455322265625">
        <ele>41</ele>
        <time>2026-09-01T22:17:57.000Z</time>
        <extensions>
          <ns3:TrackPointExtension>
            <ns3:hr>135</ns3:hr>
            <ns3:cad>85</ns3:cad>
          </ns3:TrackPointExtension>
        </extensions>
      </trkpt>
      <trkpt lat="35.76063274405896663665771484375" lon="139.543284215033054351806640625">
        <ele>41</ele>
        <time>2026-09-01T22:17:58.000Z</time>
        <extensions>
          <ns3:TrackPointExtension>
            <ns3:hr>135</ns3:hr>
            <ns3:cad>85</ns3:cad>
          </ns3:TrackPointExtension>
        </extensions>
      </trkpt>
      <trkpt lat="35.76062335632741451263427734375" lon="139.5432562194764614105224609375">
        <ele>41</ele>
        <time>2026-09-01T22:17:59.000Z</time>
        <extensions>
          <ns3:TrackPointExtension>
            <ns3:hr>135</ns3:hr>
            <ns3:cad>85</ns3:cad>
          </ns3:TrackPointExtension>
        </extensions>
      </trkpt>
      <trkpt lat="35.76061598025262355804443359375" lon="139.54322562552988529205322265625">
        <ele>41</ele>
        <time>2026-09-01T22:18:00.000Z</time>
        <extensions>
          <ns3:TrackPointExtension>
            <ns3:hr>136</ns3:hr>
            <ns3:cad>86</ns3:cad>
          </ns3:TrackPointExtension>
        </extensions>
      </trkpt>
      <trkpt lat="35.760608352720737457275390625" lon="139.5431982167065143585205078125">
        <ele>41</ele>
        <time>2026-09-01T22:18:01.000Z</time>
        <extensions>
          <ns3:TrackPointExtension>
            <ns3:hr>136</ns3:hr>
            <ns3:cad>86</ns3:cad>
          </ns3:TrackPointExtension>
        </extensions>
      </trkpt>
      <trkpt lat="35.76059997081756591796875" lon="139.543172903358936309814453125">
        <ele>41</ele>
        <time>2026-09-01T22:18:02.000Z</time>
        <extensions>
          <ns3:TrackPointExtension>
            <ns3:hr>137</ns3:hr>
            <ns3:cad>86</ns3:cad>
          </ns3:TrackPointExtension>
        </extensions>
      </trkpt>
      <trkpt lat="35.76059083454310894012451171875" lon="139.54314800910651683807373046875">
        <ele>41</ele>
        <time>2026-09-01T22:18:03.000Z</time>
        <extensions>
          <ns3:TrackPointExtension>
            <ns3:hr>138</ns3:hr>
            <ns3:cad>86</ns3:cad>
          </ns3:TrackPointExtension>
        </extensions>
      </trkpt>
      <trkpt lat="35.76058345846831798553466796875" lon="139.54312051646411418914794921875">
        <ele>41</ele>
        <time>2026-09-01T22:18:04.000Z</time>
        <extensions>
          <ns3:TrackPointExtension>
            <ns3:hr>139</ns3:hr>
            <ns3:cad>86</ns3:cad>
          </ns3:TrackPointExtension>
        </extensions>
      </trkpt>
      <trkpt lat="35.760576166212558746337890625" lon="139.54309084452688694000244140625">
        <ele>41</ele>
        <time>2026-09-01T22:18:05.000Z</time>
        <extensions>
          <ns3:TrackPointExtension>
            <ns3:hr>139</ns3:hr>
            <ns3:cad>86</ns3:cad>
          </ns3:TrackPointExtension>
        </extensions>
      </trkpt>
      <trkpt lat="35.76056920923292636871337890625" lon="139.5430597476661205291748046875">
        <ele>41</ele>
        <time>2026-09-01T22:18:06.000Z</time>
        <extensions>
          <ns3:TrackPointExtension>
            <ns3:hr>139</ns3:hr>
            <ns3:cad>87</ns3:cad>
          </ns3:TrackPointExtension>
        </extensions>
      </trkpt>
      <trkpt lat="35.76056267134845256805419921875" lon="139.5430330932140350341796875">
        <ele>41</ele>
        <time>2026-09-01T22:18:07.000Z</time>
        <extensions>
          <ns3:TrackPointExtension>
            <ns3:hr>139</ns3:hr>
            <ns3:cad>87</ns3:cad>
          </ns3:TrackPointExtension>
        </extensions>
      </trkpt>
      <trkpt lat="35.76055730693042278289794921875" lon="139.5430087856948375701904296875">
        <ele>41</ele>
        <time>2026-09-01T22:18:08.000Z</time>
        <extensions>
          <ns3:TrackPointExtension>
            <ns3:hr>138</ns3:hr>
            <ns3:cad>87</ns3:cad>
          </ns3:TrackPointExtension>
        </extensions>
      </trkpt>
      <trkpt lat="35.7605511881411075592041015625" lon="139.54298422671854496002197265625">
        <ele>41</ele>
        <time>2026-09-01T22:18:09.000Z</time>
        <extensions>
          <ns3:TrackPointExtension>
            <ns3:hr>138</ns3:hr>
            <ns3:cad>86</ns3:cad>
          </ns3:TrackPointExtension>
        </extensions>
      </trkpt>
      <trkpt lat="35.7605475001037120819091796875" lon="139.54296092502772808074951171875">
        <ele>41</ele>
        <time>2026-09-01T22:18:10.000Z</time>
        <extensions>
          <ns3:TrackPointExtension>
            <ns3:hr>138</ns3:hr>
            <ns3:cad>86</ns3:cad>
          </ns3:TrackPointExtension>
        </extensions>
      </trkpt>
      <trkpt lat="35.7605401240289211273193359375" lon="139.5429387129843235015869140625">
        <ele>41</ele>
        <time>2026-09-01T22:18:11.000Z</time>
        <extensions>
          <ns3:TrackPointExtension>
            <ns3:hr>138</ns3:hr>
            <ns3:cad>84</ns3:cad>
          </ns3:TrackPointExtension>
        </extensions>
      </trkpt>
      <trkpt lat="35.76053484342992305755615234375" lon="139.542912729084491729736328125">
        <ele>41</ele>
        <time>2026-09-01T22:18:12.000Z</time>
        <extensions>
          <ns3:TrackPointExtension>
            <ns3:hr>138</ns3:hr>
            <ns3:cad>84</ns3:cad>
          </ns3:TrackPointExtension>
        </extensions>
      </trkpt>
      <trkpt lat="35.76052822172641754150390625" lon="139.54289118759334087371826171875">
        <ele>41</ele>
        <time>2026-09-01T22:18:13.000Z</time>
        <extensions>
          <ns3:TrackPointExtension>
            <ns3:hr>138</ns3:hr>
            <ns3:cad>83</ns3:cad>
          </ns3:TrackPointExtension>
        </extensions>
      </trkpt>
      <trkpt lat="35.76052285730838775634765625" lon="139.5428666286170482635498046875">
        <ele>41</ele>
        <time>2026-09-01T22:18:14.000Z</time>
        <extensions>
          <ns3:TrackPointExtension>
            <ns3:hr>138</ns3:hr>
            <ns3:cad>83</ns3:cad>
          </ns3:TrackPointExtension>
        </extensions>
      </trkpt>
      <trkpt lat="35.76051724143326282501220703125" lon="139.54284307546913623809814453125">
        <ele>41.200000762939453125</ele>
        <time>2026-09-01T22:18:15.000Z</time>
        <extensions>
          <ns3:TrackPointExtension>
            <ns3:hr>138</ns3:hr>
            <ns3:cad>83</ns3:cad>
          </ns3:TrackPointExtension>
        </extensions>
      </trkpt>
      <trkpt lat="35.76051036827266216278076171875" lon="139.54281918704509735107421875">
        <ele>41.200000762939453125</ele>
        <time>2026-09-01T22:18:16.000Z</time>
        <extensions>
          <ns3:TrackPointExtension>
            <ns3:hr>138</ns3:hr>
            <ns3:cad>84</ns3:cad>
          </ns3:TrackPointExtension>
        </extensions>
      </trkpt>
      <trkpt lat="35.76050215400755405426025390625" lon="139.54279345460236072540283203125">
        <ele>41.200000762939453125</ele>
        <time>2026-09-01T22:18:17.000Z</time>
        <extensions>
          <ns3:TrackPointExtension>
            <ns3:hr>138</ns3:hr>
            <ns3:cad>84</ns3:cad>
          </ns3:TrackPointExtension>
        </extensions>
      </trkpt>
      <trkpt lat="35.76049561612308025360107421875" lon="139.5427677221596240997314453125">
        <ele>41.200000762939453125</ele>
        <time>2026-09-01T22:18:18.000Z</time>
        <extensions>
          <ns3:TrackPointExtension>
            <ns3:hr>138</ns3:hr>
            <ns3:cad>84</ns3:cad>
          </ns3:TrackPointExtension>
        </extensions>
      </trkpt>
      <trkpt lat="35.7604886591434478759765625" lon="139.54274215735495090484619140625">
        <ele>41.200000762939453125</ele>
        <time>2026-09-01T22:18:19.000Z</time>
        <extensions>
          <ns3:TrackPointExtension>
            <ns3:hr>138</ns3:hr>
            <ns3:cad>84</ns3:cad>
          </ns3:TrackPointExtension>
        </extensions>
      </trkpt>
      <trkpt lat="35.76048455201089382171630859375" lon="139.54271499998867511749267578125">
        <ele>41.200000762939453125</ele>
        <time>2026-09-01T22:18:20.000Z</time>
        <extensions>
          <ns3:TrackPointExtension>
            <ns3:hr>138</ns3:hr>
            <ns3:cad>85</ns3:cad>
          </ns3:TrackPointExtension>
        </extensions>
      </trkpt>
      <trkpt lat="35.76048119924962520599365234375" lon="139.54268683679401874542236328125">
        <ele>41.200000762939453125</ele>
        <time>2026-09-01T22:18:21.000Z</time>
        <extensions>
          <ns3:TrackPointExtension>
            <ns3:hr>138</ns3:hr>
            <ns3:cad>85</ns3:cad>
          </ns3:TrackPointExtension>
        </extensions>
      </trkpt>
      <trkpt lat="35.76047399081289768218994140625" lon="139.54266202636063098907470703125">
        <ele>41.200000762939453125</ele>
        <time>2026-09-01T22:18:22.000Z</time>
        <extensions>
          <ns3:TrackPointExtension>
            <ns3:hr>138</ns3:hr>
            <ns3:cad>86</ns3:cad>
          </ns3:TrackPointExtension>
        </extensions>
      </trkpt>
      <trkpt lat="35.7604683749377727508544921875" lon="139.54262866638600826263427734375">
        <ele>41.200000762939453125</ele>
        <time>2026-09-01T22:18:23.000Z</time>
        <extensions>
          <ns3:TrackPointExtension>
            <ns3:hr>138</ns3:hr>
            <ns3:cad>85</ns3:cad>
          </ns3:TrackPointExtension>
        </extensions>
      </trkpt>
      <trkpt lat="35.7604650221765041351318359375" lon="139.542602933943271636962890625">
        <ele>41.200000762939453125</ele>
        <time>2026-09-01T22:18:24.000Z</time>
        <extensions>
          <ns3:TrackPointExtension>
            <ns3:hr>138</ns3:hr>
            <ns3:cad>85</ns3:cad>
          </ns3:TrackPointExtension>
        </extensions>
      </trkpt>
      <trkpt lat="35.76046024449169635772705078125" lon="139.54257451929152011871337890625">
        <ele>41.200000762939453125</ele>
        <time>2026-09-01T22:18:25.000Z</time>
        <extensions>
          <ns3:TrackPointExtension>
            <ns3:hr>138</ns3:hr>
            <ns3:cad>85</ns3:cad>
          </ns3:TrackPointExtension>
        </extensions>
      </trkpt>
      <trkpt lat="35.7604556344449520111083984375" lon="139.5425457693636417388916015625">
        <ele>41.200000762939453125</ele>
        <time>2026-09-01T22:18:26.000Z</time>
        <extensions>
          <ns3:TrackPointExtension>
            <ns3:hr>138</ns3:hr>
            <ns3:cad>85</ns3:cad>
          </ns3:TrackPointExtension>
        </extensions>
      </trkpt>
      <trkpt lat="35.7604499347507953643798828125" lon="139.54252070747315883636474609375">
        <ele>41.200000762939453125</ele>
        <time>2026-09-01T22:18:27.000Z</time>
        <extensions>
          <ns3:TrackPointExtension>
            <ns3:hr>138</ns3:hr>
            <ns3:cad>85</ns3:cad>
          </ns3:TrackPointExtension>
        </extensions>
      </trkpt>
      <trkpt lat="35.76044532470405101776123046875" lon="139.542495645582675933837890625">
        <ele>41.200000762939453125</ele>
        <time>2026-09-01T22:18:28.000Z</time>
        <extensions>
          <ns3:TrackPointExtension>
            <ns3:hr>138</ns3:hr>
            <ns3:cad>85</ns3:cad>
          </ns3:TrackPointExtension>
        </extensions>
      </trkpt>
      <trkpt lat="35.76044079847633838653564453125" lon="139.54247259534895420074462890625">
        <ele>41.200000762939453125</ele>
        <time>2026-09-01T22:18:29.000Z</time>
        <extensions>
          <ns3:TrackPointExtension>
            <ns3:hr>138</ns3:hr>
            <ns3:cad>85</ns3:cad>
          </ns3:TrackPointExtension>
        </extensions>
      </trkpt>
      <trkpt lat="35.76043828390538692474365234375" lon="139.5424471981823444366455078125">
        <ele>41.200000762939453125</ele>
        <time>2026-09-01T22:18:30.000Z</time>
        <extensions>
          <ns3:TrackPointExtension>
            <ns3:hr>138</ns3:hr>
            <ns3:cad>85</ns3:cad>
          </ns3:TrackPointExtension>
        </extensions>
      </trkpt>
      <trkpt lat="35.760436356067657470703125" lon="139.5424230583012104034423828125">
        <ele>41.200000762939453125</ele>
        <time>2026-09-01T22:18:31.000Z</time>
        <extensions>
          <ns3:TrackPointExtension>
            <ns3:hr>138</ns3:hr>
            <ns3:cad>84</ns3:cad>
          </ns3:TrackPointExtension>
        </extensions>
      </trkpt>
      <trkpt lat="35.76043241657316684722900390625" lon="139.54239900223910808563232421875">
        <ele>41.40000152587890625</ele>
        <time>2026-09-01T22:18:32.000Z</time>
        <extensions>
          <ns3:TrackPointExtension>
            <ns3:hr>138</ns3:hr>
            <ns3:cad>84</ns3:cad>
          </ns3:TrackPointExtension>
        </extensions>
      </trkpt>
      <trkpt lat="35.7604288123548030853271484375" lon="139.54237335361540317535400390625">
        <ele>41.40000152587890625</ele>
        <time>2026-09-01T22:18:33.000Z</time>
        <extensions>
          <ns3:TrackPointExtension>
            <ns3:hr>138</ns3:hr>
            <ns3:cad>84</ns3:cad>
          </ns3:TrackPointExtension>
        </extensions>
      </trkpt>
      <trkpt lat="35.7604251243174076080322265625" lon="139.54235105775296688079833984375">
        <ele>41.40000152587890625</ele>
        <time>2026-09-01T22:18:34.000Z</time>
        <extensions>
          <ns3:TrackPointExtension>
            <ns3:hr>138</ns3:hr>
            <ns3:cad>84</ns3:cad>
          </ns3:TrackPointExtension>
        </extensions>
      </trkpt>
      <trkpt lat="35.76042227447032928466796875" lon="139.54232909716665744781494140625">
        <ele>41.40000152587890625</ele>
        <time>2026-09-01T22:18:35.000Z</time>
        <extensions>
          <ns3:TrackPointExtension>
            <ns3:hr>138</ns3:hr>
            <ns3:cad>84</ns3:cad>
          </ns3:TrackPointExtension>
        </extensions>
      </trkpt>
      <trkpt lat="35.76041833497583866119384765625" lon="139.542303867638111114501953125">
        <ele>41.40000152587890625</ele>
        <time>2026-09-01T22:18:36.000Z</time>
        <extensions>
          <ns3:TrackPointExtension>
            <ns3:hr>138</ns3:hr>
            <ns3:cad>84</ns3:cad>
          </ns3:TrackPointExtension>
        </extensions>
      </trkpt>
      <trkpt lat="35.7604157365858554840087890625" lon="139.54227696172893047332763671875">
        <ele>41.40000152587890625</ele>
        <time>2026-09-01T22:18:37.000Z</time>
        <extensions>
          <ns3:TrackPointExtension>
            <ns3:hr>138</ns3:hr>
            <ns3:cad>84</ns3:cad>
          </ns3:TrackPointExtension>
        </extensions>
      </trkpt>
      <trkpt lat="35.76041313819587230682373046875" lon="139.54224930144846439361572265625">
        <ele>41.40000152587890625</ele>
        <time>2026-09-01T22:18:38.000Z</time>
        <extensions>
          <ns3:TrackPointExtension>
            <ns3:hr>138</ns3:hr>
            <ns3:cad>83</ns3:cad>
          </ns3:TrackPointExtension>
        </extensions>
      </trkpt>
      <trkpt lat="35.7604063488543033599853515625" lon="139.54222566448152065277099609375">
        <ele>41.40000152587890625</ele>
        <time>2026-09-01T22:18:39.000Z</time>
        <extensions>
          <ns3:TrackPointExtension>
            <ns3:hr>138</ns3:hr>
            <ns3:cad>83</ns3:cad>
          </ns3:TrackPointExtension>
        </extensions>
      </trkpt>
      <trkpt lat="35.76039947569370269775390625" lon="139.54220362007617950439453125">
        <ele>41.40000152587890625</ele>
        <time>2026-09-01T22:18:40.000Z</time>
        <extensions>
          <ns3:TrackPointExtension>
            <ns3:hr>139</ns3:hr>
            <ns3:cad>83</ns3:cad>
          </ns3:TrackPointExtension>
        </extensions>
      </trkpt>
      <trkpt lat="35.76039201579988002777099609375" lon="139.5421793125569820404052734375">
        <ele>41.40000152587890625</ele>
        <time>2026-09-01T22:18:41.000Z</time>
        <extensions>
          <ns3:TrackPointExtension>
            <ns3:hr>139</ns3:hr>
            <ns3:cad>83</ns3:cad>
          </ns3:TrackPointExtension>
        </extensions>
      </trkpt>
      <trkpt lat="35.76038246043026447296142578125" lon="139.54215860925614833831787109375">
        <ele>41.40000152587890625</ele>
        <time>2026-09-01T22:18:42.000Z</time>
        <extensions>
          <ns3:TrackPointExtension>
            <ns3:hr>139</ns3:hr>
            <ns3:cad>83</ns3:cad>
          </ns3:TrackPointExtension>
        </extensions>
      </trkpt>
      <trkpt lat="35.76037424616515636444091796875" lon="139.54213882796466350555419921875">
        <ele>41.40000152587890625</ele>
        <time>2026-09-01T22:18:43.000Z</time>
        <extensions>
          <ns3:TrackPointExtension>
            <ns3:hr>139</ns3:hr>
            <ns3:cad>83</ns3:cad>
          </ns3:TrackPointExtension>
        </extensions>
      </trkpt>
      <trkpt lat="35.76037055812776088714599609375" lon="139.54211770556867122650146484375">
        <ele>41.40000152587890625</ele>
        <time>2026-09-01T22:18:44.000Z</time>
        <extensions>
          <ns3:TrackPointExtension>
            <ns3:hr>139</ns3:hr>
            <ns3:cad>83</ns3:cad>
          </ns3:TrackPointExtension>
        </extensions>
      </trkpt>
      <trkpt lat="35.76036921702325344085693359375" lon="139.54209222458302974700927734375">
        <ele>41.40000152587890625</ele>
        <time>2026-09-01T22:18:45.000Z</time>
        <extensions>
          <ns3:TrackPointExtension>
            <ns3:hr>139</ns3:hr>
            <ns3:cad>83</ns3:cad>
          </ns3:TrackPointExtension>
        </extensions>
      </trkpt>
      <trkpt lat="35.76036586426198482513427734375" lon="139.54206892289221286773681640625">
        <ele>41.40000152587890625</ele>
        <time>2026-09-01T22:18:46.000Z</time>
        <extensions>
          <ns3:TrackPointExtension>
            <ns3:hr>139</ns3:hr>
            <ns3:cad>84</ns3:cad>
          </ns3:TrackPointExtension>
        </extensions>
      </trkpt>
      <trkpt lat="35.7603657804429531097412109375" lon="139.5420435257256031036376953125">
        <ele>41.40000152587890625</ele>
        <time>2026-09-01T22:18:47.000Z</time>
        <extensions>
          <ns3:TrackPointExtension>
            <ns3:hr>139</ns3:hr>
            <ns3:cad>84</ns3:cad>
          </ns3:TrackPointExtension>
        </extensions>
      </trkpt>
      <trkpt lat="35.76036200858652591705322265625" lon="139.542018212378025054931640625">
        <ele>41.59999847412109375</ele>
        <time>2026-09-01T22:18:48.000Z</time>
        <extensions>
          <ns3:TrackPointExtension>
            <ns3:hr>139</ns3:hr>
            <ns3:cad>85</ns3:cad>
          </ns3:TrackPointExtension>
        </extensions>
      </trkpt>
      <trkpt lat="35.76036133803427219390869140625" lon="139.5419828407466411590576171875">
        <ele>41.59999847412109375</ele>
        <time>2026-09-01T22:18:49.000Z</time>
        <extensions>
          <ns3:TrackPointExtension>
            <ns3:hr>139</ns3:hr>
            <ns3:cad>85</ns3:cad>
          </ns3:TrackPointExtension>
        </extensions>
      </trkpt>
      <trkpt lat="35.76036100275814533233642578125" lon="139.54195945523679256439208984375">
        <ele>41.59999847412109375</ele>
        <time>2026-09-01T22:18:50.000Z</time>
        <extensions>
          <ns3:TrackPointExtension>
            <ns3:hr>139</ns3:hr>
            <ns3:cad>84</ns3:cad>
          </ns3:TrackPointExtension>
        </extensions>
      </trkpt>
      <trkpt lat="35.7603516988456249237060546875" lon="139.5419422723352909088134765625">
        <ele>41.59999847412109375</ele>
        <time>2026-09-01T22:18:51.000Z</time>
        <extensions>
          <ns3:TrackPointExtension>
            <ns3:hr>140</ns3:hr>
            <ns3:cad>83</ns3:cad>
          </ns3:TrackPointExtension>
        </extensions>
      </trkpt>
      <trkpt lat="35.760346166789531707763671875" lon="139.54192257486283779144287109375">
        <ele>41.59999847412109375</ele>
        <time>2026-09-01T22:18:52.000Z</time>
        <extensions>
          <ns3:TrackPointExtension>
            <ns3:hr>140</ns3:hr>
            <ns3:cad>83</ns3:cad>
          </ns3:TrackPointExtension>
        </extensions>
      </trkpt>
      <trkpt lat="35.7603376172482967376708984375" lon="139.541899524629116058349609375">
        <ele>41.59999847412109375</ele>
        <time>2026-09-01T22:18:53.000Z</time>
        <extensions>
          <ns3:TrackPointExtension>
            <ns3:hr>140</ns3:hr>
            <ns3:cad>82</ns3:cad>
          </ns3:TrackPointExtension>
        </extensions>
      </trkpt>
      <trkpt lat="35.76033451594412326812744140625" lon="139.541873037815093994140625">
        <ele>41.59999847412109375</ele>
        <time>2026-09-01T22:18:54.000Z</time>
        <extensions>
          <ns3:TrackPointExtension>
            <ns3:hr>140</ns3:hr>
            <ns3:cad>82</ns3:cad>
          </ns3:TrackPointExtension>
        </extensions>
      </trkpt>
      <trkpt lat="35.76032747514545917510986328125" lon="139.541847892105579376220703125">
        <ele>41.59999847412109375</ele>
        <time>2026-09-01T22:18:55.000Z</time>
        <extensions>
          <ns3:TrackPointExtension>
            <ns3:hr>139</ns3:hr>
            <ns3:cad>83</ns3:cad>
          </ns3:TrackPointExtension>
        </extensions>
      </trkpt>
      <trkpt lat="35.7603250443935394287109375" lon="139.54182467423379421234130859375">
        <ele>41.59999847412109375</ele>
        <time>2026-09-01T22:18:56.000Z</time>
        <extensions>
          <ns3:TrackPointExtension>
            <ns3:hr>140</ns3:hr>
            <ns3:cad>84</ns3:cad>
          </ns3:TrackPointExtension>
        </extensions>
      </trkpt>
      <trkpt lat="35.76032345183193683624267578125" lon="139.54180489294230937957763671875">
        <ele>41.59999847412109375</ele>
        <time>2026-09-01T22:18:57.000Z</time>
        <extensions>
          <ns3:TrackPointExtension>
            <ns3:hr>140</ns3:hr>
            <ns3:cad>84</ns3:cad>
          </ns3:TrackPointExtension>
        </extensions>
      </trkpt>
      <trkpt lat="35.76031523756682872772216796875" lon="139.541786871850490570068359375">
        <ele>41.59999847412109375</ele>
        <time>2026-09-01T22:18:58.000Z</time>
        <extensions>
          <ns3:TrackPointExtension>
            <ns3:hr>140</ns3:hr>
            <ns3:cad>84</ns3:cad>
          </ns3:TrackPointExtension>
        </extensions>
      </trkpt>
      <trkpt lat="35.7603111304342746734619140625" lon="139.54176633618772029876708984375">
        <ele>41.59999847412109375</ele>
        <time>2026-09-01T22:18:59.000Z</time>
        <extensions>
          <ns3:TrackPointExtension>
            <ns3:hr>140</ns3:hr>
            <ns3:cad>84</ns3:cad>
          </ns3:TrackPointExtension>
        </extensions>
      </trkpt>
      <trkpt lat="35.76030601747334003448486328125" lon="139.54174697399139404296875">
        <ele>41.59999847412109375</ele>
        <time>2026-09-01T22:19:00.000Z</time>
        <extensions>
          <ns3:TrackPointExtension>
            <ns3:hr>140</ns3:hr>
            <ns3:cad>83</ns3:cad>
          </ns3:TrackPointExtension>
        </extensions>
      </trkpt>
      <trkpt lat="35.76030115596950054168701171875" lon="139.5417253486812114715576171875">
        <ele>41.59999847412109375</ele>
        <time>2026-09-01T22:19:01.000Z</time>
        <extensions>
          <ns3:TrackPointExtension>
            <ns3:hr>140</ns3:hr>
            <ns3:cad>83</ns3:cad>
          </ns3:TrackPointExtension>
        </extensions>
      </trkpt>
      <trkpt lat="35.76029612682759761810302734375" lon="139.54170347191393375396728515625">
        <ele>41.59999847412109375</ele>
        <time>2026-09-01T22:19:02.000Z</time>
        <extensions>
          <ns3:TrackPointExtension>
            <ns3:hr>140</ns3:hr>
            <ns3:cad>83</ns3:cad>
          </ns3:TrackPointExtension>
        </extensions>
      </trkpt>
      <trkpt lat="35.76029218733310699462890625" lon="139.541680254042148590087890625">
        <ele>41.59999847412109375</ele>
        <time>2026-09-01T22:19:03.000Z</time>
        <extensions>
          <ns3:TrackPointExtension>
            <ns3:hr>140</ns3:hr>
            <ns3:cad>83</ns3:cad>
          </ns3:TrackPointExtension>
        </extensions>
      </trkpt>
      <trkpt lat="35.76028774492442607879638671875" lon="139.5416546054184436798095703125">
        <ele>41.59999847412109375</ele>
        <time>2026-09-01T22:19:04.000Z</time>
        <extensions>
          <ns3:TrackPointExtension>
            <ns3:hr>140</ns3:hr>
            <ns3:cad>83</ns3:cad>
          </ns3:TrackPointExtension>
        </extensions>
      </trkpt>
      <trkpt lat="35.76028279960155487060546875" lon="139.54163021408021450042724609375">
        <ele>41.59999847412109375</ele>
        <time>2026-09-01T22:19:05.000Z</time>
        <extensions>
          <ns3:TrackPointExtension>
            <ns3:hr>140</ns3:hr>
            <ns3:cad>82</ns3:cad>
          </ns3:TrackPointExtension>
        </extensions>
      </trkpt>
      <trkpt lat="35.76027609407901763916015625" lon="139.54160423018038272857666015625">
        <ele>41.59999847412109375</ele>
        <time>2026-09-01T22:19:06.000Z</time>
        <extensions>
          <ns3:TrackPointExtension>
            <ns3:hr>140</ns3:hr>
            <ns3:cad>82</ns3:cad>
          </ns3:TrackPointExtension>
        </extensions>
      </trkpt>
      <trkpt lat="35.76026863418519496917724609375" lon="139.5415818504989147186279296875">
        <ele>41.59999847412109375</ele>
        <time>2026-09-01T22:19:07.000Z</time>
        <extensions>
          <ns3:TrackPointExtension>
            <ns3:hr>140</ns3:hr>
            <ns3:cad>82</ns3:cad>
          </ns3:TrackPointExtension>
        </extensions>
      </trkpt>
      <trkpt lat="35.76026268303394317626953125" lon="139.54155762679874897003173828125">
        <ele>41.59999847412109375</ele>
        <time>2026-09-01T22:19:08.000Z</time>
        <extensions>
          <ns3:TrackPointExtension>
            <ns3:hr>139</ns3:hr>
            <ns3:cad>83</ns3:cad>
          </ns3:TrackPointExtension>
        </extensions>
      </trkpt>
      <trkpt lat="35.76025840826332569122314453125" lon="139.54153516329824924468994140625">
        <ele>41.59999847412109375</ele>
        <time>2026-09-01T22:19:09.000Z</time>
        <extensions>
          <ns3:TrackPointExtension>
            <ns3:hr>139</ns3:hr>
            <ns3:cad>83</ns3:cad>
          </ns3:TrackPointExtension>
        </extensions>
      </trkpt>
      <trkpt lat="35.7602534629404544830322265625" lon="139.54151370562613010406494140625">
        <ele>41.59999847412109375</ele>
        <time>2026-09-01T22:19:10.000Z</time>
        <extensions>
          <ns3:TrackPointExtension>
            <ns3:hr>139</ns3:hr>
            <ns3:cad>83</ns3:cad>
          </ns3:TrackPointExtension>
        </extensions>
      </trkpt>
      <trkpt lat="35.76024918816983699798583984375" lon="139.541493840515613555908203125">
        <ele>41.799999237060546875</ele>
        <time>2026-09-01T22:19:11.000Z</time>
        <extensions>
          <ns3:TrackPointExtension>
            <ns3:hr>139</ns3:hr>
            <ns3:cad>83</ns3:cad>
          </ns3:TrackPointExtension>
        </extensions>
      </trkpt>
      <trkpt lat="35.7602474279701709747314453125" lon="139.5414718799293041229248046875">
        <ele>41.799999237060546875</ele>
        <time>2026-09-01T22:19:12.000Z</time>
        <extensions>
          <ns3:TrackPointExtension>
            <ns3:hr>139</ns3:hr>
            <ns3:cad>84</ns3:cad>
          </ns3:TrackPointExtension>
        </extensions>
      </trkpt>
      <trkpt lat="35.76024365611374378204345703125" lon="139.541451930999755859375">
        <ele>41.799999237060546875</ele>
        <time>2026-09-01T22:19:13.000Z</time>
        <extensions>
          <ns3:TrackPointExtension>
            <ns3:hr>138</ns3:hr>
            <ns3:cad>84</ns3:cad>
          </ns3:TrackPointExtension>
        </extensions>
      </trkpt>
      <trkpt lat="35.76023980043828487396240234375" lon="139.54143047332763671875">
        <ele>41.799999237060546875</ele>
        <time>2026-09-01T22:19:14.000Z</time>
        <extensions>
          <ns3:TrackPointExtension>
            <ns3:hr>138</ns3:hr>
            <ns3:cad>84</ns3:cad>
          </ns3:TrackPointExtension>
        </extensions>
      </trkpt>
      <trkpt lat="35.76023292727768421173095703125" lon="139.5414088480174541473388671875">
        <ele>41.59999847412109375</ele>
        <time>2026-09-01T22:19:15.000Z</time>
        <extensions>
          <ns3:TrackPointExtension>
            <ns3:hr>138</ns3:hr>
            <ns3:cad>84</ns3:cad>
          </ns3:TrackPointExtension>
        </extensions>
      </trkpt>
      <trkpt lat="35.760226808488368988037109375" lon="139.5413843728601932525634765625">
        <ele>41.59999847412109375</ele>
        <time>2026-09-01T22:19:16.000Z</time>
        <extensions>
          <ns3:TrackPointExtension>
            <ns3:hr>137</ns3:hr>
            <ns3:cad>84</ns3:cad>
          </ns3:TrackPointExtension>
        </extensions>
      </trkpt>
      <trkpt lat="35.76022169552743434906005859375" lon="139.54135864041745662689208984375">
        <ele>41.59999847412109375</ele>
        <time>2026-09-01T22:19:17.000Z</time>
        <extensions>
          <ns3:TrackPointExtension>
            <ns3:hr>137</ns3:hr>
            <ns3:cad>83</ns3:cad>
          </ns3:TrackPointExtension>
        </extensions>
      </trkpt>
      <trkpt lat="35.760216079652309417724609375" lon="139.5413330756127834320068359375">
        <ele>41.59999847412109375</ele>
        <time>2026-09-01T22:19:18.000Z</time>
        <extensions>
          <ns3:TrackPointExtension>
            <ns3:hr>137</ns3:hr>
            <ns3:cad>83</ns3:cad>
          </ns3:TrackPointExtension>
        </extensions>
      </trkpt>
      <trkpt lat="35.760208703577518463134765625" lon="139.54130784608423709869384765625">
        <ele>41.59999847412109375</ele>
        <time>2026-09-01T22:19:19.000Z</time>
        <extensions>
          <ns3:TrackPointExtension>
            <ns3:hr>137</ns3:hr>
            <ns3:cad>83</ns3:cad>
          </ns3:TrackPointExtension>
        </extensions>
      </trkpt>
      <trkpt lat="35.7602018304169178009033203125" lon="139.5412884838879108428955078125">
        <ele>41.799999237060546875</ele>
        <time>2026-09-01T22:19:20.000Z</time>
        <extensions>
          <ns3:TrackPointExtension>
            <ns3:hr>136</ns3:hr>
            <ns3:cad>83</ns3:cad>
          </ns3:TrackPointExtension>
        </extensions>
      </trkpt>
      <trkpt lat="35.7601936161518096923828125" lon="139.5412693731486797332763671875">
        <ele>41.799999237060546875</ele>
        <time>2026-09-01T22:19:21.000Z</time>
        <extensions>
          <ns3:TrackPointExtension>
            <ns3:hr>136</ns3:hr>
            <ns3:cad>83</ns3:cad>
          </ns3:TrackPointExtension>
        </extensions>
      </trkpt>
      <trkpt lat="35.76018867082893848419189453125" lon="139.54124875366687774658203125">
        <ele>41.799999237060546875</ele>
        <time>2026-09-01T22:19:22.000Z</time>
        <extensions>
          <ns3:TrackPointExtension>
            <ns3:hr>136</ns3:hr>
            <ns3:cad>83</ns3:cad>
          </ns3:TrackPointExtension>
        </extensions>
      </trkpt>
      <trkpt lat="35.760183222591876983642578125" lon="139.541228972375392913818359375">
        <ele>41.799999237060546875</ele>
        <time>2026-09-01T22:19:23.000Z</time>
        <extensions>
          <ns3:TrackPointExtension>
            <ns3:hr>136</ns3:hr>
            <ns3:cad>83</ns3:cad>
          </ns3:TrackPointExtension>
        </extensions>
      </trkpt>
      <trkpt lat="35.760175846517086029052734375" lon="139.54120860435068607330322265625">
        <ele>41.799999237060546875</ele>
        <time>2026-09-01T22:19:24.000Z</time>
        <extensions>
          <ns3:TrackPointExtension>
            <ns3:hr>136</ns3:hr>
            <ns3:cad>82</ns3:cad>
          </ns3:TrackPointExtension>
        </extensions>
      </trkpt>
      <trkpt lat="35.76016888953745365142822265625" lon="139.54118764959275722503662109375">
        <ele>41.799999237060546875</ele>
        <time>2026-09-01T22:19:25.000Z</time>
        <extensions>
          <ns3:TrackPointExtension>
            <ns3:hr>136</ns3:hr>
            <ns3:cad>82</ns3:cad>
          </ns3:TrackPointExtension>
        </extensions>
      </trkpt>
      <trkpt lat="35.76015849597752094268798828125" lon="139.54116401262581348419189453125">
        <ele>41.799999237060546875</ele>
        <time>2026-09-01T22:19:26.000Z</time>
        <extensions>
          <ns3:TrackPointExtension>
            <ns3:hr>136</ns3:hr>
            <ns3:cad>83</ns3:cad>
          </ns3:TrackPointExtension>
        </extensions>
      </trkpt>
      <trkpt lat="35.7601538859307765960693359375" lon="139.54114791937172412872314453125">
        <ele>41.799999237060546875</ele>
        <time>2026-09-01T22:19:27.000Z</time>
        <extensions>
          <ns3:TrackPointExtension>
            <ns3:hr>136</ns3:hr>
            <ns3:cad>83</ns3:cad>
          </ns3:TrackPointExtension>
        </extensions>
      </trkpt>
      <trkpt lat="35.76014609076082706451416015625" lon="139.5411252044141292572021484375">
        <ele>41.799999237060546875</ele>
        <time>2026-09-01T22:19:28.000Z</time>
        <extensions>
          <ns3:TrackPointExtension>
            <ns3:hr>136</ns3:hr>
            <ns3:cad>84</ns3:cad>
          </ns3:TrackPointExtension>
        </extensions>
      </trkpt>
      <trkpt lat="35.76013418845832347869873046875" lon="139.5410973764955997467041015625">
        <ele>41.799999237060546875</ele>
        <time>2026-09-01T22:19:29.000Z</time>
        <extensions>
          <ns3:TrackPointExtension>
            <ns3:hr>136</ns3:hr>
            <ns3:cad>84</ns3:cad>
          </ns3:TrackPointExtension>
        </extensions>
      </trkpt>
      <trkpt lat="35.7601277343928813934326171875" lon="139.54107918776571750640869140625">
        <ele>41.799999237060546875</ele>
        <time>2026-09-01T22:19:30.000Z</time>
        <extensions>
          <ns3:TrackPointExtension>
            <ns3:hr>136</ns3:hr>
            <ns3:cad>84</ns3:cad>
          </ns3:TrackPointExtension>
        </extensions>
      </trkpt>
      <trkpt lat="35.76011993922293186187744140625" lon="139.54105504788458347320556640625">
        <ele>41.799999237060546875</ele>
        <time>2026-09-01T22:19:31.000Z</time>
        <extensions>
          <ns3:TrackPointExtension>
            <ns3:hr>136</ns3:hr>
            <ns3:cad>84</ns3:cad>
          </ns3:TrackPointExtension>
        </extensions>
      </trkpt>
      <trkpt lat="35.7601133175194263458251953125" lon="139.5410293154418468475341796875">
        <ele>41.799999237060546875</ele>
        <time>2026-09-01T22:19:32.000Z</time>
        <extensions>
          <ns3:TrackPointExtension>
            <ns3:hr>136</ns3:hr>
            <ns3:cad>84</ns3:cad>
          </ns3:TrackPointExtension>
        </extensions>
      </trkpt>
      <trkpt lat="35.7601052708923816680908203125" lon="139.5410085283219814300537109375">
        <ele>41.799999237060546875</ele>
        <time>2026-09-01T22:19:33.000Z</time>
        <extensions>
          <ns3:TrackPointExtension>
            <ns3:hr>135</ns3:hr>
            <ns3:cad>85</ns3:cad>
          </ns3:TrackPointExtension>
        </extensions>
      </trkpt>
      <trkpt lat="35.76009445823729038238525390625" lon="139.54098514281213283538818359375">
        <ele>41.799999237060546875</ele>
        <time>2026-09-01T22:19:34.000Z</time>
        <extensions>
          <ns3:TrackPointExtension>
            <ns3:hr>135</ns3:hr>
            <ns3:cad>85</ns3:cad>
          </ns3:TrackPointExtension>
        </extensions>
      </trkpt>
      <trkpt lat="35.76008423231542110443115234375" lon="139.54096267931163311004638671875">
        <ele>41.799999237060546875</ele>
        <time>2026-09-01T22:19:35.000Z</time>
        <extensions>
          <ns3:TrackPointExtension>
            <ns3:hr>135</ns3:hr>
            <ns3:cad>85</ns3:cad>
          </ns3:TrackPointExtension>
        </extensions>
      </trkpt>
      <trkpt lat="35.76007685624063014984130859375" lon="139.54093619249761104583740234375">
        <ele>41.799999237060546875</ele>
        <time>2026-09-01T22:19:36.000Z</time>
        <extensions>
          <ns3:TrackPointExtension>
            <ns3:hr>135</ns3:hr>
            <ns3:cad>85</ns3:cad>
          </ns3:TrackPointExtension>
        </extensions>
      </trkpt>
      <trkpt lat="35.7600673846900463104248046875" lon="139.54091523773968219757080078125">
        <ele>41.799999237060546875</ele>
        <time>2026-09-01T22:19:37.000Z</time>
        <extensions>
          <ns3:TrackPointExtension>
            <ns3:hr>135</ns3:hr>
            <ns3:cad>85</ns3:cad>
          </ns3:TrackPointExtension>
        </extensions>
      </trkpt>
      <trkpt lat="35.76005791313946247100830078125" lon="139.5408908464014530181884765625">
        <ele>41.799999237060546875</ele>
        <time>2026-09-01T22:19:38.000Z</time>
        <extensions>
          <ns3:TrackPointExtension>
            <ns3:hr>135</ns3:hr>
            <ns3:cad>84</ns3:cad>
          </ns3:TrackPointExtension>
        </extensions>
      </trkpt>
      <trkpt lat="35.7600487768650054931640625" lon="139.54086720943450927734375">
        <ele>41.799999237060546875</ele>
        <time>2026-09-01T22:19:39.000Z</time>
        <extensions>
          <ns3:TrackPointExtension>
            <ns3:hr>135</ns3:hr>
            <ns3:cad>84</ns3:cad>
          </ns3:TrackPointExtension>
        </extensions>
      </trkpt>
      <trkpt lat="35.76003712601959705352783203125" lon="139.540844075381755828857421875">
        <ele>41.799999237060546875</ele>
        <time>2026-09-01T22:19:40.000Z</time>
        <extensions>
          <ns3:TrackPointExtension>
            <ns3:hr>135</ns3:hr>
            <ns3:cad>84</ns3:cad>
          </ns3:TrackPointExtension>
        </extensions>
      </trkpt>
      <trkpt lat="35.7600227929651737213134765625" lon="139.540823958814144134521484375">
        <ele>41.799999237060546875</ele>
        <time>2026-09-01T22:19:41.000Z</time>
        <extensions>
          <ns3:TrackPointExtension>
            <ns3:hr>135</ns3:hr>
            <ns3:cad>84</ns3:cad>
          </ns3:TrackPointExtension>
        </extensions>
      </trkpt>
      <trkpt lat="35.76000845991075038909912109375" lon="139.540803171694278717041015625">
        <ele>41.799999237060546875</ele>
        <time>2026-09-01T22:19:42.000Z</time>
        <extensions>
          <ns3:TrackPointExtension>
            <ns3:hr>135</ns3:hr>
            <ns3:cad>84</ns3:cad>
          </ns3:TrackPointExtension>
        </extensions>
      </trkpt>
      <trkpt lat="35.7599949650466442108154296875" lon="139.5407838933169841766357421875">
        <ele>41.799999237060546875</ele>
        <time>2026-09-01T22:19:43.000Z</time>
        <extensions>
          <ns3:TrackPointExtension>
            <ns3:hr>135</ns3:hr>
            <ns3:cad>84</ns3:cad>
          </ns3:TrackPointExtension>
        </extensions>
      </trkpt>
      <trkpt lat="35.75998297892510890960693359375" lon="139.54076168127357959747314453125">
        <ele>41.799999237060546875</ele>
        <time>2026-09-01T22:19:44.000Z</time>
        <extensions>
          <ns3:TrackPointExtension>
            <ns3:hr>135</ns3:hr>
            <ns3:cad>83</ns3:cad>
          </ns3:TrackPointExtension>
        </extensions>
      </trkpt>
      <trkpt lat="35.75997166335582733154296875" lon="139.54073913395404815673828125">
        <ele>41.799999237060546875</ele>
        <time>2026-09-01T22:19:45.000Z</time>
        <extensions>
          <ns3:TrackPointExtension>
            <ns3:hr>135</ns3:hr>
            <ns3:cad>83</ns3:cad>
          </ns3:TrackPointExtension>
        </extensions>
      </trkpt>
      <trkpt lat="35.759958922863006591796875" lon="139.5407158322632312774658203125">
        <ele>41.799999237060546875</ele>
        <time>2026-09-01T22:19:46.000Z</time>
        <extensions>
          <ns3:TrackPointExtension>
            <ns3:hr>135</ns3:hr>
            <ns3:cad>83</ns3:cad>
          </ns3:TrackPointExtension>
        </extensions>
      </trkpt>
      <trkpt lat="35.75994391925632953643798828125" lon="139.54069630242884159088134765625">
        <ele>41.799999237060546875</ele>
        <time>2026-09-01T22:19:47.000Z</time>
        <extensions>
          <ns3:TrackPointExtension>
            <ns3:hr>135</ns3:hr>
            <ns3:cad>83</ns3:cad>
          </ns3:TrackPointExtension>
        </extensions>
      </trkpt>
      <trkpt lat="35.75993008911609649658203125" lon="139.5406769402325153350830078125">
        <ele>42</ele>
        <time>2026-09-01T22:19:48.000Z</time>
        <extensions>
          <ns3:TrackPointExtension>
            <ns3:hr>135</ns3:hr>
            <ns3:cad>83</ns3:cad>
          </ns3:TrackPointExtension>
        </extensions>
      </trkpt>
      <trkpt lat="35.75991659425199031829833984375" lon="139.540657661855220794677734375">
        <ele>42</ele>
        <time>2026-09-01T22:19:49.000Z</time>
        <extensions>
          <ns3:TrackPointExtension>
            <ns3:hr>135</ns3:hr>
            <ns3:cad>83</ns3:cad>
          </ns3:TrackPointExtension>
        </extensions>
      </trkpt>
      <trkpt lat="35.7599027641117572784423828125" lon="139.540639221668243408203125">
        <ele>42</ele>
        <time>2026-09-01T22:19:50.000Z</time>
        <extensions>
          <ns3:TrackPointExtension>
            <ns3:hr>135</ns3:hr>
            <ns3:cad>85</ns3:cad>
          </ns3:TrackPointExtension>
        </extensions>
      </trkpt>
      <trkpt lat="35.75988407246768474578857421875" lon="139.540623128414154052734375">
        <ele>42</ele>
        <time>2026-09-01T22:19:51.000Z</time>
        <extensions>
          <ns3:TrackPointExtension>
            <ns3:hr>136</ns3:hr>
            <ns3:cad>85</ns3:cad>
          </ns3:TrackPointExtension>
        </extensions>
      </trkpt>
      <trkpt lat="35.75987300835549831390380859375" lon="139.5405931212007999420166015625">
        <ele>42</ele>
        <time>2026-09-01T22:19:52.000Z</time>
        <extensions>
          <ns3:TrackPointExtension>
            <ns3:hr>136</ns3:hr>
            <ns3:cad>84</ns3:cad>
          </ns3:TrackPointExtension>
        </extensions>
      </trkpt>
      <trkpt lat="35.75986529700458049774169921875" lon="139.5405642874538898468017578125">
        <ele>42</ele>
        <time>2026-09-01T22:19:53.000Z</time>
        <extensions>
          <ns3:TrackPointExtension>
            <ns3:hr>136</ns3:hr>
            <ns3:cad>84</ns3:cad>
          </ns3:TrackPointExtension>
        </extensions>
      </trkpt>
      <trkpt lat="35.75985423289239406585693359375" lon="139.54055515117943286895751953125">
        <ele>42.200000762939453125</ele>
        <time>2026-09-01T22:19:54.000Z</time>
        <extensions>
          <ns3:TrackPointExtension>
            <ns3:hr>136</ns3:hr>
            <ns3:cad>84</ns3:cad>
          </ns3:TrackPointExtension>
        </extensions>
      </trkpt>
      <trkpt lat="35.759837888181209564208984375" lon="139.54053662717342376708984375">
        <ele>42.40000152587890625</ele>
        <time>2026-09-01T22:19:55.000Z</time>
        <extensions>
          <ns3:TrackPointExtension>
            <ns3:hr>136</ns3:hr>
            <ns3:cad>84</ns3:cad>
          </ns3:TrackPointExtension>
        </extensions>
      </trkpt>
      <trkpt lat="35.75981819070875644683837890625" lon="139.5405123196542263031005859375">
        <ele>42.40000152587890625</ele>
        <time>2026-09-01T22:19:56.000Z</time>
        <extensions>
          <ns3:TrackPointExtension>
            <ns3:hr>136</ns3:hr>
            <ns3:cad>84</ns3:cad>
          </ns3:TrackPointExtension>
        </extensions>
      </trkpt>
      <trkpt lat="35.75980176217854022979736328125" lon="139.54049195162951946258544921875">
        <ele>42.40000152587890625</ele>
        <time>2026-09-01T22:19:57.000Z</time>
        <extensions>
          <ns3:TrackPointExtension>
            <ns3:hr>136</ns3:hr>
            <ns3:cad>84</ns3:cad>
          </ns3:TrackPointExtension>
        </extensions>
      </trkpt>
      <trkpt lat="35.75978793203830718994140625" lon="139.54047317616641521453857421875">
        <ele>42.59999847412109375</ele>
        <time>2026-09-01T22:19:58.000Z</time>
        <extensions>
          <ns3:TrackPointExtension>
            <ns3:hr>136</ns3:hr>
            <ns3:cad>84</ns3:cad>
          </ns3:TrackPointExtension>
        </extensions>
      </trkpt>
      <trkpt lat="35.7597746886312961578369140625" lon="139.5404496230185031890869140625">
        <ele>42.59999847412109375</ele>
        <time>2026-09-01T22:19:59.000Z</time>
        <extensions>
          <ns3:TrackPointExtension>
            <ns3:hr>136</ns3:hr>
            <ns3:cad>83</ns3:cad>
          </ns3:TrackPointExtension>
        </extensions>
      </trkpt>
      <trkpt lat="35.75976203195750713348388671875" lon="139.54042757861316204071044921875">
        <ele>42.799999237060546875</ele>
        <time>2026-09-01T22:20:00.000Z</time>
        <extensions>
          <ns3:TrackPointExtension>
            <ns3:hr>136</ns3:hr>
            <ns3:cad>83</ns3:cad>
          </ns3:TrackPointExtension>
        </extensions>
      </trkpt>
      <trkpt lat="35.7597495429217815399169921875" lon="139.5404043607413768768310546875">
        <ele>42.799999237060546875</ele>
        <time>2026-09-01T22:20:01.000Z</time>
        <extensions>
          <ns3:TrackPointExtension>
            <ns3:hr>136</ns3:hr>
            <ns3:cad>83</ns3:cad>
          </ns3:TrackPointExtension>
        </extensions>
      </trkpt>
      <trkpt lat="35.75974007137119770050048828125" lon="139.54038508236408233642578125">
        <ele>43</ele>
        <time>2026-09-01T22:20:02.000Z</time>
        <extensions>
          <ns3:TrackPointExtension>
            <ns3:hr>136</ns3:hr>
            <ns3:cad>83</ns3:cad>
          </ns3:TrackPointExtension>
        </extensions>
      </trkpt>
      <trkpt lat="35.75972816906869411468505859375" lon="139.54037033021450042724609375">
        <ele>43.200000762939453125</ele>
        <time>2026-09-01T22:20:03.000Z</time>
        <extensions>
          <ns3:TrackPointExtension>
            <ns3:hr>136</ns3:hr>
            <ns3:cad>82</ns3:cad>
          </ns3:TrackPointExtension>
        </extensions>
      </trkpt>
      <trkpt lat="35.75971559621393680572509765625" lon="139.5403544045984745025634765625">
        <ele>43.200000762939453125</ele>
        <time>2026-09-01T22:20:04.000Z</time>
        <extensions>
          <ns3:TrackPointExtension>
            <ns3:hr>136</ns3:hr>
            <ns3:cad>82</ns3:cad>
          </ns3:TrackPointExtension>
        </extensions>
      </trkpt>
      <trkpt lat="35.75970218516886234283447265625" lon="139.5403356291353702545166015625">
        <ele>43.200000762939453125</ele>
        <time>2026-09-01T22:20:05.000Z</time>
        <extensions>
          <ns3:TrackPointExtension>
            <ns3:hr>137</ns3:hr>
            <ns3:cad>83</ns3:cad>
          </ns3:TrackPointExtension>
        </extensions>
      </trkpt>
      <trkpt lat="35.7596915401518344879150390625" lon="139.54031593166291713714599609375">
        <ele>43.200000762939453125</ele>
        <time>2026-09-01T22:20:06.000Z</time>
        <extensions>
          <ns3:TrackPointExtension>
            <ns3:hr>137</ns3:hr>
            <ns3:cad>83</ns3:cad>
          </ns3:TrackPointExtension>
        </extensions>
      </trkpt>
      <trkpt lat="35.75967871583998203277587890625" lon="139.54029648564755916595458984375">
        <ele>43.200000762939453125</ele>
        <time>2026-09-01T22:20:07.000Z</time>
        <extensions>
          <ns3:TrackPointExtension>
            <ns3:hr>137</ns3:hr>
            <ns3:cad>83</ns3:cad>
          </ns3:TrackPointExtension>
        </extensions>
      </trkpt>
      <trkpt lat="35.759665556252002716064453125" lon="139.54027720727026462554931640625">
        <ele>43</ele>
        <time>2026-09-01T22:20:08.000Z</time>
        <extensions>
          <ns3:TrackPointExtension>
            <ns3:hr>137</ns3:hr>
            <ns3:cad>83</ns3:cad>
          </ns3:TrackPointExtension>
        </extensions>
      </trkpt>
      <trkpt lat="35.7596504688262939453125" lon="139.54025608487427234649658203125">
        <ele>42.799999237060546875</ele>
        <time>2026-09-01T22:20:09.000Z</time>
        <extensions>
          <ns3:TrackPointExtension>
            <ns3:hr>137</ns3:hr>
            <ns3:cad>83</ns3:cad>
          </ns3:TrackPointExtension>
        </extensions>
      </trkpt>
      <trkpt lat="35.75963730923831462860107421875" lon="139.5402326993644237518310546875">
        <ele>42.799999237060546875</ele>
        <time>2026-09-01T22:20:10.000Z</time>
        <extensions>
          <ns3:TrackPointExtension>
            <ns3:hr>137</ns3:hr>
            <ns3:cad>83</ns3:cad>
          </ns3:TrackPointExtension>
        </extensions>
      </trkpt>
      <trkpt lat="35.75962238945066928863525390625" lon="139.5402105711400508880615234375">
        <ele>42.799999237060546875</ele>
        <time>2026-09-01T22:20:11.000Z</time>
        <extensions>
          <ns3:TrackPointExtension>
            <ns3:hr>137</ns3:hr>
            <ns3:cad>85</ns3:cad>
          </ns3:TrackPointExtension>
        </extensions>
      </trkpt>
      <trkpt lat="35.75960688292980194091796875" lon="139.54018928110599517822265625">
        <ele>42.59999847412109375</ele>
        <time>2026-09-01T22:20:12.000Z</time>
        <extensions>
          <ns3:TrackPointExtension>
            <ns3:hr>137</ns3:hr>
            <ns3:cad>85</ns3:cad>
          </ns3:TrackPointExtension>
        </extensions>
      </trkpt>
      <trkpt lat="35.75959288515150547027587890625" lon="139.5401693321764469146728515625">
        <ele>42.59999847412109375</ele>
        <time>2026-09-01T22:20:13.000Z</time>
        <extensions>
          <ns3:TrackPointExtension>
            <ns3:hr>137</ns3:hr>
            <ns3:cad>85</ns3:cad>
          </ns3:TrackPointExtension>
        </extensions>
      </trkpt>
      <trkpt lat="35.7595778815448284149169921875" lon="139.54014795832335948944091796875">
        <ele>42.59999847412109375</ele>
        <time>2026-09-01T22:20:14.000Z</time>
        <extensions>
          <ns3:TrackPointExtension>
            <ns3:hr>137</ns3:hr>
            <ns3:cad>85</ns3:cad>
          </ns3:TrackPointExtension>
        </extensions>
      </trkpt>
      <trkpt lat="35.759562291204929351806640625" lon="139.54012800939381122589111328125">
        <ele>42.59999847412109375</ele>
        <time>2026-09-01T22:20:15.000Z</time>
        <extensions>
          <ns3:TrackPointExtension>
            <ns3:hr>137</ns3:hr>
            <ns3:cad>85</ns3:cad>
          </ns3:TrackPointExtension>
        </extensions>
      </trkpt>
      <trkpt lat="35.75954921543598175048828125" lon="139.54010571353137493133544921875">
        <ele>42.59999847412109375</ele>
        <time>2026-09-01T22:20:16.000Z</time>
        <extensions>
          <ns3:TrackPointExtension>
            <ns3:hr>137</ns3:hr>
            <ns3:cad>85</ns3:cad>
          </ns3:TrackPointExtension>
        </extensions>
      </trkpt>
      <trkpt lat="35.7595349662005901336669921875" lon="139.5400855131447315216064453125">
        <ele>42.59999847412109375</ele>
        <time>2026-09-01T22:20:17.000Z</time>
        <extensions>
          <ns3:TrackPointExtension>
            <ns3:hr>137</ns3:hr>
            <ns3:cad>86</ns3:cad>
          </ns3:TrackPointExtension>
        </extensions>
      </trkpt>
      <trkpt lat="35.75952163897454738616943359375" lon="139.54006531275808811187744140625">
        <ele>42.59999847412109375</ele>
        <time>2026-09-01T22:20:18.000Z</time>
        <extensions>
          <ns3:TrackPointExtension>
            <ns3:hr>137</ns3:hr>
            <ns3:cad>86</ns3:cad>
          </ns3:TrackPointExtension>
        </extensions>
      </trkpt>
      <trkpt lat="35.75950764119625091552734375" lon="139.5400464534759521484375">
        <ele>42.59999847412109375</ele>
        <time>2026-09-01T22:20:19.000Z</time>
        <extensions>
          <ns3:TrackPointExtension>
            <ns3:hr>137</ns3:hr>
            <ns3:cad>86</ns3:cad>
          </ns3:TrackPointExtension>
        </extensions>
      </trkpt>
      <trkpt lat="35.75949490070343017578125" lon="139.54002692364156246185302734375">
        <ele>42.799999237060546875</ele>
        <time>2026-09-01T22:20:20.000Z</time>
        <extensions>
          <ns3:TrackPointExtension>
            <ns3:hr>137</ns3:hr>
            <ns3:cad>86</ns3:cad>
          </ns3:TrackPointExtension>
        </extensions>
      </trkpt>
      <trkpt lat="35.75948140583932399749755859375" lon="139.5400026999413967132568359375">
        <ele>42.799999237060546875</ele>
        <time>2026-09-01T22:20:21.000Z</time>
        <extensions>
          <ns3:TrackPointExtension>
            <ns3:hr>137</ns3:hr>
            <ns3:cad>86</ns3:cad>
          </ns3:TrackPointExtension>
        </extensions>
      </trkpt>
      <trkpt lat="35.75946598313748836517333984375" lon="139.53998115845024585723876953125">
        <ele>42.799999237060546875</ele>
        <time>2026-09-01T22:20:22.000Z</time>
        <extensions>
          <ns3:TrackPointExtension>
            <ns3:hr>137</ns3:hr>
            <ns3:cad>85</ns3:cad>
          </ns3:TrackPointExtension>
        </extensions>
      </trkpt>
      <trkpt lat="35.7594506442546844482421875" lon="139.53996087424457073211669921875">
        <ele>43</ele>
        <time>2026-09-01T22:20:23.000Z</time>
        <extensions>
          <ns3:TrackPointExtension>
            <ns3:hr>138</ns3:hr>
            <ns3:cad>85</ns3:cad>
          </ns3:TrackPointExtension>
        </extensions>
      </trkpt>
      <trkpt lat="35.75943522155284881591796875" lon="139.53994075767695903778076171875">
        <ele>43.200000762939453125</ele>
        <time>2026-09-01T22:20:24.000Z</time>
        <extensions>
          <ns3:TrackPointExtension>
            <ns3:hr>138</ns3:hr>
            <ns3:cad>83</ns3:cad>
          </ns3:TrackPointExtension>
        </extensions>
      </trkpt>
      <trkpt lat="35.759421475231647491455078125" lon="139.53991862945258617401123046875">
        <ele>43.200000762939453125</ele>
        <time>2026-09-01T22:20:25.000Z</time>
        <extensions>
          <ns3:TrackPointExtension>
            <ns3:hr>138</ns3:hr>
            <ns3:cad>83</ns3:cad>
          </ns3:TrackPointExtension>
        </extensions>
      </trkpt>
      <trkpt lat="35.75940647162497043609619140625" lon="139.5398970879614353179931640625">
        <ele>43.200000762939453125</ele>
        <time>2026-09-01T22:20:26.000Z</time>
        <extensions>
          <ns3:TrackPointExtension>
            <ns3:hr>139</ns3:hr>
            <ns3:cad>84</ns3:cad>
          </ns3:TrackPointExtension>
        </extensions>
      </trkpt>
      <trkpt lat="35.75939071364700794219970703125" lon="139.53987739048898220062255859375">
        <ele>43.200000762939453125</ele>
        <time>2026-09-01T22:20:27.000Z</time>
        <extensions>
          <ns3:TrackPointExtension>
            <ns3:hr>139</ns3:hr>
            <ns3:cad>85</ns3:cad>
          </ns3:TrackPointExtension>
        </extensions>
      </trkpt>
      <trkpt lat="35.7593770511448383331298828125" lon="139.5398548431694507598876953125">
        <ele>43.200000762939453125</ele>
        <time>2026-09-01T22:20:28.000Z</time>
        <extensions>
          <ns3:TrackPointExtension>
            <ns3:hr>139</ns3:hr>
            <ns3:cad>86</ns3:cad>
          </ns3:TrackPointExtension>
        </extensions>
      </trkpt>
      <trkpt lat="35.75936389155685901641845703125" lon="139.53983254730701446533203125">
        <ele>43.200000762939453125</ele>
        <time>2026-09-01T22:20:29.000Z</time>
        <extensions>
          <ns3:TrackPointExtension>
            <ns3:hr>140</ns3:hr>
            <ns3:cad>86</ns3:cad>
          </ns3:TrackPointExtension>
        </extensions>
      </trkpt>
      <trkpt lat="35.7593492232263088226318359375" lon="139.539808072149753570556640625">
        <ele>43.200000762939453125</ele>
        <time>2026-09-01T22:20:30.000Z</time>
        <extensions>
          <ns3:TrackPointExtension>
            <ns3:hr>140</ns3:hr>
            <ns3:cad>86</ns3:cad>
          </ns3:TrackPointExtension>
        </extensions>
      </trkpt>
      <trkpt lat="35.75933388434350490570068359375" lon="139.53978552483022212982177734375">
        <ele>43.200000762939453125</ele>
        <time>2026-09-01T22:20:31.000Z</time>
        <extensions>
          <ns3:TrackPointExtension>
            <ns3:hr>140</ns3:hr>
            <ns3:cad>85</ns3:cad>
          </ns3:TrackPointExtension>
        </extensions>
      </trkpt>
      <trkpt lat="35.7593187130987644195556640625" lon="139.53976339660584926605224609375">
        <ele>43.40000152587890625</ele>
        <time>2026-09-01T22:20:32.000Z</time>
        <extensions>
          <ns3:TrackPointExtension>
            <ns3:hr>140</ns3:hr>
            <ns3:cad>85</ns3:cad>
          </ns3:TrackPointExtension>
        </extensions>
      </trkpt>
      <trkpt lat="35.75930505059659481048583984375" lon="139.5397411845624446868896484375">
        <ele>43.40000152587890625</ele>
        <time>2026-09-01T22:20:33.000Z</time>
        <extensions>
          <ns3:TrackPointExtension>
            <ns3:hr>140</ns3:hr>
            <ns3:cad>86</ns3:cad>
          </ns3:TrackPointExtension>
        </extensions>
      </trkpt>
      <trkpt lat="35.75928878970444202423095703125" lon="139.53971855342388153076171875">
        <ele>43.40000152587890625</ele>
        <time>2026-09-01T22:20:34.000Z</time>
        <extensions>
          <ns3:TrackPointExtension>
            <ns3:hr>141</ns3:hr>
            <ns3:cad>86</ns3:cad>
          </ns3:TrackPointExtension>
        </extensions>
      </trkpt>
      <trkpt lat="35.7592736184597015380859375" lon="139.53969667665660381317138671875">
        <ele>43.40000152587890625</ele>
        <time>2026-09-01T22:20:35.000Z</time>
        <extensions>
          <ns3:TrackPointExtension>
            <ns3:hr>141</ns3:hr>
            <ns3:cad>86</ns3:cad>
          </ns3:TrackPointExtension>
        </extensions>
      </trkpt>
      <trkpt lat="35.7592575252056121826171875" lon="139.539676643908023834228515625">
        <ele>43.40000152587890625</ele>
        <time>2026-09-01T22:20:36.000Z</time>
        <extensions>
          <ns3:TrackPointExtension>
            <ns3:hr>141</ns3:hr>
            <ns3:cad>85</ns3:cad>
          </ns3:TrackPointExtension>
        </extensions>
      </trkpt>
      <trkpt lat="35.75924034230411052703857421875" lon="139.53965552151203155517578125">
        <ele>43.40000152587890625</ele>
        <time>2026-09-01T22:20:37.000Z</time>
        <extensions>
          <ns3:TrackPointExtension>
            <ns3:hr>141</ns3:hr>
            <ns3:cad>85</ns3:cad>
          </ns3:TrackPointExtension>
        </extensions>
      </trkpt>
      <trkpt lat="35.7592221535742282867431640625" lon="139.53963540494441986083984375">
        <ele>43.40000152587890625</ele>
        <time>2026-09-01T22:20:38.000Z</time>
        <extensions>
          <ns3:TrackPointExtension>
            <ns3:hr>141</ns3:hr>
            <ns3:cad>85</ns3:cad>
          </ns3:TrackPointExtension>
        </extensions>
      </trkpt>
      <trkpt lat="35.75920589268207550048828125" lon="139.5396144501864910125732421875">
        <ele>43.40000152587890625</ele>
        <time>2026-09-01T22:20:39.000Z</time>
        <extensions>
          <ns3:TrackPointExtension>
            <ns3:hr>141</ns3:hr>
            <ns3:cad>85</ns3:cad>
          </ns3:TrackPointExtension>
        </extensions>
      </trkpt>
      <trkpt lat="35.7591877877712249755859375" lon="139.5395919866859912872314453125">
        <ele>43.40000152587890625</ele>
        <time>2026-09-01T22:20:40.000Z</time>
        <extensions>
          <ns3:TrackPointExtension>
            <ns3:hr>142</ns3:hr>
            <ns3:cad>85</ns3:cad>
          </ns3:TrackPointExtension>
        </extensions>
      </trkpt>
      <trkpt lat="35.75917303562164306640625" lon="139.5395668409764766693115234375">
        <ele>43.40000152587890625</ele>
        <time>2026-09-01T22:20:41.000Z</time>
        <extensions>
          <ns3:TrackPointExtension>
            <ns3:hr>142</ns3:hr>
            <ns3:cad>85</ns3:cad>
          </ns3:TrackPointExtension>
        </extensions>
      </trkpt>
      <trkpt lat="35.75915937311947345733642578125" lon="139.53955602832138538360595703125">
        <ele>43.40000152587890625</ele>
        <time>2026-09-01T22:20:42.000Z</time>
        <extensions>
          <ns3:TrackPointExtension>
            <ns3:hr>142</ns3:hr>
            <ns3:cad>85</ns3:cad>
          </ns3:TrackPointExtension>
        </extensions>
      </trkpt>
      <trkpt lat="35.759146213531494140625" lon="139.5395423658192157745361328125">
        <ele>43.40000152587890625</ele>
        <time>2026-09-01T22:20:43.000Z</time>
        <extensions>
          <ns3:TrackPointExtension>
            <ns3:hr>142</ns3:hr>
            <ns3:cad>85</ns3:cad>
          </ns3:TrackPointExtension>
        </extensions>
      </trkpt>
      <trkpt lat="35.759133137762546539306640625" lon="139.5395220816135406494140625">
        <ele>43.40000152587890625</ele>
        <time>2026-09-01T22:20:44.000Z</time>
        <extensions>
          <ns3:TrackPointExtension>
            <ns3:hr>142</ns3:hr>
            <ns3:cad>85</ns3:cad>
          </ns3:TrackPointExtension>
        </extensions>
      </trkpt>
      <trkpt lat="35.75912232510745525360107421875" lon="139.5394991151988506317138671875">
        <ele>43.40000152587890625</ele>
        <time>2026-09-01T22:20:45.000Z</time>
        <extensions>
          <ns3:TrackPointExtension>
            <ns3:hr>142</ns3:hr>
            <ns3:cad>85</ns3:cad>
          </ns3:TrackPointExtension>
        </extensions>
      </trkpt>
      <trkpt lat="35.759109668433666229248046875" lon="139.5394789986312389373779296875">
        <ele>43.40000152587890625</ele>
        <time>2026-09-01T22:20:46.000Z</time>
        <extensions>
          <ns3:TrackPointExtension>
            <ns3:hr>142</ns3:hr>
            <ns3:cad>85</ns3:cad>
          </ns3:TrackPointExtension>
        </extensions>
      </trkpt>
      <trkpt lat="35.759096927940845489501953125" lon="139.53945913352072238922119140625">
        <ele>43.40000152587890625</ele>
        <time>2026-09-01T22:20:47.000Z</time>
        <extensions>
          <ns3:TrackPointExtension>
            <ns3:hr>142</ns3:hr>
            <ns3:cad>85</ns3:cad>
          </ns3:TrackPointExtension>
        </extensions>
      </trkpt>
      <trkpt lat="35.7590846903622150421142578125" lon="139.53944002278149127960205078125">
        <ele>43.40000152587890625</ele>
        <time>2026-09-01T22:20:48.000Z</time>
        <extensions>
          <ns3:TrackPointExtension>
            <ns3:hr>142</ns3:hr>
            <ns3:cad>83</ns3:cad>
          </ns3:TrackPointExtension>
        </extensions>
      </trkpt>
      <trkpt lat="35.7590709440410137176513671875" lon="139.53941948711872100830078125">
        <ele>43.40000152587890625</ele>
        <time>2026-09-01T22:20:49.000Z</time>
        <extensions>
          <ns3:TrackPointExtension>
            <ns3:hr>142</ns3:hr>
            <ns3:cad>83</ns3:cad>
          </ns3:TrackPointExtension>
        </extensions>
      </trkpt>
      <trkpt lat="35.75905711390078067779541015625" lon="139.539397694170475006103515625">
        <ele>43.40000152587890625</ele>
        <time>2026-09-01T22:20:50.000Z</time>
        <extensions>
          <ns3:TrackPointExtension>
            <ns3:hr>143</ns3:hr>
            <ns3:cad>84</ns3:cad>
          </ns3:TrackPointExtension>
        </extensions>
      </trkpt>
      <trkpt lat="35.759043954312801361083984375" lon="139.53937699086964130401611328125">
        <ele>43.40000152587890625</ele>
        <time>2026-09-01T22:20:51.000Z</time>
        <extensions>
          <ns3:TrackPointExtension>
            <ns3:hr>143</ns3:hr>
            <ns3:cad>84</ns3:cad>
          </ns3:TrackPointExtension>
        </extensions>
      </trkpt>
      <trkpt lat="35.75903020799160003662109375" lon="139.53935704194009304046630859375">
        <ele>43.40000152587890625</ele>
        <time>2026-09-01T22:20:52.000Z</time>
        <extensions>
          <ns3:TrackPointExtension>
            <ns3:hr>143</ns3:hr>
            <ns3:cad>84</ns3:cad>
          </ns3:TrackPointExtension>
        </extensions>
      </trkpt>
      <trkpt lat="35.75901537202298641204833984375" lon="139.5393378473818302154541015625">
        <ele>43.40000152587890625</ele>
        <time>2026-09-01T22:20:53.000Z</time>
        <extensions>
          <ns3:TrackPointExtension>
            <ns3:hr>143</ns3:hr>
            <ns3:cad>84</ns3:cad>
          </ns3:TrackPointExtension>
        </extensions>
      </trkpt>
      <trkpt lat="35.75900137424468994140625" lon="139.539318569004535675048828125">
        <ele>43.40000152587890625</ele>
        <time>2026-09-01T22:20:54.000Z</time>
        <extensions>
          <ns3:TrackPointExtension>
            <ns3:hr>143</ns3:hr>
            <ns3:cad>84</ns3:cad>
          </ns3:TrackPointExtension>
        </extensions>
      </trkpt>
      <trkpt lat="35.7589881308376789093017578125" lon="139.539299122989177703857421875">
        <ele>43.40000152587890625</ele>
        <time>2026-09-01T22:20:55.000Z</time>
        <extensions>
          <ns3:TrackPointExtension>
            <ns3:hr>144</ns3:hr>
            <ns3:cad>84</ns3:cad>
          </ns3:TrackPointExtension>
        </extensions>
      </trkpt>
      <trkpt lat="35.75897388160228729248046875" lon="139.53928093425929546356201171875">
        <ele>43.40000152587890625</ele>
        <time>2026-09-01T22:20:56.000Z</time>
        <extensions>
          <ns3:TrackPointExtension>
            <ns3:hr>144</ns3:hr>
            <ns3:cad>84</ns3:cad>
          </ns3:TrackPointExtension>
        </extensions>
      </trkpt>
      <trkpt lat="35.7589619792997837066650390625" lon="139.539259560406208038330078125">
        <ele>43.40000152587890625</ele>
        <time>2026-09-01T22:20:57.000Z</time>
        <extensions>
          <ns3:TrackPointExtension>
            <ns3:hr>144</ns3:hr>
            <ns3:cad>84</ns3:cad>
          </ns3:TrackPointExtension>
        </extensions>
      </trkpt>
      <trkpt lat="35.75894982554018497467041015625" lon="139.53923986293375492095947265625">
        <ele>43.40000152587890625</ele>
        <time>2026-09-01T22:20:58.000Z</time>
        <extensions>
          <ns3:TrackPointExtension>
            <ns3:hr>144</ns3:hr>
            <ns3:cad>84</ns3:cad>
          </ns3:TrackPointExtension>
        </extensions>
      </trkpt>
      <trkpt lat="35.7589361630380153656005859375" lon="139.5392198301851749420166015625">
        <ele>43.40000152587890625</ele>
        <time>2026-09-01T22:20:59.000Z</time>
        <extensions>
          <ns3:TrackPointExtension>
            <ns3:hr>145</ns3:hr>
            <ns3:cad>84</ns3:cad>
          </ns3:TrackPointExtension>
        </extensions>
      </trkpt>
      <trkpt lat="35.7589240930974483489990234375" lon="139.5391983725130558013916015625">
        <ele>43.40000152587890625</ele>
        <time>2026-09-01T22:21:00.000Z</time>
        <extensions>
          <ns3:TrackPointExtension>
            <ns3:hr>145</ns3:hr>
            <ns3:cad>84</ns3:cad>
          </ns3:TrackPointExtension>
        </extensions>
      </trkpt>
      <trkpt lat="35.75891361571848392486572265625" lon="139.5391759090125560760498046875">
        <ele>43.40000152587890625</ele>
        <time>2026-09-01T22:21:01.000Z</time>
        <extensions>
          <ns3:TrackPointExtension>
            <ns3:hr>145</ns3:hr>
            <ns3:cad>84</ns3:cad>
          </ns3:TrackPointExtension>
        </extensions>
      </trkpt>
      <trkpt lat="35.7588996179401874542236328125" lon="139.53915235586464405059814453125">
        <ele>43.59999847412109375</ele>
        <time>2026-09-01T22:21:02.000Z</time>
        <extensions>
          <ns3:TrackPointExtension>
            <ns3:hr>145</ns3:hr>
            <ns3:cad>84</ns3:cad>
          </ns3:TrackPointExtension>
        </extensions>
      </trkpt>
      <trkpt lat="35.75888696126639842987060546875" lon="139.53913140110671520233154296875">
        <ele>43.799999237060546875</ele>
        <time>2026-09-01T22:21:03.000Z</time>
        <extensions>
          <ns3:TrackPointExtension>
            <ns3:hr>144</ns3:hr>
            <ns3:cad>84</ns3:cad>
          </ns3:TrackPointExtension>
        </extensions>
      </trkpt>
      <trkpt lat="35.7588741369545459747314453125" lon="139.53911027871072292327880859375">
        <ele>44</ele>
        <time>2026-09-01T22:21:04.000Z</time>
        <extensions>
          <ns3:TrackPointExtension>
            <ns3:hr>144</ns3:hr>
            <ns3:cad>84</ns3:cad>
          </ns3:TrackPointExtension>
        </extensions>
      </trkpt>
      <trkpt lat="35.758860893547534942626953125" lon="139.5390870608389377593994140625">
        <ele>44</ele>
        <time>2026-09-01T22:21:05.000Z</time>
        <extensions>
          <ns3:TrackPointExtension>
            <ns3:hr>144</ns3:hr>
            <ns3:cad>83</ns3:cad>
          </ns3:TrackPointExtension>
        </extensions>
      </trkpt>
      <trkpt lat="35.75884622521698474884033203125" lon="139.53906484879553318023681640625">
        <ele>44.200000762939453125</ele>
        <time>2026-09-01T22:21:06.000Z</time>
        <extensions>
          <ns3:TrackPointExtension>
            <ns3:hr>144</ns3:hr>
            <ns3:cad>83</ns3:cad>
          </ns3:TrackPointExtension>
        </extensions>
      </trkpt>
      <trkpt lat="35.758830718696117401123046875" lon="139.5390444807708263397216796875">
        <ele>44.200000762939453125</ele>
        <time>2026-09-01T22:21:07.000Z</time>
        <extensions>
          <ns3:TrackPointExtension>
            <ns3:hr>144</ns3:hr>
            <ns3:cad>83</ns3:cad>
          </ns3:TrackPointExtension>
        </extensions>
      </trkpt>
      <trkpt lat="35.758817978203296661376953125" lon="139.53902930952608585357666015625">
        <ele>44.40000152587890625</ele>
        <time>2026-09-01T22:21:08.000Z</time>
        <extensions>
          <ns3:TrackPointExtension>
            <ns3:hr>144</ns3:hr>
            <ns3:cad>83</ns3:cad>
          </ns3:TrackPointExtension>
        </extensions>
      </trkpt>
      <trkpt lat="35.7588054053485393524169921875" lon="139.539014808833599090576171875">
        <ele>44.40000152587890625</ele>
        <time>2026-09-01T22:21:09.000Z</time>
        <extensions>
          <ns3:TrackPointExtension>
            <ns3:hr>144</ns3:hr>
            <ns3:cad>82</ns3:cad>
          </ns3:TrackPointExtension>
        </extensions>
      </trkpt>
      <trkpt lat="35.758790485560894012451171875" lon="139.5389958657324314117431640625">
        <ele>44.59999847412109375</ele>
        <time>2026-09-01T22:21:10.000Z</time>
        <extensions>
          <ns3:TrackPointExtension>
            <ns3:hr>144</ns3:hr>
            <ns3:cad>82</ns3:cad>
          </ns3:TrackPointExtension>
        </extensions>
      </trkpt>
      <trkpt lat="35.7587742246687412261962890625" lon="139.538979940116405487060546875">
        <ele>44.59999847412109375</ele>
        <time>2026-09-01T22:21:11.000Z</time>
        <extensions>
          <ns3:TrackPointExtension>
            <ns3:hr>144</ns3:hr>
            <ns3:cad>82</ns3:cad>
          </ns3:TrackPointExtension>
        </extensions>
      </trkpt>
      <trkpt lat="35.75875888578593730926513671875" lon="139.53896694816648960113525390625">
        <ele>44.799999237060546875</ele>
        <time>2026-09-01T22:21:12.000Z</time>
        <extensions>
          <ns3:TrackPointExtension>
            <ns3:hr>144</ns3:hr>
            <ns3:cad>82</ns3:cad>
          </ns3:TrackPointExtension>
        </extensions>
      </trkpt>
      <trkpt lat="35.758744217455387115478515625" lon="139.5389532856643199920654296875">
        <ele>44.799999237060546875</ele>
        <time>2026-09-01T22:21:13.000Z</time>
        <extensions>
          <ns3:TrackPointExtension>
            <ns3:hr>144</ns3:hr>
            <ns3:cad>81</ns3:cad>
          </ns3:TrackPointExtension>
        </extensions>
      </trkpt>
      <trkpt lat="35.75873021967709064483642578125" lon="139.53893912024796009063720703125">
        <ele>44.799999237060546875</ele>
        <time>2026-09-01T22:21:14.000Z</time>
        <extensions>
          <ns3:TrackPointExtension>
            <ns3:hr>145</ns3:hr>
            <ns3:cad>81</ns3:cad>
          </ns3:TrackPointExtension>
        </extensions>
      </trkpt>
      <trkpt lat="35.75871479697525501251220703125" lon="139.53891967423260211944580078125">
        <ele>44.799999237060546875</ele>
        <time>2026-09-01T22:21:15.000Z</time>
        <extensions>
          <ns3:TrackPointExtension>
            <ns3:hr>145</ns3:hr>
            <ns3:cad>82</ns3:cad>
          </ns3:TrackPointExtension>
        </extensions>
      </trkpt>
      <trkpt lat="35.75870021246373653411865234375" lon="139.53889645636081695556640625">
        <ele>44.59999847412109375</ele>
        <time>2026-09-01T22:21:16.000Z</time>
        <extensions>
          <ns3:TrackPointExtension>
            <ns3:hr>145</ns3:hr>
            <ns3:cad>82</ns3:cad>
          </ns3:TrackPointExtension>
        </extensions>
      </trkpt>
      <trkpt lat="35.7586857117712497711181640625" lon="139.538876675069332122802734375">
        <ele>44.40000152587890625</ele>
        <time>2026-09-01T22:21:17.000Z</time>
        <extensions>
          <ns3:TrackPointExtension>
            <ns3:hr>146</ns3:hr>
            <ns3:cad>83</ns3:cad>
          </ns3:TrackPointExtension>
        </extensions>
      </trkpt>
      <trkpt lat="35.7586712948977947235107421875" lon="139.5388577319681644439697265625">
        <ele>44.200000762939453125</ele>
        <time>2026-09-01T22:21:18.000Z</time>
        <extensions>
          <ns3:TrackPointExtension>
            <ns3:hr>146</ns3:hr>
            <ns3:cad>83</ns3:cad>
          </ns3:TrackPointExtension>
        </extensions>
      </trkpt>
      <trkpt lat="35.758657716214656829833984375" lon="139.53883551992475986480712890625">
        <ele>44.200000762939453125</ele>
        <time>2026-09-01T22:21:19.000Z</time>
        <extensions>
          <ns3:TrackPointExtension>
            <ns3:hr>146</ns3:hr>
            <ns3:cad>83</ns3:cad>
          </ns3:TrackPointExtension>
        </extensions>
      </trkpt>
      <trkpt lat="35.75864153914153575897216796875" lon="139.538812972605228424072265625">
        <ele>44</ele>
        <time>2026-09-01T22:21:20.000Z</time>
        <extensions>
          <ns3:TrackPointExtension>
            <ns3:hr>146</ns3:hr>
            <ns3:cad>84</ns3:cad>
          </ns3:TrackPointExtension>
        </extensions>
      </trkpt>
      <trkpt lat="35.7586226798593997955322265625" lon="139.53878690488636493682861328125">
        <ele>43.59999847412109375</ele>
        <time>2026-09-01T22:21:21.000Z</time>
        <extensions>
          <ns3:TrackPointExtension>
            <ns3:hr>146</ns3:hr>
            <ns3:cad>84</ns3:cad>
          </ns3:TrackPointExtension>
        </extensions>
      </trkpt>
      <trkpt lat="35.75861019082367420196533203125" lon="139.53877164982259273529052734375">
        <ele>43.59999847412109375</ele>
        <time>2026-09-01T22:21:22.000Z</time>
        <extensions>
          <ns3:TrackPointExtension>
            <ns3:hr>146</ns3:hr>
            <ns3:cad>84</ns3:cad>
          </ns3:TrackPointExtension>
        </extensions>
      </trkpt>
      <trkpt lat="35.75859610922634601593017578125" lon="139.5387504436075687408447265625">
        <ele>43.59999847412109375</ele>
        <time>2026-09-01T22:21:23.000Z</time>
        <extensions>
          <ns3:TrackPointExtension>
            <ns3:hr>146</ns3:hr>
            <ns3:cad>84</ns3:cad>
          </ns3:TrackPointExtension>
        </extensions>
      </trkpt>
      <trkpt lat="35.75858253054320812225341796875" lon="139.53873426653444766998291015625">
        <ele>43.40000152587890625</ele>
        <time>2026-09-01T22:21:24.000Z</time>
        <extensions>
          <ns3:TrackPointExtension>
            <ns3:hr>146</ns3:hr>
            <ns3:cad>84</ns3:cad>
          </ns3:TrackPointExtension>
        </extensions>
      </trkpt>
      <trkpt lat="35.7585693709552288055419921875" lon="139.538714401423931121826171875">
        <ele>43.40000152587890625</ele>
        <time>2026-09-01T22:21:25.000Z</time>
        <extensions>
          <ns3:TrackPointExtension>
            <ns3:hr>146</ns3:hr>
            <ns3:cad>85</ns3:cad>
          </ns3:TrackPointExtension>
        </extensions>
      </trkpt>
      <trkpt lat="35.758554451167583465576171875" lon="139.53869252465665340423583984375">
        <ele>43.40000152587890625</ele>
        <time>2026-09-01T22:21:26.000Z</time>
        <extensions>
          <ns3:TrackPointExtension>
            <ns3:hr>146</ns3:hr>
            <ns3:cad>85</ns3:cad>
          </ns3:TrackPointExtension>
        </extensions>
      </trkpt>
      <trkpt lat="35.7585412077605724334716796875" lon="139.538672827184200286865234375">
        <ele>43.40000152587890625</ele>
        <time>2026-09-01T22:21:27.000Z</time>
        <extensions>
          <ns3:TrackPointExtension>
            <ns3:hr>146</ns3:hr>
            <ns3:cad>85</ns3:cad>
          </ns3:TrackPointExtension>
        </extensions>
      </trkpt>
      <trkpt lat="35.75852771289646625518798828125" lon="139.53865329734981060028076171875">
        <ele>43.200000762939453125</ele>
        <time>2026-09-01T22:21:28.000Z</time>
        <extensions>
          <ns3:TrackPointExtension>
            <ns3:hr>146</ns3:hr>
            <ns3:cad>85</ns3:cad>
          </ns3:TrackPointExtension>
        </extensions>
      </trkpt>
      <trkpt lat="35.75851547531783580780029296875" lon="139.53863351605832576751708984375">
        <ele>43.200000762939453125</ele>
        <time>2026-09-01T22:21:29.000Z</time>
        <extensions>
          <ns3:TrackPointExtension>
            <ns3:hr>146</ns3:hr>
            <ns3:cad>84</ns3:cad>
          </ns3:TrackPointExtension>
        </extensions>
      </trkpt>
      <trkpt lat="35.7585036568343639373779296875" lon="139.538612477481365203857421875">
        <ele>43.200000762939453125</ele>
        <time>2026-09-01T22:21:30.000Z</time>
        <extensions>
          <ns3:TrackPointExtension>
            <ns3:hr>146</ns3:hr>
            <ns3:cad>84</ns3:cad>
          </ns3:TrackPointExtension>
        </extensions>
      </trkpt>
      <trkpt lat="35.75849150307476520538330078125" lon="139.5385908521711826324462890625">
        <ele>43.200000762939453125</ele>
        <time>2026-09-01T22:21:31.000Z</time>
        <extensions>
          <ns3:TrackPointExtension>
            <ns3:hr>146</ns3:hr>
            <ns3:cad>84</ns3:cad>
          </ns3:TrackPointExtension>
        </extensions>
      </trkpt>
      <trkpt lat="35.758480019867420196533203125" lon="139.5385697297751903533935546875">
        <ele>43.200000762939453125</ele>
        <time>2026-09-01T22:21:32.000Z</time>
        <extensions>
          <ns3:TrackPointExtension>
            <ns3:hr>146</ns3:hr>
            <ns3:cad>84</ns3:cad>
          </ns3:TrackPointExtension>
        </extensions>
      </trkpt>
      <trkpt lat="35.75846954248845577239990234375" lon="139.53855053521692752838134765625">
        <ele>43.200000762939453125</ele>
        <time>2026-09-01T22:21:33.000Z</time>
        <extensions>
          <ns3:TrackPointExtension>
            <ns3:hr>146</ns3:hr>
            <ns3:cad>84</ns3:cad>
          </ns3:TrackPointExtension>
        </extensions>
      </trkpt>
      <trkpt lat="35.75845747254788875579833984375" lon="139.5385311730206012725830078125">
        <ele>43.200000762939453125</ele>
        <time>2026-09-01T22:21:34.000Z</time>
        <extensions>
          <ns3:TrackPointExtension>
            <ns3:hr>146</ns3:hr>
            <ns3:cad>84</ns3:cad>
          </ns3:TrackPointExtension>
        </extensions>
      </trkpt>
      <trkpt lat="35.75844322331249713897705078125" lon="139.5385144092142581939697265625">
        <ele>43.200000762939453125</ele>
        <time>2026-09-01T22:21:35.000Z</time>
        <extensions>
          <ns3:TrackPointExtension>
            <ns3:hr>146</ns3:hr>
            <ns3:cad>84</ns3:cad>
          </ns3:TrackPointExtension>
        </extensions>
      </trkpt>
      <trkpt lat="35.7584309019148349761962890625" lon="139.53849588520824909210205078125">
        <ele>43.200000762939453125</ele>
        <time>2026-09-01T22:21:36.000Z</time>
        <extensions>
          <ns3:TrackPointExtension>
            <ns3:hr>145</ns3:hr>
            <ns3:cad>84</ns3:cad>
          </ns3:TrackPointExtension>
        </extensions>
      </trkpt>
      <trkpt lat="35.758418329060077667236328125" lon="139.538477696478366851806640625">
        <ele>43.200000762939453125</ele>
        <time>2026-09-01T22:21:37.000Z</time>
        <extensions>
          <ns3:TrackPointExtension>
            <ns3:hr>145</ns3:hr>
            <ns3:cad>84</ns3:cad>
          </ns3:TrackPointExtension>
        </extensions>
      </trkpt>
      <trkpt lat="35.7584059238433837890625" lon="139.538457579910755157470703125">
        <ele>43.200000762939453125</ele>
        <time>2026-09-01T22:21:38.000Z</time>
        <extensions>
          <ns3:TrackPointExtension>
            <ns3:hr>146</ns3:hr>
            <ns3:cad>84</ns3:cad>
          </ns3:TrackPointExtension>
        </extensions>
      </trkpt>
      <trkpt lat="35.75839125551283359527587890625" lon="139.53843335621058940887451171875">
        <ele>43.200000762939453125</ele>
        <time>2026-09-01T22:21:39.000Z</time>
        <extensions>
          <ns3:TrackPointExtension>
            <ns3:hr>146</ns3:hr>
            <ns3:cad>84</ns3:cad>
          </ns3:TrackPointExtension>
        </extensions>
      </trkpt>
      <trkpt lat="35.75838304124772548675537109375" lon="139.538418352603912353515625">
        <ele>43.200000762939453125</ele>
        <time>2026-09-01T22:21:40.000Z</time>
        <extensions>
          <ns3:TrackPointExtension>
            <ns3:hr>146</ns3:hr>
            <ns3:cad>84</ns3:cad>
          </ns3:TrackPointExtension>
        </extensions>
      </trkpt>
      <trkpt lat="35.75837440788745880126953125" lon="139.53840158879756927490234375">
        <ele>43.200000762939453125</ele>
        <time>2026-09-01T22:21:41.000Z</time>
        <extensions>
          <ns3:TrackPointExtension>
            <ns3:hr>145</ns3:hr>
            <ns3:cad>84</ns3:cad>
          </ns3:TrackPointExtension>
        </extensions>
      </trkpt>
      <trkpt lat="35.75836543925106525421142578125" lon="139.53838340006768703460693359375">
        <ele>43.200000762939453125</ele>
        <time>2026-09-01T22:21:42.000Z</time>
        <extensions>
          <ns3:TrackPointExtension>
            <ns3:hr>145</ns3:hr>
            <ns3:cad>84</ns3:cad>
          </ns3:TrackPointExtension>
        </extensions>
      </trkpt>
      <trkpt lat="35.758355297148227691650390625" lon="139.53836579807102680206298828125">
        <ele>43.200000762939453125</ele>
        <time>2026-09-01T22:21:43.000Z</time>
        <extensions>
          <ns3:TrackPointExtension>
            <ns3:hr>145</ns3:hr>
            <ns3:cad>84</ns3:cad>
          </ns3:TrackPointExtension>
        </extensions>
      </trkpt>
      <trkpt lat="35.758343897759914398193359375" lon="139.53834668733179569244384765625">
        <ele>43.200000762939453125</ele>
        <time>2026-09-01T22:21:44.000Z</time>
        <extensions>
          <ns3:TrackPointExtension>
            <ns3:hr>144</ns3:hr>
            <ns3:cad>85</ns3:cad>
          </ns3:TrackPointExtension>
        </extensions>
      </trkpt>
      <trkpt lat="35.75833140872418880462646484375" lon="139.53832590021193027496337890625">
        <ele>43.200000762939453125</ele>
        <time>2026-09-01T22:21:45.000Z</time>
        <extensions>
          <ns3:TrackPointExtension>
            <ns3:hr>144</ns3:hr>
            <ns3:cad>85</ns3:cad>
          </ns3:TrackPointExtension>
        </extensions>
      </trkpt>
      <trkpt lat="35.75832051225006580352783203125" lon="139.53830477781593799591064453125">
        <ele>43.200000762939453125</ele>
        <time>2026-09-01T22:21:47.000Z</time>
        <extensions>
          <ns3:TrackPointExtension>
            <ns3:hr>143</ns3:hr>
            <ns3:cad>85</ns3:cad>
          </ns3:TrackPointExtension>
        </extensions>
      </trkpt>
      <trkpt lat="35.75831112451851367950439453125" lon="139.53828298486769199371337890625">
        <ele>43.200000762939453125</ele>
        <time>2026-09-01T22:21:48.000Z</time>
        <extensions>
          <ns3:TrackPointExtension>
            <ns3:hr>143</ns3:hr>
            <ns3:cad>85</ns3:cad>
          </ns3:TrackPointExtension>
        </extensions>
      </trkpt>
      <trkpt lat="35.75830332934856414794921875" lon="139.53826253302395343780517578125">
        <ele>43.40000152587890625</ele>
        <time>2026-09-01T22:21:49.000Z</time>
        <extensions>
          <ns3:TrackPointExtension>
            <ns3:hr>143</ns3:hr>
            <ns3:cad>85</ns3:cad>
          </ns3:TrackPointExtension>
        </extensions>
      </trkpt>
      <trkpt lat="35.75829100795090198516845703125" lon="139.5382445119321346282958984375">
        <ele>43.40000152587890625</ele>
        <time>2026-09-01T22:21:50.000Z</time>
        <extensions>
          <ns3:TrackPointExtension>
            <ns3:hr>143</ns3:hr>
            <ns3:cad>84</ns3:cad>
          </ns3:TrackPointExtension>
        </extensions>
      </trkpt>
      <trkpt lat="35.75827927328646183013916015625" lon="139.53822548501193523406982421875">
        <ele>43.40000152587890625</ele>
        <time>2026-09-01T22:21:51.000Z</time>
        <extensions>
          <ns3:TrackPointExtension>
            <ns3:hr>143</ns3:hr>
            <ns3:cad>84</ns3:cad>
          </ns3:TrackPointExtension>
        </extensions>
      </trkpt>
      <trkpt lat="35.75827172957360744476318359375" lon="139.5382036082446575164794921875">
        <ele>43.40000152587890625</ele>
        <time>2026-09-01T22:21:52.000Z</time>
        <extensions>
          <ns3:TrackPointExtension>
            <ns3:hr>143</ns3:hr>
            <ns3:cad>84</ns3:cad>
          </ns3:TrackPointExtension>
        </extensions>
      </trkpt>
      <trkpt lat="35.75826443731784820556640625" lon="139.53818223439157009124755859375">
        <ele>43.40000152587890625</ele>
        <time>2026-09-01T22:21:53.000Z</time>
        <extensions>
          <ns3:TrackPointExtension>
            <ns3:hr>142</ns3:hr>
            <ns3:cad>84</ns3:cad>
          </ns3:TrackPointExtension>
        </extensions>
      </trkpt>
      <trkpt lat="35.75825748033821582794189453125" lon="139.5381627045571804046630859375">
        <ele>43.40000152587890625</ele>
        <time>2026-09-01T22:21:54.000Z</time>
        <extensions>
          <ns3:TrackPointExtension>
            <ns3:hr>142</ns3:hr>
            <ns3:cad>84</ns3:cad>
          </ns3:TrackPointExtension>
        </extensions>
      </trkpt>
      <trkpt lat="35.75825245119631290435791015625" lon="139.53814082778990268707275390625">
        <ele>43.40000152587890625</ele>
        <time>2026-09-01T22:21:55.000Z</time>
        <extensions>
          <ns3:TrackPointExtension>
            <ns3:hr>143</ns3:hr>
            <ns3:cad>84</ns3:cad>
          </ns3:TrackPointExtension>
        </extensions>
      </trkpt>
      <trkpt lat="35.75824423693120479583740234375" lon="139.53812071122229099273681640625">
        <ele>43.40000152587890625</ele>
        <time>2026-09-01T22:21:56.000Z</time>
        <extensions>
          <ns3:TrackPointExtension>
            <ns3:hr>143</ns3:hr>
            <ns3:cad>83</ns3:cad>
          </ns3:TrackPointExtension>
        </extensions>
      </trkpt>
      <trkpt lat="35.75823350809514522552490234375" lon="139.5381033606827259063720703125">
        <ele>43.40000152587890625</ele>
        <time>2026-09-01T22:21:57.000Z</time>
        <extensions>
          <ns3:TrackPointExtension>
            <ns3:hr>142</ns3:hr>
            <ns3:cad>83</ns3:cad>
          </ns3:TrackPointExtension>
        </extensions>
      </trkpt>
      <trkpt lat="35.758223868906497955322265625" lon="139.53808416612446308135986328125">
        <ele>43.40000152587890625</ele>
        <time>2026-09-01T22:21:58.000Z</time>
        <extensions>
          <ns3:TrackPointExtension>
            <ns3:hr>142</ns3:hr>
            <ns3:cad>83</ns3:cad>
          </ns3:TrackPointExtension>
        </extensions>
      </trkpt>
      <trkpt lat="35.75821422971785068511962890625" lon="139.5380656421184539794921875">
        <ele>43.40000152587890625</ele>
        <time>2026-09-01T22:21:59.000Z</time>
        <extensions>
          <ns3:TrackPointExtension>
            <ns3:hr>142</ns3:hr>
            <ns3:cad>84</ns3:cad>
          </ns3:TrackPointExtension>
        </extensions>
      </trkpt>
      <trkpt lat="35.758204422891139984130859375" lon="139.538046531379222869873046875">
        <ele>43.40000152587890625</ele>
        <time>2026-09-01T22:22:00.000Z</time>
        <extensions>
          <ns3:TrackPointExtension>
            <ns3:hr>142</ns3:hr>
            <ns3:cad>84</ns3:cad>
          </ns3:TrackPointExtension>
        </extensions>
      </trkpt>
      <trkpt lat="35.758196376264095306396484375" lon="139.5380245707929134368896484375">
        <ele>43.59999847412109375</ele>
        <time>2026-09-01T22:22:01.000Z</time>
        <extensions>
          <ns3:TrackPointExtension>
            <ns3:hr>141</ns3:hr>
            <ns3:cad>84</ns3:cad>
          </ns3:TrackPointExtension>
        </extensions>
      </trkpt>
      <trkpt lat="35.75818665325641632080078125" lon="139.5380079746246337890625">
        <ele>43.59999847412109375</ele>
        <time>2026-09-01T22:22:02.000Z</time>
        <extensions>
          <ns3:TrackPointExtension>
            <ns3:hr>141</ns3:hr>
            <ns3:cad>84</ns3:cad>
          </ns3:TrackPointExtension>
        </extensions>
      </trkpt>
      <trkpt lat="35.75817701406776905059814453125" lon="139.53798777423799037933349609375">
        <ele>43.59999847412109375</ele>
        <time>2026-09-01T22:22:03.000Z</time>
        <extensions>
          <ns3:TrackPointExtension>
            <ns3:hr>141</ns3:hr>
            <ns3:cad>84</ns3:cad>
          </ns3:TrackPointExtension>
        </extensions>
      </trkpt>
      <trkpt lat="35.7581673748791217803955078125" lon="139.5379679091274738311767578125">
        <ele>43.59999847412109375</ele>
        <time>2026-09-01T22:22:04.000Z</time>
        <extensions>
          <ns3:TrackPointExtension>
            <ns3:hr>140</ns3:hr>
            <ns3:cad>84</ns3:cad>
          </ns3:TrackPointExtension>
        </extensions>
      </trkpt>
      <trkpt lat="35.758159160614013671875" lon="139.53794636763632297515869140625">
        <ele>43.40000152587890625</ele>
        <time>2026-09-01T22:22:05.000Z</time>
        <extensions>
          <ns3:TrackPointExtension>
            <ns3:hr>140</ns3:hr>
            <ns3:cad>84</ns3:cad>
          </ns3:TrackPointExtension>
        </extensions>
      </trkpt>
      <trkpt lat="35.7581519521772861480712890625" lon="139.53792692162096500396728515625">
        <ele>43.40000152587890625</ele>
        <time>2026-09-01T22:22:06.000Z</time>
        <extensions>
          <ns3:TrackPointExtension>
            <ns3:hr>139</ns3:hr>
            <ns3:cad>84</ns3:cad>
          </ns3:TrackPointExtension>
        </extensions>
      </trkpt>
      <trkpt lat="35.7581412233412265777587890625" lon="139.5379092358052730560302734375">
        <ele>43.59999847412109375</ele>
        <time>2026-09-01T22:22:07.000Z</time>
        <extensions>
          <ns3:TrackPointExtension>
            <ns3:hr>138</ns3:hr>
            <ns3:cad>83</ns3:cad>
          </ns3:TrackPointExtension>
        </extensions>
      </trkpt>
      <trkpt lat="35.758132003247737884521484375" lon="139.53789171762764453887939453125">
        <ele>43.40000152587890625</ele>
        <time>2026-09-01T22:22:08.000Z</time>
        <extensions>
          <ns3:TrackPointExtension>
            <ns3:hr>137</ns3:hr>
            <ns3:cad>83</ns3:cad>
          </ns3:TrackPointExtension>
        </extensions>
      </trkpt>
      <trkpt lat="35.75812219642102718353271484375" lon="139.537872187793254852294921875">
        <ele>43.40000152587890625</ele>
        <time>2026-09-01T22:22:09.000Z</time>
        <extensions>
          <ns3:TrackPointExtension>
            <ns3:hr>137</ns3:hr>
            <ns3:cad>83</ns3:cad>
          </ns3:TrackPointExtension>
        </extensions>
      </trkpt>
      <trkpt lat="35.75811347924172878265380859375" lon="139.53784771263599395751953125">
        <ele>43.40000152587890625</ele>
        <time>2026-09-01T22:22:10.000Z</time>
        <extensions>
          <ns3:TrackPointExtension>
            <ns3:hr>137</ns3:hr>
            <ns3:cad>83</ns3:cad>
          </ns3:TrackPointExtension>
        </extensions>
      </trkpt>
      <trkpt lat="35.75810509733855724334716796875" lon="139.5378223992884159088134765625">
        <ele>43.59999847412109375</ele>
        <time>2026-09-01T22:22:11.000Z</time>
        <extensions>
          <ns3:TrackPointExtension>
            <ns3:hr>137</ns3:hr>
            <ns3:cad>84</ns3:cad>
          </ns3:TrackPointExtension>
        </extensions>
      </trkpt>
      <trkpt lat="35.7580962963402271270751953125" lon="139.537801109254360198974609375">
        <ele>43.59999847412109375</ele>
        <time>2026-09-01T22:22:12.000Z</time>
        <extensions>
          <ns3:TrackPointExtension>
            <ns3:hr>137</ns3:hr>
            <ns3:cad>84</ns3:cad>
          </ns3:TrackPointExtension>
        </extensions>
      </trkpt>
      <trkpt lat="35.75808531604707241058349609375" lon="139.53777856193482875823974609375">
        <ele>43.59999847412109375</ele>
        <time>2026-09-01T22:22:13.000Z</time>
        <extensions>
          <ns3:TrackPointExtension>
            <ns3:hr>138</ns3:hr>
            <ns3:cad>84</ns3:cad>
          </ns3:TrackPointExtension>
        </extensions>
      </trkpt>
      <trkpt lat="35.7580765150487422943115234375" lon="139.53775651752948760986328125">
        <ele>43.59999847412109375</ele>
        <time>2026-09-01T22:22:14.000Z</time>
        <extensions>
          <ns3:TrackPointExtension>
            <ns3:hr>138</ns3:hr>
            <ns3:cad>84</ns3:cad>
          </ns3:TrackPointExtension>
        </extensions>
      </trkpt>
      <trkpt lat="35.758067630231380462646484375" lon="139.5377342216670513153076171875">
        <ele>43.799999237060546875</ele>
        <time>2026-09-01T22:22:15.000Z</time>
        <extensions>
          <ns3:TrackPointExtension>
            <ns3:hr>138</ns3:hr>
            <ns3:cad>84</ns3:cad>
          </ns3:TrackPointExtension>
        </extensions>
      </trkpt>
      <trkpt lat="35.758062265813350677490234375" lon="139.5377104170620441436767578125">
        <ele>44</ele>
        <time>2026-09-01T22:22:16.000Z</time>
        <extensions>
          <ns3:TrackPointExtension>
            <ns3:hr>138</ns3:hr>
            <ns3:cad>84</ns3:cad>
          </ns3:TrackPointExtension>
        </extensions>
      </trkpt>
      <trkpt lat="35.7580553926527500152587890625" lon="139.537688791751861572265625">
        <ele>44</ele>
        <time>2026-09-01T22:22:17.000Z</time>
        <extensions>
          <ns3:TrackPointExtension>
            <ns3:hr>138</ns3:hr>
            <ns3:cad>84</ns3:cad>
          </ns3:TrackPointExtension>
        </extensions>
      </trkpt>
      <trkpt lat="35.75804608874022960662841796875" lon="139.53766691498458385467529296875">
        <ele>44.200000762939453125</ele>
        <time>2026-09-01T22:22:18.000Z</time>
        <extensions>
          <ns3:TrackPointExtension>
            <ns3:hr>138</ns3:hr>
            <ns3:cad>83</ns3:cad>
          </ns3:TrackPointExtension>
        </extensions>
      </trkpt>
      <trkpt lat="35.75803837738931179046630859375" lon="139.5376430265605449676513671875">
        <ele>44.200000762939453125</ele>
        <time>2026-09-01T22:22:19.000Z</time>
        <extensions>
          <ns3:TrackPointExtension>
            <ns3:hr>137</ns3:hr>
            <ns3:cad>82</ns3:cad>
          </ns3:TrackPointExtension>
        </extensions>
      </trkpt>
      <trkpt lat="35.7580289058387279510498046875" lon="139.5376225747168064117431640625">
        <ele>44.200000762939453125</ele>
        <time>2026-09-01T22:22:20.000Z</time>
        <extensions>
          <ns3:TrackPointExtension>
            <ns3:hr>137</ns3:hr>
            <ns3:cad>82</ns3:cad>
          </ns3:TrackPointExtension>
        </extensions>
      </trkpt>
      <trkpt lat="35.75802027247846126556396484375" lon="139.53760321252048015594482421875">
        <ele>44.40000152587890625</ele>
        <time>2026-09-01T22:22:21.000Z</time>
        <extensions>
          <ns3:TrackPointExtension>
            <ns3:hr>137</ns3:hr>
            <ns3:cad>82</ns3:cad>
          </ns3:TrackPointExtension>
        </extensions>
      </trkpt>
      <trkpt lat="35.7580102980136871337890625" lon="139.53758460469543933868408203125">
        <ele>44.40000152587890625</ele>
        <time>2026-09-01T22:22:22.000Z</time>
        <extensions>
          <ns3:TrackPointExtension>
            <ns3:hr>137</ns3:hr>
            <ns3:cad>82</ns3:cad>
          </ns3:TrackPointExtension>
        </extensions>
      </trkpt>
      <trkpt lat="35.75800216756761074066162109375" lon="139.53756851144134998321533203125">
        <ele>44.59999847412109375</ele>
        <time>2026-09-01T22:22:23.000Z</time>
        <extensions>
          <ns3:TrackPointExtension>
            <ns3:hr>138</ns3:hr>
            <ns3:cad>82</ns3:cad>
          </ns3:TrackPointExtension>
        </extensions>
      </trkpt>
      <trkpt lat="35.75799428857862949371337890625" lon="139.537553004920482635498046875">
        <ele>44.59999847412109375</ele>
        <time>2026-09-01T22:22:24.000Z</time>
        <extensions>
          <ns3:TrackPointExtension>
            <ns3:hr>138</ns3:hr>
            <ns3:cad>83</ns3:cad>
          </ns3:TrackPointExtension>
        </extensions>
      </trkpt>
      <trkpt lat="35.75798858888447284698486328125" lon="139.5375337265431880950927734375">
        <ele>44.59999847412109375</ele>
        <time>2026-09-01T22:22:25.000Z</time>
        <extensions>
          <ns3:TrackPointExtension>
            <ns3:hr>138</ns3:hr>
            <ns3:cad>83</ns3:cad>
          </ns3:TrackPointExtension>
        </extensions>
      </trkpt>
      <trkpt lat="35.75798590667545795440673828125" lon="139.53751922585070133209228515625">
        <ele>44.59999847412109375</ele>
        <time>2026-09-01T22:22:26.000Z</time>
        <extensions>
          <ns3:TrackPointExtension>
            <ns3:hr>138</ns3:hr>
            <ns3:cad>82</ns3:cad>
          </ns3:TrackPointExtension>
        </extensions>
      </trkpt>
      <trkpt lat="35.7579806260764598846435546875" lon="139.537501037120819091796875">
        <ele>44.59999847412109375</ele>
        <time>2026-09-01T22:22:27.000Z</time>
        <extensions>
          <ns3:TrackPointExtension>
            <ns3:hr>138</ns3:hr>
            <ns3:cad>81</ns3:cad>
          </ns3:TrackPointExtension>
        </extensions>
      </trkpt>
      <trkpt lat="35.757973082363605499267578125" lon="139.53748427331447601318359375">
        <ele>44.40000152587890625</ele>
        <time>2026-09-01T22:22:28.000Z</time>
        <extensions>
          <ns3:TrackPointExtension>
            <ns3:hr>138</ns3:hr>
            <ns3:cad>81</ns3:cad>
          </ns3:TrackPointExtension>
        </extensions>
      </trkpt>
      <trkpt lat="35.75796478427946567535400390625" lon="139.53746625222265720367431640625">
        <ele>44.40000152587890625</ele>
        <time>2026-09-01T22:22:29.000Z</time>
        <extensions>
          <ns3:TrackPointExtension>
            <ns3:hr>138</ns3:hr>
            <ns3:cad>81</ns3:cad>
          </ns3:TrackPointExtension>
        </extensions>
      </trkpt>
      <trkpt lat="35.75795556418597698211669921875" lon="139.53744663856923580169677734375">
        <ele>44.200000762939453125</ele>
        <time>2026-09-01T22:22:30.000Z</time>
        <extensions>
          <ns3:TrackPointExtension>
            <ns3:hr>138</ns3:hr>
            <ns3:cad>81</ns3:cad>
          </ns3:TrackPointExtension>
        </extensions>
      </trkpt>
      <trkpt lat="35.75794533826410770416259765625" lon="139.53742920421063899993896484375">
        <ele>44.200000762939453125</ele>
        <time>2026-09-01T22:22:31.000Z</time>
        <extensions>
          <ns3:TrackPointExtension>
            <ns3:hr>138</ns3:hr>
            <ns3:cad>81</ns3:cad>
          </ns3:TrackPointExtension>
        </extensions>
      </trkpt>
      <trkpt lat="35.757936872541904449462890625" lon="139.53740824945271015167236328125">
        <ele>44</ele>
        <time>2026-09-01T22:22:32.000Z</time>
        <extensions>
          <ns3:TrackPointExtension>
            <ns3:hr>137</ns3:hr>
            <ns3:cad>82</ns3:cad>
          </ns3:TrackPointExtension>
        </extensions>
      </trkpt>
      <trkpt lat="35.757926814258098602294921875" lon="139.53738746233284473419189453125">
        <ele>44</ele>
        <time>2026-09-01T22:22:33.000Z</time>
        <extensions>
          <ns3:TrackPointExtension>
            <ns3:hr>138</ns3:hr>
            <ns3:cad>83</ns3:cad>
          </ns3:TrackPointExtension>
        </extensions>
      </trkpt>
      <trkpt lat="35.7579175941646099090576171875" lon="139.5373650826513767242431640625">
        <ele>43.799999237060546875</ele>
        <time>2026-09-01T22:22:34.000Z</time>
        <extensions>
          <ns3:TrackPointExtension>
            <ns3:hr>138</ns3:hr>
            <ns3:cad>83</ns3:cad>
          </ns3:TrackPointExtension>
        </extensions>
      </trkpt>
      <trkpt lat="35.75790879316627979278564453125" lon="139.537347145378589630126953125">
        <ele>43.59999847412109375</ele>
        <time>2026-09-01T22:22:35.000Z</time>
        <extensions>
          <ns3:TrackPointExtension>
            <ns3:hr>138</ns3:hr>
            <ns3:cad>83</ns3:cad>
          </ns3:TrackPointExtension>
        </extensions>
      </trkpt>
      <trkpt lat="35.7578994892537593841552734375" lon="139.53733138740062713623046875">
        <ele>43.59999847412109375</ele>
        <time>2026-09-01T22:22:36.000Z</time>
        <extensions>
          <ns3:TrackPointExtension>
            <ns3:hr>138</ns3:hr>
            <ns3:cad>81</ns3:cad>
          </ns3:TrackPointExtension>
        </extensions>
      </trkpt>
      <trkpt lat="35.75789119116961956024169921875" lon="139.53731521032750606536865234375">
        <ele>43.59999847412109375</ele>
        <time>2026-09-01T22:22:37.000Z</time>
        <extensions>
          <ns3:TrackPointExtension>
            <ns3:hr>138</ns3:hr>
            <ns3:cad>81</ns3:cad>
          </ns3:TrackPointExtension>
        </extensions>
      </trkpt>
      <trkpt lat="35.757882557809352874755859375" lon="139.537300206720829010009765625">
        <ele>43.59999847412109375</ele>
        <time>2026-09-01T22:22:38.000Z</time>
        <extensions>
          <ns3:TrackPointExtension>
            <ns3:hr>138</ns3:hr>
            <ns3:cad>81</ns3:cad>
          </ns3:TrackPointExtension>
        </extensions>
      </trkpt>
      <trkpt lat="35.7578746788203716278076171875" lon="139.5372839458286762237548828125">
        <ele>43.59999847412109375</ele>
        <time>2026-09-01T22:22:39.000Z</time>
        <extensions>
          <ns3:TrackPointExtension>
            <ns3:hr>137</ns3:hr>
            <ns3:cad>82</ns3:cad>
          </ns3:TrackPointExtension>
        </extensions>
      </trkpt>
      <trkpt lat="35.75786705128848552703857421875" lon="139.5372644998133182525634765625">
        <ele>43.59999847412109375</ele>
        <time>2026-09-01T22:22:40.000Z</time>
        <extensions>
          <ns3:TrackPointExtension>
            <ns3:hr>137</ns3:hr>
            <ns3:cad>82</ns3:cad>
          </ns3:TrackPointExtension>
        </extensions>
      </trkpt>
      <trkpt lat="35.75786034576594829559326171875" lon="139.53724429942667484283447265625">
        <ele>43.59999847412109375</ele>
        <time>2026-09-01T22:22:41.000Z</time>
        <extensions>
          <ns3:TrackPointExtension>
            <ns3:hr>137</ns3:hr>
            <ns3:cad>82</ns3:cad>
          </ns3:TrackPointExtension>
        </extensions>
      </trkpt>
      <trkpt lat="35.7578518800437450408935546875" lon="139.53722409904003143310546875">
        <ele>43.59999847412109375</ele>
        <time>2026-09-01T22:22:42.000Z</time>
        <extensions>
          <ns3:TrackPointExtension>
            <ns3:hr>137</ns3:hr>
            <ns3:cad>81</ns3:cad>
          </ns3:TrackPointExtension>
        </extensions>
      </trkpt>
      <trkpt lat="35.757842995226383209228515625" lon="139.53719987533986568450927734375">
        <ele>43.40000152587890625</ele>
        <time>2026-09-01T22:22:43.000Z</time>
        <extensions>
          <ns3:TrackPointExtension>
            <ns3:hr>137</ns3:hr>
            <ns3:cad>81</ns3:cad>
          </ns3:TrackPointExtension>
        </extensions>
      </trkpt>
      <trkpt lat="35.7578332722187042236328125" lon="139.5371751487255096435546875">
        <ele>43.40000152587890625</ele>
        <time>2026-09-01T22:22:44.000Z</time>
        <extensions>
          <ns3:TrackPointExtension>
            <ns3:hr>136</ns3:hr>
            <ns3:cad>82</ns3:cad>
          </ns3:TrackPointExtension>
        </extensions>
      </trkpt>
      <trkpt lat="35.75782514177262783050537109375" lon="139.5371505059301853179931640625">
        <ele>43.40000152587890625</ele>
        <time>2026-09-01T22:22:45.000Z</time>
        <extensions>
          <ns3:TrackPointExtension>
            <ns3:hr>136</ns3:hr>
            <ns3:cad>82</ns3:cad>
          </ns3:TrackPointExtension>
        </extensions>
      </trkpt>
      <trkpt lat="35.75781642459332942962646484375" lon="139.53712661750614643096923828125">
        <ele>43.40000152587890625</ele>
        <time>2026-09-01T22:22:46.000Z</time>
        <extensions>
          <ns3:TrackPointExtension>
            <ns3:hr>136</ns3:hr>
            <ns3:cad>83</ns3:cad>
          </ns3:TrackPointExtension>
        </extensions>
      </trkpt>
      <trkpt lat="35.757808126509189605712890625" lon="139.53710147179663181304931640625">
        <ele>43.40000152587890625</ele>
        <time>2026-09-01T22:22:47.000Z</time>
        <extensions>
          <ns3:TrackPointExtension>
            <ns3:hr>136</ns3:hr>
            <ns3:cad>84</ns3:cad>
          </ns3:TrackPointExtension>
        </extensions>
      </trkpt>
      <trkpt lat="35.75779865495860576629638671875" lon="139.53708152286708354949951171875">
        <ele>43.40000152587890625</ele>
        <time>2026-09-01T22:22:48.000Z</time>
        <extensions>
          <ns3:TrackPointExtension>
            <ns3:hr>136</ns3:hr>
            <ns3:cad>85</ns3:cad>
          </ns3:TrackPointExtension>
        </extensions>
      </trkpt>
      <trkpt lat="35.75779027305543422698974609375" lon="139.53706425614655017852783203125">
        <ele>43.40000152587890625</ele>
        <time>2026-09-01T22:22:49.000Z</time>
        <extensions>
          <ns3:TrackPointExtension>
            <ns3:hr>136</ns3:hr>
            <ns3:cad>85</ns3:cad>
          </ns3:TrackPointExtension>
        </extensions>
      </trkpt>
      <trkpt lat="35.75777870602905750274658203125" lon="139.53704304993152618408203125">
        <ele>43.40000152587890625</ele>
        <time>2026-09-01T22:22:50.000Z</time>
        <extensions>
          <ns3:TrackPointExtension>
            <ns3:hr>136</ns3:hr>
            <ns3:cad>85</ns3:cad>
          </ns3:TrackPointExtension>
        </extensions>
      </trkpt>
      <trkpt lat="35.75776630081236362457275390625" lon="139.53702284954488277435302734375">
        <ele>43.40000152587890625</ele>
        <time>2026-09-01T22:22:51.000Z</time>
        <extensions>
          <ns3:TrackPointExtension>
            <ns3:hr>136</ns3:hr>
            <ns3:cad>85</ns3:cad>
          </ns3:TrackPointExtension>
        </extensions>
      </trkpt>
      <trkpt lat="35.75775221921503543853759765625" lon="139.5370026491582393646240234375">
        <ele>43.40000152587890625</ele>
        <time>2026-09-01T22:22:52.000Z</time>
        <extensions>
          <ns3:TrackPointExtension>
            <ns3:hr>136</ns3:hr>
            <ns3:cad>85</ns3:cad>
          </ns3:TrackPointExtension>
        </extensions>
      </trkpt>
      <trkpt lat="35.75773880816996097564697265625" lon="139.536986052989959716796875">
        <ele>43.59999847412109375</ele>
        <time>2026-09-01T22:22:53.000Z</time>
        <extensions>
          <ns3:TrackPointExtension>
            <ns3:hr>136</ns3:hr>
            <ns3:cad>84</ns3:cad>
          </ns3:TrackPointExtension>
        </extensions>
      </trkpt>
      <trkpt lat="35.75772464275360107421875" lon="139.536962248384952545166015625">
        <ele>43.59999847412109375</ele>
        <time>2026-09-01T22:22:54.000Z</time>
        <extensions>
          <ns3:TrackPointExtension>
            <ns3:hr>135</ns3:hr>
            <ns3:cad>84</ns3:cad>
          </ns3:TrackPointExtension>
        </extensions>
      </trkpt>
      <trkpt lat="35.7577157579362392425537109375" lon="139.5369364321231842041015625">
        <ele>43.59999847412109375</ele>
        <time>2026-09-01T22:22:55.000Z</time>
        <extensions>
          <ns3:TrackPointExtension>
            <ns3:hr>135</ns3:hr>
            <ns3:cad>83</ns3:cad>
          </ns3:TrackPointExtension>
        </extensions>
      </trkpt>
      <trkpt lat="35.75770477764308452606201171875" lon="139.5369081012904644012451171875">
        <ele>43.59999847412109375</ele>
        <time>2026-09-01T22:22:56.000Z</time>
        <extensions>
          <ns3:TrackPointExtension>
            <ns3:hr>135</ns3:hr>
            <ns3:cad>83</ns3:cad>
          </ns3:TrackPointExtension>
        </extensions>
      </trkpt>
      <trkpt lat="35.757695138454437255859375" lon="139.5368792675435543060302734375">
        <ele>43.59999847412109375</ele>
        <time>2026-09-01T22:22:57.000Z</time>
        <extensions>
          <ns3:TrackPointExtension>
            <ns3:hr>135</ns3:hr>
            <ns3:cad>84</ns3:cad>
          </ns3:TrackPointExtension>
        </extensions>
      </trkpt>
      <trkpt lat="35.75768650509417057037353515625" lon="139.53685286454856395721435546875">
        <ele>43.59999847412109375</ele>
        <time>2026-09-01T22:22:58.000Z</time>
        <extensions>
          <ns3:TrackPointExtension>
            <ns3:hr>135</ns3:hr>
            <ns3:cad>85</ns3:cad>
          </ns3:TrackPointExtension>
        </extensions>
      </trkpt>
      <trkpt lat="35.75767703354358673095703125" lon="139.53682503663003444671630859375">
        <ele>43.59999847412109375</ele>
        <time>2026-09-01T22:22:59.000Z</time>
        <extensions>
          <ns3:TrackPointExtension>
            <ns3:hr>136</ns3:hr>
            <ns3:cad>86</ns3:cad>
          </ns3:TrackPointExtension>
        </extensions>
      </trkpt>
      <trkpt lat="35.75766806490719318389892578125" lon="139.53679620288312435150146484375">
        <ele>43.799999237060546875</ele>
        <time>2026-09-01T22:23:00.000Z</time>
        <extensions>
          <ns3:TrackPointExtension>
            <ns3:hr>136</ns3:hr>
            <ns3:cad>86</ns3:cad>
          </ns3:TrackPointExtension>
        </extensions>
      </trkpt>
      <trkpt lat="35.75766496360301971435546875" lon="139.5367728173732757568359375">
        <ele>43.799999237060546875</ele>
        <time>2026-09-01T22:23:01.000Z</time>
        <extensions>
          <ns3:TrackPointExtension>
            <ns3:hr>136</ns3:hr>
            <ns3:cad>86</ns3:cad>
          </ns3:TrackPointExtension>
        </extensions>
      </trkpt>
      <trkpt lat="35.75765825808048248291015625" lon="139.53675278462469577789306640625">
        <ele>43.799999237060546875</ele>
        <time>2026-09-01T22:23:02.000Z</time>
        <extensions>
          <ns3:TrackPointExtension>
            <ns3:hr>136</ns3:hr>
            <ns3:cad>86</ns3:cad>
          </ns3:TrackPointExtension>
        </extensions>
      </trkpt>
      <trkpt lat="35.75765012763440608978271484375" lon="139.53673434443771839141845703125">
        <ele>43.799999237060546875</ele>
        <time>2026-09-01T22:23:03.000Z</time>
        <extensions>
          <ns3:TrackPointExtension>
            <ns3:hr>137</ns3:hr>
            <ns3:cad>85</ns3:cad>
          </ns3:TrackPointExtension>
        </extensions>
      </trkpt>
      <trkpt lat="35.75764643959701061248779296875" lon="139.5367183350026607513427734375">
        <ele>43.799999237060546875</ele>
        <time>2026-09-01T22:23:04.000Z</time>
        <extensions>
          <ns3:TrackPointExtension>
            <ns3:hr>137</ns3:hr>
            <ns3:cad>85</ns3:cad>
          </ns3:TrackPointExtension>
        </extensions>
      </trkpt>
      <trkpt lat="35.7576393149793148040771484375" lon="139.53669997863471508026123046875">
        <ele>44</ele>
        <time>2026-09-01T22:23:05.000Z</time>
        <extensions>
          <ns3:TrackPointExtension>
            <ns3:hr>138</ns3:hr>
            <ns3:cad>84</ns3:cad>
          </ns3:TrackPointExtension>
        </extensions>
      </trkpt>
      <trkpt lat="35.7576265744864940643310546875" lon="139.53668497502803802490234375">
        <ele>44</ele>
        <time>2026-09-01T22:23:06.000Z</time>
        <extensions>
          <ns3:TrackPointExtension>
            <ns3:hr>138</ns3:hr>
            <ns3:cad>84</ns3:cad>
          </ns3:TrackPointExtension>
        </extensions>
      </trkpt>
      <trkpt lat="35.7576134987175464630126953125" lon="139.5366670377552509307861328125">
        <ele>44</ele>
        <time>2026-09-01T22:23:07.000Z</time>
        <extensions>
          <ns3:TrackPointExtension>
            <ns3:hr>139</ns3:hr>
            <ns3:cad>85</ns3:cad>
          </ns3:TrackPointExtension>
        </extensions>
      </trkpt>
      <trkpt lat="35.75760117731988430023193359375" lon="139.53665136359632015228271484375">
        <ele>44.200000762939453125</ele>
        <time>2026-09-01T22:23:08.000Z</time>
        <extensions>
          <ns3:TrackPointExtension>
            <ns3:hr>139</ns3:hr>
            <ns3:cad>86</ns3:cad>
          </ns3:TrackPointExtension>
        </extensions>
      </trkpt>
      <trkpt lat="35.7575873471796512603759765625" lon="139.53663040883839130401611328125">
        <ele>44.59999847412109375</ele>
        <time>2026-09-01T22:23:09.000Z</time>
        <extensions>
          <ns3:TrackPointExtension>
            <ns3:hr>140</ns3:hr>
            <ns3:cad>87</ns3:cad>
          </ns3:TrackPointExtension>
        </extensions>
      </trkpt>
      <trkpt lat="35.75757670216262340545654296875" lon="139.53660828061401844024658203125">
        <ele>44.799999237060546875</ele>
        <time>2026-09-01T22:23:10.000Z</time>
        <extensions>
          <ns3:TrackPointExtension>
            <ns3:hr>140</ns3:hr>
            <ns3:cad>87</ns3:cad>
          </ns3:TrackPointExtension>
        </extensions>
      </trkpt>
      <trkpt lat="35.7575692422688007354736328125" lon="139.53658078797161579132080078125">
        <ele>44.799999237060546875</ele>
        <time>2026-09-01T22:23:11.000Z</time>
        <extensions>
          <ns3:TrackPointExtension>
            <ns3:hr>141</ns3:hr>
            <ns3:cad>86</ns3:cad>
          </ns3:TrackPointExtension>
        </extensions>
      </trkpt>
      <trkpt lat="35.7575658895075321197509765625" lon="139.5365476794540882110595703125">
        <ele>44.799999237060546875</ele>
        <time>2026-09-01T22:23:12.000Z</time>
        <extensions>
          <ns3:TrackPointExtension>
            <ns3:hr>141</ns3:hr>
            <ns3:cad>85</ns3:cad>
          </ns3:TrackPointExtension>
        </extensions>
      </trkpt>
      <trkpt lat="35.75755901634693145751953125" lon="139.53651742078363895416259765625">
        <ele>44.799999237060546875</ele>
        <time>2026-09-01T22:23:13.000Z</time>
        <extensions>
          <ns3:TrackPointExtension>
            <ns3:hr>142</ns3:hr>
            <ns3:cad>85</ns3:cad>
          </ns3:TrackPointExtension>
        </extensions>
      </trkpt>
      <trkpt lat="35.75755021534860134124755859375" lon="139.53648783266544342041015625">
        <ele>44.799999237060546875</ele>
        <time>2026-09-01T22:23:14.000Z</time>
        <extensions>
          <ns3:TrackPointExtension>
            <ns3:hr>142</ns3:hr>
            <ns3:cad>85</ns3:cad>
          </ns3:TrackPointExtension>
        </extensions>
      </trkpt>
      <trkpt lat="35.75753328390419483184814453125" lon="139.53646260313689708709716796875">
        <ele>44.799999237060546875</ele>
        <time>2026-09-01T22:23:15.000Z</time>
        <extensions>
          <ns3:TrackPointExtension>
            <ns3:hr>142</ns3:hr>
            <ns3:cad>85</ns3:cad>
          </ns3:TrackPointExtension>
        </extensions>
      </trkpt>
      <trkpt lat="35.757515095174312591552734375" lon="139.5364356972277164459228515625">
        <ele>44.799999237060546875</ele>
        <time>2026-09-01T22:23:16.000Z</time>
        <extensions>
          <ns3:TrackPointExtension>
            <ns3:hr>142</ns3:hr>
            <ns3:cad>85</ns3:cad>
          </ns3:TrackPointExtension>
        </extensions>
      </trkpt>
      <trkpt lat="35.7574984990060329437255859375" lon="139.53641599975526332855224609375">
        <ele>44.799999237060546875</ele>
        <time>2026-09-01T22:23:17.000Z</time>
        <extensions>
          <ns3:TrackPointExtension>
            <ns3:hr>143</ns3:hr>
            <ns3:cad>85</ns3:cad>
          </ns3:TrackPointExtension>
        </extensions>
      </trkpt>
      <trkpt lat="35.75748466886579990386962890625" lon="139.53639529645442962646484375">
        <ele>45</ele>
        <time>2026-09-01T22:23:18.000Z</time>
        <extensions>
          <ns3:TrackPointExtension>
            <ns3:hr>143</ns3:hr>
            <ns3:cad>85</ns3:cad>
          </ns3:TrackPointExtension>
        </extensions>
      </trkpt>
      <trkpt lat="35.757472515106201171875" lon="139.53637517988681793212890625">
        <ele>45</ele>
        <time>2026-09-01T22:23:19.000Z</time>
        <extensions>
          <ns3:TrackPointExtension>
            <ns3:hr>143</ns3:hr>
            <ns3:cad>85</ns3:cad>
          </ns3:TrackPointExtension>
        </extensions>
      </trkpt>
      <trkpt lat="35.75746036134660243988037109375" lon="139.536356069147586822509765625">
        <ele>45</ele>
        <time>2026-09-01T22:23:20.000Z</time>
        <extensions>
          <ns3:TrackPointExtension>
            <ns3:hr>143</ns3:hr>
            <ns3:cad>84</ns3:cad>
          </ns3:TrackPointExtension>
        </extensions>
      </trkpt>
      <trkpt lat="35.75745047070086002349853515625" lon="139.536331258714199066162109375">
        <ele>45</ele>
        <time>2026-09-01T22:23:21.000Z</time>
        <extensions>
          <ns3:TrackPointExtension>
            <ns3:hr>143</ns3:hr>
            <ns3:cad>84</ns3:cad>
          </ns3:TrackPointExtension>
        </extensions>
      </trkpt>
      <trkpt lat="35.75743831694126129150390625" lon="139.536309130489826202392578125">
        <ele>45</ele>
        <time>2026-09-01T22:23:22.000Z</time>
        <extensions>
          <ns3:TrackPointExtension>
            <ns3:hr>143</ns3:hr>
            <ns3:cad>84</ns3:cad>
          </ns3:TrackPointExtension>
        </extensions>
      </trkpt>
      <trkpt lat="35.75742582790553569793701171875" lon="139.53628490678966045379638671875">
        <ele>45</ele>
        <time>2026-09-01T22:23:23.000Z</time>
        <extensions>
          <ns3:TrackPointExtension>
            <ns3:hr>143</ns3:hr>
            <ns3:cad>84</ns3:cad>
          </ns3:TrackPointExtension>
        </extensions>
      </trkpt>
      <trkpt lat="35.75741023756563663482666015625" lon="139.53625841997563838958740234375">
        <ele>45</ele>
        <time>2026-09-01T22:23:24.000Z</time>
        <extensions>
          <ns3:TrackPointExtension>
            <ns3:hr>143</ns3:hr>
            <ns3:cad>84</ns3:cad>
          </ns3:TrackPointExtension>
        </extensions>
      </trkpt>
      <trkpt lat="35.75739967636764049530029296875" lon="139.5362338609993457794189453125">
        <ele>45</ele>
        <time>2026-09-01T22:23:25.000Z</time>
        <extensions>
          <ns3:TrackPointExtension>
            <ns3:hr>144</ns3:hr>
            <ns3:cad>84</ns3:cad>
          </ns3:TrackPointExtension>
        </extensions>
      </trkpt>
      <trkpt lat="35.75738961808383464813232421875" lon="139.53620879910886287689208984375">
        <ele>44.799999237060546875</ele>
        <time>2026-09-01T22:23:26.000Z</time>
        <extensions>
          <ns3:TrackPointExtension>
            <ns3:hr>144</ns3:hr>
            <ns3:cad>84</ns3:cad>
          </ns3:TrackPointExtension>
        </extensions>
      </trkpt>
      <trkpt lat="35.75738274492323398590087890625" lon="139.5361815579235553741455078125">
        <ele>44.799999237060546875</ele>
        <time>2026-09-01T22:23:27.000Z</time>
        <extensions>
          <ns3:TrackPointExtension>
            <ns3:hr>144</ns3:hr>
            <ns3:cad>84</ns3:cad>
          </ns3:TrackPointExtension>
        </extensions>
      </trkpt>
      <trkpt lat="35.7573774643242359161376953125" lon="139.53615255653858184814453125">
        <ele>44.799999237060546875</ele>
        <time>2026-09-01T22:23:28.000Z</time>
        <extensions>
          <ns3:TrackPointExtension>
            <ns3:hr>144</ns3:hr>
            <ns3:cad>85</ns3:cad>
          </ns3:TrackPointExtension>
        </extensions>
      </trkpt>
      <trkpt lat="35.75737000443041324615478515625" lon="139.53612447716295719146728515625">
        <ele>44.799999237060546875</ele>
        <time>2026-09-01T22:23:29.000Z</time>
        <extensions>
          <ns3:TrackPointExtension>
            <ns3:hr>144</ns3:hr>
            <ns3:cad>85</ns3:cad>
          </ns3:TrackPointExtension>
        </extensions>
      </trkpt>
      <trkpt lat="35.7573590241372585296630859375" lon="139.53609983436763286590576171875">
        <ele>44.799999237060546875</ele>
        <time>2026-09-01T22:23:30.000Z</time>
        <extensions>
          <ns3:TrackPointExtension>
            <ns3:hr>144</ns3:hr>
            <ns3:cad>85</ns3:cad>
          </ns3:TrackPointExtension>
        </extensions>
      </trkpt>
      <trkpt lat="35.7573429308831691741943359375" lon="139.5360754430294036865234375">
        <ele>44.799999237060546875</ele>
        <time>2026-09-01T22:23:31.000Z</time>
        <extensions>
          <ns3:TrackPointExtension>
            <ns3:hr>144</ns3:hr>
            <ns3:cad>85</ns3:cad>
          </ns3:TrackPointExtension>
        </extensions>
      </trkpt>
      <trkpt lat="35.75732943601906299591064453125" lon="139.53605691902339458465576171875">
        <ele>44.799999237060546875</ele>
        <time>2026-09-01T22:23:32.000Z</time>
        <extensions>
          <ns3:TrackPointExtension>
            <ns3:hr>144</ns3:hr>
            <ns3:cad>86</ns3:cad>
          </ns3:TrackPointExtension>
        </extensions>
      </trkpt>
      <trkpt lat="35.75731451623141765594482421875" lon="139.53603546135127544403076171875">
        <ele>44.59999847412109375</ele>
        <time>2026-09-01T22:23:33.000Z</time>
        <extensions>
          <ns3:TrackPointExtension>
            <ns3:hr>145</ns3:hr>
            <ns3:cad>86</ns3:cad>
          </ns3:TrackPointExtension>
        </extensions>
      </trkpt>
      <trkpt lat="35.75730345211923122406005859375" lon="139.53601165674626827239990234375">
        <ele>44.59999847412109375</ele>
        <time>2026-09-01T22:23:34.000Z</time>
        <extensions>
          <ns3:TrackPointExtension>
            <ns3:hr>145</ns3:hr>
            <ns3:cad>86</ns3:cad>
          </ns3:TrackPointExtension>
        </extensions>
      </trkpt>
      <trkpt lat="35.7572933100163936614990234375" lon="139.53598919324576854705810546875">
        <ele>44.59999847412109375</ele>
        <time>2026-09-01T22:23:35.000Z</time>
        <extensions>
          <ns3:TrackPointExtension>
            <ns3:hr>145</ns3:hr>
            <ns3:cad>86</ns3:cad>
          </ns3:TrackPointExtension>
        </extensions>
      </trkpt>
      <trkpt lat="35.75728249736130237579345703125" lon="139.53596555627882480621337890625">
        <ele>44.59999847412109375</ele>
        <time>2026-09-01T22:23:36.000Z</time>
        <extensions>
          <ns3:TrackPointExtension>
            <ns3:hr>145</ns3:hr>
            <ns3:cad>85</ns3:cad>
          </ns3:TrackPointExtension>
        </extensions>
      </trkpt>
      <trkpt lat="35.7572721876204013824462890625" lon="139.5359411649405956268310546875">
        <ele>44.59999847412109375</ele>
        <time>2026-09-01T22:23:37.000Z</time>
        <extensions>
          <ns3:TrackPointExtension>
            <ns3:hr>144</ns3:hr>
            <ns3:cad>85</ns3:cad>
          </ns3:TrackPointExtension>
        </extensions>
      </trkpt>
      <trkpt lat="35.7572614587843418121337890625" lon="139.53591526485979557037353515625">
        <ele>44.40000152587890625</ele>
        <time>2026-09-01T22:23:38.000Z</time>
        <extensions>
          <ns3:TrackPointExtension>
            <ns3:hr>144</ns3:hr>
            <ns3:cad>85</ns3:cad>
          </ns3:TrackPointExtension>
        </extensions>
      </trkpt>
      <trkpt lat="35.75724796392023563385009765625" lon="139.535890705883502960205078125">
        <ele>44.40000152587890625</ele>
        <time>2026-09-01T22:23:39.000Z</time>
        <extensions>
          <ns3:TrackPointExtension>
            <ns3:hr>145</ns3:hr>
            <ns3:cad>85</ns3:cad>
          </ns3:TrackPointExtension>
        </extensions>
      </trkpt>
      <trkpt lat="35.75723505578935146331787109375" lon="139.5358657278120517730712890625">
        <ele>44.40000152587890625</ele>
        <time>2026-09-01T22:23:40.000Z</time>
        <extensions>
          <ns3:TrackPointExtension>
            <ns3:hr>145</ns3:hr>
            <ns3:cad>85</ns3:cad>
          </ns3:TrackPointExtension>
        </extensions>
      </trkpt>
      <trkpt lat="35.75722399167716503143310546875" lon="139.53584267757833003997802734375">
        <ele>44.40000152587890625</ele>
        <time>2026-09-01T22:23:41.000Z</time>
        <extensions>
          <ns3:TrackPointExtension>
            <ns3:hr>144</ns3:hr>
            <ns3:cad>85</ns3:cad>
          </ns3:TrackPointExtension>
        </extensions>
      </trkpt>
      <trkpt lat="35.7572141848504543304443359375" lon="139.53581887297332286834716796875">
        <ele>44.200000762939453125</ele>
        <time>2026-09-01T22:23:42.000Z</time>
        <extensions>
          <ns3:TrackPointExtension>
            <ns3:hr>144</ns3:hr>
            <ns3:cad>85</ns3:cad>
          </ns3:TrackPointExtension>
        </extensions>
      </trkpt>
      <trkpt lat="35.7572034560143947601318359375" lon="139.5357959903776645660400390625">
        <ele>44.200000762939453125</ele>
        <time>2026-09-01T22:23:43.000Z</time>
        <extensions>
          <ns3:TrackPointExtension>
            <ns3:hr>144</ns3:hr>
            <ns3:cad>85</ns3:cad>
          </ns3:TrackPointExtension>
        </extensions>
      </trkpt>
      <trkpt lat="35.75719163753092288970947265625" lon="139.53577294014394283294677734375">
        <ele>44.200000762939453125</ele>
        <time>2026-09-01T22:23:44.000Z</time>
        <extensions>
          <ns3:TrackPointExtension>
            <ns3:hr>143</ns3:hr>
            <ns3:cad>85</ns3:cad>
          </ns3:TrackPointExtension>
        </extensions>
      </trkpt>
      <trkpt lat="35.7571809925138950347900390625" lon="139.5357482135295867919921875">
        <ele>44.40000152587890625</ele>
        <time>2026-09-01T22:23:45.000Z</time>
        <extensions>
          <ns3:TrackPointExtension>
            <ns3:hr>143</ns3:hr>
            <ns3:cad>84</ns3:cad>
          </ns3:TrackPointExtension>
        </extensions>
      </trkpt>
      <trkpt lat="35.7571705989539623260498046875" lon="139.53572516329586505889892578125">
        <ele>44.40000152587890625</ele>
        <time>2026-09-01T22:23:46.000Z</time>
        <extensions>
          <ns3:TrackPointExtension>
            <ns3:hr>143</ns3:hr>
            <ns3:cad>84</ns3:cad>
          </ns3:TrackPointExtension>
        </extensions>
      </trkpt>
      <trkpt lat="35.75715945102274417877197265625" lon="139.53569951467216014862060546875">
        <ele>44.40000152587890625</ele>
        <time>2026-09-01T22:23:47.000Z</time>
        <extensions>
          <ns3:TrackPointExtension>
            <ns3:hr>144</ns3:hr>
            <ns3:cad>84</ns3:cad>
          </ns3:TrackPointExtension>
        </extensions>
      </trkpt>
      <trkpt lat="35.75715140439569950103759765625" lon="139.53567512333393096923828125">
        <ele>44.40000152587890625</ele>
        <time>2026-09-01T22:23:48.000Z</time>
        <extensions>
          <ns3:TrackPointExtension>
            <ns3:hr>144</ns3:hr>
            <ns3:cad>84</ns3:cad>
          </ns3:TrackPointExtension>
        </extensions>
      </trkpt>
      <trkpt lat="35.75714319013059139251708984375" lon="139.53565324656665325164794921875">
        <ele>44.40000152587890625</ele>
        <time>2026-09-01T22:23:49.000Z</time>
        <extensions>
          <ns3:TrackPointExtension>
            <ns3:hr>144</ns3:hr>
            <ns3:cad>84</ns3:cad>
          </ns3:TrackPointExtension>
        </extensions>
      </trkpt>
      <trkpt lat="35.7571343891322612762451171875" lon="139.53562843613326549530029296875">
        <ele>44.40000152587890625</ele>
        <time>2026-09-01T22:23:50.000Z</time>
        <extensions>
          <ns3:TrackPointExtension>
            <ns3:hr>145</ns3:hr>
            <ns3:cad>84</ns3:cad>
          </ns3:TrackPointExtension>
        </extensions>
      </trkpt>
      <trkpt lat="35.75712583959102630615234375" lon="139.535603709518909454345703125">
        <ele>44.59999847412109375</ele>
        <time>2026-09-01T22:23:51.000Z</time>
        <extensions>
          <ns3:TrackPointExtension>
            <ns3:hr>145</ns3:hr>
            <ns3:cad>84</ns3:cad>
          </ns3:TrackPointExtension>
        </extensions>
      </trkpt>
      <trkpt lat="35.75711620040237903594970703125" lon="139.53557965345680713653564453125">
        <ele>44.59999847412109375</ele>
        <time>2026-09-01T22:23:52.000Z</time>
        <extensions>
          <ns3:TrackPointExtension>
            <ns3:hr>146</ns3:hr>
            <ns3:cad>84</ns3:cad>
          </ns3:TrackPointExtension>
        </extensions>
      </trkpt>
      <trkpt lat="35.7571062259376049041748046875" lon="139.53555417247116565704345703125">
        <ele>44.59999847412109375</ele>
        <time>2026-09-01T22:23:53.000Z</time>
        <extensions>
          <ns3:TrackPointExtension>
            <ns3:hr>146</ns3:hr>
            <ns3:cad>84</ns3:cad>
          </ns3:TrackPointExtension>
        </extensions>
      </trkpt>
      <trkpt lat="35.7570965029299259185791015625" lon="139.53552818857133388519287109375">
        <ele>44.59999847412109375</ele>
        <time>2026-09-01T22:23:54.000Z</time>
        <extensions>
          <ns3:TrackPointExtension>
            <ns3:hr>146</ns3:hr>
            <ns3:cad>84</ns3:cad>
          </ns3:TrackPointExtension>
        </extensions>
      </trkpt>
      <trkpt lat="35.7570876181125640869140625" lon="139.53550346195697784423828125">
        <ele>44.59999847412109375</ele>
        <time>2026-09-01T22:23:55.000Z</time>
        <extensions>
          <ns3:TrackPointExtension>
            <ns3:hr>146</ns3:hr>
            <ns3:cad>84</ns3:cad>
          </ns3:TrackPointExtension>
        </extensions>
      </trkpt>
      <trkpt lat="35.75707714073359966278076171875" lon="139.53547957353293895721435546875">
        <ele>44.40000152587890625</ele>
        <time>2026-09-01T22:23:56.000Z</time>
        <extensions>
          <ns3:TrackPointExtension>
            <ns3:hr>146</ns3:hr>
            <ns3:cad>84</ns3:cad>
          </ns3:TrackPointExtension>
        </extensions>
      </trkpt>
      <trkpt lat="35.7570648193359375" lon="139.53545157797634601593017578125">
        <ele>44.40000152587890625</ele>
        <time>2026-09-01T22:23:57.000Z</time>
        <extensions>
          <ns3:TrackPointExtension>
            <ns3:hr>146</ns3:hr>
            <ns3:cad>85</ns3:cad>
          </ns3:TrackPointExtension>
        </extensions>
      </trkpt>
      <trkpt lat="35.757053755223751068115234375" lon="139.5354268513619899749755859375">
        <ele>44.200000762939453125</ele>
        <time>2026-09-01T22:23:58.000Z</time>
        <extensions>
          <ns3:TrackPointExtension>
            <ns3:hr>146</ns3:hr>
            <ns3:cad>85</ns3:cad>
          </ns3:TrackPointExtension>
        </extensions>
      </trkpt>
      <trkpt lat="35.7570428587496280670166015625" lon="139.53540195710957050323486328125">
        <ele>44.200000762939453125</ele>
        <time>2026-09-01T22:23:59.000Z</time>
        <extensions>
          <ns3:TrackPointExtension>
            <ns3:hr>146</ns3:hr>
            <ns3:cad>86</ns3:cad>
          </ns3:TrackPointExtension>
        </extensions>
      </trkpt>
      <trkpt lat="35.7570334710180759429931640625" lon="139.53537798486649990081787109375">
        <ele>44</ele>
        <time>2026-09-01T22:24:00.000Z</time>
        <extensions>
          <ns3:TrackPointExtension>
            <ns3:hr>146</ns3:hr>
            <ns3:cad>86</ns3:cad>
          </ns3:TrackPointExtension>
        </extensions>
      </trkpt>
      <trkpt lat="35.75702282600104808807373046875" lon="139.53535317443311214447021484375">
        <ele>44</ele>
        <time>2026-09-01T22:24:01.000Z</time>
        <extensions>
          <ns3:TrackPointExtension>
            <ns3:hr>146</ns3:hr>
            <ns3:cad>86</ns3:cad>
          </ns3:TrackPointExtension>
        </extensions>
      </trkpt>
      <trkpt lat="35.7570130191743373870849609375" lon="139.53532568179070949554443359375">
        <ele>44</ele>
        <time>2026-09-01T22:24:02.000Z</time>
        <extensions>
          <ns3:TrackPointExtension>
            <ns3:hr>146</ns3:hr>
            <ns3:cad>86</ns3:cad>
          </ns3:TrackPointExtension>
        </extensions>
      </trkpt>
      <trkpt lat="35.75700581073760986328125" lon="139.5353002846240997314453125">
        <ele>44</ele>
        <time>2026-09-01T22:24:03.000Z</time>
        <extensions>
          <ns3:TrackPointExtension>
            <ns3:hr>146</ns3:hr>
            <ns3:cad>86</ns3:cad>
          </ns3:TrackPointExtension>
        </extensions>
      </trkpt>
      <trkpt lat="35.75699768029153347015380859375" lon="139.53527438454329967498779296875">
        <ele>44</ele>
        <time>2026-09-01T22:24:04.000Z</time>
        <extensions>
          <ns3:TrackPointExtension>
            <ns3:hr>146</ns3:hr>
            <ns3:cad>86</ns3:cad>
          </ns3:TrackPointExtension>
        </extensions>
      </trkpt>
      <trkpt lat="35.756988041102886199951171875" lon="139.5352508313953876495361328125">
        <ele>44.200000762939453125</ele>
        <time>2026-09-01T22:24:05.000Z</time>
        <extensions>
          <ns3:TrackPointExtension>
            <ns3:hr>146</ns3:hr>
            <ns3:cad>86</ns3:cad>
          </ns3:TrackPointExtension>
        </extensions>
      </trkpt>
      <trkpt lat="35.75697773136198520660400390625" lon="139.5352283678948879241943359375">
        <ele>44.200000762939453125</ele>
        <time>2026-09-01T22:24:06.000Z</time>
        <extensions>
          <ns3:TrackPointExtension>
            <ns3:hr>146</ns3:hr>
            <ns3:cad>86</ns3:cad>
          </ns3:TrackPointExtension>
        </extensions>
      </trkpt>
      <trkpt lat="35.75696649961173534393310546875" lon="139.535206742584705352783203125">
        <ele>44.200000762939453125</ele>
        <time>2026-09-01T22:24:07.000Z</time>
        <extensions>
          <ns3:TrackPointExtension>
            <ns3:hr>146</ns3:hr>
            <ns3:cad>86</ns3:cad>
          </ns3:TrackPointExtension>
        </extensions>
      </trkpt>
      <trkpt lat="35.7569573633372783660888671875" lon="139.53518553636968135833740234375">
        <ele>44.200000762939453125</ele>
        <time>2026-09-01T22:24:08.000Z</time>
        <extensions>
          <ns3:TrackPointExtension>
            <ns3:hr>145</ns3:hr>
            <ns3:cad>85</ns3:cad>
          </ns3:TrackPointExtension>
        </extensions>
      </trkpt>
      <trkpt lat="35.756950490176677703857421875" lon="139.53516223467886447906494140625">
        <ele>44.200000762939453125</ele>
        <time>2026-09-01T22:24:09.000Z</time>
        <extensions>
          <ns3:TrackPointExtension>
            <ns3:hr>145</ns3:hr>
            <ns3:cad>85</ns3:cad>
          </ns3:TrackPointExtension>
        </extensions>
      </trkpt>
      <trkpt lat="35.756943784654140472412109375" lon="139.5351388491690158843994140625">
        <ele>44.200000762939453125</ele>
        <time>2026-09-01T22:24:10.000Z</time>
        <extensions>
          <ns3:TrackPointExtension>
            <ns3:hr>145</ns3:hr>
            <ns3:cad>85</ns3:cad>
          </ns3:TrackPointExtension>
        </extensions>
      </trkpt>
      <trkpt lat="35.756935738027095794677734375" lon="139.53511361964046955108642578125">
        <ele>44.200000762939453125</ele>
        <time>2026-09-01T22:24:11.000Z</time>
        <extensions>
          <ns3:TrackPointExtension>
            <ns3:hr>145</ns3:hr>
            <ns3:cad>85</ns3:cad>
          </ns3:TrackPointExtension>
        </extensions>
      </trkpt>
      <trkpt lat="35.7569266855716705322265625" lon="139.53508964739739894866943359375">
        <ele>44.200000762939453125</ele>
        <time>2026-09-01T22:24:12.000Z</time>
        <extensions>
          <ns3:TrackPointExtension>
            <ns3:hr>144</ns3:hr>
            <ns3:cad>85</ns3:cad>
          </ns3:TrackPointExtension>
        </extensions>
      </trkpt>
      <trkpt lat="35.75691855512559413909912109375" lon="139.53506802208721637725830078125">
        <ele>44.40000152587890625</ele>
        <time>2026-09-01T22:24:13.000Z</time>
        <extensions>
          <ns3:TrackPointExtension>
            <ns3:hr>144</ns3:hr>
            <ns3:cad>85</ns3:cad>
          </ns3:TrackPointExtension>
        </extensions>
      </trkpt>
      <trkpt lat="35.75690832920372486114501953125" lon="139.53504740260541439056396484375">
        <ele>44.59999847412109375</ele>
        <time>2026-09-01T22:24:14.000Z</time>
        <extensions>
          <ns3:TrackPointExtension>
            <ns3:hr>144</ns3:hr>
            <ns3:cad>84</ns3:cad>
          </ns3:TrackPointExtension>
        </extensions>
      </trkpt>
      <trkpt lat="35.7568980194628238677978515625" lon="139.535029046237468719482421875">
        <ele>44.799999237060546875</ele>
        <time>2026-09-01T22:24:15.000Z</time>
        <extensions>
          <ns3:TrackPointExtension>
            <ns3:hr>144</ns3:hr>
            <ns3:cad>84</ns3:cad>
          </ns3:TrackPointExtension>
        </extensions>
      </trkpt>
      <trkpt lat="35.75688854791224002838134765625" lon="139.53500859439373016357421875">
        <ele>44.799999237060546875</ele>
        <time>2026-09-01T22:24:16.000Z</time>
        <extensions>
          <ns3:TrackPointExtension>
            <ns3:hr>145</ns3:hr>
            <ns3:cad>84</ns3:cad>
          </ns3:TrackPointExtension>
        </extensions>
      </trkpt>
      <trkpt lat="35.75687899254262447357177734375" lon="139.5349859632551670074462890625">
        <ele>44.799999237060546875</ele>
        <time>2026-09-01T22:24:17.000Z</time>
        <extensions>
          <ns3:TrackPointExtension>
            <ns3:hr>145</ns3:hr>
            <ns3:cad>84</ns3:cad>
          </ns3:TrackPointExtension>
        </extensions>
      </trkpt>
      <trkpt lat="35.7568691857159137725830078125" lon="139.5349634997546672821044921875">
        <ele>45</ele>
        <time>2026-09-01T22:24:18.000Z</time>
        <extensions>
          <ns3:TrackPointExtension>
            <ns3:hr>145</ns3:hr>
            <ns3:cad>84</ns3:cad>
          </ns3:TrackPointExtension>
        </extensions>
      </trkpt>
      <trkpt lat="35.75686222873628139495849609375" lon="139.5349408686161041259765625">
        <ele>45</ele>
        <time>2026-09-01T22:24:19.000Z</time>
        <extensions>
          <ns3:TrackPointExtension>
            <ns3:hr>145</ns3:hr>
            <ns3:cad>84</ns3:cad>
          </ns3:TrackPointExtension>
        </extensions>
      </trkpt>
      <trkpt lat="35.75685627758502960205078125" lon="139.53491915948688983917236328125">
        <ele>45.200000762939453125</ele>
        <time>2026-09-01T22:24:20.000Z</time>
        <extensions>
          <ns3:TrackPointExtension>
            <ns3:hr>145</ns3:hr>
            <ns3:cad>84</ns3:cad>
          </ns3:TrackPointExtension>
        </extensions>
      </trkpt>
      <trkpt lat="35.7568473927676677703857421875" lon="139.53489971347153186798095703125">
        <ele>45.200000762939453125</ele>
        <time>2026-09-01T22:24:21.000Z</time>
        <extensions>
          <ns3:TrackPointExtension>
            <ns3:hr>145</ns3:hr>
            <ns3:cad>85</ns3:cad>
          </ns3:TrackPointExtension>
        </extensions>
      </trkpt>
      <trkpt lat="35.7568386755883693695068359375" lon="139.53487850725650787353515625">
        <ele>45.200000762939453125</ele>
        <time>2026-09-01T22:24:22.000Z</time>
        <extensions>
          <ns3:TrackPointExtension>
            <ns3:hr>145</ns3:hr>
            <ns3:cad>85</ns3:cad>
          </ns3:TrackPointExtension>
        </extensions>
      </trkpt>
      <trkpt lat="35.756828449666500091552734375" lon="139.53485570847988128662109375">
        <ele>45.200000762939453125</ele>
        <time>2026-09-01T22:24:23.000Z</time>
        <extensions>
          <ns3:TrackPointExtension>
            <ns3:hr>145</ns3:hr>
            <ns3:cad>85</ns3:cad>
          </ns3:TrackPointExtension>
        </extensions>
      </trkpt>
      <trkpt lat="35.75681931339204311370849609375" lon="139.5348334126174449920654296875">
        <ele>45.200000762939453125</ele>
        <time>2026-09-01T22:24:24.000Z</time>
        <extensions>
          <ns3:TrackPointExtension>
            <ns3:hr>145</ns3:hr>
            <ns3:cad>85</ns3:cad>
          </ns3:TrackPointExtension>
        </extensions>
      </trkpt>
      <trkpt lat="35.75681143440306186676025390625" lon="139.53481254167854785919189453125">
        <ele>45.200000762939453125</ele>
        <time>2026-09-01T22:24:25.000Z</time>
        <extensions>
          <ns3:TrackPointExtension>
            <ns3:hr>145</ns3:hr>
            <ns3:cad>85</ns3:cad>
          </ns3:TrackPointExtension>
        </extensions>
      </trkpt>
      <trkpt lat="35.75680389069020748138427734375" lon="139.53479141928255558013916015625">
        <ele>45.40000152587890625</ele>
        <time>2026-09-01T22:24:26.000Z</time>
        <extensions>
          <ns3:TrackPointExtension>
            <ns3:hr>145</ns3:hr>
            <ns3:cad>85</ns3:cad>
          </ns3:TrackPointExtension>
        </extensions>
      </trkpt>
      <trkpt lat="35.75679668225347995758056640625" lon="139.53477331437170505523681640625">
        <ele>45.40000152587890625</ele>
        <time>2026-09-01T22:24:27.000Z</time>
        <extensions>
          <ns3:TrackPointExtension>
            <ns3:hr>145</ns3:hr>
            <ns3:cad>84</ns3:cad>
          </ns3:TrackPointExtension>
        </extensions>
      </trkpt>
      <trkpt lat="35.75678519904613494873046875" lon="139.534756802022457122802734375">
        <ele>45.59999847412109375</ele>
        <time>2026-09-01T22:24:28.000Z</time>
        <extensions>
          <ns3:TrackPointExtension>
            <ns3:hr>145</ns3:hr>
            <ns3:cad>83</ns3:cad>
          </ns3:TrackPointExtension>
        </extensions>
      </trkpt>
      <trkpt lat="35.7567756436765193939208984375" lon="139.5347368530929088592529296875">
        <ele>45.799999237060546875</ele>
        <time>2026-09-01T22:24:29.000Z</time>
        <extensions>
          <ns3:TrackPointExtension>
            <ns3:hr>145</ns3:hr>
            <ns3:cad>83</ns3:cad>
          </ns3:TrackPointExtension>
        </extensions>
      </trkpt>
      <trkpt lat="35.7567672617733478546142578125" lon="139.53470894135534763336181640625">
        <ele>45.799999237060546875</ele>
        <time>2026-09-01T22:24:30.000Z</time>
        <extensions>
          <ns3:TrackPointExtension>
            <ns3:hr>145</ns3:hr>
            <ns3:cad>82</ns3:cad>
          </ns3:TrackPointExtension>
        </extensions>
      </trkpt>
      <trkpt lat="35.756758712232112884521484375" lon="139.5346892438828945159912109375">
        <ele>45.799999237060546875</ele>
        <time>2026-09-01T22:24:31.000Z</time>
        <extensions>
          <ns3:TrackPointExtension>
            <ns3:hr>145</ns3:hr>
            <ns3:cad>82</ns3:cad>
          </ns3:TrackPointExtension>
        </extensions>
      </trkpt>
      <trkpt lat="35.7567478157579898834228515625" lon="139.534667618572711944580078125">
        <ele>45.799999237060546875</ele>
        <time>2026-09-01T22:24:32.000Z</time>
        <extensions>
          <ns3:TrackPointExtension>
            <ns3:hr>145</ns3:hr>
            <ns3:cad>82</ns3:cad>
          </ns3:TrackPointExtension>
        </extensions>
      </trkpt>
      <trkpt lat="35.7567389309406280517578125" lon="139.5346449874341487884521484375">
        <ele>45.799999237060546875</ele>
        <time>2026-09-01T22:24:33.000Z</time>
        <extensions>
          <ns3:TrackPointExtension>
            <ns3:hr>145</ns3:hr>
            <ns3:cad>84</ns3:cad>
          </ns3:TrackPointExtension>
        </extensions>
      </trkpt>
      <trkpt lat="35.75673012994229793548583984375" lon="139.53462042845785617828369140625">
        <ele>45.799999237060546875</ele>
        <time>2026-09-01T22:24:34.000Z</time>
        <extensions>
          <ns3:TrackPointExtension>
            <ns3:hr>145</ns3:hr>
            <ns3:cad>84</ns3:cad>
          </ns3:TrackPointExtension>
        </extensions>
      </trkpt>
      <trkpt lat="35.7567219994962215423583984375" lon="139.5345993898808956146240234375">
        <ele>45.799999237060546875</ele>
        <time>2026-09-01T22:24:35.000Z</time>
        <extensions>
          <ns3:TrackPointExtension>
            <ns3:hr>144</ns3:hr>
            <ns3:cad>84</ns3:cad>
          </ns3:TrackPointExtension>
        </extensions>
      </trkpt>
      <trkpt lat="35.7567129470407962799072265625" lon="139.53457650728523731231689453125">
        <ele>45.40000152587890625</ele>
        <time>2026-09-01T22:24:36.000Z</time>
        <extensions>
          <ns3:TrackPointExtension>
            <ns3:hr>144</ns3:hr>
            <ns3:cad>85</ns3:cad>
          </ns3:TrackPointExtension>
        </extensions>
      </trkpt>
      <trkpt lat="35.75670481659471988677978515625" lon="139.5345547981560230255126953125">
        <ele>45.40000152587890625</ele>
        <time>2026-09-01T22:24:37.000Z</time>
        <extensions>
          <ns3:TrackPointExtension>
            <ns3:hr>145</ns3:hr>
            <ns3:cad>85</ns3:cad>
          </ns3:TrackPointExtension>
        </extensions>
      </trkpt>
      <trkpt lat="35.75669710524380207061767578125" lon="139.53453342430293560028076171875">
        <ele>45.40000152587890625</ele>
        <time>2026-09-01T22:24:38.000Z</time>
        <extensions>
          <ns3:TrackPointExtension>
            <ns3:hr>145</ns3:hr>
            <ns3:cad>85</ns3:cad>
          </ns3:TrackPointExtension>
        </extensions>
      </trkpt>
      <trkpt lat="35.75668889097869396209716796875" lon="139.5345125533640384674072265625">
        <ele>45.40000152587890625</ele>
        <time>2026-09-01T22:24:39.000Z</time>
        <extensions>
          <ns3:TrackPointExtension>
            <ns3:hr>145</ns3:hr>
            <ns3:cad>85</ns3:cad>
          </ns3:TrackPointExtension>
        </extensions>
      </trkpt>
      <trkpt lat="35.75668201781809329986572265625" lon="139.53449050895869731903076171875">
        <ele>45.40000152587890625</ele>
        <time>2026-09-01T22:24:40.000Z</time>
        <extensions>
          <ns3:TrackPointExtension>
            <ns3:hr>145</ns3:hr>
            <ns3:cad>85</ns3:cad>
          </ns3:TrackPointExtension>
        </extensions>
      </trkpt>
      <trkpt lat="35.756673552095890045166015625" lon="139.53446988947689533233642578125">
        <ele>45.40000152587890625</ele>
        <time>2026-09-01T22:24:41.000Z</time>
        <extensions>
          <ns3:TrackPointExtension>
            <ns3:hr>145</ns3:hr>
            <ns3:cad>85</ns3:cad>
          </ns3:TrackPointExtension>
        </extensions>
      </trkpt>
      <trkpt lat="35.7566643320024013519287109375" lon="139.5344525389373302459716796875">
        <ele>45.200000762939453125</ele>
        <time>2026-09-01T22:24:42.000Z</time>
        <extensions>
          <ns3:TrackPointExtension>
            <ns3:hr>145</ns3:hr>
            <ns3:cad>85</ns3:cad>
          </ns3:TrackPointExtension>
        </extensions>
      </trkpt>
      <trkpt lat="35.7566549442708492279052734375" lon="139.5344320870935916900634765625">
        <ele>45.200000762939453125</ele>
        <time>2026-09-01T22:24:43.000Z</time>
        <extensions>
          <ns3:TrackPointExtension>
            <ns3:hr>145</ns3:hr>
            <ns3:cad>85</ns3:cad>
          </ns3:TrackPointExtension>
        </extensions>
      </trkpt>
      <trkpt lat="35.75664513744413852691650390625" lon="139.53441171906888484954833984375">
        <ele>45.200000762939453125</ele>
        <time>2026-09-01T22:24:44.000Z</time>
        <extensions>
          <ns3:TrackPointExtension>
            <ns3:hr>145</ns3:hr>
            <ns3:cad>85</ns3:cad>
          </ns3:TrackPointExtension>
        </extensions>
      </trkpt>
      <trkpt lat="35.75663524679839611053466796875" lon="139.5343942008912563323974609375">
        <ele>45.200000762939453125</ele>
        <time>2026-09-01T22:24:45.000Z</time>
        <extensions>
          <ns3:TrackPointExtension>
            <ns3:hr>145</ns3:hr>
            <ns3:cad>85</ns3:cad>
          </ns3:TrackPointExtension>
        </extensions>
      </trkpt>
      <trkpt lat="35.75662602670490741729736328125" lon="139.5343750901520252227783203125">
        <ele>45.200000762939453125</ele>
        <time>2026-09-01T22:24:46.000Z</time>
        <extensions>
          <ns3:TrackPointExtension>
            <ns3:hr>144</ns3:hr>
            <ns3:cad>85</ns3:cad>
          </ns3:TrackPointExtension>
        </extensions>
      </trkpt>
      <trkpt lat="35.756619907915592193603515625" lon="139.5343566499650478363037109375">
        <ele>45.200000762939453125</ele>
        <time>2026-09-01T22:24:47.000Z</time>
        <extensions>
          <ns3:TrackPointExtension>
            <ns3:hr>144</ns3:hr>
            <ns3:cad>85</ns3:cad>
          </ns3:TrackPointExtension>
        </extensions>
      </trkpt>
      <trkpt lat="35.7566126994788646697998046875" lon="139.53433670103549957275390625">
        <ele>45.200000762939453125</ele>
        <time>2026-09-01T22:24:48.000Z</time>
        <extensions>
          <ns3:TrackPointExtension>
            <ns3:hr>143</ns3:hr>
            <ns3:cad>85</ns3:cad>
          </ns3:TrackPointExtension>
        </extensions>
      </trkpt>
      <trkpt lat="35.756606161594390869140625" lon="139.5343187637627124786376953125">
        <ele>45.200000762939453125</ele>
        <time>2026-09-01T22:24:49.000Z</time>
        <extensions>
          <ns3:TrackPointExtension>
            <ns3:hr>142</ns3:hr>
            <ns3:cad>85</ns3:cad>
          </ns3:TrackPointExtension>
        </extensions>
      </trkpt>
      <trkpt lat="35.7566013000905513763427734375" lon="139.53429990448057651519775390625">
        <ele>45.200000762939453125</ele>
        <time>2026-09-01T22:24:50.000Z</time>
        <extensions>
          <ns3:TrackPointExtension>
            <ns3:hr>142</ns3:hr>
            <ns3:cad>84</ns3:cad>
          </ns3:TrackPointExtension>
        </extensions>
      </trkpt>
      <trkpt lat="35.75659384019672870635986328125" lon="139.53427903354167938232421875">
        <ele>45.200000762939453125</ele>
        <time>2026-09-01T22:24:51.000Z</time>
        <extensions>
          <ns3:TrackPointExtension>
            <ns3:hr>142</ns3:hr>
            <ns3:cad>84</ns3:cad>
          </ns3:TrackPointExtension>
        </extensions>
      </trkpt>
      <trkpt lat="35.7565825246274471282958984375" lon="139.5342590846121311187744140625">
        <ele>45.200000762939453125</ele>
        <time>2026-09-01T22:24:52.000Z</time>
        <extensions>
          <ns3:TrackPointExtension>
            <ns3:hr>142</ns3:hr>
            <ns3:cad>84</ns3:cad>
          </ns3:TrackPointExtension>
        </extensions>
      </trkpt>
      <trkpt lat="35.75657439418137073516845703125" lon="139.53423804603517055511474609375">
        <ele>45.200000762939453125</ele>
        <time>2026-09-01T22:24:53.000Z</time>
        <extensions>
          <ns3:TrackPointExtension>
            <ns3:hr>142</ns3:hr>
            <ns3:cad>85</ns3:cad>
          </ns3:TrackPointExtension>
        </extensions>
      </trkpt>
      <trkpt lat="35.7565654255449771881103515625" lon="139.53421826474368572235107421875">
        <ele>45.200000762939453125</ele>
        <time>2026-09-01T22:24:54.000Z</time>
        <extensions>
          <ns3:TrackPointExtension>
            <ns3:hr>142</ns3:hr>
            <ns3:cad>85</ns3:cad>
          </ns3:TrackPointExtension>
        </extensions>
      </trkpt>
      <trkpt lat="35.756555534899234771728515625" lon="139.53419722616672515869140625">
        <ele>45.200000762939453125</ele>
        <time>2026-09-01T22:24:55.000Z</time>
        <extensions>
          <ns3:TrackPointExtension>
            <ns3:hr>142</ns3:hr>
            <ns3:cad>85</ns3:cad>
          </ns3:TrackPointExtension>
        </extensions>
      </trkpt>
      <trkpt lat="35.7565466500818729400634765625" lon="139.534175433218479156494140625">
        <ele>45.200000762939453125</ele>
        <time>2026-09-01T22:24:56.000Z</time>
        <extensions>
          <ns3:TrackPointExtension>
            <ns3:hr>142</ns3:hr>
            <ns3:cad>85</ns3:cad>
          </ns3:TrackPointExtension>
        </extensions>
      </trkpt>
      <trkpt lat="35.7565362565219402313232421875" lon="139.53415456227958202362060546875">
        <ele>45.200000762939453125</ele>
        <time>2026-09-01T22:24:57.000Z</time>
        <extensions>
          <ns3:TrackPointExtension>
            <ns3:hr>141</ns3:hr>
            <ns3:cad>85</ns3:cad>
          </ns3:TrackPointExtension>
        </extensions>
      </trkpt>
      <trkpt lat="35.75652695260941982269287109375" lon="139.534136541187763214111328125">
        <ele>45.200000762939453125</ele>
        <time>2026-09-01T22:24:58.000Z</time>
        <extensions>
          <ns3:TrackPointExtension>
            <ns3:hr>141</ns3:hr>
            <ns3:cad>86</ns3:cad>
          </ns3:TrackPointExtension>
        </extensions>
      </trkpt>
      <trkpt lat="35.75651823543012142181396484375" lon="139.53411768190562725067138671875">
        <ele>45.200000762939453125</ele>
        <time>2026-09-01T22:24:59.000Z</time>
        <extensions>
          <ns3:TrackPointExtension>
            <ns3:hr>141</ns3:hr>
            <ns3:cad>86</ns3:cad>
          </ns3:TrackPointExtension>
        </extensions>
      </trkpt>
      <trkpt lat="35.75650918297469615936279296875" lon="139.5340954698622226715087890625">
        <ele>45.40000152587890625</ele>
        <time>2026-09-01T22:25:00.000Z</time>
        <extensions>
          <ns3:TrackPointExtension>
            <ns3:hr>141</ns3:hr>
            <ns3:cad>85</ns3:cad>
          </ns3:TrackPointExtension>
        </extensions>
      </trkpt>
      <trkpt lat="35.75649929232895374298095703125" lon="139.534075520932674407958984375">
        <ele>45.40000152587890625</ele>
        <time>2026-09-01T22:25:01.000Z</time>
        <extensions>
          <ns3:TrackPointExtension>
            <ns3:hr>140</ns3:hr>
            <ns3:cad>85</ns3:cad>
          </ns3:TrackPointExtension>
        </extensions>
      </trkpt>
      <trkpt lat="35.756489150226116180419921875" lon="139.53405372798442840576171875">
        <ele>45.40000152587890625</ele>
        <time>2026-09-01T22:25:02.000Z</time>
        <extensions>
          <ns3:TrackPointExtension>
            <ns3:hr>141</ns3:hr>
            <ns3:cad>84</ns3:cad>
          </ns3:TrackPointExtension>
        </extensions>
      </trkpt>
      <trkpt lat="35.75647867284715175628662109375" lon="139.53403235413134098052978515625">
        <ele>45.40000152587890625</ele>
        <time>2026-09-01T22:25:03.000Z</time>
        <extensions>
          <ns3:TrackPointExtension>
            <ns3:hr>141</ns3:hr>
            <ns3:cad>84</ns3:cad>
          </ns3:TrackPointExtension>
        </extensions>
      </trkpt>
      <trkpt lat="35.75646760873496532440185546875" lon="139.5340139977633953094482421875">
        <ele>45.40000152587890625</ele>
        <time>2026-09-01T22:25:04.000Z</time>
        <extensions>
          <ns3:TrackPointExtension>
            <ns3:hr>141</ns3:hr>
            <ns3:cad>84</ns3:cad>
          </ns3:TrackPointExtension>
        </extensions>
      </trkpt>
      <trkpt lat="35.75645738281309604644775390625" lon="139.5339938811957836151123046875">
        <ele>45.40000152587890625</ele>
        <time>2026-09-01T22:25:05.000Z</time>
        <extensions>
          <ns3:TrackPointExtension>
            <ns3:hr>141</ns3:hr>
            <ns3:cad>84</ns3:cad>
          </ns3:TrackPointExtension>
        </extensions>
      </trkpt>
      <trkpt lat="35.75645017437636852264404296875" lon="139.53397267498075962066650390625">
        <ele>45.40000152587890625</ele>
        <time>2026-09-01T22:25:06.000Z</time>
        <extensions>
          <ns3:TrackPointExtension>
            <ns3:hr>142</ns3:hr>
            <ns3:cad>84</ns3:cad>
          </ns3:TrackPointExtension>
        </extensions>
      </trkpt>
      <trkpt lat="35.75644095428287982940673828125" lon="139.53395037911832332611083984375">
        <ele>45.40000152587890625</ele>
        <time>2026-09-01T22:25:07.000Z</time>
        <extensions>
          <ns3:TrackPointExtension>
            <ns3:hr>142</ns3:hr>
            <ns3:cad>84</ns3:cad>
          </ns3:TrackPointExtension>
        </extensions>
      </trkpt>
      <trkpt lat="35.756432153284549713134765625" lon="139.53393043018877506256103515625">
        <ele>45.40000152587890625</ele>
        <time>2026-09-01T22:25:08.000Z</time>
        <extensions>
          <ns3:TrackPointExtension>
            <ns3:hr>142</ns3:hr>
            <ns3:cad>84</ns3:cad>
          </ns3:TrackPointExtension>
        </extensions>
      </trkpt>
      <trkpt lat="35.7564209215342998504638671875" lon="139.53391031362116336822509765625">
        <ele>45.40000152587890625</ele>
        <time>2026-09-01T22:25:09.000Z</time>
        <extensions>
          <ns3:TrackPointExtension>
            <ns3:hr>142</ns3:hr>
            <ns3:cad>85</ns3:cad>
          </ns3:TrackPointExtension>
        </extensions>
      </trkpt>
      <trkpt lat="35.75641228817403316497802734375" lon="139.53388835303485393524169921875">
        <ele>45.40000152587890625</ele>
        <time>2026-09-01T22:25:10.000Z</time>
        <extensions>
          <ns3:TrackPointExtension>
            <ns3:hr>142</ns3:hr>
            <ns3:cad>85</ns3:cad>
          </ns3:TrackPointExtension>
        </extensions>
      </trkpt>
      <trkpt lat="35.756403319537639617919921875" lon="139.53386605717241764068603515625">
        <ele>45.40000152587890625</ele>
        <time>2026-09-01T22:25:11.000Z</time>
        <extensions>
          <ns3:TrackPointExtension>
            <ns3:hr>142</ns3:hr>
            <ns3:cad>85</ns3:cad>
          </ns3:TrackPointExtension>
        </extensions>
      </trkpt>
      <trkpt lat="35.75639267452061176300048828125" lon="139.53384309075772762298583984375">
        <ele>45.40000152587890625</ele>
        <time>2026-09-01T22:25:12.000Z</time>
        <extensions>
          <ns3:TrackPointExtension>
            <ns3:hr>142</ns3:hr>
            <ns3:cad>85</ns3:cad>
          </ns3:TrackPointExtension>
        </extensions>
      </trkpt>
      <trkpt lat="35.7563795149326324462890625" lon="139.5338215492665767669677734375">
        <ele>45.40000152587890625</ele>
        <time>2026-09-01T22:25:13.000Z</time>
        <extensions>
          <ns3:TrackPointExtension>
            <ns3:hr>142</ns3:hr>
            <ns3:cad>85</ns3:cad>
          </ns3:TrackPointExtension>
        </extensions>
      </trkpt>
      <trkpt lat="35.75636811554431915283203125" lon="139.5337982475757598876953125">
        <ele>45.59999847412109375</ele>
        <time>2026-09-01T22:25:14.000Z</time>
        <extensions>
          <ns3:TrackPointExtension>
            <ns3:hr>141</ns3:hr>
            <ns3:cad>86</ns3:cad>
          </ns3:TrackPointExtension>
        </extensions>
      </trkpt>
      <trkpt lat="35.75635864399373531341552734375" lon="139.53377603553235530853271484375">
        <ele>45.799999237060546875</ele>
        <time>2026-09-01T22:25:15.000Z</time>
        <extensions>
          <ns3:TrackPointExtension>
            <ns3:hr>141</ns3:hr>
            <ns3:cad>85</ns3:cad>
          </ns3:TrackPointExtension>
        </extensions>
      </trkpt>
      <trkpt lat="35.75635202229022979736328125" lon="139.533753655850887298583984375">
        <ele>45.799999237060546875</ele>
        <time>2026-09-01T22:25:16.000Z</time>
        <extensions>
          <ns3:TrackPointExtension>
            <ns3:hr>142</ns3:hr>
            <ns3:cad>85</ns3:cad>
          </ns3:TrackPointExtension>
        </extensions>
      </trkpt>
      <trkpt lat="35.7563464902341365814208984375" lon="139.53373077325522899627685546875">
        <ele>45.799999237060546875</ele>
        <time>2026-09-01T22:25:17.000Z</time>
        <extensions>
          <ns3:TrackPointExtension>
            <ns3:hr>142</ns3:hr>
            <ns3:cad>84</ns3:cad>
          </ns3:TrackPointExtension>
        </extensions>
      </trkpt>
      <trkpt lat="35.756338275969028472900390625" lon="139.5337082259356975555419921875">
        <ele>46.200000762939453125</ele>
        <time>2026-09-01T22:25:18.000Z</time>
        <extensions>
          <ns3:TrackPointExtension>
            <ns3:hr>142</ns3:hr>
            <ns3:cad>84</ns3:cad>
          </ns3:TrackPointExtension>
        </extensions>
      </trkpt>
      <trkpt lat="35.75632779859006404876708984375" lon="139.53368199057877063751220703125">
        <ele>46.200000762939453125</ele>
        <time>2026-09-01T22:25:19.000Z</time>
        <extensions>
          <ns3:TrackPointExtension>
            <ns3:hr>142</ns3:hr>
            <ns3:cad>83</ns3:cad>
          </ns3:TrackPointExtension>
        </extensions>
      </trkpt>
      <trkpt lat="35.756320841610431671142578125" lon="139.53365944325923919677734375">
        <ele>46.200000762939453125</ele>
        <time>2026-09-01T22:25:20.000Z</time>
        <extensions>
          <ns3:TrackPointExtension>
            <ns3:hr>142</ns3:hr>
            <ns3:cad>83</ns3:cad>
          </ns3:TrackPointExtension>
        </extensions>
      </trkpt>
      <trkpt lat="35.7563124597072601318359375" lon="139.53364075161516666412353515625">
        <ele>46.40000152587890625</ele>
        <time>2026-09-01T22:25:21.000Z</time>
        <extensions>
          <ns3:TrackPointExtension>
            <ns3:hr>143</ns3:hr>
            <ns3:cad>84</ns3:cad>
          </ns3:TrackPointExtension>
        </extensions>
      </trkpt>
      <trkpt lat="35.75630399398505687713623046875" lon="139.5336220599710941314697265625">
        <ele>46.40000152587890625</ele>
        <time>2026-09-01T22:25:22.000Z</time>
        <extensions>
          <ns3:TrackPointExtension>
            <ns3:hr>142</ns3:hr>
            <ns3:cad>85</ns3:cad>
          </ns3:TrackPointExtension>
        </extensions>
      </trkpt>
      <trkpt lat="35.7562951929867267608642578125" lon="139.5336036197841167449951171875">
        <ele>46.200000762939453125</ele>
        <time>2026-09-01T22:25:23.000Z</time>
        <extensions>
          <ns3:TrackPointExtension>
            <ns3:hr>142</ns3:hr>
            <ns3:cad>85</ns3:cad>
          </ns3:TrackPointExtension>
        </extensions>
      </trkpt>
      <trkpt lat="35.7562841288745403289794921875" lon="139.53358341939747333526611328125">
        <ele>46.200000762939453125</ele>
        <time>2026-09-01T22:25:24.000Z</time>
        <extensions>
          <ns3:TrackPointExtension>
            <ns3:hr>142</ns3:hr>
            <ns3:cad>85</ns3:cad>
          </ns3:TrackPointExtension>
        </extensions>
      </trkpt>
      <trkpt lat="35.75627197511494159698486328125" lon="139.5335643924772739410400390625">
        <ele>46.200000762939453125</ele>
        <time>2026-09-01T22:25:25.000Z</time>
        <extensions>
          <ns3:TrackPointExtension>
            <ns3:hr>142</ns3:hr>
            <ns3:cad>84</ns3:cad>
          </ns3:TrackPointExtension>
        </extensions>
      </trkpt>
      <trkpt lat="35.7562620006501674652099609375" lon="139.5335434377193450927734375">
        <ele>45.799999237060546875</ele>
        <time>2026-09-01T22:25:26.000Z</time>
        <extensions>
          <ns3:TrackPointExtension>
            <ns3:hr>142</ns3:hr>
            <ns3:cad>83</ns3:cad>
          </ns3:TrackPointExtension>
        </extensions>
      </trkpt>
      <trkpt lat="35.75625303201377391815185546875" lon="139.5335246622562408447265625">
        <ele>45.799999237060546875</ele>
        <time>2026-09-01T22:25:27.000Z</time>
        <extensions>
          <ns3:TrackPointExtension>
            <ns3:hr>142</ns3:hr>
            <ns3:cad>83</ns3:cad>
          </ns3:TrackPointExtension>
        </extensions>
      </trkpt>
      <trkpt lat="35.756243728101253509521484375" lon="139.53350747935473918914794921875">
        <ele>45.799999237060546875</ele>
        <time>2026-09-01T22:25:28.000Z</time>
        <extensions>
          <ns3:TrackPointExtension>
            <ns3:hr>142</ns3:hr>
            <ns3:cad>84</ns3:cad>
          </ns3:TrackPointExtension>
        </extensions>
      </trkpt>
      <trkpt lat="35.756236352026462554931640625" lon="139.53348644077777862548828125">
        <ele>45.59999847412109375</ele>
        <time>2026-09-01T22:25:29.000Z</time>
        <extensions>
          <ns3:TrackPointExtension>
            <ns3:hr>142</ns3:hr>
            <ns3:cad>85</ns3:cad>
          </ns3:TrackPointExtension>
        </extensions>
      </trkpt>
      <trkpt lat="35.75622738339006900787353515625" lon="139.53346498310565948486328125">
        <ele>45.59999847412109375</ele>
        <time>2026-09-01T22:25:30.000Z</time>
        <extensions>
          <ns3:TrackPointExtension>
            <ns3:hr>142</ns3:hr>
            <ns3:cad>85</ns3:cad>
          </ns3:TrackPointExtension>
        </extensions>
      </trkpt>
      <trkpt lat="35.7562174089252948760986328125" lon="139.53344327397644519805908203125">
        <ele>45.59999847412109375</ele>
        <time>2026-09-01T22:25:31.000Z</time>
        <extensions>
          <ns3:TrackPointExtension>
            <ns3:hr>143</ns3:hr>
            <ns3:cad>85</ns3:cad>
          </ns3:TrackPointExtension>
        </extensions>
      </trkpt>
      <trkpt lat="35.75620877556502819061279296875" lon="139.5334219001233577728271484375">
        <ele>45.59999847412109375</ele>
        <time>2026-09-01T22:25:32.000Z</time>
        <extensions>
          <ns3:TrackPointExtension>
            <ns3:hr>143</ns3:hr>
            <ns3:cad>85</ns3:cad>
          </ns3:TrackPointExtension>
        </extensions>
      </trkpt>
      <trkpt lat="35.7561999745666980743408203125" lon="139.533401615917682647705078125">
        <ele>45.59999847412109375</ele>
        <time>2026-09-01T22:25:33.000Z</time>
        <extensions>
          <ns3:TrackPointExtension>
            <ns3:hr>143</ns3:hr>
            <ns3:cad>85</ns3:cad>
          </ns3:TrackPointExtension>
        </extensions>
      </trkpt>
      <trkpt lat="35.7561890780925750732421875" lon="139.533381499350070953369140625">
        <ele>45.59999847412109375</ele>
        <time>2026-09-01T22:25:34.000Z</time>
        <extensions>
          <ns3:TrackPointExtension>
            <ns3:hr>143</ns3:hr>
            <ns3:cad>86</ns3:cad>
          </ns3:TrackPointExtension>
        </extensions>
      </trkpt>
      <trkpt lat="35.7561811991035938262939453125" lon="139.53336046077311038970947265625">
        <ele>45.59999847412109375</ele>
        <time>2026-09-01T22:25:35.000Z</time>
        <extensions>
          <ns3:TrackPointExtension>
            <ns3:hr>143</ns3:hr>
            <ns3:cad>86</ns3:cad>
          </ns3:TrackPointExtension>
        </extensions>
      </trkpt>
      <trkpt lat="35.75617223046720027923583984375" lon="139.53333883546292781829833984375">
        <ele>45.59999847412109375</ele>
        <time>2026-09-01T22:25:36.000Z</time>
        <extensions>
          <ns3:TrackPointExtension>
            <ns3:hr>143</ns3:hr>
            <ns3:cad>85</ns3:cad>
          </ns3:TrackPointExtension>
        </extensions>
      </trkpt>
      <trkpt lat="35.75616359710693359375" lon="139.5333179645240306854248046875">
        <ele>45.59999847412109375</ele>
        <time>2026-09-01T22:25:37.000Z</time>
        <extensions>
          <ns3:TrackPointExtension>
            <ns3:hr>143</ns3:hr>
            <ns3:cad>84</ns3:cad>
          </ns3:TrackPointExtension>
        </extensions>
      </trkpt>
      <trkpt lat="35.75615295208990573883056640625" lon="139.533300697803497314453125">
        <ele>45.59999847412109375</ele>
        <time>2026-09-01T22:25:38.000Z</time>
        <extensions>
          <ns3:TrackPointExtension>
            <ns3:hr>143</ns3:hr>
            <ns3:cad>84</ns3:cad>
          </ns3:TrackPointExtension>
        </extensions>
      </trkpt>
      <trkpt lat="35.7561413012444972991943359375" lon="139.53328100033104419708251953125">
        <ele>45.59999847412109375</ele>
        <time>2026-09-01T22:25:39.000Z</time>
        <extensions>
          <ns3:TrackPointExtension>
            <ns3:hr>144</ns3:hr>
            <ns3:cad>84</ns3:cad>
          </ns3:TrackPointExtension>
        </extensions>
      </trkpt>
      <trkpt lat="35.75613048858940601348876953125" lon="139.5332616381347179412841796875">
        <ele>45.59999847412109375</ele>
        <time>2026-09-01T22:25:40.000Z</time>
        <extensions>
          <ns3:TrackPointExtension>
            <ns3:hr>144</ns3:hr>
            <ns3:cad>85</ns3:cad>
          </ns3:TrackPointExtension>
        </extensions>
      </trkpt>
      <trkpt lat="35.75612043030560016632080078125" lon="139.53323791734874248504638671875">
        <ele>45.59999847412109375</ele>
        <time>2026-09-01T22:25:41.000Z</time>
        <extensions>
          <ns3:TrackPointExtension>
            <ns3:hr>144</ns3:hr>
            <ns3:cad>85</ns3:cad>
          </ns3:TrackPointExtension>
        </extensions>
      </trkpt>
      <trkpt lat="35.75611221604049205780029296875" lon="139.53321495093405246734619140625">
        <ele>45.59999847412109375</ele>
        <time>2026-09-01T22:25:42.000Z</time>
        <extensions>
          <ns3:TrackPointExtension>
            <ns3:hr>144</ns3:hr>
            <ns3:cad>85</ns3:cad>
          </ns3:TrackPointExtension>
        </extensions>
      </trkpt>
      <trkpt lat="35.75610349886119365692138671875" lon="139.53319332562386989593505859375">
        <ele>45.59999847412109375</ele>
        <time>2026-09-01T22:25:43.000Z</time>
        <extensions>
          <ns3:TrackPointExtension>
            <ns3:hr>144</ns3:hr>
            <ns3:cad>85</ns3:cad>
          </ns3:TrackPointExtension>
        </extensions>
      </trkpt>
      <trkpt lat="35.75609453022480010986328125" lon="139.5331711135804653167724609375">
        <ele>45.59999847412109375</ele>
        <time>2026-09-01T22:25:44.000Z</time>
        <extensions>
          <ns3:TrackPointExtension>
            <ns3:hr>143</ns3:hr>
            <ns3:cad>85</ns3:cad>
          </ns3:TrackPointExtension>
        </extensions>
      </trkpt>
      <trkpt lat="35.7560866512358188629150390625" lon="139.5331489853560924530029296875">
        <ele>45.59999847412109375</ele>
        <time>2026-09-01T22:25:45.000Z</time>
        <extensions>
          <ns3:TrackPointExtension>
            <ns3:hr>142</ns3:hr>
            <ns3:cad>84</ns3:cad>
          </ns3:TrackPointExtension>
        </extensions>
      </trkpt>
      <trkpt lat="35.75607650913298130035400390625" lon="139.5331275276839733123779296875">
        <ele>45.59999847412109375</ele>
        <time>2026-09-01T22:25:46.000Z</time>
        <extensions>
          <ns3:TrackPointExtension>
            <ns3:hr>141</ns3:hr>
            <ns3:cad>84</ns3:cad>
          </ns3:TrackPointExtension>
        </extensions>
      </trkpt>
      <trkpt lat="35.756068043410778045654296875" lon="139.53311026096343994140625">
        <ele>45.59999847412109375</ele>
        <time>2026-09-01T22:25:47.000Z</time>
        <extensions>
          <ns3:TrackPointExtension>
            <ns3:hr>141</ns3:hr>
            <ns3:cad>84</ns3:cad>
          </ns3:TrackPointExtension>
        </extensions>
      </trkpt>
      <trkpt lat="35.7560598291456699371337890625" lon="139.5330913178622722625732421875">
        <ele>45.59999847412109375</ele>
        <time>2026-09-01T22:25:48.000Z</time>
        <extensions>
          <ns3:TrackPointExtension>
            <ns3:hr>141</ns3:hr>
            <ns3:cad>84</ns3:cad>
          </ns3:TrackPointExtension>
        </extensions>
      </trkpt>
      <trkpt lat="35.7560484297573566436767578125" lon="139.5330701954662799835205078125">
        <ele>45.59999847412109375</ele>
        <time>2026-09-01T22:25:49.000Z</time>
        <extensions>
          <ns3:TrackPointExtension>
            <ns3:hr>141</ns3:hr>
            <ns3:cad>85</ns3:cad>
          </ns3:TrackPointExtension>
        </extensions>
      </trkpt>
      <trkpt lat="35.7560350187122821807861328125" lon="139.53304932452738285064697265625">
        <ele>45.59999847412109375</ele>
        <time>2026-09-01T22:25:50.000Z</time>
        <extensions>
          <ns3:TrackPointExtension>
            <ns3:hr>141</ns3:hr>
            <ns3:cad>85</ns3:cad>
          </ns3:TrackPointExtension>
        </extensions>
      </trkpt>
      <trkpt lat="35.7560241222381591796875" lon="139.53302736394107341766357421875">
        <ele>45.59999847412109375</ele>
        <time>2026-09-01T22:25:51.000Z</time>
        <extensions>
          <ns3:TrackPointExtension>
            <ns3:hr>141</ns3:hr>
            <ns3:cad>85</ns3:cad>
          </ns3:TrackPointExtension>
        </extensions>
      </trkpt>
      <trkpt lat="35.75601213611662387847900390625" lon="139.5330078341066837310791015625">
        <ele>45.59999847412109375</ele>
        <time>2026-09-01T22:25:52.000Z</time>
        <extensions>
          <ns3:TrackPointExtension>
            <ns3:hr>141</ns3:hr>
            <ns3:cad>85</ns3:cad>
          </ns3:TrackPointExtension>
        </extensions>
      </trkpt>
      <trkpt lat="35.75600090436637401580810546875" lon="139.53298411332070827484130859375">
        <ele>45.59999847412109375</ele>
        <time>2026-09-01T22:25:53.000Z</time>
        <extensions>
          <ns3:TrackPointExtension>
            <ns3:hr>141</ns3:hr>
            <ns3:cad>85</ns3:cad>
          </ns3:TrackPointExtension>
        </extensions>
      </trkpt>
      <trkpt lat="35.7559897564351558685302734375" lon="139.53295846469700336456298828125">
        <ele>45.59999847412109375</ele>
        <time>2026-09-01T22:25:54.000Z</time>
        <extensions>
          <ns3:TrackPointExtension>
            <ns3:hr>141</ns3:hr>
            <ns3:cad>85</ns3:cad>
          </ns3:TrackPointExtension>
        </extensions>
      </trkpt>
      <trkpt lat="35.755979530513286590576171875" lon="139.5329317264258861541748046875">
        <ele>45.59999847412109375</ele>
        <time>2026-09-01T22:25:55.000Z</time>
        <extensions>
          <ns3:TrackPointExtension>
            <ns3:hr>141</ns3:hr>
            <ns3:cad>85</ns3:cad>
          </ns3:TrackPointExtension>
        </extensions>
      </trkpt>
      <trkpt lat="35.755967460572719573974609375" lon="139.532904736697673797607421875">
        <ele>45.59999847412109375</ele>
        <time>2026-09-01T22:25:56.000Z</time>
        <extensions>
          <ns3:TrackPointExtension>
            <ns3:hr>141</ns3:hr>
            <ns3:cad>84</ns3:cad>
          </ns3:TrackPointExtension>
        </extensions>
      </trkpt>
      <trkpt lat="35.755957067012786865234375" lon="139.5328809320926666259765625">
        <ele>45.59999847412109375</ele>
        <time>2026-09-01T22:25:57.000Z</time>
        <extensions>
          <ns3:TrackPointExtension>
            <ns3:hr>141</ns3:hr>
            <ns3:cad>84</ns3:cad>
          </ns3:TrackPointExtension>
        </extensions>
      </trkpt>
      <trkpt lat="35.75594591908156871795654296875" lon="139.53285821713507175445556640625">
        <ele>45.59999847412109375</ele>
        <time>2026-09-01T22:25:58.000Z</time>
        <extensions>
          <ns3:TrackPointExtension>
            <ns3:hr>140</ns3:hr>
            <ns3:cad>84</ns3:cad>
          </ns3:TrackPointExtension>
        </extensions>
      </trkpt>
      <trkpt lat="35.7559344358742237091064453125" lon="139.53283558599650859832763671875">
        <ele>45.59999847412109375</ele>
        <time>2026-09-01T22:25:59.000Z</time>
        <extensions>
          <ns3:TrackPointExtension>
            <ns3:hr>140</ns3:hr>
            <ns3:cad>85</ns3:cad>
          </ns3:TrackPointExtension>
        </extensions>
      </trkpt>
      <trkpt lat="35.7559233717620372772216796875" lon="139.53280842863023281097412109375">
        <ele>45.799999237060546875</ele>
        <time>2026-09-01T22:26:00.000Z</time>
        <extensions>
          <ns3:TrackPointExtension>
            <ns3:hr>140</ns3:hr>
            <ns3:cad>86</ns3:cad>
          </ns3:TrackPointExtension>
        </extensions>
      </trkpt>
      <trkpt lat="35.75591289438307285308837890625" lon="139.53277967870235443115234375">
        <ele>45.799999237060546875</ele>
        <time>2026-09-01T22:26:01.000Z</time>
        <extensions>
          <ns3:TrackPointExtension>
            <ns3:hr>140</ns3:hr>
            <ns3:cad>86</ns3:cad>
          </ns3:TrackPointExtension>
        </extensions>
      </trkpt>
      <trkpt lat="35.7559012435376644134521484375" lon="139.5327523536980152130126953125">
        <ele>45.799999237060546875</ele>
        <time>2026-09-01T22:26:02.000Z</time>
        <extensions>
          <ns3:TrackPointExtension>
            <ns3:hr>140</ns3:hr>
            <ns3:cad>86</ns3:cad>
          </ns3:TrackPointExtension>
        </extensions>
      </trkpt>
      <trkpt lat="35.75588992796838283538818359375" lon="139.53272729180753231048583984375">
        <ele>45.799999237060546875</ele>
        <time>2026-09-01T22:26:03.000Z</time>
        <extensions>
          <ns3:TrackPointExtension>
            <ns3:hr>140</ns3:hr>
            <ns3:cad>86</ns3:cad>
          </ns3:TrackPointExtension>
        </extensions>
      </trkpt>
      <trkpt lat="35.75587852858006954193115234375" lon="139.532702900469303131103515625">
        <ele>45.799999237060546875</ele>
        <time>2026-09-01T22:26:04.000Z</time>
        <extensions>
          <ns3:TrackPointExtension>
            <ns3:hr>140</ns3:hr>
            <ns3:cad>86</ns3:cad>
          </ns3:TrackPointExtension>
        </extensions>
      </trkpt>
      <trkpt lat="35.75586788356304168701171875" lon="139.5326775871217250823974609375">
        <ele>46</ele>
        <time>2026-09-01T22:26:05.000Z</time>
        <extensions>
          <ns3:TrackPointExtension>
            <ns3:hr>140</ns3:hr>
            <ns3:cad>85</ns3:cad>
          </ns3:TrackPointExtension>
        </extensions>
      </trkpt>
      <trkpt lat="35.75585740618407726287841796875" lon="139.53265604563057422637939453125">
        <ele>46</ele>
        <time>2026-09-01T22:26:06.000Z</time>
        <extensions>
          <ns3:TrackPointExtension>
            <ns3:hr>140</ns3:hr>
            <ns3:cad>85</ns3:cad>
          </ns3:TrackPointExtension>
        </extensions>
      </trkpt>
      <trkpt lat="35.75584776699542999267578125" lon="139.53263274393975734710693359375">
        <ele>46</ele>
        <time>2026-09-01T22:26:07.000Z</time>
        <extensions>
          <ns3:TrackPointExtension>
            <ns3:hr>140</ns3:hr>
            <ns3:cad>86</ns3:cad>
          </ns3:TrackPointExtension>
        </extensions>
      </trkpt>
      <trkpt lat="35.755837373435497283935546875" lon="139.53260759823024272918701171875">
        <ele>46</ele>
        <time>2026-09-01T22:26:08.000Z</time>
        <extensions>
          <ns3:TrackPointExtension>
            <ns3:hr>140</ns3:hr>
            <ns3:cad>86</ns3:cad>
          </ns3:TrackPointExtension>
        </extensions>
      </trkpt>
      <trkpt lat="35.75582555495202541351318359375" lon="139.5325847156345844268798828125">
        <ele>46</ele>
        <time>2026-09-01T22:26:09.000Z</time>
        <extensions>
          <ns3:TrackPointExtension>
            <ns3:hr>140</ns3:hr>
            <ns3:cad>86</ns3:cad>
          </ns3:TrackPointExtension>
        </extensions>
      </trkpt>
      <trkpt lat="35.75581516139209270477294921875" lon="139.5325605757534503936767578125">
        <ele>46</ele>
        <time>2026-09-01T22:26:10.000Z</time>
        <extensions>
          <ns3:TrackPointExtension>
            <ns3:hr>140</ns3:hr>
            <ns3:cad>86</ns3:cad>
          </ns3:TrackPointExtension>
        </extensions>
      </trkpt>
      <trkpt lat="35.75580476783215999603271484375" lon="139.5325381122529506683349609375">
        <ele>46</ele>
        <time>2026-09-01T22:26:11.000Z</time>
        <extensions>
          <ns3:TrackPointExtension>
            <ns3:hr>140</ns3:hr>
            <ns3:cad>86</ns3:cad>
          </ns3:TrackPointExtension>
        </extensions>
      </trkpt>
      <trkpt lat="35.75579504482448101043701171875" lon="139.532513134181499481201171875">
        <ele>46</ele>
        <time>2026-09-01T22:26:12.000Z</time>
        <extensions>
          <ns3:TrackPointExtension>
            <ns3:hr>140</ns3:hr>
            <ns3:cad>86</ns3:cad>
          </ns3:TrackPointExtension>
        </extensions>
      </trkpt>
      <trkpt lat="35.75578515417873859405517578125" lon="139.5324894972145557403564453125">
        <ele>46</ele>
        <time>2026-09-01T22:26:13.000Z</time>
        <extensions>
          <ns3:TrackPointExtension>
            <ns3:hr>140</ns3:hr>
            <ns3:cad>86</ns3:cad>
          </ns3:TrackPointExtension>
        </extensions>
      </trkpt>
      <trkpt lat="35.75577643699944019317626953125" lon="139.53246493823826313018798828125">
        <ele>46</ele>
        <time>2026-09-01T22:26:14.000Z</time>
        <extensions>
          <ns3:TrackPointExtension>
            <ns3:hr>140</ns3:hr>
            <ns3:cad>86</ns3:cad>
          </ns3:TrackPointExtension>
        </extensions>
      </trkpt>
      <trkpt lat="35.75576771982014179229736328125" lon="139.53243962489068508148193359375">
        <ele>46</ele>
        <time>2026-09-01T22:26:15.000Z</time>
        <extensions>
          <ns3:TrackPointExtension>
            <ns3:hr>140</ns3:hr>
            <ns3:cad>86</ns3:cad>
          </ns3:TrackPointExtension>
        </extensions>
      </trkpt>
      <trkpt lat="35.7557604275643825531005859375" lon="139.53241280280053615570068359375">
        <ele>46</ele>
        <time>2026-09-01T22:26:16.000Z</time>
        <extensions>
          <ns3:TrackPointExtension>
            <ns3:hr>140</ns3:hr>
            <ns3:cad>86</ns3:cad>
          </ns3:TrackPointExtension>
        </extensions>
      </trkpt>
      <trkpt lat="35.75575254857540130615234375" lon="139.53238497488200664520263671875">
        <ele>46</ele>
        <time>2026-09-01T22:26:17.000Z</time>
        <extensions>
          <ns3:TrackPointExtension>
            <ns3:hr>141</ns3:hr>
            <ns3:cad>86</ns3:cad>
          </ns3:TrackPointExtension>
        </extensions>
      </trkpt>
      <trkpt lat="35.755747854709625244140625" lon="139.53235781751573085784912109375">
        <ele>46</ele>
        <time>2026-09-01T22:26:18.000Z</time>
        <extensions>
          <ns3:TrackPointExtension>
            <ns3:hr>141</ns3:hr>
            <ns3:cad>86</ns3:cad>
          </ns3:TrackPointExtension>
        </extensions>
      </trkpt>
      <trkpt lat="35.755745507776737213134765625" lon="139.5323305763304233551025390625">
        <ele>46</ele>
        <time>2026-09-01T22:26:19.000Z</time>
        <extensions>
          <ns3:TrackPointExtension>
            <ns3:hr>141</ns3:hr>
            <ns3:cad>86</ns3:cad>
          </ns3:TrackPointExtension>
        </extensions>
      </trkpt>
      <trkpt lat="35.75574307702481746673583984375" lon="139.532305262982845306396484375">
        <ele>46</ele>
        <time>2026-09-01T22:26:20.000Z</time>
        <extensions>
          <ns3:TrackPointExtension>
            <ns3:hr>141</ns3:hr>
            <ns3:cad>86</ns3:cad>
          </ns3:TrackPointExtension>
        </extensions>
      </trkpt>
      <trkpt lat="35.75574022717773914337158203125" lon="139.532276429235935211181640625">
        <ele>46</ele>
        <time>2026-09-01T22:26:21.000Z</time>
        <extensions>
          <ns3:TrackPointExtension>
            <ns3:hr>141</ns3:hr>
            <ns3:cad>86</ns3:cad>
          </ns3:TrackPointExtension>
        </extensions>
      </trkpt>
      <trkpt lat="35.75573670677840709686279296875" lon="139.53224399127066135406494140625">
        <ele>46</ele>
        <time>2026-09-01T22:26:22.000Z</time>
        <extensions>
          <ns3:TrackPointExtension>
            <ns3:hr>141</ns3:hr>
            <ns3:cad>86</ns3:cad>
          </ns3:TrackPointExtension>
        </extensions>
      </trkpt>
      <trkpt lat="35.755737125873565673828125" lon="139.5322155766189098358154296875">
        <ele>46</ele>
        <time>2026-09-01T22:26:23.000Z</time>
        <extensions>
          <ns3:TrackPointExtension>
            <ns3:hr>141</ns3:hr>
            <ns3:cad>86</ns3:cad>
          </ns3:TrackPointExtension>
        </extensions>
      </trkpt>
      <trkpt lat="35.75573620386421680450439453125" lon="139.532194621860980987548828125">
        <ele>46</ele>
        <time>2026-09-01T22:26:24.000Z</time>
        <extensions>
          <ns3:TrackPointExtension>
            <ns3:hr>141</ns3:hr>
            <ns3:cad>86</ns3:cad>
          </ns3:TrackPointExtension>
        </extensions>
      </trkpt>
      <trkpt lat="35.75573419220745563507080078125" lon="139.53216788358986377716064453125">
        <ele>46.200000762939453125</ele>
        <time>2026-09-01T22:26:25.000Z</time>
        <extensions>
          <ns3:TrackPointExtension>
            <ns3:hr>141</ns3:hr>
            <ns3:cad>86</ns3:cad>
          </ns3:TrackPointExtension>
        </extensions>
      </trkpt>
      <trkpt lat="35.7557346113026142120361328125" lon="139.53214072622358798980712890625">
        <ele>46.200000762939453125</ele>
        <time>2026-09-01T22:26:26.000Z</time>
        <extensions>
          <ns3:TrackPointExtension>
            <ns3:hr>142</ns3:hr>
            <ns3:cad>86</ns3:cad>
          </ns3:TrackPointExtension>
        </extensions>
      </trkpt>
      <trkpt lat="35.755735449492931365966796875" lon="139.53211289830505847930908203125">
        <ele>46.200000762939453125</ele>
        <time>2026-09-01T22:26:27.000Z</time>
        <extensions>
          <ns3:TrackPointExtension>
            <ns3:hr>142</ns3:hr>
            <ns3:cad>86</ns3:cad>
          </ns3:TrackPointExtension>
        </extensions>
      </trkpt>
      <trkpt lat="35.7557339407503604888916015625" lon="139.5320828072726726531982421875">
        <ele>46.200000762939453125</ele>
        <time>2026-09-01T22:26:28.000Z</time>
        <extensions>
          <ns3:TrackPointExtension>
            <ns3:hr>143</ns3:hr>
            <ns3:cad>86</ns3:cad>
          </ns3:TrackPointExtension>
        </extensions>
      </trkpt>
      <trkpt lat="35.75573067180812358856201171875" lon="139.53205338679254055023193359375">
        <ele>46.200000762939453125</ele>
        <time>2026-09-01T22:26:29.000Z</time>
        <extensions>
          <ns3:TrackPointExtension>
            <ns3:hr>143</ns3:hr>
            <ns3:cad>86</ns3:cad>
          </ns3:TrackPointExtension>
        </extensions>
      </trkpt>
      <trkpt lat="35.75572698377072811126708984375" lon="139.53202254138886928558349609375">
        <ele>46.200000762939453125</ele>
        <time>2026-09-01T22:26:30.000Z</time>
        <extensions>
          <ns3:TrackPointExtension>
            <ns3:hr>143</ns3:hr>
            <ns3:cad>86</ns3:cad>
          </ns3:TrackPointExtension>
        </extensions>
      </trkpt>
      <trkpt lat="35.755725391209125518798828125" lon="139.5319942943751811981201171875">
        <ele>46.200000762939453125</ele>
        <time>2026-09-01T22:26:31.000Z</time>
        <extensions>
          <ns3:TrackPointExtension>
            <ns3:hr>143</ns3:hr>
            <ns3:cad>87</ns3:cad>
          </ns3:TrackPointExtension>
        </extensions>
      </trkpt>
      <trkpt lat="35.7557238824665546417236328125" lon="139.5319644547998905181884765625">
        <ele>46.200000762939453125</ele>
        <time>2026-09-01T22:26:32.000Z</time>
        <extensions>
          <ns3:TrackPointExtension>
            <ns3:hr>143</ns3:hr>
            <ns3:cad>87</ns3:cad>
          </ns3:TrackPointExtension>
        </extensions>
      </trkpt>
      <trkpt lat="35.7557215355336666107177734375" lon="139.53193570487201213836669921875">
        <ele>46.200000762939453125</ele>
        <time>2026-09-01T22:26:33.000Z</time>
        <extensions>
          <ns3:TrackPointExtension>
            <ns3:hr>143</ns3:hr>
            <ns3:cad>85</ns3:cad>
          </ns3:TrackPointExtension>
        </extensions>
      </trkpt>
      <trkpt lat="35.75571793131530284881591796875" lon="139.53190938569605350494384765625">
        <ele>46.200000762939453125</ele>
        <time>2026-09-01T22:26:34.000Z</time>
        <extensions>
          <ns3:TrackPointExtension>
            <ns3:hr>143</ns3:hr>
            <ns3:cad>85</ns3:cad>
          </ns3:TrackPointExtension>
        </extensions>
      </trkpt>
      <trkpt lat="35.7557128183543682098388671875" lon="139.5318831503391265869140625">
        <ele>46.200000762939453125</ele>
        <time>2026-09-01T22:26:35.000Z</time>
        <extensions>
          <ns3:TrackPointExtension>
            <ns3:hr>143</ns3:hr>
            <ns3:cad>86</ns3:cad>
          </ns3:TrackPointExtension>
        </extensions>
      </trkpt>
      <trkpt lat="35.755703933537006378173828125" lon="139.53186093829572200775146484375">
        <ele>46.200000762939453125</ele>
        <time>2026-09-01T22:26:36.000Z</time>
        <extensions>
          <ns3:TrackPointExtension>
            <ns3:hr>143</ns3:hr>
            <ns3:cad>86</ns3:cad>
          </ns3:TrackPointExtension>
        </extensions>
      </trkpt>
      <trkpt lat="35.7556937076151371002197265625" lon="139.53183663077652454376220703125">
        <ele>46.200000762939453125</ele>
        <time>2026-09-01T22:26:37.000Z</time>
        <extensions>
          <ns3:TrackPointExtension>
            <ns3:hr>143</ns3:hr>
            <ns3:cad>86</ns3:cad>
          </ns3:TrackPointExtension>
        </extensions>
      </trkpt>
      <trkpt lat="35.7556826435029506683349609375" lon="139.53181098215281963348388671875">
        <ele>46.200000762939453125</ele>
        <time>2026-09-01T22:26:38.000Z</time>
        <extensions>
          <ns3:TrackPointExtension>
            <ns3:hr>143</ns3:hr>
            <ns3:cad>86</ns3:cad>
          </ns3:TrackPointExtension>
        </extensions>
      </trkpt>
      <trkpt lat="35.755669735372066497802734375" lon="139.53178860247135162353515625">
        <ele>46.200000762939453125</ele>
        <time>2026-09-01T22:26:39.000Z</time>
        <extensions>
          <ns3:TrackPointExtension>
            <ns3:hr>144</ns3:hr>
            <ns3:cad>86</ns3:cad>
          </ns3:TrackPointExtension>
        </extensions>
      </trkpt>
      <trkpt lat="35.7556585036218166351318359375" lon="139.53176588751375675201416015625">
        <ele>46.200000762939453125</ele>
        <time>2026-09-01T22:26:40.000Z</time>
        <extensions>
          <ns3:TrackPointExtension>
            <ns3:hr>144</ns3:hr>
            <ns3:cad>86</ns3:cad>
          </ns3:TrackPointExtension>
        </extensions>
      </trkpt>
      <trkpt lat="35.75564836151897907257080078125" lon="139.531741999089717864990234375">
        <ele>46.200000762939453125</ele>
        <time>2026-09-01T22:26:41.000Z</time>
        <extensions>
          <ns3:TrackPointExtension>
            <ns3:hr>144</ns3:hr>
            <ns3:cad>86</ns3:cad>
          </ns3:TrackPointExtension>
        </extensions>
      </trkpt>
      <trkpt lat="35.7556383870542049407958984375" lon="139.53171559609472751617431640625">
        <ele>46.200000762939453125</ele>
        <time>2026-09-01T22:26:42.000Z</time>
        <extensions>
          <ns3:TrackPointExtension>
            <ns3:hr>144</ns3:hr>
            <ns3:cad>86</ns3:cad>
          </ns3:TrackPointExtension>
        </extensions>
      </trkpt>
      <trkpt lat="35.7556269876658916473388671875" lon="139.5316945575177669525146484375">
        <ele>46.200000762939453125</ele>
        <time>2026-09-01T22:26:43.000Z</time>
        <extensions>
          <ns3:TrackPointExtension>
            <ns3:hr>144</ns3:hr>
            <ns3:cad>86</ns3:cad>
          </ns3:TrackPointExtension>
        </extensions>
      </trkpt>
      <trkpt lat="35.75561466626822948455810546875" lon="139.531673602759838104248046875">
        <ele>46.40000152587890625</ele>
        <time>2026-09-01T22:26:44.000Z</time>
        <extensions>
          <ns3:TrackPointExtension>
            <ns3:hr>144</ns3:hr>
            <ns3:cad>86</ns3:cad>
          </ns3:TrackPointExtension>
        </extensions>
      </trkpt>
      <trkpt lat="35.755599327385425567626953125" lon="139.5316546596586704254150390625">
        <ele>46.40000152587890625</ele>
        <time>2026-09-01T22:26:45.000Z</time>
        <extensions>
          <ns3:TrackPointExtension>
            <ns3:hr>144</ns3:hr>
            <ns3:cad>86</ns3:cad>
          </ns3:TrackPointExtension>
        </extensions>
      </trkpt>
      <trkpt lat="35.75558356940746307373046875" lon="139.53163437545299530029296875">
        <ele>46.40000152587890625</ele>
        <time>2026-09-01T22:26:46.000Z</time>
        <extensions>
          <ns3:TrackPointExtension>
            <ns3:hr>144</ns3:hr>
            <ns3:cad>87</ns3:cad>
          </ns3:TrackPointExtension>
        </extensions>
      </trkpt>
      <trkpt lat="35.7555693201720714569091796875" lon="139.53161249868571758270263671875">
        <ele>46.40000152587890625</ele>
        <time>2026-09-01T22:26:47.000Z</time>
        <extensions>
          <ns3:TrackPointExtension>
            <ns3:hr>144</ns3:hr>
            <ns3:cad>87</ns3:cad>
          </ns3:TrackPointExtension>
        </extensions>
      </trkpt>
      <trkpt lat="35.7555555738508701324462890625" lon="139.53159037046134471893310546875">
        <ele>46.40000152587890625</ele>
        <time>2026-09-01T22:26:48.000Z</time>
        <extensions>
          <ns3:TrackPointExtension>
            <ns3:hr>144</ns3:hr>
            <ns3:cad>87</ns3:cad>
          </ns3:TrackPointExtension>
        </extensions>
      </trkpt>
      <trkpt lat="35.75554392300546169281005859375" lon="139.53156840987503528594970703125">
        <ele>46.40000152587890625</ele>
        <time>2026-09-01T22:26:49.000Z</time>
        <extensions>
          <ns3:TrackPointExtension>
            <ns3:hr>144</ns3:hr>
            <ns3:cad>87</ns3:cad>
          </ns3:TrackPointExtension>
        </extensions>
      </trkpt>
      <trkpt lat="35.755531601607799530029296875" lon="139.53154795803129673004150390625">
        <ele>46.40000152587890625</ele>
        <time>2026-09-01T22:26:50.000Z</time>
        <extensions>
          <ns3:TrackPointExtension>
            <ns3:hr>144</ns3:hr>
            <ns3:cad>87</ns3:cad>
          </ns3:TrackPointExtension>
        </extensions>
      </trkpt>
      <trkpt lat="35.755516849458217620849609375" lon="139.53152708709239959716796875">
        <ele>46.40000152587890625</ele>
        <time>2026-09-01T22:26:51.000Z</time>
        <extensions>
          <ns3:TrackPointExtension>
            <ns3:hr>144</ns3:hr>
            <ns3:cad>86</ns3:cad>
          </ns3:TrackPointExtension>
        </extensions>
      </trkpt>
      <trkpt lat="35.75550385750830173492431640625" lon="139.53150705434381961822509765625">
        <ele>46.40000152587890625</ele>
        <time>2026-09-01T22:26:52.000Z</time>
        <extensions>
          <ns3:TrackPointExtension>
            <ns3:hr>144</ns3:hr>
            <ns3:cad>86</ns3:cad>
          </ns3:TrackPointExtension>
        </extensions>
      </trkpt>
      <trkpt lat="35.7554878480732440948486328125" lon="139.53148526139557361602783203125">
        <ele>46.40000152587890625</ele>
        <time>2026-09-01T22:26:53.000Z</time>
        <extensions>
          <ns3:TrackPointExtension>
            <ns3:hr>144</ns3:hr>
            <ns3:cad>86</ns3:cad>
          </ns3:TrackPointExtension>
        </extensions>
      </trkpt>
      <trkpt lat="35.75547116808593273162841796875" lon="139.531466066837310791015625">
        <ele>46.40000152587890625</ele>
        <time>2026-09-01T22:26:54.000Z</time>
        <extensions>
          <ns3:TrackPointExtension>
            <ns3:hr>144</ns3:hr>
            <ns3:cad>86</ns3:cad>
          </ns3:TrackPointExtension>
        </extensions>
      </trkpt>
      <trkpt lat="35.755450464785099029541015625" lon="139.53144636936485767364501953125">
        <ele>46.59999847412109375</ele>
        <time>2026-09-01T22:26:55.000Z</time>
        <extensions>
          <ns3:TrackPointExtension>
            <ns3:hr>145</ns3:hr>
            <ns3:cad>86</ns3:cad>
          </ns3:TrackPointExtension>
        </extensions>
      </trkpt>
      <trkpt lat="35.75543412007391452789306640625" lon="139.53142591752111911773681640625">
        <ele>46.59999847412109375</ele>
        <time>2026-09-01T22:26:56.000Z</time>
        <extensions>
          <ns3:TrackPointExtension>
            <ns3:hr>145</ns3:hr>
            <ns3:cad>87</ns3:cad>
          </ns3:TrackPointExtension>
        </extensions>
      </trkpt>
      <trkpt lat="35.75542070902884006500244140625" lon="139.53140479512512683868408203125">
        <ele>46.59999847412109375</ele>
        <time>2026-09-01T22:26:57.000Z</time>
        <extensions>
          <ns3:TrackPointExtension>
            <ns3:hr>145</ns3:hr>
            <ns3:cad>87</ns3:cad>
          </ns3:TrackPointExtension>
        </extensions>
      </trkpt>
      <trkpt lat="35.755406208336353302001953125" lon="139.53138333745300769805908203125">
        <ele>46.59999847412109375</ele>
        <time>2026-09-01T22:26:58.000Z</time>
        <extensions>
          <ns3:TrackPointExtension>
            <ns3:hr>145</ns3:hr>
            <ns3:cad>86</ns3:cad>
          </ns3:TrackPointExtension>
        </extensions>
      </trkpt>
      <trkpt lat="35.7553926296532154083251953125" lon="139.53136481344699859619140625">
        <ele>46.59999847412109375</ele>
        <time>2026-09-01T22:26:59.000Z</time>
        <extensions>
          <ns3:TrackPointExtension>
            <ns3:hr>145</ns3:hr>
            <ns3:cad>86</ns3:cad>
          </ns3:TrackPointExtension>
        </extensions>
      </trkpt>
      <trkpt lat="35.75537812896072864532470703125" lon="139.5313478820025920867919921875">
        <ele>46.59999847412109375</ele>
        <time>2026-09-01T22:27:00.000Z</time>
        <extensions>
          <ns3:TrackPointExtension>
            <ns3:hr>145</ns3:hr>
            <ns3:cad>86</ns3:cad>
          </ns3:TrackPointExtension>
        </extensions>
      </trkpt>
      <trkpt lat="35.7553624548017978668212890625" lon="139.53132927417755126953125">
        <ele>46.59999847412109375</ele>
        <time>2026-09-01T22:27:01.000Z</time>
        <extensions>
          <ns3:TrackPointExtension>
            <ns3:hr>145</ns3:hr>
            <ns3:cad>86</ns3:cad>
          </ns3:TrackPointExtension>
        </extensions>
      </trkpt>
      <trkpt lat="35.75534661300480365753173828125" lon="139.53131075017154216766357421875">
        <ele>46.59999847412109375</ele>
        <time>2026-09-01T22:27:02.000Z</time>
        <extensions>
          <ns3:TrackPointExtension>
            <ns3:hr>145</ns3:hr>
            <ns3:cad>86</ns3:cad>
          </ns3:TrackPointExtension>
        </extensions>
      </trkpt>
      <trkpt lat="35.755330435931682586669921875" lon="139.5312957465648651123046875">
        <ele>46.59999847412109375</ele>
        <time>2026-09-01T22:27:03.000Z</time>
        <extensions>
          <ns3:TrackPointExtension>
            <ns3:hr>145</ns3:hr>
            <ns3:cad>86</ns3:cad>
          </ns3:TrackPointExtension>
        </extensions>
      </trkpt>
      <trkpt lat="35.75531476177275180816650390625" lon="139.5312823355197906494140625">
        <ele>46.59999847412109375</ele>
        <time>2026-09-01T22:27:04.000Z</time>
        <extensions>
          <ns3:TrackPointExtension>
            <ns3:hr>145</ns3:hr>
            <ns3:cad>85</ns3:cad>
          </ns3:TrackPointExtension>
        </extensions>
      </trkpt>
      <trkpt lat="35.75529799796640872955322265625" lon="139.5312689244747161865234375">
        <ele>46.59999847412109375</ele>
        <time>2026-09-01T22:27:05.000Z</time>
        <extensions>
          <ns3:TrackPointExtension>
            <ns3:hr>145</ns3:hr>
            <ns3:cad>85</ns3:cad>
          </ns3:TrackPointExtension>
        </extensions>
      </trkpt>
      <trkpt lat="35.755282826721668243408203125" lon="139.5312556810677051544189453125">
        <ele>46.59999847412109375</ele>
        <time>2026-09-01T22:27:06.000Z</time>
        <extensions>
          <ns3:TrackPointExtension>
            <ns3:hr>145</ns3:hr>
            <ns3:cad>85</ns3:cad>
          </ns3:TrackPointExtension>
        </extensions>
      </trkpt>
      <trkpt lat="35.755268074572086334228515625" lon="139.53124201856553554534912109375">
        <ele>46.59999847412109375</ele>
        <time>2026-09-01T22:27:07.000Z</time>
        <extensions>
          <ns3:TrackPointExtension>
            <ns3:hr>145</ns3:hr>
            <ns3:cad>85</ns3:cad>
          </ns3:TrackPointExtension>
        </extensions>
      </trkpt>
      <trkpt lat="35.75525424443185329437255859375" lon="139.53122978098690509796142578125">
        <ele>46.59999847412109375</ele>
        <time>2026-09-01T22:27:08.000Z</time>
        <extensions>
          <ns3:TrackPointExtension>
            <ns3:hr>145</ns3:hr>
            <ns3:cad>85</ns3:cad>
          </ns3:TrackPointExtension>
        </extensions>
      </trkpt>
      <trkpt lat="35.755244605243206024169921875" lon="139.5312127657234668731689453125">
        <ele>46.59999847412109375</ele>
        <time>2026-09-01T22:27:09.000Z</time>
        <extensions>
          <ns3:TrackPointExtension>
            <ns3:hr>145</ns3:hr>
            <ns3:cad>85</ns3:cad>
          </ns3:TrackPointExtension>
        </extensions>
      </trkpt>
      <trkpt lat="35.75523085892200469970703125" lon="139.5311889611184597015380859375">
        <ele>46.59999847412109375</ele>
        <time>2026-09-01T22:27:10.000Z</time>
        <extensions>
          <ns3:TrackPointExtension>
            <ns3:hr>145</ns3:hr>
            <ns3:cad>85</ns3:cad>
          </ns3:TrackPointExtension>
        </extensions>
      </trkpt>
      <trkpt lat="35.75521367602050304412841796875" lon="139.53116825781762599945068359375">
        <ele>46.59999847412109375</ele>
        <time>2026-09-01T22:27:11.000Z</time>
        <extensions>
          <ns3:TrackPointExtension>
            <ns3:hr>144</ns3:hr>
            <ns3:cad>85</ns3:cad>
          </ns3:TrackPointExtension>
        </extensions>
      </trkpt>
      <trkpt lat="35.75519775040447711944580078125" lon="139.53114914707839488983154296875">
        <ele>46.59999847412109375</ele>
        <time>2026-09-01T22:27:12.000Z</time>
        <extensions>
          <ns3:TrackPointExtension>
            <ns3:hr>145</ns3:hr>
            <ns3:cad>85</ns3:cad>
          </ns3:TrackPointExtension>
        </extensions>
      </trkpt>
      <trkpt lat="35.7551832497119903564453125" lon="139.53113079071044921875">
        <ele>46.799999237060546875</ele>
        <time>2026-09-01T22:27:13.000Z</time>
        <extensions>
          <ns3:TrackPointExtension>
            <ns3:hr>145</ns3:hr>
            <ns3:cad>85</ns3:cad>
          </ns3:TrackPointExtension>
        </extensions>
      </trkpt>
      <trkpt lat="35.755168497562408447265625" lon="139.531113691627979278564453125">
        <ele>46.799999237060546875</ele>
        <time>2026-09-01T22:27:14.000Z</time>
        <extensions>
          <ns3:TrackPointExtension>
            <ns3:hr>145</ns3:hr>
            <ns3:cad>85</ns3:cad>
          </ns3:TrackPointExtension>
        </extensions>
      </trkpt>
      <trkpt lat="35.7551529072225093841552734375" lon="139.5310970954596996307373046875">
        <ele>46.799999237060546875</ele>
        <time>2026-09-01T22:27:15.000Z</time>
        <extensions>
          <ns3:TrackPointExtension>
            <ns3:hr>145</ns3:hr>
            <ns3:cad>86</ns3:cad>
          </ns3:TrackPointExtension>
        </extensions>
      </trkpt>
      <trkpt lat="35.75513589195907115936279296875" lon="139.53108225949108600616455078125">
        <ele>46.799999237060546875</ele>
        <time>2026-09-01T22:27:16.000Z</time>
        <extensions>
          <ns3:TrackPointExtension>
            <ns3:hr>145</ns3:hr>
            <ns3:cad>86</ns3:cad>
          </ns3:TrackPointExtension>
        </extensions>
      </trkpt>
      <trkpt lat="35.7551153562963008880615234375" lon="139.531069435179233551025390625">
        <ele>46.799999237060546875</ele>
        <time>2026-09-01T22:27:17.000Z</time>
        <extensions>
          <ns3:TrackPointExtension>
            <ns3:hr>145</ns3:hr>
            <ns3:cad>86</ns3:cad>
          </ns3:TrackPointExtension>
        </extensions>
      </trkpt>
      <trkpt lat="35.7550974190235137939453125" lon="139.53105979599058628082275390625">
        <ele>46.799999237060546875</ele>
        <time>2026-09-01T22:27:18.000Z</time>
        <extensions>
          <ns3:TrackPointExtension>
            <ns3:hr>145</ns3:hr>
            <ns3:cad>86</ns3:cad>
          </ns3:TrackPointExtension>
        </extensions>
      </trkpt>
      <trkpt lat="35.7550801523029804229736328125" lon="139.5310508273541927337646484375">
        <ele>46.59999847412109375</ele>
        <time>2026-09-01T22:27:19.000Z</time>
        <extensions>
          <ns3:TrackPointExtension>
            <ns3:hr>145</ns3:hr>
            <ns3:cad>85</ns3:cad>
          </ns3:TrackPointExtension>
        </extensions>
      </trkpt>
      <trkpt lat="35.75505894608795642852783203125" lon="139.53104252927005290985107421875">
        <ele>46.59999847412109375</ele>
        <time>2026-09-01T22:27:20.000Z</time>
        <extensions>
          <ns3:TrackPointExtension>
            <ns3:hr>145</ns3:hr>
            <ns3:cad>84</ns3:cad>
          </ns3:TrackPointExtension>
        </extensions>
      </trkpt>
      <trkpt lat="35.75504000298678874969482421875" lon="139.53103180043399333953857421875">
        <ele>46.59999847412109375</ele>
        <time>2026-09-01T22:27:21.000Z</time>
        <extensions>
          <ns3:TrackPointExtension>
            <ns3:hr>145</ns3:hr>
            <ns3:cad>84</ns3:cad>
          </ns3:TrackPointExtension>
        </extensions>
      </trkpt>
      <trkpt lat="35.75501888059079647064208984375" lon="139.5310167968273162841796875">
        <ele>46.799999237060546875</ele>
        <time>2026-09-01T22:27:22.000Z</time>
        <extensions>
          <ns3:TrackPointExtension>
            <ns3:hr>144</ns3:hr>
            <ns3:cad>84</ns3:cad>
          </ns3:TrackPointExtension>
        </extensions>
      </trkpt>
      <trkpt lat="35.75500689446926116943359375" lon="139.53100950457155704498291015625">
        <ele>46.799999237060546875</ele>
        <time>2026-09-01T22:27:23.000Z</time>
        <extensions>
          <ns3:TrackPointExtension>
            <ns3:hr>144</ns3:hr>
            <ns3:cad>84</ns3:cad>
          </ns3:TrackPointExtension>
        </extensions>
      </trkpt>
      <trkpt lat="35.75499088503420352935791015625" lon="139.53099844045937061309814453125">
        <ele>46.799999237060546875</ele>
        <time>2026-09-01T22:27:24.000Z</time>
        <extensions>
          <ns3:TrackPointExtension>
            <ns3:hr>144</ns3:hr>
            <ns3:cad>86</ns3:cad>
          </ns3:TrackPointExtension>
        </extensions>
      </trkpt>
      <trkpt lat="35.75497462414205074310302734375" lon="139.5309904776513576507568359375">
        <ele>46.799999237060546875</ele>
        <time>2026-09-01T22:27:25.000Z</time>
        <extensions>
          <ns3:TrackPointExtension>
            <ns3:hr>144</ns3:hr>
            <ns3:cad>86</ns3:cad>
          </ns3:TrackPointExtension>
        </extensions>
      </trkpt>
      <trkpt lat="35.75495702214539051055908203125" lon="139.5309790782630443572998046875">
        <ele>46.799999237060546875</ele>
        <time>2026-09-01T22:27:26.000Z</time>
        <extensions>
          <ns3:TrackPointExtension>
            <ns3:hr>143</ns3:hr>
            <ns3:cad>86</ns3:cad>
          </ns3:TrackPointExtension>
        </extensions>
      </trkpt>
      <trkpt lat="35.75494025833904743194580078125" lon="139.53096625395119190216064453125">
        <ele>46.799999237060546875</ele>
        <time>2026-09-01T22:27:27.000Z</time>
        <extensions>
          <ns3:TrackPointExtension>
            <ns3:hr>143</ns3:hr>
            <ns3:cad>86</ns3:cad>
          </ns3:TrackPointExtension>
        </extensions>
      </trkpt>
      <trkpt lat="35.75492433272302150726318359375" lon="139.5309519208967685699462890625">
        <ele>46.799999237060546875</ele>
        <time>2026-09-01T22:27:28.000Z</time>
        <extensions>
          <ns3:TrackPointExtension>
            <ns3:hr>143</ns3:hr>
            <ns3:cad>85</ns3:cad>
          </ns3:TrackPointExtension>
        </extensions>
      </trkpt>
      <trkpt lat="35.75491368770599365234375" lon="139.530937671661376953125">
        <ele>46.799999237060546875</ele>
        <time>2026-09-01T22:27:29.000Z</time>
        <extensions>
          <ns3:TrackPointExtension>
            <ns3:hr>144</ns3:hr>
            <ns3:cad>85</ns3:cad>
          </ns3:TrackPointExtension>
        </extensions>
      </trkpt>
      <trkpt lat="35.7549054734408855438232421875" lon="139.530923254787921905517578125">
        <ele>46.799999237060546875</ele>
        <time>2026-09-01T22:27:30.000Z</time>
        <extensions>
          <ns3:TrackPointExtension>
            <ns3:hr>144</ns3:hr>
            <ns3:cad>85</ns3:cad>
          </ns3:TrackPointExtension>
        </extensions>
      </trkpt>
      <trkpt lat="35.7548964209854602813720703125" lon="139.53090691007673740386962890625">
        <ele>46.799999237060546875</ele>
        <time>2026-09-01T22:27:31.000Z</time>
        <extensions>
          <ns3:TrackPointExtension>
            <ns3:hr>144</ns3:hr>
            <ns3:cad>85</ns3:cad>
          </ns3:TrackPointExtension>
        </extensions>
      </trkpt>
      <trkpt lat="35.75488611124455928802490234375" lon="139.530892409384250640869140625">
        <ele>46.799999237060546875</ele>
        <time>2026-09-01T22:27:32.000Z</time>
        <extensions>
          <ns3:TrackPointExtension>
            <ns3:hr>144</ns3:hr>
            <ns3:cad>85</ns3:cad>
          </ns3:TrackPointExtension>
        </extensions>
      </trkpt>
      <trkpt lat="35.75487471185624599456787109375" lon="139.53087740577757358551025390625">
        <ele>47</ele>
        <time>2026-09-01T22:27:33.000Z</time>
        <extensions>
          <ns3:TrackPointExtension>
            <ns3:hr>144</ns3:hr>
            <ns3:cad>85</ns3:cad>
          </ns3:TrackPointExtension>
        </extensions>
      </trkpt>
      <trkpt lat="35.7548632286489009857177734375" lon="139.5308613963425159454345703125">
        <ele>47</ele>
        <time>2026-09-01T22:27:34.000Z</time>
        <extensions>
          <ns3:TrackPointExtension>
            <ns3:hr>144</ns3:hr>
            <ns3:cad>85</ns3:cad>
          </ns3:TrackPointExtension>
        </extensions>
      </trkpt>
      <trkpt lat="35.754855684936046600341796875" lon="139.5308416150510311126708984375">
        <ele>47</ele>
        <time>2026-09-01T22:27:35.000Z</time>
        <extensions>
          <ns3:TrackPointExtension>
            <ns3:hr>143</ns3:hr>
            <ns3:cad>85</ns3:cad>
          </ns3:TrackPointExtension>
        </extensions>
      </trkpt>
      <trkpt lat="35.7548444531857967376708984375" lon="139.53082158230245113372802734375">
        <ele>47</ele>
        <time>2026-09-01T22:27:36.000Z</time>
        <extensions>
          <ns3:TrackPointExtension>
            <ns3:hr>143</ns3:hr>
            <ns3:cad>85</ns3:cad>
          </ns3:TrackPointExtension>
        </extensions>
      </trkpt>
      <trkpt lat="35.754830539226531982421875" lon="139.53080020844936370849609375">
        <ele>47</ele>
        <time>2026-09-01T22:27:37.000Z</time>
        <extensions>
          <ns3:TrackPointExtension>
            <ns3:hr>143</ns3:hr>
            <ns3:cad>84</ns3:cad>
          </ns3:TrackPointExtension>
        </extensions>
      </trkpt>
      <trkpt lat="35.7548179663717746734619140625" lon="139.530783109366893768310546875">
        <ele>47</ele>
        <time>2026-09-01T22:27:38.000Z</time>
        <extensions>
          <ns3:TrackPointExtension>
            <ns3:hr>143</ns3:hr>
            <ns3:cad>84</ns3:cad>
          </ns3:TrackPointExtension>
        </extensions>
      </trkpt>
      <trkpt lat="35.75480111874639987945556640625" lon="139.53076793812215328216552734375">
        <ele>47</ele>
        <time>2026-09-01T22:27:39.000Z</time>
        <extensions>
          <ns3:TrackPointExtension>
            <ns3:hr>143</ns3:hr>
            <ns3:cad>85</ns3:cad>
          </ns3:TrackPointExtension>
        </extensions>
      </trkpt>
      <trkpt lat="35.75477865524590015411376953125" lon="139.53075134195387363433837890625">
        <ele>47</ele>
        <time>2026-09-01T22:27:40.000Z</time>
        <extensions>
          <ns3:TrackPointExtension>
            <ns3:hr>143</ns3:hr>
            <ns3:cad>86</ns3:cad>
          </ns3:TrackPointExtension>
        </extensions>
      </trkpt>
      <trkpt lat="35.75476541183888912200927734375" lon="139.53074111603200435638427734375">
        <ele>47</ele>
        <time>2026-09-01T22:27:41.000Z</time>
        <extensions>
          <ns3:TrackPointExtension>
            <ns3:hr>143</ns3:hr>
            <ns3:cad>86</ns3:cad>
          </ns3:TrackPointExtension>
        </extensions>
      </trkpt>
      <trkpt lat="35.754744708538055419921875" lon="139.53072988428175449371337890625">
        <ele>47</ele>
        <time>2026-09-01T22:27:42.000Z</time>
        <extensions>
          <ns3:TrackPointExtension>
            <ns3:hr>143</ns3:hr>
            <ns3:cad>86</ns3:cad>
          </ns3:TrackPointExtension>
        </extensions>
      </trkpt>
      <trkpt lat="35.75472392141819000244140625" lon="139.53070574440062046051025390625">
        <ele>47</ele>
        <time>2026-09-01T22:27:43.000Z</time>
        <extensions>
          <ns3:TrackPointExtension>
            <ns3:hr>143</ns3:hr>
            <ns3:cad>87</ns3:cad>
          </ns3:TrackPointExtension>
        </extensions>
      </trkpt>
      <trkpt lat="35.75471344403922557830810546875" lon="139.53068998642265796661376953125">
        <ele>47</ele>
        <time>2026-09-01T22:27:44.000Z</time>
        <extensions>
          <ns3:TrackPointExtension>
            <ns3:hr>143</ns3:hr>
            <ns3:cad>87</ns3:cad>
          </ns3:TrackPointExtension>
        </extensions>
      </trkpt>
      <trkpt lat="35.754703469574451446533203125" lon="139.53066970221698284149169921875">
        <ele>47</ele>
        <time>2026-09-01T22:27:45.000Z</time>
        <extensions>
          <ns3:TrackPointExtension>
            <ns3:hr>143</ns3:hr>
            <ns3:cad>86</ns3:cad>
          </ns3:TrackPointExtension>
        </extensions>
      </trkpt>
      <trkpt lat="35.7546882145106792449951171875" lon="139.53065008856356143951416015625">
        <ele>47</ele>
        <time>2026-09-01T22:27:46.000Z</time>
        <extensions>
          <ns3:TrackPointExtension>
            <ns3:hr>143</ns3:hr>
            <ns3:cad>86</ns3:cad>
          </ns3:TrackPointExtension>
        </extensions>
      </trkpt>
      <trkpt lat="35.7546744681894779205322265625" lon="139.530624859035015106201171875">
        <ele>47</ele>
        <time>2026-09-01T22:27:47.000Z</time>
        <extensions>
          <ns3:TrackPointExtension>
            <ns3:hr>142</ns3:hr>
            <ns3:cad>86</ns3:cad>
          </ns3:TrackPointExtension>
        </extensions>
      </trkpt>
      <trkpt lat="35.7546603865921497344970703125" lon="139.53059862367808818817138671875">
        <ele>47</ele>
        <time>2026-09-01T22:27:48.000Z</time>
        <extensions>
          <ns3:TrackPointExtension>
            <ns3:hr>142</ns3:hr>
            <ns3:cad>86</ns3:cad>
          </ns3:TrackPointExtension>
        </extensions>
      </trkpt>
      <trkpt lat="35.7546494901180267333984375" lon="139.53057280741631984710693359375">
        <ele>47</ele>
        <time>2026-09-01T22:27:49.000Z</time>
        <extensions>
          <ns3:TrackPointExtension>
            <ns3:hr>142</ns3:hr>
            <ns3:cad>87</ns3:cad>
          </ns3:TrackPointExtension>
        </extensions>
      </trkpt>
      <trkpt lat="35.75463666580617427825927734375" lon="139.530543051660060882568359375">
        <ele>47</ele>
        <time>2026-09-01T22:27:50.000Z</time>
        <extensions>
          <ns3:TrackPointExtension>
            <ns3:hr>142</ns3:hr>
            <ns3:cad>87</ns3:cad>
          </ns3:TrackPointExtension>
        </extensions>
      </trkpt>
      <trkpt lat="35.75462174601852893829345703125" lon="139.53052394092082977294921875">
        <ele>47</ele>
        <time>2026-09-01T22:27:51.000Z</time>
        <extensions>
          <ns3:TrackPointExtension>
            <ns3:hr>141</ns3:hr>
            <ns3:cad>86</ns3:cad>
          </ns3:TrackPointExtension>
        </extensions>
      </trkpt>
      <trkpt lat="35.7546079158782958984375" lon="139.53050357289612293243408203125">
        <ele>47</ele>
        <time>2026-09-01T22:27:52.000Z</time>
        <extensions>
          <ns3:TrackPointExtension>
            <ns3:hr>141</ns3:hr>
            <ns3:cad>86</ns3:cad>
          </ns3:TrackPointExtension>
        </extensions>
      </trkpt>
      <trkpt lat="35.75459517538547515869140625" lon="139.5304845459759235382080078125">
        <ele>47</ele>
        <time>2026-09-01T22:27:53.000Z</time>
        <extensions>
          <ns3:TrackPointExtension>
            <ns3:hr>141</ns3:hr>
            <ns3:cad>87</ns3:cad>
          </ns3:TrackPointExtension>
        </extensions>
      </trkpt>
      <trkpt lat="35.7545832730829715728759765625" lon="139.5304630883038043975830078125">
        <ele>47</ele>
        <time>2026-09-01T22:27:54.000Z</time>
        <extensions>
          <ns3:TrackPointExtension>
            <ns3:hr>142</ns3:hr>
            <ns3:cad>87</ns3:cad>
          </ns3:TrackPointExtension>
        </extensions>
      </trkpt>
      <trkpt lat="35.75457162223756313323974609375" lon="139.53044079244136810302734375">
        <ele>47</ele>
        <time>2026-09-01T22:27:55.000Z</time>
        <extensions>
          <ns3:TrackPointExtension>
            <ns3:hr>142</ns3:hr>
            <ns3:cad>87</ns3:cad>
          </ns3:TrackPointExtension>
        </extensions>
      </trkpt>
      <trkpt lat="35.7545584626495838165283203125" lon="139.530421011149883270263671875">
        <ele>47</ele>
        <time>2026-09-01T22:27:56.000Z</time>
        <extensions>
          <ns3:TrackPointExtension>
            <ns3:hr>142</ns3:hr>
            <ns3:cad>87</ns3:cad>
          </ns3:TrackPointExtension>
        </extensions>
      </trkpt>
      <trkpt lat="35.7545487396419048309326171875" lon="139.5303993858397006988525390625">
        <ele>47</ele>
        <time>2026-09-01T22:27:57.000Z</time>
        <extensions>
          <ns3:TrackPointExtension>
            <ns3:hr>142</ns3:hr>
            <ns3:cad>86</ns3:cad>
          </ns3:TrackPointExtension>
        </extensions>
      </trkpt>
      <trkpt lat="35.75454010628163814544677734375" lon="139.5303772576153278350830078125">
        <ele>47</ele>
        <time>2026-09-01T22:27:58.000Z</time>
        <extensions>
          <ns3:TrackPointExtension>
            <ns3:hr>142</ns3:hr>
            <ns3:cad>86</ns3:cad>
          </ns3:TrackPointExtension>
        </extensions>
      </trkpt>
      <trkpt lat="35.75452736578881740570068359375" lon="139.53035471029579639434814453125">
        <ele>47</ele>
        <time>2026-09-01T22:27:59.000Z</time>
        <extensions>
          <ns3:TrackPointExtension>
            <ns3:hr>142</ns3:hr>
            <ns3:cad>87</ns3:cad>
          </ns3:TrackPointExtension>
        </extensions>
      </trkpt>
      <trkpt lat="35.75451127253472805023193359375" lon="139.53033618628978729248046875">
        <ele>47</ele>
        <time>2026-09-01T22:28:00.000Z</time>
        <extensions>
          <ns3:TrackPointExtension>
            <ns3:hr>142</ns3:hr>
            <ns3:cad>87</ns3:cad>
          </ns3:TrackPointExtension>
        </extensions>
      </trkpt>
      <trkpt lat="35.75449652038514614105224609375" lon="139.53031833283603191375732421875">
        <ele>47.200000762939453125</ele>
        <time>2026-09-01T22:28:01.000Z</time>
        <extensions>
          <ns3:TrackPointExtension>
            <ns3:hr>143</ns3:hr>
            <ns3:cad>87</ns3:cad>
          </ns3:TrackPointExtension>
        </extensions>
      </trkpt>
      <trkpt lat="35.7544863782823085784912109375" lon="139.53029888682067394256591796875">
        <ele>47.200000762939453125</ele>
        <time>2026-09-01T22:28:02.000Z</time>
        <extensions>
          <ns3:TrackPointExtension>
            <ns3:hr>144</ns3:hr>
            <ns3:cad>87</ns3:cad>
          </ns3:TrackPointExtension>
        </extensions>
      </trkpt>
      <trkpt lat="35.7544766552746295928955078125" lon="139.53028120100498199462890625">
        <ele>47.200000762939453125</ele>
        <time>2026-09-01T22:28:03.000Z</time>
        <extensions>
          <ns3:TrackPointExtension>
            <ns3:hr>145</ns3:hr>
            <ns3:cad>87</ns3:cad>
          </ns3:TrackPointExtension>
        </extensions>
      </trkpt>
      <trkpt lat="35.754464082419872283935546875" lon="139.530261419713497161865234375">
        <ele>47.40000152587890625</ele>
        <time>2026-09-01T22:28:04.000Z</time>
        <extensions>
          <ns3:TrackPointExtension>
            <ns3:hr>146</ns3:hr>
            <ns3:cad>87</ns3:cad>
          </ns3:TrackPointExtension>
        </extensions>
      </trkpt>
      <trkpt lat="35.7544501684606075286865234375" lon="139.5302327536046504974365234375">
        <ele>47.40000152587890625</ele>
        <time>2026-09-01T22:28:05.000Z</time>
        <extensions>
          <ns3:TrackPointExtension>
            <ns3:hr>146</ns3:hr>
            <ns3:cad>87</ns3:cad>
          </ns3:TrackPointExtension>
        </extensions>
      </trkpt>
      <trkpt lat="35.754436589777469635009765625" lon="139.5302049256861209869384765625">
        <ele>47.40000152587890625</ele>
        <time>2026-09-01T22:28:06.000Z</time>
        <extensions>
          <ns3:TrackPointExtension>
            <ns3:hr>146</ns3:hr>
            <ns3:cad>86</ns3:cad>
          </ns3:TrackPointExtension>
        </extensions>
      </trkpt>
      <trkpt lat="35.7544253580272197723388671875" lon="139.5301770977675914764404296875">
        <ele>47.40000152587890625</ele>
        <time>2026-09-01T22:28:07.000Z</time>
        <extensions>
          <ns3:TrackPointExtension>
            <ns3:hr>146</ns3:hr>
            <ns3:cad>86</ns3:cad>
          </ns3:TrackPointExtension>
        </extensions>
      </trkpt>
      <trkpt lat="35.7544156350195407867431640625" lon="139.53015103004872798919677734375">
        <ele>47.200000762939453125</ele>
        <time>2026-09-01T22:28:08.000Z</time>
        <extensions>
          <ns3:TrackPointExtension>
            <ns3:hr>146</ns3:hr>
            <ns3:cad>87</ns3:cad>
          </ns3:TrackPointExtension>
        </extensions>
      </trkpt>
      <trkpt lat="35.75440364889800548553466796875" lon="139.5301237888634204864501953125">
        <ele>47.200000762939453125</ele>
        <time>2026-09-01T22:28:09.000Z</time>
        <extensions>
          <ns3:TrackPointExtension>
            <ns3:hr>146</ns3:hr>
            <ns3:cad>87</ns3:cad>
          </ns3:TrackPointExtension>
        </extensions>
      </trkpt>
      <trkpt lat="35.75439325533807277679443359375" lon="139.53009470365941524505615234375">
        <ele>47.200000762939453125</ele>
        <time>2026-09-01T22:28:10.000Z</time>
        <extensions>
          <ns3:TrackPointExtension>
            <ns3:hr>146</ns3:hr>
            <ns3:cad>86</ns3:cad>
          </ns3:TrackPointExtension>
        </extensions>
      </trkpt>
      <trkpt lat="35.75438671745359897613525390625" lon="139.5300657860934734344482421875">
        <ele>47.200000762939453125</ele>
        <time>2026-09-01T22:28:11.000Z</time>
        <extensions>
          <ns3:TrackPointExtension>
            <ns3:hr>146</ns3:hr>
            <ns3:cad>86</ns3:cad>
          </ns3:TrackPointExtension>
        </extensions>
      </trkpt>
      <trkpt lat="35.7543790899217128753662109375" lon="139.53003753907978534698486328125">
        <ele>47.200000762939453125</ele>
        <time>2026-09-01T22:28:12.000Z</time>
        <extensions>
          <ns3:TrackPointExtension>
            <ns3:hr>146</ns3:hr>
            <ns3:cad>86</ns3:cad>
          </ns3:TrackPointExtension>
        </extensions>
      </trkpt>
      <trkpt lat="35.7543700374662876129150390625" lon="139.53001339919865131378173828125">
        <ele>47.200000762939453125</ele>
        <time>2026-09-01T22:28:13.000Z</time>
        <extensions>
          <ns3:TrackPointExtension>
            <ns3:hr>146</ns3:hr>
            <ns3:cad>86</ns3:cad>
          </ns3:TrackPointExtension>
        </extensions>
      </trkpt>
      <trkpt lat="35.75435838662087917327880859375" lon="139.5299906842410564422607421875">
        <ele>47.40000152587890625</ele>
        <time>2026-09-01T22:28:14.000Z</time>
        <extensions>
          <ns3:TrackPointExtension>
            <ns3:hr>146</ns3:hr>
            <ns3:cad>86</ns3:cad>
          </ns3:TrackPointExtension>
        </extensions>
      </trkpt>
      <trkpt lat="35.7543462328612804412841796875" lon="139.5299626886844635009765625">
        <ele>47.40000152587890625</ele>
        <time>2026-09-01T22:28:15.000Z</time>
        <extensions>
          <ns3:TrackPointExtension>
            <ns3:hr>147</ns3:hr>
            <ns3:cad>86</ns3:cad>
          </ns3:TrackPointExtension>
        </extensions>
      </trkpt>
      <trkpt lat="35.7543410360813140869140625" lon="139.5299457572400569915771484375">
        <ele>47.40000152587890625</ele>
        <time>2026-09-01T22:28:16.000Z</time>
        <extensions>
          <ns3:TrackPointExtension>
            <ns3:hr>147</ns3:hr>
            <ns3:cad>86</ns3:cad>
          </ns3:TrackPointExtension>
        </extensions>
      </trkpt>
      <trkpt lat="35.7543311454355716705322265625" lon="139.52991767786443233489990234375">
        <ele>47.40000152587890625</ele>
        <time>2026-09-01T22:28:17.000Z</time>
        <extensions>
          <ns3:TrackPointExtension>
            <ns3:hr>148</ns3:hr>
            <ns3:cad>86</ns3:cad>
          </ns3:TrackPointExtension>
        </extensions>
      </trkpt>
      <trkpt lat="35.7543170638382434844970703125" lon="139.52989370562136173248291015625">
        <ele>47.40000152587890625</ele>
        <time>2026-09-01T22:28:18.000Z</time>
        <extensions>
          <ns3:TrackPointExtension>
            <ns3:hr>148</ns3:hr>
            <ns3:cad>85</ns3:cad>
          </ns3:TrackPointExtension>
        </extensions>
      </trkpt>
      <trkpt lat="35.75430859811604022979736328125" lon="139.52987727709114551544189453125">
        <ele>47.40000152587890625</ele>
        <time>2026-09-01T22:28:19.000Z</time>
        <extensions>
          <ns3:TrackPointExtension>
            <ns3:hr>148</ns3:hr>
            <ns3:cad>85</ns3:cad>
          </ns3:TrackPointExtension>
        </extensions>
      </trkpt>
      <trkpt lat="35.7542996294796466827392578125" lon="139.52985498122870922088623046875">
        <ele>47.40000152587890625</ele>
        <time>2026-09-01T22:28:20.000Z</time>
        <extensions>
          <ns3:TrackPointExtension>
            <ns3:hr>148</ns3:hr>
            <ns3:cad>86</ns3:cad>
          </ns3:TrackPointExtension>
        </extensions>
      </trkpt>
      <trkpt lat="35.754290409386157989501953125" lon="139.529829584062099456787109375">
        <ele>47.40000152587890625</ele>
        <time>2026-09-01T22:28:21.000Z</time>
        <extensions>
          <ns3:TrackPointExtension>
            <ns3:hr>148</ns3:hr>
            <ns3:cad>86</ns3:cad>
          </ns3:TrackPointExtension>
        </extensions>
      </trkpt>
      <trkpt lat="35.7542811892926692962646484375" lon="139.52980670146644115447998046875">
        <ele>47.40000152587890625</ele>
        <time>2026-09-01T22:28:22.000Z</time>
        <extensions>
          <ns3:TrackPointExtension>
            <ns3:hr>148</ns3:hr>
            <ns3:cad>86</ns3:cad>
          </ns3:TrackPointExtension>
        </extensions>
      </trkpt>
      <trkpt lat="35.75426870025694370269775390625" lon="139.5297829806804656982421875">
        <ele>47.40000152587890625</ele>
        <time>2026-09-01T22:28:23.000Z</time>
        <extensions>
          <ns3:TrackPointExtension>
            <ns3:hr>148</ns3:hr>
            <ns3:cad>85</ns3:cad>
          </ns3:TrackPointExtension>
        </extensions>
      </trkpt>
      <trkpt lat="35.75425713323056697845458984375" lon="139.52976395376026630401611328125">
        <ele>47.40000152587890625</ele>
        <time>2026-09-01T22:28:24.000Z</time>
        <extensions>
          <ns3:TrackPointExtension>
            <ns3:hr>148</ns3:hr>
            <ns3:cad>85</ns3:cad>
          </ns3:TrackPointExtension>
        </extensions>
      </trkpt>
      <trkpt lat="35.7542453147470951080322265625" lon="139.5297427475452423095703125">
        <ele>47.40000152587890625</ele>
        <time>2026-09-01T22:28:25.000Z</time>
        <extensions>
          <ns3:TrackPointExtension>
            <ns3:hr>148</ns3:hr>
            <ns3:cad>86</ns3:cad>
          </ns3:TrackPointExtension>
        </extensions>
      </trkpt>
      <trkpt lat="35.7542335800826549530029296875" lon="139.52971768565475940704345703125">
        <ele>47.40000152587890625</ele>
        <time>2026-09-01T22:28:26.000Z</time>
        <extensions>
          <ns3:TrackPointExtension>
            <ns3:hr>148</ns3:hr>
            <ns3:cad>86</ns3:cad>
          </ns3:TrackPointExtension>
        </extensions>
      </trkpt>
      <trkpt lat="35.754222683608531951904296875" lon="139.5296946354210376739501953125">
        <ele>47.40000152587890625</ele>
        <time>2026-09-01T22:28:27.000Z</time>
        <extensions>
          <ns3:TrackPointExtension>
            <ns3:hr>148</ns3:hr>
            <ns3:cad>86</ns3:cad>
          </ns3:TrackPointExtension>
        </extensions>
      </trkpt>
      <trkpt lat="35.75421203859150409698486328125" lon="139.529670663177967071533203125">
        <ele>47.59999847412109375</ele>
        <time>2026-09-01T22:28:28.000Z</time>
        <extensions>
          <ns3:TrackPointExtension>
            <ns3:hr>148</ns3:hr>
            <ns3:cad>86</ns3:cad>
          </ns3:TrackPointExtension>
        </extensions>
      </trkpt>
      <trkpt lat="35.75420223176479339599609375" lon="139.5296466909348964691162109375">
        <ele>47.59999847412109375</ele>
        <time>2026-09-01T22:28:29.000Z</time>
        <extensions>
          <ns3:TrackPointExtension>
            <ns3:hr>148</ns3:hr>
            <ns3:cad>86</ns3:cad>
          </ns3:TrackPointExtension>
        </extensions>
      </trkpt>
      <trkpt lat="35.75419678352773189544677734375" lon="139.52962012030184268951416015625">
        <ele>47.59999847412109375</ele>
        <time>2026-09-01T22:28:30.000Z</time>
        <extensions>
          <ns3:TrackPointExtension>
            <ns3:hr>148</ns3:hr>
            <ns3:cad>86</ns3:cad>
          </ns3:TrackPointExtension>
        </extensions>
      </trkpt>
      <trkpt lat="35.75418806634843349456787109375" lon="139.52959262765944004058837890625">
        <ele>47.59999847412109375</ele>
        <time>2026-09-01T22:28:31.000Z</time>
        <extensions>
          <ns3:TrackPointExtension>
            <ns3:hr>148</ns3:hr>
            <ns3:cad>86</ns3:cad>
          </ns3:TrackPointExtension>
        </extensions>
      </trkpt>
      <trkpt lat="35.75418219901621341705322265625" lon="139.52956563793122768402099609375">
        <ele>47.59999847412109375</ele>
        <time>2026-09-01T22:28:32.000Z</time>
        <extensions>
          <ns3:TrackPointExtension>
            <ns3:hr>148</ns3:hr>
            <ns3:cad>86</ns3:cad>
          </ns3:TrackPointExtension>
        </extensions>
      </trkpt>
      <trkpt lat="35.754176080226898193359375" lon="139.52953898347914218902587890625">
        <ele>47.59999847412109375</ele>
        <time>2026-09-01T22:28:33.000Z</time>
        <extensions>
          <ns3:TrackPointExtension>
            <ns3:hr>148</ns3:hr>
            <ns3:cad>86</ns3:cad>
          </ns3:TrackPointExtension>
        </extensions>
      </trkpt>
      <trkpt lat="35.75416929088532924652099609375" lon="139.52951098792254924774169921875">
        <ele>47.59999847412109375</ele>
        <time>2026-09-01T22:28:34.000Z</time>
        <extensions>
          <ns3:TrackPointExtension>
            <ns3:hr>148</ns3:hr>
            <ns3:cad>86</ns3:cad>
          </ns3:TrackPointExtension>
        </extensions>
      </trkpt>
      <trkpt lat="35.7541613280773162841796875" lon="139.529483579099178314208984375">
        <ele>47.59999847412109375</ele>
        <time>2026-09-01T22:28:35.000Z</time>
        <extensions>
          <ns3:TrackPointExtension>
            <ns3:hr>148</ns3:hr>
            <ns3:cad>86</ns3:cad>
          </ns3:TrackPointExtension>
        </extensions>
      </trkpt>
      <trkpt lat="35.75415051542222499847412109375" lon="139.52945684082806110382080078125">
        <ele>47.59999847412109375</ele>
        <time>2026-09-01T22:28:36.000Z</time>
        <extensions>
          <ns3:TrackPointExtension>
            <ns3:hr>148</ns3:hr>
            <ns3:cad>86</ns3:cad>
          </ns3:TrackPointExtension>
        </extensions>
      </trkpt>
      <trkpt lat="35.75414062477648258209228515625" lon="139.52943027019500732421875">
        <ele>47.59999847412109375</ele>
        <time>2026-09-01T22:28:37.000Z</time>
        <extensions>
          <ns3:TrackPointExtension>
            <ns3:hr>148</ns3:hr>
            <ns3:cad>87</ns3:cad>
          </ns3:TrackPointExtension>
        </extensions>
      </trkpt>
      <trkpt lat="35.7541353441774845123291015625" lon="139.5294049568474292755126953125">
        <ele>47.59999847412109375</ele>
        <time>2026-09-01T22:28:38.000Z</time>
        <extensions>
          <ns3:TrackPointExtension>
            <ns3:hr>148</ns3:hr>
            <ns3:cad>87</ns3:cad>
          </ns3:TrackPointExtension>
        </extensions>
      </trkpt>
      <trkpt lat="35.75413291342556476593017578125" lon="139.52937955968081951141357421875">
        <ele>47.59999847412109375</ele>
        <time>2026-09-01T22:28:39.000Z</time>
        <extensions>
          <ns3:TrackPointExtension>
            <ns3:hr>148</ns3:hr>
            <ns3:cad>87</ns3:cad>
          </ns3:TrackPointExtension>
        </extensions>
      </trkpt>
      <trkpt lat="35.75413106940686702728271484375" lon="139.52935307286679744720458984375">
        <ele>47.59999847412109375</ele>
        <time>2026-09-01T22:28:40.000Z</time>
        <extensions>
          <ns3:TrackPointExtension>
            <ns3:hr>148</ns3:hr>
            <ns3:cad>87</ns3:cad>
          </ns3:TrackPointExtension>
        </extensions>
      </trkpt>
      <trkpt lat="35.7541299797594547271728515625" lon="139.529329352080821990966796875">
        <ele>47.59999847412109375</ele>
        <time>2026-09-01T22:28:41.000Z</time>
        <extensions>
          <ns3:TrackPointExtension>
            <ns3:hr>148</ns3:hr>
            <ns3:cad>86</ns3:cad>
          </ns3:TrackPointExtension>
        </extensions>
      </trkpt>
      <trkpt lat="35.754127465188503265380859375" lon="139.52930613420903682708740234375">
        <ele>47.59999847412109375</ele>
        <time>2026-09-01T22:28:42.000Z</time>
        <extensions>
          <ns3:TrackPointExtension>
            <ns3:hr>148</ns3:hr>
            <ns3:cad>86</ns3:cad>
          </ns3:TrackPointExtension>
        </extensions>
      </trkpt>
      <trkpt lat="35.754125453531742095947265625" lon="139.529281072318553924560546875">
        <ele>47.59999847412109375</ele>
        <time>2026-09-01T22:28:43.000Z</time>
        <extensions>
          <ns3:TrackPointExtension>
            <ns3:hr>148</ns3:hr>
            <ns3:cad>86</ns3:cad>
          </ns3:TrackPointExtension>
        </extensions>
      </trkpt>
      <trkpt lat="35.7541222684085369110107421875" lon="139.52925349585711956024169921875">
        <ele>47.59999847412109375</ele>
        <time>2026-09-01T22:28:44.000Z</time>
        <extensions>
          <ns3:TrackPointExtension>
            <ns3:hr>148</ns3:hr>
            <ns3:cad>86</ns3:cad>
          </ns3:TrackPointExtension>
        </extensions>
      </trkpt>
      <trkpt lat="35.7541158981621265411376953125" lon="139.52922734431922435760498046875">
        <ele>47.59999847412109375</ele>
        <time>2026-09-01T22:28:45.000Z</time>
        <extensions>
          <ns3:TrackPointExtension>
            <ns3:hr>147</ns3:hr>
            <ns3:cad>86</ns3:cad>
          </ns3:TrackPointExtension>
        </extensions>
      </trkpt>
      <trkpt lat="35.75410860590636730194091796875" lon="139.529203958809375762939453125">
        <ele>47.799999237060546875</ele>
        <time>2026-09-01T22:28:46.000Z</time>
        <extensions>
          <ns3:TrackPointExtension>
            <ns3:hr>147</ns3:hr>
            <ns3:cad>86</ns3:cad>
          </ns3:TrackPointExtension>
        </extensions>
      </trkpt>
      <trkpt lat="35.75410022400319576263427734375" lon="139.52918283641338348388671875">
        <ele>47.799999237060546875</ele>
        <time>2026-09-01T22:28:47.000Z</time>
        <extensions>
          <ns3:TrackPointExtension>
            <ns3:hr>147</ns3:hr>
            <ns3:cad>86</ns3:cad>
          </ns3:TrackPointExtension>
        </extensions>
      </trkpt>
      <trkpt lat="35.754091925919055938720703125" lon="139.52916163019835948944091796875">
        <ele>48</ele>
        <time>2026-09-01T22:28:48.000Z</time>
        <extensions>
          <ns3:TrackPointExtension>
            <ns3:hr>147</ns3:hr>
            <ns3:cad>86</ns3:cad>
          </ns3:TrackPointExtension>
        </extensions>
      </trkpt>
      <trkpt lat="35.75408547185361385345458984375" lon="139.52914017252624034881591796875">
        <ele>48</ele>
        <time>2026-09-01T22:28:49.000Z</time>
        <extensions>
          <ns3:TrackPointExtension>
            <ns3:hr>147</ns3:hr>
            <ns3:cad>86</ns3:cad>
          </ns3:TrackPointExtension>
        </extensions>
      </trkpt>
      <trkpt lat="35.75407876633107662200927734375" lon="139.5291159488260746002197265625">
        <ele>48.200000762939453125</ele>
        <time>2026-09-01T22:28:50.000Z</time>
        <extensions>
          <ns3:TrackPointExtension>
            <ns3:hr>147</ns3:hr>
            <ns3:cad>85</ns3:cad>
          </ns3:TrackPointExtension>
        </extensions>
      </trkpt>
      <trkpt lat="35.75407457537949085235595703125" lon="139.529091306030750274658203125">
        <ele>48.200000762939453125</ele>
        <time>2026-09-01T22:28:51.000Z</time>
        <extensions>
          <ns3:TrackPointExtension>
            <ns3:hr>146</ns3:hr>
            <ns3:cad>85</ns3:cad>
          </ns3:TrackPointExtension>
        </extensions>
      </trkpt>
      <trkpt lat="35.75407222844660282135009765625" lon="139.52906741760671138763427734375">
        <ele>48.59999847412109375</ele>
        <time>2026-09-01T22:28:52.000Z</time>
        <extensions>
          <ns3:TrackPointExtension>
            <ns3:hr>146</ns3:hr>
            <ns3:cad>85</ns3:cad>
          </ns3:TrackPointExtension>
        </extensions>
      </trkpt>
      <trkpt lat="35.7540719769895076751708984375" lon="139.52904964797198772430419921875">
        <ele>48.59999847412109375</ele>
        <time>2026-09-01T22:28:53.000Z</time>
        <extensions>
          <ns3:TrackPointExtension>
            <ns3:hr>146</ns3:hr>
            <ns3:cad>84</ns3:cad>
          </ns3:TrackPointExtension>
        </extensions>
      </trkpt>
      <trkpt lat="35.7540612481534481048583984375" lon="139.52903824858367443084716796875">
        <ele>48.799999237060546875</ele>
        <time>2026-09-01T22:28:54.000Z</time>
        <extensions>
          <ns3:TrackPointExtension>
            <ns3:hr>146</ns3:hr>
            <ns3:cad>83</ns3:cad>
          </ns3:TrackPointExtension>
        </extensions>
      </trkpt>
      <trkpt lat="35.7540486752986907958984375" lon="139.5290374942123889923095703125">
        <ele>49</ele>
        <time>2026-09-01T22:28:55.000Z</time>
        <extensions>
          <ns3:TrackPointExtension>
            <ns3:hr>146</ns3:hr>
            <ns3:cad>82</ns3:cad>
          </ns3:TrackPointExtension>
        </extensions>
      </trkpt>
      <trkpt lat="35.754030905663967132568359375" lon="139.52903741039335727691650390625">
        <ele>49</ele>
        <time>2026-09-01T22:28:56.000Z</time>
        <extensions>
          <ns3:TrackPointExtension>
            <ns3:hr>146</ns3:hr>
            <ns3:cad>82</ns3:cad>
          </ns3:TrackPointExtension>
        </extensions>
      </trkpt>
      <trkpt lat="35.754008106887340545654296875" lon="139.5290388353168964385986328125">
        <ele>49.200000762939453125</ele>
        <time>2026-09-01T22:28:57.000Z</time>
        <extensions>
          <ns3:TrackPointExtension>
            <ns3:hr>146</ns3:hr>
            <ns3:cad>82</ns3:cad>
          </ns3:TrackPointExtension>
        </extensions>
      </trkpt>
      <trkpt lat="35.75398899614810943603515625" lon="139.52904143370687961578369140625">
        <ele>49.200000762939453125</ele>
        <time>2026-09-01T22:28:58.000Z</time>
        <extensions>
          <ns3:TrackPointExtension>
            <ns3:hr>147</ns3:hr>
            <ns3:cad>82</ns3:cad>
          </ns3:TrackPointExtension>
        </extensions>
      </trkpt>
      <trkpt lat="35.75397164560854434967041015625" lon="139.52904595993459224700927734375">
        <ele>49.200000762939453125</ele>
        <time>2026-09-01T22:28:59.000Z</time>
        <extensions>
          <ns3:TrackPointExtension>
            <ns3:hr>147</ns3:hr>
            <ns3:cad>83</ns3:cad>
          </ns3:TrackPointExtension>
        </extensions>
      </trkpt>
      <trkpt lat="35.75395940802991390228271484375" lon="139.529053084552288055419921875">
        <ele>49.200000762939453125</ele>
        <time>2026-09-01T22:29:00.000Z</time>
        <extensions>
          <ns3:TrackPointExtension>
            <ns3:hr>147</ns3:hr>
            <ns3:cad>84</ns3:cad>
          </ns3:TrackPointExtension>
        </extensions>
      </trkpt>
      <trkpt lat="35.75395421124994754791259765625" lon="139.52906205318868160247802734375">
        <ele>49.200000762939453125</ele>
        <time>2026-09-01T22:29:01.000Z</time>
        <extensions>
          <ns3:TrackPointExtension>
            <ns3:hr>147</ns3:hr>
            <ns3:cad>85</ns3:cad>
          </ns3:TrackPointExtension>
        </extensions>
      </trkpt>
      <trkpt lat="35.75395538471639156341552734375" lon="139.52908091247081756591796875">
        <ele>49.200000762939453125</ele>
        <time>2026-09-01T22:29:02.000Z</time>
        <extensions>
          <ns3:TrackPointExtension>
            <ns3:hr>147</ns3:hr>
            <ns3:cad>85</ns3:cad>
          </ns3:TrackPointExtension>
        </extensions>
      </trkpt>
      <trkpt lat="35.75396192260086536407470703125" lon="139.52910111285746097564697265625">
        <ele>49.200000762939453125</ele>
        <time>2026-09-01T22:29:03.000Z</time>
        <extensions>
          <ns3:TrackPointExtension>
            <ns3:hr>147</ns3:hr>
            <ns3:cad>84</ns3:cad>
          </ns3:TrackPointExtension>
        </extensions>
      </trkpt>
      <trkpt lat="35.75397298671305179595947265625" lon="139.5291283540427684783935546875">
        <ele>49.200000762939453125</ele>
        <time>2026-09-01T22:29:04.000Z</time>
        <extensions>
          <ns3:TrackPointExtension>
            <ns3:hr>147</ns3:hr>
            <ns3:cad>84</ns3:cad>
          </ns3:TrackPointExtension>
        </extensions>
      </trkpt>
      <trkpt lat="35.75398153625428676605224609375" lon="139.52914587222039699554443359375">
        <ele>49</ele>
        <time>2026-09-01T22:29:05.000Z</time>
        <extensions>
          <ns3:TrackPointExtension>
            <ns3:hr>147</ns3:hr>
            <ns3:cad>85</ns3:cad>
          </ns3:TrackPointExtension>
        </extensions>
      </trkpt>
      <trkpt lat="35.7539884932339191436767578125" lon="139.52917302958667278289794921875">
        <ele>48.799999237060546875</ele>
        <time>2026-09-01T22:29:06.000Z</time>
        <extensions>
          <ns3:TrackPointExtension>
            <ns3:hr>147</ns3:hr>
            <ns3:cad>85</ns3:cad>
          </ns3:TrackPointExtension>
        </extensions>
      </trkpt>
      <trkpt lat="35.75399494729936122894287109375" lon="139.52919582836329936981201171875">
        <ele>48.59999847412109375</ele>
        <time>2026-09-01T22:29:07.000Z</time>
        <extensions>
          <ns3:TrackPointExtension>
            <ns3:hr>148</ns3:hr>
            <ns3:cad>86</ns3:cad>
          </ns3:TrackPointExtension>
        </extensions>
      </trkpt>
      <trkpt lat="35.7540030777454376220703125" lon="139.52922985889017581939697265625">
        <ele>48.59999847412109375</ele>
        <time>2026-09-01T22:29:08.000Z</time>
        <extensions>
          <ns3:TrackPointExtension>
            <ns3:hr>147</ns3:hr>
            <ns3:cad>86</ns3:cad>
          </ns3:TrackPointExtension>
        </extensions>
      </trkpt>
      <trkpt lat="35.75401288457214832305908203125" lon="139.52925114892423152923583984375">
        <ele>48.40000152587890625</ele>
        <time>2026-09-01T22:29:09.000Z</time>
        <extensions>
          <ns3:TrackPointExtension>
            <ns3:hr>147</ns3:hr>
            <ns3:cad>85</ns3:cad>
          </ns3:TrackPointExtension>
        </extensions>
      </trkpt>
      <trkpt lat="35.754024870693683624267578125" lon="139.52927478589117527008056640625">
        <ele>48.40000152587890625</ele>
        <time>2026-09-01T22:29:10.000Z</time>
        <extensions>
          <ns3:TrackPointExtension>
            <ns3:hr>147</ns3:hr>
            <ns3:cad>85</ns3:cad>
          </ns3:TrackPointExtension>
        </extensions>
      </trkpt>
      <trkpt lat="35.7540307380259037017822265625" lon="139.52929439954459667205810546875">
        <ele>48</ele>
        <time>2026-09-01T22:29:11.000Z</time>
        <extensions>
          <ns3:TrackPointExtension>
            <ns3:hr>147</ns3:hr>
            <ns3:cad>85</ns3:cad>
          </ns3:TrackPointExtension>
        </extensions>
      </trkpt>
      <trkpt lat="35.7540381141006946563720703125" lon="139.52931694686412811279296875">
        <ele>48</ele>
        <time>2026-09-01T22:29:12.000Z</time>
        <extensions>
          <ns3:TrackPointExtension>
            <ns3:hr>146</ns3:hr>
            <ns3:cad>85</ns3:cad>
          </ns3:TrackPointExtension>
        </extensions>
      </trkpt>
      <trkpt lat="35.75404574163258075714111328125" lon="139.5293419249355792999267578125">
        <ele>48</ele>
        <time>2026-09-01T22:29:13.000Z</time>
        <extensions>
          <ns3:TrackPointExtension>
            <ns3:hr>146</ns3:hr>
            <ns3:cad>85</ns3:cad>
          </ns3:TrackPointExtension>
        </extensions>
      </trkpt>
      <trkpt lat="35.75405345298349857330322265625" lon="139.5293633826076984405517578125">
        <ele>47.799999237060546875</ele>
        <time>2026-09-01T22:29:14.000Z</time>
        <extensions>
          <ns3:TrackPointExtension>
            <ns3:hr>146</ns3:hr>
            <ns3:cad>85</ns3:cad>
          </ns3:TrackPointExtension>
        </extensions>
      </trkpt>
      <trkpt lat="35.754056386649608612060546875" lon="139.5293871872127056121826171875">
        <ele>47.799999237060546875</ele>
        <time>2026-09-01T22:29:15.000Z</time>
        <extensions>
          <ns3:TrackPointExtension>
            <ns3:hr>146</ns3:hr>
            <ns3:cad>86</ns3:cad>
          </ns3:TrackPointExtension>
        </extensions>
      </trkpt>
      <trkpt lat="35.7540639303624629974365234375" lon="139.529412500560283660888671875">
        <ele>47.799999237060546875</ele>
        <time>2026-09-01T22:29:16.000Z</time>
        <extensions>
          <ns3:TrackPointExtension>
            <ns3:hr>146</ns3:hr>
            <ns3:cad>86</ns3:cad>
          </ns3:TrackPointExtension>
        </extensions>
      </trkpt>
      <trkpt lat="35.7540682889521121978759765625" lon="139.52943538315594196319580078125">
        <ele>47.799999237060546875</ele>
        <time>2026-09-01T22:29:17.000Z</time>
        <extensions>
          <ns3:TrackPointExtension>
            <ns3:hr>146</ns3:hr>
            <ns3:cad>87</ns3:cad>
          </ns3:TrackPointExtension>
        </extensions>
      </trkpt>
      <trkpt lat="35.75407608412206172943115234375" lon="139.529462791979312896728515625">
        <ele>47.799999237060546875</ele>
        <time>2026-09-01T22:29:18.000Z</time>
        <extensions>
          <ns3:TrackPointExtension>
            <ns3:hr>146</ns3:hr>
            <ns3:cad>87</ns3:cad>
          </ns3:TrackPointExtension>
        </extensions>
      </trkpt>
      <trkpt lat="35.75408346019685268402099609375" lon="139.52949489466845989227294921875">
        <ele>47.799999237060546875</ele>
        <time>2026-09-01T22:29:19.000Z</time>
        <extensions>
          <ns3:TrackPointExtension>
            <ns3:hr>146</ns3:hr>
            <ns3:cad>87</ns3:cad>
          </ns3:TrackPointExtension>
        </extensions>
      </trkpt>
      <trkpt lat="35.75409100390970706939697265625" lon="139.52951274812221527099609375">
        <ele>47.799999237060546875</ele>
        <time>2026-09-01T22:29:20.000Z</time>
        <extensions>
          <ns3:TrackPointExtension>
            <ns3:hr>146</ns3:hr>
            <ns3:cad>87</ns3:cad>
          </ns3:TrackPointExtension>
        </extensions>
      </trkpt>
      <trkpt lat="35.75409871526062488555908203125" lon="139.5295383967459201812744140625">
        <ele>47.799999237060546875</ele>
        <time>2026-09-01T22:29:21.000Z</time>
        <extensions>
          <ns3:TrackPointExtension>
            <ns3:hr>146</ns3:hr>
            <ns3:cad>87</ns3:cad>
          </ns3:TrackPointExtension>
        </extensions>
      </trkpt>
      <trkpt lat="35.7541068457067012786865234375" lon="139.52956161461770534515380859375">
        <ele>47.799999237060546875</ele>
        <time>2026-09-01T22:29:22.000Z</time>
        <extensions>
          <ns3:TrackPointExtension>
            <ns3:hr>146</ns3:hr>
            <ns3:cad>87</ns3:cad>
          </ns3:TrackPointExtension>
        </extensions>
      </trkpt>
      <trkpt lat="35.75411648489534854888916015625" lon="139.52958290465176105499267578125">
        <ele>47.799999237060546875</ele>
        <time>2026-09-01T22:29:23.000Z</time>
        <extensions>
          <ns3:TrackPointExtension>
            <ns3:hr>146</ns3:hr>
            <ns3:cad>87</ns3:cad>
          </ns3:TrackPointExtension>
        </extensions>
      </trkpt>
      <trkpt lat="35.75412369333207607269287109375" lon="139.52960553579032421112060546875">
        <ele>47.799999237060546875</ele>
        <time>2026-09-01T22:29:24.000Z</time>
        <extensions>
          <ns3:TrackPointExtension>
            <ns3:hr>146</ns3:hr>
            <ns3:cad>86</ns3:cad>
          </ns3:TrackPointExtension>
        </extensions>
      </trkpt>
      <trkpt lat="35.754130147397518157958984375" lon="139.5296295918524265289306640625">
        <ele>47.799999237060546875</ele>
        <time>2026-09-01T22:29:25.000Z</time>
        <extensions>
          <ns3:TrackPointExtension>
            <ns3:hr>146</ns3:hr>
            <ns3:cad>86</ns3:cad>
          </ns3:TrackPointExtension>
        </extensions>
      </trkpt>
      <trkpt lat="35.7541346736252307891845703125" lon="139.52964878641068935394287109375">
        <ele>47.799999237060546875</ele>
        <time>2026-09-01T22:29:26.000Z</time>
        <extensions>
          <ns3:TrackPointExtension>
            <ns3:hr>146</ns3:hr>
            <ns3:cad>86</ns3:cad>
          </ns3:TrackPointExtension>
        </extensions>
      </trkpt>
      <trkpt lat="35.754140876233577728271484375" lon="139.5296725071966648101806640625">
        <ele>47.799999237060546875</ele>
        <time>2026-09-01T22:29:27.000Z</time>
        <extensions>
          <ns3:TrackPointExtension>
            <ns3:hr>145</ns3:hr>
            <ns3:cad>86</ns3:cad>
          </ns3:TrackPointExtension>
        </extensions>
      </trkpt>
      <trkpt lat="35.75414917431771755218505859375" lon="139.529696814715862274169921875">
        <ele>47.799999237060546875</ele>
        <time>2026-09-01T22:29:28.000Z</time>
        <extensions>
          <ns3:TrackPointExtension>
            <ns3:hr>145</ns3:hr>
            <ns3:cad>87</ns3:cad>
          </ns3:TrackPointExtension>
        </extensions>
      </trkpt>
      <trkpt lat="35.754160322248935699462890625" lon="139.52972288243472576141357421875">
        <ele>47.799999237060546875</ele>
        <time>2026-09-01T22:29:29.000Z</time>
        <extensions>
          <ns3:TrackPointExtension>
            <ns3:hr>145</ns3:hr>
            <ns3:cad>87</ns3:cad>
          </ns3:TrackPointExtension>
        </extensions>
      </trkpt>
      <trkpt lat="35.75416778214275836944580078125" lon="139.52974081970751285552978515625">
        <ele>47.799999237060546875</ele>
        <time>2026-09-01T22:29:30.000Z</time>
        <extensions>
          <ns3:TrackPointExtension>
            <ns3:hr>145</ns3:hr>
            <ns3:cad>86</ns3:cad>
          </ns3:TrackPointExtension>
        </extensions>
      </trkpt>
      <trkpt lat="35.75417130254209041595458984375" lon="139.529771246016025543212890625">
        <ele>47.799999237060546875</ele>
        <time>2026-09-01T22:29:31.000Z</time>
        <extensions>
          <ns3:TrackPointExtension>
            <ns3:hr>145</ns3:hr>
            <ns3:cad>86</ns3:cad>
          </ns3:TrackPointExtension>
        </extensions>
      </trkpt>
      <trkpt lat="35.75417465530335903167724609375" lon="139.5297932066023349761962890625">
        <ele>47.799999237060546875</ele>
        <time>2026-09-01T22:29:32.000Z</time>
        <extensions>
          <ns3:TrackPointExtension>
            <ns3:hr>145</ns3:hr>
            <ns3:cad>86</ns3:cad>
          </ns3:TrackPointExtension>
        </extensions>
      </trkpt>
      <trkpt lat="35.7541839592158794403076171875" lon="139.529821537435054779052734375">
        <ele>47.799999237060546875</ele>
        <time>2026-09-01T22:29:33.000Z</time>
        <extensions>
          <ns3:TrackPointExtension>
            <ns3:hr>145</ns3:hr>
            <ns3:cad>86</ns3:cad>
          </ns3:TrackPointExtension>
        </extensions>
      </trkpt>
      <trkpt lat="35.7541933469474315643310546875" lon="139.52984509058296680450439453125">
        <ele>47.799999237060546875</ele>
        <time>2026-09-01T22:29:34.000Z</time>
        <extensions>
          <ns3:TrackPointExtension>
            <ns3:hr>145</ns3:hr>
            <ns3:cad>86</ns3:cad>
          </ns3:TrackPointExtension>
        </extensions>
      </trkpt>
      <trkpt lat="35.75419820845127105712890625" lon="139.5298632793128490447998046875">
        <ele>47.799999237060546875</ele>
        <time>2026-09-01T22:29:35.000Z</time>
        <extensions>
          <ns3:TrackPointExtension>
            <ns3:hr>145</ns3:hr>
            <ns3:cad>87</ns3:cad>
          </ns3:TrackPointExtension>
        </extensions>
      </trkpt>
      <trkpt lat="35.75421161949634552001953125" lon="139.5298862457275390625">
        <ele>47.799999237060546875</ele>
        <time>2026-09-01T22:29:36.000Z</time>
        <extensions>
          <ns3:TrackPointExtension>
            <ns3:hr>145</ns3:hr>
            <ns3:cad>87</ns3:cad>
          </ns3:TrackPointExtension>
        </extensions>
      </trkpt>
      <trkpt lat="35.7542178221046924591064453125" lon="139.52991097234189510345458984375">
        <ele>47.799999237060546875</ele>
        <time>2026-09-01T22:29:37.000Z</time>
        <extensions>
          <ns3:TrackPointExtension>
            <ns3:hr>145</ns3:hr>
            <ns3:cad>87</ns3:cad>
          </ns3:TrackPointExtension>
        </extensions>
      </trkpt>
      <trkpt lat="35.75422234833240509033203125" lon="139.5299370400607585906982421875">
        <ele>47.799999237060546875</ele>
        <time>2026-09-01T22:29:38.000Z</time>
        <extensions>
          <ns3:TrackPointExtension>
            <ns3:hr>144</ns3:hr>
            <ns3:cad>87</ns3:cad>
          </ns3:TrackPointExtension>
        </extensions>
      </trkpt>
      <trkpt lat="35.75422846712172031402587890625" lon="139.5299598388373851776123046875">
        <ele>47.799999237060546875</ele>
        <time>2026-09-01T22:29:39.000Z</time>
        <extensions>
          <ns3:TrackPointExtension>
            <ns3:hr>144</ns3:hr>
            <ns3:cad>87</ns3:cad>
          </ns3:TrackPointExtension>
        </extensions>
      </trkpt>
      <trkpt lat="35.75424539856612682342529296875" lon="139.52998456545174121856689453125">
        <ele>47.799999237060546875</ele>
        <time>2026-09-01T22:29:40.000Z</time>
        <extensions>
          <ns3:TrackPointExtension>
            <ns3:hr>144</ns3:hr>
            <ns3:cad>86</ns3:cad>
          </ns3:TrackPointExtension>
        </extensions>
      </trkpt>
      <trkpt lat="35.7542620785534381866455078125" lon="139.53000837005674839019775390625">
        <ele>47.799999237060546875</ele>
        <time>2026-09-01T22:29:41.000Z</time>
        <extensions>
          <ns3:TrackPointExtension>
            <ns3:hr>144</ns3:hr>
            <ns3:cad>86</ns3:cad>
          </ns3:TrackPointExtension>
        </extensions>
      </trkpt>
      <trkpt lat="35.7542728073894977569580078125" lon="139.53002798371016979217529296875">
        <ele>47.799999237060546875</ele>
        <time>2026-09-01T22:29:42.000Z</time>
        <extensions>
          <ns3:TrackPointExtension>
            <ns3:hr>144</ns3:hr>
            <ns3:cad>86</ns3:cad>
          </ns3:TrackPointExtension>
        </extensions>
      </trkpt>
      <trkpt lat="35.7542902417480945587158203125" lon="139.53004650771617889404296875">
        <ele>47.799999237060546875</ele>
        <time>2026-09-01T22:29:43.000Z</time>
        <extensions>
          <ns3:TrackPointExtension>
            <ns3:hr>144</ns3:hr>
            <ns3:cad>86</ns3:cad>
          </ns3:TrackPointExtension>
        </extensions>
      </trkpt>
      <trkpt lat="35.754303149878978729248046875" lon="139.53005832619965076446533203125">
        <ele>47.799999237060546875</ele>
        <time>2026-09-01T22:29:44.000Z</time>
        <extensions>
          <ns3:TrackPointExtension>
            <ns3:hr>144</ns3:hr>
            <ns3:cad>87</ns3:cad>
          </ns3:TrackPointExtension>
        </extensions>
      </trkpt>
      <trkpt lat="35.7543143816292285919189453125" lon="139.5300778560340404510498046875">
        <ele>47.799999237060546875</ele>
        <time>2026-09-01T22:29:45.000Z</time>
        <extensions>
          <ns3:TrackPointExtension>
            <ns3:hr>145</ns3:hr>
            <ns3:cad>87</ns3:cad>
          </ns3:TrackPointExtension>
        </extensions>
      </trkpt>
      <trkpt lat="35.7543247751891613006591796875" lon="139.53010995872318744659423828125">
        <ele>47.799999237060546875</ele>
        <time>2026-09-01T22:29:46.000Z</time>
        <extensions>
          <ns3:TrackPointExtension>
            <ns3:hr>145</ns3:hr>
            <ns3:cad>87</ns3:cad>
          </ns3:TrackPointExtension>
        </extensions>
      </trkpt>
      <trkpt lat="35.754334665834903717041015625" lon="139.5301370322704315185546875">
        <ele>47.799999237060546875</ele>
        <time>2026-09-01T22:29:47.000Z</time>
        <extensions>
          <ns3:TrackPointExtension>
            <ns3:hr>145</ns3:hr>
            <ns3:cad>87</ns3:cad>
          </ns3:TrackPointExtension>
        </extensions>
      </trkpt>
      <trkpt lat="35.75433961115777492523193359375" lon="139.53015957958996295928955078125">
        <ele>47.799999237060546875</ele>
        <time>2026-09-01T22:29:48.000Z</time>
        <extensions>
          <ns3:TrackPointExtension>
            <ns3:hr>145</ns3:hr>
            <ns3:cad>87</ns3:cad>
          </ns3:TrackPointExtension>
        </extensions>
      </trkpt>
      <trkpt lat="35.7543522678315639495849609375" lon="139.53019193373620510101318359375">
        <ele>47.799999237060546875</ele>
        <time>2026-09-01T22:29:49.000Z</time>
        <extensions>
          <ns3:TrackPointExtension>
            <ns3:hr>145</ns3:hr>
            <ns3:cad>87</ns3:cad>
          </ns3:TrackPointExtension>
        </extensions>
      </trkpt>
      <trkpt lat="35.7543629966676235198974609375" lon="139.53022076748311519622802734375">
        <ele>47.799999237060546875</ele>
        <time>2026-09-01T22:29:50.000Z</time>
        <extensions>
          <ns3:TrackPointExtension>
            <ns3:hr>145</ns3:hr>
            <ns3:cad>86</ns3:cad>
          </ns3:TrackPointExtension>
        </extensions>
      </trkpt>
      <trkpt lat="35.75437246821820735931396484375" lon="139.530252031981945037841796875">
        <ele>47.799999237060546875</ele>
        <time>2026-09-01T22:29:51.000Z</time>
        <extensions>
          <ns3:TrackPointExtension>
            <ns3:hr>144</ns3:hr>
            <ns3:cad>86</ns3:cad>
          </ns3:TrackPointExtension>
        </extensions>
      </trkpt>
      <trkpt lat="35.7543893158435821533203125" lon="139.53027575276792049407958984375">
        <ele>47.799999237060546875</ele>
        <time>2026-09-01T22:29:52.000Z</time>
        <extensions>
          <ns3:TrackPointExtension>
            <ns3:hr>144</ns3:hr>
            <ns3:cad>86</ns3:cad>
          </ns3:TrackPointExtension>
        </extensions>
      </trkpt>
      <trkpt lat="35.75440750457346439361572265625" lon="139.5302899181842803955078125">
        <ele>47.59999847412109375</ele>
        <time>2026-09-01T22:29:53.000Z</time>
        <extensions>
          <ns3:TrackPointExtension>
            <ns3:hr>144</ns3:hr>
            <ns3:cad>85</ns3:cad>
          </ns3:TrackPointExtension>
        </extensions>
      </trkpt>
      <trkpt lat="35.7544159702956676483154296875" lon="139.530309699475765228271484375">
        <ele>47.59999847412109375</ele>
        <time>2026-09-01T22:29:54.000Z</time>
        <extensions>
          <ns3:TrackPointExtension>
            <ns3:hr>144</ns3:hr>
            <ns3:cad>85</ns3:cad>
          </ns3:TrackPointExtension>
        </extensions>
      </trkpt>
      <trkpt lat="35.75443784706294536590576171875" lon="139.53033886849880218505859375">
        <ele>47.59999847412109375</ele>
        <time>2026-09-01T22:29:55.000Z</time>
        <extensions>
          <ns3:TrackPointExtension>
            <ns3:hr>144</ns3:hr>
            <ns3:cad>88</ns3:cad>
          </ns3:TrackPointExtension>
        </extensions>
      </trkpt>
      <trkpt lat="35.7544501684606075286865234375" lon="139.5303628407418727874755859375">
        <ele>47.59999847412109375</ele>
        <time>2026-09-01T22:29:56.000Z</time>
        <extensions>
          <ns3:TrackPointExtension>
            <ns3:hr>144</ns3:hr>
            <ns3:cad>88</ns3:cad>
          </ns3:TrackPointExtension>
        </extensions>
      </trkpt>
      <trkpt lat="35.75445167720317840576171875" lon="139.53038807027041912078857421875">
        <ele>47.59999847412109375</ele>
        <time>2026-09-01T22:29:57.000Z</time>
        <extensions>
          <ns3:TrackPointExtension>
            <ns3:hr>145</ns3:hr>
            <ns3:cad>88</ns3:cad>
          </ns3:TrackPointExtension>
        </extensions>
      </trkpt>
      <trkpt lat="35.75446106493473052978515625" lon="139.53041455708444118499755859375">
        <ele>47.40000152587890625</ele>
        <time>2026-09-01T22:29:58.000Z</time>
        <extensions>
          <ns3:TrackPointExtension>
            <ns3:hr>145</ns3:hr>
            <ns3:cad>88</ns3:cad>
          </ns3:TrackPointExtension>
        </extensions>
      </trkpt>
      <trkpt lat="35.7544665969908237457275390625" lon="139.5304372720420360565185546875">
        <ele>47.40000152587890625</ele>
        <time>2026-09-01T22:29:59.000Z</time>
        <extensions>
          <ns3:TrackPointExtension>
            <ns3:hr>145</ns3:hr>
            <ns3:cad>87</ns3:cad>
          </ns3:TrackPointExtension>
        </extensions>
      </trkpt>
      <trkpt lat="35.75447254814207553863525390625" lon="139.53046065755188465118408203125">
        <ele>47.40000152587890625</ele>
        <time>2026-09-01T22:30:00.000Z</time>
        <extensions>
          <ns3:TrackPointExtension>
            <ns3:hr>145</ns3:hr>
            <ns3:cad>87</ns3:cad>
          </ns3:TrackPointExtension>
        </extensions>
      </trkpt>
      <trkpt lat="35.75448260642588138580322265625" lon="139.53048613853752613067626953125">
        <ele>47.40000152587890625</ele>
        <time>2026-09-01T22:30:01.000Z</time>
        <extensions>
          <ns3:TrackPointExtension>
            <ns3:hr>145</ns3:hr>
            <ns3:cad>86</ns3:cad>
          </ns3:TrackPointExtension>
        </extensions>
      </trkpt>
      <trkpt lat="35.75449484400451183319091796875" lon="139.530506171286106109619140625">
        <ele>47.59999847412109375</ele>
        <time>2026-09-01T22:30:02.000Z</time>
        <extensions>
          <ns3:TrackPointExtension>
            <ns3:hr>146</ns3:hr>
            <ns3:cad>86</ns3:cad>
          </ns3:TrackPointExtension>
        </extensions>
      </trkpt>
      <trkpt lat="35.75450599193572998046875" lon="139.530527628958225250244140625">
        <ele>47.59999847412109375</ele>
        <time>2026-09-01T22:30:03.000Z</time>
        <extensions>
          <ns3:TrackPointExtension>
            <ns3:hr>146</ns3:hr>
            <ns3:cad>86</ns3:cad>
          </ns3:TrackPointExtension>
        </extensions>
      </trkpt>
      <trkpt lat="35.75451848097145557403564453125" lon="139.53054866753518581390380859375">
        <ele>47.59999847412109375</ele>
        <time>2026-09-01T22:30:04.000Z</time>
        <extensions>
          <ns3:TrackPointExtension>
            <ns3:hr>146</ns3:hr>
            <ns3:cad>87</ns3:cad>
          </ns3:TrackPointExtension>
        </extensions>
      </trkpt>
      <trkpt lat="35.75452946126461029052734375" lon="139.530571885406970977783203125">
        <ele>47.59999847412109375</ele>
        <time>2026-09-01T22:30:05.000Z</time>
        <extensions>
          <ns3:TrackPointExtension>
            <ns3:hr>145</ns3:hr>
            <ns3:cad>87</ns3:cad>
          </ns3:TrackPointExtension>
        </extensions>
      </trkpt>
      <trkpt lat="35.754546225070953369140625" lon="139.53058923594653606414794921875">
        <ele>47.59999847412109375</ele>
        <time>2026-09-01T22:30:06.000Z</time>
        <extensions>
          <ns3:TrackPointExtension>
            <ns3:hr>145</ns3:hr>
            <ns3:cad>88</ns3:cad>
          </ns3:TrackPointExtension>
        </extensions>
      </trkpt>
      <trkpt lat="35.7545618154108524322509765625" lon="139.53060851432383060455322265625">
        <ele>47.59999847412109375</ele>
        <time>2026-09-01T22:30:07.000Z</time>
        <extensions>
          <ns3:TrackPointExtension>
            <ns3:hr>146</ns3:hr>
            <ns3:cad>88</ns3:cad>
          </ns3:TrackPointExtension>
        </extensions>
      </trkpt>
      <trkpt lat="35.75457505881786346435546875" lon="139.5306263677775859832763671875">
        <ele>47.59999847412109375</ele>
        <time>2026-09-01T22:30:08.000Z</time>
        <extensions>
          <ns3:TrackPointExtension>
            <ns3:hr>146</ns3:hr>
            <ns3:cad>88</ns3:cad>
          </ns3:TrackPointExtension>
        </extensions>
      </trkpt>
      <trkpt lat="35.75459023006260395050048828125" lon="139.53064757399260997772216796875">
        <ele>47.59999847412109375</ele>
        <time>2026-09-01T22:30:09.000Z</time>
        <extensions>
          <ns3:TrackPointExtension>
            <ns3:hr>146</ns3:hr>
            <ns3:cad>88</ns3:cad>
          </ns3:TrackPointExtension>
        </extensions>
      </trkpt>
      <trkpt lat="35.75460783205926418304443359375" lon="139.53066836111247539520263671875">
        <ele>47.59999847412109375</ele>
        <time>2026-09-01T22:30:10.000Z</time>
        <extensions>
          <ns3:TrackPointExtension>
            <ns3:hr>146</ns3:hr>
            <ns3:cad>88</ns3:cad>
          </ns3:TrackPointExtension>
        </extensions>
      </trkpt>
      <trkpt lat="35.75462325476109981536865234375" lon="139.530685208737850189208984375">
        <ele>47.59999847412109375</ele>
        <time>2026-09-01T22:30:11.000Z</time>
        <extensions>
          <ns3:TrackPointExtension>
            <ns3:hr>146</ns3:hr>
            <ns3:cad>87</ns3:cad>
          </ns3:TrackPointExtension>
        </extensions>
      </trkpt>
      <trkpt lat="35.75463985092937946319580078125" lon="139.53071597032248973846435546875">
        <ele>47.59999847412109375</ele>
        <time>2026-09-01T22:30:12.000Z</time>
        <extensions>
          <ns3:TrackPointExtension>
            <ns3:hr>146</ns3:hr>
            <ns3:cad>87</ns3:cad>
          </ns3:TrackPointExtension>
        </extensions>
      </trkpt>
      <trkpt lat="35.75465695001184940338134765625" lon="139.53073927201330661773681640625">
        <ele>47.59999847412109375</ele>
        <time>2026-09-01T22:30:13.000Z</time>
        <extensions>
          <ns3:TrackPointExtension>
            <ns3:hr>146</ns3:hr>
            <ns3:cad>86</ns3:cad>
          </ns3:TrackPointExtension>
        </extensions>
      </trkpt>
      <trkpt lat="35.75467295944690704345703125" lon="139.5307593047618865966796875">
        <ele>47.59999847412109375</ele>
        <time>2026-09-01T22:30:14.000Z</time>
        <extensions>
          <ns3:TrackPointExtension>
            <ns3:hr>146</ns3:hr>
            <ns3:cad>86</ns3:cad>
          </ns3:TrackPointExtension>
        </extensions>
      </trkpt>
      <trkpt lat="35.7546865381300449371337890625" lon="139.53078235499560832977294921875">
        <ele>47.59999847412109375</ele>
        <time>2026-09-01T22:30:15.000Z</time>
        <extensions>
          <ns3:TrackPointExtension>
            <ns3:hr>146</ns3:hr>
            <ns3:cad>87</ns3:cad>
          </ns3:TrackPointExtension>
        </extensions>
      </trkpt>
      <trkpt lat="35.754696093499660491943359375" lon="139.53080230392515659332275390625">
        <ele>47.59999847412109375</ele>
        <time>2026-09-01T22:30:16.000Z</time>
        <extensions>
          <ns3:TrackPointExtension>
            <ns3:hr>146</ns3:hr>
            <ns3:cad>87</ns3:cad>
          </ns3:TrackPointExtension>
        </extensions>
      </trkpt>
      <trkpt lat="35.7547039724886417388916015625" lon="139.530823342502117156982421875">
        <ele>47.59999847412109375</ele>
        <time>2026-09-01T22:30:17.000Z</time>
        <extensions>
          <ns3:TrackPointExtension>
            <ns3:hr>146</ns3:hr>
            <ns3:cad>88</ns3:cad>
          </ns3:TrackPointExtension>
        </extensions>
      </trkpt>
      <trkpt lat="35.75471495278179645538330078125" lon="139.5308426208794116973876953125">
        <ele>47.59999847412109375</ele>
        <time>2026-09-01T22:30:18.000Z</time>
        <extensions>
          <ns3:TrackPointExtension>
            <ns3:hr>146</ns3:hr>
            <ns3:cad>88</ns3:cad>
          </ns3:TrackPointExtension>
        </extensions>
      </trkpt>
      <trkpt lat="35.75472928583621978759765625" lon="139.5308620668947696685791015625">
        <ele>47.59999847412109375</ele>
        <time>2026-09-01T22:30:19.000Z</time>
        <extensions>
          <ns3:TrackPointExtension>
            <ns3:hr>147</ns3:hr>
            <ns3:cad>88</ns3:cad>
          </ns3:TrackPointExtension>
        </extensions>
      </trkpt>
      <trkpt lat="35.75474462471902370452880859375" lon="139.53088176436722278594970703125">
        <ele>47.59999847412109375</ele>
        <time>2026-09-01T22:30:20.000Z</time>
        <extensions>
          <ns3:TrackPointExtension>
            <ns3:hr>147</ns3:hr>
            <ns3:cad>88</ns3:cad>
          </ns3:TrackPointExtension>
        </extensions>
      </trkpt>
      <trkpt lat="35.75476147234439849853515625" lon="139.53090305440127849578857421875">
        <ele>47.40000152587890625</ele>
        <time>2026-09-01T22:30:21.000Z</time>
        <extensions>
          <ns3:TrackPointExtension>
            <ns3:hr>147</ns3:hr>
            <ns3:cad>88</ns3:cad>
          </ns3:TrackPointExtension>
        </extensions>
      </trkpt>
      <trkpt lat="35.75477647595107555389404296875" lon="139.5309220813214778900146484375">
        <ele>47.40000152587890625</ele>
        <time>2026-09-01T22:30:22.000Z</time>
        <extensions>
          <ns3:TrackPointExtension>
            <ns3:hr>147</ns3:hr>
            <ns3:cad>89</ns3:cad>
          </ns3:TrackPointExtension>
        </extensions>
      </trkpt>
      <trkpt lat="35.7547914795577526092529296875" lon="139.53094060532748699188232421875">
        <ele>47.40000152587890625</ele>
        <time>2026-09-01T22:30:23.000Z</time>
        <extensions>
          <ns3:TrackPointExtension>
            <ns3:hr>147</ns3:hr>
            <ns3:cad>89</ns3:cad>
          </ns3:TrackPointExtension>
        </extensions>
      </trkpt>
      <trkpt lat="35.75480849482119083404541015625" lon="139.53096005134284496307373046875">
        <ele>47.40000152587890625</ele>
        <time>2026-09-01T22:30:24.000Z</time>
        <extensions>
          <ns3:TrackPointExtension>
            <ns3:hr>147</ns3:hr>
            <ns3:cad>89</ns3:cad>
          </ns3:TrackPointExtension>
        </extensions>
      </trkpt>
      <trkpt lat="35.7548238337039947509765625" lon="139.53097715042531490325927734375">
        <ele>47.40000152587890625</ele>
        <time>2026-09-01T22:30:25.000Z</time>
        <extensions>
          <ns3:TrackPointExtension>
            <ns3:hr>148</ns3:hr>
            <ns3:cad>88</ns3:cad>
          </ns3:TrackPointExtension>
        </extensions>
      </trkpt>
      <trkpt lat="35.75483858585357666015625" lon="139.5309931598603725433349609375">
        <ele>47.40000152587890625</ele>
        <time>2026-09-01T22:30:26.000Z</time>
        <extensions>
          <ns3:TrackPointExtension>
            <ns3:hr>148</ns3:hr>
            <ns3:cad>88</ns3:cad>
          </ns3:TrackPointExtension>
        </extensions>
      </trkpt>
      <trkpt lat="35.754849649965763092041015625" lon="139.53100782819092273712158203125">
        <ele>47.40000152587890625</ele>
        <time>2026-09-01T22:30:27.000Z</time>
        <extensions>
          <ns3:TrackPointExtension>
            <ns3:hr>148</ns3:hr>
            <ns3:cad>88</ns3:cad>
          </ns3:TrackPointExtension>
        </extensions>
      </trkpt>
      <trkpt lat="35.75485426001250743865966796875" lon="139.5310226641595363616943359375">
        <ele>47.40000152587890625</ele>
        <time>2026-09-01T22:30:28.000Z</time>
        <extensions>
          <ns3:TrackPointExtension>
            <ns3:hr>149</ns3:hr>
            <ns3:cad>88</ns3:cad>
          </ns3:TrackPointExtension>
        </extensions>
      </trkpt>
      <trkpt lat="35.7548640668392181396484375" lon="139.5310342311859130859375">
        <ele>47.40000152587890625</ele>
        <time>2026-09-01T22:30:29.000Z</time>
        <extensions>
          <ns3:TrackPointExtension>
            <ns3:hr>149</ns3:hr>
            <ns3:cad>88</ns3:cad>
          </ns3:TrackPointExtension>
        </extensions>
      </trkpt>
      <trkpt lat="35.75488150119781494140625" lon="139.5310570299625396728515625">
        <ele>47.40000152587890625</ele>
        <time>2026-09-01T22:30:30.000Z</time>
        <extensions>
          <ns3:TrackPointExtension>
            <ns3:hr>149</ns3:hr>
            <ns3:cad>88</ns3:cad>
          </ns3:TrackPointExtension>
        </extensions>
      </trkpt>
      <trkpt lat="35.75489684008061885833740234375" lon="139.531073458492755889892578125">
        <ele>47.40000152587890625</ele>
        <time>2026-09-01T22:30:31.000Z</time>
        <extensions>
          <ns3:TrackPointExtension>
            <ns3:hr>149</ns3:hr>
            <ns3:cad>88</ns3:cad>
          </ns3:TrackPointExtension>
        </extensions>
      </trkpt>
      <trkpt lat="35.7549141906201839447021484375" lon="139.53108594752848148345947265625">
        <ele>47.40000152587890625</ele>
        <time>2026-09-01T22:30:32.000Z</time>
        <extensions>
          <ns3:TrackPointExtension>
            <ns3:hr>149</ns3:hr>
            <ns3:cad>87</ns3:cad>
          </ns3:TrackPointExtension>
        </extensions>
      </trkpt>
      <trkpt lat="35.75493288226425647735595703125" lon="139.5311004482209682464599609375">
        <ele>47.40000152587890625</ele>
        <time>2026-09-01T22:30:33.000Z</time>
        <extensions>
          <ns3:TrackPointExtension>
            <ns3:hr>149</ns3:hr>
            <ns3:cad>86</ns3:cad>
          </ns3:TrackPointExtension>
        </extensions>
      </trkpt>
      <trkpt lat="35.754953585565090179443359375" lon="139.53111528418958187103271484375">
        <ele>47.40000152587890625</ele>
        <time>2026-09-01T22:30:34.000Z</time>
        <extensions>
          <ns3:TrackPointExtension>
            <ns3:hr>150</ns3:hr>
            <ns3:cad>86</ns3:cad>
          </ns3:TrackPointExtension>
        </extensions>
      </trkpt>
      <trkpt lat="35.75496942736208438873291015625" lon="139.5311356522142887115478515625">
        <ele>47.40000152587890625</ele>
        <time>2026-09-01T22:30:35.000Z</time>
        <extensions>
          <ns3:TrackPointExtension>
            <ns3:hr>151</ns3:hr>
            <ns3:cad>86</ns3:cad>
          </ns3:TrackPointExtension>
        </extensions>
      </trkpt>
      <trkpt lat="35.75498401187360286712646484375" lon="139.53116364777088165283203125">
        <ele>47.40000152587890625</ele>
        <time>2026-09-01T22:30:36.000Z</time>
        <extensions>
          <ns3:TrackPointExtension>
            <ns3:hr>151</ns3:hr>
            <ns3:cad>86</ns3:cad>
          </ns3:TrackPointExtension>
        </extensions>
      </trkpt>
      <trkpt lat="35.7549953274428844451904296875" lon="139.53119625337421894073486328125">
        <ele>47.40000152587890625</ele>
        <time>2026-09-01T22:30:37.000Z</time>
        <extensions>
          <ns3:TrackPointExtension>
            <ns3:hr>151</ns3:hr>
            <ns3:cad>86</ns3:cad>
          </ns3:TrackPointExtension>
        </extensions>
      </trkpt>
      <trkpt lat="35.75501016341149806976318359375" lon="139.53121687285602092742919921875">
        <ele>47.40000152587890625</ele>
        <time>2026-09-01T22:30:38.000Z</time>
        <extensions>
          <ns3:TrackPointExtension>
            <ns3:hr>151</ns3:hr>
            <ns3:cad>86</ns3:cad>
          </ns3:TrackPointExtension>
        </extensions>
      </trkpt>
      <trkpt lat="35.75503078289330005645751953125" lon="139.53123045153915882110595703125">
        <ele>47.40000152587890625</ele>
        <time>2026-09-01T22:30:39.000Z</time>
        <extensions>
          <ns3:TrackPointExtension>
            <ns3:hr>151</ns3:hr>
            <ns3:cad>87</ns3:cad>
          </ns3:TrackPointExtension>
        </extensions>
      </trkpt>
      <trkpt lat="35.75504578649997711181640625" lon="139.5312462933361530303955078125">
        <ele>47.40000152587890625</ele>
        <time>2026-09-01T22:30:40.000Z</time>
        <extensions>
          <ns3:TrackPointExtension>
            <ns3:hr>152</ns3:hr>
            <ns3:cad>87</ns3:cad>
          </ns3:TrackPointExtension>
        </extensions>
      </trkpt>
      <trkpt lat="35.75505919754505157470703125" lon="139.53126515261828899383544921875">
        <ele>47.40000152587890625</ele>
        <time>2026-09-01T22:30:41.000Z</time>
        <extensions>
          <ns3:TrackPointExtension>
            <ns3:hr>152</ns3:hr>
            <ns3:cad>87</ns3:cad>
          </ns3:TrackPointExtension>
        </extensions>
      </trkpt>
      <trkpt lat="35.75506263412535190582275390625" lon="139.53128627501428127288818359375">
        <ele>47.40000152587890625</ele>
        <time>2026-09-01T22:30:42.000Z</time>
        <extensions>
          <ns3:TrackPointExtension>
            <ns3:hr>152</ns3:hr>
            <ns3:cad>86</ns3:cad>
          </ns3:TrackPointExtension>
        </extensions>
      </trkpt>
      <trkpt lat="35.75507001020014286041259765625" lon="139.53130572102963924407958984375">
        <ele>47.40000152587890625</ele>
        <time>2026-09-01T22:30:43.000Z</time>
        <extensions>
          <ns3:TrackPointExtension>
            <ns3:hr>153</ns3:hr>
            <ns3:cad>86</ns3:cad>
          </ns3:TrackPointExtension>
        </extensions>
      </trkpt>
      <trkpt lat="35.7550871931016445159912109375" lon="139.53132533468306064605712890625">
        <ele>47.40000152587890625</ele>
        <time>2026-09-01T22:30:44.000Z</time>
        <extensions>
          <ns3:TrackPointExtension>
            <ns3:hr>153</ns3:hr>
            <ns3:cad>86</ns3:cad>
          </ns3:TrackPointExtension>
        </extensions>
      </trkpt>
      <trkpt lat="35.7551001012325286865234375" lon="139.53134478069841861724853515625">
        <ele>47.40000152587890625</ele>
        <time>2026-09-01T22:30:45.000Z</time>
        <extensions>
          <ns3:TrackPointExtension>
            <ns3:hr>153</ns3:hr>
            <ns3:cad>86</ns3:cad>
          </ns3:TrackPointExtension>
        </extensions>
      </trkpt>
      <trkpt lat="35.75511510483920574188232421875" lon="139.531364478170871734619140625">
        <ele>47.40000152587890625</ele>
        <time>2026-09-01T22:30:46.000Z</time>
        <extensions>
          <ns3:TrackPointExtension>
            <ns3:hr>153</ns3:hr>
            <ns3:cad>87</ns3:cad>
          </ns3:TrackPointExtension>
        </extensions>
      </trkpt>
      <trkpt lat="35.7551280967891216278076171875" lon="139.53138551674783229827880859375">
        <ele>47.40000152587890625</ele>
        <time>2026-09-01T22:30:47.000Z</time>
        <extensions>
          <ns3:TrackPointExtension>
            <ns3:hr>153</ns3:hr>
            <ns3:cad>87</ns3:cad>
          </ns3:TrackPointExtension>
        </extensions>
      </trkpt>
      <trkpt lat="35.75513924472033977508544921875" lon="139.53140663914382457733154296875">
        <ele>47.40000152587890625</ele>
        <time>2026-09-01T22:30:48.000Z</time>
        <extensions>
          <ns3:TrackPointExtension>
            <ns3:hr>153</ns3:hr>
            <ns3:cad>87</ns3:cad>
          </ns3:TrackPointExtension>
        </extensions>
      </trkpt>
      <trkpt lat="35.75514972209930419921875" lon="139.53142893500626087188720703125">
        <ele>47.40000152587890625</ele>
        <time>2026-09-01T22:30:49.000Z</time>
        <extensions>
          <ns3:TrackPointExtension>
            <ns3:hr>153</ns3:hr>
            <ns3:cad>87</ns3:cad>
          </ns3:TrackPointExtension>
        </extensions>
      </trkpt>
      <trkpt lat="35.7551646418869495391845703125" lon="139.53145022504031658172607421875">
        <ele>47.40000152587890625</ele>
        <time>2026-09-01T22:30:50.000Z</time>
        <extensions>
          <ns3:TrackPointExtension>
            <ns3:hr>153</ns3:hr>
            <ns3:cad>87</ns3:cad>
          </ns3:TrackPointExtension>
        </extensions>
      </trkpt>
      <trkpt lat="35.755184926092624664306640625" lon="139.53147402964532375335693359375">
        <ele>47.40000152587890625</ele>
        <time>2026-09-01T22:30:51.000Z</time>
        <extensions>
          <ns3:TrackPointExtension>
            <ns3:hr>153</ns3:hr>
            <ns3:cad>87</ns3:cad>
          </ns3:TrackPointExtension>
        </extensions>
      </trkpt>
      <trkpt lat="35.755204372107982635498046875" lon="139.53150420449674129486083984375">
        <ele>47.40000152587890625</ele>
        <time>2026-09-01T22:30:52.000Z</time>
        <extensions>
          <ns3:TrackPointExtension>
            <ns3:hr>153</ns3:hr>
            <ns3:cad>88</ns3:cad>
          </ns3:TrackPointExtension>
        </extensions>
      </trkpt>
      <trkpt lat="35.75521535240113735198974609375" lon="139.5315265841782093048095703125">
        <ele>47.40000152587890625</ele>
        <time>2026-09-01T22:30:53.000Z</time>
        <extensions>
          <ns3:TrackPointExtension>
            <ns3:hr>153</ns3:hr>
            <ns3:cad>88</ns3:cad>
          </ns3:TrackPointExtension>
        </extensions>
      </trkpt>
      <trkpt lat="35.7552296854555606842041015625" lon="139.53155818395316600799560546875">
        <ele>47.40000152587890625</ele>
        <time>2026-09-01T22:30:54.000Z</time>
        <extensions>
          <ns3:TrackPointExtension>
            <ns3:hr>153</ns3:hr>
            <ns3:cad>88</ns3:cad>
          </ns3:TrackPointExtension>
        </extensions>
      </trkpt>
      <trkpt lat="35.75524133630096912384033203125" lon="139.53158249147236347198486328125">
        <ele>47.40000152587890625</ele>
        <time>2026-09-01T22:30:55.000Z</time>
        <extensions>
          <ns3:TrackPointExtension>
            <ns3:hr>153</ns3:hr>
            <ns3:cad>87</ns3:cad>
          </ns3:TrackPointExtension>
        </extensions>
      </trkpt>
      <trkpt lat="35.755260027945041656494140625" lon="139.5316104032099246978759765625">
        <ele>47.40000152587890625</ele>
        <time>2026-09-01T22:30:56.000Z</time>
        <extensions>
          <ns3:TrackPointExtension>
            <ns3:hr>153</ns3:hr>
            <ns3:cad>87</ns3:cad>
          </ns3:TrackPointExtension>
        </extensions>
      </trkpt>
      <trkpt lat="35.75526882894337177276611328125" lon="139.5316350460052490234375">
        <ele>47.40000152587890625</ele>
        <time>2026-09-01T22:30:57.000Z</time>
        <extensions>
          <ns3:TrackPointExtension>
            <ns3:hr>154</ns3:hr>
            <ns3:cad>87</ns3:cad>
          </ns3:TrackPointExtension>
        </extensions>
      </trkpt>
      <trkpt lat="35.7552776299417018890380859375" lon="139.5316580124199390411376953125">
        <ele>47.40000152587890625</ele>
        <time>2026-09-01T22:30:58.000Z</time>
        <extensions>
          <ns3:TrackPointExtension>
            <ns3:hr>154</ns3:hr>
            <ns3:cad>87</ns3:cad>
          </ns3:TrackPointExtension>
        </extensions>
      </trkpt>
      <trkpt lat="35.75528156943619251251220703125" lon="139.531681649386882781982421875">
        <ele>47.40000152587890625</ele>
        <time>2026-09-01T22:30:59.000Z</time>
        <extensions>
          <ns3:TrackPointExtension>
            <ns3:hr>154</ns3:hr>
            <ns3:cad>87</ns3:cad>
          </ns3:TrackPointExtension>
        </extensions>
      </trkpt>
      <trkpt lat="35.75528743676841259002685546875" lon="139.53170402906835079193115234375">
        <ele>47.40000152587890625</ele>
        <time>2026-09-01T22:31:00.000Z</time>
        <extensions>
          <ns3:TrackPointExtension>
            <ns3:hr>154</ns3:hr>
            <ns3:cad>87</ns3:cad>
          </ns3:TrackPointExtension>
        </extensions>
      </trkpt>
      <trkpt lat="35.75529514811933040618896484375" lon="139.5317249000072479248046875">
        <ele>47.40000152587890625</ele>
        <time>2026-09-01T22:31:01.000Z</time>
        <extensions>
          <ns3:TrackPointExtension>
            <ns3:hr>154</ns3:hr>
            <ns3:cad>87</ns3:cad>
          </ns3:TrackPointExtension>
        </extensions>
      </trkpt>
      <trkpt lat="35.75530185364186763763427734375" lon="139.5317421667277812957763671875">
        <ele>47.40000152587890625</ele>
        <time>2026-09-01T22:31:02.000Z</time>
        <extensions>
          <ns3:TrackPointExtension>
            <ns3:hr>154</ns3:hr>
            <ns3:cad>86</ns3:cad>
          </ns3:TrackPointExtension>
        </extensions>
      </trkpt>
      <trkpt lat="35.7553146779537200927734375" lon="139.53177058137953281402587890625">
        <ele>47.40000152587890625</ele>
        <time>2026-09-01T22:31:03.000Z</time>
        <extensions>
          <ns3:TrackPointExtension>
            <ns3:hr>154</ns3:hr>
            <ns3:cad>84</ns3:cad>
          </ns3:TrackPointExtension>
        </extensions>
      </trkpt>
      <trkpt lat="35.75532951392233371734619140625" lon="139.53180209733545780181884765625">
        <ele>47.40000152587890625</ele>
        <time>2026-09-01T22:31:04.000Z</time>
        <extensions>
          <ns3:TrackPointExtension>
            <ns3:hr>154</ns3:hr>
            <ns3:cad>84</ns3:cad>
          </ns3:TrackPointExtension>
        </extensions>
      </trkpt>
      <trkpt lat="35.7553413324058055877685546875" lon="139.53182724304497241973876953125">
        <ele>47.40000152587890625</ele>
        <time>2026-09-01T22:31:05.000Z</time>
        <extensions>
          <ns3:TrackPointExtension>
            <ns3:hr>155</ns3:hr>
            <ns3:cad>84</ns3:cad>
          </ns3:TrackPointExtension>
        </extensions>
      </trkpt>
      <trkpt lat="35.7553530670702457427978515625" lon="139.5318450964987277984619140625">
        <ele>47.40000152587890625</ele>
        <time>2026-09-01T22:31:06.000Z</time>
        <extensions>
          <ns3:TrackPointExtension>
            <ns3:hr>155</ns3:hr>
            <ns3:cad>84</ns3:cad>
          </ns3:TrackPointExtension>
        </extensions>
      </trkpt>
      <trkpt lat="35.7553664781153202056884765625" lon="139.5318685658276081085205078125">
        <ele>47.40000152587890625</ele>
        <time>2026-09-01T22:31:07.000Z</time>
        <extensions>
          <ns3:TrackPointExtension>
            <ns3:hr>155</ns3:hr>
            <ns3:cad>84</ns3:cad>
          </ns3:TrackPointExtension>
        </extensions>
      </trkpt>
      <trkpt lat="35.75537703931331634521484375" lon="139.53189144842326641082763671875">
        <ele>47.200000762939453125</ele>
        <time>2026-09-01T22:31:08.000Z</time>
        <extensions>
          <ns3:TrackPointExtension>
            <ns3:hr>155</ns3:hr>
            <ns3:cad>84</ns3:cad>
          </ns3:TrackPointExtension>
        </extensions>
      </trkpt>
      <trkpt lat="35.75539304874837398529052734375" lon="139.53191198408603668212890625">
        <ele>47.200000762939453125</ele>
        <time>2026-09-01T22:31:09.000Z</time>
        <extensions>
          <ns3:TrackPointExtension>
            <ns3:hr>155</ns3:hr>
            <ns3:cad>84</ns3:cad>
          </ns3:TrackPointExtension>
        </extensions>
      </trkpt>
      <trkpt lat="35.75541601516306400299072265625" lon="139.5319329388439655303955078125">
        <ele>47.40000152587890625</ele>
        <time>2026-09-01T22:31:10.000Z</time>
        <extensions>
          <ns3:TrackPointExtension>
            <ns3:hr>155</ns3:hr>
            <ns3:cad>84</ns3:cad>
          </ns3:TrackPointExtension>
        </extensions>
      </trkpt>
      <trkpt lat="35.7554204575717449188232421875" lon="139.53195833601057529449462890625">
        <ele>47.40000152587890625</ele>
        <time>2026-09-01T22:31:11.000Z</time>
        <extensions>
          <ns3:TrackPointExtension>
            <ns3:hr>155</ns3:hr>
            <ns3:cad>84</ns3:cad>
          </ns3:TrackPointExtension>
        </extensions>
      </trkpt>
      <trkpt lat="35.75543143786489963531494140625" lon="139.531982727348804473876953125">
        <ele>47.40000152587890625</ele>
        <time>2026-09-01T22:31:12.000Z</time>
        <extensions>
          <ns3:TrackPointExtension>
            <ns3:hr>154</ns3:hr>
            <ns3:cad>84</ns3:cad>
          </ns3:TrackPointExtension>
        </extensions>
      </trkpt>
      <trkpt lat="35.755439065396785736083984375" lon="139.53200460411608219146728515625">
        <ele>47.40000152587890625</ele>
        <time>2026-09-01T22:31:13.000Z</time>
        <extensions>
          <ns3:TrackPointExtension>
            <ns3:hr>153</ns3:hr>
            <ns3:cad>84</ns3:cad>
          </ns3:TrackPointExtension>
        </extensions>
      </trkpt>
      <trkpt lat="35.75544769875705242156982421875" lon="139.532023631036281585693359375">
        <ele>47.40000152587890625</ele>
        <time>2026-09-01T22:31:14.000Z</time>
        <extensions>
          <ns3:TrackPointExtension>
            <ns3:hr>153</ns3:hr>
            <ns3:cad>84</ns3:cad>
          </ns3:TrackPointExtension>
        </extensions>
      </trkpt>
      <trkpt lat="35.75545993633568286895751953125" lon="139.5320425741374492645263671875">
        <ele>47.40000152587890625</ele>
        <time>2026-09-01T22:31:15.000Z</time>
        <extensions>
          <ns3:TrackPointExtension>
            <ns3:hr>153</ns3:hr>
            <ns3:cad>84</ns3:cad>
          </ns3:TrackPointExtension>
        </extensions>
      </trkpt>
      <trkpt lat="35.75547787360846996307373046875" lon="139.5320623554289340972900390625">
        <ele>47.40000152587890625</ele>
        <time>2026-09-01T22:31:16.000Z</time>
        <extensions>
          <ns3:TrackPointExtension>
            <ns3:hr>152</ns3:hr>
            <ns3:cad>84</ns3:cad>
          </ns3:TrackPointExtension>
        </extensions>
      </trkpt>
      <trkpt lat="35.75548700988292694091796875" lon="139.53208364546298980712890625">
        <ele>47.40000152587890625</ele>
        <time>2026-09-01T22:31:17.000Z</time>
        <extensions>
          <ns3:TrackPointExtension>
            <ns3:hr>152</ns3:hr>
            <ns3:cad>84</ns3:cad>
          </ns3:TrackPointExtension>
        </extensions>
      </trkpt>
      <trkpt lat="35.75549765489995479583740234375" lon="139.53210376203060150146484375">
        <ele>47.200000762939453125</ele>
        <time>2026-09-01T22:31:18.000Z</time>
        <extensions>
          <ns3:TrackPointExtension>
            <ns3:hr>152</ns3:hr>
            <ns3:cad>84</ns3:cad>
          </ns3:TrackPointExtension>
        </extensions>
      </trkpt>
      <trkpt lat="35.755508802831172943115234375" lon="139.53212530352175235748291015625">
        <ele>47.200000762939453125</ele>
        <time>2026-09-01T22:31:19.000Z</time>
        <extensions>
          <ns3:TrackPointExtension>
            <ns3:hr>151</ns3:hr>
            <ns3:cad>85</ns3:cad>
          </ns3:TrackPointExtension>
        </extensions>
      </trkpt>
      <trkpt lat="35.7555190287530422210693359375" lon="139.53214525245130062103271484375">
        <ele>47.200000762939453125</ele>
        <time>2026-09-01T22:31:20.000Z</time>
        <extensions>
          <ns3:TrackPointExtension>
            <ns3:hr>151</ns3:hr>
            <ns3:cad>85</ns3:cad>
          </ns3:TrackPointExtension>
        </extensions>
      </trkpt>
      <trkpt lat="35.75552590191364288330078125" lon="139.53216838650405406951904296875">
        <ele>47.40000152587890625</ele>
        <time>2026-09-01T22:31:21.000Z</time>
        <extensions>
          <ns3:TrackPointExtension>
            <ns3:hr>150</ns3:hr>
            <ns3:cad>85</ns3:cad>
          </ns3:TrackPointExtension>
        </extensions>
      </trkpt>
      <trkpt lat="35.75553202070295810699462890625" lon="139.532189257442951202392578125">
        <ele>47.40000152587890625</ele>
        <time>2026-09-01T22:31:22.000Z</time>
        <extensions>
          <ns3:TrackPointExtension>
            <ns3:hr>150</ns3:hr>
            <ns3:cad>85</ns3:cad>
          </ns3:TrackPointExtension>
        </extensions>
      </trkpt>
      <trkpt lat="35.7555431686341762542724609375" lon="139.53221029601991176605224609375">
        <ele>47.40000152587890625</ele>
        <time>2026-09-01T22:31:23.000Z</time>
        <extensions>
          <ns3:TrackPointExtension>
            <ns3:hr>149</ns3:hr>
            <ns3:cad>85</ns3:cad>
          </ns3:TrackPointExtension>
        </extensions>
      </trkpt>
      <trkpt lat="35.75555666349828243255615234375" lon="139.53222907148301601409912109375">
        <ele>47.40000152587890625</ele>
        <time>2026-09-01T22:31:24.000Z</time>
        <extensions>
          <ns3:TrackPointExtension>
            <ns3:hr>149</ns3:hr>
            <ns3:cad>85</ns3:cad>
          </ns3:TrackPointExtension>
        </extensions>
      </trkpt>
      <trkpt lat="35.75557376258075237274169921875" lon="139.53224834986031055450439453125">
        <ele>47.200000762939453125</ele>
        <time>2026-09-01T22:31:25.000Z</time>
        <extensions>
          <ns3:TrackPointExtension>
            <ns3:hr>148</ns3:hr>
            <ns3:cad>85</ns3:cad>
          </ns3:TrackPointExtension>
        </extensions>
      </trkpt>
      <trkpt lat="35.7555867545306682586669921875" lon="139.53226913698017597198486328125">
        <ele>47.200000762939453125</ele>
        <time>2026-09-01T22:31:26.000Z</time>
        <extensions>
          <ns3:TrackPointExtension>
            <ns3:hr>147</ns3:hr>
            <ns3:cad>85</ns3:cad>
          </ns3:TrackPointExtension>
        </extensions>
      </trkpt>
      <trkpt lat="35.7555971480906009674072265625" lon="139.53229017555713653564453125">
        <ele>47.200000762939453125</ele>
        <time>2026-09-01T22:31:27.000Z</time>
        <extensions>
          <ns3:TrackPointExtension>
            <ns3:hr>146</ns3:hr>
            <ns3:cad>85</ns3:cad>
          </ns3:TrackPointExtension>
        </extensions>
      </trkpt>
      <trkpt lat="35.7556072063744068145751953125" lon="139.5323131419718265533447265625">
        <ele>47.200000762939453125</ele>
        <time>2026-09-01T22:31:28.000Z</time>
        <extensions>
          <ns3:TrackPointExtension>
            <ns3:hr>146</ns3:hr>
            <ns3:cad>85</ns3:cad>
          </ns3:TrackPointExtension>
        </extensions>
      </trkpt>
      <trkpt lat="35.7556175999343395233154296875" lon="139.5323339290916919708251953125">
        <ele>47.200000762939453125</ele>
        <time>2026-09-01T22:31:29.000Z</time>
        <extensions>
          <ns3:TrackPointExtension>
            <ns3:hr>145</ns3:hr>
            <ns3:cad>85</ns3:cad>
          </ns3:TrackPointExtension>
        </extensions>
      </trkpt>
      <trkpt lat="35.75562438927590847015380859375" lon="139.5323525369167327880859375">
        <ele>47.200000762939453125</ele>
        <time>2026-09-01T22:31:30.000Z</time>
        <extensions>
          <ns3:TrackPointExtension>
            <ns3:hr>145</ns3:hr>
            <ns3:cad>85</ns3:cad>
          </ns3:TrackPointExtension>
        </extensions>
      </trkpt>
      <trkpt lat="35.7556353695690631866455078125" lon="139.5323738269507884979248046875">
        <ele>47.200000762939453125</ele>
        <time>2026-09-01T22:31:31.000Z</time>
        <extensions>
          <ns3:TrackPointExtension>
            <ns3:hr>145</ns3:hr>
            <ns3:cad>85</ns3:cad>
          </ns3:TrackPointExtension>
        </extensions>
      </trkpt>
      <trkpt lat="35.755645930767059326171875" lon="139.53239603899419307708740234375">
        <ele>47.200000762939453125</ele>
        <time>2026-09-01T22:31:32.000Z</time>
        <extensions>
          <ns3:TrackPointExtension>
            <ns3:hr>146</ns3:hr>
            <ns3:cad>85</ns3:cad>
          </ns3:TrackPointExtension>
        </extensions>
      </trkpt>
      <trkpt lat="35.7556581683456897735595703125" lon="139.532418586313724517822265625">
        <ele>47.200000762939453125</ele>
        <time>2026-09-01T22:31:33.000Z</time>
        <extensions>
          <ns3:TrackPointExtension>
            <ns3:hr>146</ns3:hr>
            <ns3:cad>85</ns3:cad>
          </ns3:TrackPointExtension>
        </extensions>
      </trkpt>
      <trkpt lat="35.755668394267559051513671875" lon="139.532436691224575042724609375">
        <ele>47.200000762939453125</ele>
        <time>2026-09-01T22:31:34.000Z</time>
        <extensions>
          <ns3:TrackPointExtension>
            <ns3:hr>146</ns3:hr>
            <ns3:cad>85</ns3:cad>
          </ns3:TrackPointExtension>
        </extensions>
      </trkpt>
      <trkpt lat="35.75567970983684062957763671875" lon="139.53245705924928188323974609375">
        <ele>47.200000762939453125</ele>
        <time>2026-09-01T22:31:35.000Z</time>
        <extensions>
          <ns3:TrackPointExtension>
            <ns3:hr>147</ns3:hr>
            <ns3:cad>85</ns3:cad>
          </ns3:TrackPointExtension>
        </extensions>
      </trkpt>
      <trkpt lat="35.75568809174001216888427734375" lon="139.5324791036546230316162109375">
        <ele>47.200000762939453125</ele>
        <time>2026-09-01T22:31:36.000Z</time>
        <extensions>
          <ns3:TrackPointExtension>
            <ns3:hr>148</ns3:hr>
            <ns3:cad>84</ns3:cad>
          </ns3:TrackPointExtension>
        </extensions>
      </trkpt>
      <trkpt lat="35.7556953839957714080810546875" lon="139.53249896876513957977294921875">
        <ele>47.200000762939453125</ele>
        <time>2026-09-01T22:31:37.000Z</time>
        <extensions>
          <ns3:TrackPointExtension>
            <ns3:hr>147</ns3:hr>
            <ns3:cad>84</ns3:cad>
          </ns3:TrackPointExtension>
        </extensions>
      </trkpt>
      <trkpt lat="35.755705945193767547607421875" lon="139.53251950442790985107421875">
        <ele>47.200000762939453125</ele>
        <time>2026-09-01T22:31:38.000Z</time>
        <extensions>
          <ns3:TrackPointExtension>
            <ns3:hr>148</ns3:hr>
            <ns3:cad>84</ns3:cad>
          </ns3:TrackPointExtension>
        </extensions>
      </trkpt>
      <trkpt lat="35.75571692548692226409912109375" lon="139.5325401239097118377685546875">
        <ele>47.200000762939453125</ele>
        <time>2026-09-01T22:31:39.000Z</time>
        <extensions>
          <ns3:TrackPointExtension>
            <ns3:hr>148</ns3:hr>
            <ns3:cad>84</ns3:cad>
          </ns3:TrackPointExtension>
        </extensions>
      </trkpt>
      <trkpt lat="35.7557265646755695343017578125" lon="139.5325582288205623626708984375">
        <ele>47.200000762939453125</ele>
        <time>2026-09-01T22:31:40.000Z</time>
        <extensions>
          <ns3:TrackPointExtension>
            <ns3:hr>148</ns3:hr>
            <ns3:cad>83</ns3:cad>
          </ns3:TrackPointExtension>
        </extensions>
      </trkpt>
      <trkpt lat="35.75573670677840709686279296875" lon="139.5325778424739837646484375">
        <ele>47.200000762939453125</ele>
        <time>2026-09-01T22:31:41.000Z</time>
        <extensions>
          <ns3:TrackPointExtension>
            <ns3:hr>148</ns3:hr>
            <ns3:cad>83</ns3:cad>
          </ns3:TrackPointExtension>
        </extensions>
      </trkpt>
      <trkpt lat="35.755746848881244659423828125" lon="139.53259821049869060516357421875">
        <ele>47.200000762939453125</ele>
        <time>2026-09-01T22:31:42.000Z</time>
        <extensions>
          <ns3:TrackPointExtension>
            <ns3:hr>147</ns3:hr>
            <ns3:cad>84</ns3:cad>
          </ns3:TrackPointExtension>
        </extensions>
      </trkpt>
      <trkpt lat="35.75575657188892364501953125" lon="139.53262067399919033050537109375">
        <ele>47.200000762939453125</ele>
        <time>2026-09-01T22:31:43.000Z</time>
        <extensions>
          <ns3:TrackPointExtension>
            <ns3:hr>147</ns3:hr>
            <ns3:cad>84</ns3:cad>
          </ns3:TrackPointExtension>
        </extensions>
      </trkpt>
      <trkpt lat="35.75576688162982463836669921875" lon="139.53264364041388034820556640625">
        <ele>47.200000762939453125</ele>
        <time>2026-09-01T22:31:44.000Z</time>
        <extensions>
          <ns3:TrackPointExtension>
            <ns3:hr>146</ns3:hr>
            <ns3:cad>84</ns3:cad>
          </ns3:TrackPointExtension>
        </extensions>
      </trkpt>
      <trkpt lat="35.755779035389423370361328125" lon="139.532667361199855804443359375">
        <ele>47.200000762939453125</ele>
        <time>2026-09-01T22:31:45.000Z</time>
        <extensions>
          <ns3:TrackPointExtension>
            <ns3:hr>146</ns3:hr>
            <ns3:cad>85</ns3:cad>
          </ns3:TrackPointExtension>
        </extensions>
      </trkpt>
      <trkpt lat="35.75578498654067516326904296875" lon="139.53269124962389469146728515625">
        <ele>47.200000762939453125</ele>
        <time>2026-09-01T22:31:46.000Z</time>
        <extensions>
          <ns3:TrackPointExtension>
            <ns3:hr>145</ns3:hr>
            <ns3:cad>85</ns3:cad>
          </ns3:TrackPointExtension>
        </extensions>
      </trkpt>
      <trkpt lat="35.75579320080578327178955078125" lon="139.53271371312439441680908203125">
        <ele>47.200000762939453125</ele>
        <time>2026-09-01T22:31:47.000Z</time>
        <extensions>
          <ns3:TrackPointExtension>
            <ns3:hr>145</ns3:hr>
            <ns3:cad>85</ns3:cad>
          </ns3:TrackPointExtension>
        </extensions>
      </trkpt>
      <trkpt lat="35.75580040924251079559326171875" lon="139.53273399733006954193115234375">
        <ele>47.200000762939453125</ele>
        <time>2026-09-01T22:31:48.000Z</time>
        <extensions>
          <ns3:TrackPointExtension>
            <ns3:hr>145</ns3:hr>
            <ns3:cad>85</ns3:cad>
          </ns3:TrackPointExtension>
        </extensions>
      </trkpt>
      <trkpt lat="35.75580761767923831939697265625" lon="139.5327533595263957977294921875">
        <ele>47.200000762939453125</ele>
        <time>2026-09-01T22:31:49.000Z</time>
        <extensions>
          <ns3:TrackPointExtension>
            <ns3:hr>146</ns3:hr>
            <ns3:cad>85</ns3:cad>
          </ns3:TrackPointExtension>
        </extensions>
      </trkpt>
      <trkpt lat="35.75581331737339496612548828125" lon="139.53277372755110263824462890625">
        <ele>47.200000762939453125</ele>
        <time>2026-09-01T22:31:50.000Z</time>
        <extensions>
          <ns3:TrackPointExtension>
            <ns3:hr>146</ns3:hr>
            <ns3:cad>84</ns3:cad>
          </ns3:TrackPointExtension>
        </extensions>
      </trkpt>
      <trkpt lat="35.755815245211124420166015625" lon="139.5327959395945072174072265625">
        <ele>47.200000762939453125</ele>
        <time>2026-09-01T22:31:51.000Z</time>
        <extensions>
          <ns3:TrackPointExtension>
            <ns3:hr>146</ns3:hr>
            <ns3:cad>84</ns3:cad>
          </ns3:TrackPointExtension>
        </extensions>
      </trkpt>
      <trkpt lat="35.7558180950582027435302734375" lon="139.532816894352436065673828125">
        <ele>47.200000762939453125</ele>
        <time>2026-09-01T22:31:52.000Z</time>
        <extensions>
          <ns3:TrackPointExtension>
            <ns3:hr>145</ns3:hr>
            <ns3:cad>84</ns3:cad>
          </ns3:TrackPointExtension>
        </extensions>
      </trkpt>
      <trkpt lat="35.75582186691462993621826171875" lon="139.53283843584358692169189453125">
        <ele>47.200000762939453125</ele>
        <time>2026-09-01T22:31:53.000Z</time>
        <extensions>
          <ns3:TrackPointExtension>
            <ns3:hr>145</ns3:hr>
            <ns3:cad>84</ns3:cad>
          </ns3:TrackPointExtension>
        </extensions>
      </trkpt>
      <trkpt lat="35.7558294944465160369873046875" lon="139.53285972587764263153076171875">
        <ele>47.200000762939453125</ele>
        <time>2026-09-01T22:31:54.000Z</time>
        <extensions>
          <ns3:TrackPointExtension>
            <ns3:hr>145</ns3:hr>
            <ns3:cad>84</ns3:cad>
          </ns3:TrackPointExtension>
        </extensions>
      </trkpt>
      <trkpt lat="35.75584248639643192291259765625" lon="139.5328824408352375030517578125">
        <ele>47.200000762939453125</ele>
        <time>2026-09-01T22:31:55.000Z</time>
        <extensions>
          <ns3:TrackPointExtension>
            <ns3:hr>144</ns3:hr>
            <ns3:cad>84</ns3:cad>
          </ns3:TrackPointExtension>
        </extensions>
      </trkpt>
      <trkpt lat="35.75584902428090572357177734375" lon="139.532906077802181243896484375">
        <ele>47.200000762939453125</ele>
        <time>2026-09-01T22:31:56.000Z</time>
        <extensions>
          <ns3:TrackPointExtension>
            <ns3:hr>144</ns3:hr>
            <ns3:cad>84</ns3:cad>
          </ns3:TrackPointExtension>
        </extensions>
      </trkpt>
      <trkpt lat="35.7558556459844112396240234375" lon="139.53292460180819034576416015625">
        <ele>47.200000762939453125</ele>
        <time>2026-09-01T22:31:57.000Z</time>
        <extensions>
          <ns3:TrackPointExtension>
            <ns3:hr>142</ns3:hr>
            <ns3:cad>84</ns3:cad>
          </ns3:TrackPointExtension>
        </extensions>
      </trkpt>
      <trkpt lat="35.7558616809546947479248046875" lon="139.5329558663070201873779296875">
        <ele>47</ele>
        <time>2026-09-01T22:31:58.000Z</time>
        <extensions>
          <ns3:TrackPointExtension>
            <ns3:hr>142</ns3:hr>
            <ns3:cad>83</ns3:cad>
          </ns3:TrackPointExtension>
        </extensions>
      </trkpt>
      <trkpt lat="35.755869559943675994873046875" lon="139.532977826893329620361328125">
        <ele>47</ele>
        <time>2026-09-01T22:31:59.000Z</time>
        <extensions>
          <ns3:TrackPointExtension>
            <ns3:hr>143</ns3:hr>
            <ns3:cad>82</ns3:cad>
          </ns3:TrackPointExtension>
        </extensions>
      </trkpt>
      <trkpt lat="35.755874924361705780029296875" lon="139.5330068282783031463623046875">
        <ele>47.200000762939453125</ele>
        <time>2026-09-01T22:32:00.000Z</time>
        <extensions>
          <ns3:TrackPointExtension>
            <ns3:hr>143</ns3:hr>
            <ns3:cad>82</ns3:cad>
          </ns3:TrackPointExtension>
        </extensions>
      </trkpt>
      <trkpt lat="35.7558784447610378265380859375" lon="139.533034153282642364501953125">
        <ele>47.200000762939453125</ele>
        <time>2026-09-01T22:32:01.000Z</time>
        <extensions>
          <ns3:TrackPointExtension>
            <ns3:hr>143</ns3:hr>
            <ns3:cad>82</ns3:cad>
          </ns3:TrackPointExtension>
        </extensions>
      </trkpt>
      <trkpt lat="35.75588506646454334259033203125" lon="139.5330571196973323822021484375">
        <ele>47.200000762939453125</ele>
        <time>2026-09-01T22:32:02.000Z</time>
        <extensions>
          <ns3:TrackPointExtension>
            <ns3:hr>143</ns3:hr>
            <ns3:cad>84</ns3:cad>
          </ns3:TrackPointExtension>
        </extensions>
      </trkpt>
      <trkpt lat="35.75589579530060291290283203125" lon="139.53308000229299068450927734375">
        <ele>47.200000762939453125</ele>
        <time>2026-09-01T22:32:03.000Z</time>
        <extensions>
          <ns3:TrackPointExtension>
            <ns3:hr>144</ns3:hr>
            <ns3:cad>84</ns3:cad>
          </ns3:TrackPointExtension>
        </extensions>
      </trkpt>
      <trkpt lat="35.7559049315750598907470703125" lon="139.5331030525267124176025390625">
        <ele>47.200000762939453125</ele>
        <time>2026-09-01T22:32:04.000Z</time>
        <extensions>
          <ns3:TrackPointExtension>
            <ns3:hr>144</ns3:hr>
            <ns3:cad>84</ns3:cad>
          </ns3:TrackPointExtension>
        </extensions>
      </trkpt>
      <trkpt lat="35.75591892935335636138916015625" lon="139.53313062898814678192138671875">
        <ele>47.200000762939453125</ele>
        <time>2026-09-01T22:32:05.000Z</time>
        <extensions>
          <ns3:TrackPointExtension>
            <ns3:hr>144</ns3:hr>
            <ns3:cad>84</ns3:cad>
          </ns3:TrackPointExtension>
        </extensions>
      </trkpt>
      <trkpt lat="35.75594172812998294830322265625" lon="139.53315393067896366119384765625">
        <ele>47.200000762939453125</ele>
        <time>2026-09-01T22:32:06.000Z</time>
        <extensions>
          <ns3:TrackPointExtension>
            <ns3:hr>143</ns3:hr>
            <ns3:cad>85</ns3:cad>
          </ns3:TrackPointExtension>
        </extensions>
      </trkpt>
      <trkpt lat="35.755959413945674896240234375" lon="139.53317488543689250946044921875">
        <ele>47.200000762939453125</ele>
        <time>2026-09-01T22:32:07.000Z</time>
        <extensions>
          <ns3:TrackPointExtension>
            <ns3:hr>143</ns3:hr>
            <ns3:cad>85</ns3:cad>
          </ns3:TrackPointExtension>
        </extensions>
      </trkpt>
      <trkpt lat="35.75596754439175128936767578125" lon="139.5331965945661067962646484375">
        <ele>47.200000762939453125</ele>
        <time>2026-09-01T22:32:08.000Z</time>
        <extensions>
          <ns3:TrackPointExtension>
            <ns3:hr>142</ns3:hr>
            <ns3:cad>86</ns3:cad>
          </ns3:TrackPointExtension>
        </extensions>
      </trkpt>
      <trkpt lat="35.75598455965518951416015625" lon="139.5332143642008304595947265625">
        <ele>47.200000762939453125</ele>
        <time>2026-09-01T22:32:09.000Z</time>
        <extensions>
          <ns3:TrackPointExtension>
            <ns3:hr>142</ns3:hr>
            <ns3:cad>86</ns3:cad>
          </ns3:TrackPointExtension>
        </extensions>
      </trkpt>
      <trkpt lat="35.7559957914054393768310546875" lon="139.53323640860617160797119140625">
        <ele>47.200000762939453125</ele>
        <time>2026-09-01T22:32:10.000Z</time>
        <extensions>
          <ns3:TrackPointExtension>
            <ns3:hr>142</ns3:hr>
            <ns3:cad>86</ns3:cad>
          </ns3:TrackPointExtension>
        </extensions>
      </trkpt>
      <trkpt lat="35.756008364260196685791015625" lon="139.5332589559257030487060546875">
        <ele>47</ele>
        <time>2026-09-01T22:32:11.000Z</time>
        <extensions>
          <ns3:TrackPointExtension>
            <ns3:hr>142</ns3:hr>
            <ns3:cad>86</ns3:cad>
          </ns3:TrackPointExtension>
        </extensions>
      </trkpt>
      <trkpt lat="35.75602420605719089508056640625" lon="139.53328200615942478179931640625">
        <ele>47</ele>
        <time>2026-09-01T22:32:12.000Z</time>
        <extensions>
          <ns3:TrackPointExtension>
            <ns3:hr>142</ns3:hr>
            <ns3:cad>86</ns3:cad>
          </ns3:TrackPointExtension>
        </extensions>
      </trkpt>
      <trkpt lat="35.75603258796036243438720703125" lon="139.5333100855350494384765625">
        <ele>47</ele>
        <time>2026-09-01T22:32:13.000Z</time>
        <extensions>
          <ns3:TrackPointExtension>
            <ns3:hr>143</ns3:hr>
            <ns3:cad>86</ns3:cad>
          </ns3:TrackPointExtension>
        </extensions>
      </trkpt>
      <trkpt lat="35.75604834593832492828369140625" lon="139.53333196230232715606689453125">
        <ele>47</ele>
        <time>2026-09-01T22:32:14.000Z</time>
        <extensions>
          <ns3:TrackPointExtension>
            <ns3:hr>143</ns3:hr>
            <ns3:cad>85</ns3:cad>
          </ns3:TrackPointExtension>
        </extensions>
      </trkpt>
      <trkpt lat="35.75606276281177997589111328125" lon="139.53335325233638286590576171875">
        <ele>47.200000762939453125</ele>
        <time>2026-09-01T22:32:15.000Z</time>
        <extensions>
          <ns3:TrackPointExtension>
            <ns3:hr>144</ns3:hr>
            <ns3:cad>85</ns3:cad>
          </ns3:TrackPointExtension>
        </extensions>
      </trkpt>
      <trkpt lat="35.75607198290526866912841796875" lon="139.53337253071367740631103515625">
        <ele>47</ele>
        <time>2026-09-01T22:32:16.000Z</time>
        <extensions>
          <ns3:TrackPointExtension>
            <ns3:hr>145</ns3:hr>
            <ns3:cad>86</ns3:cad>
          </ns3:TrackPointExtension>
        </extensions>
      </trkpt>
      <trkpt lat="35.75608053244650363922119140625" lon="139.533402957022190093994140625">
        <ele>47</ele>
        <time>2026-09-01T22:32:17.000Z</time>
        <extensions>
          <ns3:TrackPointExtension>
            <ns3:hr>146</ns3:hr>
            <ns3:cad>86</ns3:cad>
          </ns3:TrackPointExtension>
        </extensions>
      </trkpt>
      <trkpt lat="35.756088159978389739990234375" lon="139.5334292761981487274169921875">
        <ele>47</ele>
        <time>2026-09-01T22:32:18.000Z</time>
        <extensions>
          <ns3:TrackPointExtension>
            <ns3:hr>147</ns3:hr>
            <ns3:cad>86</ns3:cad>
          </ns3:TrackPointExtension>
        </extensions>
      </trkpt>
      <trkpt lat="35.75610148720443248748779296875" lon="139.5334537513554096221923828125">
        <ele>47</ele>
        <time>2026-09-01T22:32:19.000Z</time>
        <extensions>
          <ns3:TrackPointExtension>
            <ns3:hr>147</ns3:hr>
            <ns3:cad>86</ns3:cad>
          </ns3:TrackPointExtension>
        </extensions>
      </trkpt>
      <trkpt lat="35.756110958755016326904296875" lon="139.53347931616008281707763671875">
        <ele>47</ele>
        <time>2026-09-01T22:32:20.000Z</time>
        <extensions>
          <ns3:TrackPointExtension>
            <ns3:hr>147</ns3:hr>
            <ns3:cad>86</ns3:cad>
          </ns3:TrackPointExtension>
        </extensions>
      </trkpt>
      <trkpt lat="35.75611590407788753509521484375" lon="139.5335073955357074737548828125">
        <ele>47</ele>
        <time>2026-09-01T22:32:21.000Z</time>
        <extensions>
          <ns3:TrackPointExtension>
            <ns3:hr>147</ns3:hr>
            <ns3:cad>86</ns3:cad>
          </ns3:TrackPointExtension>
        </extensions>
      </trkpt>
      <trkpt lat="35.75612110085785388946533203125" lon="139.53353228978812694549560546875">
        <ele>47</ele>
        <time>2026-09-01T22:32:22.000Z</time>
        <extensions>
          <ns3:TrackPointExtension>
            <ns3:hr>147</ns3:hr>
            <ns3:cad>86</ns3:cad>
          </ns3:TrackPointExtension>
        </extensions>
      </trkpt>
      <trkpt lat="35.75612579472362995147705078125" lon="139.5335570164024829864501953125">
        <ele>47</ele>
        <time>2026-09-01T22:32:23.000Z</time>
        <extensions>
          <ns3:TrackPointExtension>
            <ns3:hr>147</ns3:hr>
            <ns3:cad>86</ns3:cad>
          </ns3:TrackPointExtension>
        </extensions>
      </trkpt>
      <trkpt lat="35.75613451190292835235595703125" lon="139.5335801504552364349365234375">
        <ele>47</ele>
        <time>2026-09-01T22:32:24.000Z</time>
        <extensions>
          <ns3:TrackPointExtension>
            <ns3:hr>146</ns3:hr>
            <ns3:cad>85</ns3:cad>
          </ns3:TrackPointExtension>
        </extensions>
      </trkpt>
      <trkpt lat="35.75614222325384616851806640625" lon="139.533603452146053314208984375">
        <ele>47</ele>
        <time>2026-09-01T22:32:25.000Z</time>
        <extensions>
          <ns3:TrackPointExtension>
            <ns3:hr>146</ns3:hr>
            <ns3:cad>85</ns3:cad>
          </ns3:TrackPointExtension>
        </extensions>
      </trkpt>
      <trkpt lat="35.756147839128971099853515625" lon="139.53361895866692066192626953125">
        <ele>47.200000762939453125</ele>
        <time>2026-09-01T22:32:26.000Z</time>
        <extensions>
          <ns3:TrackPointExtension>
            <ns3:hr>146</ns3:hr>
            <ns3:cad>85</ns3:cad>
          </ns3:TrackPointExtension>
        </extensions>
      </trkpt>
      <trkpt lat="35.75615831650793552398681640625" lon="139.53364125452935695648193359375">
        <ele>47.200000762939453125</ele>
        <time>2026-09-01T22:32:27.000Z</time>
        <extensions>
          <ns3:TrackPointExtension>
            <ns3:hr>145</ns3:hr>
            <ns3:cad>85</ns3:cad>
          </ns3:TrackPointExtension>
        </extensions>
      </trkpt>
      <trkpt lat="35.756165944039821624755859375" lon="139.5336596108973026275634765625">
        <ele>47.200000762939453125</ele>
        <time>2026-09-01T22:32:28.000Z</time>
        <extensions>
          <ns3:TrackPointExtension>
            <ns3:hr>145</ns3:hr>
            <ns3:cad>84</ns3:cad>
          </ns3:TrackPointExtension>
        </extensions>
      </trkpt>
      <trkpt lat="35.75617910362780094146728515625" lon="139.533682577311992645263671875">
        <ele>47.40000152587890625</ele>
        <time>2026-09-01T22:32:29.000Z</time>
        <extensions>
          <ns3:TrackPointExtension>
            <ns3:hr>144</ns3:hr>
            <ns3:cad>84</ns3:cad>
          </ns3:TrackPointExtension>
        </extensions>
      </trkpt>
      <trkpt lat="35.756191425025463104248046875" lon="139.53370101749897003173828125">
        <ele>47.40000152587890625</ele>
        <time>2026-09-01T22:32:30.000Z</time>
        <extensions>
          <ns3:TrackPointExtension>
            <ns3:hr>144</ns3:hr>
            <ns3:cad>84</ns3:cad>
          </ns3:TrackPointExtension>
        </extensions>
      </trkpt>
      <trkpt lat="35.75620542280375957489013671875" lon="139.533721469342708587646484375">
        <ele>47.59999847412109375</ele>
        <time>2026-09-01T22:32:31.000Z</time>
        <extensions>
          <ns3:TrackPointExtension>
            <ns3:hr>143</ns3:hr>
            <ns3:cad>83</ns3:cad>
          </ns3:TrackPointExtension>
        </extensions>
      </trkpt>
      <trkpt lat="35.756215564906597137451171875" lon="139.5337427593767642974853515625">
        <ele>47.59999847412109375</ele>
        <time>2026-09-01T22:32:32.000Z</time>
        <extensions>
          <ns3:TrackPointExtension>
            <ns3:hr>143</ns3:hr>
            <ns3:cad>83</ns3:cad>
          </ns3:TrackPointExtension>
        </extensions>
      </trkpt>
      <trkpt lat="35.756224282085895538330078125" lon="139.53376471996307373046875">
        <ele>47.59999847412109375</ele>
        <time>2026-09-01T22:32:33.000Z</time>
        <extensions>
          <ns3:TrackPointExtension>
            <ns3:hr>143</ns3:hr>
            <ns3:cad>83</ns3:cad>
          </ns3:TrackPointExtension>
        </extensions>
      </trkpt>
      <trkpt lat="35.7562319934368133544921875" lon="139.5337839983403682708740234375">
        <ele>47.59999847412109375</ele>
        <time>2026-09-01T22:32:34.000Z</time>
        <extensions>
          <ns3:TrackPointExtension>
            <ns3:hr>143</ns3:hr>
            <ns3:cad>83</ns3:cad>
          </ns3:TrackPointExtension>
        </extensions>
      </trkpt>
      <trkpt lat="35.7562454044818878173828125" lon="139.5338114909827709197998046875">
        <ele>47.40000152587890625</ele>
        <time>2026-09-01T22:32:35.000Z</time>
        <extensions>
          <ns3:TrackPointExtension>
            <ns3:hr>143</ns3:hr>
            <ns3:cad>83</ns3:cad>
          </ns3:TrackPointExtension>
        </extensions>
      </trkpt>
      <trkpt lat="35.75625638477504253387451171875" lon="139.53383353538811206817626953125">
        <ele>47.40000152587890625</ele>
        <time>2026-09-01T22:32:36.000Z</time>
        <extensions>
          <ns3:TrackPointExtension>
            <ns3:hr>143</ns3:hr>
            <ns3:cad>83</ns3:cad>
          </ns3:TrackPointExtension>
        </extensions>
      </trkpt>
      <trkpt lat="35.75626996345818042755126953125" lon="139.533853232860565185546875">
        <ele>47.200000762939453125</ele>
        <time>2026-09-01T22:32:37.000Z</time>
        <extensions>
          <ns3:TrackPointExtension>
            <ns3:hr>143</ns3:hr>
            <ns3:cad>84</ns3:cad>
          </ns3:TrackPointExtension>
        </extensions>
      </trkpt>
      <trkpt lat="35.75628354214131832122802734375" lon="139.53387536108493804931640625">
        <ele>47.200000762939453125</ele>
        <time>2026-09-01T22:32:38.000Z</time>
        <extensions>
          <ns3:TrackPointExtension>
            <ns3:hr>143</ns3:hr>
            <ns3:cad>84</ns3:cad>
          </ns3:TrackPointExtension>
        </extensions>
      </trkpt>
      <trkpt lat="35.75629745610058307647705078125" lon="139.53389639966189861297607421875">
        <ele>47</ele>
        <time>2026-09-01T22:32:39.000Z</time>
        <extensions>
          <ns3:TrackPointExtension>
            <ns3:hr>143</ns3:hr>
            <ns3:cad>84</ns3:cad>
          </ns3:TrackPointExtension>
        </extensions>
      </trkpt>
      <trkpt lat="35.7563052512705326080322265625" lon="139.53391559422016143798828125">
        <ele>47</ele>
        <time>2026-09-01T22:32:40.000Z</time>
        <extensions>
          <ns3:TrackPointExtension>
            <ns3:hr>143</ns3:hr>
            <ns3:cad>84</ns3:cad>
          </ns3:TrackPointExtension>
        </extensions>
      </trkpt>
      <trkpt lat="35.75632142834365367889404296875" lon="139.53393839299678802490234375">
        <ele>47</ele>
        <time>2026-09-01T22:32:41.000Z</time>
        <extensions>
          <ns3:TrackPointExtension>
            <ns3:hr>143</ns3:hr>
            <ns3:cad>84</ns3:cad>
          </ns3:TrackPointExtension>
        </extensions>
      </trkpt>
      <trkpt lat="35.756326876580715179443359375" lon="139.5339637063443660736083984375">
        <ele>47</ele>
        <time>2026-09-01T22:32:42.000Z</time>
        <extensions>
          <ns3:TrackPointExtension>
            <ns3:hr>144</ns3:hr>
            <ns3:cad>84</ns3:cad>
          </ns3:TrackPointExtension>
        </extensions>
      </trkpt>
      <trkpt lat="35.75633735395967960357666015625" lon="139.53399111516773700714111328125">
        <ele>47</ele>
        <time>2026-09-01T22:32:43.000Z</time>
        <extensions>
          <ns3:TrackPointExtension>
            <ns3:hr>144</ns3:hr>
            <ns3:cad>84</ns3:cad>
          </ns3:TrackPointExtension>
        </extensions>
      </trkpt>
      <trkpt lat="35.756345652043819427490234375" lon="139.53402078710496425628662109375">
        <ele>47</ele>
        <time>2026-09-01T22:32:44.000Z</time>
        <extensions>
          <ns3:TrackPointExtension>
            <ns3:hr>145</ns3:hr>
            <ns3:cad>85</ns3:cad>
          </ns3:TrackPointExtension>
        </extensions>
      </trkpt>
      <trkpt lat="35.75635738670825958251953125" lon="139.53404903411865234375">
        <ele>46.799999237060546875</ele>
        <time>2026-09-01T22:32:45.000Z</time>
        <extensions>
          <ns3:TrackPointExtension>
            <ns3:hr>146</ns3:hr>
            <ns3:cad>85</ns3:cad>
          </ns3:TrackPointExtension>
        </extensions>
      </trkpt>
      <trkpt lat="35.75637574307620525360107421875" lon="139.534074850380420684814453125">
        <ele>46.799999237060546875</ele>
        <time>2026-09-01T22:32:46.000Z</time>
        <extensions>
          <ns3:TrackPointExtension>
            <ns3:hr>146</ns3:hr>
            <ns3:cad>86</ns3:cad>
          </ns3:TrackPointExtension>
        </extensions>
      </trkpt>
      <trkpt lat="35.756387896835803985595703125" lon="139.53409605659544467926025390625">
        <ele>46.799999237060546875</ele>
        <time>2026-09-01T22:32:47.000Z</time>
        <extensions>
          <ns3:TrackPointExtension>
            <ns3:hr>146</ns3:hr>
            <ns3:cad>86</ns3:cad>
          </ns3:TrackPointExtension>
        </extensions>
      </trkpt>
      <trkpt lat="35.75640172697603702545166015625" lon="139.5341159217059612274169921875">
        <ele>46.799999237060546875</ele>
        <time>2026-09-01T22:32:48.000Z</time>
        <extensions>
          <ns3:TrackPointExtension>
            <ns3:hr>146</ns3:hr>
            <ns3:cad>85</ns3:cad>
          </ns3:TrackPointExtension>
        </extensions>
      </trkpt>
      <trkpt lat="35.7564175687730312347412109375" lon="139.53413846902549266815185546875">
        <ele>46.799999237060546875</ele>
        <time>2026-09-01T22:32:49.000Z</time>
        <extensions>
          <ns3:TrackPointExtension>
            <ns3:hr>146</ns3:hr>
            <ns3:cad>85</ns3:cad>
          </ns3:TrackPointExtension>
        </extensions>
      </trkpt>
      <trkpt lat="35.7564286328852176666259765625" lon="139.53416395001113414764404296875">
        <ele>46.799999237060546875</ele>
        <time>2026-09-01T22:32:50.000Z</time>
        <extensions>
          <ns3:TrackPointExtension>
            <ns3:hr>146</ns3:hr>
            <ns3:cad>84</ns3:cad>
          </ns3:TrackPointExtension>
        </extensions>
      </trkpt>
      <trkpt lat="35.7564353384077548980712890625" lon="139.53418725170195102691650390625">
        <ele>46.799999237060546875</ele>
        <time>2026-09-01T22:32:51.000Z</time>
        <extensions>
          <ns3:TrackPointExtension>
            <ns3:hr>147</ns3:hr>
            <ns3:cad>84</ns3:cad>
          </ns3:TrackPointExtension>
        </extensions>
      </trkpt>
      <trkpt lat="35.7564477436244487762451171875" lon="139.534209631383419036865234375">
        <ele>46.799999237060546875</ele>
        <time>2026-09-01T22:32:52.000Z</time>
        <extensions>
          <ns3:TrackPointExtension>
            <ns3:hr>147</ns3:hr>
            <ns3:cad>84</ns3:cad>
          </ns3:TrackPointExtension>
        </extensions>
      </trkpt>
      <trkpt lat="35.7564541138708591461181640625" lon="139.5342359505593776702880859375">
        <ele>46.799999237060546875</ele>
        <time>2026-09-01T22:32:53.000Z</time>
        <extensions>
          <ns3:TrackPointExtension>
            <ns3:hr>147</ns3:hr>
            <ns3:cad>85</ns3:cad>
          </ns3:TrackPointExtension>
        </extensions>
      </trkpt>
      <trkpt lat="35.75645872391760349273681640625" lon="139.53426151536405086517333984375">
        <ele>46.799999237060546875</ele>
        <time>2026-09-01T22:32:54.000Z</time>
        <extensions>
          <ns3:TrackPointExtension>
            <ns3:hr>147</ns3:hr>
            <ns3:cad>85</ns3:cad>
          </ns3:TrackPointExtension>
        </extensions>
      </trkpt>
      <trkpt lat="35.75646727345883846282958984375" lon="139.5342845655977725982666015625">
        <ele>46.799999237060546875</ele>
        <time>2026-09-01T22:32:55.000Z</time>
        <extensions>
          <ns3:TrackPointExtension>
            <ns3:hr>147</ns3:hr>
            <ns3:cad>86</ns3:cad>
          </ns3:TrackPointExtension>
        </extensions>
      </trkpt>
      <trkpt lat="35.75647314079105854034423828125" lon="139.53430510126054286956787109375">
        <ele>46.799999237060546875</ele>
        <time>2026-09-01T22:32:56.000Z</time>
        <extensions>
          <ns3:TrackPointExtension>
            <ns3:hr>147</ns3:hr>
            <ns3:cad>86</ns3:cad>
          </ns3:TrackPointExtension>
        </extensions>
      </trkpt>
      <trkpt lat="35.75648336671292781829833984375" lon="139.5343341864645481109619140625">
        <ele>46.799999237060546875</ele>
        <time>2026-09-01T22:32:57.000Z</time>
        <extensions>
          <ns3:TrackPointExtension>
            <ns3:hr>147</ns3:hr>
            <ns3:cad>86</ns3:cad>
          </ns3:TrackPointExtension>
        </extensions>
      </trkpt>
      <trkpt lat="35.75649040751159191131591796875" lon="139.53435773961246013641357421875">
        <ele>46.799999237060546875</ele>
        <time>2026-09-01T22:32:58.000Z</time>
        <extensions>
          <ns3:TrackPointExtension>
            <ns3:hr>147</ns3:hr>
            <ns3:cad>86</ns3:cad>
          </ns3:TrackPointExtension>
        </extensions>
      </trkpt>
      <trkpt lat="35.75650080107152462005615234375" lon="139.53437869437038898468017578125">
        <ele>46.799999237060546875</ele>
        <time>2026-09-01T22:32:59.000Z</time>
        <extensions>
          <ns3:TrackPointExtension>
            <ns3:hr>147</ns3:hr>
            <ns3:cad>86</ns3:cad>
          </ns3:TrackPointExtension>
        </extensions>
      </trkpt>
      <trkpt lat="35.75650893151760101318359375" lon="139.5344005711376667022705078125">
        <ele>46.799999237060546875</ele>
        <time>2026-09-01T22:33:00.000Z</time>
        <extensions>
          <ns3:TrackPointExtension>
            <ns3:hr>147</ns3:hr>
            <ns3:cad>85</ns3:cad>
          </ns3:TrackPointExtension>
        </extensions>
      </trkpt>
      <trkpt lat="35.75651857070624828338623046875" lon="139.5344226993620395660400390625">
        <ele>46.799999237060546875</ele>
        <time>2026-09-01T22:33:01.000Z</time>
        <extensions>
          <ns3:TrackPointExtension>
            <ns3:hr>146</ns3:hr>
            <ns3:cad>85</ns3:cad>
          </ns3:TrackPointExtension>
        </extensions>
      </trkpt>
      <trkpt lat="35.75652611441910266876220703125" lon="139.534447677433490753173828125">
        <ele>46.799999237060546875</ele>
        <time>2026-09-01T22:33:02.000Z</time>
        <extensions>
          <ns3:TrackPointExtension>
            <ns3:hr>146</ns3:hr>
            <ns3:cad>85</ns3:cad>
          </ns3:TrackPointExtension>
        </extensions>
      </trkpt>
      <trkpt lat="35.7565352506935596466064453125" lon="139.53447156585752964019775390625">
        <ele>46.799999237060546875</ele>
        <time>2026-09-01T22:33:03.000Z</time>
        <extensions>
          <ns3:TrackPointExtension>
            <ns3:hr>146</ns3:hr>
            <ns3:cad>84</ns3:cad>
          </ns3:TrackPointExtension>
        </extensions>
      </trkpt>
      <trkpt lat="35.7565513439476490020751953125" lon="139.53449235297739505767822265625">
        <ele>46.799999237060546875</ele>
        <time>2026-09-01T22:33:04.000Z</time>
        <extensions>
          <ns3:TrackPointExtension>
            <ns3:hr>146</ns3:hr>
            <ns3:cad>83</ns3:cad>
          </ns3:TrackPointExtension>
        </extensions>
      </trkpt>
      <trkpt lat="35.75656081549823284149169921875" lon="139.53451280482113361358642578125">
        <ele>46.799999237060546875</ele>
        <time>2026-09-01T22:33:05.000Z</time>
        <extensions>
          <ns3:TrackPointExtension>
            <ns3:hr>146</ns3:hr>
            <ns3:cad>83</ns3:cad>
          </ns3:TrackPointExtension>
        </extensions>
      </trkpt>
      <trkpt lat="35.7565724663436412811279296875" lon="139.53453107737004756927490234375">
        <ele>46.799999237060546875</ele>
        <time>2026-09-01T22:33:06.000Z</time>
        <extensions>
          <ns3:TrackPointExtension>
            <ns3:hr>146</ns3:hr>
            <ns3:cad>83</ns3:cad>
          </ns3:TrackPointExtension>
        </extensions>
      </trkpt>
      <trkpt lat="35.756583698093891143798828125" lon="139.53454884700477123260498046875">
        <ele>46.799999237060546875</ele>
        <time>2026-09-01T22:33:07.000Z</time>
        <extensions>
          <ns3:TrackPointExtension>
            <ns3:hr>145</ns3:hr>
            <ns3:cad>84</ns3:cad>
          </ns3:TrackPointExtension>
        </extensions>
      </trkpt>
      <trkpt lat="35.75659216381609439849853515625" lon="139.53456871211528778076171875">
        <ele>46.799999237060546875</ele>
        <time>2026-09-01T22:33:08.000Z</time>
        <extensions>
          <ns3:TrackPointExtension>
            <ns3:hr>145</ns3:hr>
            <ns3:cad>84</ns3:cad>
          </ns3:TrackPointExtension>
        </extensions>
      </trkpt>
      <trkpt lat="35.75660255737602710723876953125" lon="139.53459008596837520599365234375">
        <ele>46.59999847412109375</ele>
        <time>2026-09-01T22:33:09.000Z</time>
        <extensions>
          <ns3:TrackPointExtension>
            <ns3:hr>144</ns3:hr>
            <ns3:cad>85</ns3:cad>
          </ns3:TrackPointExtension>
        </extensions>
      </trkpt>
      <trkpt lat="35.75661362148821353912353515625" lon="139.53461271710693836212158203125">
        <ele>46.59999847412109375</ele>
        <time>2026-09-01T22:33:10.000Z</time>
        <extensions>
          <ns3:TrackPointExtension>
            <ns3:hr>144</ns3:hr>
            <ns3:cad>85</ns3:cad>
          </ns3:TrackPointExtension>
        </extensions>
      </trkpt>
      <trkpt lat="35.75662854127585887908935546875" lon="139.5346322469413280487060546875">
        <ele>46.59999847412109375</ele>
        <time>2026-09-01T22:33:11.000Z</time>
        <extensions>
          <ns3:TrackPointExtension>
            <ns3:hr>144</ns3:hr>
            <ns3:cad>85</ns3:cad>
          </ns3:TrackPointExtension>
        </extensions>
      </trkpt>
      <trkpt lat="35.75663960538804531097412109375" lon="139.53465362079441547393798828125">
        <ele>46.59999847412109375</ele>
        <time>2026-09-01T22:33:12.000Z</time>
        <extensions>
          <ns3:TrackPointExtension>
            <ns3:hr>144</ns3:hr>
            <ns3:cad>85</ns3:cad>
          </ns3:TrackPointExtension>
        </extensions>
      </trkpt>
      <trkpt lat="35.75665033422410488128662109375" lon="139.5346785150468349456787109375">
        <ele>46.59999847412109375</ele>
        <time>2026-09-01T22:33:13.000Z</time>
        <extensions>
          <ns3:TrackPointExtension>
            <ns3:hr>143</ns3:hr>
            <ns3:cad>85</ns3:cad>
          </ns3:TrackPointExtension>
        </extensions>
      </trkpt>
      <trkpt lat="35.7566646672785282135009765625" lon="139.53470424748957157135009765625">
        <ele>46.59999847412109375</ele>
        <time>2026-09-01T22:33:14.000Z</time>
        <extensions>
          <ns3:TrackPointExtension>
            <ns3:hr>143</ns3:hr>
            <ns3:cad>86</ns3:cad>
          </ns3:TrackPointExtension>
        </extensions>
      </trkpt>
      <trkpt lat="35.7566747255623340606689453125" lon="139.53472587279975414276123046875">
        <ele>46.59999847412109375</ele>
        <time>2026-09-01T22:33:15.000Z</time>
        <extensions>
          <ns3:TrackPointExtension>
            <ns3:hr>143</ns3:hr>
            <ns3:cad>85</ns3:cad>
          </ns3:TrackPointExtension>
        </extensions>
      </trkpt>
      <trkpt lat="35.75668402947485446929931640625" lon="139.5347432233393192291259765625">
        <ele>46.799999237060546875</ele>
        <time>2026-09-01T22:33:16.000Z</time>
        <extensions>
          <ns3:TrackPointExtension>
            <ns3:hr>143</ns3:hr>
            <ns3:cad>85</ns3:cad>
          </ns3:TrackPointExtension>
        </extensions>
      </trkpt>
      <trkpt lat="35.75669442303478717803955078125" lon="139.53475738875567913055419921875">
        <ele>47</ele>
        <time>2026-09-01T22:33:17.000Z</time>
        <extensions>
          <ns3:TrackPointExtension>
            <ns3:hr>143</ns3:hr>
            <ns3:cad>85</ns3:cad>
          </ns3:TrackPointExtension>
        </extensions>
      </trkpt>
      <trkpt lat="35.75670062564313411712646484375" lon="139.53478085808455944061279296875">
        <ele>47</ele>
        <time>2026-09-01T22:33:18.000Z</time>
        <extensions>
          <ns3:TrackPointExtension>
            <ns3:hr>143</ns3:hr>
            <ns3:cad>85</ns3:cad>
          </ns3:TrackPointExtension>
        </extensions>
      </trkpt>
      <trkpt lat="35.75670246966183185577392578125" lon="139.53480516560375690460205078125">
        <ele>47.200000762939453125</ele>
        <time>2026-09-01T22:33:19.000Z</time>
        <extensions>
          <ns3:TrackPointExtension>
            <ns3:hr>143</ns3:hr>
            <ns3:cad>84</ns3:cad>
          </ns3:TrackPointExtension>
        </extensions>
      </trkpt>
      <trkpt lat="35.75670900754630565643310546875" lon="139.5348253659904003143310546875">
        <ele>47.200000762939453125</ele>
        <time>2026-09-01T22:33:20.000Z</time>
        <extensions>
          <ns3:TrackPointExtension>
            <ns3:hr>143</ns3:hr>
            <ns3:cad>82</ns3:cad>
          </ns3:TrackPointExtension>
        </extensions>
      </trkpt>
      <trkpt lat="35.7567122764885425567626953125" lon="139.53484573401510715484619140625">
        <ele>47.200000762939453125</ele>
        <time>2026-09-01T22:33:21.000Z</time>
        <extensions>
          <ns3:TrackPointExtension>
            <ns3:hr>143</ns3:hr>
            <ns3:cad>82</ns3:cad>
          </ns3:TrackPointExtension>
        </extensions>
      </trkpt>
      <trkpt lat="35.7567146234214305877685546875" lon="139.5348679460585117340087890625">
        <ele>47.200000762939453125</ele>
        <time>2026-09-01T22:33:22.000Z</time>
        <extensions>
          <ns3:TrackPointExtension>
            <ns3:hr>143</ns3:hr>
            <ns3:cad>82</ns3:cad>
          </ns3:TrackPointExtension>
        </extensions>
      </trkpt>
      <trkpt lat="35.7567183114588260650634765625" lon="139.53488747589290142059326171875">
        <ele>47.200000762939453125</ele>
        <time>2026-09-01T22:33:23.000Z</time>
        <extensions>
          <ns3:TrackPointExtension>
            <ns3:hr>143</ns3:hr>
            <ns3:cad>83</ns3:cad>
          </ns3:TrackPointExtension>
        </extensions>
      </trkpt>
      <trkpt lat="35.7567282021045684814453125" lon="139.53491471707820892333984375">
        <ele>47.200000762939453125</ele>
        <time>2026-09-01T22:33:24.000Z</time>
        <extensions>
          <ns3:TrackPointExtension>
            <ns3:hr>143</ns3:hr>
            <ns3:cad>83</ns3:cad>
          </ns3:TrackPointExtension>
        </extensions>
      </trkpt>
      <trkpt lat="35.75673851184546947479248046875" lon="139.53493776731193065643310546875">
        <ele>47</ele>
        <time>2026-09-01T22:33:25.000Z</time>
        <extensions>
          <ns3:TrackPointExtension>
            <ns3:hr>143</ns3:hr>
            <ns3:cad>84</ns3:cad>
          </ns3:TrackPointExtension>
        </extensions>
      </trkpt>
      <trkpt lat="35.75674454681575298309326171875" lon="139.5349574647843837738037109375">
        <ele>47</ele>
        <time>2026-09-01T22:33:26.000Z</time>
        <extensions>
          <ns3:TrackPointExtension>
            <ns3:hr>143</ns3:hr>
            <ns3:cad>84</ns3:cad>
          </ns3:TrackPointExtension>
        </extensions>
      </trkpt>
      <trkpt lat="35.75675829313695430755615234375" lon="139.53498420305550098419189453125">
        <ele>47</ele>
        <time>2026-09-01T22:33:27.000Z</time>
        <extensions>
          <ns3:TrackPointExtension>
            <ns3:hr>143</ns3:hr>
            <ns3:cad>85</ns3:cad>
          </ns3:TrackPointExtension>
        </extensions>
      </trkpt>
      <trkpt lat="35.75676717795431613922119140625" lon="139.53500649891793727874755859375">
        <ele>46.799999237060546875</ele>
        <time>2026-09-01T22:33:28.000Z</time>
        <extensions>
          <ns3:TrackPointExtension>
            <ns3:hr>144</ns3:hr>
            <ns3:cad>86</ns3:cad>
          </ns3:TrackPointExtension>
        </extensions>
      </trkpt>
      <trkpt lat="35.75677136890590190887451171875" lon="139.53502678312361240386962890625">
        <ele>46.799999237060546875</ele>
        <time>2026-09-01T22:33:29.000Z</time>
        <extensions>
          <ns3:TrackPointExtension>
            <ns3:hr>145</ns3:hr>
            <ns3:cad>86</ns3:cad>
          </ns3:TrackPointExtension>
        </extensions>
      </trkpt>
      <trkpt lat="35.756776146590709686279296875" lon="139.53504438512027263641357421875">
        <ele>46.59999847412109375</ele>
        <time>2026-09-01T22:33:30.000Z</time>
        <extensions>
          <ns3:TrackPointExtension>
            <ns3:hr>145</ns3:hr>
            <ns3:cad>86</ns3:cad>
          </ns3:TrackPointExtension>
        </extensions>
      </trkpt>
      <trkpt lat="35.756791569292545318603515625" lon="139.5350696146488189697265625">
        <ele>46.59999847412109375</ele>
        <time>2026-09-01T22:33:31.000Z</time>
        <extensions>
          <ns3:TrackPointExtension>
            <ns3:hr>145</ns3:hr>
            <ns3:cad>86</ns3:cad>
          </ns3:TrackPointExtension>
        </extensions>
      </trkpt>
      <trkpt lat="35.756804645061492919921875" lon="139.53508746810257434844970703125">
        <ele>46.59999847412109375</ele>
        <time>2026-09-01T22:33:32.000Z</time>
        <extensions>
          <ns3:TrackPointExtension>
            <ns3:hr>145</ns3:hr>
            <ns3:cad>86</ns3:cad>
          </ns3:TrackPointExtension>
        </extensions>
      </trkpt>
      <trkpt lat="35.75681914575397968292236328125" lon="139.53511378727853298187255859375">
        <ele>46.40000152587890625</ele>
        <time>2026-09-01T22:33:33.000Z</time>
        <extensions>
          <ns3:TrackPointExtension>
            <ns3:hr>145</ns3:hr>
            <ns3:cad>86</ns3:cad>
          </ns3:TrackPointExtension>
        </extensions>
      </trkpt>
      <trkpt lat="35.75682551600039005279541015625" lon="139.5351328141987323760986328125">
        <ele>46.40000152587890625</ele>
        <time>2026-09-01T22:33:34.000Z</time>
        <extensions>
          <ns3:TrackPointExtension>
            <ns3:hr>145</ns3:hr>
            <ns3:cad>86</ns3:cad>
          </ns3:TrackPointExtension>
        </extensions>
      </trkpt>
      <trkpt lat="35.75684127397835254669189453125" lon="139.5351539365947246551513671875">
        <ele>46.200000762939453125</ele>
        <time>2026-09-01T22:33:35.000Z</time>
        <extensions>
          <ns3:TrackPointExtension>
            <ns3:hr>145</ns3:hr>
            <ns3:cad>86</ns3:cad>
          </ns3:TrackPointExtension>
        </extensions>
      </trkpt>
      <trkpt lat="35.756855271756649017333984375" lon="139.535181932151317596435546875">
        <ele>46</ele>
        <time>2026-09-01T22:33:36.000Z</time>
        <extensions>
          <ns3:TrackPointExtension>
            <ns3:hr>145</ns3:hr>
            <ns3:cad>86</ns3:cad>
          </ns3:TrackPointExtension>
        </extensions>
      </trkpt>
      <trkpt lat="35.756865330040454864501953125" lon="139.53520531766116619110107421875">
        <ele>46</ele>
        <time>2026-09-01T22:33:37.000Z</time>
        <extensions>
          <ns3:TrackPointExtension>
            <ns3:hr>145</ns3:hr>
            <ns3:cad>86</ns3:cad>
          </ns3:TrackPointExtension>
        </extensions>
      </trkpt>
      <trkpt lat="35.7568748854100704193115234375" lon="139.5352236740291118621826171875">
        <ele>45.799999237060546875</ele>
        <time>2026-09-01T22:33:38.000Z</time>
        <extensions>
          <ns3:TrackPointExtension>
            <ns3:hr>145</ns3:hr>
            <ns3:cad>86</ns3:cad>
          </ns3:TrackPointExtension>
        </extensions>
      </trkpt>
      <trkpt lat="35.75688712298870086669921875" lon="139.53525057993829250335693359375">
        <ele>45.59999847412109375</ele>
        <time>2026-09-01T22:33:39.000Z</time>
        <extensions>
          <ns3:TrackPointExtension>
            <ns3:hr>145</ns3:hr>
            <ns3:cad>85</ns3:cad>
          </ns3:TrackPointExtension>
        </extensions>
      </trkpt>
      <trkpt lat="35.7568986900150775909423828125" lon="139.53526482917368412017822265625">
        <ele>45.59999847412109375</ele>
        <time>2026-09-01T22:33:40.000Z</time>
        <extensions>
          <ns3:TrackPointExtension>
            <ns3:hr>145</ns3:hr>
            <ns3:cad>85</ns3:cad>
          </ns3:TrackPointExtension>
        </extensions>
      </trkpt>
      <trkpt lat="35.756910927593708038330078125" lon="139.5352830179035663604736328125">
        <ele>45.40000152587890625</ele>
        <time>2026-09-01T22:33:41.000Z</time>
        <extensions>
          <ns3:TrackPointExtension>
            <ns3:hr>145</ns3:hr>
            <ns3:cad>85</ns3:cad>
          </ns3:TrackPointExtension>
        </extensions>
      </trkpt>
      <trkpt lat="35.75692257843911647796630859375" lon="139.53530774451792240142822265625">
        <ele>45.40000152587890625</ele>
        <time>2026-09-01T22:33:42.000Z</time>
        <extensions>
          <ns3:TrackPointExtension>
            <ns3:hr>145</ns3:hr>
            <ns3:cad>86</ns3:cad>
          </ns3:TrackPointExtension>
        </extensions>
      </trkpt>
      <trkpt lat="35.756929032504558563232421875" lon="139.53532434068620204925537109375">
        <ele>45.40000152587890625</ele>
        <time>2026-09-01T22:33:43.000Z</time>
        <extensions>
          <ns3:TrackPointExtension>
            <ns3:hr>145</ns3:hr>
            <ns3:cad>86</ns3:cad>
          </ns3:TrackPointExtension>
        </extensions>
      </trkpt>
      <trkpt lat="35.75693682767450809478759765625" lon="139.535346888005733489990234375">
        <ele>45.40000152587890625</ele>
        <time>2026-09-01T22:33:44.000Z</time>
        <extensions>
          <ns3:TrackPointExtension>
            <ns3:hr>145</ns3:hr>
            <ns3:cad>85</ns3:cad>
          </ns3:TrackPointExtension>
        </extensions>
      </trkpt>
      <trkpt lat="35.756945125758647918701171875" lon="139.53536574728786945343017578125">
        <ele>45.40000152587890625</ele>
        <time>2026-09-01T22:33:45.000Z</time>
        <extensions>
          <ns3:TrackPointExtension>
            <ns3:hr>145</ns3:hr>
            <ns3:cad>85</ns3:cad>
          </ns3:TrackPointExtension>
        </extensions>
      </trkpt>
      <trkpt lat="35.7569560222327709197998046875" lon="139.53538837842643260955810546875">
        <ele>45.40000152587890625</ele>
        <time>2026-09-01T22:33:46.000Z</time>
        <extensions>
          <ns3:TrackPointExtension>
            <ns3:hr>145</ns3:hr>
            <ns3:cad>84</ns3:cad>
          </ns3:TrackPointExtension>
        </extensions>
      </trkpt>
      <trkpt lat="35.75696700252592563629150390625" lon="139.5354030467569828033447265625">
        <ele>45.40000152587890625</ele>
        <time>2026-09-01T22:33:47.000Z</time>
        <extensions>
          <ns3:TrackPointExtension>
            <ns3:hr>145</ns3:hr>
            <ns3:cad>84</ns3:cad>
          </ns3:TrackPointExtension>
        </extensions>
      </trkpt>
      <trkpt lat="35.75697697699069976806640625" lon="139.5354281924664974212646484375">
        <ele>45.40000152587890625</ele>
        <time>2026-09-01T22:33:48.000Z</time>
        <extensions>
          <ns3:TrackPointExtension>
            <ns3:hr>145</ns3:hr>
            <ns3:cad>84</ns3:cad>
          </ns3:TrackPointExtension>
        </extensions>
      </trkpt>
      <trkpt lat="35.75698502361774444580078125" lon="139.53544939868152141571044921875">
        <ele>45.40000152587890625</ele>
        <time>2026-09-01T22:33:49.000Z</time>
        <extensions>
          <ns3:TrackPointExtension>
            <ns3:hr>145</ns3:hr>
            <ns3:cad>84</ns3:cad>
          </ns3:TrackPointExtension>
        </extensions>
      </trkpt>
      <trkpt lat="35.75699214823544025421142578125" lon="139.53546591103076934814453125">
        <ele>45.40000152587890625</ele>
        <time>2026-09-01T22:33:50.000Z</time>
        <extensions>
          <ns3:TrackPointExtension>
            <ns3:hr>145</ns3:hr>
            <ns3:cad>84</ns3:cad>
          </ns3:TrackPointExtension>
        </extensions>
      </trkpt>
      <trkpt lat="35.7570039667189121246337890625" lon="139.53548544086515903472900390625">
        <ele>45.40000152587890625</ele>
        <time>2026-09-01T22:33:51.000Z</time>
        <extensions>
          <ns3:TrackPointExtension>
            <ns3:hr>145</ns3:hr>
            <ns3:cad>84</ns3:cad>
          </ns3:TrackPointExtension>
        </extensions>
      </trkpt>
      <trkpt lat="35.7570116780698299407958984375" lon="139.53550656326115131378173828125">
        <ele>45.40000152587890625</ele>
        <time>2026-09-01T22:33:52.000Z</time>
        <extensions>
          <ns3:TrackPointExtension>
            <ns3:hr>145</ns3:hr>
            <ns3:cad>84</ns3:cad>
          </ns3:TrackPointExtension>
        </extensions>
      </trkpt>
      <trkpt lat="35.75701544992625713348388671875" lon="139.535521902143955230712890625">
        <ele>45.40000152587890625</ele>
        <time>2026-09-01T22:33:53.000Z</time>
        <extensions>
          <ns3:TrackPointExtension>
            <ns3:hr>144</ns3:hr>
            <ns3:cad>84</ns3:cad>
          </ns3:TrackPointExtension>
        </extensions>
      </trkpt>
      <trkpt lat="35.75702165253460407257080078125" lon="139.53554260544478893280029296875">
        <ele>45.59999847412109375</ele>
        <time>2026-09-01T22:33:54.000Z</time>
        <extensions>
          <ns3:TrackPointExtension>
            <ns3:hr>144</ns3:hr>
            <ns3:cad>84</ns3:cad>
          </ns3:TrackPointExtension>
        </extensions>
      </trkpt>
      <trkpt lat="35.7570250891149044036865234375" lon="139.5355626381933689117431640625">
        <ele>45.59999847412109375</ele>
        <time>2026-09-01T22:33:55.000Z</time>
        <extensions>
          <ns3:TrackPointExtension>
            <ns3:hr>144</ns3:hr>
            <ns3:cad>83</ns3:cad>
          </ns3:TrackPointExtension>
        </extensions>
      </trkpt>
      <trkpt lat="35.757029615342617034912109375" lon="139.53557998873293399810791015625">
        <ele>45.799999237060546875</ele>
        <time>2026-09-01T22:33:56.000Z</time>
        <extensions>
          <ns3:TrackPointExtension>
            <ns3:hr>144</ns3:hr>
            <ns3:cad>83</ns3:cad>
          </ns3:TrackPointExtension>
        </extensions>
      </trkpt>
      <trkpt lat="35.75703791342675685882568359375" lon="139.5356033742427825927734375">
        <ele>45.799999237060546875</ele>
        <time>2026-09-01T22:33:57.000Z</time>
        <extensions>
          <ns3:TrackPointExtension>
            <ns3:hr>143</ns3:hr>
            <ns3:cad>83</ns3:cad>
          </ns3:TrackPointExtension>
        </extensions>
      </trkpt>
      <trkpt lat="35.75704629532992839813232421875" lon="139.535629190504550933837890625">
        <ele>45.799999237060546875</ele>
        <time>2026-09-01T22:33:58.000Z</time>
        <extensions>
          <ns3:TrackPointExtension>
            <ns3:hr>143</ns3:hr>
            <ns3:cad>83</ns3:cad>
          </ns3:TrackPointExtension>
        </extensions>
      </trkpt>
      <trkpt lat="35.75705518014729022979736328125" lon="139.535648636519908905029296875">
        <ele>45.799999237060546875</ele>
        <time>2026-09-01T22:33:59.000Z</time>
        <extensions>
          <ns3:TrackPointExtension>
            <ns3:hr>143</ns3:hr>
            <ns3:cad>82</ns3:cad>
          </ns3:TrackPointExtension>
        </extensions>
      </trkpt>
      <trkpt lat="35.75706205330789089202880859375" lon="139.53566783107817173004150390625">
        <ele>46</ele>
        <time>2026-09-01T22:34:00.000Z</time>
        <extensions>
          <ns3:TrackPointExtension>
            <ns3:hr>142</ns3:hr>
            <ns3:cad>82</ns3:cad>
          </ns3:TrackPointExtension>
        </extensions>
      </trkpt>
      <trkpt lat="35.7570676691830158233642578125" lon="139.53568987548351287841796875">
        <ele>46</ele>
        <time>2026-09-01T22:34:01.000Z</time>
        <extensions>
          <ns3:TrackPointExtension>
            <ns3:hr>142</ns3:hr>
            <ns3:cad>81</ns3:cad>
          </ns3:TrackPointExtension>
        </extensions>
      </trkpt>
      <trkpt lat="35.75707462616264820098876953125" lon="139.53571041114628314971923828125">
        <ele>46</ele>
        <time>2026-09-01T22:34:02.000Z</time>
        <extensions>
          <ns3:TrackPointExtension>
            <ns3:hr>141</ns3:hr>
            <ns3:cad>81</ns3:cad>
          </ns3:TrackPointExtension>
        </extensions>
      </trkpt>
      <trkpt lat="35.757085271179676055908203125" lon="139.53573723323643207550048828125">
        <ele>46</ele>
        <time>2026-09-01T22:34:03.000Z</time>
        <extensions>
          <ns3:TrackPointExtension>
            <ns3:hr>141</ns3:hr>
            <ns3:cad>82</ns3:cad>
          </ns3:TrackPointExtension>
        </extensions>
      </trkpt>
      <trkpt lat="35.75709340162575244903564453125" lon="139.5357587747275829315185546875">
        <ele>46</ele>
        <time>2026-09-01T22:34:04.000Z</time>
        <extensions>
          <ns3:TrackPointExtension>
            <ns3:hr>141</ns3:hr>
            <ns3:cad>83</ns3:cad>
          </ns3:TrackPointExtension>
        </extensions>
      </trkpt>
      <trkpt lat="35.75710077770054340362548828125" lon="139.53577662818133831024169921875">
        <ele>46</ele>
        <time>2026-09-01T22:34:05.000Z</time>
        <extensions>
          <ns3:TrackPointExtension>
            <ns3:hr>141</ns3:hr>
            <ns3:cad>84</ns3:cad>
          </ns3:TrackPointExtension>
        </extensions>
      </trkpt>
      <trkpt lat="35.757114104926586151123046875" lon="139.5357993431389331817626953125">
        <ele>45.799999237060546875</ele>
        <time>2026-09-01T22:34:06.000Z</time>
        <extensions>
          <ns3:TrackPointExtension>
            <ns3:hr>141</ns3:hr>
            <ns3:cad>85</ns3:cad>
          </ns3:TrackPointExtension>
        </extensions>
      </trkpt>
      <trkpt lat="35.757129527628421783447265625" lon="139.53582524321973323822021484375">
        <ele>45.799999237060546875</ele>
        <time>2026-09-01T22:34:07.000Z</time>
        <extensions>
          <ns3:TrackPointExtension>
            <ns3:hr>141</ns3:hr>
            <ns3:cad>85</ns3:cad>
          </ns3:TrackPointExtension>
        </extensions>
      </trkpt>
      <trkpt lat="35.75713966973125934600830078125" lon="139.53584971837699413299560546875">
        <ele>45.799999237060546875</ele>
        <time>2026-09-01T22:34:08.000Z</time>
        <extensions>
          <ns3:TrackPointExtension>
            <ns3:hr>140</ns3:hr>
            <ns3:cad>85</ns3:cad>
          </ns3:TrackPointExtension>
        </extensions>
      </trkpt>
      <trkpt lat="35.7571474649012088775634765625" lon="139.535873271524906158447265625">
        <ele>45.799999237060546875</ele>
        <time>2026-09-01T22:34:09.000Z</time>
        <extensions>
          <ns3:TrackPointExtension>
            <ns3:hr>140</ns3:hr>
            <ns3:cad>85</ns3:cad>
          </ns3:TrackPointExtension>
        </extensions>
      </trkpt>
      <trkpt lat="35.757155679166316986083984375" lon="139.535890705883502960205078125">
        <ele>45.799999237060546875</ele>
        <time>2026-09-01T22:34:10.000Z</time>
        <extensions>
          <ns3:TrackPointExtension>
            <ns3:hr>139</ns3:hr>
            <ns3:cad>85</ns3:cad>
          </ns3:TrackPointExtension>
        </extensions>
      </trkpt>
      <trkpt lat="35.75716875493526458740234375" lon="139.53591425903141498565673828125">
        <ele>45.799999237060546875</ele>
        <time>2026-09-01T22:34:11.000Z</time>
        <extensions>
          <ns3:TrackPointExtension>
            <ns3:hr>139</ns3:hr>
            <ns3:cad>85</ns3:cad>
          </ns3:TrackPointExtension>
        </extensions>
      </trkpt>
      <trkpt lat="35.757182501256465911865234375" lon="139.53593906946480274200439453125">
        <ele>45.799999237060546875</ele>
        <time>2026-09-01T22:34:12.000Z</time>
        <extensions>
          <ns3:TrackPointExtension>
            <ns3:hr>139</ns3:hr>
            <ns3:cad>85</ns3:cad>
          </ns3:TrackPointExtension>
        </extensions>
      </trkpt>
      <trkpt lat="35.75719113461673259735107421875" lon="139.535957761108875274658203125">
        <ele>45.799999237060546875</ele>
        <time>2026-09-01T22:34:13.000Z</time>
        <extensions>
          <ns3:TrackPointExtension>
            <ns3:hr>139</ns3:hr>
            <ns3:cad>85</ns3:cad>
          </ns3:TrackPointExtension>
        </extensions>
      </trkpt>
      <trkpt lat="35.757202617824077606201171875" lon="139.5359797216951847076416015625">
        <ele>45.799999237060546875</ele>
        <time>2026-09-01T22:34:14.000Z</time>
        <extensions>
          <ns3:TrackPointExtension>
            <ns3:hr>140</ns3:hr>
            <ns3:cad>85</ns3:cad>
          </ns3:TrackPointExtension>
        </extensions>
      </trkpt>
      <trkpt lat="35.75721301138401031494140625" lon="139.53600813634693622589111328125">
        <ele>45.799999237060546875</ele>
        <time>2026-09-01T22:34:15.000Z</time>
        <extensions>
          <ns3:TrackPointExtension>
            <ns3:hr>140</ns3:hr>
            <ns3:cad>86</ns3:cad>
          </ns3:TrackPointExtension>
        </extensions>
      </trkpt>
      <trkpt lat="35.757221393287181854248046875" lon="139.53603051602840423583984375">
        <ele>45.799999237060546875</ele>
        <time>2026-09-01T22:34:16.000Z</time>
        <extensions>
          <ns3:TrackPointExtension>
            <ns3:hr>140</ns3:hr>
            <ns3:cad>86</ns3:cad>
          </ns3:TrackPointExtension>
        </extensions>
      </trkpt>
      <trkpt lat="35.7572289370000362396240234375" lon="139.53605004586279392242431640625">
        <ele>45.799999237060546875</ele>
        <time>2026-09-01T22:34:17.000Z</time>
        <extensions>
          <ns3:TrackPointExtension>
            <ns3:hr>140</ns3:hr>
            <ns3:cad>86</ns3:cad>
          </ns3:TrackPointExtension>
        </extensions>
      </trkpt>
      <trkpt lat="35.757239162921905517578125" lon="139.53608105890452861785888671875">
        <ele>45.799999237060546875</ele>
        <time>2026-09-01T22:34:18.000Z</time>
        <extensions>
          <ns3:TrackPointExtension>
            <ns3:hr>140</ns3:hr>
            <ns3:cad>85</ns3:cad>
          </ns3:TrackPointExtension>
        </extensions>
      </trkpt>
      <trkpt lat="35.7572450302541255950927734375" lon="139.5361044444143772125244140625">
        <ele>45.799999237060546875</ele>
        <time>2026-09-01T22:34:19.000Z</time>
        <extensions>
          <ns3:TrackPointExtension>
            <ns3:hr>140</ns3:hr>
            <ns3:cad>85</ns3:cad>
          </ns3:TrackPointExtension>
        </extensions>
      </trkpt>
      <trkpt lat="35.75725181959569454193115234375" lon="139.5361215434968471527099609375">
        <ele>45.799999237060546875</ele>
        <time>2026-09-01T22:34:20.000Z</time>
        <extensions>
          <ns3:TrackPointExtension>
            <ns3:hr>141</ns3:hr>
            <ns3:cad>85</ns3:cad>
          </ns3:TrackPointExtension>
        </extensions>
      </trkpt>
      <trkpt lat="35.75726456008851528167724609375" lon="139.5361453481018543243408203125">
        <ele>45.799999237060546875</ele>
        <time>2026-09-01T22:34:21.000Z</time>
        <extensions>
          <ns3:TrackPointExtension>
            <ns3:hr>141</ns3:hr>
            <ns3:cad>84</ns3:cad>
          </ns3:TrackPointExtension>
        </extensions>
      </trkpt>
      <trkpt lat="35.75727780349552631378173828125" lon="139.53616504557430744171142578125">
        <ele>45.799999237060546875</ele>
        <time>2026-09-01T22:34:22.000Z</time>
        <extensions>
          <ns3:TrackPointExtension>
            <ns3:hr>142</ns3:hr>
            <ns3:cad>84</ns3:cad>
          </ns3:TrackPointExtension>
        </extensions>
      </trkpt>
      <trkpt lat="35.7572872750461101531982421875" lon="139.53618130646646022796630859375">
        <ele>45.799999237060546875</ele>
        <time>2026-09-01T22:34:23.000Z</time>
        <extensions>
          <ns3:TrackPointExtension>
            <ns3:hr>142</ns3:hr>
            <ns3:cad>84</ns3:cad>
          </ns3:TrackPointExtension>
        </extensions>
      </trkpt>
      <trkpt lat="35.75730009935796260833740234375" lon="139.536201171576976776123046875">
        <ele>45.59999847412109375</ele>
        <time>2026-09-01T22:34:24.000Z</time>
        <extensions>
          <ns3:TrackPointExtension>
            <ns3:hr>142</ns3:hr>
            <ns3:cad>85</ns3:cad>
          </ns3:TrackPointExtension>
        </extensions>
      </trkpt>
      <trkpt lat="35.75730948708951473236083984375" lon="139.5362234674394130706787109375">
        <ele>45.40000152587890625</ele>
        <time>2026-09-01T22:34:25.000Z</time>
        <extensions>
          <ns3:TrackPointExtension>
            <ns3:hr>143</ns3:hr>
            <ns3:cad>85</ns3:cad>
          </ns3:TrackPointExtension>
        </extensions>
      </trkpt>
      <trkpt lat="35.75731887482106685638427734375" lon="139.53624635003507137298583984375">
        <ele>45.200000762939453125</ele>
        <time>2026-09-01T22:34:26.000Z</time>
        <extensions>
          <ns3:TrackPointExtension>
            <ns3:hr>143</ns3:hr>
            <ns3:cad>85</ns3:cad>
          </ns3:TrackPointExtension>
        </extensions>
      </trkpt>
      <trkpt lat="35.757324993610382080078125" lon="139.53626764006912708282470703125">
        <ele>45.200000762939453125</ele>
        <time>2026-09-01T22:34:27.000Z</time>
        <extensions>
          <ns3:TrackPointExtension>
            <ns3:hr>143</ns3:hr>
            <ns3:cad>86</ns3:cad>
          </ns3:TrackPointExtension>
        </extensions>
      </trkpt>
      <trkpt lat="35.7573348842561244964599609375" lon="139.53628893010318279266357421875">
        <ele>45</ele>
        <time>2026-09-01T22:34:28.000Z</time>
        <extensions>
          <ns3:TrackPointExtension>
            <ns3:hr>142</ns3:hr>
            <ns3:cad>86</ns3:cad>
          </ns3:TrackPointExtension>
        </extensions>
      </trkpt>
      <trkpt lat="35.757348127663135528564453125" lon="139.53631591983139514923095703125">
        <ele>45</ele>
        <time>2026-09-01T22:34:29.000Z</time>
        <extensions>
          <ns3:TrackPointExtension>
            <ns3:hr>142</ns3:hr>
            <ns3:cad>86</ns3:cad>
          </ns3:TrackPointExtension>
        </extensions>
      </trkpt>
      <trkpt lat="35.757362544536590576171875" lon="139.53633771277964115142822265625">
        <ele>45</ele>
        <time>2026-09-01T22:34:30.000Z</time>
        <extensions>
          <ns3:TrackPointExtension>
            <ns3:hr>142</ns3:hr>
            <ns3:cad>87</ns3:cad>
          </ns3:TrackPointExtension>
        </extensions>
      </trkpt>
      <trkpt lat="35.75737469829618930816650390625" lon="139.5363599248230457305908203125">
        <ele>45</ele>
        <time>2026-09-01T22:34:31.000Z</time>
        <extensions>
          <ns3:TrackPointExtension>
            <ns3:hr>142</ns3:hr>
            <ns3:cad>87</ns3:cad>
          </ns3:TrackPointExtension>
        </extensions>
      </trkpt>
      <trkpt lat="35.757382996380329132080078125" lon="139.53637962229549884796142578125">
        <ele>45</ele>
        <time>2026-09-01T22:34:32.000Z</time>
        <extensions>
          <ns3:TrackPointExtension>
            <ns3:hr>142</ns3:hr>
            <ns3:cad>87</ns3:cad>
          </ns3:TrackPointExtension>
        </extensions>
      </trkpt>
      <trkpt lat="35.75739414431154727935791015625" lon="139.5364038459956645965576171875">
        <ele>45</ele>
        <time>2026-09-01T22:34:33.000Z</time>
        <extensions>
          <ns3:TrackPointExtension>
            <ns3:hr>143</ns3:hr>
            <ns3:cad>87</ns3:cad>
          </ns3:TrackPointExtension>
        </extensions>
      </trkpt>
      <trkpt lat="35.7574083097279071807861328125" lon="139.5364326797425746917724609375">
        <ele>45</ele>
        <time>2026-09-01T22:34:34.000Z</time>
        <extensions>
          <ns3:TrackPointExtension>
            <ns3:hr>143</ns3:hr>
            <ns3:cad>87</ns3:cad>
          </ns3:TrackPointExtension>
        </extensions>
      </trkpt>
      <trkpt lat="35.7574173621833324432373046875" lon="139.536451958119869232177734375">
        <ele>45</ele>
        <time>2026-09-01T22:34:35.000Z</time>
        <extensions>
          <ns3:TrackPointExtension>
            <ns3:hr>143</ns3:hr>
            <ns3:cad>87</ns3:cad>
          </ns3:TrackPointExtension>
        </extensions>
      </trkpt>
      <trkpt lat="35.7574290968477725982666015625" lon="139.5364750921726226806640625">
        <ele>45</ele>
        <time>2026-09-01T22:34:36.000Z</time>
        <extensions>
          <ns3:TrackPointExtension>
            <ns3:hr>143</ns3:hr>
            <ns3:cad>86</ns3:cad>
          </ns3:TrackPointExtension>
        </extensions>
      </trkpt>
      <trkpt lat="35.7574394904077053070068359375" lon="139.53650057315826416015625">
        <ele>45</ele>
        <time>2026-09-01T22:34:37.000Z</time>
        <extensions>
          <ns3:TrackPointExtension>
            <ns3:hr>144</ns3:hr>
            <ns3:cad>87</ns3:cad>
          </ns3:TrackPointExtension>
        </extensions>
      </trkpt>
      <trkpt lat="35.7574512250721454620361328125" lon="139.5365235395729541778564453125">
        <ele>45</ele>
        <time>2026-09-01T22:34:38.000Z</time>
        <extensions>
          <ns3:TrackPointExtension>
            <ns3:hr>144</ns3:hr>
            <ns3:cad>86</ns3:cad>
          </ns3:TrackPointExtension>
        </extensions>
      </trkpt>
      <trkpt lat="35.75746421702206134796142578125" lon="139.5365483500063419342041015625">
        <ele>45</ele>
        <time>2026-09-01T22:34:39.000Z</time>
        <extensions>
          <ns3:TrackPointExtension>
            <ns3:hr>145</ns3:hr>
            <ns3:cad>86</ns3:cad>
          </ns3:TrackPointExtension>
        </extensions>
      </trkpt>
      <trkpt lat="35.75747846625745296478271484375" lon="139.53657223843038082122802734375">
        <ele>45</ele>
        <time>2026-09-01T22:34:40.000Z</time>
        <extensions>
          <ns3:TrackPointExtension>
            <ns3:hr>145</ns3:hr>
            <ns3:cad>86</ns3:cad>
          </ns3:TrackPointExtension>
        </extensions>
      </trkpt>
      <trkpt lat="35.75749120675027370452880859375" lon="139.53659637831151485443115234375">
        <ele>45</ele>
        <time>2026-09-01T22:34:41.000Z</time>
        <extensions>
          <ns3:TrackPointExtension>
            <ns3:hr>145</ns3:hr>
            <ns3:cad>86</ns3:cad>
          </ns3:TrackPointExtension>
        </extensions>
      </trkpt>
      <trkpt lat="35.75750478543341159820556640625" lon="139.53662085346877574920654296875">
        <ele>45</ele>
        <time>2026-09-01T22:34:42.000Z</time>
        <extensions>
          <ns3:TrackPointExtension>
            <ns3:hr>146</ns3:hr>
            <ns3:cad>86</ns3:cad>
          </ns3:TrackPointExtension>
        </extensions>
      </trkpt>
      <trkpt lat="35.7575199566781520843505859375" lon="139.53665337525308132171630859375">
        <ele>45</ele>
        <time>2026-09-01T22:34:43.000Z</time>
        <extensions>
          <ns3:TrackPointExtension>
            <ns3:hr>146</ns3:hr>
            <ns3:cad>86</ns3:cad>
          </ns3:TrackPointExtension>
        </extensions>
      </trkpt>
      <trkpt lat="35.757527165114879608154296875" lon="139.5366744138300418853759765625">
        <ele>45</ele>
        <time>2026-09-01T22:34:44.000Z</time>
        <extensions>
          <ns3:TrackPointExtension>
            <ns3:hr>147</ns3:hr>
            <ns3:cad>86</ns3:cad>
          </ns3:TrackPointExtension>
        </extensions>
      </trkpt>
      <trkpt lat="35.75753445737063884735107421875" lon="139.5367015711963176727294921875">
        <ele>45</ele>
        <time>2026-09-01T22:34:45.000Z</time>
        <extensions>
          <ns3:TrackPointExtension>
            <ns3:hr>147</ns3:hr>
            <ns3:cad>86</ns3:cad>
          </ns3:TrackPointExtension>
        </extensions>
      </trkpt>
      <trkpt lat="35.75753998942673206329345703125" lon="139.53672562725841999053955078125">
        <ele>45</ele>
        <time>2026-09-01T22:34:46.000Z</time>
        <extensions>
          <ns3:TrackPointExtension>
            <ns3:hr>147</ns3:hr>
            <ns3:cad>86</ns3:cad>
          </ns3:TrackPointExtension>
        </extensions>
      </trkpt>
      <trkpt lat="35.75754133053123950958251953125" lon="139.5367491804063320159912109375">
        <ele>45</ele>
        <time>2026-09-01T22:34:47.000Z</time>
        <extensions>
          <ns3:TrackPointExtension>
            <ns3:hr>147</ns3:hr>
            <ns3:cad>86</ns3:cad>
          </ns3:TrackPointExtension>
        </extensions>
      </trkpt>
      <trkpt lat="35.7575461082160472869873046875" lon="139.536793269217014312744140625">
        <ele>45</ele>
        <time>2026-09-01T22:34:49.000Z</time>
        <extensions>
          <ns3:TrackPointExtension>
            <ns3:hr>148</ns3:hr>
            <ns3:cad>87</ns3:cad>
          </ns3:TrackPointExtension>
        </extensions>
      </trkpt>
      <trkpt lat="35.757555998861789703369140625" lon="139.53681414015591144561767578125">
        <ele>45</ele>
        <time>2026-09-01T22:34:50.000Z</time>
        <extensions>
          <ns3:TrackPointExtension>
            <ns3:hr>149</ns3:hr>
            <ns3:cad>87</ns3:cad>
          </ns3:TrackPointExtension>
        </extensions>
      </trkpt>
      <trkpt lat="35.75756463222205638885498046875" lon="139.53683962114155292510986328125">
        <ele>45</ele>
        <time>2026-09-01T22:34:51.000Z</time>
        <extensions>
          <ns3:TrackPointExtension>
            <ns3:hr>149</ns3:hr>
            <ns3:cad>86</ns3:cad>
          </ns3:TrackPointExtension>
        </extensions>
      </trkpt>
      <trkpt lat="35.7575725950300693511962890625" lon="139.53686728142201900482177734375">
        <ele>45</ele>
        <time>2026-09-01T22:34:52.000Z</time>
        <extensions>
          <ns3:TrackPointExtension>
            <ns3:hr>149</ns3:hr>
            <ns3:cad>86</ns3:cad>
          </ns3:TrackPointExtension>
        </extensions>
      </trkpt>
      <trkpt lat="35.7575759477913379669189453125" lon="139.53689360059797763824462890625">
        <ele>45</ele>
        <time>2026-09-01T22:34:53.000Z</time>
        <extensions>
          <ns3:TrackPointExtension>
            <ns3:hr>150</ns3:hr>
            <ns3:cad>87</ns3:cad>
          </ns3:TrackPointExtension>
        </extensions>
      </trkpt>
      <trkpt lat="35.7575906999409198760986328125" lon="139.5369243621826171875">
        <ele>45.200000762939453125</ele>
        <time>2026-09-01T22:34:54.000Z</time>
        <extensions>
          <ns3:TrackPointExtension>
            <ns3:hr>151</ns3:hr>
            <ns3:cad>87</ns3:cad>
          </ns3:TrackPointExtension>
        </extensions>
      </trkpt>
      <trkpt lat="35.757598578929901123046875" lon="139.53694590367376804351806640625">
        <ele>45.59999847412109375</ele>
        <time>2026-09-01T22:34:55.000Z</time>
        <extensions>
          <ns3:TrackPointExtension>
            <ns3:hr>152</ns3:hr>
            <ns3:cad>87</ns3:cad>
          </ns3:TrackPointExtension>
        </extensions>
      </trkpt>
      <trkpt lat="35.75761090032756328582763671875" lon="139.53697021119296550750732421875">
        <ele>45.799999237060546875</ele>
        <time>2026-09-01T22:34:56.000Z</time>
        <extensions>
          <ns3:TrackPointExtension>
            <ns3:hr>152</ns3:hr>
            <ns3:cad>87</ns3:cad>
          </ns3:TrackPointExtension>
        </extensions>
      </trkpt>
      <trkpt lat="35.757621712982654571533203125" lon="139.53699099831283092498779296875">
        <ele>46</ele>
        <time>2026-09-01T22:34:57.000Z</time>
        <extensions>
          <ns3:TrackPointExtension>
            <ns3:hr>152</ns3:hr>
            <ns3:cad>86</ns3:cad>
          </ns3:TrackPointExtension>
        </extensions>
      </trkpt>
      <trkpt lat="35.75762875378131866455078125" lon="139.53701228834688663482666015625">
        <ele>46.200000762939453125</ele>
        <time>2026-09-01T22:34:58.000Z</time>
        <extensions>
          <ns3:TrackPointExtension>
            <ns3:hr>152</ns3:hr>
            <ns3:cad>85</ns3:cad>
          </ns3:TrackPointExtension>
        </extensions>
      </trkpt>
      <trkpt lat="35.75763520784676074981689453125" lon="139.53703525476157665252685546875">
        <ele>46.200000762939453125</ele>
        <time>2026-09-01T22:34:59.000Z</time>
        <extensions>
          <ns3:TrackPointExtension>
            <ns3:hr>152</ns3:hr>
            <ns3:cad>85</ns3:cad>
          </ns3:TrackPointExtension>
        </extensions>
      </trkpt>
      <trkpt lat="35.75764627195894718170166015625" lon="139.5370616577565670013427734375">
        <ele>46.200000762939453125</ele>
        <time>2026-09-01T22:35:00.000Z</time>
        <extensions>
          <ns3:TrackPointExtension>
            <ns3:hr>152</ns3:hr>
            <ns3:cad>85</ns3:cad>
          </ns3:TrackPointExtension>
        </extensions>
      </trkpt>
      <trkpt lat="35.75765423476696014404296875" lon="139.53708789311349391937255859375">
        <ele>46.200000762939453125</ele>
        <time>2026-09-01T22:35:01.000Z</time>
        <extensions>
          <ns3:TrackPointExtension>
            <ns3:hr>152</ns3:hr>
            <ns3:cad>85</ns3:cad>
          </ns3:TrackPointExtension>
        </extensions>
      </trkpt>
      <trkpt lat="35.75766270048916339874267578125" lon="139.5371126197278499603271484375">
        <ele>46.200000762939453125</ele>
        <time>2026-09-01T22:35:02.000Z</time>
        <extensions>
          <ns3:TrackPointExtension>
            <ns3:hr>152</ns3:hr>
            <ns3:cad>86</ns3:cad>
          </ns3:TrackPointExtension>
        </extensions>
      </trkpt>
      <trkpt lat="35.75767527334392070770263671875" lon="139.5371404476463794708251953125">
        <ele>46.200000762939453125</ele>
        <time>2026-09-01T22:35:03.000Z</time>
        <extensions>
          <ns3:TrackPointExtension>
            <ns3:hr>151</ns3:hr>
            <ns3:cad>87</ns3:cad>
          </ns3:TrackPointExtension>
        </extensions>
      </trkpt>
      <trkpt lat="35.75768533162772655487060546875" lon="139.5371598936617374420166015625">
        <ele>46.200000762939453125</ele>
        <time>2026-09-01T22:35:04.000Z</time>
        <extensions>
          <ns3:TrackPointExtension>
            <ns3:hr>151</ns3:hr>
            <ns3:cad>87</ns3:cad>
          </ns3:TrackPointExtension>
        </extensions>
      </trkpt>
      <trkpt lat="35.75769488699734210968017578125" lon="139.537182189524173736572265625">
        <ele>46.200000762939453125</ele>
        <time>2026-09-01T22:35:05.000Z</time>
        <extensions>
          <ns3:TrackPointExtension>
            <ns3:hr>152</ns3:hr>
            <ns3:cad>87</ns3:cad>
          </ns3:TrackPointExtension>
        </extensions>
      </trkpt>
      <trkpt lat="35.7577053643763065338134765625" lon="139.53721093945205211639404296875">
        <ele>46.200000762939453125</ele>
        <time>2026-09-01T22:35:06.000Z</time>
        <extensions>
          <ns3:TrackPointExtension>
            <ns3:hr>152</ns3:hr>
            <ns3:cad>86</ns3:cad>
          </ns3:TrackPointExtension>
        </extensions>
      </trkpt>
      <trkpt lat="35.757716596126556396484375" lon="139.5372333191335201263427734375">
        <ele>46.200000762939453125</ele>
        <time>2026-09-01T22:35:07.000Z</time>
        <extensions>
          <ns3:TrackPointExtension>
            <ns3:hr>152</ns3:hr>
            <ns3:cad>86</ns3:cad>
          </ns3:TrackPointExtension>
        </extensions>
      </trkpt>
      <trkpt lat="35.7577238045632839202880859375" lon="139.53725888393819332122802734375">
        <ele>46.200000762939453125</ele>
        <time>2026-09-01T22:35:08.000Z</time>
        <extensions>
          <ns3:TrackPointExtension>
            <ns3:hr>152</ns3:hr>
            <ns3:cad>86</ns3:cad>
          </ns3:TrackPointExtension>
        </extensions>
      </trkpt>
      <trkpt lat="35.75773201882839202880859375" lon="139.53728310763835906982421875">
        <ele>46.200000762939453125</ele>
        <time>2026-09-01T22:35:09.000Z</time>
        <extensions>
          <ns3:TrackPointExtension>
            <ns3:hr>152</ns3:hr>
            <ns3:cad>86</ns3:cad>
          </ns3:TrackPointExtension>
        </extensions>
      </trkpt>
      <trkpt lat="35.75774149037897586822509765625" lon="139.53730045817792415618896484375">
        <ele>46.200000762939453125</ele>
        <time>2026-09-01T22:35:10.000Z</time>
        <extensions>
          <ns3:TrackPointExtension>
            <ns3:hr>152</ns3:hr>
            <ns3:cad>87</ns3:cad>
          </ns3:TrackPointExtension>
        </extensions>
      </trkpt>
      <trkpt lat="35.75775481760501861572265625" lon="139.5373253524303436279296875">
        <ele>46</ele>
        <time>2026-09-01T22:35:11.000Z</time>
        <extensions>
          <ns3:TrackPointExtension>
            <ns3:hr>152</ns3:hr>
            <ns3:cad>87</ns3:cad>
          </ns3:TrackPointExtension>
        </extensions>
      </trkpt>
      <trkpt lat="35.75776563026010990142822265625" lon="139.537345804274082183837890625">
        <ele>46</ele>
        <time>2026-09-01T22:35:12.000Z</time>
        <extensions>
          <ns3:TrackPointExtension>
            <ns3:hr>152</ns3:hr>
            <ns3:cad>87</ns3:cad>
          </ns3:TrackPointExtension>
        </extensions>
      </trkpt>
      <trkpt lat="35.75777627527713775634765625" lon="139.537363238632678985595703125">
        <ele>46</ele>
        <time>2026-09-01T22:35:13.000Z</time>
        <extensions>
          <ns3:TrackPointExtension>
            <ns3:hr>152</ns3:hr>
            <ns3:cad>86</ns3:cad>
          </ns3:TrackPointExtension>
        </extensions>
      </trkpt>
      <trkpt lat="35.75778574682772159576416015625" lon="139.53738234937191009521484375">
        <ele>46</ele>
        <time>2026-09-01T22:35:14.000Z</time>
        <extensions>
          <ns3:TrackPointExtension>
            <ns3:hr>152</ns3:hr>
            <ns3:cad>86</ns3:cad>
          </ns3:TrackPointExtension>
        </extensions>
      </trkpt>
      <trkpt lat="35.75779463164508342742919921875" lon="139.53740573488175868988037109375">
        <ele>46</ele>
        <time>2026-09-01T22:35:15.000Z</time>
        <extensions>
          <ns3:TrackPointExtension>
            <ns3:hr>152</ns3:hr>
            <ns3:cad>85</ns3:cad>
          </ns3:TrackPointExtension>
        </extensions>
      </trkpt>
      <trkpt lat="35.757800079882144927978515625" lon="139.53742316924035549163818359375">
        <ele>46</ele>
        <time>2026-09-01T22:35:16.000Z</time>
        <extensions>
          <ns3:TrackPointExtension>
            <ns3:hr>152</ns3:hr>
            <ns3:cad>84</ns3:cad>
          </ns3:TrackPointExtension>
        </extensions>
      </trkpt>
      <trkpt lat="35.7578123174607753753662109375" lon="139.53745049424469470977783203125">
        <ele>46</ele>
        <time>2026-09-01T22:35:17.000Z</time>
        <extensions>
          <ns3:TrackPointExtension>
            <ns3:hr>152</ns3:hr>
            <ns3:cad>84</ns3:cad>
          </ns3:TrackPointExtension>
        </extensions>
      </trkpt>
      <trkpt lat="35.75782413594424724578857421875" lon="139.537472538650035858154296875">
        <ele>46</ele>
        <time>2026-09-01T22:35:18.000Z</time>
        <extensions>
          <ns3:TrackPointExtension>
            <ns3:hr>152</ns3:hr>
            <ns3:cad>84</ns3:cad>
          </ns3:TrackPointExtension>
        </extensions>
      </trkpt>
      <trkpt lat="35.757834613323211669921875" lon="139.5374943315982818603515625">
        <ele>46</ele>
        <time>2026-09-01T22:35:19.000Z</time>
        <extensions>
          <ns3:TrackPointExtension>
            <ns3:hr>153</ns3:hr>
            <ns3:cad>84</ns3:cad>
          </ns3:TrackPointExtension>
        </extensions>
      </trkpt>
      <trkpt lat="35.7578451745212078094482421875" lon="139.5375179685652256011962890625">
        <ele>46</ele>
        <time>2026-09-01T22:35:20.000Z</time>
        <extensions>
          <ns3:TrackPointExtension>
            <ns3:hr>153</ns3:hr>
            <ns3:cad>85</ns3:cad>
          </ns3:TrackPointExtension>
        </extensions>
      </trkpt>
      <trkpt lat="35.7578575797379016876220703125" lon="139.5375394262373447418212890625">
        <ele>46</ele>
        <time>2026-09-01T22:35:21.000Z</time>
        <extensions>
          <ns3:TrackPointExtension>
            <ns3:hr>152</ns3:hr>
            <ns3:cad>85</ns3:cad>
          </ns3:TrackPointExtension>
        </extensions>
      </trkpt>
      <trkpt lat="35.7578693144023418426513671875" lon="139.5375545136630535125732421875">
        <ele>46</ele>
        <time>2026-09-01T22:35:22.000Z</time>
        <extensions>
          <ns3:TrackPointExtension>
            <ns3:hr>152</ns3:hr>
            <ns3:cad>85</ns3:cad>
          </ns3:TrackPointExtension>
        </extensions>
      </trkpt>
      <trkpt lat="35.75788180343806743621826171875" lon="139.5375823415815830230712890625">
        <ele>46</ele>
        <time>2026-09-01T22:35:23.000Z</time>
        <extensions>
          <ns3:TrackPointExtension>
            <ns3:hr>152</ns3:hr>
            <ns3:cad>85</ns3:cad>
          </ns3:TrackPointExtension>
        </extensions>
      </trkpt>
      <trkpt lat="35.7578874193131923675537109375" lon="139.53760639764368534088134765625">
        <ele>46</ele>
        <time>2026-09-01T22:35:24.000Z</time>
        <extensions>
          <ns3:TrackPointExtension>
            <ns3:hr>152</ns3:hr>
            <ns3:cad>85</ns3:cad>
          </ns3:TrackPointExtension>
        </extensions>
      </trkpt>
      <trkpt lat="35.75789722613990306854248046875" lon="139.53762299381196498870849609375">
        <ele>46</ele>
        <time>2026-09-01T22:35:25.000Z</time>
        <extensions>
          <ns3:TrackPointExtension>
            <ns3:hr>151</ns3:hr>
            <ns3:cad>85</ns3:cad>
          </ns3:TrackPointExtension>
        </extensions>
      </trkpt>
      <trkpt lat="35.75791365467011928558349609375" lon="139.537648223340511322021484375">
        <ele>46</ele>
        <time>2026-09-01T22:35:26.000Z</time>
        <extensions>
          <ns3:TrackPointExtension>
            <ns3:hr>151</ns3:hr>
            <ns3:cad>85</ns3:cad>
          </ns3:TrackPointExtension>
        </extensions>
      </trkpt>
      <trkpt lat="35.757925808429718017578125" lon="139.53766942955553531646728515625">
        <ele>45.799999237060546875</ele>
        <time>2026-09-01T22:35:27.000Z</time>
        <extensions>
          <ns3:TrackPointExtension>
            <ns3:hr>151</ns3:hr>
            <ns3:cad>85</ns3:cad>
          </ns3:TrackPointExtension>
        </extensions>
      </trkpt>
      <trkpt lat="35.75793192721903324127197265625" lon="139.53768652863800525665283203125">
        <ele>45.799999237060546875</ele>
        <time>2026-09-01T22:35:28.000Z</time>
        <extensions>
          <ns3:TrackPointExtension>
            <ns3:hr>151</ns3:hr>
            <ns3:cad>85</ns3:cad>
          </ns3:TrackPointExtension>
        </extensions>
      </trkpt>
      <trkpt lat="35.7579403929412364959716796875" lon="139.537709914147853851318359375">
        <ele>46</ele>
        <time>2026-09-01T22:35:29.000Z</time>
        <extensions>
          <ns3:TrackPointExtension>
            <ns3:hr>151</ns3:hr>
            <ns3:cad>85</ns3:cad>
          </ns3:TrackPointExtension>
        </extensions>
      </trkpt>
      <trkpt lat="35.757947266101837158203125" lon="139.5377325452864170074462890625">
        <ele>46</ele>
        <time>2026-09-01T22:35:30.000Z</time>
        <extensions>
          <ns3:TrackPointExtension>
            <ns3:hr>151</ns3:hr>
            <ns3:cad>84</ns3:cad>
          </ns3:TrackPointExtension>
        </extensions>
      </trkpt>
      <trkpt lat="35.757952295243740081787109375" lon="139.53775123693048954010009765625">
        <ele>45.799999237060546875</ele>
        <time>2026-09-01T22:35:31.000Z</time>
        <extensions>
          <ns3:TrackPointExtension>
            <ns3:hr>150</ns3:hr>
            <ns3:cad>84</ns3:cad>
          </ns3:TrackPointExtension>
        </extensions>
      </trkpt>
      <trkpt lat="35.7579591684043407440185546875" lon="139.5377732813358306884765625">
        <ele>45.799999237060546875</ele>
        <time>2026-09-01T22:35:32.000Z</time>
        <extensions>
          <ns3:TrackPointExtension>
            <ns3:hr>150</ns3:hr>
            <ns3:cad>84</ns3:cad>
          </ns3:TrackPointExtension>
        </extensions>
      </trkpt>
      <trkpt lat="35.75797014869749546051025390625" lon="139.53779809176921844482421875">
        <ele>45.799999237060546875</ele>
        <time>2026-09-01T22:35:33.000Z</time>
        <extensions>
          <ns3:TrackPointExtension>
            <ns3:hr>150</ns3:hr>
            <ns3:cad>83</ns3:cad>
          </ns3:TrackPointExtension>
        </extensions>
      </trkpt>
      <trkpt lat="35.75797903351485729217529296875" lon="139.5378146879374980926513671875">
        <ele>45.59999847412109375</ele>
        <time>2026-09-01T22:35:34.000Z</time>
        <extensions>
          <ns3:TrackPointExtension>
            <ns3:hr>150</ns3:hr>
            <ns3:cad>83</ns3:cad>
          </ns3:TrackPointExtension>
        </extensions>
      </trkpt>
      <trkpt lat="35.75798590667545795440673828125" lon="139.53783689998090267181396484375">
        <ele>45.59999847412109375</ele>
        <time>2026-09-01T22:35:35.000Z</time>
        <extensions>
          <ns3:TrackPointExtension>
            <ns3:hr>150</ns3:hr>
            <ns3:cad>83</ns3:cad>
          </ns3:TrackPointExtension>
        </extensions>
      </trkpt>
      <trkpt lat="35.75799127109348773956298828125" lon="139.537866152822971343994140625">
        <ele>45.40000152587890625</ele>
        <time>2026-09-01T22:35:36.000Z</time>
        <extensions>
          <ns3:TrackPointExtension>
            <ns3:hr>150</ns3:hr>
            <ns3:cad>84</ns3:cad>
          </ns3:TrackPointExtension>
        </extensions>
      </trkpt>
      <trkpt lat="35.75799730606377124786376953125" lon="139.5378918014466762542724609375">
        <ele>45.40000152587890625</ele>
        <time>2026-09-01T22:35:37.000Z</time>
        <extensions>
          <ns3:TrackPointExtension>
            <ns3:hr>149</ns3:hr>
            <ns3:cad>85</ns3:cad>
          </ns3:TrackPointExtension>
        </extensions>
      </trkpt>
      <trkpt lat="35.75800250284373760223388671875" lon="139.5379122532904148101806640625">
        <ele>45.200000762939453125</ele>
        <time>2026-09-01T22:35:38.000Z</time>
        <extensions>
          <ns3:TrackPointExtension>
            <ns3:hr>149</ns3:hr>
            <ns3:cad>85</ns3:cad>
          </ns3:TrackPointExtension>
        </extensions>
      </trkpt>
      <trkpt lat="35.7580158300697803497314453125" lon="139.53794217668473720550537109375">
        <ele>45.200000762939453125</ele>
        <time>2026-09-01T22:35:39.000Z</time>
        <extensions>
          <ns3:TrackPointExtension>
            <ns3:hr>149</ns3:hr>
            <ns3:cad>85</ns3:cad>
          </ns3:TrackPointExtension>
        </extensions>
      </trkpt>
      <trkpt lat="35.75802664272487163543701171875" lon="139.53796170651912689208984375">
        <ele>45</ele>
        <time>2026-09-01T22:35:40.000Z</time>
        <extensions>
          <ns3:TrackPointExtension>
            <ns3:hr>149</ns3:hr>
            <ns3:cad>85</ns3:cad>
          </ns3:TrackPointExtension>
        </extensions>
      </trkpt>
      <trkpt lat="35.75803787447512149810791015625" lon="139.53798584640026092529296875">
        <ele>44.799999237060546875</ele>
        <time>2026-09-01T22:35:41.000Z</time>
        <extensions>
          <ns3:TrackPointExtension>
            <ns3:hr>149</ns3:hr>
            <ns3:cad>85</ns3:cad>
          </ns3:TrackPointExtension>
        </extensions>
      </trkpt>
      <trkpt lat="35.75804977677762508392333984375" lon="139.5380158536136150360107421875">
        <ele>44.799999237060546875</ele>
        <time>2026-09-01T22:35:42.000Z</time>
        <extensions>
          <ns3:TrackPointExtension>
            <ns3:hr>149</ns3:hr>
            <ns3:cad>85</ns3:cad>
          </ns3:TrackPointExtension>
        </extensions>
      </trkpt>
      <trkpt lat="35.75806117616593837738037109375" lon="139.5380393229424953460693359375">
        <ele>44.799999237060546875</ele>
        <time>2026-09-01T22:35:43.000Z</time>
        <extensions>
          <ns3:TrackPointExtension>
            <ns3:hr>148</ns3:hr>
            <ns3:cad>85</ns3:cad>
          </ns3:TrackPointExtension>
        </extensions>
      </trkpt>
      <trkpt lat="35.7580694742500782012939453125" lon="139.5380631275475025177001953125">
        <ele>44.799999237060546875</ele>
        <time>2026-09-01T22:35:44.000Z</time>
        <extensions>
          <ns3:TrackPointExtension>
            <ns3:hr>148</ns3:hr>
            <ns3:cad>84</ns3:cad>
          </ns3:TrackPointExtension>
        </extensions>
      </trkpt>
      <trkpt lat="35.75807576067745685577392578125" lon="139.53808307647705078125">
        <ele>44.799999237060546875</ele>
        <time>2026-09-01T22:35:45.000Z</time>
        <extensions>
          <ns3:TrackPointExtension>
            <ns3:hr>148</ns3:hr>
            <ns3:cad>84</ns3:cad>
          </ns3:TrackPointExtension>
        </extensions>
      </trkpt>
      <trkpt lat="35.75808665715157985687255859375" lon="139.53811015002429485321044921875">
        <ele>45</ele>
        <time>2026-09-01T22:35:46.000Z</time>
        <extensions>
          <ns3:TrackPointExtension>
            <ns3:hr>148</ns3:hr>
            <ns3:cad>84</ns3:cad>
          </ns3:TrackPointExtension>
        </extensions>
      </trkpt>
      <trkpt lat="35.758093781769275665283203125" lon="139.53813462518155574798583984375">
        <ele>44.799999237060546875</ele>
        <time>2026-09-01T22:35:47.000Z</time>
        <extensions>
          <ns3:TrackPointExtension>
            <ns3:hr>148</ns3:hr>
            <ns3:cad>85</ns3:cad>
          </ns3:TrackPointExtension>
        </extensions>
      </trkpt>
      <trkpt lat="35.758109204471111297607421875" lon="139.53815289773046970367431640625">
        <ele>44.799999237060546875</ele>
        <time>2026-09-01T22:35:48.000Z</time>
        <extensions>
          <ns3:TrackPointExtension>
            <ns3:hr>148</ns3:hr>
            <ns3:cad>85</ns3:cad>
          </ns3:TrackPointExtension>
        </extensions>
      </trkpt>
      <trkpt lat="35.7581258006393909454345703125" lon="139.53817754052579402923583984375">
        <ele>44.799999237060546875</ele>
        <time>2026-09-01T22:35:49.000Z</time>
        <extensions>
          <ns3:TrackPointExtension>
            <ns3:hr>148</ns3:hr>
            <ns3:cad>85</ns3:cad>
          </ns3:TrackPointExtension>
        </extensions>
      </trkpt>
      <trkpt lat="35.7581372000277042388916015625" lon="139.5381997525691986083984375">
        <ele>44.799999237060546875</ele>
        <time>2026-09-01T22:35:50.000Z</time>
        <extensions>
          <ns3:TrackPointExtension>
            <ns3:hr>148</ns3:hr>
            <ns3:cad>85</ns3:cad>
          </ns3:TrackPointExtension>
        </extensions>
      </trkpt>
      <trkpt lat="35.7581475935876369476318359375" lon="139.53821542672812938690185546875">
        <ele>44.799999237060546875</ele>
        <time>2026-09-01T22:35:51.000Z</time>
        <extensions>
          <ns3:TrackPointExtension>
            <ns3:hr>148</ns3:hr>
            <ns3:cad>85</ns3:cad>
          </ns3:TrackPointExtension>
        </extensions>
      </trkpt>
      <trkpt lat="35.7581522874534130096435546875" lon="139.53823889605700969696044921875">
        <ele>44.799999237060546875</ele>
        <time>2026-09-01T22:35:52.000Z</time>
        <extensions>
          <ns3:TrackPointExtension>
            <ns3:hr>147</ns3:hr>
            <ns3:cad>84</ns3:cad>
          </ns3:TrackPointExtension>
        </extensions>
      </trkpt>
      <trkpt lat="35.75816527940332889556884765625" lon="139.53826219774782657623291015625">
        <ele>44.799999237060546875</ele>
        <time>2026-09-01T22:35:53.000Z</time>
        <extensions>
          <ns3:TrackPointExtension>
            <ns3:hr>147</ns3:hr>
            <ns3:cad>84</ns3:cad>
          </ns3:TrackPointExtension>
        </extensions>
      </trkpt>
      <trkpt lat="35.7581739127635955810546875" lon="139.53828223049640655517578125">
        <ele>44.799999237060546875</ele>
        <time>2026-09-01T22:35:54.000Z</time>
        <extensions>
          <ns3:TrackPointExtension>
            <ns3:hr>146</ns3:hr>
            <ns3:cad>84</ns3:cad>
          </ns3:TrackPointExtension>
        </extensions>
      </trkpt>
      <trkpt lat="35.75818262994289398193359375" lon="139.53830108977854251861572265625">
        <ele>44.799999237060546875</ele>
        <time>2026-09-01T22:35:55.000Z</time>
        <extensions>
          <ns3:TrackPointExtension>
            <ns3:hr>146</ns3:hr>
            <ns3:cad>84</ns3:cad>
          </ns3:TrackPointExtension>
        </extensions>
      </trkpt>
      <trkpt lat="35.7581908442080020904541015625" lon="139.53831575810909271240234375">
        <ele>44.799999237060546875</ele>
        <time>2026-09-01T22:35:56.000Z</time>
        <extensions>
          <ns3:TrackPointExtension>
            <ns3:hr>146</ns3:hr>
            <ns3:cad>85</ns3:cad>
          </ns3:TrackPointExtension>
        </extensions>
      </trkpt>
      <trkpt lat="35.75820266269147396087646484375" lon="139.5383383892476558685302734375">
        <ele>44.799999237060546875</ele>
        <time>2026-09-01T22:35:57.000Z</time>
        <extensions>
          <ns3:TrackPointExtension>
            <ns3:hr>146</ns3:hr>
            <ns3:cad>85</ns3:cad>
          </ns3:TrackPointExtension>
        </extensions>
      </trkpt>
      <trkpt lat="35.75821389444172382354736328125" lon="139.53835523687303066253662109375">
        <ele>44.799999237060546875</ele>
        <time>2026-09-01T22:35:58.000Z</time>
        <extensions>
          <ns3:TrackPointExtension>
            <ns3:hr>145</ns3:hr>
            <ns3:cad>84</ns3:cad>
          </ns3:TrackPointExtension>
        </extensions>
      </trkpt>
      <trkpt lat="35.75822009705007076263427734375" lon="139.5383709110319614410400390625">
        <ele>44.799999237060546875</ele>
        <time>2026-09-01T22:35:59.000Z</time>
        <extensions>
          <ns3:TrackPointExtension>
            <ns3:hr>145</ns3:hr>
            <ns3:cad>84</ns3:cad>
          </ns3:TrackPointExtension>
        </extensions>
      </trkpt>
      <trkpt lat="35.758228562772274017333984375" lon="139.53838909976184368133544921875">
        <ele>44.799999237060546875</ele>
        <time>2026-09-01T22:36:00.000Z</time>
        <extensions>
          <ns3:TrackPointExtension>
            <ns3:hr>145</ns3:hr>
            <ns3:cad>83</ns3:cad>
          </ns3:TrackPointExtension>
        </extensions>
      </trkpt>
      <trkpt lat="35.7582409679889678955078125" lon="139.538409300148487091064453125">
        <ele>44.799999237060546875</ele>
        <time>2026-09-01T22:36:01.000Z</time>
        <extensions>
          <ns3:TrackPointExtension>
            <ns3:hr>145</ns3:hr>
            <ns3:cad>83</ns3:cad>
          </ns3:TrackPointExtension>
        </extensions>
      </trkpt>
      <trkpt lat="35.75825102627277374267578125" lon="139.53842815943062305450439453125">
        <ele>44.799999237060546875</ele>
        <time>2026-09-01T22:36:02.000Z</time>
        <extensions>
          <ns3:TrackPointExtension>
            <ns3:hr>145</ns3:hr>
            <ns3:cad>83</ns3:cad>
          </ns3:TrackPointExtension>
        </extensions>
      </trkpt>
      <trkpt lat="35.75826150365173816680908203125" lon="139.5384440012276172637939453125">
        <ele>45</ele>
        <time>2026-09-01T22:36:03.000Z</time>
        <extensions>
          <ns3:TrackPointExtension>
            <ns3:hr>145</ns3:hr>
            <ns3:cad>83</ns3:cad>
          </ns3:TrackPointExtension>
        </extensions>
      </trkpt>
      <trkpt lat="35.7582692988216876983642578125" lon="139.53845682553946971893310546875">
        <ele>45</ele>
        <time>2026-09-01T22:36:04.000Z</time>
        <extensions>
          <ns3:TrackPointExtension>
            <ns3:hr>145</ns3:hr>
            <ns3:cad>83</ns3:cad>
          </ns3:TrackPointExtension>
        </extensions>
      </trkpt>
      <trkpt lat="35.7582806982100009918212890625" lon="139.5384735055267810821533203125">
        <ele>45</ele>
        <time>2026-09-01T22:36:05.000Z</time>
        <extensions>
          <ns3:TrackPointExtension>
            <ns3:hr>145</ns3:hr>
            <ns3:cad>81</ns3:cad>
          </ns3:TrackPointExtension>
        </extensions>
      </trkpt>
      <trkpt lat="35.75828991830348968505859375" lon="139.5384899340569972991943359375">
        <ele>44.799999237060546875</ele>
        <time>2026-09-01T22:36:06.000Z</time>
        <extensions>
          <ns3:TrackPointExtension>
            <ns3:hr>145</ns3:hr>
            <ns3:cad>81</ns3:cad>
          </ns3:TrackPointExtension>
        </extensions>
      </trkpt>
      <trkpt lat="35.7582994736731052398681640625" lon="139.5385100506246089935302734375">
        <ele>44.799999237060546875</ele>
        <time>2026-09-01T22:36:07.000Z</time>
        <extensions>
          <ns3:TrackPointExtension>
            <ns3:hr>145</ns3:hr>
            <ns3:cad>81</ns3:cad>
          </ns3:TrackPointExtension>
        </extensions>
      </trkpt>
      <trkpt lat="35.75830710120499134063720703125" lon="139.53852874226868152618408203125">
        <ele>44.799999237060546875</ele>
        <time>2026-09-01T22:36:08.000Z</time>
        <extensions>
          <ns3:TrackPointExtension>
            <ns3:hr>145</ns3:hr>
            <ns3:cad>81</ns3:cad>
          </ns3:TrackPointExtension>
        </extensions>
      </trkpt>
      <trkpt lat="35.75831397436559200286865234375" lon="139.53854215331375598907470703125">
        <ele>44.799999237060546875</ele>
        <time>2026-09-01T22:36:09.000Z</time>
        <extensions>
          <ns3:TrackPointExtension>
            <ns3:hr>144</ns3:hr>
            <ns3:cad>81</ns3:cad>
          </ns3:TrackPointExtension>
        </extensions>
      </trkpt>
      <trkpt lat="35.7583266310393810272216796875" lon="139.5385633595287799835205078125">
        <ele>44.799999237060546875</ele>
        <time>2026-09-01T22:36:10.000Z</time>
        <extensions>
          <ns3:TrackPointExtension>
            <ns3:hr>145</ns3:hr>
            <ns3:cad>81</ns3:cad>
          </ns3:TrackPointExtension>
        </extensions>
      </trkpt>
      <trkpt lat="35.75833694078028202056884765625" lon="139.53858196735382080078125">
        <ele>44.799999237060546875</ele>
        <time>2026-09-01T22:36:11.000Z</time>
        <extensions>
          <ns3:TrackPointExtension>
            <ns3:hr>145</ns3:hr>
            <ns3:cad>81</ns3:cad>
          </ns3:TrackPointExtension>
        </extensions>
      </trkpt>
      <trkpt lat="35.75834532268345355987548828125" lon="139.538594372570514678955078125">
        <ele>44.799999237060546875</ele>
        <time>2026-09-01T22:36:12.000Z</time>
        <extensions>
          <ns3:TrackPointExtension>
            <ns3:hr>144</ns3:hr>
            <ns3:cad>81</ns3:cad>
          </ns3:TrackPointExtension>
        </extensions>
      </trkpt>
      <trkpt lat="35.75835563242435455322265625" lon="139.53860870562493801116943359375">
        <ele>44.799999237060546875</ele>
        <time>2026-09-01T22:36:13.000Z</time>
        <extensions>
          <ns3:TrackPointExtension>
            <ns3:hr>144</ns3:hr>
            <ns3:cad>81</ns3:cad>
          </ns3:TrackPointExtension>
        </extensions>
      </trkpt>
      <trkpt lat="35.758366696536540985107421875" lon="139.53862479887902736663818359375">
        <ele>44.799999237060546875</ele>
        <time>2026-09-01T22:36:14.000Z</time>
        <extensions>
          <ns3:TrackPointExtension>
            <ns3:hr>144</ns3:hr>
            <ns3:cad>81</ns3:cad>
          </ns3:TrackPointExtension>
        </extensions>
      </trkpt>
      <trkpt lat="35.7583796046674251556396484375" lon="139.5386444963514804840087890625">
        <ele>44.799999237060546875</ele>
        <time>2026-09-01T22:36:15.000Z</time>
        <extensions>
          <ns3:TrackPointExtension>
            <ns3:hr>144</ns3:hr>
            <ns3:cad>81</ns3:cad>
          </ns3:TrackPointExtension>
        </extensions>
      </trkpt>
      <trkpt lat="35.75838672928512096405029296875" lon="139.5386582426726818084716796875">
        <ele>44.799999237060546875</ele>
        <time>2026-09-01T22:36:16.000Z</time>
        <extensions>
          <ns3:TrackPointExtension>
            <ns3:hr>144</ns3:hr>
            <ns3:cad>81</ns3:cad>
          </ns3:TrackPointExtension>
        </extensions>
      </trkpt>
      <trkpt lat="35.7583992183208465576171875" lon="139.5386760123074054718017578125">
        <ele>44.799999237060546875</ele>
        <time>2026-09-01T22:36:17.000Z</time>
        <extensions>
          <ns3:TrackPointExtension>
            <ns3:hr>143</ns3:hr>
            <ns3:cad>81</ns3:cad>
          </ns3:TrackPointExtension>
        </extensions>
      </trkpt>
      <trkpt lat="35.7584114558994770050048828125" lon="139.53869101591408252716064453125">
        <ele>44.799999237060546875</ele>
        <time>2026-09-01T22:36:18.000Z</time>
        <extensions>
          <ns3:TrackPointExtension>
            <ns3:hr>143</ns3:hr>
            <ns3:cad>81</ns3:cad>
          </ns3:TrackPointExtension>
        </extensions>
      </trkpt>
      <trkpt lat="35.7584188319742679595947265625" lon="139.53870467841625213623046875">
        <ele>44.799999237060546875</ele>
        <time>2026-09-01T22:36:19.000Z</time>
        <extensions>
          <ns3:TrackPointExtension>
            <ns3:hr>143</ns3:hr>
            <ns3:cad>80</ns3:cad>
          </ns3:TrackPointExtension>
        </extensions>
      </trkpt>
      <trkpt lat="35.7584302313625812530517578125" lon="139.53872211277484893798828125">
        <ele>44.799999237060546875</ele>
        <time>2026-09-01T22:36:20.000Z</time>
        <extensions>
          <ns3:TrackPointExtension>
            <ns3:hr>143</ns3:hr>
            <ns3:cad>80</ns3:cad>
          </ns3:TrackPointExtension>
        </extensions>
      </trkpt>
      <trkpt lat="35.758440457284450531005859375" lon="139.53873795457184314727783203125">
        <ele>44.799999237060546875</ele>
        <time>2026-09-01T22:36:21.000Z</time>
        <extensions>
          <ns3:TrackPointExtension>
            <ns3:hr>143</ns3:hr>
            <ns3:cad>80</ns3:cad>
          </ns3:TrackPointExtension>
        </extensions>
      </trkpt>
      <trkpt lat="35.758451186120510101318359375" lon="139.53875362873077392578125">
        <ele>44.799999237060546875</ele>
        <time>2026-09-01T22:36:22.000Z</time>
        <extensions>
          <ns3:TrackPointExtension>
            <ns3:hr>143</ns3:hr>
            <ns3:cad>80</ns3:cad>
          </ns3:TrackPointExtension>
        </extensions>
      </trkpt>
      <trkpt lat="35.75846250168979167938232421875" lon="139.5387683808803558349609375">
        <ele>44.799999237060546875</ele>
        <time>2026-09-01T22:36:23.000Z</time>
        <extensions>
          <ns3:TrackPointExtension>
            <ns3:hr>142</ns3:hr>
            <ns3:cad>82</ns3:cad>
          </ns3:TrackPointExtension>
        </extensions>
      </trkpt>
      <trkpt lat="35.7584738172590732574462890625" lon="139.5387812890112400054931640625">
        <ele>44.799999237060546875</ele>
        <time>2026-09-01T22:36:24.000Z</time>
        <extensions>
          <ns3:TrackPointExtension>
            <ns3:hr>142</ns3:hr>
            <ns3:cad>82</ns3:cad>
          </ns3:TrackPointExtension>
        </extensions>
      </trkpt>
      <trkpt lat="35.7584909163415431976318359375" lon="139.538798220455646514892578125">
        <ele>44.799999237060546875</ele>
        <time>2026-09-01T22:36:25.000Z</time>
        <extensions>
          <ns3:TrackPointExtension>
            <ns3:hr>141</ns3:hr>
            <ns3:cad>82</ns3:cad>
          </ns3:TrackPointExtension>
        </extensions>
      </trkpt>
      <trkpt lat="35.75850826688110828399658203125" lon="139.538815654814243316650390625">
        <ele>44.799999237060546875</ele>
        <time>2026-09-01T22:36:26.000Z</time>
        <extensions>
          <ns3:TrackPointExtension>
            <ns3:hr>141</ns3:hr>
            <ns3:cad>82</ns3:cad>
          </ns3:TrackPointExtension>
        </extensions>
      </trkpt>
      <trkpt lat="35.75852117501199245452880859375" lon="139.538834095001220703125">
        <ele>44.799999237060546875</ele>
        <time>2026-09-01T22:36:27.000Z</time>
        <extensions>
          <ns3:TrackPointExtension>
            <ns3:hr>141</ns3:hr>
            <ns3:cad>82</ns3:cad>
          </ns3:TrackPointExtension>
        </extensions>
      </trkpt>
      <trkpt lat="35.75853743590414524078369140625" lon="139.53885932452976703643798828125">
        <ele>44.799999237060546875</ele>
        <time>2026-09-01T22:36:28.000Z</time>
        <extensions>
          <ns3:TrackPointExtension>
            <ns3:hr>141</ns3:hr>
            <ns3:cad>82</ns3:cad>
          </ns3:TrackPointExtension>
        </extensions>
      </trkpt>
      <trkpt lat="35.75855252332985401153564453125" lon="139.53887910582125186920166015625">
        <ele>44.59999847412109375</ele>
        <time>2026-09-01T22:36:29.000Z</time>
        <extensions>
          <ns3:TrackPointExtension>
            <ns3:hr>141</ns3:hr>
            <ns3:cad>82</ns3:cad>
          </ns3:TrackPointExtension>
        </extensions>
      </trkpt>
      <trkpt lat="35.7585630007088184356689453125" lon="139.5388942770659923553466796875">
        <ele>44.59999847412109375</ele>
        <time>2026-09-01T22:36:30.000Z</time>
        <extensions>
          <ns3:TrackPointExtension>
            <ns3:hr>141</ns3:hr>
            <ns3:cad>83</ns3:cad>
          </ns3:TrackPointExtension>
        </extensions>
      </trkpt>
      <trkpt lat="35.75857817195355892181396484375" lon="139.53891581855714321136474609375">
        <ele>44.59999847412109375</ele>
        <time>2026-09-01T22:36:31.000Z</time>
        <extensions>
          <ns3:TrackPointExtension>
            <ns3:hr>141</ns3:hr>
            <ns3:cad>85</ns3:cad>
          </ns3:TrackPointExtension>
        </extensions>
      </trkpt>
      <trkpt lat="35.75858923606574535369873046875" lon="139.53892822377383708953857421875">
        <ele>44.59999847412109375</ele>
        <time>2026-09-01T22:36:32.000Z</time>
        <extensions>
          <ns3:TrackPointExtension>
            <ns3:hr>141</ns3:hr>
            <ns3:cad>85</ns3:cad>
          </ns3:TrackPointExtension>
        </extensions>
      </trkpt>
      <trkpt lat="35.75859879143536090850830078125" lon="139.53894549049437046051025390625">
        <ele>44.59999847412109375</ele>
        <time>2026-09-01T22:36:33.000Z</time>
        <extensions>
          <ns3:TrackPointExtension>
            <ns3:hr>141</ns3:hr>
            <ns3:cad>85</ns3:cad>
          </ns3:TrackPointExtension>
        </extensions>
      </trkpt>
      <trkpt lat="35.75861220248043537139892578125" lon="139.5389683730900287628173828125">
        <ele>44.59999847412109375</ele>
        <time>2026-09-01T22:36:34.000Z</time>
        <extensions>
          <ns3:TrackPointExtension>
            <ns3:hr>141</ns3:hr>
            <ns3:cad>85</ns3:cad>
          </ns3:TrackPointExtension>
        </extensions>
      </trkpt>
      <trkpt lat="35.7586218416690826416015625" lon="139.53898404724895954132080078125">
        <ele>44.59999847412109375</ele>
        <time>2026-09-01T22:36:35.000Z</time>
        <extensions>
          <ns3:TrackPointExtension>
            <ns3:hr>141</ns3:hr>
            <ns3:cad>84</ns3:cad>
          </ns3:TrackPointExtension>
        </extensions>
      </trkpt>
      <trkpt lat="35.75863466598093509674072265625" lon="139.53900449909269809722900390625">
        <ele>44.59999847412109375</ele>
        <time>2026-09-01T22:36:36.000Z</time>
        <extensions>
          <ns3:TrackPointExtension>
            <ns3:hr>141</ns3:hr>
            <ns3:cad>83</ns3:cad>
          </ns3:TrackPointExtension>
        </extensions>
      </trkpt>
      <trkpt lat="35.75865008868277072906494140625" lon="139.5390260405838489532470703125">
        <ele>44.59999847412109375</ele>
        <time>2026-09-01T22:36:37.000Z</time>
        <extensions>
          <ns3:TrackPointExtension>
            <ns3:hr>141</ns3:hr>
            <ns3:cad>83</ns3:cad>
          </ns3:TrackPointExtension>
        </extensions>
      </trkpt>
      <trkpt lat="35.7586609013378620147705078125" lon="139.53903802670538425445556640625">
        <ele>44.59999847412109375</ele>
        <time>2026-09-01T22:36:38.000Z</time>
        <extensions>
          <ns3:TrackPointExtension>
            <ns3:hr>141</ns3:hr>
            <ns3:cad>84</ns3:cad>
          </ns3:TrackPointExtension>
        </extensions>
      </trkpt>
      <trkpt lat="35.758675150573253631591796875" lon="139.53905646689236164093017578125">
        <ele>44.799999237060546875</ele>
        <time>2026-09-01T22:36:39.000Z</time>
        <extensions>
          <ns3:TrackPointExtension>
            <ns3:hr>142</ns3:hr>
            <ns3:cad>84</ns3:cad>
          </ns3:TrackPointExtension>
        </extensions>
      </trkpt>
      <trkpt lat="35.7586847059428691864013671875" lon="139.539072476327419281005859375">
        <ele>45</ele>
        <time>2026-09-01T22:36:40.000Z</time>
        <extensions>
          <ns3:TrackPointExtension>
            <ns3:hr>142</ns3:hr>
            <ns3:cad>84</ns3:cad>
          </ns3:TrackPointExtension>
        </extensions>
      </trkpt>
      <trkpt lat="35.75869417749345302581787109375" lon="139.5390837080776691436767578125">
        <ele>45</ele>
        <time>2026-09-01T22:36:41.000Z</time>
        <extensions>
          <ns3:TrackPointExtension>
            <ns3:hr>142</ns3:hr>
            <ns3:cad>84</ns3:cad>
          </ns3:TrackPointExtension>
        </extensions>
      </trkpt>
      <trkpt lat="35.75870641507208347320556640625" lon="139.53909904696047306060791015625">
        <ele>45.200000762939453125</ele>
        <time>2026-09-01T22:36:42.000Z</time>
        <extensions>
          <ns3:TrackPointExtension>
            <ns3:hr>142</ns3:hr>
            <ns3:cad>83</ns3:cad>
          </ns3:TrackPointExtension>
        </extensions>
      </trkpt>
      <trkpt lat="35.75872032903134822845458984375" lon="139.539116062223911285400390625">
        <ele>45.200000762939453125</ele>
        <time>2026-09-01T22:36:43.000Z</time>
        <extensions>
          <ns3:TrackPointExtension>
            <ns3:hr>142</ns3:hr>
            <ns3:cad>82</ns3:cad>
          </ns3:TrackPointExtension>
        </extensions>
      </trkpt>
      <trkpt lat="35.75872820802032947540283203125" lon="139.53912771306931972503662109375">
        <ele>45.200000762939453125</ele>
        <time>2026-09-01T22:36:44.000Z</time>
        <extensions>
          <ns3:TrackPointExtension>
            <ns3:hr>142</ns3:hr>
            <ns3:cad>82</ns3:cad>
          </ns3:TrackPointExtension>
        </extensions>
      </trkpt>
      <trkpt lat="35.7587447203695774078369140625" lon="139.5391450636088848114013671875">
        <ele>45.200000762939453125</ele>
        <time>2026-09-01T22:36:45.000Z</time>
        <extensions>
          <ns3:TrackPointExtension>
            <ns3:hr>142</ns3:hr>
            <ns3:cad>81</ns3:cad>
          </ns3:TrackPointExtension>
        </extensions>
      </trkpt>
      <trkpt lat="35.7587561197578907012939453125" lon="139.539156965911388397216796875">
        <ele>45.200000762939453125</ele>
        <time>2026-09-01T22:36:46.000Z</time>
        <extensions>
          <ns3:TrackPointExtension>
            <ns3:hr>142</ns3:hr>
            <ns3:cad>81</ns3:cad>
          </ns3:TrackPointExtension>
        </extensions>
      </trkpt>
      <trkpt lat="35.75876676477491855621337890625" lon="139.53917280770838260650634765625">
        <ele>45.200000762939453125</ele>
        <time>2026-09-01T22:36:47.000Z</time>
        <extensions>
          <ns3:TrackPointExtension>
            <ns3:hr>142</ns3:hr>
            <ns3:cad>81</ns3:cad>
          </ns3:TrackPointExtension>
        </extensions>
      </trkpt>
      <trkpt lat="35.75878084637224674224853515625" lon="139.5391930080950260162353515625">
        <ele>45.200000762939453125</ele>
        <time>2026-09-01T22:36:48.000Z</time>
        <extensions>
          <ns3:TrackPointExtension>
            <ns3:hr>142</ns3:hr>
            <ns3:cad>81</ns3:cad>
          </ns3:TrackPointExtension>
        </extensions>
      </trkpt>
      <trkpt lat="35.7587926648557186126708984375" lon="139.5392055809497833251953125">
        <ele>45.200000762939453125</ele>
        <time>2026-09-01T22:36:49.000Z</time>
        <extensions>
          <ns3:TrackPointExtension>
            <ns3:hr>143</ns3:hr>
            <ns3:cad>81</ns3:cad>
          </ns3:TrackPointExtension>
        </extensions>
      </trkpt>
      <trkpt lat="35.75880649499595165252685546875" lon="139.53922343440353870391845703125">
        <ele>45</ele>
        <time>2026-09-01T22:36:50.000Z</time>
        <extensions>
          <ns3:TrackPointExtension>
            <ns3:hr>143</ns3:hr>
            <ns3:cad>81</ns3:cad>
          </ns3:TrackPointExtension>
        </extensions>
      </trkpt>
      <trkpt lat="35.75882158242166042327880859375" lon="139.53924321569502353668212890625">
        <ele>44.799999237060546875</ele>
        <time>2026-09-01T22:36:51.000Z</time>
        <extensions>
          <ns3:TrackPointExtension>
            <ns3:hr>143</ns3:hr>
            <ns3:cad>82</ns3:cad>
          </ns3:TrackPointExtension>
        </extensions>
      </trkpt>
      <trkpt lat="35.758832730352878570556640625" lon="139.5392620749771595001220703125">
        <ele>44.799999237060546875</ele>
        <time>2026-09-01T22:36:52.000Z</time>
        <extensions>
          <ns3:TrackPointExtension>
            <ns3:hr>143</ns3:hr>
            <ns3:cad>82</ns3:cad>
          </ns3:TrackPointExtension>
        </extensions>
      </trkpt>
      <trkpt lat="35.7588402740657329559326171875" lon="139.53927707858383655548095703125">
        <ele>44.59999847412109375</ele>
        <time>2026-09-01T22:36:53.000Z</time>
        <extensions>
          <ns3:TrackPointExtension>
            <ns3:hr>143</ns3:hr>
            <ns3:cad>83</ns3:cad>
          </ns3:TrackPointExtension>
        </extensions>
      </trkpt>
      <trkpt lat="35.7588520087301731109619140625" lon="139.53929468058049678802490234375">
        <ele>44.59999847412109375</ele>
        <time>2026-09-01T22:36:54.000Z</time>
        <extensions>
          <ns3:TrackPointExtension>
            <ns3:hr>142</ns3:hr>
            <ns3:cad>83</ns3:cad>
          </ns3:TrackPointExtension>
        </extensions>
      </trkpt>
      <trkpt lat="35.7588697783648967742919921875" lon="139.5393143780529499053955078125">
        <ele>44.59999847412109375</ele>
        <time>2026-09-01T22:36:55.000Z</time>
        <extensions>
          <ns3:TrackPointExtension>
            <ns3:hr>142</ns3:hr>
            <ns3:cad>83</ns3:cad>
          </ns3:TrackPointExtension>
        </extensions>
      </trkpt>
      <trkpt lat="35.75888277031481266021728515625" lon="139.53933021984994411468505859375">
        <ele>44.59999847412109375</ele>
        <time>2026-09-01T22:36:56.000Z</time>
        <extensions>
          <ns3:TrackPointExtension>
            <ns3:hr>141</ns3:hr>
            <ns3:cad>83</ns3:cad>
          </ns3:TrackPointExtension>
        </extensions>
      </trkpt>
      <trkpt lat="35.7588972710072994232177734375" lon="139.539350084960460662841796875">
        <ele>44.59999847412109375</ele>
        <time>2026-09-01T22:36:57.000Z</time>
        <extensions>
          <ns3:TrackPointExtension>
            <ns3:hr>141</ns3:hr>
            <ns3:cad>83</ns3:cad>
          </ns3:TrackPointExtension>
        </extensions>
      </trkpt>
      <trkpt lat="35.75891311280429363250732421875" lon="139.5393696986138820648193359375">
        <ele>44.40000152587890625</ele>
        <time>2026-09-01T22:36:58.000Z</time>
        <extensions>
          <ns3:TrackPointExtension>
            <ns3:hr>141</ns3:hr>
            <ns3:cad>83</ns3:cad>
          </ns3:TrackPointExtension>
        </extensions>
      </trkpt>
      <trkpt lat="35.75892962515354156494140625" lon="139.53939358703792095184326171875">
        <ele>44.40000152587890625</ele>
        <time>2026-09-01T22:36:59.000Z</time>
        <extensions>
          <ns3:TrackPointExtension>
            <ns3:hr>141</ns3:hr>
            <ns3:cad>83</ns3:cad>
          </ns3:TrackPointExtension>
        </extensions>
      </trkpt>
      <trkpt lat="35.75894303619861602783203125" lon="139.539411105215549468994140625">
        <ele>44.40000152587890625</ele>
        <time>2026-09-01T22:37:00.000Z</time>
        <extensions>
          <ns3:TrackPointExtension>
            <ns3:hr>141</ns3:hr>
            <ns3:cad>83</ns3:cad>
          </ns3:TrackPointExtension>
        </extensions>
      </trkpt>
      <trkpt lat="35.7589598000049591064453125" lon="139.5394260250031948089599609375">
        <ele>44.40000152587890625</ele>
        <time>2026-09-01T22:37:01.000Z</time>
        <extensions>
          <ns3:TrackPointExtension>
            <ns3:hr>141</ns3:hr>
            <ns3:cad>85</ns3:cad>
          </ns3:TrackPointExtension>
        </extensions>
      </trkpt>
      <trkpt lat="35.75897228904068470001220703125" lon="139.53943834640085697174072265625">
        <ele>44.40000152587890625</ele>
        <time>2026-09-01T22:37:02.000Z</time>
        <extensions>
          <ns3:TrackPointExtension>
            <ns3:hr>141</ns3:hr>
            <ns3:cad>86</ns3:cad>
          </ns3:TrackPointExtension>
        </extensions>
      </trkpt>
      <trkpt lat="35.75898653827607631683349609375" lon="139.53945435583591461181640625">
        <ele>44.40000152587890625</ele>
        <time>2026-09-01T22:37:03.000Z</time>
        <extensions>
          <ns3:TrackPointExtension>
            <ns3:hr>141</ns3:hr>
            <ns3:cad>86</ns3:cad>
          </ns3:TrackPointExtension>
        </extensions>
      </trkpt>
      <trkpt lat="35.75900070369243621826171875" lon="139.53946969471871852874755859375">
        <ele>44.200000762939453125</ele>
        <time>2026-09-01T22:37:04.000Z</time>
        <extensions>
          <ns3:TrackPointExtension>
            <ns3:hr>141</ns3:hr>
            <ns3:cad>86</ns3:cad>
          </ns3:TrackPointExtension>
        </extensions>
      </trkpt>
      <trkpt lat="35.75901587493717670440673828125" lon="139.53948746435344219207763671875">
        <ele>44.200000762939453125</ele>
        <time>2026-09-01T22:37:05.000Z</time>
        <extensions>
          <ns3:TrackPointExtension>
            <ns3:hr>141</ns3:hr>
            <ns3:cad>85</ns3:cad>
          </ns3:TrackPointExtension>
        </extensions>
      </trkpt>
      <trkpt lat="35.75903297401964664459228515625" lon="139.53951294533908367156982421875">
        <ele>44.200000762939453125</ele>
        <time>2026-09-01T22:37:06.000Z</time>
        <extensions>
          <ns3:TrackPointExtension>
            <ns3:hr>141</ns3:hr>
            <ns3:cad>85</ns3:cad>
          </ns3:TrackPointExtension>
        </extensions>
      </trkpt>
      <trkpt lat="35.7590491510927677154541015625" lon="139.5395329780876636505126953125">
        <ele>44.200000762939453125</ele>
        <time>2026-09-01T22:37:07.000Z</time>
        <extensions>
          <ns3:TrackPointExtension>
            <ns3:hr>141</ns3:hr>
            <ns3:cad>84</ns3:cad>
          </ns3:TrackPointExtension>
        </extensions>
      </trkpt>
      <trkpt lat="35.75906264595687389373779296875" lon="139.5395500771701335906982421875">
        <ele>44.200000762939453125</ele>
        <time>2026-09-01T22:37:08.000Z</time>
        <extensions>
          <ns3:TrackPointExtension>
            <ns3:hr>140</ns3:hr>
            <ns3:cad>84</ns3:cad>
          </ns3:TrackPointExtension>
        </extensions>
      </trkpt>
      <trkpt lat="35.75908896513283252716064453125" lon="139.53957413323223590850830078125">
        <ele>44.200000762939453125</ele>
        <time>2026-09-01T22:37:09.000Z</time>
        <extensions>
          <ns3:TrackPointExtension>
            <ns3:hr>140</ns3:hr>
            <ns3:cad>85</ns3:cad>
          </ns3:TrackPointExtension>
        </extensions>
      </trkpt>
      <trkpt lat="35.7591073215007781982421875" lon="139.53959123231470584869384765625">
        <ele>44.200000762939453125</ele>
        <time>2026-09-01T22:37:10.000Z</time>
        <extensions>
          <ns3:TrackPointExtension>
            <ns3:hr>140</ns3:hr>
            <ns3:cad>85</ns3:cad>
          </ns3:TrackPointExtension>
        </extensions>
      </trkpt>
      <trkpt lat="35.759122073650360107421875" lon="139.53960464335978031158447265625">
        <ele>44.200000762939453125</ele>
        <time>2026-09-01T22:37:11.000Z</time>
        <extensions>
          <ns3:TrackPointExtension>
            <ns3:hr>140</ns3:hr>
            <ns3:cad>87</ns3:cad>
          </ns3:TrackPointExtension>
        </extensions>
      </trkpt>
      <trkpt lat="35.75914076529443264007568359375" lon="139.5396266877651214599609375">
        <ele>44.200000762939453125</ele>
        <time>2026-09-01T22:37:12.000Z</time>
        <extensions>
          <ns3:TrackPointExtension>
            <ns3:hr>140</ns3:hr>
            <ns3:cad>87</ns3:cad>
          </ns3:TrackPointExtension>
        </extensions>
      </trkpt>
      <trkpt lat="35.75915819965302944183349609375" lon="139.5396469719707965850830078125">
        <ele>44.200000762939453125</ele>
        <time>2026-09-01T22:37:13.000Z</time>
        <extensions>
          <ns3:TrackPointExtension>
            <ns3:hr>140</ns3:hr>
            <ns3:cad>86</ns3:cad>
          </ns3:TrackPointExtension>
        </extensions>
      </trkpt>
      <trkpt lat="35.75917529873549938201904296875" lon="139.53966868110001087188720703125">
        <ele>44.200000762939453125</ele>
        <time>2026-09-01T22:37:14.000Z</time>
        <extensions>
          <ns3:TrackPointExtension>
            <ns3:hr>140</ns3:hr>
            <ns3:cad>86</ns3:cad>
          </ns3:TrackPointExtension>
        </extensions>
      </trkpt>
      <trkpt lat="35.75919005088508129119873046875" lon="139.53969500027596950531005859375">
        <ele>44</ele>
        <time>2026-09-01T22:37:15.000Z</time>
        <extensions>
          <ns3:TrackPointExtension>
            <ns3:hr>141</ns3:hr>
            <ns3:cad>86</ns3:cad>
          </ns3:TrackPointExtension>
        </extensions>
      </trkpt>
      <trkpt lat="35.75919994153082370758056640625" lon="139.5397133566439151763916015625">
        <ele>44</ele>
        <time>2026-09-01T22:37:16.000Z</time>
        <extensions>
          <ns3:TrackPointExtension>
            <ns3:hr>142</ns3:hr>
            <ns3:cad>86</ns3:cad>
          </ns3:TrackPointExtension>
        </extensions>
      </trkpt>
      <trkpt lat="35.75921528041362762451171875" lon="139.5397391729056835174560546875">
        <ele>44</ele>
        <time>2026-09-01T22:37:17.000Z</time>
        <extensions>
          <ns3:TrackPointExtension>
            <ns3:hr>143</ns3:hr>
            <ns3:cad>86</ns3:cad>
          </ns3:TrackPointExtension>
        </extensions>
      </trkpt>
      <trkpt lat="35.7592211477458477020263671875" lon="139.53976037912070751190185546875">
        <ele>44</ele>
        <time>2026-09-01T22:37:18.000Z</time>
        <extensions>
          <ns3:TrackPointExtension>
            <ns3:hr>144</ns3:hr>
            <ns3:cad>86</ns3:cad>
          </ns3:TrackPointExtension>
        </extensions>
      </trkpt>
      <trkpt lat="35.75923263095319271087646484375" lon="139.53978485427796840667724609375">
        <ele>44</ele>
        <time>2026-09-01T22:37:19.000Z</time>
        <extensions>
          <ns3:TrackPointExtension>
            <ns3:hr>144</ns3:hr>
            <ns3:cad>86</ns3:cad>
          </ns3:TrackPointExtension>
        </extensions>
      </trkpt>
      <trkpt lat="35.75924285687506198883056640625" lon="139.539814777672290802001953125">
        <ele>44</ele>
        <time>2026-09-01T22:37:20.000Z</time>
        <extensions>
          <ns3:TrackPointExtension>
            <ns3:hr>145</ns3:hr>
            <ns3:cad>86</ns3:cad>
          </ns3:TrackPointExtension>
        </extensions>
      </trkpt>
      <trkpt lat="35.759258531033992767333984375" lon="139.5398327149450778961181640625">
        <ele>44</ele>
        <time>2026-09-01T22:37:21.000Z</time>
        <extensions>
          <ns3:TrackPointExtension>
            <ns3:hr>146</ns3:hr>
            <ns3:cad>86</ns3:cad>
          </ns3:TrackPointExtension>
        </extensions>
      </trkpt>
      <trkpt lat="35.75928074307739734649658203125" lon="139.5398558489978313446044921875">
        <ele>44.200000762939453125</ele>
        <time>2026-09-01T22:37:22.000Z</time>
        <extensions>
          <ns3:TrackPointExtension>
            <ns3:hr>146</ns3:hr>
            <ns3:cad>86</ns3:cad>
          </ns3:TrackPointExtension>
        </extensions>
      </trkpt>
      <trkpt lat="35.75929214246571063995361328125" lon="139.53987437300384044647216796875">
        <ele>44.200000762939453125</ele>
        <time>2026-09-01T22:37:23.000Z</time>
        <extensions>
          <ns3:TrackPointExtension>
            <ns3:hr>146</ns3:hr>
            <ns3:cad>86</ns3:cad>
          </ns3:TrackPointExtension>
        </extensions>
      </trkpt>
      <trkpt lat="35.75930471532046794891357421875" lon="139.53989046625792980194091796875">
        <ele>44</ele>
        <time>2026-09-01T22:37:24.000Z</time>
        <extensions>
          <ns3:TrackPointExtension>
            <ns3:hr>146</ns3:hr>
            <ns3:cad>86</ns3:cad>
          </ns3:TrackPointExtension>
        </extensions>
      </trkpt>
      <trkpt lat="35.75932768173515796661376953125" lon="139.53991745598614215850830078125">
        <ele>44</ele>
        <time>2026-09-01T22:37:25.000Z</time>
        <extensions>
          <ns3:TrackPointExtension>
            <ns3:hr>146</ns3:hr>
            <ns3:cad>86</ns3:cad>
          </ns3:TrackPointExtension>
        </extensions>
      </trkpt>
      <trkpt lat="35.75934243388473987579345703125" lon="139.53994209878146648406982421875">
        <ele>44</ele>
        <time>2026-09-01T22:37:26.000Z</time>
        <extensions>
          <ns3:TrackPointExtension>
            <ns3:hr>146</ns3:hr>
            <ns3:cad>86</ns3:cad>
          </ns3:TrackPointExtension>
        </extensions>
      </trkpt>
      <trkpt lat="35.75934997759759426116943359375" lon="139.53995886258780956268310546875">
        <ele>44</ele>
        <time>2026-09-01T22:37:27.000Z</time>
        <extensions>
          <ns3:TrackPointExtension>
            <ns3:hr>145</ns3:hr>
            <ns3:cad>85</ns3:cad>
          </ns3:TrackPointExtension>
        </extensions>
      </trkpt>
      <trkpt lat="35.75936573557555675506591796875" lon="139.53998140990734100341796875">
        <ele>44</ele>
        <time>2026-09-01T22:37:28.000Z</time>
        <extensions>
          <ns3:TrackPointExtension>
            <ns3:hr>145</ns3:hr>
            <ns3:cad>85</ns3:cad>
          </ns3:TrackPointExtension>
        </extensions>
      </trkpt>
      <trkpt lat="35.75938032008707523345947265625" lon="139.540003202855587005615234375">
        <ele>44</ele>
        <time>2026-09-01T22:37:29.000Z</time>
        <extensions>
          <ns3:TrackPointExtension>
            <ns3:hr>146</ns3:hr>
            <ns3:cad>84</ns3:cad>
          </ns3:TrackPointExtension>
        </extensions>
      </trkpt>
      <trkpt lat="35.75939021073281764984130859375" lon="139.5400218106806278228759765625">
        <ele>44</ele>
        <time>2026-09-01T22:37:30.000Z</time>
        <extensions>
          <ns3:TrackPointExtension>
            <ns3:hr>146</ns3:hr>
            <ns3:cad>84</ns3:cad>
          </ns3:TrackPointExtension>
        </extensions>
      </trkpt>
      <trkpt lat="35.75940513052046298980712890625" lon="139.54004955478012561798095703125">
        <ele>44</ele>
        <time>2026-09-01T22:37:31.000Z</time>
        <extensions>
          <ns3:TrackPointExtension>
            <ns3:hr>146</ns3:hr>
            <ns3:cad>84</ns3:cad>
          </ns3:TrackPointExtension>
        </extensions>
      </trkpt>
      <trkpt lat="35.75941652990877628326416015625" lon="139.54006598331034183502197265625">
        <ele>44</ele>
        <time>2026-09-01T22:37:32.000Z</time>
        <extensions>
          <ns3:TrackPointExtension>
            <ns3:hr>145</ns3:hr>
            <ns3:cad>84</ns3:cad>
          </ns3:TrackPointExtension>
        </extensions>
      </trkpt>
      <trkpt lat="35.7594310306012630462646484375" lon="139.54008576460182666778564453125">
        <ele>44</ele>
        <time>2026-09-01T22:37:33.000Z</time>
        <extensions>
          <ns3:TrackPointExtension>
            <ns3:hr>145</ns3:hr>
            <ns3:cad>85</ns3:cad>
          </ns3:TrackPointExtension>
        </extensions>
      </trkpt>
      <trkpt lat="35.7594474591314792633056640625" lon="139.54010839574038982391357421875">
        <ele>44</ele>
        <time>2026-09-01T22:37:34.000Z</time>
        <extensions>
          <ns3:TrackPointExtension>
            <ns3:hr>145</ns3:hr>
            <ns3:cad>86</ns3:cad>
          </ns3:TrackPointExtension>
        </extensions>
      </trkpt>
      <trkpt lat="35.75946045108139514923095703125" lon="139.5401277579367160797119140625">
        <ele>44</ele>
        <time>2026-09-01T22:37:35.000Z</time>
        <extensions>
          <ns3:TrackPointExtension>
            <ns3:hr>145</ns3:hr>
            <ns3:cad>86</ns3:cad>
          </ns3:TrackPointExtension>
        </extensions>
      </trkpt>
      <trkpt lat="35.75947687961161136627197265625" lon="139.54014510847628116607666015625">
        <ele>44</ele>
        <time>2026-09-01T22:37:36.000Z</time>
        <extensions>
          <ns3:TrackPointExtension>
            <ns3:hr>145</ns3:hr>
            <ns3:cad>85</ns3:cad>
          </ns3:TrackPointExtension>
        </extensions>
      </trkpt>
      <trkpt lat="35.759489536285400390625" lon="139.54016857780516147613525390625">
        <ele>44</ele>
        <time>2026-09-01T22:37:37.000Z</time>
        <extensions>
          <ns3:TrackPointExtension>
            <ns3:hr>145</ns3:hr>
            <ns3:cad>85</ns3:cad>
          </ns3:TrackPointExtension>
        </extensions>
      </trkpt>
      <trkpt lat="35.75950118713080883026123046875" lon="139.54019196331501007080078125">
        <ele>43.799999237060546875</ele>
        <time>2026-09-01T22:37:38.000Z</time>
        <extensions>
          <ns3:TrackPointExtension>
            <ns3:hr>145</ns3:hr>
            <ns3:cad>84</ns3:cad>
          </ns3:TrackPointExtension>
        </extensions>
      </trkpt>
      <trkpt lat="35.7595094852149486541748046875" lon="139.54020805656909942626953125">
        <ele>43.799999237060546875</ele>
        <time>2026-09-01T22:37:39.000Z</time>
        <extensions>
          <ns3:TrackPointExtension>
            <ns3:hr>145</ns3:hr>
            <ns3:cad>84</ns3:cad>
          </ns3:TrackPointExtension>
        </extensions>
      </trkpt>
      <trkpt lat="35.7595239020884037017822265625" lon="139.54022959806025028228759765625">
        <ele>43.799999237060546875</ele>
        <time>2026-09-01T22:37:40.000Z</time>
        <extensions>
          <ns3:TrackPointExtension>
            <ns3:hr>145</ns3:hr>
            <ns3:cad>85</ns3:cad>
          </ns3:TrackPointExtension>
        </extensions>
      </trkpt>
      <trkpt lat="35.7595376484096050262451171875" lon="139.54024787060916423797607421875">
        <ele>43.799999237060546875</ele>
        <time>2026-09-01T22:37:41.000Z</time>
        <extensions>
          <ns3:TrackPointExtension>
            <ns3:hr>145</ns3:hr>
            <ns3:cad>85</ns3:cad>
          </ns3:TrackPointExtension>
        </extensions>
      </trkpt>
      <trkpt lat="35.75955164618790149688720703125" lon="139.54026312567293643951416015625">
        <ele>43.799999237060546875</ele>
        <time>2026-09-01T22:37:42.000Z</time>
        <extensions>
          <ns3:TrackPointExtension>
            <ns3:hr>144</ns3:hr>
            <ns3:cad>85</ns3:cad>
          </ns3:TrackPointExtension>
        </extensions>
      </trkpt>
      <trkpt lat="35.7595644704997539520263671875" lon="139.540284834802150726318359375">
        <ele>44</ele>
        <time>2026-09-01T22:37:43.000Z</time>
        <extensions>
          <ns3:TrackPointExtension>
            <ns3:hr>144</ns3:hr>
            <ns3:cad>85</ns3:cad>
          </ns3:TrackPointExtension>
        </extensions>
      </trkpt>
      <trkpt lat="35.75957469642162322998046875" lon="139.54030193388462066650390625">
        <ele>44</ele>
        <time>2026-09-01T22:37:44.000Z</time>
        <extensions>
          <ns3:TrackPointExtension>
            <ns3:hr>144</ns3:hr>
            <ns3:cad>84</ns3:cad>
          </ns3:TrackPointExtension>
        </extensions>
      </trkpt>
      <trkpt lat="35.75958768837153911590576171875" lon="139.540320374071598052978515625">
        <ele>44.200000762939453125</ele>
        <time>2026-09-01T22:37:45.000Z</time>
        <extensions>
          <ns3:TrackPointExtension>
            <ns3:hr>144</ns3:hr>
            <ns3:cad>83</ns3:cad>
          </ns3:TrackPointExtension>
        </extensions>
      </trkpt>
      <trkpt lat="35.759597830474376678466796875" lon="139.540335796773433685302734375">
        <ele>44.200000762939453125</ele>
        <time>2026-09-01T22:37:46.000Z</time>
        <extensions>
          <ns3:TrackPointExtension>
            <ns3:hr>144</ns3:hr>
            <ns3:cad>81</ns3:cad>
          </ns3:TrackPointExtension>
        </extensions>
      </trkpt>
      <trkpt lat="35.7596073858439922332763671875" lon="139.54035155475139617919921875">
        <ele>44.40000152587890625</ele>
        <time>2026-09-01T22:37:47.000Z</time>
        <extensions>
          <ns3:TrackPointExtension>
            <ns3:hr>144</ns3:hr>
            <ns3:cad>81</ns3:cad>
          </ns3:TrackPointExtension>
        </extensions>
      </trkpt>
      <trkpt lat="35.75961383990943431854248046875" lon="139.54036387614905834197998046875">
        <ele>44.59999847412109375</ele>
        <time>2026-09-01T22:37:48.000Z</time>
        <extensions>
          <ns3:TrackPointExtension>
            <ns3:hr>144</ns3:hr>
            <ns3:cad>81</ns3:cad>
          </ns3:TrackPointExtension>
        </extensions>
      </trkpt>
      <trkpt lat="35.75962423346936702728271484375" lon="139.54038231633603572845458984375">
        <ele>44.799999237060546875</ele>
        <time>2026-09-01T22:37:49.000Z</time>
        <extensions>
          <ns3:TrackPointExtension>
            <ns3:hr>144</ns3:hr>
            <ns3:cad>81</ns3:cad>
          </ns3:TrackPointExtension>
        </extensions>
      </trkpt>
      <trkpt lat="35.759632028639316558837890625" lon="139.54039447009563446044921875">
        <ele>44.799999237060546875</ele>
        <time>2026-09-01T22:37:50.000Z</time>
        <extensions>
          <ns3:TrackPointExtension>
            <ns3:hr>144</ns3:hr>
            <ns3:cad>81</ns3:cad>
          </ns3:TrackPointExtension>
        </extensions>
      </trkpt>
      <trkpt lat="35.75964451767504215240478515625" lon="139.5404097251594066619873046875">
        <ele>44.799999237060546875</ele>
        <time>2026-09-01T22:37:51.000Z</time>
        <extensions>
          <ns3:TrackPointExtension>
            <ns3:hr>144</ns3:hr>
            <ns3:cad>81</ns3:cad>
          </ns3:TrackPointExtension>
        </extensions>
      </trkpt>
      <trkpt lat="35.75965977273881435394287109375" lon="139.54042456112802028656005859375">
        <ele>44.799999237060546875</ele>
        <time>2026-09-01T22:37:52.000Z</time>
        <extensions>
          <ns3:TrackPointExtension>
            <ns3:hr>144</ns3:hr>
            <ns3:cad>81</ns3:cad>
          </ns3:TrackPointExtension>
        </extensions>
      </trkpt>
      <trkpt lat="35.75967117212712764739990234375" lon="139.54043679870665073394775390625">
        <ele>44.799999237060546875</ele>
        <time>2026-09-01T22:37:53.000Z</time>
        <extensions>
          <ns3:TrackPointExtension>
            <ns3:hr>144</ns3:hr>
            <ns3:cad>81</ns3:cad>
          </ns3:TrackPointExtension>
        </extensions>
      </trkpt>
      <trkpt lat="35.759685672819614410400390625" lon="139.540449120104312896728515625">
        <ele>44.799999237060546875</ele>
        <time>2026-09-01T22:37:54.000Z</time>
        <extensions>
          <ns3:TrackPointExtension>
            <ns3:hr>144</ns3:hr>
            <ns3:cad>82</ns3:cad>
          </ns3:TrackPointExtension>
        </extensions>
      </trkpt>
      <trkpt lat="35.75969765894114971160888671875" lon="139.54045792110264301300048828125">
        <ele>44.59999847412109375</ele>
        <time>2026-09-01T22:37:55.000Z</time>
        <extensions>
          <ns3:TrackPointExtension>
            <ns3:hr>143</ns3:hr>
            <ns3:cad>82</ns3:cad>
          </ns3:TrackPointExtension>
        </extensions>
      </trkpt>
      <trkpt lat="35.75971283018589019775390625" lon="139.5404744334518909454345703125">
        <ele>44.59999847412109375</ele>
        <time>2026-09-01T22:37:56.000Z</time>
        <extensions>
          <ns3:TrackPointExtension>
            <ns3:hr>143</ns3:hr>
            <ns3:cad>82</ns3:cad>
          </ns3:TrackPointExtension>
        </extensions>
      </trkpt>
      <trkpt lat="35.7597243972122669219970703125" lon="139.5404851622879505157470703125">
        <ele>44.40000152587890625</ele>
        <time>2026-09-01T22:37:57.000Z</time>
        <extensions>
          <ns3:TrackPointExtension>
            <ns3:hr>142</ns3:hr>
            <ns3:cad>81</ns3:cad>
          </ns3:TrackPointExtension>
        </extensions>
      </trkpt>
      <trkpt lat="35.7597376406192779541015625" lon="139.54049781896173954010009765625">
        <ele>44.40000152587890625</ele>
        <time>2026-09-01T22:37:58.000Z</time>
        <extensions>
          <ns3:TrackPointExtension>
            <ns3:hr>142</ns3:hr>
            <ns3:cad>81</ns3:cad>
          </ns3:TrackPointExtension>
        </extensions>
      </trkpt>
      <trkpt lat="35.759750045835971832275390625" lon="139.5405113138258457183837890625">
        <ele>44.40000152587890625</ele>
        <time>2026-09-01T22:37:59.000Z</time>
        <extensions>
          <ns3:TrackPointExtension>
            <ns3:hr>142</ns3:hr>
            <ns3:cad>80</ns3:cad>
          </ns3:TrackPointExtension>
        </extensions>
      </trkpt>
      <trkpt lat="35.75976253487169742584228515625" lon="139.5405274070799350738525390625">
        <ele>44.200000762939453125</ele>
        <time>2026-09-01T22:38:00.000Z</time>
        <extensions>
          <ns3:TrackPointExtension>
            <ns3:hr>141</ns3:hr>
            <ns3:cad>80</ns3:cad>
          </ns3:TrackPointExtension>
        </extensions>
      </trkpt>
      <trkpt lat="35.759774185717105865478515625" lon="139.54054408706724643707275390625">
        <ele>44.200000762939453125</ele>
        <time>2026-09-01T22:38:01.000Z</time>
        <extensions>
          <ns3:TrackPointExtension>
            <ns3:hr>141</ns3:hr>
            <ns3:cad>80</ns3:cad>
          </ns3:TrackPointExtension>
        </extensions>
      </trkpt>
      <trkpt lat="35.75978566892445087432861328125" lon="139.5405602641403675079345703125">
        <ele>44</ele>
        <time>2026-09-01T22:38:02.000Z</time>
        <extensions>
          <ns3:TrackPointExtension>
            <ns3:hr>141</ns3:hr>
            <ns3:cad>81</ns3:cad>
          </ns3:TrackPointExtension>
        </extensions>
      </trkpt>
      <trkpt lat="35.75979731976985931396484375" lon="139.5405800454318523406982421875">
        <ele>44</ele>
        <time>2026-09-01T22:38:03.000Z</time>
        <extensions>
          <ns3:TrackPointExtension>
            <ns3:hr>141</ns3:hr>
            <ns3:cad>81</ns3:cad>
          </ns3:TrackPointExtension>
        </extensions>
      </trkpt>
      <trkpt lat="35.7598115690052509307861328125" lon="139.54060426913201808929443359375">
        <ele>43.799999237060546875</ele>
        <time>2026-09-01T22:38:04.000Z</time>
        <extensions>
          <ns3:TrackPointExtension>
            <ns3:hr>141</ns3:hr>
            <ns3:cad>81</ns3:cad>
          </ns3:TrackPointExtension>
        </extensions>
      </trkpt>
      <trkpt lat="35.75982280075550079345703125" lon="139.54062111675739288330078125">
        <ele>43.59999847412109375</ele>
        <time>2026-09-01T22:38:05.000Z</time>
        <extensions>
          <ns3:TrackPointExtension>
            <ns3:hr>141</ns3:hr>
            <ns3:cad>82</ns3:cad>
          </ns3:TrackPointExtension>
        </extensions>
      </trkpt>
      <trkpt lat="35.759837888181209564208984375" lon="139.54063846729695796966552734375">
        <ele>43.40000152587890625</ele>
        <time>2026-09-01T22:38:06.000Z</time>
        <extensions>
          <ns3:TrackPointExtension>
            <ns3:hr>141</ns3:hr>
            <ns3:cad>82</ns3:cad>
          </ns3:TrackPointExtension>
        </extensions>
      </trkpt>
      <trkpt lat="35.75984652154147624969482421875" lon="139.540657661855220794677734375">
        <ele>43.200000762939453125</ele>
        <time>2026-09-01T22:38:07.000Z</time>
        <extensions>
          <ns3:TrackPointExtension>
            <ns3:hr>142</ns3:hr>
            <ns3:cad>83</ns3:cad>
          </ns3:TrackPointExtension>
        </extensions>
      </trkpt>
      <trkpt lat="35.75985356234014034271240234375" lon="139.54067601822316646575927734375">
        <ele>43.200000762939453125</ele>
        <time>2026-09-01T22:38:08.000Z</time>
        <extensions>
          <ns3:TrackPointExtension>
            <ns3:hr>143</ns3:hr>
            <ns3:cad>83</ns3:cad>
          </ns3:TrackPointExtension>
        </extensions>
      </trkpt>
      <trkpt lat="35.75985155068337917327880859375" lon="139.54068222083151340484619140625">
        <ele>43.200000762939453125</ele>
        <time>2026-09-01T22:38:09.000Z</time>
        <extensions>
          <ns3:TrackPointExtension>
            <ns3:hr>143</ns3:hr>
            <ns3:cad>85</ns3:cad>
          </ns3:TrackPointExtension>
        </extensions>
      </trkpt>
      <trkpt lat="35.75984166003763675689697265625" lon="139.5406687259674072265625">
        <ele>43.200000762939453125</ele>
        <time>2026-09-01T22:38:10.000Z</time>
        <extensions>
          <ns3:TrackPointExtension>
            <ns3:hr>143</ns3:hr>
            <ns3:cad>85</ns3:cad>
          </ns3:TrackPointExtension>
        </extensions>
      </trkpt>
      <trkpt lat="35.7598293386399745941162109375" lon="139.5406507886946201324462890625">
        <ele>43.200000762939453125</ele>
        <time>2026-09-01T22:38:11.000Z</time>
        <extensions>
          <ns3:TrackPointExtension>
            <ns3:hr>143</ns3:hr>
            <ns3:cad>84</ns3:cad>
          </ns3:TrackPointExtension>
        </extensions>
      </trkpt>
      <trkpt lat="35.7598162628710269927978515625" lon="139.5406303368508815765380859375">
        <ele>43.200000762939453125</ele>
        <time>2026-09-01T22:38:12.000Z</time>
        <extensions>
          <ns3:TrackPointExtension>
            <ns3:hr>143</ns3:hr>
            <ns3:cad>84</ns3:cad>
          </ns3:TrackPointExtension>
        </extensions>
      </trkpt>
      <trkpt lat="35.7598046958446502685546875" lon="139.5406135730445384979248046875">
        <ele>43.200000762939453125</ele>
        <time>2026-09-01T22:38:13.000Z</time>
        <extensions>
          <ns3:TrackPointExtension>
            <ns3:hr>143</ns3:hr>
            <ns3:cad>84</ns3:cad>
          </ns3:TrackPointExtension>
        </extensions>
      </trkpt>
      <trkpt lat="35.7597904466092586517333984375" lon="139.54059504903852939605712890625">
        <ele>43.200000762939453125</ele>
        <time>2026-09-01T22:38:14.000Z</time>
        <extensions>
          <ns3:TrackPointExtension>
            <ns3:hr>143</ns3:hr>
            <ns3:cad>84</ns3:cad>
          </ns3:TrackPointExtension>
        </extensions>
      </trkpt>
      <trkpt lat="35.7597720064222812652587890625" lon="139.54057442955672740936279296875">
        <ele>43.200000762939453125</ele>
        <time>2026-09-01T22:38:15.000Z</time>
        <extensions>
          <ns3:TrackPointExtension>
            <ns3:hr>143</ns3:hr>
            <ns3:cad>83</ns3:cad>
          </ns3:TrackPointExtension>
        </extensions>
      </trkpt>
      <trkpt lat="35.7597555778920650482177734375" lon="139.5405562408268451690673828125">
        <ele>43.200000762939453125</ele>
        <time>2026-09-01T22:38:16.000Z</time>
        <extensions>
          <ns3:TrackPointExtension>
            <ns3:hr>143</ns3:hr>
            <ns3:cad>84</ns3:cad>
          </ns3:TrackPointExtension>
        </extensions>
      </trkpt>
      <trkpt lat="35.7597388140857219696044921875" lon="139.54053302295506000518798828125">
        <ele>43.200000762939453125</ele>
        <time>2026-09-01T22:38:17.000Z</time>
        <extensions>
          <ns3:TrackPointExtension>
            <ns3:hr>143</ns3:hr>
            <ns3:cad>85</ns3:cad>
          </ns3:TrackPointExtension>
        </extensions>
      </trkpt>
      <trkpt lat="35.7597290910780429840087890625" lon="139.540518186986446380615234375">
        <ele>43.40000152587890625</ele>
        <time>2026-09-01T22:38:18.000Z</time>
        <extensions>
          <ns3:TrackPointExtension>
            <ns3:hr>142</ns3:hr>
            <ns3:cad>85</ns3:cad>
          </ns3:TrackPointExtension>
        </extensions>
      </trkpt>
      <trkpt lat="35.75971459038555622100830078125" lon="139.54049815423786640167236328125">
        <ele>43.59999847412109375</ele>
        <time>2026-09-01T22:38:19.000Z</time>
        <extensions>
          <ns3:TrackPointExtension>
            <ns3:hr>142</ns3:hr>
            <ns3:cad>85</ns3:cad>
          </ns3:TrackPointExtension>
        </extensions>
      </trkpt>
      <trkpt lat="35.75969749130308628082275390625" lon="139.54047418199479579925537109375">
        <ele>43.799999237060546875</ele>
        <time>2026-09-01T22:38:20.000Z</time>
        <extensions>
          <ns3:TrackPointExtension>
            <ns3:hr>143</ns3:hr>
            <ns3:cad>85</ns3:cad>
          </ns3:TrackPointExtension>
        </extensions>
      </trkpt>
      <trkpt lat="35.75967653654515743255615234375" lon="139.54045155085623264312744140625">
        <ele>43.799999237060546875</ele>
        <time>2026-09-01T22:38:21.000Z</time>
        <extensions>
          <ns3:TrackPointExtension>
            <ns3:hr>143</ns3:hr>
            <ns3:cad>84</ns3:cad>
          </ns3:TrackPointExtension>
        </extensions>
      </trkpt>
      <trkpt lat="35.75966681353747844696044921875" lon="139.540435373783111572265625">
        <ele>44</ele>
        <time>2026-09-01T22:38:22.000Z</time>
        <extensions>
          <ns3:TrackPointExtension>
            <ns3:hr>143</ns3:hr>
            <ns3:cad>83</ns3:cad>
          </ns3:TrackPointExtension>
        </extensions>
      </trkpt>
      <trkpt lat="35.75966044329106807708740234375" lon="139.54041182063519954681396484375">
        <ele>44.200000762939453125</ele>
        <time>2026-09-01T22:38:23.000Z</time>
        <extensions>
          <ns3:TrackPointExtension>
            <ns3:hr>143</ns3:hr>
            <ns3:cad>83</ns3:cad>
          </ns3:TrackPointExtension>
        </extensions>
      </trkpt>
      <trkpt lat="35.75966589152812957763671875" lon="139.54039187170565128326416015625">
        <ele>44.40000152587890625</ele>
        <time>2026-09-01T22:38:24.000Z</time>
        <extensions>
          <ns3:TrackPointExtension>
            <ns3:hr>143</ns3:hr>
            <ns3:cad>83</ns3:cad>
          </ns3:TrackPointExtension>
        </extensions>
      </trkpt>
      <trkpt lat="35.75967854820191860198974609375" lon="139.54038365744054317474365234375">
        <ele>44.59999847412109375</ele>
        <time>2026-09-01T22:38:25.000Z</time>
        <extensions>
          <ns3:TrackPointExtension>
            <ns3:hr>144</ns3:hr>
            <ns3:cad>84</ns3:cad>
          </ns3:TrackPointExtension>
        </extensions>
      </trkpt>
      <trkpt lat="35.7596992515027523040771484375" lon="139.5403750240802764892578125">
        <ele>44.59999847412109375</ele>
        <time>2026-09-01T22:38:26.000Z</time>
        <extensions>
          <ns3:TrackPointExtension>
            <ns3:hr>144</ns3:hr>
            <ns3:cad>84</ns3:cad>
          </ns3:TrackPointExtension>
        </extensions>
      </trkpt>
      <trkpt lat="35.7597148418426513671875" lon="139.54037393443286418914794921875">
        <ele>44.59999847412109375</ele>
        <time>2026-09-01T22:38:27.000Z</time>
        <extensions>
          <ns3:TrackPointExtension>
            <ns3:hr>144</ns3:hr>
            <ns3:cad>83</ns3:cad>
          </ns3:TrackPointExtension>
        </extensions>
      </trkpt>
      <trkpt lat="35.75973453931510448455810546875" lon="139.54037561081349849700927734375">
        <ele>44.59999847412109375</ele>
        <time>2026-09-01T22:38:28.000Z</time>
        <extensions>
          <ns3:TrackPointExtension>
            <ns3:hr>144</ns3:hr>
            <ns3:cad>83</ns3:cad>
          </ns3:TrackPointExtension>
        </extensions>
      </trkpt>
      <trkpt lat="35.7597564160823822021484375" lon="139.54037829302251338958740234375">
        <ele>44.59999847412109375</ele>
        <time>2026-09-01T22:38:29.000Z</time>
        <extensions>
          <ns3:TrackPointExtension>
            <ns3:hr>144</ns3:hr>
            <ns3:cad>83</ns3:cad>
          </ns3:TrackPointExtension>
        </extensions>
      </trkpt>
      <trkpt lat="35.7597693242132663726806640625" lon="139.5403718389570713043212890625">
        <ele>44.59999847412109375</ele>
        <time>2026-09-01T22:38:30.000Z</time>
        <extensions>
          <ns3:TrackPointExtension>
            <ns3:hr>144</ns3:hr>
            <ns3:cad>83</ns3:cad>
          </ns3:TrackPointExtension>
        </extensions>
      </trkpt>
      <trkpt lat="35.759773515164852142333984375" lon="139.5403617806732654571533203125">
        <ele>44.59999847412109375</ele>
        <time>2026-09-01T22:38:31.000Z</time>
        <extensions>
          <ns3:TrackPointExtension>
            <ns3:hr>144</ns3:hr>
            <ns3:cad>85</ns3:cad>
          </ns3:TrackPointExtension>
        </extensions>
      </trkpt>
      <trkpt lat="35.759770162403583526611328125" lon="139.54034426249563694000244140625">
        <ele>44.59999847412109375</ele>
        <time>2026-09-01T22:38:32.000Z</time>
        <extensions>
          <ns3:TrackPointExtension>
            <ns3:hr>144</ns3:hr>
            <ns3:cad>85</ns3:cad>
          </ns3:TrackPointExtension>
        </extensions>
      </trkpt>
      <trkpt lat="35.759760774672031402587890625" lon="139.5403302647173404693603515625">
        <ele>44.59999847412109375</ele>
        <time>2026-09-01T22:38:33.000Z</time>
        <extensions>
          <ns3:TrackPointExtension>
            <ns3:hr>144</ns3:hr>
            <ns3:cad>83</ns3:cad>
          </ns3:TrackPointExtension>
        </extensions>
      </trkpt>
      <trkpt lat="35.75974979437887668609619140625" lon="139.5403225533664226531982421875">
        <ele>44.59999847412109375</ele>
        <time>2026-09-01T22:38:34.000Z</time>
        <extensions>
          <ns3:TrackPointExtension>
            <ns3:hr>143</ns3:hr>
            <ns3:cad>82</ns3:cad>
          </ns3:TrackPointExtension>
        </extensions>
      </trkpt>
      <trkpt lat="35.75973403640091419219970703125" lon="139.540313668549060821533203125">
        <ele>44.59999847412109375</ele>
        <time>2026-09-01T22:38:35.000Z</time>
        <extensions>
          <ns3:TrackPointExtension>
            <ns3:hr>144</ns3:hr>
            <ns3:cad>82</ns3:cad>
          </ns3:TrackPointExtension>
        </extensions>
      </trkpt>
      <trkpt lat="35.75971492566168308258056640625" lon="139.540291540324687957763671875">
        <ele>44.40000152587890625</ele>
        <time>2026-09-01T22:38:36.000Z</time>
        <extensions>
          <ns3:TrackPointExtension>
            <ns3:hr>144</ns3:hr>
            <ns3:cad>82</ns3:cad>
          </ns3:TrackPointExtension>
        </extensions>
      </trkpt>
      <trkpt lat="35.75970067642629146575927734375" lon="139.540274776518344879150390625">
        <ele>44.200000762939453125</ele>
        <time>2026-09-01T22:38:37.000Z</time>
        <extensions>
          <ns3:TrackPointExtension>
            <ns3:hr>144</ns3:hr>
            <ns3:cad>81</ns3:cad>
          </ns3:TrackPointExtension>
        </extensions>
      </trkpt>
      <trkpt lat="35.75968466699123382568359375" lon="139.54026035964488983154296875">
        <ele>44</ele>
        <time>2026-09-01T22:38:38.000Z</time>
        <extensions>
          <ns3:TrackPointExtension>
            <ns3:hr>143</ns3:hr>
            <ns3:cad>81</ns3:cad>
          </ns3:TrackPointExtension>
        </extensions>
      </trkpt>
      <trkpt lat="35.75967117212712764739990234375" lon="139.5402471162378787994384765625">
        <ele>43.59999847412109375</ele>
        <time>2026-09-01T22:38:39.000Z</time>
        <extensions>
          <ns3:TrackPointExtension>
            <ns3:hr>143</ns3:hr>
            <ns3:cad>81</ns3:cad>
          </ns3:TrackPointExtension>
        </extensions>
      </trkpt>
      <trkpt lat="35.75965524651110172271728515625" lon="139.54023010097444057464599609375">
        <ele>43.59999847412109375</ele>
        <time>2026-09-01T22:38:40.000Z</time>
        <extensions>
          <ns3:TrackPointExtension>
            <ns3:hr>143</ns3:hr>
            <ns3:cad>81</ns3:cad>
          </ns3:TrackPointExtension>
        </extensions>
      </trkpt>
      <trkpt lat="35.7596439309418201446533203125" lon="139.54021266661584377288818359375">
        <ele>43.59999847412109375</ele>
        <time>2026-09-01T22:38:41.000Z</time>
        <extensions>
          <ns3:TrackPointExtension>
            <ns3:hr>143</ns3:hr>
            <ns3:cad>81</ns3:cad>
          </ns3:TrackPointExtension>
        </extensions>
      </trkpt>
      <trkpt lat="35.75963060371577739715576171875" lon="139.5401924662292003631591796875">
        <ele>43.59999847412109375</ele>
        <time>2026-09-01T22:38:42.000Z</time>
        <extensions>
          <ns3:TrackPointExtension>
            <ns3:hr>142</ns3:hr>
            <ns3:cad>81</ns3:cad>
          </ns3:TrackPointExtension>
        </extensions>
      </trkpt>
      <trkpt lat="35.75961752794682979583740234375" lon="139.54017142765223979949951171875">
        <ele>43.59999847412109375</ele>
        <time>2026-09-01T22:38:43.000Z</time>
        <extensions>
          <ns3:TrackPointExtension>
            <ns3:hr>142</ns3:hr>
            <ns3:cad>82</ns3:cad>
          </ns3:TrackPointExtension>
        </extensions>
      </trkpt>
      <trkpt lat="35.7596036978065967559814453125" lon="139.54015416093170642852783203125">
        <ele>43.59999847412109375</ele>
        <time>2026-09-01T22:38:44.000Z</time>
        <extensions>
          <ns3:TrackPointExtension>
            <ns3:hr>142</ns3:hr>
            <ns3:cad>83</ns3:cad>
          </ns3:TrackPointExtension>
        </extensions>
      </trkpt>
      <trkpt lat="35.7595862634479999542236328125" lon="139.5401322841644287109375">
        <ele>43.59999847412109375</ele>
        <time>2026-09-01T22:38:45.000Z</time>
        <extensions>
          <ns3:TrackPointExtension>
            <ns3:hr>143</ns3:hr>
            <ns3:cad>84</ns3:cad>
          </ns3:TrackPointExtension>
        </extensions>
      </trkpt>
      <trkpt lat="35.759575366973876953125" lon="139.5401173643767833709716796875">
        <ele>43.59999847412109375</ele>
        <time>2026-09-01T22:38:46.000Z</time>
        <extensions>
          <ns3:TrackPointExtension>
            <ns3:hr>143</ns3:hr>
            <ns3:cad>85</ns3:cad>
          </ns3:TrackPointExtension>
        </extensions>
      </trkpt>
      <trkpt lat="35.75956053100526332855224609375" lon="139.54009481705725193023681640625">
        <ele>43.59999847412109375</ele>
        <time>2026-09-01T22:38:47.000Z</time>
        <extensions>
          <ns3:TrackPointExtension>
            <ns3:hr>143</ns3:hr>
            <ns3:cad>86</ns3:cad>
          </ns3:TrackPointExtension>
        </extensions>
      </trkpt>
      <trkpt lat="35.75955332256853580474853515625" lon="139.54008174128830432891845703125">
        <ele>43.59999847412109375</ele>
        <time>2026-09-01T22:38:48.000Z</time>
        <extensions>
          <ns3:TrackPointExtension>
            <ns3:hr>144</ns3:hr>
            <ns3:cad>85</ns3:cad>
          </ns3:TrackPointExtension>
        </extensions>
      </trkpt>
      <trkpt lat="35.75954460538923740386962890625" lon="139.54006397165358066558837890625">
        <ele>43.799999237060546875</ele>
        <time>2026-09-01T22:38:49.000Z</time>
        <extensions>
          <ns3:TrackPointExtension>
            <ns3:hr>143</ns3:hr>
            <ns3:cad>85</ns3:cad>
          </ns3:TrackPointExtension>
        </extensions>
      </trkpt>
      <trkpt lat="35.75953337363898754119873046875" lon="139.54004603438079357147216796875">
        <ele>43.799999237060546875</ele>
        <time>2026-09-01T22:38:50.000Z</time>
        <extensions>
          <ns3:TrackPointExtension>
            <ns3:hr>143</ns3:hr>
            <ns3:cad>85</ns3:cad>
          </ns3:TrackPointExtension>
        </extensions>
      </trkpt>
      <trkpt lat="35.759520046412944793701171875" lon="139.54002591781318187713623046875">
        <ele>43.799999237060546875</ele>
        <time>2026-09-01T22:38:51.000Z</time>
        <extensions>
          <ns3:TrackPointExtension>
            <ns3:hr>143</ns3:hr>
            <ns3:cad>84</ns3:cad>
          </ns3:TrackPointExtension>
        </extensions>
      </trkpt>
      <trkpt lat="35.75950923375785350799560546875" lon="139.54000848345458507537841796875">
        <ele>43.799999237060546875</ele>
        <time>2026-09-01T22:38:52.000Z</time>
        <extensions>
          <ns3:TrackPointExtension>
            <ns3:hr>143</ns3:hr>
            <ns3:cad>84</ns3:cad>
          </ns3:TrackPointExtension>
        </extensions>
      </trkpt>
      <trkpt lat="35.75949884019792079925537109375" lon="139.53999071381986141204833984375">
        <ele>43.799999237060546875</ele>
        <time>2026-09-01T22:38:53.000Z</time>
        <extensions>
          <ns3:TrackPointExtension>
            <ns3:hr>144</ns3:hr>
            <ns3:cad>84</ns3:cad>
          </ns3:TrackPointExtension>
        </extensions>
      </trkpt>
      <trkpt lat="35.75948752462863922119140625" lon="139.53997470438480377197265625">
        <ele>43.799999237060546875</ele>
        <time>2026-09-01T22:38:54.000Z</time>
        <extensions>
          <ns3:TrackPointExtension>
            <ns3:hr>144</ns3:hr>
            <ns3:cad>84</ns3:cad>
          </ns3:TrackPointExtension>
        </extensions>
      </trkpt>
      <trkpt lat="35.7594749517738819122314453125" lon="139.53996020369231700897216796875">
        <ele>44</ele>
        <time>2026-09-01T22:38:55.000Z</time>
        <extensions>
          <ns3:TrackPointExtension>
            <ns3:hr>144</ns3:hr>
            <ns3:cad>84</ns3:cad>
          </ns3:TrackPointExtension>
        </extensions>
      </trkpt>
      <trkpt lat="35.75946313329041004180908203125" lon="139.5399460382759571075439453125">
        <ele>44</ele>
        <time>2026-09-01T22:38:56.000Z</time>
        <extensions>
          <ns3:TrackPointExtension>
            <ns3:hr>144</ns3:hr>
            <ns3:cad>84</ns3:cad>
          </ns3:TrackPointExtension>
        </extensions>
      </trkpt>
      <trkpt lat="35.7594508118927478790283203125" lon="139.5399316214025020599365234375">
        <ele>44</ele>
        <time>2026-09-01T22:38:57.000Z</time>
        <extensions>
          <ns3:TrackPointExtension>
            <ns3:hr>144</ns3:hr>
            <ns3:cad>84</ns3:cad>
          </ns3:TrackPointExtension>
        </extensions>
      </trkpt>
      <trkpt lat="35.7594394125044345855712890625" lon="139.539918713271617889404296875">
        <ele>44</ele>
        <time>2026-09-01T22:38:58.000Z</time>
        <extensions>
          <ns3:TrackPointExtension>
            <ns3:hr>144</ns3:hr>
            <ns3:cad>84</ns3:cad>
          </ns3:TrackPointExtension>
        </extensions>
      </trkpt>
      <trkpt lat="35.7594260014593601226806640625" lon="139.53990236856043338775634765625">
        <ele>44.200000762939453125</ele>
        <time>2026-09-01T22:38:59.000Z</time>
        <extensions>
          <ns3:TrackPointExtension>
            <ns3:hr>144</ns3:hr>
            <ns3:cad>84</ns3:cad>
          </ns3:TrackPointExtension>
        </extensions>
      </trkpt>
      <trkpt lat="35.759413428604602813720703125" lon="139.53988594003021717071533203125">
        <ele>44.200000762939453125</ele>
        <time>2026-09-01T22:39:00.000Z</time>
        <extensions>
          <ns3:TrackPointExtension>
            <ns3:hr>145</ns3:hr>
            <ns3:cad>83</ns3:cad>
          </ns3:TrackPointExtension>
        </extensions>
      </trkpt>
      <trkpt lat="35.7593978382647037506103515625" lon="139.53987051732838153839111328125">
        <ele>44</ele>
        <time>2026-09-01T22:39:01.000Z</time>
        <extensions>
          <ns3:TrackPointExtension>
            <ns3:hr>145</ns3:hr>
            <ns3:cad>83</ns3:cad>
          </ns3:TrackPointExtension>
        </extensions>
      </trkpt>
      <trkpt lat="35.75938685797154903411865234375" lon="139.53985677100718021392822265625">
        <ele>44</ele>
        <time>2026-09-01T22:39:02.000Z</time>
        <extensions>
          <ns3:TrackPointExtension>
            <ns3:hr>145</ns3:hr>
            <ns3:cad>83</ns3:cad>
          </ns3:TrackPointExtension>
        </extensions>
      </trkpt>
      <trkpt lat="35.7593755424022674560546875" lon="139.53984201885759830474853515625">
        <ele>44.200000762939453125</ele>
        <time>2026-09-01T22:39:03.000Z</time>
        <extensions>
          <ns3:TrackPointExtension>
            <ns3:hr>145</ns3:hr>
            <ns3:cad>83</ns3:cad>
          </ns3:TrackPointExtension>
        </extensions>
      </trkpt>
      <trkpt lat="35.75936607085168361663818359375" lon="139.5398296974599361419677734375">
        <ele>44.200000762939453125</ele>
        <time>2026-09-01T22:39:04.000Z</time>
        <extensions>
          <ns3:TrackPointExtension>
            <ns3:hr>145</ns3:hr>
            <ns3:cad>83</ns3:cad>
          </ns3:TrackPointExtension>
        </extensions>
      </trkpt>
      <trkpt lat="35.75935517437756061553955078125" lon="139.5398125983774662017822265625">
        <ele>44.200000762939453125</ele>
        <time>2026-09-01T22:39:05.000Z</time>
        <extensions>
          <ns3:TrackPointExtension>
            <ns3:hr>145</ns3:hr>
            <ns3:cad>82</ns3:cad>
          </ns3:TrackPointExtension>
        </extensions>
      </trkpt>
      <trkpt lat="35.7593415118753910064697265625" lon="139.5397918112576007843017578125">
        <ele>44</ele>
        <time>2026-09-01T22:39:06.000Z</time>
        <extensions>
          <ns3:TrackPointExtension>
            <ns3:hr>144</ns3:hr>
            <ns3:cad>82</ns3:cad>
          </ns3:TrackPointExtension>
        </extensions>
      </trkpt>
      <trkpt lat="35.75932650826871395111083984375" lon="139.53977664001286029815673828125">
        <ele>44</ele>
        <time>2026-09-01T22:39:07.000Z</time>
        <extensions>
          <ns3:TrackPointExtension>
            <ns3:hr>144</ns3:hr>
            <ns3:cad>82</ns3:cad>
          </ns3:TrackPointExtension>
        </extensions>
      </trkpt>
      <trkpt lat="35.75931628234684467315673828125" lon="139.53976356424391269683837890625">
        <ele>44</ele>
        <time>2026-09-01T22:39:08.000Z</time>
        <extensions>
          <ns3:TrackPointExtension>
            <ns3:hr>142</ns3:hr>
            <ns3:cad>83</ns3:cad>
          </ns3:TrackPointExtension>
        </extensions>
      </trkpt>
      <trkpt lat="35.75930069200694561004638671875" lon="139.53974244184792041778564453125">
        <ele>44</ele>
        <time>2026-09-01T22:39:09.000Z</time>
        <extensions>
          <ns3:TrackPointExtension>
            <ns3:hr>142</ns3:hr>
            <ns3:cad>83</ns3:cad>
          </ns3:TrackPointExtension>
        </extensions>
      </trkpt>
      <trkpt lat="35.75928979553282260894775390625" lon="139.53972852788865566253662109375">
        <ele>44.200000762939453125</ele>
        <time>2026-09-01T22:39:10.000Z</time>
        <extensions>
          <ns3:TrackPointExtension>
            <ns3:hr>143</ns3:hr>
            <ns3:cad>83</ns3:cad>
          </ns3:TrackPointExtension>
        </extensions>
      </trkpt>
      <trkpt lat="35.75927671976387500762939453125" lon="139.539710842072963714599609375">
        <ele>44</ele>
        <time>2026-09-01T22:39:11.000Z</time>
        <extensions>
          <ns3:TrackPointExtension>
            <ns3:hr>143</ns3:hr>
            <ns3:cad>84</ns3:cad>
          </ns3:TrackPointExtension>
        </extensions>
      </trkpt>
      <trkpt lat="35.759265236556529998779296875" lon="139.53969164751470088958740234375">
        <ele>44</ele>
        <time>2026-09-01T22:39:12.000Z</time>
        <extensions>
          <ns3:TrackPointExtension>
            <ns3:hr>143</ns3:hr>
            <ns3:cad>84</ns3:cad>
          </ns3:TrackPointExtension>
        </extensions>
      </trkpt>
      <trkpt lat="35.75924922712147235870361328125" lon="139.53966985456645488739013671875">
        <ele>44</ele>
        <time>2026-09-01T22:39:13.000Z</time>
        <extensions>
          <ns3:TrackPointExtension>
            <ns3:hr>143</ns3:hr>
            <ns3:cad>84</ns3:cad>
          </ns3:TrackPointExtension>
        </extensions>
      </trkpt>
      <trkpt lat="35.7592352293431758880615234375" lon="139.53965376131236553192138671875">
        <ele>44</ele>
        <time>2026-09-01T22:39:14.000Z</time>
        <extensions>
          <ns3:TrackPointExtension>
            <ns3:hr>143</ns3:hr>
            <ns3:cad>83</ns3:cad>
          </ns3:TrackPointExtension>
        </extensions>
      </trkpt>
      <trkpt lat="35.7592218182981014251708984375" lon="139.53963674604892730712890625">
        <ele>44</ele>
        <time>2026-09-01T22:39:15.000Z</time>
        <extensions>
          <ns3:TrackPointExtension>
            <ns3:hr>142</ns3:hr>
            <ns3:cad>83</ns3:cad>
          </ns3:TrackPointExtension>
        </extensions>
      </trkpt>
      <trkpt lat="35.759207904338836669921875" lon="139.53962073661386966705322265625">
        <ele>44.200000762939453125</ele>
        <time>2026-09-01T22:39:16.000Z</time>
        <extensions>
          <ns3:TrackPointExtension>
            <ns3:hr>142</ns3:hr>
            <ns3:cad>83</ns3:cad>
          </ns3:TrackPointExtension>
        </extensions>
      </trkpt>
      <trkpt lat="35.75919524766504764556884765625" lon="139.5396010391414165496826171875">
        <ele>44.200000762939453125</ele>
        <time>2026-09-01T22:39:17.000Z</time>
        <extensions>
          <ns3:TrackPointExtension>
            <ns3:hr>141</ns3:hr>
            <ns3:cad>83</ns3:cad>
          </ns3:TrackPointExtension>
        </extensions>
      </trkpt>
      <trkpt lat="35.75918233953416347503662109375" lon="139.53957933001220226287841796875">
        <ele>44.200000762939453125</ele>
        <time>2026-09-01T22:39:18.000Z</time>
        <extensions>
          <ns3:TrackPointExtension>
            <ns3:hr>141</ns3:hr>
            <ns3:cad>83</ns3:cad>
          </ns3:TrackPointExtension>
        </extensions>
      </trkpt>
      <trkpt lat="35.75916943140327930450439453125" lon="139.539561308920383453369140625">
        <ele>44.200000762939453125</ele>
        <time>2026-09-01T22:39:19.000Z</time>
        <extensions>
          <ns3:TrackPointExtension>
            <ns3:hr>141</ns3:hr>
            <ns3:cad>84</ns3:cad>
          </ns3:TrackPointExtension>
        </extensions>
      </trkpt>
      <trkpt lat="35.75915400870144367218017578125" lon="139.539543874561786651611328125">
        <ele>44.200000762939453125</ele>
        <time>2026-09-01T22:39:20.000Z</time>
        <extensions>
          <ns3:TrackPointExtension>
            <ns3:hr>141</ns3:hr>
            <ns3:cad>84</ns3:cad>
          </ns3:TrackPointExtension>
        </extensions>
      </trkpt>
      <trkpt lat="35.75914043001830577850341796875" lon="139.53952409327030181884765625">
        <ele>44.40000152587890625</ele>
        <time>2026-09-01T22:39:21.000Z</time>
        <extensions>
          <ns3:TrackPointExtension>
            <ns3:hr>141</ns3:hr>
            <ns3:cad>84</ns3:cad>
          </ns3:TrackPointExtension>
        </extensions>
      </trkpt>
      <trkpt lat="35.7591269351541996002197265625" lon="139.539502970874309539794921875">
        <ele>44.40000152587890625</ele>
        <time>2026-09-01T22:39:22.000Z</time>
        <extensions>
          <ns3:TrackPointExtension>
            <ns3:hr>141</ns3:hr>
            <ns3:cad>85</ns3:cad>
          </ns3:TrackPointExtension>
        </extensions>
      </trkpt>
      <trkpt lat="35.75911545194685459136962890625" lon="139.539484195411205291748046875">
        <ele>44.40000152587890625</ele>
        <time>2026-09-01T22:39:23.000Z</time>
        <extensions>
          <ns3:TrackPointExtension>
            <ns3:hr>142</ns3:hr>
            <ns3:cad>85</ns3:cad>
          </ns3:TrackPointExtension>
        </extensions>
      </trkpt>
      <trkpt lat="35.7590965926647186279296875" lon="139.5394603908061981201171875">
        <ele>44.40000152587890625</ele>
        <time>2026-09-01T22:39:24.000Z</time>
        <extensions>
          <ns3:TrackPointExtension>
            <ns3:hr>142</ns3:hr>
            <ns3:cad>85</ns3:cad>
          </ns3:TrackPointExtension>
        </extensions>
      </trkpt>
      <trkpt lat="35.7590833492577075958251953125" lon="139.53944572247564792633056640625">
        <ele>44.40000152587890625</ele>
        <time>2026-09-01T22:39:25.000Z</time>
        <extensions>
          <ns3:TrackPointExtension>
            <ns3:hr>143</ns3:hr>
            <ns3:cad>85</ns3:cad>
          </ns3:TrackPointExtension>
        </extensions>
      </trkpt>
      <trkpt lat="35.759068094193935394287109375" lon="139.539426527917385101318359375">
        <ele>44.40000152587890625</ele>
        <time>2026-09-01T22:39:26.000Z</time>
        <extensions>
          <ns3:TrackPointExtension>
            <ns3:hr>143</ns3:hr>
            <ns3:cad>85</ns3:cad>
          </ns3:TrackPointExtension>
        </extensions>
      </trkpt>
      <trkpt lat="35.75905493460595607757568359375" lon="139.53940833918750286102294921875">
        <ele>44.40000152587890625</ele>
        <time>2026-09-01T22:39:27.000Z</time>
        <extensions>
          <ns3:TrackPointExtension>
            <ns3:hr>144</ns3:hr>
            <ns3:cad>86</ns3:cad>
          </ns3:TrackPointExtension>
        </extensions>
      </trkpt>
      <trkpt lat="35.7590424455702304840087890625" lon="139.53938704915344715118408203125">
        <ele>44.40000152587890625</ele>
        <time>2026-09-01T22:39:28.000Z</time>
        <extensions>
          <ns3:TrackPointExtension>
            <ns3:hr>144</ns3:hr>
            <ns3:cad>86</ns3:cad>
          </ns3:TrackPointExtension>
        </extensions>
      </trkpt>
      <trkpt lat="35.75903012417256832122802734375" lon="139.53936944715678691864013671875">
        <ele>44.40000152587890625</ele>
        <time>2026-09-01T22:39:29.000Z</time>
        <extensions>
          <ns3:TrackPointExtension>
            <ns3:hr>145</ns3:hr>
            <ns3:cad>85</ns3:cad>
          </ns3:TrackPointExtension>
        </extensions>
      </trkpt>
      <trkpt lat="35.7590183056890964508056640625" lon="139.53935083933174610137939453125">
        <ele>44.40000152587890625</ele>
        <time>2026-09-01T22:39:30.000Z</time>
        <extensions>
          <ns3:TrackPointExtension>
            <ns3:hr>145</ns3:hr>
            <ns3:cad>85</ns3:cad>
          </ns3:TrackPointExtension>
        </extensions>
      </trkpt>
      <trkpt lat="35.759004391729831695556640625" lon="139.53932820819318294525146484375">
        <ele>44.40000152587890625</ele>
        <time>2026-09-01T22:39:31.000Z</time>
        <extensions>
          <ns3:TrackPointExtension>
            <ns3:hr>145</ns3:hr>
            <ns3:cad>84</ns3:cad>
          </ns3:TrackPointExtension>
        </extensions>
      </trkpt>
      <trkpt lat="35.7589955069124698638916015625" lon="139.53931219875812530517578125">
        <ele>44.59999847412109375</ele>
        <time>2026-09-01T22:39:32.000Z</time>
        <extensions>
          <ns3:TrackPointExtension>
            <ns3:hr>145</ns3:hr>
            <ns3:cad>84</ns3:cad>
          </ns3:TrackPointExtension>
        </extensions>
      </trkpt>
      <trkpt lat="35.75897924602031707763671875" lon="139.5392914116382598876953125">
        <ele>44.59999847412109375</ele>
        <time>2026-09-01T22:39:33.000Z</time>
        <extensions>
          <ns3:TrackPointExtension>
            <ns3:hr>145</ns3:hr>
            <ns3:cad>84</ns3:cad>
          </ns3:TrackPointExtension>
        </extensions>
      </trkpt>
      <trkpt lat="35.7589683495461940765380859375" lon="139.53927808441221714019775390625">
        <ele>44.59999847412109375</ele>
        <time>2026-09-01T22:39:34.000Z</time>
        <extensions>
          <ns3:TrackPointExtension>
            <ns3:hr>145</ns3:hr>
            <ns3:cad>85</ns3:cad>
          </ns3:TrackPointExtension>
        </extensions>
      </trkpt>
      <trkpt lat="35.75895066373050212860107421875" lon="139.53925696201622486114501953125">
        <ele>44.59999847412109375</ele>
        <time>2026-09-01T22:39:35.000Z</time>
        <extensions>
          <ns3:TrackPointExtension>
            <ns3:hr>145</ns3:hr>
            <ns3:cad>85</ns3:cad>
          </ns3:TrackPointExtension>
        </extensions>
      </trkpt>
      <trkpt lat="35.7589356601238250732421875" lon="139.53923642635345458984375">
        <ele>44.59999847412109375</ele>
        <time>2026-09-01T22:39:36.000Z</time>
        <extensions>
          <ns3:TrackPointExtension>
            <ns3:hr>146</ns3:hr>
            <ns3:cad>84</ns3:cad>
          </ns3:TrackPointExtension>
        </extensions>
      </trkpt>
      <trkpt lat="35.7589222490787506103515625" lon="139.5392148010432720184326171875">
        <ele>44.59999847412109375</ele>
        <time>2026-09-01T22:39:37.000Z</time>
        <extensions>
          <ns3:TrackPointExtension>
            <ns3:hr>146</ns3:hr>
            <ns3:cad>84</ns3:cad>
          </ns3:TrackPointExtension>
        </extensions>
      </trkpt>
      <trkpt lat="35.75891143642365932464599609375" lon="139.53919812105596065521240234375">
        <ele>44.59999847412109375</ele>
        <time>2026-09-01T22:39:38.000Z</time>
        <extensions>
          <ns3:TrackPointExtension>
            <ns3:hr>146</ns3:hr>
            <ns3:cad>84</ns3:cad>
          </ns3:TrackPointExtension>
        </extensions>
      </trkpt>
      <trkpt lat="35.75889785774052143096923828125" lon="139.539180099964141845703125">
        <ele>44.59999847412109375</ele>
        <time>2026-09-01T22:39:39.000Z</time>
        <extensions>
          <ns3:TrackPointExtension>
            <ns3:hr>146</ns3:hr>
            <ns3:cad>85</ns3:cad>
          </ns3:TrackPointExtension>
        </extensions>
      </trkpt>
      <trkpt lat="35.75888109393417835235595703125" lon="139.5391554571688175201416015625">
        <ele>44.59999847412109375</ele>
        <time>2026-09-01T22:39:40.000Z</time>
        <extensions>
          <ns3:TrackPointExtension>
            <ns3:hr>146</ns3:hr>
            <ns3:cad>85</ns3:cad>
          </ns3:TrackPointExtension>
        </extensions>
      </trkpt>
      <trkpt lat="35.75887120328843593597412109375" lon="139.53913961537182331085205078125">
        <ele>44.799999237060546875</ele>
        <time>2026-09-01T22:39:41.000Z</time>
        <extensions>
          <ns3:TrackPointExtension>
            <ns3:hr>147</ns3:hr>
            <ns3:cad>85</ns3:cad>
          </ns3:TrackPointExtension>
        </extensions>
      </trkpt>
      <trkpt lat="35.7588570378720760345458984375" lon="139.539120085537433624267578125">
        <ele>45</ele>
        <time>2026-09-01T22:39:42.000Z</time>
        <extensions>
          <ns3:TrackPointExtension>
            <ns3:hr>147</ns3:hr>
            <ns3:cad>85</ns3:cad>
          </ns3:TrackPointExtension>
        </extensions>
      </trkpt>
      <trkpt lat="35.75884371064603328704833984375" lon="139.539099298417568206787109375">
        <ele>45</ele>
        <time>2026-09-01T22:39:43.000Z</time>
        <extensions>
          <ns3:TrackPointExtension>
            <ns3:hr>147</ns3:hr>
            <ns3:cad>84</ns3:cad>
          </ns3:TrackPointExtension>
        </extensions>
      </trkpt>
      <trkpt lat="35.758832730352878570556640625" lon="139.53908144496381282806396484375">
        <ele>45.200000762939453125</ele>
        <time>2026-09-01T22:39:44.000Z</time>
        <extensions>
          <ns3:TrackPointExtension>
            <ns3:hr>147</ns3:hr>
            <ns3:cad>84</ns3:cad>
          </ns3:TrackPointExtension>
        </extensions>
      </trkpt>
      <trkpt lat="35.75881873257458209991455078125" lon="139.539057724177837371826171875">
        <ele>45.40000152587890625</ele>
        <time>2026-09-01T22:39:45.000Z</time>
        <extensions>
          <ns3:TrackPointExtension>
            <ns3:hr>147</ns3:hr>
            <ns3:cad>84</ns3:cad>
          </ns3:TrackPointExtension>
        </extensions>
      </trkpt>
      <trkpt lat="35.75880984775722026824951171875" lon="139.53904263675212860107421875">
        <ele>45.40000152587890625</ele>
        <time>2026-09-01T22:39:46.000Z</time>
        <extensions>
          <ns3:TrackPointExtension>
            <ns3:hr>147</ns3:hr>
            <ns3:cad>84</ns3:cad>
          </ns3:TrackPointExtension>
        </extensions>
      </trkpt>
      <trkpt lat="35.75879710726439952850341796875" lon="139.539025537669658660888671875">
        <ele>45.59999847412109375</ele>
        <time>2026-09-01T22:39:47.000Z</time>
        <extensions>
          <ns3:TrackPointExtension>
            <ns3:hr>148</ns3:hr>
            <ns3:cad>84</ns3:cad>
          </ns3:TrackPointExtension>
        </extensions>
      </trkpt>
      <trkpt lat="35.758786462247371673583984375" lon="139.5390062592923641204833984375">
        <ele>45.799999237060546875</ele>
        <time>2026-09-01T22:39:48.000Z</time>
        <extensions>
          <ns3:TrackPointExtension>
            <ns3:hr>148</ns3:hr>
            <ns3:cad>84</ns3:cad>
          </ns3:TrackPointExtension>
        </extensions>
      </trkpt>
      <trkpt lat="35.75877481140196323394775390625" lon="139.53899033367633819580078125">
        <ele>46</ele>
        <time>2026-09-01T22:39:49.000Z</time>
        <extensions>
          <ns3:TrackPointExtension>
            <ns3:hr>148</ns3:hr>
            <ns3:cad>84</ns3:cad>
          </ns3:TrackPointExtension>
        </extensions>
      </trkpt>
      <trkpt lat="35.75876207090914249420166015625" lon="139.53897533006966114044189453125">
        <ele>46</ele>
        <time>2026-09-01T22:39:50.000Z</time>
        <extensions>
          <ns3:TrackPointExtension>
            <ns3:hr>148</ns3:hr>
            <ns3:cad>84</ns3:cad>
          </ns3:TrackPointExtension>
        </extensions>
      </trkpt>
      <trkpt lat="35.75874882750213146209716796875" lon="139.53896007500588893890380859375">
        <ele>46</ele>
        <time>2026-09-01T22:39:51.000Z</time>
        <extensions>
          <ns3:TrackPointExtension>
            <ns3:hr>149</ns3:hr>
            <ns3:cad>84</ns3:cad>
          </ns3:TrackPointExtension>
        </extensions>
      </trkpt>
      <trkpt lat="35.75873508118093013763427734375" lon="139.538937695324420928955078125">
        <ele>46</ele>
        <time>2026-09-01T22:39:52.000Z</time>
        <extensions>
          <ns3:TrackPointExtension>
            <ns3:hr>149</ns3:hr>
            <ns3:cad>82</ns3:cad>
          </ns3:TrackPointExtension>
        </extensions>
      </trkpt>
      <trkpt lat="35.75872569344937801361083984375" lon="139.5389217697083950042724609375">
        <ele>46</ele>
        <time>2026-09-01T22:39:53.000Z</time>
        <extensions>
          <ns3:TrackPointExtension>
            <ns3:hr>149</ns3:hr>
            <ns3:cad>82</ns3:cad>
          </ns3:TrackPointExtension>
        </extensions>
      </trkpt>
      <trkpt lat="35.7587145455181598663330078125" lon="139.53890559263527393341064453125">
        <ele>46</ele>
        <time>2026-09-01T22:39:54.000Z</time>
        <extensions>
          <ns3:TrackPointExtension>
            <ns3:hr>150</ns3:hr>
            <ns3:cad>82</ns3:cad>
          </ns3:TrackPointExtension>
        </extensions>
      </trkpt>
      <trkpt lat="35.75869970954954624176025390625" lon="139.53888530842959880828857421875">
        <ele>45.799999237060546875</ele>
        <time>2026-09-01T22:39:55.000Z</time>
        <extensions>
          <ns3:TrackPointExtension>
            <ns3:hr>150</ns3:hr>
            <ns3:cad>82</ns3:cad>
          </ns3:TrackPointExtension>
        </extensions>
      </trkpt>
      <trkpt lat="35.7586862146854400634765625" lon="139.53886963427066802978515625">
        <ele>45.59999847412109375</ele>
        <time>2026-09-01T22:39:56.000Z</time>
        <extensions>
          <ns3:TrackPointExtension>
            <ns3:hr>150</ns3:hr>
            <ns3:cad>82</ns3:cad>
          </ns3:TrackPointExtension>
        </extensions>
      </trkpt>
      <trkpt lat="35.75867271982133388519287109375" lon="139.53885178081691265106201171875">
        <ele>45.40000152587890625</ele>
        <time>2026-09-01T22:39:57.000Z</time>
        <extensions>
          <ns3:TrackPointExtension>
            <ns3:hr>150</ns3:hr>
            <ns3:cad>83</ns3:cad>
          </ns3:TrackPointExtension>
        </extensions>
      </trkpt>
      <trkpt lat="35.75865696184337139129638671875" lon="139.53883786685764789581298828125">
        <ele>45.40000152587890625</ele>
        <time>2026-09-01T22:39:58.000Z</time>
        <extensions>
          <ns3:TrackPointExtension>
            <ns3:hr>150</ns3:hr>
            <ns3:cad>83</ns3:cad>
          </ns3:TrackPointExtension>
        </extensions>
      </trkpt>
      <trkpt lat="35.75864355079829692840576171875" lon="139.53882713802158832550048828125">
        <ele>45.200000762939453125</ele>
        <time>2026-09-01T22:39:59.000Z</time>
        <extensions>
          <ns3:TrackPointExtension>
            <ns3:hr>150</ns3:hr>
            <ns3:cad>83</ns3:cad>
          </ns3:TrackPointExtension>
        </extensions>
      </trkpt>
      <trkpt lat="35.75862544588744640350341796875" lon="139.5388086140155792236328125">
        <ele>45.200000762939453125</ele>
        <time>2026-09-01T22:40:00.000Z</time>
        <extensions>
          <ns3:TrackPointExtension>
            <ns3:hr>149</ns3:hr>
            <ns3:cad>84</ns3:cad>
          </ns3:TrackPointExtension>
        </extensions>
      </trkpt>
      <trkpt lat="35.7586112804710865020751953125" lon="139.5387952029705047607421875">
        <ele>45</ele>
        <time>2026-09-01T22:40:01.000Z</time>
        <extensions>
          <ns3:TrackPointExtension>
            <ns3:hr>149</ns3:hr>
            <ns3:cad>85</ns3:cad>
          </ns3:TrackPointExtension>
        </extensions>
      </trkpt>
      <trkpt lat="35.75860063545405864715576171875" lon="139.53878288157284259796142578125">
        <ele>45</ele>
        <time>2026-09-01T22:40:02.000Z</time>
        <extensions>
          <ns3:TrackPointExtension>
            <ns3:hr>149</ns3:hr>
            <ns3:cad>85</ns3:cad>
          </ns3:TrackPointExtension>
        </extensions>
      </trkpt>
      <trkpt lat="35.75858487747609615325927734375" lon="139.5387628488242626190185546875">
        <ele>44.799999237060546875</ele>
        <time>2026-09-01T22:40:03.000Z</time>
        <extensions>
          <ns3:TrackPointExtension>
            <ns3:hr>149</ns3:hr>
            <ns3:cad>85</ns3:cad>
          </ns3:TrackPointExtension>
        </extensions>
      </trkpt>
      <trkpt lat="35.75857515446841716766357421875" lon="139.53874415718019008636474609375">
        <ele>44.799999237060546875</ele>
        <time>2026-09-01T22:40:04.000Z</time>
        <extensions>
          <ns3:TrackPointExtension>
            <ns3:hr>149</ns3:hr>
            <ns3:cad>85</ns3:cad>
          </ns3:TrackPointExtension>
        </extensions>
      </trkpt>
      <trkpt lat="35.75856626965105533599853515625" lon="139.5387256331741809844970703125">
        <ele>44.799999237060546875</ele>
        <time>2026-09-01T22:40:05.000Z</time>
        <extensions>
          <ns3:TrackPointExtension>
            <ns3:hr>149</ns3:hr>
            <ns3:cad>85</ns3:cad>
          </ns3:TrackPointExtension>
        </extensions>
      </trkpt>
      <trkpt lat="35.7585562951862812042236328125" lon="139.53870945610105991363525390625">
        <ele>44.799999237060546875</ele>
        <time>2026-09-01T22:40:06.000Z</time>
        <extensions>
          <ns3:TrackPointExtension>
            <ns3:hr>149</ns3:hr>
            <ns3:cad>85</ns3:cad>
          </ns3:TrackPointExtension>
        </extensions>
      </trkpt>
      <trkpt lat="35.758545733988285064697265625" lon="139.5386914350092411041259765625">
        <ele>44.799999237060546875</ele>
        <time>2026-09-01T22:40:07.000Z</time>
        <extensions>
          <ns3:TrackPointExtension>
            <ns3:hr>149</ns3:hr>
            <ns3:cad>85</ns3:cad>
          </ns3:TrackPointExtension>
        </extensions>
      </trkpt>
      <trkpt lat="35.758534334599971771240234375" lon="139.53867383301258087158203125">
        <ele>44.799999237060546875</ele>
        <time>2026-09-01T22:40:08.000Z</time>
        <extensions>
          <ns3:TrackPointExtension>
            <ns3:hr>149</ns3:hr>
            <ns3:cad>85</ns3:cad>
          </ns3:TrackPointExtension>
        </extensions>
      </trkpt>
      <trkpt lat="35.75852218084037303924560546875" lon="139.53865849412977695465087890625">
        <ele>44.799999237060546875</ele>
        <time>2026-09-01T22:40:09.000Z</time>
        <extensions>
          <ns3:TrackPointExtension>
            <ns3:hr>149</ns3:hr>
            <ns3:cad>83</ns3:cad>
          </ns3:TrackPointExtension>
        </extensions>
      </trkpt>
      <trkpt lat="35.75851212255656719207763671875" lon="139.538640640676021575927734375">
        <ele>44.799999237060546875</ele>
        <time>2026-09-01T22:40:10.000Z</time>
        <extensions>
          <ns3:TrackPointExtension>
            <ns3:hr>149</ns3:hr>
            <ns3:cad>83</ns3:cad>
          </ns3:TrackPointExtension>
        </extensions>
      </trkpt>
      <trkpt lat="35.758501477539539337158203125" lon="139.53862546943128108978271484375">
        <ele>44.799999237060546875</ele>
        <time>2026-09-01T22:40:11.000Z</time>
        <extensions>
          <ns3:TrackPointExtension>
            <ns3:hr>149</ns3:hr>
            <ns3:cad>83</ns3:cad>
          </ns3:TrackPointExtension>
        </extensions>
      </trkpt>
      <trkpt lat="35.75849200598895549774169921875" lon="139.53860619105398654937744140625">
        <ele>44.799999237060546875</ele>
        <time>2026-09-01T22:40:12.000Z</time>
        <extensions>
          <ns3:TrackPointExtension>
            <ns3:hr>149</ns3:hr>
            <ns3:cad>83</ns3:cad>
          </ns3:TrackPointExtension>
        </extensions>
      </trkpt>
      <trkpt lat="35.75848295353353023529052734375" lon="139.5385878346860408782958984375">
        <ele>45</ele>
        <time>2026-09-01T22:40:13.000Z</time>
        <extensions>
          <ns3:TrackPointExtension>
            <ns3:hr>148</ns3:hr>
            <ns3:cad>83</ns3:cad>
          </ns3:TrackPointExtension>
        </extensions>
      </trkpt>
      <trkpt lat="35.75847364962100982666015625" lon="139.53857132233679294586181640625">
        <ele>45</ele>
        <time>2026-09-01T22:40:14.000Z</time>
        <extensions>
          <ns3:TrackPointExtension>
            <ns3:hr>147</ns3:hr>
            <ns3:cad>83</ns3:cad>
          </ns3:TrackPointExtension>
        </extensions>
      </trkpt>
      <trkpt lat="35.75846686027944087982177734375" lon="139.53855405561625957489013671875">
        <ele>45</ele>
        <time>2026-09-01T22:40:15.000Z</time>
        <extensions>
          <ns3:TrackPointExtension>
            <ns3:hr>147</ns3:hr>
            <ns3:cad>83</ns3:cad>
          </ns3:TrackPointExtension>
        </extensions>
      </trkpt>
      <trkpt lat="35.75845914892852306365966796875" lon="139.53853905200958251953125">
        <ele>45</ele>
        <time>2026-09-01T22:40:16.000Z</time>
        <extensions>
          <ns3:TrackPointExtension>
            <ns3:hr>147</ns3:hr>
            <ns3:cad>82</ns3:cad>
          </ns3:TrackPointExtension>
        </extensions>
      </trkpt>
      <trkpt lat="35.7584483362734317779541015625" lon="139.5385234616696834564208984375">
        <ele>45</ele>
        <time>2026-09-01T22:40:17.000Z</time>
        <extensions>
          <ns3:TrackPointExtension>
            <ns3:hr>147</ns3:hr>
            <ns3:cad>82</ns3:cad>
          </ns3:TrackPointExtension>
        </extensions>
      </trkpt>
      <trkpt lat="35.75843819417059421539306640625" lon="139.53850560821592807769775390625">
        <ele>45</ele>
        <time>2026-09-01T22:40:18.000Z</time>
        <extensions>
          <ns3:TrackPointExtension>
            <ns3:hr>147</ns3:hr>
            <ns3:cad>82</ns3:cad>
          </ns3:TrackPointExtension>
        </extensions>
      </trkpt>
      <trkpt lat="35.75842830352485179901123046875" lon="139.538490436971187591552734375">
        <ele>45</ele>
        <time>2026-09-01T22:40:19.000Z</time>
        <extensions>
          <ns3:TrackPointExtension>
            <ns3:hr>147</ns3:hr>
            <ns3:cad>82</ns3:cad>
          </ns3:TrackPointExtension>
        </extensions>
      </trkpt>
      <trkpt lat="35.75842008925974369049072265625" lon="139.53847174532711505889892578125">
        <ele>45</ele>
        <time>2026-09-01T22:40:20.000Z</time>
        <extensions>
          <ns3:TrackPointExtension>
            <ns3:hr>147</ns3:hr>
            <ns3:cad>83</ns3:cad>
          </ns3:TrackPointExtension>
        </extensions>
      </trkpt>
      <trkpt lat="35.75841187499463558197021484375" lon="139.53845246694982051849365234375">
        <ele>45</ele>
        <time>2026-09-01T22:40:21.000Z</time>
        <extensions>
          <ns3:TrackPointExtension>
            <ns3:hr>146</ns3:hr>
            <ns3:cad>83</ns3:cad>
          </ns3:TrackPointExtension>
        </extensions>
      </trkpt>
      <trkpt lat="35.75840114615857601165771484375" lon="139.53843587078154087066650390625">
        <ele>45</ele>
        <time>2026-09-01T22:40:22.000Z</time>
        <extensions>
          <ns3:TrackPointExtension>
            <ns3:hr>145</ns3:hr>
            <ns3:cad>83</ns3:cad>
          </ns3:TrackPointExtension>
        </extensions>
      </trkpt>
      <trkpt lat="35.758386813104152679443359375" lon="139.53842128627002239227294921875">
        <ele>45</ele>
        <time>2026-09-01T22:40:23.000Z</time>
        <extensions>
          <ns3:TrackPointExtension>
            <ns3:hr>144</ns3:hr>
            <ns3:cad>82</ns3:cad>
          </ns3:TrackPointExtension>
        </extensions>
      </trkpt>
      <trkpt lat="35.75837432406842708587646484375" lon="139.53840485773980617523193359375">
        <ele>45</ele>
        <time>2026-09-01T22:40:24.000Z</time>
        <extensions>
          <ns3:TrackPointExtension>
            <ns3:hr>144</ns3:hr>
            <ns3:cad>81</ns3:cad>
          </ns3:TrackPointExtension>
        </extensions>
      </trkpt>
      <trkpt lat="35.75836543925106525421142578125" lon="139.53838876448571681976318359375">
        <ele>45</ele>
        <time>2026-09-01T22:40:25.000Z</time>
        <extensions>
          <ns3:TrackPointExtension>
            <ns3:hr>144</ns3:hr>
            <ns3:cad>81</ns3:cad>
          </ns3:TrackPointExtension>
        </extensions>
      </trkpt>
      <trkpt lat="35.758357308804988861083984375" lon="139.53837116248905658721923828125">
        <ele>45</ele>
        <time>2026-09-01T22:40:26.000Z</time>
        <extensions>
          <ns3:TrackPointExtension>
            <ns3:hr>144</ns3:hr>
            <ns3:cad>81</ns3:cad>
          </ns3:TrackPointExtension>
        </extensions>
      </trkpt>
      <trkpt lat="35.758349597454071044921875" lon="139.53835490159690380096435546875">
        <ele>45</ele>
        <time>2026-09-01T22:40:27.000Z</time>
        <extensions>
          <ns3:TrackPointExtension>
            <ns3:hr>144</ns3:hr>
            <ns3:cad>81</ns3:cad>
          </ns3:TrackPointExtension>
        </extensions>
      </trkpt>
      <trkpt lat="35.75834029354155063629150390625" lon="139.538337886333465576171875">
        <ele>45</ele>
        <time>2026-09-01T22:40:28.000Z</time>
        <extensions>
          <ns3:TrackPointExtension>
            <ns3:hr>143</ns3:hr>
            <ns3:cad>81</ns3:cad>
          </ns3:TrackPointExtension>
        </extensions>
      </trkpt>
      <trkpt lat="35.758334510028362274169921875" lon="139.53832522965967655181884765625">
        <ele>45</ele>
        <time>2026-09-01T22:40:29.000Z</time>
        <extensions>
          <ns3:TrackPointExtension>
            <ns3:hr>143</ns3:hr>
            <ns3:cad>81</ns3:cad>
          </ns3:TrackPointExtension>
        </extensions>
      </trkpt>
      <trkpt lat="35.758326463401317596435546875" lon="139.5383082143962383270263671875">
        <ele>45</ele>
        <time>2026-09-01T22:40:30.000Z</time>
        <extensions>
          <ns3:TrackPointExtension>
            <ns3:hr>142</ns3:hr>
            <ns3:cad>81</ns3:cad>
          </ns3:TrackPointExtension>
        </extensions>
      </trkpt>
      <trkpt lat="35.75831481255590915679931640625" lon="139.5382855832576751708984375">
        <ele>45</ele>
        <time>2026-09-01T22:40:31.000Z</time>
        <extensions>
          <ns3:TrackPointExtension>
            <ns3:hr>142</ns3:hr>
            <ns3:cad>81</ns3:cad>
          </ns3:TrackPointExtension>
        </extensions>
      </trkpt>
      <trkpt lat="35.75830257497727870941162109375" lon="139.538265131413936614990234375">
        <ele>45</ele>
        <time>2026-09-01T22:40:32.000Z</time>
        <extensions>
          <ns3:TrackPointExtension>
            <ns3:hr>142</ns3:hr>
            <ns3:cad>81</ns3:cad>
          </ns3:TrackPointExtension>
        </extensions>
      </trkpt>
      <trkpt lat="35.75829167850315570831298828125" lon="139.5382485352456569671630859375">
        <ele>45</ele>
        <time>2026-09-01T22:40:33.000Z</time>
        <extensions>
          <ns3:TrackPointExtension>
            <ns3:hr>142</ns3:hr>
            <ns3:cad>81</ns3:cad>
          </ns3:TrackPointExtension>
        </extensions>
      </trkpt>
      <trkpt lat="35.75828178785741329193115234375" lon="139.53822682611644268035888671875">
        <ele>45</ele>
        <time>2026-09-01T22:40:34.000Z</time>
        <extensions>
          <ns3:TrackPointExtension>
            <ns3:hr>142</ns3:hr>
            <ns3:cad>81</ns3:cad>
          </ns3:TrackPointExtension>
        </extensions>
      </trkpt>
      <trkpt lat="35.75827072374522686004638671875" lon="139.53820176422595977783203125">
        <ele>45</ele>
        <time>2026-09-01T22:40:35.000Z</time>
        <extensions>
          <ns3:TrackPointExtension>
            <ns3:hr>142</ns3:hr>
            <ns3:cad>82</ns3:cad>
          </ns3:TrackPointExtension>
        </extensions>
      </trkpt>
      <trkpt lat="35.7582612521946430206298828125" lon="139.53817988745868206024169921875">
        <ele>45</ele>
        <time>2026-09-01T22:40:36.000Z</time>
        <extensions>
          <ns3:TrackPointExtension>
            <ns3:hr>142</ns3:hr>
            <ns3:cad>83</ns3:cad>
          </ns3:TrackPointExtension>
        </extensions>
      </trkpt>
      <trkpt lat="35.758251361548900604248046875" lon="139.53815775923430919647216796875">
        <ele>45</ele>
        <time>2026-09-01T22:40:37.000Z</time>
        <extensions>
          <ns3:TrackPointExtension>
            <ns3:hr>142</ns3:hr>
            <ns3:cad>83</ns3:cad>
          </ns3:TrackPointExtension>
        </extensions>
      </trkpt>
      <trkpt lat="35.75824239291250705718994140625" lon="139.5381429232656955718994140625">
        <ele>45</ele>
        <time>2026-09-01T22:40:38.000Z</time>
        <extensions>
          <ns3:TrackPointExtension>
            <ns3:hr>142</ns3:hr>
            <ns3:cad>83</ns3:cad>
          </ns3:TrackPointExtension>
        </extensions>
      </trkpt>
      <trkpt lat="35.7582277245819568634033203125" lon="139.5381174422800540924072265625">
        <ele>45</ele>
        <time>2026-09-01T22:40:39.000Z</time>
        <extensions>
          <ns3:TrackPointExtension>
            <ns3:hr>142</ns3:hr>
            <ns3:cad>83</ns3:cad>
          </ns3:TrackPointExtension>
        </extensions>
      </trkpt>
      <trkpt lat="35.75821909122169017791748046875" lon="139.53809388913214206695556640625">
        <ele>45</ele>
        <time>2026-09-01T22:40:40.000Z</time>
        <extensions>
          <ns3:TrackPointExtension>
            <ns3:hr>141</ns3:hr>
            <ns3:cad>83</ns3:cad>
          </ns3:TrackPointExtension>
        </extensions>
      </trkpt>
      <trkpt lat="35.75820920057594776153564453125" lon="139.53807125799357891082763671875">
        <ele>45</ele>
        <time>2026-09-01T22:40:41.000Z</time>
        <extensions>
          <ns3:TrackPointExtension>
            <ns3:hr>141</ns3:hr>
            <ns3:cad>83</ns3:cad>
          </ns3:TrackPointExtension>
        </extensions>
      </trkpt>
      <trkpt lat="35.7582007348537445068359375" lon="139.53805298544466495513916015625">
        <ele>45</ele>
        <time>2026-09-01T22:40:42.000Z</time>
        <extensions>
          <ns3:TrackPointExtension>
            <ns3:hr>141</ns3:hr>
            <ns3:cad>82</ns3:cad>
          </ns3:TrackPointExtension>
        </extensions>
      </trkpt>
      <trkpt lat="35.75818723998963832855224609375" lon="139.538023732602596282958984375">
        <ele>45</ele>
        <time>2026-09-01T22:40:43.000Z</time>
        <extensions>
          <ns3:TrackPointExtension>
            <ns3:hr>140</ns3:hr>
            <ns3:cad>82</ns3:cad>
          </ns3:TrackPointExtension>
        </extensions>
      </trkpt>
      <trkpt lat="35.75817684642970561981201171875" lon="139.537996910512447357177734375">
        <ele>45</ele>
        <time>2026-09-01T22:40:44.000Z</time>
        <extensions>
          <ns3:TrackPointExtension>
            <ns3:hr>140</ns3:hr>
            <ns3:cad>84</ns3:cad>
          </ns3:TrackPointExtension>
        </extensions>
      </trkpt>
      <trkpt lat="35.75816745869815349578857421875" lon="139.5379759557545185089111328125">
        <ele>45</ele>
        <time>2026-09-01T22:40:45.000Z</time>
        <extensions>
          <ns3:TrackPointExtension>
            <ns3:hr>140</ns3:hr>
            <ns3:cad>84</ns3:cad>
          </ns3:TrackPointExtension>
        </extensions>
      </trkpt>
      <trkpt lat="35.7581573165953159332275390625" lon="139.53795407898724079132080078125">
        <ele>45</ele>
        <time>2026-09-01T22:40:46.000Z</time>
        <extensions>
          <ns3:TrackPointExtension>
            <ns3:hr>141</ns3:hr>
            <ns3:cad>85</ns3:cad>
          </ns3:TrackPointExtension>
        </extensions>
      </trkpt>
      <trkpt lat="35.75814918614923954010009765625" lon="139.53793262131512165069580078125">
        <ele>45.200000762939453125</ele>
        <time>2026-09-01T22:40:47.000Z</time>
        <extensions>
          <ns3:TrackPointExtension>
            <ns3:hr>141</ns3:hr>
            <ns3:cad>85</ns3:cad>
          </ns3:TrackPointExtension>
        </extensions>
      </trkpt>
      <trkpt lat="35.758140720427036285400390625" lon="139.537911079823970794677734375">
        <ele>45.200000762939453125</ele>
        <time>2026-09-01T22:40:48.000Z</time>
        <extensions>
          <ns3:TrackPointExtension>
            <ns3:hr>142</ns3:hr>
            <ns3:cad>85</ns3:cad>
          </ns3:TrackPointExtension>
        </extensions>
      </trkpt>
      <trkpt lat="35.7581309974193572998046875" lon="139.5378864370286464691162109375">
        <ele>45.200000762939453125</ele>
        <time>2026-09-01T22:40:49.000Z</time>
        <extensions>
          <ns3:TrackPointExtension>
            <ns3:hr>142</ns3:hr>
            <ns3:cad>84</ns3:cad>
          </ns3:TrackPointExtension>
        </extensions>
      </trkpt>
      <trkpt lat="35.75811959803104400634765625" lon="139.53786724247038364410400390625">
        <ele>45.200000762939453125</ele>
        <time>2026-09-01T22:40:50.000Z</time>
        <extensions>
          <ns3:TrackPointExtension>
            <ns3:hr>142</ns3:hr>
            <ns3:cad>85</ns3:cad>
          </ns3:TrackPointExtension>
        </extensions>
      </trkpt>
      <trkpt lat="35.75810828246176242828369140625" lon="139.5378448627889156341552734375">
        <ele>45.200000762939453125</ele>
        <time>2026-09-01T22:40:51.000Z</time>
        <extensions>
          <ns3:TrackPointExtension>
            <ns3:hr>142</ns3:hr>
            <ns3:cad>84</ns3:cad>
          </ns3:TrackPointExtension>
        </extensions>
      </trkpt>
      <trkpt lat="35.7580973021686077117919921875" lon="139.5378207229077816009521484375">
        <ele>45.200000762939453125</ele>
        <time>2026-09-01T22:40:52.000Z</time>
        <extensions>
          <ns3:TrackPointExtension>
            <ns3:hr>143</ns3:hr>
            <ns3:cad>84</ns3:cad>
          </ns3:TrackPointExtension>
        </extensions>
      </trkpt>
      <trkpt lat="35.758089087903499603271484375" lon="139.53779716975986957550048828125">
        <ele>45.40000152587890625</ele>
        <time>2026-09-01T22:40:53.000Z</time>
        <extensions>
          <ns3:TrackPointExtension>
            <ns3:hr>143</ns3:hr>
            <ns3:cad>84</ns3:cad>
          </ns3:TrackPointExtension>
        </extensions>
      </trkpt>
      <trkpt lat="35.7580795325338840484619140625" lon="139.5377741195261478424072265625">
        <ele>45.40000152587890625</ele>
        <time>2026-09-01T22:40:54.000Z</time>
        <extensions>
          <ns3:TrackPointExtension>
            <ns3:hr>142</ns3:hr>
            <ns3:cad>83</ns3:cad>
          </ns3:TrackPointExtension>
        </extensions>
      </trkpt>
      <trkpt lat="35.75806855224072933197021484375" lon="139.5377526618540287017822265625">
        <ele>45.40000152587890625</ele>
        <time>2026-09-01T22:40:55.000Z</time>
        <extensions>
          <ns3:TrackPointExtension>
            <ns3:hr>142</ns3:hr>
            <ns3:cad>83</ns3:cad>
          </ns3:TrackPointExtension>
        </extensions>
      </trkpt>
      <trkpt lat="35.7580584101378917694091796875" lon="139.53772776760160923004150390625">
        <ele>45.59999847412109375</ele>
        <time>2026-09-01T22:40:56.000Z</time>
        <extensions>
          <ns3:TrackPointExtension>
            <ns3:hr>142</ns3:hr>
            <ns3:cad>82</ns3:cad>
          </ns3:TrackPointExtension>
        </extensions>
      </trkpt>
      <trkpt lat="35.7580500282347202301025390625" lon="139.53770161606371402740478515625">
        <ele>45.59999847412109375</ele>
        <time>2026-09-01T22:40:57.000Z</time>
        <extensions>
          <ns3:TrackPointExtension>
            <ns3:hr>142</ns3:hr>
            <ns3:cad>82</ns3:cad>
          </ns3:TrackPointExtension>
        </extensions>
      </trkpt>
      <trkpt lat="35.75804256834089756011962890625" lon="139.53767898492515087127685546875">
        <ele>45.799999237060546875</ele>
        <time>2026-09-01T22:40:58.000Z</time>
        <extensions>
          <ns3:TrackPointExtension>
            <ns3:hr>142</ns3:hr>
            <ns3:cad>82</ns3:cad>
          </ns3:TrackPointExtension>
        </extensions>
      </trkpt>
      <trkpt lat="35.7580349408090114593505859375" lon="139.53765484504401683807373046875">
        <ele>45.799999237060546875</ele>
        <time>2026-09-01T22:40:59.000Z</time>
        <extensions>
          <ns3:TrackPointExtension>
            <ns3:hr>142</ns3:hr>
            <ns3:cad>82</ns3:cad>
          </ns3:TrackPointExtension>
        </extensions>
      </trkpt>
      <trkpt lat="35.75802898965775966644287109375" lon="139.53763305209577083587646484375">
        <ele>46</ele>
        <time>2026-09-01T22:41:00.000Z</time>
        <extensions>
          <ns3:TrackPointExtension>
            <ns3:hr>143</ns3:hr>
            <ns3:cad>83</ns3:cad>
          </ns3:TrackPointExtension>
        </extensions>
      </trkpt>
      <trkpt lat="35.7580242119729518890380859375" lon="139.53761176206171512603759765625">
        <ele>46.200000762939453125</ele>
        <time>2026-09-01T22:41:01.000Z</time>
        <extensions>
          <ns3:TrackPointExtension>
            <ns3:hr>143</ns3:hr>
            <ns3:cad>83</ns3:cad>
          </ns3:TrackPointExtension>
        </extensions>
      </trkpt>
      <trkpt lat="35.75801658444106578826904296875" lon="139.53759399242699146270751953125">
        <ele>46.40000152587890625</ele>
        <time>2026-09-01T22:41:02.000Z</time>
        <extensions>
          <ns3:TrackPointExtension>
            <ns3:hr>143</ns3:hr>
            <ns3:cad>83</ns3:cad>
          </ns3:TrackPointExtension>
        </extensions>
      </trkpt>
      <trkpt lat="35.7580057717859745025634765625" lon="139.5375766418874263763427734375">
        <ele>46.40000152587890625</ele>
        <time>2026-09-01T22:41:03.000Z</time>
        <extensions>
          <ns3:TrackPointExtension>
            <ns3:hr>144</ns3:hr>
            <ns3:cad>82</ns3:cad>
          </ns3:TrackPointExtension>
        </extensions>
      </trkpt>
      <trkpt lat="35.75799780897796154022216796875" lon="139.53756264410912990570068359375">
        <ele>46.40000152587890625</ele>
        <time>2026-09-01T22:41:04.000Z</time>
        <extensions>
          <ns3:TrackPointExtension>
            <ns3:hr>144</ns3:hr>
            <ns3:cad>82</ns3:cad>
          </ns3:TrackPointExtension>
        </extensions>
      </trkpt>
      <trkpt lat="35.757989175617694854736328125" lon="139.5375454612076282501220703125">
        <ele>46.40000152587890625</ele>
        <time>2026-09-01T22:41:05.000Z</time>
        <extensions>
          <ns3:TrackPointExtension>
            <ns3:hr>144</ns3:hr>
            <ns3:cad>82</ns3:cad>
          </ns3:TrackPointExtension>
        </extensions>
      </trkpt>
      <trkpt lat="35.75797744095325469970703125" lon="139.53752643428742885589599609375">
        <ele>46.40000152587890625</ele>
        <time>2026-09-01T22:41:06.000Z</time>
        <extensions>
          <ns3:TrackPointExtension>
            <ns3:hr>144</ns3:hr>
            <ns3:cad>83</ns3:cad>
          </ns3:TrackPointExtension>
        </extensions>
      </trkpt>
      <trkpt lat="35.75796964578330516815185546875" lon="139.5375075750052928924560546875">
        <ele>46.40000152587890625</ele>
        <time>2026-09-01T22:41:07.000Z</time>
        <extensions>
          <ns3:TrackPointExtension>
            <ns3:hr>145</ns3:hr>
            <ns3:cad>83</ns3:cad>
          </ns3:TrackPointExtension>
        </extensions>
      </trkpt>
      <trkpt lat="35.75796143151819705963134765625" lon="139.53748636879026889801025390625">
        <ele>46.40000152587890625</ele>
        <time>2026-09-01T22:41:08.000Z</time>
        <extensions>
          <ns3:TrackPointExtension>
            <ns3:hr>145</ns3:hr>
            <ns3:cad>84</ns3:cad>
          </ns3:TrackPointExtension>
        </extensions>
      </trkpt>
      <trkpt lat="35.7579517923295497894287109375" lon="139.53746759332716464996337890625">
        <ele>46.40000152587890625</ele>
        <time>2026-09-01T22:41:09.000Z</time>
        <extensions>
          <ns3:TrackPointExtension>
            <ns3:hr>145</ns3:hr>
            <ns3:cad>84</ns3:cad>
          </ns3:TrackPointExtension>
        </extensions>
      </trkpt>
      <trkpt lat="35.75794081203639507293701171875" lon="139.5374472253024578094482421875">
        <ele>46.200000762939453125</ele>
        <time>2026-09-01T22:41:10.000Z</time>
        <extensions>
          <ns3:TrackPointExtension>
            <ns3:hr>145</ns3:hr>
            <ns3:cad>83</ns3:cad>
          </ns3:TrackPointExtension>
        </extensions>
      </trkpt>
      <trkpt lat="35.7579313404858112335205078125" lon="139.53742534853518009185791015625">
        <ele>46</ele>
        <time>2026-09-01T22:41:11.000Z</time>
        <extensions>
          <ns3:TrackPointExtension>
            <ns3:hr>146</ns3:hr>
            <ns3:cad>82</ns3:cad>
          </ns3:TrackPointExtension>
        </extensions>
      </trkpt>
      <trkpt lat="35.75792253948748111724853515625" lon="139.53740171156823635101318359375">
        <ele>46</ele>
        <time>2026-09-01T22:41:12.000Z</time>
        <extensions>
          <ns3:TrackPointExtension>
            <ns3:hr>146</ns3:hr>
            <ns3:cad>82</ns3:cad>
          </ns3:TrackPointExtension>
        </extensions>
      </trkpt>
      <trkpt lat="35.75791549868881702423095703125" lon="139.53738377429544925689697265625">
        <ele>45.799999237060546875</ele>
        <time>2026-09-01T22:41:13.000Z</time>
        <extensions>
          <ns3:TrackPointExtension>
            <ns3:hr>147</ns3:hr>
            <ns3:cad>83</ns3:cad>
          </ns3:TrackPointExtension>
        </extensions>
      </trkpt>
      <trkpt lat="35.75790661387145519256591796875" lon="139.537365920841693878173828125">
        <ele>45.59999847412109375</ele>
        <time>2026-09-01T22:41:14.000Z</time>
        <extensions>
          <ns3:TrackPointExtension>
            <ns3:hr>146</ns3:hr>
            <ns3:cad>84</ns3:cad>
          </ns3:TrackPointExtension>
        </extensions>
      </trkpt>
      <trkpt lat="35.7578949630260467529296875" lon="139.5373441278934478759765625">
        <ele>45.59999847412109375</ele>
        <time>2026-09-01T22:41:15.000Z</time>
        <extensions>
          <ns3:TrackPointExtension>
            <ns3:hr>146</ns3:hr>
            <ns3:cad>85</ns3:cad>
          </ns3:TrackPointExtension>
        </extensions>
      </trkpt>
      <trkpt lat="35.75788582675158977508544921875" lon="139.5373245142400264739990234375">
        <ele>45.59999847412109375</ele>
        <time>2026-09-01T22:41:16.000Z</time>
        <extensions>
          <ns3:TrackPointExtension>
            <ns3:hr>146</ns3:hr>
            <ns3:cad>86</ns3:cad>
          </ns3:TrackPointExtension>
        </extensions>
      </trkpt>
      <trkpt lat="35.75787710957229137420654296875" lon="139.53730498440563678741455078125">
        <ele>45.59999847412109375</ele>
        <time>2026-09-01T22:41:17.000Z</time>
        <extensions>
          <ns3:TrackPointExtension>
            <ns3:hr>146</ns3:hr>
            <ns3:cad>86</ns3:cad>
          </ns3:TrackPointExtension>
        </extensions>
      </trkpt>
      <trkpt lat="35.7578679732978343963623046875" lon="139.5372886396944522857666015625">
        <ele>45.40000152587890625</ele>
        <time>2026-09-01T22:41:18.000Z</time>
        <extensions>
          <ns3:TrackPointExtension>
            <ns3:hr>146</ns3:hr>
            <ns3:cad>85</ns3:cad>
          </ns3:TrackPointExtension>
        </extensions>
      </trkpt>
      <trkpt lat="35.75785414315760135650634765625" lon="139.537265002727508544921875">
        <ele>45.40000152587890625</ele>
        <time>2026-09-01T22:41:19.000Z</time>
        <extensions>
          <ns3:TrackPointExtension>
            <ns3:hr>147</ns3:hr>
            <ns3:cad>84</ns3:cad>
          </ns3:TrackPointExtension>
        </extensions>
      </trkpt>
      <trkpt lat="35.757845342159271240234375" lon="139.53724823892116546630859375">
        <ele>45.40000152587890625</ele>
        <time>2026-09-01T22:41:20.000Z</time>
        <extensions>
          <ns3:TrackPointExtension>
            <ns3:hr>146</ns3:hr>
            <ns3:cad>84</ns3:cad>
          </ns3:TrackPointExtension>
        </extensions>
      </trkpt>
      <trkpt lat="35.7578361220657825469970703125" lon="139.5372252725064754486083984375">
        <ele>45.40000152587890625</ele>
        <time>2026-09-01T22:41:21.000Z</time>
        <extensions>
          <ns3:TrackPointExtension>
            <ns3:hr>146</ns3:hr>
            <ns3:cad>84</ns3:cad>
          </ns3:TrackPointExtension>
        </extensions>
      </trkpt>
      <trkpt lat="35.75782866217195987701416015625" lon="139.5372034795582294464111328125">
        <ele>45.40000152587890625</ele>
        <time>2026-09-01T22:41:22.000Z</time>
        <extensions>
          <ns3:TrackPointExtension>
            <ns3:hr>146</ns3:hr>
            <ns3:cad>84</ns3:cad>
          </ns3:TrackPointExtension>
        </extensions>
      </trkpt>
      <trkpt lat="35.75782229192554950714111328125" lon="139.53718361444771289825439453125">
        <ele>45.40000152587890625</ele>
        <time>2026-09-01T22:41:23.000Z</time>
        <extensions>
          <ns3:TrackPointExtension>
            <ns3:hr>147</ns3:hr>
            <ns3:cad>83</ns3:cad>
          </ns3:TrackPointExtension>
        </extensions>
      </trkpt>
      <trkpt lat="35.75781516730785369873046875" lon="139.537165425717830657958984375">
        <ele>45.40000152587890625</ele>
        <time>2026-09-01T22:41:24.000Z</time>
        <extensions>
          <ns3:TrackPointExtension>
            <ns3:hr>147</ns3:hr>
            <ns3:cad>83</ns3:cad>
          </ns3:TrackPointExtension>
        </extensions>
      </trkpt>
      <trkpt lat="35.757806114852428436279296875" lon="139.53714572824537754058837890625">
        <ele>45.40000152587890625</ele>
        <time>2026-09-01T22:41:25.000Z</time>
        <extensions>
          <ns3:TrackPointExtension>
            <ns3:hr>146</ns3:hr>
            <ns3:cad>83</ns3:cad>
          </ns3:TrackPointExtension>
        </extensions>
      </trkpt>
      <trkpt lat="35.75780049897730350494384765625" lon="139.53712846152484416961669921875">
        <ele>45.40000152587890625</ele>
        <time>2026-09-01T22:41:26.000Z</time>
        <extensions>
          <ns3:TrackPointExtension>
            <ns3:hr>146</ns3:hr>
            <ns3:cad>83</ns3:cad>
          </ns3:TrackPointExtension>
        </extensions>
      </trkpt>
      <trkpt lat="35.7577942125499248504638671875" lon="139.5371059142053127288818359375">
        <ele>45.59999847412109375</ele>
        <time>2026-09-01T22:41:27.000Z</time>
        <extensions>
          <ns3:TrackPointExtension>
            <ns3:hr>146</ns3:hr>
            <ns3:cad>82</ns3:cad>
          </ns3:TrackPointExtension>
        </extensions>
      </trkpt>
      <trkpt lat="35.757789351046085357666015625" lon="139.53708621673285961151123046875">
        <ele>45.59999847412109375</ele>
        <time>2026-09-01T22:41:28.000Z</time>
        <extensions>
          <ns3:TrackPointExtension>
            <ns3:hr>145</ns3:hr>
            <ns3:cad>82</ns3:cad>
          </ns3:TrackPointExtension>
        </extensions>
      </trkpt>
      <trkpt lat="35.75778591446578502655029296875" lon="139.53706978820264339447021484375">
        <ele>45.59999847412109375</ele>
        <time>2026-09-01T22:41:29.000Z</time>
        <extensions>
          <ns3:TrackPointExtension>
            <ns3:hr>145</ns3:hr>
            <ns3:cad>82</ns3:cad>
          </ns3:TrackPointExtension>
        </extensions>
      </trkpt>
      <trkpt lat="35.75777652673423290252685546875" lon="139.53704841434955596923828125">
        <ele>45.59999847412109375</ele>
        <time>2026-09-01T22:41:30.000Z</time>
        <extensions>
          <ns3:TrackPointExtension>
            <ns3:hr>145</ns3:hr>
            <ns3:cad>82</ns3:cad>
          </ns3:TrackPointExtension>
        </extensions>
      </trkpt>
      <trkpt lat="35.757769234478473663330078125" lon="139.53703022561967372894287109375">
        <ele>45.59999847412109375</ele>
        <time>2026-09-01T22:41:31.000Z</time>
        <extensions>
          <ns3:TrackPointExtension>
            <ns3:hr>145</ns3:hr>
            <ns3:cad>82</ns3:cad>
          </ns3:TrackPointExtension>
        </extensions>
      </trkpt>
      <trkpt lat="35.75776286423206329345703125" lon="139.53701329417526721954345703125">
        <ele>45.59999847412109375</ele>
        <time>2026-09-01T22:41:32.000Z</time>
        <extensions>
          <ns3:TrackPointExtension>
            <ns3:hr>145</ns3:hr>
            <ns3:cad>82</ns3:cad>
          </ns3:TrackPointExtension>
        </extensions>
      </trkpt>
      <trkpt lat="35.757754482328891754150390625" lon="139.53699988313019275665283203125">
        <ele>45.59999847412109375</ele>
        <time>2026-09-01T22:41:33.000Z</time>
        <extensions>
          <ns3:TrackPointExtension>
            <ns3:hr>145</ns3:hr>
            <ns3:cad>82</ns3:cad>
          </ns3:TrackPointExtension>
        </extensions>
      </trkpt>
      <trkpt lat="35.7577474415302276611328125" lon="139.53698043711483478546142578125">
        <ele>45.59999847412109375</ele>
        <time>2026-09-01T22:41:34.000Z</time>
        <extensions>
          <ns3:TrackPointExtension>
            <ns3:hr>145</ns3:hr>
            <ns3:cad>82</ns3:cad>
          </ns3:TrackPointExtension>
        </extensions>
      </trkpt>
    </trkseg>
  </trk>
</gpx>
