<gpx xmlns:ns3="http://www.garmin.com/xmlschemas/TrackPointExtension/v1" xmlns="http://www.topografix.com/GPX/1/1" xmlns:xsi="http://www.w3.org/2001/XMLSchema-instance" xmlns:ns2="http://www.garmin.com/xmlschemas/GpxExtensions/v3" creator="Garmin Connect" version="1.1" xsi:schemaLocation="http://www.topografix.com/GPX/1/1 http://www.topografix.com/GPX/11.xsd">
  <extensions>
<distance>4314.3</distance>
<average_hr>143.0</average_hr>
<average_speed>2.3940000534057617</average_speed>
<start_time>2026-09-07T22:18:20+00:00</start_time>
<end_time>2026-09-07T22:48:22.106000+00:00</end_time>
<moving_time>1796.003</moving_time>
<elapsed_time>1802.106</elapsed_time>
</extensions>
<metadata>
    <link href="connect.garmin.com">
      <text>Garmin Connect</text>
    </link>
    <time>2026-09-07T22:18:20.000Z</time>
  </metadata>
  <trk>
    <name>Higashikurume City - Base</name>
    <type>running</type>
    <trkseg>
      <trkpt lat="35.756897516548633575439453125" lon="139.53576640225946903228759765625">
        <ele>53.799999237060546875</ele>
        <time>2026-09-07T22:18:20.000Z</time>
        <extensions>
          <ns3:TrackPointExtension>
            <ns3:hr>82</ns3:hr>
            <ns3:cad>51</ns3:cad>
          </ns3:TrackPointExtension>
        </extensions>
      </trkpt>
      <trkpt lat="35.7569134421646595001220703125" lon="139.53577914275228977203369140625">
        <ele>54</ele>
        <time>2026-09-07T22:18:21.000Z</time>
        <extensions>
          <ns3:TrackPointExtension>
            <ns3:hr>82</ns3:hr>
            <ns3:cad>53</ns3:cad>
          </ns3:TrackPointExtension>
        </extensions>
      </trkpt>
      <trkpt lat="35.75691998004913330078125" lon="139.535795487463474273681640625">
        <ele>54</ele>
        <time>2026-09-07T22:18:22.000Z</time>
        <extensions>
          <ns3:TrackPointExtension>
            <ns3:hr>82</ns3:hr>
            <ns3:cad>53</ns3:cad>
          </ns3:TrackPointExtension>
        </extensions>
      </trkpt>
      <trkpt lat="35.7569134421646595001220703125" lon="139.5358197949826717376708984375">
        <ele>54</ele>
        <time>2026-09-07T22:18:23.000Z</time>
        <extensions>
          <ns3:TrackPointExtension>
            <ns3:hr>82</ns3:hr>
            <ns3:cad>53</ns3:cad>
          </ns3:TrackPointExtension>
        </extensions>
      </trkpt>
      <trkpt lat="35.7569374144077301025390625" lon="139.53583337366580963134765625">
        <ele>54</ele>
        <time>2026-09-07T22:18:24.000Z</time>
        <extensions>
          <ns3:TrackPointExtension>
            <ns3:hr>82</ns3:hr>
            <ns3:cad>53</ns3:cad>
          </ns3:TrackPointExtension>
        </extensions>
      </trkpt>
      <trkpt lat="35.75696356594562530517578125" lon="139.535837732255458831787109375">
        <ele>54</ele>
        <time>2026-09-07T22:18:25.000Z</time>
        <extensions>
          <ns3:TrackPointExtension>
            <ns3:hr>82</ns3:hr>
            <ns3:cad>53</ns3:cad>
          </ns3:TrackPointExtension>
        </extensions>
      </trkpt>
      <trkpt lat="35.7569885440170764923095703125" lon="139.5358425937592983245849609375">
        <ele>54</ele>
        <time>2026-09-07T22:18:26.000Z</time>
        <extensions>
          <ns3:TrackPointExtension>
            <ns3:hr>82</ns3:hr>
            <ns3:cad>83</ns3:cad>
          </ns3:TrackPointExtension>
        </extensions>
      </trkpt>
      <trkpt lat="35.7570146955549716949462890625" lon="139.5358499698340892791748046875">
        <ele>54</ele>
        <time>2026-09-07T22:18:27.000Z</time>
        <extensions>
          <ns3:TrackPointExtension>
            <ns3:hr>82</ns3:hr>
            <ns3:cad>83</ns3:cad>
          </ns3:TrackPointExtension>
        </extensions>
      </trkpt>
      <trkpt lat="35.75705266557633876800537109375" lon="139.53586153686046600341796875">
        <ele>54</ele>
        <time>2026-09-07T22:18:28.000Z</time>
        <extensions>
          <ns3:TrackPointExtension>
            <ns3:hr>82</ns3:hr>
            <ns3:cad>85</ns3:cad>
          </ns3:TrackPointExtension>
        </extensions>
      </trkpt>
      <trkpt lat="35.75708451680839061737060546875" lon="139.5358801446855068206787109375">
        <ele>54</ele>
        <time>2026-09-07T22:18:29.000Z</time>
        <extensions>
          <ns3:TrackPointExtension>
            <ns3:hr>83</ns3:hr>
            <ns3:cad>86</ns3:cad>
          </ns3:TrackPointExtension>
        </extensions>
      </trkpt>
      <trkpt lat="35.7571132667362689971923828125" lon="139.5358975790441036224365234375">
        <ele>54</ele>
        <time>2026-09-07T22:18:30.000Z</time>
        <extensions>
          <ns3:TrackPointExtension>
            <ns3:hr>84</ns3:hr>
            <ns3:cad>87</ns3:cad>
          </ns3:TrackPointExtension>
        </extensions>
      </trkpt>
      <trkpt lat="35.75713480822741985321044921875" lon="139.53592364676296710968017578125">
        <ele>54</ele>
        <time>2026-09-07T22:18:31.000Z</time>
        <extensions>
          <ns3:TrackPointExtension>
            <ns3:hr>85</ns3:hr>
            <ns3:cad>87</ns3:cad>
          </ns3:TrackPointExtension>
        </extensions>
      </trkpt>
      <trkpt lat="35.75714000500738620758056640625" lon="139.53596270643174648284912109375">
        <ele>54</ele>
        <time>2026-09-07T22:18:32.000Z</time>
        <extensions>
          <ns3:TrackPointExtension>
            <ns3:hr>86</ns3:hr>
            <ns3:cad>87</ns3:cad>
          </ns3:TrackPointExtension>
        </extensions>
      </trkpt>
      <trkpt lat="35.75715668499469757080078125" lon="139.53599204309284687042236328125">
        <ele>54.200000762939453125</ele>
        <time>2026-09-07T22:18:33.000Z</time>
        <extensions>
          <ns3:TrackPointExtension>
            <ns3:hr>87</ns3:hr>
            <ns3:cad>87</ns3:cad>
          </ns3:TrackPointExtension>
        </extensions>
      </trkpt>
      <trkpt lat="35.7571716047823429107666015625" lon="139.53601936809718608856201171875">
        <ele>54.200000762939453125</ele>
        <time>2026-09-07T22:18:34.000Z</time>
        <extensions>
          <ns3:TrackPointExtension>
            <ns3:hr>88</ns3:hr>
            <ns3:cad>87</ns3:cad>
          </ns3:TrackPointExtension>
        </extensions>
      </trkpt>
      <trkpt lat="35.75719046406447887420654296875" lon="139.536038227379322052001953125">
        <ele>54.200000762939453125</ele>
        <time>2026-09-07T22:18:35.000Z</time>
        <extensions>
          <ns3:TrackPointExtension>
            <ns3:hr>89</ns3:hr>
            <ns3:cad>87</ns3:cad>
          </ns3:TrackPointExtension>
        </extensions>
      </trkpt>
      <trkpt lat="35.7572081498801708221435546875" lon="139.5360447652637958526611328125">
        <ele>54.200000762939453125</ele>
        <time>2026-09-07T22:18:36.000Z</time>
        <extensions>
          <ns3:TrackPointExtension>
            <ns3:hr>91</ns3:hr>
            <ns3:cad>87</ns3:cad>
          </ns3:TrackPointExtension>
        </extensions>
      </trkpt>
      <trkpt lat="35.75723287649452686309814453125" lon="139.536040239036083221435546875">
        <ele>54.40000152587890625</ele>
        <time>2026-09-07T22:18:37.000Z</time>
        <extensions>
          <ns3:TrackPointExtension>
            <ns3:hr>94</ns3:hr>
            <ns3:cad>86</ns3:cad>
          </ns3:TrackPointExtension>
        </extensions>
      </trkpt>
      <trkpt lat="35.757257603108882904052734375" lon="139.53602909110486507415771484375">
        <ele>54.59999847412109375</ele>
        <time>2026-09-07T22:18:38.000Z</time>
        <extensions>
          <ns3:TrackPointExtension>
            <ns3:hr>96</ns3:hr>
            <ns3:cad>85</ns3:cad>
          </ns3:TrackPointExtension>
        </extensions>
      </trkpt>
      <trkpt lat="35.75727931223809719085693359375" lon="139.5360142551362514495849609375">
        <ele>54.59999847412109375</ele>
        <time>2026-09-07T22:18:39.000Z</time>
        <extensions>
          <ns3:TrackPointExtension>
            <ns3:hr>98</ns3:hr>
            <ns3:cad>84</ns3:cad>
          </ns3:TrackPointExtension>
        </extensions>
      </trkpt>
      <trkpt lat="35.75729909352958202362060546875" lon="139.53600293956696987152099609375">
        <ele>54.59999847412109375</ele>
        <time>2026-09-07T22:18:40.000Z</time>
        <extensions>
          <ns3:TrackPointExtension>
            <ns3:hr>99</ns3:hr>
            <ns3:cad>84</ns3:cad>
          </ns3:TrackPointExtension>
        </extensions>
      </trkpt>
      <trkpt lat="35.75731803663074970245361328125" lon="139.5360003411769866943359375">
        <ele>54.59999847412109375</ele>
        <time>2026-09-07T22:18:41.000Z</time>
        <extensions>
          <ns3:TrackPointExtension>
            <ns3:hr>101</ns3:hr>
            <ns3:cad>84</ns3:cad>
          </ns3:TrackPointExtension>
        </extensions>
      </trkpt>
      <trkpt lat="35.7573372311890125274658203125" lon="139.53600327484309673309326171875">
        <ele>54.59999847412109375</ele>
        <time>2026-09-07T22:18:42.000Z</time>
        <extensions>
          <ns3:TrackPointExtension>
            <ns3:hr>102</ns3:hr>
            <ns3:cad>84</ns3:cad>
          </ns3:TrackPointExtension>
        </extensions>
      </trkpt>
      <trkpt lat="35.75735106132924556732177734375" lon="139.53601450659334659576416015625">
        <ele>54.59999847412109375</ele>
        <time>2026-09-07T22:18:43.000Z</time>
        <extensions>
          <ns3:TrackPointExtension>
            <ns3:hr>104</ns3:hr>
            <ns3:cad>85</ns3:cad>
          </ns3:TrackPointExtension>
        </extensions>
      </trkpt>
      <trkpt lat="35.757357515394687652587890625" lon="139.5360320247709751129150390625">
        <ele>54.59999847412109375</ele>
        <time>2026-09-07T22:18:44.000Z</time>
        <extensions>
          <ns3:TrackPointExtension>
            <ns3:hr>105</ns3:hr>
            <ns3:cad>85</ns3:cad>
          </ns3:TrackPointExtension>
        </extensions>
      </trkpt>
      <trkpt lat="35.75736589729785919189453125" lon="139.53605331480503082275390625">
        <ele>54.59999847412109375</ele>
        <time>2026-09-07T22:18:45.000Z</time>
        <extensions>
          <ns3:TrackPointExtension>
            <ns3:hr>106</ns3:hr>
            <ns3:cad>84</ns3:cad>
          </ns3:TrackPointExtension>
        </extensions>
      </trkpt>
      <trkpt lat="35.75737721286714076995849609375" lon="139.536080472171306610107421875">
        <ele>54.59999847412109375</ele>
        <time>2026-09-07T22:18:46.000Z</time>
        <extensions>
          <ns3:TrackPointExtension>
            <ns3:hr>107</ns3:hr>
            <ns3:cad>83</ns3:cad>
          </ns3:TrackPointExtension>
        </extensions>
      </trkpt>
      <trkpt lat="35.7573871873319149017333984375" lon="139.5361108146607875823974609375">
        <ele>54.799999237060546875</ele>
        <time>2026-09-07T22:18:47.000Z</time>
        <extensions>
          <ns3:TrackPointExtension>
            <ns3:hr>108</ns3:hr>
            <ns3:cad>83</ns3:cad>
          </ns3:TrackPointExtension>
        </extensions>
      </trkpt>
      <trkpt lat="35.7573969103395938873291015625" lon="139.53614559955894947052001953125">
        <ele>55</ele>
        <time>2026-09-07T22:18:48.000Z</time>
        <extensions>
          <ns3:TrackPointExtension>
            <ns3:hr>109</ns3:hr>
            <ns3:cad>83</ns3:cad>
          </ns3:TrackPointExtension>
        </extensions>
      </trkpt>
      <trkpt lat="35.757409818470478057861328125" lon="139.5361745171248912811279296875">
        <ele>55</ele>
        <time>2026-09-07T22:18:49.000Z</time>
        <extensions>
          <ns3:TrackPointExtension>
            <ns3:hr>110</ns3:hr>
            <ns3:cad>84</ns3:cad>
          </ns3:TrackPointExtension>
        </extensions>
      </trkpt>
      <trkpt lat="35.75742465443909168243408203125" lon="139.5362015068531036376953125">
        <ele>55</ele>
        <time>2026-09-07T22:18:50.000Z</time>
        <extensions>
          <ns3:TrackPointExtension>
            <ns3:hr>111</ns3:hr>
            <ns3:cad>84</ns3:cad>
          </ns3:TrackPointExtension>
        </extensions>
      </trkpt>
      <trkpt lat="35.7574389874935150146484375" lon="139.53622723929584026336669921875">
        <ele>55</ele>
        <time>2026-09-07T22:18:51.000Z</time>
        <extensions>
          <ns3:TrackPointExtension>
            <ns3:hr>112</ns3:hr>
            <ns3:cad>88</ns3:cad>
          </ns3:TrackPointExtension>
        </extensions>
      </trkpt>
      <trkpt lat="35.75745399110019207000732421875" lon="139.53625406138598918914794921875">
        <ele>55</ele>
        <time>2026-09-07T22:18:52.000Z</time>
        <extensions>
          <ns3:TrackPointExtension>
            <ns3:hr>113</ns3:hr>
            <ns3:cad>88</ns3:cad>
          </ns3:TrackPointExtension>
        </extensions>
      </trkpt>
      <trkpt lat="35.75746170245110988616943359375" lon="139.5362858287990093231201171875">
        <ele>55</ele>
        <time>2026-09-07T22:18:53.000Z</time>
        <extensions>
          <ns3:TrackPointExtension>
            <ns3:hr>113</ns3:hr>
            <ns3:cad>88</ns3:cad>
          </ns3:TrackPointExtension>
        </extensions>
      </trkpt>
      <trkpt lat="35.7574632950127124786376953125" lon="139.53630938194692134857177734375">
        <ele>55</ele>
        <time>2026-09-07T22:18:54.000Z</time>
        <extensions>
          <ns3:TrackPointExtension>
            <ns3:hr>114</ns3:hr>
            <ns3:cad>88</ns3:cad>
          </ns3:TrackPointExtension>
        </extensions>
      </trkpt>
      <trkpt lat="35.75747209601104259490966796875" lon="139.53633385710418224334716796875">
        <ele>55</ele>
        <time>2026-09-07T22:18:55.000Z</time>
        <extensions>
          <ns3:TrackPointExtension>
            <ns3:hr>114</ns3:hr>
            <ns3:cad>88</ns3:cad>
          </ns3:TrackPointExtension>
        </extensions>
      </trkpt>
      <trkpt lat="35.75748802162706851959228515625" lon="139.5363642834126949310302734375">
        <ele>55</ele>
        <time>2026-09-07T22:18:56.000Z</time>
        <extensions>
          <ns3:TrackPointExtension>
            <ns3:hr>115</ns3:hr>
            <ns3:cad>88</ns3:cad>
          </ns3:TrackPointExtension>
        </extensions>
      </trkpt>
      <trkpt lat="35.75749539770185947418212890625" lon="139.5364075340330600738525390625">
        <ele>55</ele>
        <time>2026-09-07T22:18:57.000Z</time>
        <extensions>
          <ns3:TrackPointExtension>
            <ns3:hr>115</ns3:hr>
            <ns3:cad>87</ns3:cad>
          </ns3:TrackPointExtension>
        </extensions>
      </trkpt>
      <trkpt lat="35.7575078867375850677490234375" lon="139.53643620014190673828125">
        <ele>55</ele>
        <time>2026-09-07T22:18:58.000Z</time>
        <extensions>
          <ns3:TrackPointExtension>
            <ns3:hr>116</ns3:hr>
            <ns3:cad>86</ns3:cad>
          </ns3:TrackPointExtension>
        </extensions>
      </trkpt>
      <trkpt lat="35.7575179450213909149169921875" lon="139.53647417016327381134033203125">
        <ele>55</ele>
        <time>2026-09-07T22:18:59.000Z</time>
        <extensions>
          <ns3:TrackPointExtension>
            <ns3:hr>117</ns3:hr>
            <ns3:cad>86</ns3:cad>
          </ns3:TrackPointExtension>
        </extensions>
      </trkpt>
      <trkpt lat="35.75752708129584789276123046875" lon="139.53650468029081821441650390625">
        <ele>55</ele>
        <time>2026-09-07T22:19:00.000Z</time>
        <extensions>
          <ns3:TrackPointExtension>
            <ns3:hr>117</ns3:hr>
            <ns3:cad>87</ns3:cad>
          </ns3:TrackPointExtension>
        </extensions>
      </trkpt>
      <trkpt lat="35.7575355470180511474609375" lon="139.53653133474290370941162109375">
        <ele>55</ele>
        <time>2026-09-07T22:19:01.000Z</time>
        <extensions>
          <ns3:TrackPointExtension>
            <ns3:hr>118</ns3:hr>
            <ns3:cad>88</ns3:cad>
          </ns3:TrackPointExtension>
        </extensions>
      </trkpt>
      <trkpt lat="35.757546611130237579345703125" lon="139.53655086457729339599609375">
        <ele>55</ele>
        <time>2026-09-07T22:19:02.000Z</time>
        <extensions>
          <ns3:TrackPointExtension>
            <ns3:hr>119</ns3:hr>
            <ns3:cad>88</ns3:cad>
          </ns3:TrackPointExtension>
        </extensions>
      </trkpt>
      <trkpt lat="35.757555328309535980224609375" lon="139.5365691371262073516845703125">
        <ele>55</ele>
        <time>2026-09-07T22:19:03.000Z</time>
        <extensions>
          <ns3:TrackPointExtension>
            <ns3:hr>119</ns3:hr>
            <ns3:cad>88</ns3:cad>
          </ns3:TrackPointExtension>
        </extensions>
      </trkpt>
      <trkpt lat="35.757566392421722412109375" lon="139.5365929417312145233154296875">
        <ele>55</ele>
        <time>2026-09-07T22:19:04.000Z</time>
        <extensions>
          <ns3:TrackPointExtension>
            <ns3:hr>120</ns3:hr>
            <ns3:cad>88</ns3:cad>
          </ns3:TrackPointExtension>
        </extensions>
      </trkpt>
      <trkpt lat="35.7575762830674648284912109375" lon="139.53661180101335048675537109375">
        <ele>55</ele>
        <time>2026-09-07T22:19:05.000Z</time>
        <extensions>
          <ns3:TrackPointExtension>
            <ns3:hr>121</ns3:hr>
            <ns3:cad>87</ns3:cad>
          </ns3:TrackPointExtension>
        </extensions>
      </trkpt>
      <trkpt lat="35.75758541934192180633544921875" lon="139.536629654467105865478515625">
        <ele>55</ele>
        <time>2026-09-07T22:19:06.000Z</time>
        <extensions>
          <ns3:TrackPointExtension>
            <ns3:hr>121</ns3:hr>
            <ns3:cad>87</ns3:cad>
          </ns3:TrackPointExtension>
        </extensions>
      </trkpt>
      <trkpt lat="35.757596231997013092041015625" lon="139.53664876520633697509765625">
        <ele>54.799999237060546875</ele>
        <time>2026-09-07T22:19:07.000Z</time>
        <extensions>
          <ns3:TrackPointExtension>
            <ns3:hr>121</ns3:hr>
            <ns3:cad>87</ns3:cad>
          </ns3:TrackPointExtension>
        </extensions>
      </trkpt>
      <trkpt lat="35.75760570354759693145751953125" lon="139.53666863031685352325439453125">
        <ele>54.799999237060546875</ele>
        <time>2026-09-07T22:19:08.000Z</time>
        <extensions>
          <ns3:TrackPointExtension>
            <ns3:hr>122</ns3:hr>
            <ns3:cad>87</ns3:cad>
          </ns3:TrackPointExtension>
        </extensions>
      </trkpt>
      <trkpt lat="35.757625401020050048828125" lon="139.5367272198200225830078125">
        <ele>54.200000762939453125</ele>
        <time>2026-09-07T22:19:10.000Z</time>
        <extensions>
          <ns3:TrackPointExtension>
            <ns3:hr>122</ns3:hr>
            <ns3:cad>87</ns3:cad>
          </ns3:TrackPointExtension>
        </extensions>
      </trkpt>
      <trkpt lat="35.7576319389045238494873046875" lon="139.5367567241191864013671875">
        <ele>54</ele>
        <time>2026-09-07T22:19:11.000Z</time>
        <extensions>
          <ns3:TrackPointExtension>
            <ns3:hr>123</ns3:hr>
            <ns3:cad>87</ns3:cad>
          </ns3:TrackPointExtension>
        </extensions>
      </trkpt>
      <trkpt lat="35.75763252563774585723876953125" lon="139.5367884077131748199462890625">
        <ele>54</ele>
        <time>2026-09-07T22:19:12.000Z</time>
        <extensions>
          <ns3:TrackPointExtension>
            <ns3:hr>123</ns3:hr>
            <ns3:cad>89</ns3:cad>
          </ns3:TrackPointExtension>
        </extensions>
      </trkpt>
      <trkpt lat="35.7576294243335723876953125" lon="139.5368081890046596527099609375">
        <ele>53.799999237060546875</ele>
        <time>2026-09-07T22:19:13.000Z</time>
        <extensions>
          <ns3:TrackPointExtension>
            <ns3:hr>123</ns3:hr>
            <ns3:cad>89</ns3:cad>
          </ns3:TrackPointExtension>
        </extensions>
      </trkpt>
      <trkpt lat="35.75762607157230377197265625" lon="139.53682838939130306243896484375">
        <ele>53.799999237060546875</ele>
        <time>2026-09-07T22:19:14.000Z</time>
        <extensions>
          <ns3:TrackPointExtension>
            <ns3:hr>123</ns3:hr>
            <ns3:cad>89</ns3:cad>
          </ns3:TrackPointExtension>
        </extensions>
      </trkpt>
      <trkpt lat="35.75763436965644359588623046875" lon="139.53685529530048370361328125">
        <ele>53.59999847412109375</ele>
        <time>2026-09-07T22:19:15.000Z</time>
        <extensions>
          <ns3:TrackPointExtension>
            <ns3:hr>124</ns3:hr>
            <ns3:cad>90</ns3:cad>
          </ns3:TrackPointExtension>
        </extensions>
      </trkpt>
      <trkpt lat="35.75764928944408893585205078125" lon="139.53688479959964752197265625">
        <ele>53.59999847412109375</ele>
        <time>2026-09-07T22:19:16.000Z</time>
        <extensions>
          <ns3:TrackPointExtension>
            <ns3:hr>124</ns3:hr>
            <ns3:cad>90</ns3:cad>
          </ns3:TrackPointExtension>
        </extensions>
      </trkpt>
      <trkpt lat="35.75766228139400482177734375" lon="139.5369087718427181243896484375">
        <ele>53.59999847412109375</ele>
        <time>2026-09-07T22:19:17.000Z</time>
        <extensions>
          <ns3:TrackPointExtension>
            <ns3:hr>124</ns3:hr>
            <ns3:cad>90</ns3:cad>
          </ns3:TrackPointExtension>
        </extensions>
      </trkpt>
      <trkpt lat="35.7576832361519336700439453125" lon="139.5369355939328670501708984375">
        <ele>53.59999847412109375</ele>
        <time>2026-09-07T22:19:18.000Z</time>
        <extensions>
          <ns3:TrackPointExtension>
            <ns3:hr>124</ns3:hr>
            <ns3:cad>90</ns3:cad>
          </ns3:TrackPointExtension>
        </extensions>
      </trkpt>
      <trkpt lat="35.7577120698988437652587890625" lon="139.53697641380131244659423828125">
        <ele>53.40000152587890625</ele>
        <time>2026-09-07T22:19:19.000Z</time>
        <extensions>
          <ns3:TrackPointExtension>
            <ns3:hr>125</ns3:hr>
            <ns3:cad>89</ns3:cad>
          </ns3:TrackPointExtension>
        </extensions>
      </trkpt>
      <trkpt lat="35.75773662887513637542724609375" lon="139.5370123721659183502197265625">
        <ele>53.40000152587890625</ele>
        <time>2026-09-07T22:19:20.000Z</time>
        <extensions>
          <ns3:TrackPointExtension>
            <ns3:hr>125</ns3:hr>
            <ns3:cad>88</ns3:cad>
          </ns3:TrackPointExtension>
        </extensions>
      </trkpt>
      <trkpt lat="35.75775624252855777740478515625" lon="139.53704296611249446868896484375">
        <ele>53.40000152587890625</ele>
        <time>2026-09-07T22:19:21.000Z</time>
        <extensions>
          <ns3:TrackPointExtension>
            <ns3:hr>125</ns3:hr>
            <ns3:cad>88</ns3:cad>
          </ns3:TrackPointExtension>
        </extensions>
      </trkpt>
      <trkpt lat="35.7577742636203765869140625" lon="139.53707213513553142547607421875">
        <ele>53.40000152587890625</ele>
        <time>2026-09-07T22:19:22.000Z</time>
        <extensions>
          <ns3:TrackPointExtension>
            <ns3:hr>125</ns3:hr>
            <ns3:cad>88</ns3:cad>
          </ns3:TrackPointExtension>
        </extensions>
      </trkpt>
      <trkpt lat="35.757792703807353973388671875" lon="139.53710113652050495147705078125">
        <ele>53.40000152587890625</ele>
        <time>2026-09-07T22:19:23.000Z</time>
        <extensions>
          <ns3:TrackPointExtension>
            <ns3:hr>126</ns3:hr>
            <ns3:cad>87</ns3:cad>
          </ns3:TrackPointExtension>
        </extensions>
      </trkpt>
      <trkpt lat="35.7578051090240478515625" lon="139.53713097609579563140869140625">
        <ele>53.40000152587890625</ele>
        <time>2026-09-07T22:19:24.000Z</time>
        <extensions>
          <ns3:TrackPointExtension>
            <ns3:hr>126</ns3:hr>
            <ns3:cad>87</ns3:cad>
          </ns3:TrackPointExtension>
        </extensions>
      </trkpt>
      <trkpt lat="35.757820867002010345458984375" lon="139.5371545292437076568603515625">
        <ele>53.40000152587890625</ele>
        <time>2026-09-07T22:19:25.000Z</time>
        <extensions>
          <ns3:TrackPointExtension>
            <ns3:hr>126</ns3:hr>
            <ns3:cad>87</ns3:cad>
          </ns3:TrackPointExtension>
        </extensions>
      </trkpt>
      <trkpt lat="35.75783369131386280059814453125" lon="139.53718009404838085174560546875">
        <ele>53.40000152587890625</ele>
        <time>2026-09-07T22:19:26.000Z</time>
        <extensions>
          <ns3:TrackPointExtension>
            <ns3:hr>126</ns3:hr>
            <ns3:cad>87</ns3:cad>
          </ns3:TrackPointExtension>
        </extensions>
      </trkpt>
      <trkpt lat="35.75784944929182529449462890625" lon="139.53720959834754467010498046875">
        <ele>53.200000762939453125</ele>
        <time>2026-09-07T22:19:27.000Z</time>
        <extensions>
          <ns3:TrackPointExtension>
            <ns3:hr>127</ns3:hr>
            <ns3:cad>87</ns3:cad>
          </ns3:TrackPointExtension>
        </extensions>
      </trkpt>
      <trkpt lat="35.75786386616528034210205078125" lon="139.53723826445639133453369140625">
        <ele>53.200000762939453125</ele>
        <time>2026-09-07T22:19:28.000Z</time>
        <extensions>
          <ns3:TrackPointExtension>
            <ns3:hr>127</ns3:hr>
            <ns3:cad>88</ns3:cad>
          </ns3:TrackPointExtension>
        </extensions>
      </trkpt>
      <trkpt lat="35.75787761248648166656494140625" lon="139.53726592473685741424560546875">
        <ele>53.200000762939453125</ele>
        <time>2026-09-07T22:19:29.000Z</time>
        <extensions>
          <ns3:TrackPointExtension>
            <ns3:hr>127</ns3:hr>
            <ns3:cad>88</ns3:cad>
          </ns3:TrackPointExtension>
        </extensions>
      </trkpt>
      <trkpt lat="35.75788901187479496002197265625" lon="139.5372919924557209014892578125">
        <ele>53.200000762939453125</ele>
        <time>2026-09-07T22:19:30.000Z</time>
        <extensions>
          <ns3:TrackPointExtension>
            <ns3:hr>127</ns3:hr>
            <ns3:cad>87</ns3:cad>
          </ns3:TrackPointExtension>
        </extensions>
      </trkpt>
      <trkpt lat="35.7578981481492519378662109375" lon="139.5373184792697429656982421875">
        <ele>53.200000762939453125</ele>
        <time>2026-09-07T22:19:31.000Z</time>
        <extensions>
          <ns3:TrackPointExtension>
            <ns3:hr>127</ns3:hr>
            <ns3:cad>87</ns3:cad>
          </ns3:TrackPointExtension>
        </extensions>
      </trkpt>
      <trkpt lat="35.75790929608047008514404296875" lon="139.5373476482927799224853515625">
        <ele>53.200000762939453125</ele>
        <time>2026-09-07T22:19:32.000Z</time>
        <extensions>
          <ns3:TrackPointExtension>
            <ns3:hr>127</ns3:hr>
            <ns3:cad>87</ns3:cad>
          </ns3:TrackPointExtension>
        </extensions>
      </trkpt>
      <trkpt lat="35.75791683979332447052001953125" lon="139.53737991861999034881591796875">
        <ele>53.200000762939453125</ele>
        <time>2026-09-07T22:19:33.000Z</time>
        <extensions>
          <ns3:TrackPointExtension>
            <ns3:hr>127</ns3:hr>
            <ns3:cad>87</ns3:cad>
          </ns3:TrackPointExtension>
        </extensions>
      </trkpt>
      <trkpt lat="35.75792723335325717926025390625" lon="139.53740472905337810516357421875">
        <ele>53.200000762939453125</ele>
        <time>2026-09-07T22:19:34.000Z</time>
        <extensions>
          <ns3:TrackPointExtension>
            <ns3:hr>127</ns3:hr>
            <ns3:cad>87</ns3:cad>
          </ns3:TrackPointExtension>
        </extensions>
      </trkpt>
      <trkpt lat="35.75793812982738018035888671875" lon="139.5374326407909393310546875">
        <ele>53.40000152587890625</ele>
        <time>2026-09-07T22:19:35.000Z</time>
        <extensions>
          <ns3:TrackPointExtension>
            <ns3:hr>127</ns3:hr>
            <ns3:cad>87</ns3:cad>
          </ns3:TrackPointExtension>
        </extensions>
      </trkpt>
      <trkpt lat="35.75795338489115238189697265625" lon="139.5374621450901031494140625">
        <ele>53.59999847412109375</ele>
        <time>2026-09-07T22:19:36.000Z</time>
        <extensions>
          <ns3:TrackPointExtension>
            <ns3:hr>128</ns3:hr>
            <ns3:cad>87</ns3:cad>
          </ns3:TrackPointExtension>
        </extensions>
      </trkpt>
      <trkpt lat="35.757963694632053375244140625" lon="139.53748804517090320587158203125">
        <ele>53.59999847412109375</ele>
        <time>2026-09-07T22:19:37.000Z</time>
        <extensions>
          <ns3:TrackPointExtension>
            <ns3:hr>128</ns3:hr>
            <ns3:cad>87</ns3:cad>
          </ns3:TrackPointExtension>
        </extensions>
      </trkpt>
      <trkpt lat="35.7579769380390644073486328125" lon="139.53751587308943271636962890625">
        <ele>53.59999847412109375</ele>
        <time>2026-09-07T22:19:38.000Z</time>
        <extensions>
          <ns3:TrackPointExtension>
            <ns3:hr>128</ns3:hr>
            <ns3:cad>87</ns3:cad>
          </ns3:TrackPointExtension>
        </extensions>
      </trkpt>
      <trkpt lat="35.7579953782260417938232421875" lon="139.5375347323715686798095703125">
        <ele>53.799999237060546875</ele>
        <time>2026-09-07T22:19:39.000Z</time>
        <extensions>
          <ns3:TrackPointExtension>
            <ns3:hr>128</ns3:hr>
            <ns3:cad>88</ns3:cad>
          </ns3:TrackPointExtension>
        </extensions>
      </trkpt>
      <trkpt lat="35.75801608152687549591064453125" lon="139.53755275346338748931884765625">
        <ele>54</ele>
        <time>2026-09-07T22:19:40.000Z</time>
        <extensions>
          <ns3:TrackPointExtension>
            <ns3:hr>128</ns3:hr>
            <ns3:cad>88</ns3:cad>
          </ns3:TrackPointExtension>
        </extensions>
      </trkpt>
      <trkpt lat="35.758035443723201751708984375" lon="139.53757186420261859893798828125">
        <ele>54.200000762939453125</ele>
        <time>2026-09-07T22:19:41.000Z</time>
        <extensions>
          <ns3:TrackPointExtension>
            <ns3:hr>128</ns3:hr>
            <ns3:cad>88</ns3:cad>
          </ns3:TrackPointExtension>
        </extensions>
      </trkpt>
      <trkpt lat="35.75805187225341796875" lon="139.53759483061730861663818359375">
        <ele>54.40000152587890625</ele>
        <time>2026-09-07T22:19:42.000Z</time>
        <extensions>
          <ns3:TrackPointExtension>
            <ns3:hr>128</ns3:hr>
            <ns3:cad>87</ns3:cad>
          </ns3:TrackPointExtension>
        </extensions>
      </trkpt>
      <trkpt lat="35.75806302018463611602783203125" lon="139.53761913813650608062744140625">
        <ele>54.40000152587890625</ele>
        <time>2026-09-07T22:19:43.000Z</time>
        <extensions>
          <ns3:TrackPointExtension>
            <ns3:hr>128</ns3:hr>
            <ns3:cad>86</ns3:cad>
          </ns3:TrackPointExtension>
        </extensions>
      </trkpt>
      <trkpt lat="35.75806955806910991668701171875" lon="139.53764394856989383697509765625">
        <ele>54.40000152587890625</ele>
        <time>2026-09-07T22:19:44.000Z</time>
        <extensions>
          <ns3:TrackPointExtension>
            <ns3:hr>129</ns3:hr>
            <ns3:cad>86</ns3:cad>
          </ns3:TrackPointExtension>
        </extensions>
      </trkpt>
      <trkpt lat="35.75807869434356689453125" lon="139.537666328251361846923828125">
        <ele>54.40000152587890625</ele>
        <time>2026-09-07T22:19:45.000Z</time>
        <extensions>
          <ns3:TrackPointExtension>
            <ns3:hr>129</ns3:hr>
            <ns3:cad>86</ns3:cad>
          </ns3:TrackPointExtension>
        </extensions>
      </trkpt>
      <trkpt lat="35.75808665715157985687255859375" lon="139.537693150341510772705078125">
        <ele>54.40000152587890625</ele>
        <time>2026-09-07T22:19:46.000Z</time>
        <extensions>
          <ns3:TrackPointExtension>
            <ns3:hr>130</ns3:hr>
            <ns3:cad>86</ns3:cad>
          </ns3:TrackPointExtension>
        </extensions>
      </trkpt>
      <trkpt lat="35.75809638015925884246826171875" lon="139.537726007401943206787109375">
        <ele>54.40000152587890625</ele>
        <time>2026-09-07T22:19:47.000Z</time>
        <extensions>
          <ns3:TrackPointExtension>
            <ns3:hr>130</ns3:hr>
            <ns3:cad>86</ns3:cad>
          </ns3:TrackPointExtension>
        </extensions>
      </trkpt>
      <trkpt lat="35.758104510605335235595703125" lon="139.53775928355753421783447265625">
        <ele>54.200000762939453125</ele>
        <time>2026-09-07T22:19:48.000Z</time>
        <extensions>
          <ns3:TrackPointExtension>
            <ns3:hr>130</ns3:hr>
            <ns3:cad>86</ns3:cad>
          </ns3:TrackPointExtension>
        </extensions>
      </trkpt>
      <trkpt lat="35.7581133954226970672607421875" lon="139.5377975888550281524658203125">
        <ele>53.799999237060546875</ele>
        <time>2026-09-07T22:19:49.000Z</time>
        <extensions>
          <ns3:TrackPointExtension>
            <ns3:hr>130</ns3:hr>
            <ns3:cad>86</ns3:cad>
          </ns3:TrackPointExtension>
        </extensions>
      </trkpt>
      <trkpt lat="35.7581227831542491912841796875" lon="139.53783606179058551788330078125">
        <ele>53.59999847412109375</ele>
        <time>2026-09-07T22:19:50.000Z</time>
        <extensions>
          <ns3:TrackPointExtension>
            <ns3:hr>131</ns3:hr>
            <ns3:cad>87</ns3:cad>
          </ns3:TrackPointExtension>
        </extensions>
      </trkpt>
      <trkpt lat="35.75813577510416507720947265625" lon="139.53787327744066715240478515625">
        <ele>53.59999847412109375</ele>
        <time>2026-09-07T22:19:51.000Z</time>
        <extensions>
          <ns3:TrackPointExtension>
            <ns3:hr>131</ns3:hr>
            <ns3:cad>87</ns3:cad>
          </ns3:TrackPointExtension>
        </extensions>
      </trkpt>
      <trkpt lat="35.75814499519765377044677734375" lon="139.53790814615786075592041015625">
        <ele>53.40000152587890625</ele>
        <time>2026-09-07T22:19:52.000Z</time>
        <extensions>
          <ns3:TrackPointExtension>
            <ns3:hr>131</ns3:hr>
            <ns3:cad>87</ns3:cad>
          </ns3:TrackPointExtension>
        </extensions>
      </trkpt>
      <trkpt lat="35.75815505348145961761474609375" lon="139.53793765045702457427978515625">
        <ele>53.40000152587890625</ele>
        <time>2026-09-07T22:19:53.000Z</time>
        <extensions>
          <ns3:TrackPointExtension>
            <ns3:hr>131</ns3:hr>
            <ns3:cad>87</ns3:cad>
          </ns3:TrackPointExtension>
        </extensions>
      </trkpt>
      <trkpt lat="35.758166201412677764892578125" lon="139.53796011395752429962158203125">
        <ele>53.200000762939453125</ele>
        <time>2026-09-07T22:19:54.000Z</time>
        <extensions>
          <ns3:TrackPointExtension>
            <ns3:hr>131</ns3:hr>
            <ns3:cad>88</ns3:cad>
          </ns3:TrackPointExtension>
        </extensions>
      </trkpt>
      <trkpt lat="35.75817366130650043487548828125" lon="139.53799431212246417999267578125">
        <ele>53.200000762939453125</ele>
        <time>2026-09-07T22:19:55.000Z</time>
        <extensions>
          <ns3:TrackPointExtension>
            <ns3:hr>131</ns3:hr>
            <ns3:cad>88</ns3:cad>
          </ns3:TrackPointExtension>
        </extensions>
      </trkpt>
      <trkpt lat="35.75818573124706745147705078125" lon="139.538028426468372344970703125">
        <ele>53.200000762939453125</ele>
        <time>2026-09-07T22:19:56.000Z</time>
        <extensions>
          <ns3:TrackPointExtension>
            <ns3:hr>132</ns3:hr>
            <ns3:cad>88</ns3:cad>
          </ns3:TrackPointExtension>
        </extensions>
      </trkpt>
      <trkpt lat="35.75819847173988819122314453125" lon="139.53804946504533290863037109375">
        <ele>53.200000762939453125</ele>
        <time>2026-09-07T22:19:57.000Z</time>
        <extensions>
          <ns3:TrackPointExtension>
            <ns3:hr>132</ns3:hr>
            <ns3:cad>87</ns3:cad>
          </ns3:TrackPointExtension>
        </extensions>
      </trkpt>
      <trkpt lat="35.75821205042302608489990234375" lon="139.53807947225868701934814453125">
        <ele>53.200000762939453125</ele>
        <time>2026-09-07T22:19:58.000Z</time>
        <extensions>
          <ns3:TrackPointExtension>
            <ns3:hr>132</ns3:hr>
            <ns3:cad>86</ns3:cad>
          </ns3:TrackPointExtension>
        </extensions>
      </trkpt>
      <trkpt lat="35.7582270540297031402587890625" lon="139.538104534149169921875">
        <ele>53</ele>
        <time>2026-09-07T22:19:59.000Z</time>
        <extensions>
          <ns3:TrackPointExtension>
            <ns3:hr>132</ns3:hr>
            <ns3:cad>85</ns3:cad>
          </ns3:TrackPointExtension>
        </extensions>
      </trkpt>
      <trkpt lat="35.75824222527444362640380859375" lon="139.5381353795528411865234375">
        <ele>53</ele>
        <time>2026-09-07T22:20:00.000Z</time>
        <extensions>
          <ns3:TrackPointExtension>
            <ns3:hr>133</ns3:hr>
            <ns3:cad>85</ns3:cad>
          </ns3:TrackPointExtension>
        </extensions>
      </trkpt>
      <trkpt lat="35.7582543790340423583984375" lon="139.53816295601427555084228515625">
        <ele>53</ele>
        <time>2026-09-07T22:20:01.000Z</time>
        <extensions>
          <ns3:TrackPointExtension>
            <ns3:hr>133</ns3:hr>
            <ns3:cad>86</ns3:cad>
          </ns3:TrackPointExtension>
        </extensions>
      </trkpt>
      <trkpt lat="35.75827181339263916015625" lon="139.53818994574248790740966796875">
        <ele>53</ele>
        <time>2026-09-07T22:20:02.000Z</time>
        <extensions>
          <ns3:TrackPointExtension>
            <ns3:hr>133</ns3:hr>
            <ns3:cad>86</ns3:cad>
          </ns3:TrackPointExtension>
        </extensions>
      </trkpt>
      <trkpt lat="35.7582880742847919464111328125" lon="139.5382156781852245330810546875">
        <ele>53</ele>
        <time>2026-09-07T22:20:03.000Z</time>
        <extensions>
          <ns3:TrackPointExtension>
            <ns3:hr>133</ns3:hr>
            <ns3:cad>87</ns3:cad>
          </ns3:TrackPointExtension>
        </extensions>
      </trkpt>
      <trkpt lat="35.7583004795014858245849609375" lon="139.53823906369507312774658203125">
        <ele>53</ele>
        <time>2026-09-07T22:20:04.000Z</time>
        <extensions>
          <ns3:TrackPointExtension>
            <ns3:hr>133</ns3:hr>
            <ns3:cad>87</ns3:cad>
          </ns3:TrackPointExtension>
        </extensions>
      </trkpt>
      <trkpt lat="35.75830601155757904052734375" lon="139.53826521523296833038330078125">
        <ele>53</ele>
        <time>2026-09-07T22:20:05.000Z</time>
        <extensions>
          <ns3:TrackPointExtension>
            <ns3:hr>133</ns3:hr>
            <ns3:cad>86</ns3:cad>
          </ns3:TrackPointExtension>
        </extensions>
      </trkpt>
      <trkpt lat="35.75831380672752857208251953125" lon="139.53828700818121433258056640625">
        <ele>53</ele>
        <time>2026-09-07T22:20:06.000Z</time>
        <extensions>
          <ns3:TrackPointExtension>
            <ns3:hr>133</ns3:hr>
            <ns3:cad>86</ns3:cad>
          </ns3:TrackPointExtension>
        </extensions>
      </trkpt>
      <trkpt lat="35.75832453556358814239501953125" lon="139.5383112318813800811767578125">
        <ele>53</ele>
        <time>2026-09-07T22:20:07.000Z</time>
        <extensions>
          <ns3:TrackPointExtension>
            <ns3:hr>133</ns3:hr>
            <ns3:cad>86</ns3:cad>
          </ns3:TrackPointExtension>
        </extensions>
      </trkpt>
      <trkpt lat="35.75833895243704319000244140625" lon="139.53833579085767269134521484375">
        <ele>53</ele>
        <time>2026-09-07T22:20:08.000Z</time>
        <extensions>
          <ns3:TrackPointExtension>
            <ns3:hr>134</ns3:hr>
            <ns3:cad>85</ns3:cad>
          </ns3:TrackPointExtension>
        </extensions>
      </trkpt>
      <trkpt lat="35.7583524473011493682861328125" lon="139.538357667624950408935546875">
        <ele>53</ele>
        <time>2026-09-07T22:20:09.000Z</time>
        <extensions>
          <ns3:TrackPointExtension>
            <ns3:hr>134</ns3:hr>
            <ns3:cad>85</ns3:cad>
          </ns3:TrackPointExtension>
        </extensions>
      </trkpt>
      <trkpt lat="35.7583638466894626617431640625" lon="139.53838205896317958831787109375">
        <ele>53</ele>
        <time>2026-09-07T22:20:10.000Z</time>
        <extensions>
          <ns3:TrackPointExtension>
            <ns3:hr>134</ns3:hr>
            <ns3:cad>85</ns3:cad>
          </ns3:TrackPointExtension>
        </extensions>
      </trkpt>
      <trkpt lat="35.75837549753487110137939453125" lon="139.5384020917117595672607421875">
        <ele>53</ele>
        <time>2026-09-07T22:20:11.000Z</time>
        <extensions>
          <ns3:TrackPointExtension>
            <ns3:hr>134</ns3:hr>
            <ns3:cad>84</ns3:cad>
          </ns3:TrackPointExtension>
        </extensions>
      </trkpt>
      <trkpt lat="35.75838790275156497955322265625" lon="139.538426063954830169677734375">
        <ele>53</ele>
        <time>2026-09-07T22:20:12.000Z</time>
        <extensions>
          <ns3:TrackPointExtension>
            <ns3:hr>134</ns3:hr>
            <ns3:cad>84</ns3:cad>
          </ns3:TrackPointExtension>
        </extensions>
      </trkpt>
      <trkpt lat="35.75840299017727375030517578125" lon="139.53844324685633182525634765625">
        <ele>53</ele>
        <time>2026-09-07T22:20:13.000Z</time>
        <extensions>
          <ns3:TrackPointExtension>
            <ns3:hr>134</ns3:hr>
            <ns3:cad>86</ns3:cad>
          </ns3:TrackPointExtension>
        </extensions>
      </trkpt>
      <trkpt lat="35.7584164850413799285888671875" lon="139.5384688116610050201416015625">
        <ele>53</ele>
        <time>2026-09-07T22:20:14.000Z</time>
        <extensions>
          <ns3:TrackPointExtension>
            <ns3:hr>134</ns3:hr>
            <ns3:cad>86</ns3:cad>
          </ns3:TrackPointExtension>
        </extensions>
      </trkpt>
      <trkpt lat="35.75842830352485179901123046875" lon="139.5384946279227733612060546875">
        <ele>53</ele>
        <time>2026-09-07T22:20:15.000Z</time>
        <extensions>
          <ns3:TrackPointExtension>
            <ns3:hr>134</ns3:hr>
            <ns3:cad>87</ns3:cad>
          </ns3:TrackPointExtension>
        </extensions>
      </trkpt>
      <trkpt lat="35.75843836180865764617919921875" lon="139.5385207794606685638427734375">
        <ele>53</ele>
        <time>2026-09-07T22:20:16.000Z</time>
        <extensions>
          <ns3:TrackPointExtension>
            <ns3:hr>134</ns3:hr>
            <ns3:cad>87</ns3:cad>
          </ns3:TrackPointExtension>
        </extensions>
      </trkpt>
      <trkpt lat="35.75845093466341495513916015625" lon="139.5385430753231048583984375">
        <ele>53</ele>
        <time>2026-09-07T22:20:17.000Z</time>
        <extensions>
          <ns3:TrackPointExtension>
            <ns3:hr>135</ns3:hr>
            <ns3:cad>88</ns3:cad>
          </ns3:TrackPointExtension>
        </extensions>
      </trkpt>
      <trkpt lat="35.758467949926853179931640625" lon="139.538563527166843414306640625">
        <ele>53</ele>
        <time>2026-09-07T22:20:18.000Z</time>
        <extensions>
          <ns3:TrackPointExtension>
            <ns3:hr>135</ns3:hr>
            <ns3:cad>88</ns3:cad>
          </ns3:TrackPointExtension>
        </extensions>
      </trkpt>
      <trkpt lat="35.758486054837703704833984375" lon="139.53858473338186740875244140625">
        <ele>53</ele>
        <time>2026-09-07T22:20:19.000Z</time>
        <extensions>
          <ns3:TrackPointExtension>
            <ns3:hr>135</ns3:hr>
            <ns3:cad>88</ns3:cad>
          </ns3:TrackPointExtension>
        </extensions>
      </trkpt>
      <trkpt lat="35.75850307010114192962646484375" lon="139.5386039279401302337646484375">
        <ele>53</ele>
        <time>2026-09-07T22:20:20.000Z</time>
        <extensions>
          <ns3:TrackPointExtension>
            <ns3:hr>135</ns3:hr>
            <ns3:cad>88</ns3:cad>
          </ns3:TrackPointExtension>
        </extensions>
      </trkpt>
      <trkpt lat="35.75851849280297756195068359375" lon="139.538628570735454559326171875">
        <ele>53</ele>
        <time>2026-09-07T22:20:21.000Z</time>
        <extensions>
          <ns3:TrackPointExtension>
            <ns3:hr>135</ns3:hr>
            <ns3:cad>88</ns3:cad>
          </ns3:TrackPointExtension>
        </extensions>
      </trkpt>
      <trkpt lat="35.75853223912417888641357421875" lon="139.538652710616588592529296875">
        <ele>53</ele>
        <time>2026-09-07T22:20:22.000Z</time>
        <extensions>
          <ns3:TrackPointExtension>
            <ns3:hr>135</ns3:hr>
            <ns3:cad>88</ns3:cad>
          </ns3:TrackPointExtension>
        </extensions>
      </trkpt>
      <trkpt lat="35.75854699127376079559326171875" lon="139.53868095763027667999267578125">
        <ele>53</ele>
        <time>2026-09-07T22:20:23.000Z</time>
        <extensions>
          <ns3:TrackPointExtension>
            <ns3:hr>135</ns3:hr>
            <ns3:cad>88</ns3:cad>
          </ns3:TrackPointExtension>
        </extensions>
      </trkpt>
      <trkpt lat="35.7585619948804378509521484375" lon="139.5387040078639984130859375">
        <ele>53</ele>
        <time>2026-09-07T22:20:24.000Z</time>
        <extensions>
          <ns3:TrackPointExtension>
            <ns3:hr>135</ns3:hr>
            <ns3:cad>88</ns3:cad>
          </ns3:TrackPointExtension>
        </extensions>
      </trkpt>
      <trkpt lat="35.758579261600971221923828125" lon="139.53872789628803730010986328125">
        <ele>53</ele>
        <time>2026-09-07T22:20:25.000Z</time>
        <extensions>
          <ns3:TrackPointExtension>
            <ns3:hr>135</ns3:hr>
            <ns3:cad>86</ns3:cad>
          </ns3:TrackPointExtension>
        </extensions>
      </trkpt>
      <trkpt lat="35.75859392993152141571044921875" lon="139.53875035978853702545166015625">
        <ele>53</ele>
        <time>2026-09-07T22:20:26.000Z</time>
        <extensions>
          <ns3:TrackPointExtension>
            <ns3:hr>135</ns3:hr>
            <ns3:cad>86</ns3:cad>
          </ns3:TrackPointExtension>
        </extensions>
      </trkpt>
      <trkpt lat="35.75860918499529361724853515625" lon="139.538772739470005035400390625">
        <ele>53</ele>
        <time>2026-09-07T22:20:27.000Z</time>
        <extensions>
          <ns3:TrackPointExtension>
            <ns3:hr>136</ns3:hr>
            <ns3:cad>87</ns3:cad>
          </ns3:TrackPointExtension>
        </extensions>
      </trkpt>
      <trkpt lat="35.75862578116357326507568359375" lon="139.53879210166633129119873046875">
        <ele>53</ele>
        <time>2026-09-07T22:20:28.000Z</time>
        <extensions>
          <ns3:TrackPointExtension>
            <ns3:hr>136</ns3:hr>
            <ns3:cad>87</ns3:cad>
          </ns3:TrackPointExtension>
        </extensions>
      </trkpt>
      <trkpt lat="35.7586434669792652130126953125" lon="139.538816325366497039794921875">
        <ele>53</ele>
        <time>2026-09-07T22:20:29.000Z</time>
        <extensions>
          <ns3:TrackPointExtension>
            <ns3:hr>136</ns3:hr>
            <ns3:cad>87</ns3:cad>
          </ns3:TrackPointExtension>
        </extensions>
      </trkpt>
      <trkpt lat="35.75865863822400569915771484375" lon="139.5388379506766796112060546875">
        <ele>53</ele>
        <time>2026-09-07T22:20:30.000Z</time>
        <extensions>
          <ns3:TrackPointExtension>
            <ns3:hr>136</ns3:hr>
            <ns3:cad>86</ns3:cad>
          </ns3:TrackPointExtension>
        </extensions>
      </trkpt>
      <trkpt lat="35.75867121107876300811767578125" lon="139.538859240710735321044921875">
        <ele>53.200000762939453125</ele>
        <time>2026-09-07T22:20:31.000Z</time>
        <extensions>
          <ns3:TrackPointExtension>
            <ns3:hr>136</ns3:hr>
            <ns3:cad>86</ns3:cad>
          </ns3:TrackPointExtension>
        </extensions>
      </trkpt>
      <trkpt lat="35.75868361629545688629150390625" lon="139.538882710039615631103515625">
        <ele>53.200000762939453125</ele>
        <time>2026-09-07T22:20:32.000Z</time>
        <extensions>
          <ns3:TrackPointExtension>
            <ns3:hr>136</ns3:hr>
            <ns3:cad>86</ns3:cad>
          </ns3:TrackPointExtension>
        </extensions>
      </trkpt>
      <trkpt lat="35.7586964406073093414306640625" lon="139.53890056349337100982666015625">
        <ele>53.40000152587890625</ele>
        <time>2026-09-07T22:20:33.000Z</time>
        <extensions>
          <ns3:TrackPointExtension>
            <ns3:hr>136</ns3:hr>
            <ns3:cad>86</ns3:cad>
          </ns3:TrackPointExtension>
        </extensions>
      </trkpt>
      <trkpt lat="35.7587115280330181121826171875" lon="139.53891397453844547271728515625">
        <ele>53.40000152587890625</ele>
        <time>2026-09-07T22:20:34.000Z</time>
        <extensions>
          <ns3:TrackPointExtension>
            <ns3:hr>136</ns3:hr>
            <ns3:cad>85</ns3:cad>
          </ns3:TrackPointExtension>
        </extensions>
      </trkpt>
      <trkpt lat="35.758724100887775421142578125" lon="139.538934342563152313232421875">
        <ele>53.59999847412109375</ele>
        <time>2026-09-07T22:20:35.000Z</time>
        <extensions>
          <ns3:TrackPointExtension>
            <ns3:hr>136</ns3:hr>
            <ns3:cad>84</ns3:cad>
          </ns3:TrackPointExtension>
        </extensions>
      </trkpt>
      <trkpt lat="35.758738853037357330322265625" lon="139.53895119018852710723876953125">
        <ele>53.799999237060546875</ele>
        <time>2026-09-07T22:20:36.000Z</time>
        <extensions>
          <ns3:TrackPointExtension>
            <ns3:hr>136</ns3:hr>
            <ns3:cad>84</ns3:cad>
          </ns3:TrackPointExtension>
        </extensions>
      </trkpt>
      <trkpt lat="35.7587547786533832550048828125" lon="139.53897298313677310943603515625">
        <ele>53.799999237060546875</ele>
        <time>2026-09-07T22:20:37.000Z</time>
        <extensions>
          <ns3:TrackPointExtension>
            <ns3:hr>136</ns3:hr>
            <ns3:cad>84</ns3:cad>
          </ns3:TrackPointExtension>
        </extensions>
      </trkpt>
      <trkpt lat="35.75876609422266483306884765625" lon="139.53899293206632137298583984375">
        <ele>53.799999237060546875</ele>
        <time>2026-09-07T22:20:38.000Z</time>
        <extensions>
          <ns3:TrackPointExtension>
            <ns3:hr>136</ns3:hr>
            <ns3:cad>83</ns3:cad>
          </ns3:TrackPointExtension>
        </extensions>
      </trkpt>
      <trkpt lat="35.758782438933849334716796875" lon="139.53900801949203014373779296875">
        <ele>54</ele>
        <time>2026-09-07T22:20:39.000Z</time>
        <extensions>
          <ns3:TrackPointExtension>
            <ns3:hr>136</ns3:hr>
            <ns3:cad>84</ns3:cad>
          </ns3:TrackPointExtension>
        </extensions>
      </trkpt>
      <trkpt lat="35.75880515389144420623779296875" lon="139.53901858069002628326416015625">
        <ele>54</ele>
        <time>2026-09-07T22:20:40.000Z</time>
        <extensions>
          <ns3:TrackPointExtension>
            <ns3:hr>136</ns3:hr>
            <ns3:cad>84</ns3:cad>
          </ns3:TrackPointExtension>
        </extensions>
      </trkpt>
      <trkpt lat="35.75882971286773681640625" lon="139.53903014771640300750732421875">
        <ele>54.200000762939453125</ele>
        <time>2026-09-07T22:20:41.000Z</time>
        <extensions>
          <ns3:TrackPointExtension>
            <ns3:hr>137</ns3:hr>
            <ns3:cad>84</ns3:cad>
          </ns3:TrackPointExtension>
        </extensions>
      </trkpt>
      <trkpt lat="35.7588493265211582183837890625" lon="139.539050348103046417236328125">
        <ele>54.200000762939453125</ele>
        <time>2026-09-07T22:20:42.000Z</time>
        <extensions>
          <ns3:TrackPointExtension>
            <ns3:hr>137</ns3:hr>
            <ns3:cad>84</ns3:cad>
          </ns3:TrackPointExtension>
        </extensions>
      </trkpt>
      <trkpt lat="35.7588634081184864044189453125" lon="139.5390714704990386962890625">
        <ele>54.200000762939453125</ele>
        <time>2026-09-07T22:20:43.000Z</time>
        <extensions>
          <ns3:TrackPointExtension>
            <ns3:hr>137</ns3:hr>
            <ns3:cad>84</ns3:cad>
          </ns3:TrackPointExtension>
        </extensions>
      </trkpt>
      <trkpt lat="35.75887757353484630584716796875" lon="139.53909200616180896759033203125">
        <ele>54.200000762939453125</ele>
        <time>2026-09-07T22:20:44.000Z</time>
        <extensions>
          <ns3:TrackPointExtension>
            <ns3:hr>137</ns3:hr>
            <ns3:cad>84</ns3:cad>
          </ns3:TrackPointExtension>
        </extensions>
      </trkpt>
      <trkpt lat="35.75889064930379390716552734375" lon="139.53910524956881999969482421875">
        <ele>54.200000762939453125</ele>
        <time>2026-09-07T22:20:45.000Z</time>
        <extensions>
          <ns3:TrackPointExtension>
            <ns3:hr>137</ns3:hr>
            <ns3:cad>84</ns3:cad>
          </ns3:TrackPointExtension>
        </extensions>
      </trkpt>
      <trkpt lat="35.7589046470820903778076171875" lon="139.53912620432674884796142578125">
        <ele>54</ele>
        <time>2026-09-07T22:20:46.000Z</time>
        <extensions>
          <ns3:TrackPointExtension>
            <ns3:hr>137</ns3:hr>
            <ns3:cad>84</ns3:cad>
          </ns3:TrackPointExtension>
        </extensions>
      </trkpt>
      <trkpt lat="35.75892216525971889495849609375" lon="139.53914648853242397308349609375">
        <ele>54</ele>
        <time>2026-09-07T22:20:47.000Z</time>
        <extensions>
          <ns3:TrackPointExtension>
            <ns3:hr>137</ns3:hr>
            <ns3:cad>84</ns3:cad>
          </ns3:TrackPointExtension>
        </extensions>
      </trkpt>
      <trkpt lat="35.758942700922489166259765625" lon="139.5391628332436084747314453125">
        <ele>53.59999847412109375</ele>
        <time>2026-09-07T22:20:48.000Z</time>
        <extensions>
          <ns3:TrackPointExtension>
            <ns3:hr>138</ns3:hr>
            <ns3:cad>85</ns3:cad>
          </ns3:TrackPointExtension>
        </extensions>
      </trkpt>
      <trkpt lat="35.758962146937847137451171875" lon="139.53918077051639556884765625">
        <ele>53.59999847412109375</ele>
        <time>2026-09-07T22:20:49.000Z</time>
        <extensions>
          <ns3:TrackPointExtension>
            <ns3:hr>138</ns3:hr>
            <ns3:cad>85</ns3:cad>
          </ns3:TrackPointExtension>
        </extensions>
      </trkpt>
      <trkpt lat="35.75897681526839733123779296875" lon="139.53919158317148685455322265625">
        <ele>53.40000152587890625</ele>
        <time>2026-09-07T22:20:50.000Z</time>
        <extensions>
          <ns3:TrackPointExtension>
            <ns3:hr>138</ns3:hr>
            <ns3:cad>85</ns3:cad>
          </ns3:TrackPointExtension>
        </extensions>
      </trkpt>
      <trkpt lat="35.75899274088442325592041015625" lon="139.5392044074833393096923828125">
        <ele>53.200000762939453125</ele>
        <time>2026-09-07T22:20:51.000Z</time>
        <extensions>
          <ns3:TrackPointExtension>
            <ns3:hr>138</ns3:hr>
            <ns3:cad>85</ns3:cad>
          </ns3:TrackPointExtension>
        </extensions>
      </trkpt>
      <trkpt lat="35.759005062282085418701171875" lon="139.53922393731772899627685546875">
        <ele>53</ele>
        <time>2026-09-07T22:20:52.000Z</time>
        <extensions>
          <ns3:TrackPointExtension>
            <ns3:hr>138</ns3:hr>
            <ns3:cad>85</ns3:cad>
          </ns3:TrackPointExtension>
        </extensions>
      </trkpt>
      <trkpt lat="35.7590186409652233123779296875" lon="139.53924405388534069061279296875">
        <ele>53</ele>
        <time>2026-09-07T22:20:53.000Z</time>
        <extensions>
          <ns3:TrackPointExtension>
            <ns3:hr>138</ns3:hr>
            <ns3:cad>85</ns3:cad>
          </ns3:TrackPointExtension>
        </extensions>
      </trkpt>
      <trkpt lat="35.75903448276221752166748046875" lon="139.5392587222158908843994140625">
        <ele>52.799999237060546875</ele>
        <time>2026-09-07T22:20:54.000Z</time>
        <extensions>
          <ns3:TrackPointExtension>
            <ns3:hr>138</ns3:hr>
            <ns3:cad>85</ns3:cad>
          </ns3:TrackPointExtension>
        </extensions>
      </trkpt>
      <trkpt lat="35.75905074365437030792236328125" lon="139.53927330672740936279296875">
        <ele>52.799999237060546875</ele>
        <time>2026-09-07T22:20:55.000Z</time>
        <extensions>
          <ns3:TrackPointExtension>
            <ns3:hr>139</ns3:hr>
            <ns3:cad>85</ns3:cad>
          </ns3:TrackPointExtension>
        </extensions>
      </trkpt>
      <trkpt lat="35.75906465761363506317138671875" lon="139.53929518349468708038330078125">
        <ele>53</ele>
        <time>2026-09-07T22:20:56.000Z</time>
        <extensions>
          <ns3:TrackPointExtension>
            <ns3:hr>139</ns3:hr>
            <ns3:cad>85</ns3:cad>
          </ns3:TrackPointExtension>
        </extensions>
      </trkpt>
      <trkpt lat="35.7590766437351703643798828125" lon="139.539315886795520782470703125">
        <ele>53</ele>
        <time>2026-09-07T22:20:57.000Z</time>
        <extensions>
          <ns3:TrackPointExtension>
            <ns3:hr>139</ns3:hr>
            <ns3:cad>84</ns3:cad>
          </ns3:TrackPointExtension>
        </extensions>
      </trkpt>
      <trkpt lat="35.75908930040895938873291015625" lon="139.53933633863925933837890625">
        <ele>53</ele>
        <time>2026-09-07T22:20:58.000Z</time>
        <extensions>
          <ns3:TrackPointExtension>
            <ns3:hr>139</ns3:hr>
            <ns3:cad>84</ns3:cad>
          </ns3:TrackPointExtension>
        </extensions>
      </trkpt>
      <trkpt lat="35.7591064833104610443115234375" lon="139.5393569581210613250732421875">
        <ele>53</ele>
        <time>2026-09-07T22:20:59.000Z</time>
        <extensions>
          <ns3:TrackPointExtension>
            <ns3:hr>139</ns3:hr>
            <ns3:cad>84</ns3:cad>
          </ns3:TrackPointExtension>
        </extensions>
      </trkpt>
      <trkpt lat="35.75912215746939182281494140625" lon="139.539376236498355865478515625">
        <ele>53</ele>
        <time>2026-09-07T22:21:00.000Z</time>
        <extensions>
          <ns3:TrackPointExtension>
            <ns3:hr>139</ns3:hr>
            <ns3:cad>85</ns3:cad>
          </ns3:TrackPointExtension>
        </extensions>
      </trkpt>
      <trkpt lat="35.75913774780929088592529296875" lon="139.53939400613307952880859375">
        <ele>53</ele>
        <time>2026-09-07T22:21:01.000Z</time>
        <extensions>
          <ns3:TrackPointExtension>
            <ns3:hr>140</ns3:hr>
            <ns3:cad>85</ns3:cad>
          </ns3:TrackPointExtension>
        </extensions>
      </trkpt>
      <trkpt lat="35.75915400870144367218017578125" lon="139.539412446320056915283203125">
        <ele>53</ele>
        <time>2026-09-07T22:21:02.000Z</time>
        <extensions>
          <ns3:TrackPointExtension>
            <ns3:hr>140</ns3:hr>
            <ns3:cad>85</ns3:cad>
          </ns3:TrackPointExtension>
        </extensions>
      </trkpt>
      <trkpt lat="35.75917328707873821258544921875" lon="139.5394308865070343017578125">
        <ele>53</ele>
        <time>2026-09-07T22:21:03.000Z</time>
        <extensions>
          <ns3:TrackPointExtension>
            <ns3:hr>140</ns3:hr>
            <ns3:cad>85</ns3:cad>
          </ns3:TrackPointExtension>
        </extensions>
      </trkpt>
      <trkpt lat="35.75918803922832012176513671875" lon="139.53944765031337738037109375">
        <ele>53</ele>
        <time>2026-09-07T22:21:04.000Z</time>
        <extensions>
          <ns3:TrackPointExtension>
            <ns3:hr>140</ns3:hr>
            <ns3:cad>85</ns3:cad>
          </ns3:TrackPointExtension>
        </extensions>
      </trkpt>
      <trkpt lat="35.7591980136930942535400390625" lon="139.539466090500354766845703125">
        <ele>52.799999237060546875</ele>
        <time>2026-09-07T22:21:05.000Z</time>
        <extensions>
          <ns3:TrackPointExtension>
            <ns3:hr>140</ns3:hr>
            <ns3:cad>85</ns3:cad>
          </ns3:TrackPointExtension>
        </extensions>
      </trkpt>
      <trkpt lat="35.7592077367007732391357421875" lon="139.53948679380118846893310546875">
        <ele>52.799999237060546875</ele>
        <time>2026-09-07T22:21:06.000Z</time>
        <extensions>
          <ns3:TrackPointExtension>
            <ns3:hr>140</ns3:hr>
            <ns3:cad>85</ns3:cad>
          </ns3:TrackPointExtension>
        </extensions>
      </trkpt>
      <trkpt lat="35.75921871699392795562744140625" lon="139.53950707800686359405517578125">
        <ele>52.799999237060546875</ele>
        <time>2026-09-07T22:21:07.000Z</time>
        <extensions>
          <ns3:TrackPointExtension>
            <ns3:hr>140</ns3:hr>
            <ns3:cad>84</ns3:cad>
          </ns3:TrackPointExtension>
        </extensions>
      </trkpt>
      <trkpt lat="35.75922994874417781829833984375" lon="139.53952954150736331939697265625">
        <ele>52.799999237060546875</ele>
        <time>2026-09-07T22:21:08.000Z</time>
        <extensions>
          <ns3:TrackPointExtension>
            <ns3:hr>140</ns3:hr>
            <ns3:cad>84</ns3:cad>
          </ns3:TrackPointExtension>
        </extensions>
      </trkpt>
      <trkpt lat="35.7592439465224742889404296875" lon="139.53955435194075107574462890625">
        <ele>52.59999847412109375</ele>
        <time>2026-09-07T22:21:09.000Z</time>
        <extensions>
          <ns3:TrackPointExtension>
            <ns3:hr>140</ns3:hr>
            <ns3:cad>84</ns3:cad>
          </ns3:TrackPointExtension>
        </extensions>
      </trkpt>
      <trkpt lat="35.7592576928436756134033203125" lon="139.53957832418382167816162109375">
        <ele>52.59999847412109375</ele>
        <time>2026-09-07T22:21:10.000Z</time>
        <extensions>
          <ns3:TrackPointExtension>
            <ns3:hr>140</ns3:hr>
            <ns3:cad>84</ns3:cad>
          </ns3:TrackPointExtension>
        </extensions>
      </trkpt>
      <trkpt lat="35.75927169062197208404541015625" lon="139.5396052300930023193359375">
        <ele>52.59999847412109375</ele>
        <time>2026-09-07T22:21:11.000Z</time>
        <extensions>
          <ns3:TrackPointExtension>
            <ns3:hr>140</ns3:hr>
            <ns3:cad>85</ns3:cad>
          </ns3:TrackPointExtension>
        </extensions>
      </trkpt>
      <trkpt lat="35.75928476639091968536376953125" lon="139.53963146544992923736572265625">
        <ele>52.59999847412109375</ele>
        <time>2026-09-07T22:21:12.000Z</time>
        <extensions>
          <ns3:TrackPointExtension>
            <ns3:hr>140</ns3:hr>
            <ns3:cad>85</ns3:cad>
          </ns3:TrackPointExtension>
        </extensions>
      </trkpt>
      <trkpt lat="35.75929767452180385589599609375" lon="139.53965879045426845550537109375">
        <ele>52.799999237060546875</ele>
        <time>2026-09-07T22:21:13.000Z</time>
        <extensions>
          <ns3:TrackPointExtension>
            <ns3:hr>140</ns3:hr>
            <ns3:cad>86</ns3:cad>
          </ns3:TrackPointExtension>
        </extensions>
      </trkpt>
      <trkpt lat="35.7593099959194660186767578125" lon="139.5396816730499267578125">
        <ele>52.799999237060546875</ele>
        <time>2026-09-07T22:21:14.000Z</time>
        <extensions>
          <ns3:TrackPointExtension>
            <ns3:hr>140</ns3:hr>
            <ns3:cad>87</ns3:cad>
          </ns3:TrackPointExtension>
        </extensions>
      </trkpt>
      <trkpt lat="35.7593227364122867584228515625" lon="139.539703465998172760009765625">
        <ele>52.799999237060546875</ele>
        <time>2026-09-07T22:21:15.000Z</time>
        <extensions>
          <ns3:TrackPointExtension>
            <ns3:hr>140</ns3:hr>
            <ns3:cad>87</ns3:cad>
          </ns3:TrackPointExtension>
        </extensions>
      </trkpt>
      <trkpt lat="35.75933723710477352142333984375" lon="139.53972500748932361602783203125">
        <ele>52.799999237060546875</ele>
        <time>2026-09-07T22:21:16.000Z</time>
        <extensions>
          <ns3:TrackPointExtension>
            <ns3:hr>140</ns3:hr>
            <ns3:cad>87</ns3:cad>
          </ns3:TrackPointExtension>
        </extensions>
      </trkpt>
      <trkpt lat="35.75934980995953083038330078125" lon="139.53974646516144275665283203125">
        <ele>52.799999237060546875</ele>
        <time>2026-09-07T22:21:17.000Z</time>
        <extensions>
          <ns3:TrackPointExtension>
            <ns3:hr>140</ns3:hr>
            <ns3:cad>87</ns3:cad>
          </ns3:TrackPointExtension>
        </extensions>
      </trkpt>
      <trkpt lat="35.75936305336654186248779296875" lon="139.53977010212838649749755859375">
        <ele>52.799999237060546875</ele>
        <time>2026-09-07T22:21:18.000Z</time>
        <extensions>
          <ns3:TrackPointExtension>
            <ns3:hr>140</ns3:hr>
            <ns3:cad>85</ns3:cad>
          </ns3:TrackPointExtension>
        </extensions>
      </trkpt>
      <trkpt lat="35.759375207126140594482421875" lon="139.5397934876382350921630859375">
        <ele>52.799999237060546875</ele>
        <time>2026-09-07T22:21:19.000Z</time>
        <extensions>
          <ns3:TrackPointExtension>
            <ns3:hr>140</ns3:hr>
            <ns3:cad>85</ns3:cad>
          </ns3:TrackPointExtension>
        </extensions>
      </trkpt>
      <trkpt lat="35.75939071364700794219970703125" lon="139.5398176275193691253662109375">
        <ele>52.799999237060546875</ele>
        <time>2026-09-07T22:21:20.000Z</time>
        <extensions>
          <ns3:TrackPointExtension>
            <ns3:hr>141</ns3:hr>
            <ns3:cad>85</ns3:cad>
          </ns3:TrackPointExtension>
        </extensions>
      </trkpt>
      <trkpt lat="35.7594055496156215667724609375" lon="139.5398434437811374664306640625">
        <ele>52.799999237060546875</ele>
        <time>2026-09-07T22:21:21.000Z</time>
        <extensions>
          <ns3:TrackPointExtension>
            <ns3:hr>141</ns3:hr>
            <ns3:cad>85</ns3:cad>
          </ns3:TrackPointExtension>
        </extensions>
      </trkpt>
      <trkpt lat="35.75942273251712322235107421875" lon="139.5398712716996669769287109375">
        <ele>52.799999237060546875</ele>
        <time>2026-09-07T22:21:22.000Z</time>
        <extensions>
          <ns3:TrackPointExtension>
            <ns3:hr>141</ns3:hr>
            <ns3:cad>85</ns3:cad>
          </ns3:TrackPointExtension>
        </extensions>
      </trkpt>
      <trkpt lat="35.75943647883832454681396484375" lon="139.53989826142787933349609375">
        <ele>52.799999237060546875</ele>
        <time>2026-09-07T22:21:23.000Z</time>
        <extensions>
          <ns3:TrackPointExtension>
            <ns3:hr>141</ns3:hr>
            <ns3:cad>86</ns3:cad>
          </ns3:TrackPointExtension>
        </extensions>
      </trkpt>
      <trkpt lat="35.75945491902530193328857421875" lon="139.5399192161858081817626953125">
        <ele>52.799999237060546875</ele>
        <time>2026-09-07T22:21:24.000Z</time>
        <extensions>
          <ns3:TrackPointExtension>
            <ns3:hr>141</ns3:hr>
            <ns3:cad>86</ns3:cad>
          </ns3:TrackPointExtension>
        </extensions>
      </trkpt>
      <trkpt lat="35.759469754993915557861328125" lon="139.539936147630214691162109375">
        <ele>52.799999237060546875</ele>
        <time>2026-09-07T22:21:25.000Z</time>
        <extensions>
          <ns3:TrackPointExtension>
            <ns3:hr>141</ns3:hr>
            <ns3:cad>88</ns3:cad>
          </ns3:TrackPointExtension>
        </extensions>
      </trkpt>
      <trkpt lat="35.75948408804833889007568359375" lon="139.5399587787687778472900390625">
        <ele>52.799999237060546875</ele>
        <time>2026-09-07T22:21:26.000Z</time>
        <extensions>
          <ns3:TrackPointExtension>
            <ns3:hr>141</ns3:hr>
            <ns3:cad>88</ns3:cad>
          </ns3:TrackPointExtension>
        </extensions>
      </trkpt>
      <trkpt lat="35.75950453989207744598388671875" lon="139.53997797332704067230224609375">
        <ele>52.59999847412109375</ele>
        <time>2026-09-07T22:21:27.000Z</time>
        <extensions>
          <ns3:TrackPointExtension>
            <ns3:hr>141</ns3:hr>
            <ns3:cad>87</ns3:cad>
          </ns3:TrackPointExtension>
        </extensions>
      </trkpt>
      <trkpt lat="35.759523399174213409423828125" lon="139.53999674879014492034912109375">
        <ele>52.59999847412109375</ele>
        <time>2026-09-07T22:21:28.000Z</time>
        <extensions>
          <ns3:TrackPointExtension>
            <ns3:hr>141</ns3:hr>
            <ns3:cad>87</ns3:cad>
          </ns3:TrackPointExtension>
        </extensions>
      </trkpt>
      <trkpt lat="35.759540498256683349609375" lon="139.5400171168148517608642578125">
        <ele>52.59999847412109375</ele>
        <time>2026-09-07T22:21:29.000Z</time>
        <extensions>
          <ns3:TrackPointExtension>
            <ns3:hr>141</ns3:hr>
            <ns3:cad>88</ns3:cad>
          </ns3:TrackPointExtension>
        </extensions>
      </trkpt>
      <trkpt lat="35.7595581002533435821533203125" lon="139.5400379039347171783447265625">
        <ele>52.40000152587890625</ele>
        <time>2026-09-07T22:21:30.000Z</time>
        <extensions>
          <ns3:TrackPointExtension>
            <ns3:hr>141</ns3:hr>
            <ns3:cad>88</ns3:cad>
          </ns3:TrackPointExtension>
        </extensions>
      </trkpt>
      <trkpt lat="35.759576372802257537841796875" lon="139.540060870349407196044921875">
        <ele>52.40000152587890625</ele>
        <time>2026-09-07T22:21:31.000Z</time>
        <extensions>
          <ns3:TrackPointExtension>
            <ns3:hr>141</ns3:hr>
            <ns3:cad>88</ns3:cad>
          </ns3:TrackPointExtension>
        </extensions>
      </trkpt>
      <trkpt lat="35.75959682464599609375" lon="139.54008190892636775970458984375">
        <ele>52.40000152587890625</ele>
        <time>2026-09-07T22:21:32.000Z</time>
        <extensions>
          <ns3:TrackPointExtension>
            <ns3:hr>141</ns3:hr>
            <ns3:cad>88</ns3:cad>
          </ns3:TrackPointExtension>
        </extensions>
      </trkpt>
      <trkpt lat="35.75962054543197154998779296875" lon="139.54010135494172573089599609375">
        <ele>52.40000152587890625</ele>
        <time>2026-09-07T22:21:33.000Z</time>
        <extensions>
          <ns3:TrackPointExtension>
            <ns3:hr>141</ns3:hr>
            <ns3:cad>87</ns3:cad>
          </ns3:TrackPointExtension>
        </extensions>
      </trkpt>
      <trkpt lat="35.75964082963764667510986328125" lon="139.54011912457644939422607421875">
        <ele>52.200000762939453125</ele>
        <time>2026-09-07T22:21:34.000Z</time>
        <extensions>
          <ns3:TrackPointExtension>
            <ns3:hr>141</ns3:hr>
            <ns3:cad>87</ns3:cad>
          </ns3:TrackPointExtension>
        </extensions>
      </trkpt>
      <trkpt lat="35.75965918600559234619140625" lon="139.54014510847628116607666015625">
        <ele>52.200000762939453125</ele>
        <time>2026-09-07T22:21:35.000Z</time>
        <extensions>
          <ns3:TrackPointExtension>
            <ns3:hr>141</ns3:hr>
            <ns3:cad>88</ns3:cad>
          </ns3:TrackPointExtension>
        </extensions>
      </trkpt>
      <trkpt lat="35.75967167504131793975830078125" lon="139.54017461277544498443603515625">
        <ele>52.200000762939453125</ele>
        <time>2026-09-07T22:21:36.000Z</time>
        <extensions>
          <ns3:TrackPointExtension>
            <ns3:hr>140</ns3:hr>
            <ns3:cad>88</ns3:cad>
          </ns3:TrackPointExtension>
        </extensions>
      </trkpt>
      <trkpt lat="35.75968307442963123321533203125" lon="139.5402065478265285491943359375">
        <ele>52.200000762939453125</ele>
        <time>2026-09-07T22:21:37.000Z</time>
        <extensions>
          <ns3:TrackPointExtension>
            <ns3:hr>140</ns3:hr>
            <ns3:cad>87</ns3:cad>
          </ns3:TrackPointExtension>
        </extensions>
      </trkpt>
      <trkpt lat="35.75969547964632511138916015625" lon="139.54023077152669429779052734375">
        <ele>52.200000762939453125</ele>
        <time>2026-09-07T22:21:38.000Z</time>
        <extensions>
          <ns3:TrackPointExtension>
            <ns3:hr>140</ns3:hr>
            <ns3:cad>87</ns3:cad>
          </ns3:TrackPointExtension>
        </extensions>
      </trkpt>
      <trkpt lat="35.7597108185291290283203125" lon="139.54025239683687686920166015625">
        <ele>52.200000762939453125</ele>
        <time>2026-09-07T22:21:39.000Z</time>
        <extensions>
          <ns3:TrackPointExtension>
            <ns3:hr>140</ns3:hr>
            <ns3:cad>87</ns3:cad>
          </ns3:TrackPointExtension>
        </extensions>
      </trkpt>
      <trkpt lat="35.7597284205257892608642578125" lon="139.54027242958545684814453125">
        <ele>52.200000762939453125</ele>
        <time>2026-09-07T22:21:40.000Z</time>
        <extensions>
          <ns3:TrackPointExtension>
            <ns3:hr>140</ns3:hr>
            <ns3:cad>87</ns3:cad>
          </ns3:TrackPointExtension>
        </extensions>
      </trkpt>
      <trkpt lat="35.75974409468472003936767578125" lon="139.54029112122952938079833984375">
        <ele>52.200000762939453125</ele>
        <time>2026-09-07T22:21:41.000Z</time>
        <extensions>
          <ns3:TrackPointExtension>
            <ns3:hr>140</ns3:hr>
            <ns3:cad>87</ns3:cad>
          </ns3:TrackPointExtension>
        </extensions>
      </trkpt>
      <trkpt lat="35.75975700281560420989990234375" lon="139.54031157307326793670654296875">
        <ele>52.40000152587890625</ele>
        <time>2026-09-07T22:21:42.000Z</time>
        <extensions>
          <ns3:TrackPointExtension>
            <ns3:hr>140</ns3:hr>
            <ns3:cad>87</ns3:cad>
          </ns3:TrackPointExtension>
        </extensions>
      </trkpt>
      <trkpt lat="35.759770832955837249755859375" lon="139.5403312705457210540771484375">
        <ele>52.59999847412109375</ele>
        <time>2026-09-07T22:21:43.000Z</time>
        <extensions>
          <ns3:TrackPointExtension>
            <ns3:hr>140</ns3:hr>
            <ns3:cad>87</ns3:cad>
          </ns3:TrackPointExtension>
        </extensions>
      </trkpt>
      <trkpt lat="35.759788267314434051513671875" lon="139.54035147093236446380615234375">
        <ele>52.799999237060546875</ele>
        <time>2026-09-07T22:21:44.000Z</time>
        <extensions>
          <ns3:TrackPointExtension>
            <ns3:hr>140</ns3:hr>
            <ns3:cad>87</ns3:cad>
          </ns3:TrackPointExtension>
        </extensions>
      </trkpt>
      <trkpt lat="35.7598046958446502685546875" lon="139.54037359915673732757568359375">
        <ele>53.200000762939453125</ele>
        <time>2026-09-07T22:21:45.000Z</time>
        <extensions>
          <ns3:TrackPointExtension>
            <ns3:hr>140</ns3:hr>
            <ns3:cad>86</ns3:cad>
          </ns3:TrackPointExtension>
        </extensions>
      </trkpt>
      <trkpt lat="35.75982137583196163177490234375" lon="139.54039555974304676055908203125">
        <ele>53.200000762939453125</ele>
        <time>2026-09-07T22:21:46.000Z</time>
        <extensions>
          <ns3:TrackPointExtension>
            <ns3:hr>140</ns3:hr>
            <ns3:cad>86</ns3:cad>
          </ns3:TrackPointExtension>
        </extensions>
      </trkpt>
      <trkpt lat="35.75983596034348011016845703125" lon="139.540418274700641632080078125">
        <ele>53.200000762939453125</ele>
        <time>2026-09-07T22:21:47.000Z</time>
        <extensions>
          <ns3:TrackPointExtension>
            <ns3:hr>140</ns3:hr>
            <ns3:cad>86</ns3:cad>
          </ns3:TrackPointExtension>
        </extensions>
      </trkpt>
      <trkpt lat="35.75984962284564971923828125" lon="139.5404449291527271270751953125">
        <ele>53.200000762939453125</ele>
        <time>2026-09-07T22:21:48.000Z</time>
        <extensions>
          <ns3:TrackPointExtension>
            <ns3:hr>140</ns3:hr>
            <ns3:cad>86</ns3:cad>
          </ns3:TrackPointExtension>
        </extensions>
      </trkpt>
      <trkpt lat="35.7598601840436458587646484375" lon="139.54047015868127346038818359375">
        <ele>53.200000762939453125</ele>
        <time>2026-09-07T22:21:49.000Z</time>
        <extensions>
          <ns3:TrackPointExtension>
            <ns3:hr>141</ns3:hr>
            <ns3:cad>86</ns3:cad>
          </ns3:TrackPointExtension>
        </extensions>
      </trkpt>
      <trkpt lat="35.75987485237419605255126953125" lon="139.54049161635339260101318359375">
        <ele>53</ele>
        <time>2026-09-07T22:21:50.000Z</time>
        <extensions>
          <ns3:TrackPointExtension>
            <ns3:hr>141</ns3:hr>
            <ns3:cad>86</ns3:cad>
          </ns3:TrackPointExtension>
        </extensions>
      </trkpt>
      <trkpt lat="35.75989463366568088531494140625" lon="139.54051173292100429534912109375">
        <ele>52.799999237060546875</ele>
        <time>2026-09-07T22:21:51.000Z</time>
        <extensions>
          <ns3:TrackPointExtension>
            <ns3:hr>141</ns3:hr>
            <ns3:cad>86</ns3:cad>
          </ns3:TrackPointExtension>
        </extensions>
      </trkpt>
      <trkpt lat="35.759910643100738525390625" lon="139.5405310951173305511474609375">
        <ele>52.59999847412109375</ele>
        <time>2026-09-07T22:21:52.000Z</time>
        <extensions>
          <ns3:TrackPointExtension>
            <ns3:hr>141</ns3:hr>
            <ns3:cad>86</ns3:cad>
          </ns3:TrackPointExtension>
        </extensions>
      </trkpt>
      <trkpt lat="35.7599252276122570037841796875" lon="139.540557749569416046142578125">
        <ele>52.40000152587890625</ele>
        <time>2026-09-07T22:21:53.000Z</time>
        <extensions>
          <ns3:TrackPointExtension>
            <ns3:hr>142</ns3:hr>
            <ns3:cad>87</ns3:cad>
          </ns3:TrackPointExtension>
        </extensions>
      </trkpt>
      <trkpt lat="35.7599372975528240203857421875" lon="139.54058432020246982574462890625">
        <ele>52.200000762939453125</ele>
        <time>2026-09-07T22:21:54.000Z</time>
        <extensions>
          <ns3:TrackPointExtension>
            <ns3:hr>142</ns3:hr>
            <ns3:cad>88</ns3:cad>
          </ns3:TrackPointExtension>
        </extensions>
      </trkpt>
      <trkpt lat="35.759948194026947021484375" lon="139.54061013646423816680908203125">
        <ele>52.200000762939453125</ele>
        <time>2026-09-07T22:21:55.000Z</time>
        <extensions>
          <ns3:TrackPointExtension>
            <ns3:hr>143</ns3:hr>
            <ns3:cad>88</ns3:cad>
          </ns3:TrackPointExtension>
        </extensions>
      </trkpt>
      <trkpt lat="35.7599602639675140380859375" lon="139.54063813202083110809326171875">
        <ele>52.200000762939453125</ele>
        <time>2026-09-07T22:21:56.000Z</time>
        <extensions>
          <ns3:TrackPointExtension>
            <ns3:hr>143</ns3:hr>
            <ns3:cad>88</ns3:cad>
          </ns3:TrackPointExtension>
        </extensions>
      </trkpt>
      <trkpt lat="35.759974680840969085693359375" lon="139.540666043758392333984375">
        <ele>52.200000762939453125</ele>
        <time>2026-09-07T22:21:57.000Z</time>
        <extensions>
          <ns3:TrackPointExtension>
            <ns3:hr>143</ns3:hr>
            <ns3:cad>87</ns3:cad>
          </ns3:TrackPointExtension>
        </extensions>
      </trkpt>
      <trkpt lat="35.7599889300763607025146484375" lon="139.5406930334866046905517578125">
        <ele>52</ele>
        <time>2026-09-07T22:21:58.000Z</time>
        <extensions>
          <ns3:TrackPointExtension>
            <ns3:hr>144</ns3:hr>
            <ns3:cad>87</ns3:cad>
          </ns3:TrackPointExtension>
        </extensions>
      </trkpt>
      <trkpt lat="35.760001502931118011474609375" lon="139.54071843065321445465087890625">
        <ele>52</ele>
        <time>2026-09-07T22:21:59.000Z</time>
        <extensions>
          <ns3:TrackPointExtension>
            <ns3:hr>144</ns3:hr>
            <ns3:cad>87</ns3:cad>
          </ns3:TrackPointExtension>
        </extensions>
      </trkpt>
      <trkpt lat="35.76001097448170185089111328125" lon="139.540746174752712249755859375">
        <ele>52</ele>
        <time>2026-09-07T22:22:00.000Z</time>
        <extensions>
          <ns3:TrackPointExtension>
            <ns3:hr>144</ns3:hr>
            <ns3:cad>86</ns3:cad>
          </ns3:TrackPointExtension>
        </extensions>
      </trkpt>
      <trkpt lat="35.76002287678420543670654296875" lon="139.5407748408615589141845703125">
        <ele>52</ele>
        <time>2026-09-07T22:22:01.000Z</time>
        <extensions>
          <ns3:TrackPointExtension>
            <ns3:hr>145</ns3:hr>
            <ns3:cad>86</ns3:cad>
          </ns3:TrackPointExtension>
        </extensions>
      </trkpt>
      <trkpt lat="35.76003276742994785308837890625" lon="139.54080375842750072479248046875">
        <ele>51.799999237060546875</ele>
        <time>2026-09-07T22:22:02.000Z</time>
        <extensions>
          <ns3:TrackPointExtension>
            <ns3:hr>145</ns3:hr>
            <ns3:cad>86</ns3:cad>
          </ns3:TrackPointExtension>
        </extensions>
      </trkpt>
      <trkpt lat="35.76004282571375370025634765625" lon="139.5408294908702373504638671875">
        <ele>51.799999237060546875</ele>
        <time>2026-09-07T22:22:03.000Z</time>
        <extensions>
          <ns3:TrackPointExtension>
            <ns3:hr>145</ns3:hr>
            <ns3:cad>87</ns3:cad>
          </ns3:TrackPointExtension>
        </extensions>
      </trkpt>
      <trkpt lat="35.76005523093044757843017578125" lon="139.54085421748459339141845703125">
        <ele>51.799999237060546875</ele>
        <time>2026-09-07T22:22:04.000Z</time>
        <extensions>
          <ns3:TrackPointExtension>
            <ns3:hr>145</ns3:hr>
            <ns3:cad>87</ns3:cad>
          </ns3:TrackPointExtension>
        </extensions>
      </trkpt>
      <trkpt lat="35.76006914488971233367919921875" lon="139.54087215475738048553466796875">
        <ele>51.799999237060546875</ele>
        <time>2026-09-07T22:22:05.000Z</time>
        <extensions>
          <ns3:TrackPointExtension>
            <ns3:hr>145</ns3:hr>
            <ns3:cad>87</ns3:cad>
          </ns3:TrackPointExtension>
        </extensions>
      </trkpt>
      <trkpt lat="35.7600890100002288818359375" lon="139.5408891700208187103271484375">
        <ele>51.799999237060546875</ele>
        <time>2026-09-07T22:22:06.000Z</time>
        <extensions>
          <ns3:TrackPointExtension>
            <ns3:hr>144</ns3:hr>
            <ns3:cad>87</ns3:cad>
          </ns3:TrackPointExtension>
        </extensions>
      </trkpt>
      <trkpt lat="35.76010351069271564483642578125" lon="139.54091473482549190521240234375">
        <ele>51.799999237060546875</ele>
        <time>2026-09-07T22:22:07.000Z</time>
        <extensions>
          <ns3:TrackPointExtension>
            <ns3:hr>144</ns3:hr>
            <ns3:cad>88</ns3:cad>
          </ns3:TrackPointExtension>
        </extensions>
      </trkpt>
      <trkpt lat="35.7601146586239337921142578125" lon="139.540945328772068023681640625">
        <ele>51.799999237060546875</ele>
        <time>2026-09-07T22:22:08.000Z</time>
        <extensions>
          <ns3:TrackPointExtension>
            <ns3:hr>144</ns3:hr>
            <ns3:cad>87</ns3:cad>
          </ns3:TrackPointExtension>
        </extensions>
      </trkpt>
      <trkpt lat="35.7601227052509784698486328125" lon="139.5409763418138027191162109375">
        <ele>51.799999237060546875</ele>
        <time>2026-09-07T22:22:09.000Z</time>
        <extensions>
          <ns3:TrackPointExtension>
            <ns3:hr>144</ns3:hr>
            <ns3:cad>87</ns3:cad>
          </ns3:TrackPointExtension>
        </extensions>
      </trkpt>
      <trkpt lat="35.76013485901057720184326171875" lon="139.54100274480879306793212890625">
        <ele>51.799999237060546875</ele>
        <time>2026-09-07T22:22:10.000Z</time>
        <extensions>
          <ns3:TrackPointExtension>
            <ns3:hr>143</ns3:hr>
            <ns3:cad>87</ns3:cad>
          </ns3:TrackPointExtension>
        </extensions>
      </trkpt>
      <trkpt lat="35.76014625839889049530029296875" lon="139.54102990217506885528564453125">
        <ele>51.799999237060546875</ele>
        <time>2026-09-07T22:22:11.000Z</time>
        <extensions>
          <ns3:TrackPointExtension>
            <ns3:hr>143</ns3:hr>
            <ns3:cad>87</ns3:cad>
          </ns3:TrackPointExtension>
        </extensions>
      </trkpt>
      <trkpt lat="35.76016050763428211212158203125" lon="139.54105974175035953521728515625">
        <ele>51.59999847412109375</ele>
        <time>2026-09-07T22:22:12.000Z</time>
        <extensions>
          <ns3:TrackPointExtension>
            <ns3:hr>143</ns3:hr>
            <ns3:cad>87</ns3:cad>
          </ns3:TrackPointExtension>
        </extensions>
      </trkpt>
      <trkpt lat="35.76017391867935657501220703125" lon="139.54108572565019130706787109375">
        <ele>51.59999847412109375</ele>
        <time>2026-09-07T22:22:13.000Z</time>
        <extensions>
          <ns3:TrackPointExtension>
            <ns3:hr>143</ns3:hr>
            <ns3:cad>87</ns3:cad>
          </ns3:TrackPointExtension>
        </extensions>
      </trkpt>
      <trkpt lat="35.76018297113478183746337890625" lon="139.5411097817122936248779296875">
        <ele>51.59999847412109375</ele>
        <time>2026-09-07T22:22:14.000Z</time>
        <extensions>
          <ns3:TrackPointExtension>
            <ns3:hr>143</ns3:hr>
            <ns3:cad>87</ns3:cad>
          </ns3:TrackPointExtension>
        </extensions>
      </trkpt>
      <trkpt lat="35.76019034720957279205322265625" lon="139.5411342568695545196533203125">
        <ele>51.59999847412109375</ele>
        <time>2026-09-07T22:22:15.000Z</time>
        <extensions>
          <ns3:TrackPointExtension>
            <ns3:hr>143</ns3:hr>
            <ns3:cad>87</ns3:cad>
          </ns3:TrackPointExtension>
        </extensions>
      </trkpt>
      <trkpt lat="35.7602021656930446624755859375" lon="139.5411635935306549072265625">
        <ele>51.799999237060546875</ele>
        <time>2026-09-07T22:22:16.000Z</time>
        <extensions>
          <ns3:TrackPointExtension>
            <ns3:hr>143</ns3:hr>
            <ns3:cad>87</ns3:cad>
          </ns3:TrackPointExtension>
        </extensions>
      </trkpt>
      <trkpt lat="35.7602139003574848175048828125" lon="139.5411872304975986480712890625">
        <ele>51.799999237060546875</ele>
        <time>2026-09-07T22:22:17.000Z</time>
        <extensions>
          <ns3:TrackPointExtension>
            <ns3:hr>143</ns3:hr>
            <ns3:cad>86</ns3:cad>
          </ns3:TrackPointExtension>
        </extensions>
      </trkpt>
      <trkpt lat="35.76022253371775150299072265625" lon="139.54121145419776439666748046875">
        <ele>51.799999237060546875</ele>
        <time>2026-09-07T22:22:18.000Z</time>
        <extensions>
          <ns3:TrackPointExtension>
            <ns3:hr>143</ns3:hr>
            <ns3:cad>85</ns3:cad>
          </ns3:TrackPointExtension>
        </extensions>
      </trkpt>
      <trkpt lat="35.76023577712476253509521484375" lon="139.54123802483081817626953125">
        <ele>51.799999237060546875</ele>
        <time>2026-09-07T22:22:19.000Z</time>
        <extensions>
          <ns3:TrackPointExtension>
            <ns3:hr>143</ns3:hr>
            <ns3:cad>85</ns3:cad>
          </ns3:TrackPointExtension>
        </extensions>
      </trkpt>
      <trkpt lat="35.7602434046566486358642578125" lon="139.541266523301601409912109375">
        <ele>51.799999237060546875</ele>
        <time>2026-09-07T22:22:20.000Z</time>
        <extensions>
          <ns3:TrackPointExtension>
            <ns3:hr>142</ns3:hr>
            <ns3:cad>85</ns3:cad>
          </ns3:TrackPointExtension>
        </extensions>
      </trkpt>
      <trkpt lat="35.76024834997951984405517578125" lon="139.54129577614367008209228515625">
        <ele>51.799999237060546875</ele>
        <time>2026-09-07T22:22:21.000Z</time>
        <extensions>
          <ns3:TrackPointExtension>
            <ns3:hr>142</ns3:hr>
            <ns3:cad>86</ns3:cad>
          </ns3:TrackPointExtension>
        </extensions>
      </trkpt>
      <trkpt lat="35.76025773771107196807861328125" lon="139.5413213409483432769775390625">
        <ele>51.799999237060546875</ele>
        <time>2026-09-07T22:22:22.000Z</time>
        <extensions>
          <ns3:TrackPointExtension>
            <ns3:hr>142</ns3:hr>
            <ns3:cad>86</ns3:cad>
          </ns3:TrackPointExtension>
        </extensions>
      </trkpt>
      <trkpt lat="35.76026712544262409210205078125" lon="139.5413459837436676025390625">
        <ele>51.799999237060546875</ele>
        <time>2026-09-07T22:22:23.000Z</time>
        <extensions>
          <ns3:TrackPointExtension>
            <ns3:hr>142</ns3:hr>
            <ns3:cad>86</ns3:cad>
          </ns3:TrackPointExtension>
        </extensions>
      </trkpt>
      <trkpt lat="35.76027609407901763916015625" lon="139.54137146472930908203125">
        <ele>51.799999237060546875</ele>
        <time>2026-09-07T22:22:24.000Z</time>
        <extensions>
          <ns3:TrackPointExtension>
            <ns3:hr>142</ns3:hr>
            <ns3:cad>85</ns3:cad>
          </ns3:TrackPointExtension>
        </extensions>
      </trkpt>
      <trkpt lat="35.76028288342058658599853515625" lon="139.5414001308381557464599609375">
        <ele>51.799999237060546875</ele>
        <time>2026-09-07T22:22:25.000Z</time>
        <extensions>
          <ns3:TrackPointExtension>
            <ns3:hr>142</ns3:hr>
            <ns3:cad>85</ns3:cad>
          </ns3:TrackPointExtension>
        </extensions>
      </trkpt>
      <trkpt lat="35.76029143296182155609130859375" lon="139.54142619855701923370361328125">
        <ele>51.799999237060546875</ele>
        <time>2026-09-07T22:22:26.000Z</time>
        <extensions>
          <ns3:TrackPointExtension>
            <ns3:hr>142</ns3:hr>
            <ns3:cad>85</ns3:cad>
          </ns3:TrackPointExtension>
        </extensions>
      </trkpt>
      <trkpt lat="35.76029981486499309539794921875" lon="139.5414494164288043975830078125">
        <ele>51.799999237060546875</ele>
        <time>2026-09-07T22:22:27.000Z</time>
        <extensions>
          <ns3:TrackPointExtension>
            <ns3:hr>142</ns3:hr>
            <ns3:cad>85</ns3:cad>
          </ns3:TrackPointExtension>
        </extensions>
      </trkpt>
      <trkpt lat="35.76030652038753032684326171875" lon="139.54147699289023876190185546875">
        <ele>51.799999237060546875</ele>
        <time>2026-09-07T22:22:28.000Z</time>
        <extensions>
          <ns3:TrackPointExtension>
            <ns3:hr>142</ns3:hr>
            <ns3:cad>85</ns3:cad>
          </ns3:TrackPointExtension>
        </extensions>
      </trkpt>
      <trkpt lat="35.76031138189136981964111328125" lon="139.5415030606091022491455078125">
        <ele>51.799999237060546875</ele>
        <time>2026-09-07T22:22:29.000Z</time>
        <extensions>
          <ns3:TrackPointExtension>
            <ns3:hr>142</ns3:hr>
            <ns3:cad>85</ns3:cad>
          </ns3:TrackPointExtension>
        </extensions>
      </trkpt>
      <trkpt lat="35.76031641103327274322509765625" lon="139.54153046943247318267822265625">
        <ele>51.59999847412109375</ele>
        <time>2026-09-07T22:22:30.000Z</time>
        <extensions>
          <ns3:TrackPointExtension>
            <ns3:hr>142</ns3:hr>
            <ns3:cad>85</ns3:cad>
          </ns3:TrackPointExtension>
        </extensions>
      </trkpt>
      <trkpt lat="35.76032060198485851287841796875" lon="139.54156030900776386260986328125">
        <ele>51.59999847412109375</ele>
        <time>2026-09-07T22:22:31.000Z</time>
        <extensions>
          <ns3:TrackPointExtension>
            <ns3:hr>142</ns3:hr>
            <ns3:cad>85</ns3:cad>
          </ns3:TrackPointExtension>
        </extensions>
      </trkpt>
      <trkpt lat="35.76032429002225399017333984375" lon="139.5415915735065937042236328125">
        <ele>51.59999847412109375</ele>
        <time>2026-09-07T22:22:32.000Z</time>
        <extensions>
          <ns3:TrackPointExtension>
            <ns3:hr>142</ns3:hr>
            <ns3:cad>85</ns3:cad>
          </ns3:TrackPointExtension>
        </extensions>
      </trkpt>
      <trkpt lat="35.760328732430934906005859375" lon="139.54162023961544036865234375">
        <ele>51.59999847412109375</ele>
        <time>2026-09-07T22:22:33.000Z</time>
        <extensions>
          <ns3:TrackPointExtension>
            <ns3:hr>142</ns3:hr>
            <ns3:cad>84</ns3:cad>
          </ns3:TrackPointExtension>
        </extensions>
      </trkpt>
      <trkpt lat="35.76033644378185272216796875" lon="139.541647396981716156005859375">
        <ele>51.59999847412109375</ele>
        <time>2026-09-07T22:22:34.000Z</time>
        <extensions>
          <ns3:TrackPointExtension>
            <ns3:hr>142</ns3:hr>
            <ns3:cad>84</ns3:cad>
          </ns3:TrackPointExtension>
        </extensions>
      </trkpt>
      <trkpt lat="35.76034809462726116180419921875" lon="139.54167681746184825897216796875">
        <ele>51.799999237060546875</ele>
        <time>2026-09-07T22:22:35.000Z</time>
        <extensions>
          <ns3:TrackPointExtension>
            <ns3:hr>142</ns3:hr>
            <ns3:cad>85</ns3:cad>
          </ns3:TrackPointExtension>
        </extensions>
      </trkpt>
      <trkpt lat="35.76035656034946441650390625" lon="139.5417082495987415313720703125">
        <ele>51.799999237060546875</ele>
        <time>2026-09-07T22:22:36.000Z</time>
        <extensions>
          <ns3:TrackPointExtension>
            <ns3:hr>143</ns3:hr>
            <ns3:cad>86</ns3:cad>
          </ns3:TrackPointExtension>
        </extensions>
      </trkpt>
      <trkpt lat="35.7603644393384456634521484375" lon="139.5417401008307933807373046875">
        <ele>51.799999237060546875</ele>
        <time>2026-09-07T22:22:37.000Z</time>
        <extensions>
          <ns3:TrackPointExtension>
            <ns3:hr>144</ns3:hr>
            <ns3:cad>86</ns3:cad>
          </ns3:TrackPointExtension>
        </extensions>
      </trkpt>
      <trkpt lat="35.76037022285163402557373046875" lon="139.54177304171025753021240234375">
        <ele>51.799999237060546875</ele>
        <time>2026-09-07T22:22:38.000Z</time>
        <extensions>
          <ns3:TrackPointExtension>
            <ns3:hr>144</ns3:hr>
            <ns3:cad>87</ns3:cad>
          </ns3:TrackPointExtension>
        </extensions>
      </trkpt>
      <trkpt lat="35.7603748328983783721923828125" lon="139.54180506058037281036376953125">
        <ele>51.59999847412109375</ele>
        <time>2026-09-07T22:22:39.000Z</time>
        <extensions>
          <ns3:TrackPointExtension>
            <ns3:hr>144</ns3:hr>
            <ns3:cad>87</ns3:cad>
          </ns3:TrackPointExtension>
        </extensions>
      </trkpt>
      <trkpt lat="35.76037877239286899566650390625" lon="139.54183573834598064422607421875">
        <ele>51.59999847412109375</ele>
        <time>2026-09-07T22:22:40.000Z</time>
        <extensions>
          <ns3:TrackPointExtension>
            <ns3:hr>144</ns3:hr>
            <ns3:cad>88</ns3:cad>
          </ns3:TrackPointExtension>
        </extensions>
      </trkpt>
      <trkpt lat="35.7603786885738372802734375" lon="139.54186591319739818572998046875">
        <ele>51.59999847412109375</ele>
        <time>2026-09-07T22:22:41.000Z</time>
        <extensions>
          <ns3:TrackPointExtension>
            <ns3:hr>144</ns3:hr>
            <ns3:cad>88</ns3:cad>
          </ns3:TrackPointExtension>
        </extensions>
      </trkpt>
      <trkpt lat="35.76038178987801074981689453125" lon="139.54189524985849857330322265625">
        <ele>51.59999847412109375</ele>
        <time>2026-09-07T22:22:42.000Z</time>
        <extensions>
          <ns3:TrackPointExtension>
            <ns3:hr>144</ns3:hr>
            <ns3:cad>87</ns3:cad>
          </ns3:TrackPointExtension>
        </extensions>
      </trkpt>
      <trkpt lat="35.7603852264583110809326171875" lon="139.541929028928279876708984375">
        <ele>51.59999847412109375</ele>
        <time>2026-09-07T22:22:43.000Z</time>
        <extensions>
          <ns3:TrackPointExtension>
            <ns3:hr>145</ns3:hr>
            <ns3:cad>87</ns3:cad>
          </ns3:TrackPointExtension>
        </extensions>
      </trkpt>
      <trkpt lat="35.7603902556002140045166015625" lon="139.54195392318069934844970703125">
        <ele>51.59999847412109375</ele>
        <time>2026-09-07T22:22:44.000Z</time>
        <extensions>
          <ns3:TrackPointExtension>
            <ns3:hr>145</ns3:hr>
            <ns3:cad>86</ns3:cad>
          </ns3:TrackPointExtension>
        </extensions>
      </trkpt>
      <trkpt lat="35.76039570383727550506591796875" lon="139.54199097119271755218505859375">
        <ele>51.59999847412109375</ele>
        <time>2026-09-07T22:22:45.000Z</time>
        <extensions>
          <ns3:TrackPointExtension>
            <ns3:hr>145</ns3:hr>
            <ns3:cad>86</ns3:cad>
          </ns3:TrackPointExtension>
        </extensions>
      </trkpt>
      <trkpt lat="35.760397799313068389892578125" lon="139.5420143567025661468505859375">
        <ele>51.59999847412109375</ele>
        <time>2026-09-07T22:22:46.000Z</time>
        <extensions>
          <ns3:TrackPointExtension>
            <ns3:hr>145</ns3:hr>
            <ns3:cad>87</ns3:cad>
          </ns3:TrackPointExtension>
        </extensions>
      </trkpt>
      <trkpt lat="35.7603966258466243743896484375" lon="139.54204226844012737274169921875">
        <ele>51.59999847412109375</ele>
        <time>2026-09-07T22:22:47.000Z</time>
        <extensions>
          <ns3:TrackPointExtension>
            <ns3:hr>145</ns3:hr>
            <ns3:cad>87</ns3:cad>
          </ns3:TrackPointExtension>
        </extensions>
      </trkpt>
      <trkpt lat="35.76039805077016353607177734375" lon="139.54207353293895721435546875">
        <ele>51.40000152587890625</ele>
        <time>2026-09-07T22:22:48.000Z</time>
        <extensions>
          <ns3:TrackPointExtension>
            <ns3:hr>145</ns3:hr>
            <ns3:cad>88</ns3:cad>
          </ns3:TrackPointExtension>
        </extensions>
      </trkpt>
      <trkpt lat="35.76040190644562244415283203125" lon="139.5421042107045650482177734375">
        <ele>51.59999847412109375</ele>
        <time>2026-09-07T22:22:49.000Z</time>
        <extensions>
          <ns3:TrackPointExtension>
            <ns3:hr>145</ns3:hr>
            <ns3:cad>87</ns3:cad>
          </ns3:TrackPointExtension>
        </extensions>
      </trkpt>
      <trkpt lat="35.76040794141590595245361328125" lon="139.542136229574680328369140625">
        <ele>51.40000152587890625</ele>
        <time>2026-09-07T22:22:50.000Z</time>
        <extensions>
          <ns3:TrackPointExtension>
            <ns3:hr>145</ns3:hr>
            <ns3:cad>87</ns3:cad>
          </ns3:TrackPointExtension>
        </extensions>
      </trkpt>
      <trkpt lat="35.76041498221457004547119140625" lon="139.542162716388702392578125">
        <ele>51.40000152587890625</ele>
        <time>2026-09-07T22:22:51.000Z</time>
        <extensions>
          <ns3:TrackPointExtension>
            <ns3:hr>144</ns3:hr>
            <ns3:cad>87</ns3:cad>
          </ns3:TrackPointExtension>
        </extensions>
      </trkpt>
      <trkpt lat="35.76042152009904384613037109375" lon="139.54218727536499500274658203125">
        <ele>51.40000152587890625</ele>
        <time>2026-09-07T22:22:52.000Z</time>
        <extensions>
          <ns3:TrackPointExtension>
            <ns3:hr>144</ns3:hr>
            <ns3:cad>87</ns3:cad>
          </ns3:TrackPointExtension>
        </extensions>
      </trkpt>
      <trkpt lat="35.76043191365897655487060546875" lon="139.54221543855965137481689453125">
        <ele>51.40000152587890625</ele>
        <time>2026-09-07T22:22:53.000Z</time>
        <extensions>
          <ns3:TrackPointExtension>
            <ns3:hr>144</ns3:hr>
            <ns3:cad>87</ns3:cad>
          </ns3:TrackPointExtension>
        </extensions>
      </trkpt>
      <trkpt lat="35.760436691343784332275390625" lon="139.542243517935276031494140625">
        <ele>51.40000152587890625</ele>
        <time>2026-09-07T22:22:54.000Z</time>
        <extensions>
          <ns3:TrackPointExtension>
            <ns3:hr>144</ns3:hr>
            <ns3:cad>88</ns3:cad>
          </ns3:TrackPointExtension>
        </extensions>
      </trkpt>
      <trkpt lat="35.7604422233998775482177734375" lon="139.542277045547962188720703125">
        <ele>51.40000152587890625</ele>
        <time>2026-09-07T22:22:55.000Z</time>
        <extensions>
          <ns3:TrackPointExtension>
            <ns3:hr>144</ns3:hr>
            <ns3:cad>88</ns3:cad>
          </ns3:TrackPointExtension>
        </extensions>
      </trkpt>
      <trkpt lat="35.760448090732097625732421875" lon="139.54230730421841144561767578125">
        <ele>51.40000152587890625</ele>
        <time>2026-09-07T22:22:56.000Z</time>
        <extensions>
          <ns3:TrackPointExtension>
            <ns3:hr>144</ns3:hr>
            <ns3:cad>86</ns3:cad>
          </ns3:TrackPointExtension>
        </extensions>
      </trkpt>
      <trkpt lat="35.7604566402733325958251953125" lon="139.54233714379370212554931640625">
        <ele>51.40000152587890625</ele>
        <time>2026-09-07T22:22:57.000Z</time>
        <extensions>
          <ns3:TrackPointExtension>
            <ns3:hr>144</ns3:hr>
            <ns3:cad>86</ns3:cad>
          </ns3:TrackPointExtension>
        </extensions>
      </trkpt>
      <trkpt lat="35.760465525090694427490234375" lon="139.54236631281673908233642578125">
        <ele>51.40000152587890625</ele>
        <time>2026-09-07T22:22:58.000Z</time>
        <extensions>
          <ns3:TrackPointExtension>
            <ns3:hr>144</ns3:hr>
            <ns3:cad>86</ns3:cad>
          </ns3:TrackPointExtension>
        </extensions>
      </trkpt>
      <trkpt lat="35.760472230613231658935546875" lon="139.54239673912525177001953125">
        <ele>51.40000152587890625</ele>
        <time>2026-09-07T22:22:59.000Z</time>
        <extensions>
          <ns3:TrackPointExtension>
            <ns3:hr>144</ns3:hr>
            <ns3:cad>87</ns3:cad>
          </ns3:TrackPointExtension>
        </extensions>
      </trkpt>
      <trkpt lat="35.76047591865062713623046875" lon="139.54242666251957416534423828125">
        <ele>51.40000152587890625</ele>
        <time>2026-09-07T22:23:00.000Z</time>
        <extensions>
          <ns3:TrackPointExtension>
            <ns3:hr>144</ns3:hr>
            <ns3:cad>89</ns3:cad>
          </ns3:TrackPointExtension>
        </extensions>
      </trkpt>
      <trkpt lat="35.76048103161156177520751953125" lon="139.5424562506377696990966796875">
        <ele>51.40000152587890625</ele>
        <time>2026-09-07T22:23:01.000Z</time>
        <extensions>
          <ns3:TrackPointExtension>
            <ns3:hr>144</ns3:hr>
            <ns3:cad>89</ns3:cad>
          </ns3:TrackPointExtension>
        </extensions>
      </trkpt>
      <trkpt lat="35.7604873180389404296875" lon="139.54248433001339435577392578125">
        <ele>51.40000152587890625</ele>
        <time>2026-09-07T22:23:02.000Z</time>
        <extensions>
          <ns3:TrackPointExtension>
            <ns3:hr>144</ns3:hr>
            <ns3:cad>88</ns3:cad>
          </ns3:TrackPointExtension>
        </extensions>
      </trkpt>
      <trkpt lat="35.7604941911995410919189453125" lon="139.54251484014093875885009765625">
        <ele>51.40000152587890625</ele>
        <time>2026-09-07T22:23:03.000Z</time>
        <extensions>
          <ns3:TrackPointExtension>
            <ns3:hr>144</ns3:hr>
            <ns3:cad>88</ns3:cad>
          </ns3:TrackPointExtension>
        </extensions>
      </trkpt>
      <trkpt lat="35.760501734912395477294921875" lon="139.54254417680203914642333984375">
        <ele>51.40000152587890625</ele>
        <time>2026-09-07T22:23:04.000Z</time>
        <extensions>
          <ns3:TrackPointExtension>
            <ns3:hr>144</ns3:hr>
            <ns3:cad>88</ns3:cad>
          </ns3:TrackPointExtension>
        </extensions>
      </trkpt>
      <trkpt lat="35.76050617732107639312744140625" lon="139.54257401637732982635498046875">
        <ele>51.40000152587890625</ele>
        <time>2026-09-07T22:23:05.000Z</time>
        <extensions>
          <ns3:TrackPointExtension>
            <ns3:hr>144</ns3:hr>
            <ns3:cad>88</ns3:cad>
          </ns3:TrackPointExtension>
        </extensions>
      </trkpt>
      <trkpt lat="35.76051414012908935546875" lon="139.5426007546484470367431640625">
        <ele>51.59999847412109375</ele>
        <time>2026-09-07T22:23:06.000Z</time>
        <extensions>
          <ns3:TrackPointExtension>
            <ns3:hr>144</ns3:hr>
            <ns3:cad>87</ns3:cad>
          </ns3:TrackPointExtension>
        </extensions>
      </trkpt>
      <trkpt lat="35.76052092947065830230712890625" lon="139.54262816347181797027587890625">
        <ele>51.59999847412109375</ele>
        <time>2026-09-07T22:23:07.000Z</time>
        <extensions>
          <ns3:TrackPointExtension>
            <ns3:hr>144</ns3:hr>
            <ns3:cad>87</ns3:cad>
          </ns3:TrackPointExtension>
        </extensions>
      </trkpt>
      <trkpt lat="35.76052595861256122589111328125" lon="139.54265666194260120391845703125">
        <ele>51.59999847412109375</ele>
        <time>2026-09-07T22:23:08.000Z</time>
        <extensions>
          <ns3:TrackPointExtension>
            <ns3:hr>144</ns3:hr>
            <ns3:cad>87</ns3:cad>
          </ns3:TrackPointExtension>
        </extensions>
      </trkpt>
      <trkpt lat="35.7605300657451152801513671875" lon="139.54268683679401874542236328125">
        <ele>51.59999847412109375</ele>
        <time>2026-09-07T22:23:09.000Z</time>
        <extensions>
          <ns3:TrackPointExtension>
            <ns3:hr>144</ns3:hr>
            <ns3:cad>87</ns3:cad>
          </ns3:TrackPointExtension>
        </extensions>
      </trkpt>
      <trkpt lat="35.7605357654392719268798828125" lon="139.54271248541772365570068359375">
        <ele>51.59999847412109375</ele>
        <time>2026-09-07T22:23:10.000Z</time>
        <extensions>
          <ns3:TrackPointExtension>
            <ns3:hr>144</ns3:hr>
            <ns3:cad>87</ns3:cad>
          </ns3:TrackPointExtension>
        </extensions>
      </trkpt>
      <trkpt lat="35.76054020784795284271240234375" lon="139.542738385498523712158203125">
        <ele>51.40000152587890625</ele>
        <time>2026-09-07T22:23:11.000Z</time>
        <extensions>
          <ns3:TrackPointExtension>
            <ns3:hr>145</ns3:hr>
            <ns3:cad>88</ns3:cad>
          </ns3:TrackPointExtension>
        </extensions>
      </trkpt>
      <trkpt lat="35.76054842211306095123291015625" lon="139.5427648723125457763671875">
        <ele>51.40000152587890625</ele>
        <time>2026-09-07T22:23:12.000Z</time>
        <extensions>
          <ns3:TrackPointExtension>
            <ns3:hr>145</ns3:hr>
            <ns3:cad>88</ns3:cad>
          </ns3:TrackPointExtension>
        </extensions>
      </trkpt>
      <trkpt lat="35.7605572231113910675048828125" lon="139.54278909601271152496337890625">
        <ele>51.40000152587890625</ele>
        <time>2026-09-07T22:23:13.000Z</time>
        <extensions>
          <ns3:TrackPointExtension>
            <ns3:hr>145</ns3:hr>
            <ns3:cad>88</ns3:cad>
          </ns3:TrackPointExtension>
        </extensions>
      </trkpt>
      <trkpt lat="35.760563425719738006591796875" lon="139.54281784594058990478515625">
        <ele>51.40000152587890625</ele>
        <time>2026-09-07T22:23:14.000Z</time>
        <extensions>
          <ns3:TrackPointExtension>
            <ns3:hr>145</ns3:hr>
            <ns3:cad>87</ns3:cad>
          </ns3:TrackPointExtension>
        </extensions>
      </trkpt>
      <trkpt lat="35.7605679519474506378173828125" lon="139.54284458421170711517333984375">
        <ele>51.40000152587890625</ele>
        <time>2026-09-07T22:23:15.000Z</time>
        <extensions>
          <ns3:TrackPointExtension>
            <ns3:hr>144</ns3:hr>
            <ns3:cad>86</ns3:cad>
          </ns3:TrackPointExtension>
        </extensions>
      </trkpt>
      <trkpt lat="35.7605746574699878692626953125" lon="139.5428726635873317718505859375">
        <ele>51.40000152587890625</ele>
        <time>2026-09-07T22:23:16.000Z</time>
        <extensions>
          <ns3:TrackPointExtension>
            <ns3:hr>144</ns3:hr>
            <ns3:cad>86</ns3:cad>
          </ns3:TrackPointExtension>
        </extensions>
      </trkpt>
      <trkpt lat="35.76057859696447849273681640625" lon="139.5429021678864955902099609375">
        <ele>51.40000152587890625</ele>
        <time>2026-09-07T22:23:17.000Z</time>
        <extensions>
          <ns3:TrackPointExtension>
            <ns3:hr>144</ns3:hr>
            <ns3:cad>86</ns3:cad>
          </ns3:TrackPointExtension>
        </extensions>
      </trkpt>
      <trkpt lat="35.7605837099254131317138671875" lon="139.54293075017631053924560546875">
        <ele>51.40000152587890625</ele>
        <time>2026-09-07T22:23:18.000Z</time>
        <extensions>
          <ns3:TrackPointExtension>
            <ns3:hr>144</ns3:hr>
            <ns3:cad>86</ns3:cad>
          </ns3:TrackPointExtension>
        </extensions>
      </trkpt>
      <trkpt lat="35.76058966107666492462158203125" lon="139.542958326637744903564453125">
        <ele>51.40000152587890625</ele>
        <time>2026-09-07T22:23:19.000Z</time>
        <extensions>
          <ns3:TrackPointExtension>
            <ns3:hr>144</ns3:hr>
            <ns3:cad>84</ns3:cad>
          </ns3:TrackPointExtension>
        </extensions>
      </trkpt>
      <trkpt lat="35.7605947740375995635986328125" lon="139.542983137071132659912109375">
        <ele>51.40000152587890625</ele>
        <time>2026-09-07T22:23:21.000Z</time>
        <extensions>
          <ns3:TrackPointExtension>
            <ns3:hr>144</ns3:hr>
            <ns3:cad>84</ns3:cad>
          </ns3:TrackPointExtension>
        </extensions>
      </trkpt>
      <trkpt lat="35.760602653026580810546875" lon="139.5430235378444194793701171875">
        <ele>51.40000152587890625</ele>
        <time>2026-09-07T22:23:22.000Z</time>
        <extensions>
          <ns3:TrackPointExtension>
            <ns3:hr>144</ns3:hr>
            <ns3:cad>84</ns3:cad>
          </ns3:TrackPointExtension>
        </extensions>
      </trkpt>
      <trkpt lat="35.76060877181589603424072265625" lon="139.54304927028715610504150390625">
        <ele>51.40000152587890625</ele>
        <time>2026-09-07T22:23:23.000Z</time>
        <extensions>
          <ns3:TrackPointExtension>
            <ns3:hr>143</ns3:hr>
            <ns3:cad>85</ns3:cad>
          </ns3:TrackPointExtension>
        </extensions>
      </trkpt>
      <trkpt lat="35.76061480678617954254150390625" lon="139.5430721528828144073486328125">
        <ele>51.200000762939453125</ele>
        <time>2026-09-07T22:23:24.000Z</time>
        <extensions>
          <ns3:TrackPointExtension>
            <ns3:hr>143</ns3:hr>
            <ns3:cad>86</ns3:cad>
          </ns3:TrackPointExtension>
        </extensions>
      </trkpt>
      <trkpt lat="35.7606209255754947662353515625" lon="139.5430983044207096099853515625">
        <ele>51.200000762939453125</ele>
        <time>2026-09-07T22:23:25.000Z</time>
        <extensions>
          <ns3:TrackPointExtension>
            <ns3:hr>143</ns3:hr>
            <ns3:cad>86</ns3:cad>
          </ns3:TrackPointExtension>
        </extensions>
      </trkpt>
      <trkpt lat="35.76062821783125400543212890625" lon="139.5431234501302242279052734375">
        <ele>51.200000762939453125</ele>
        <time>2026-09-07T22:23:26.000Z</time>
        <extensions>
          <ns3:TrackPointExtension>
            <ns3:hr>143</ns3:hr>
            <ns3:cad>85</ns3:cad>
          </ns3:TrackPointExtension>
        </extensions>
      </trkpt>
      <trkpt lat="35.76063492335379123687744140625" lon="139.54314515925943851470947265625">
        <ele>51.200000762939453125</ele>
        <time>2026-09-07T22:23:27.000Z</time>
        <extensions>
          <ns3:TrackPointExtension>
            <ns3:hr>143</ns3:hr>
            <ns3:cad>84</ns3:cad>
          </ns3:TrackPointExtension>
        </extensions>
      </trkpt>
      <trkpt lat="35.76064221560955047607421875" lon="139.54317784868180751800537109375">
        <ele>51.200000762939453125</ele>
        <time>2026-09-07T22:23:28.000Z</time>
        <extensions>
          <ns3:TrackPointExtension>
            <ns3:hr>143</ns3:hr>
            <ns3:cad>84</ns3:cad>
          </ns3:TrackPointExtension>
        </extensions>
      </trkpt>
      <trkpt lat="35.7606469094753265380859375" lon="139.54320651479065418243408203125">
        <ele>51.200000762939453125</ele>
        <time>2026-09-07T22:23:29.000Z</time>
        <extensions>
          <ns3:TrackPointExtension>
            <ns3:hr>143</ns3:hr>
            <ns3:cad>84</ns3:cad>
          </ns3:TrackPointExtension>
        </extensions>
      </trkpt>
      <trkpt lat="35.7606531120836734771728515625" lon="139.54323467798531055450439453125">
        <ele>51</ele>
        <time>2026-09-07T22:23:30.000Z</time>
        <extensions>
          <ns3:TrackPointExtension>
            <ns3:hr>143</ns3:hr>
            <ns3:cad>85</ns3:cad>
          </ns3:TrackPointExtension>
        </extensions>
      </trkpt>
      <trkpt lat="35.7606621645390987396240234375" lon="139.5432615838944911956787109375">
        <ele>51</ele>
        <time>2026-09-07T22:23:31.000Z</time>
        <extensions>
          <ns3:TrackPointExtension>
            <ns3:hr>143</ns3:hr>
            <ns3:cad>85</ns3:cad>
          </ns3:TrackPointExtension>
        </extensions>
      </trkpt>
      <trkpt lat="35.760670043528079986572265625" lon="139.54329150728881359100341796875">
        <ele>51</ele>
        <time>2026-09-07T22:23:32.000Z</time>
        <extensions>
          <ns3:TrackPointExtension>
            <ns3:hr>142</ns3:hr>
            <ns3:cad>86</ns3:cad>
          </ns3:TrackPointExtension>
        </extensions>
      </trkpt>
      <trkpt lat="35.76067834161221981048583984375" lon="139.54331799410283565521240234375">
        <ele>51</ele>
        <time>2026-09-07T22:23:33.000Z</time>
        <extensions>
          <ns3:TrackPointExtension>
            <ns3:hr>142</ns3:hr>
            <ns3:cad>86</ns3:cad>
          </ns3:TrackPointExtension>
        </extensions>
      </trkpt>
      <trkpt lat="35.760686136782169342041015625" lon="139.54334632493555545806884765625">
        <ele>51</ele>
        <time>2026-09-07T22:23:34.000Z</time>
        <extensions>
          <ns3:TrackPointExtension>
            <ns3:hr>141</ns3:hr>
            <ns3:cad>86</ns3:cad>
          </ns3:TrackPointExtension>
        </extensions>
      </trkpt>
      <trkpt lat="35.76069309376180171966552734375" lon="139.54337314702570438385009765625">
        <ele>51</ele>
        <time>2026-09-07T22:23:35.000Z</time>
        <extensions>
          <ns3:TrackPointExtension>
            <ns3:hr>141</ns3:hr>
            <ns3:cad>85</ns3:cad>
          </ns3:TrackPointExtension>
        </extensions>
      </trkpt>
      <trkpt lat="35.76070281676948070526123046875" lon="139.5434000529348850250244140625">
        <ele>51</ele>
        <time>2026-09-07T22:23:36.000Z</time>
        <extensions>
          <ns3:TrackPointExtension>
            <ns3:hr>140</ns3:hr>
            <ns3:cad>84</ns3:cad>
          </ns3:TrackPointExtension>
        </extensions>
      </trkpt>
      <trkpt lat="35.76071388088166713714599609375" lon="139.54343316145241260528564453125">
        <ele>50.799999237060546875</ele>
        <time>2026-09-07T22:23:37.000Z</time>
        <extensions>
          <ns3:TrackPointExtension>
            <ns3:hr>140</ns3:hr>
            <ns3:cad>84</ns3:cad>
          </ns3:TrackPointExtension>
        </extensions>
      </trkpt>
      <trkpt lat="35.7607288844883441925048828125" lon="139.5434610731899738311767578125">
        <ele>51</ele>
        <time>2026-09-07T22:23:38.000Z</time>
        <extensions>
          <ns3:TrackPointExtension>
            <ns3:hr>139</ns3:hr>
            <ns3:cad>84</ns3:cad>
          </ns3:TrackPointExtension>
        </extensions>
      </trkpt>
      <trkpt lat="35.76074640266597270965576171875" lon="139.54348915256559848785400390625">
        <ele>51</ele>
        <time>2026-09-07T22:23:39.000Z</time>
        <extensions>
          <ns3:TrackPointExtension>
            <ns3:hr>139</ns3:hr>
            <ns3:cad>84</ns3:cad>
          </ns3:TrackPointExtension>
        </extensions>
      </trkpt>
      <trkpt lat="35.7607610709965229034423828125" lon="139.5435173995792865753173828125">
        <ele>51</ele>
        <time>2026-09-07T22:23:40.000Z</time>
        <extensions>
          <ns3:TrackPointExtension>
            <ns3:hr>138</ns3:hr>
            <ns3:cad>84</ns3:cad>
          </ns3:TrackPointExtension>
        </extensions>
      </trkpt>
      <trkpt lat="35.760774314403533935546875" lon="139.5435480773448944091796875">
        <ele>51</ele>
        <time>2026-09-07T22:23:41.000Z</time>
        <extensions>
          <ns3:TrackPointExtension>
            <ns3:hr>138</ns3:hr>
            <ns3:cad>86</ns3:cad>
          </ns3:TrackPointExtension>
        </extensions>
      </trkpt>
      <trkpt lat="35.76078630052506923675537109375" lon="139.54357364214956760406494140625">
        <ele>51</ele>
        <time>2026-09-07T22:23:42.000Z</time>
        <extensions>
          <ns3:TrackPointExtension>
            <ns3:hr>137</ns3:hr>
            <ns3:cad>86</ns3:cad>
          </ns3:TrackPointExtension>
        </extensions>
      </trkpt>
      <trkpt lat="35.760794766247272491455078125" lon="139.54359761439263820648193359375">
        <ele>51</ele>
        <time>2026-09-07T22:23:43.000Z</time>
        <extensions>
          <ns3:TrackPointExtension>
            <ns3:hr>137</ns3:hr>
            <ns3:cad>86</ns3:cad>
          </ns3:TrackPointExtension>
        </extensions>
      </trkpt>
      <trkpt lat="35.7608023099601268768310546875" lon="139.54361454583704471588134765625">
        <ele>51</ele>
        <time>2026-09-07T22:23:44.000Z</time>
        <extensions>
          <ns3:TrackPointExtension>
            <ns3:hr>137</ns3:hr>
            <ns3:cad>86</ns3:cad>
          </ns3:TrackPointExtension>
        </extensions>
      </trkpt>
      <trkpt lat="35.76081412844359874725341796875" lon="139.54364254139363765716552734375">
        <ele>51.200000762939453125</ele>
        <time>2026-09-07T22:23:45.000Z</time>
        <extensions>
          <ns3:TrackPointExtension>
            <ns3:hr>137</ns3:hr>
            <ns3:cad>86</ns3:cad>
          </ns3:TrackPointExtension>
        </extensions>
      </trkpt>
      <trkpt lat="35.76082049869000911712646484375" lon="139.54366232268512248992919921875">
        <ele>51.40000152587890625</ele>
        <time>2026-09-07T22:23:46.000Z</time>
        <extensions>
          <ns3:TrackPointExtension>
            <ns3:hr>138</ns3:hr>
            <ns3:cad>84</ns3:cad>
          </ns3:TrackPointExtension>
        </extensions>
      </trkpt>
      <trkpt lat="35.76082183979451656341552734375" lon="139.5436867140233516693115234375">
        <ele>51.59999847412109375</ele>
        <time>2026-09-07T22:23:47.000Z</time>
        <extensions>
          <ns3:TrackPointExtension>
            <ns3:hr>138</ns3:hr>
            <ns3:cad>83</ns3:cad>
          </ns3:TrackPointExtension>
        </extensions>
      </trkpt>
      <trkpt lat="35.7608083449304103851318359375" lon="139.54370699822902679443359375">
        <ele>51.799999237060546875</ele>
        <time>2026-09-07T22:23:48.000Z</time>
        <extensions>
          <ns3:TrackPointExtension>
            <ns3:hr>138</ns3:hr>
            <ns3:cad>82</ns3:cad>
          </ns3:TrackPointExtension>
        </extensions>
      </trkpt>
      <trkpt lat="35.76078705489635467529296875" lon="139.543724767863750457763671875">
        <ele>52</ele>
        <time>2026-09-07T22:23:49.000Z</time>
        <extensions>
          <ns3:TrackPointExtension>
            <ns3:hr>138</ns3:hr>
            <ns3:cad>82</ns3:cad>
          </ns3:TrackPointExtension>
        </extensions>
      </trkpt>
      <trkpt lat="35.7607622444629669189453125" lon="139.54374262131750583648681640625">
        <ele>52</ele>
        <time>2026-09-07T22:23:50.000Z</time>
        <extensions>
          <ns3:TrackPointExtension>
            <ns3:hr>138</ns3:hr>
            <ns3:cad>83</ns3:cad>
          </ns3:TrackPointExtension>
        </extensions>
      </trkpt>
      <trkpt lat="35.76074254699051380157470703125" lon="139.54375930130481719970703125">
        <ele>52</ele>
        <time>2026-09-07T22:23:51.000Z</time>
        <extensions>
          <ns3:TrackPointExtension>
            <ns3:hr>139</ns3:hr>
            <ns3:cad>83</ns3:cad>
          </ns3:TrackPointExtension>
        </extensions>
      </trkpt>
      <trkpt lat="35.76071731746196746826171875" lon="139.54377899877727031707763671875">
        <ele>52</ele>
        <time>2026-09-07T22:23:52.000Z</time>
        <extensions>
          <ns3:TrackPointExtension>
            <ns3:hr>139</ns3:hr>
            <ns3:cad>83</ns3:cad>
          </ns3:TrackPointExtension>
        </extensions>
      </trkpt>
      <trkpt lat="35.7606983743607997894287109375" lon="139.5437906496226787567138671875">
        <ele>52</ele>
        <time>2026-09-07T22:23:53.000Z</time>
        <extensions>
          <ns3:TrackPointExtension>
            <ns3:hr>139</ns3:hr>
            <ns3:cad>83</ns3:cad>
          </ns3:TrackPointExtension>
        </extensions>
      </trkpt>
      <trkpt lat="35.76067498885095119476318359375" lon="139.54379953444004058837890625">
        <ele>52</ele>
        <time>2026-09-07T22:23:54.000Z</time>
        <extensions>
          <ns3:TrackPointExtension>
            <ns3:hr>139</ns3:hr>
            <ns3:cad>83</ns3:cad>
          </ns3:TrackPointExtension>
        </extensions>
      </trkpt>
      <trkpt lat="35.7606574706733226776123046875" lon="139.54378922469913959503173828125">
        <ele>52</ele>
        <time>2026-09-07T22:23:55.000Z</time>
        <extensions>
          <ns3:TrackPointExtension>
            <ns3:hr>139</ns3:hr>
            <ns3:cad>84</ns3:cad>
          </ns3:TrackPointExtension>
        </extensions>
      </trkpt>
      <trkpt lat="35.7606423832476139068603515625" lon="139.5437718741595745086669921875">
        <ele>52</ele>
        <time>2026-09-07T22:23:56.000Z</time>
        <extensions>
          <ns3:TrackPointExtension>
            <ns3:hr>139</ns3:hr>
            <ns3:cad>84</ns3:cad>
          </ns3:TrackPointExtension>
        </extensions>
      </trkpt>
      <trkpt lat="35.760629810392856597900390625" lon="139.54374966211616992950439453125">
        <ele>52</ele>
        <time>2026-09-07T22:23:57.000Z</time>
        <extensions>
          <ns3:TrackPointExtension>
            <ns3:hr>139</ns3:hr>
            <ns3:cad>84</ns3:cad>
          </ns3:TrackPointExtension>
        </extensions>
      </trkpt>
      <trkpt lat="35.760619081556797027587890625" lon="139.54372753389179706573486328125">
        <ele>52</ele>
        <time>2026-09-07T22:23:58.000Z</time>
        <extensions>
          <ns3:TrackPointExtension>
            <ns3:hr>139</ns3:hr>
            <ns3:cad>83</ns3:cad>
          </ns3:TrackPointExtension>
        </extensions>
      </trkpt>
      <trkpt lat="35.76060843653976917266845703125" lon="139.54370322637259960174560546875">
        <ele>52</ele>
        <time>2026-09-07T22:23:59.000Z</time>
        <extensions>
          <ns3:TrackPointExtension>
            <ns3:hr>139</ns3:hr>
            <ns3:cad>82</ns3:cad>
          </ns3:TrackPointExtension>
        </extensions>
      </trkpt>
      <trkpt lat="35.7605934329330921173095703125" lon="139.543675482273101806640625">
        <ele>52</ele>
        <time>2026-09-07T22:24:00.000Z</time>
        <extensions>
          <ns3:TrackPointExtension>
            <ns3:hr>140</ns3:hr>
            <ns3:cad>82</ns3:cad>
          </ns3:TrackPointExtension>
        </extensions>
      </trkpt>
      <trkpt lat="35.76058664359152317047119140625" lon="139.54364262521266937255859375">
        <ele>52</ele>
        <time>2026-09-07T22:24:01.000Z</time>
        <extensions>
          <ns3:TrackPointExtension>
            <ns3:hr>140</ns3:hr>
            <ns3:cad>83</ns3:cad>
          </ns3:TrackPointExtension>
        </extensions>
      </trkpt>
      <trkpt lat="35.76057457365095615386962890625" lon="139.5436196587979793548583984375">
        <ele>52</ele>
        <time>2026-09-07T22:24:02.000Z</time>
        <extensions>
          <ns3:TrackPointExtension>
            <ns3:hr>140</ns3:hr>
            <ns3:cad>84</ns3:cad>
          </ns3:TrackPointExtension>
        </extensions>
      </trkpt>
      <trkpt lat="35.760545991361141204833984375" lon="139.54360750503838062286376953125">
        <ele>51.799999237060546875</ele>
        <time>2026-09-07T22:24:03.000Z</time>
        <extensions>
          <ns3:TrackPointExtension>
            <ns3:hr>140</ns3:hr>
            <ns3:cad>84</ns3:cad>
          </ns3:TrackPointExtension>
        </extensions>
      </trkpt>
      <trkpt lat="35.76053115539252758026123046875" lon="139.54358738847076892852783203125">
        <ele>51.799999237060546875</ele>
        <time>2026-09-07T22:24:04.000Z</time>
        <extensions>
          <ns3:TrackPointExtension>
            <ns3:hr>140</ns3:hr>
            <ns3:cad>84</ns3:cad>
          </ns3:TrackPointExtension>
        </extensions>
      </trkpt>
      <trkpt lat="35.7605079375207424163818359375" lon="139.54357280395925045013427734375">
        <ele>51.799999237060546875</ele>
        <time>2026-09-07T22:24:05.000Z</time>
        <extensions>
          <ns3:TrackPointExtension>
            <ns3:hr>140</ns3:hr>
            <ns3:cad>84</ns3:cad>
          </ns3:TrackPointExtension>
        </extensions>
      </trkpt>
      <trkpt lat="35.76048555783927440643310546875" lon="139.54355386085808277130126953125">
        <ele>51.59999847412109375</ele>
        <time>2026-09-07T22:24:06.000Z</time>
        <extensions>
          <ns3:TrackPointExtension>
            <ns3:hr>140</ns3:hr>
            <ns3:cad>84</ns3:cad>
          </ns3:TrackPointExtension>
        </extensions>
      </trkpt>
      <trkpt lat="35.76046292670071125030517578125" lon="139.54352620057761669158935546875">
        <ele>51.59999847412109375</ele>
        <time>2026-09-07T22:24:07.000Z</time>
        <extensions>
          <ns3:TrackPointExtension>
            <ns3:hr>140</ns3:hr>
            <ns3:cad>85</ns3:cad>
          </ns3:TrackPointExtension>
        </extensions>
      </trkpt>
      <trkpt lat="35.76045638881623744964599609375" lon="139.5434942655265331268310546875">
        <ele>51.40000152587890625</ele>
        <time>2026-09-07T22:24:08.000Z</time>
        <extensions>
          <ns3:TrackPointExtension>
            <ns3:hr>140</ns3:hr>
            <ns3:cad>85</ns3:cad>
          </ns3:TrackPointExtension>
        </extensions>
      </trkpt>
      <trkpt lat="35.76045203022658824920654296875" lon="139.5434657670557498931884765625">
        <ele>51.40000152587890625</ele>
        <time>2026-09-07T22:24:09.000Z</time>
        <extensions>
          <ns3:TrackPointExtension>
            <ns3:hr>140</ns3:hr>
            <ns3:cad>86</ns3:cad>
          </ns3:TrackPointExtension>
        </extensions>
      </trkpt>
      <trkpt lat="35.76045253314077854156494140625" lon="139.543438442051410675048828125">
        <ele>51.200000762939453125</ele>
        <time>2026-09-07T22:24:10.000Z</time>
        <extensions>
          <ns3:TrackPointExtension>
            <ns3:hr>140</ns3:hr>
            <ns3:cad>86</ns3:cad>
          </ns3:TrackPointExtension>
        </extensions>
      </trkpt>
      <trkpt lat="35.76044641435146331787109375" lon="139.543409608304500579833984375">
        <ele>51.200000762939453125</ele>
        <time>2026-09-07T22:24:11.000Z</time>
        <extensions>
          <ns3:TrackPointExtension>
            <ns3:hr>140</ns3:hr>
            <ns3:cad>86</ns3:cad>
          </ns3:TrackPointExtension>
        </extensions>
      </trkpt>
      <trkpt lat="35.76044373214244842529296875" lon="139.543383121490478515625">
        <ele>51.200000762939453125</ele>
        <time>2026-09-07T22:24:12.000Z</time>
        <extensions>
          <ns3:TrackPointExtension>
            <ns3:hr>140</ns3:hr>
            <ns3:cad>86</ns3:cad>
          </ns3:TrackPointExtension>
        </extensions>
      </trkpt>
      <trkpt lat="35.7604398764669895172119140625" lon="139.54335160553455352783203125">
        <ele>51</ele>
        <time>2026-09-07T22:24:13.000Z</time>
        <extensions>
          <ns3:TrackPointExtension>
            <ns3:hr>140</ns3:hr>
            <ns3:cad>87</ns3:cad>
          </ns3:TrackPointExtension>
        </extensions>
      </trkpt>
      <trkpt lat="35.7604392059147357940673828125" lon="139.5433189161121845245361328125">
        <ele>51</ele>
        <time>2026-09-07T22:24:14.000Z</time>
        <extensions>
          <ns3:TrackPointExtension>
            <ns3:hr>140</ns3:hr>
            <ns3:cad>86</ns3:cad>
          </ns3:TrackPointExtension>
        </extensions>
      </trkpt>
      <trkpt lat="35.76044079847633838653564453125" lon="139.54328614287078380584716796875">
        <ele>51</ele>
        <time>2026-09-07T22:24:15.000Z</time>
        <extensions>
          <ns3:TrackPointExtension>
            <ns3:hr>140</ns3:hr>
            <ns3:cad>85</ns3:cad>
          </ns3:TrackPointExtension>
        </extensions>
      </trkpt>
      <trkpt lat="35.7604403793811798095703125" lon="139.5432538725435733795166015625">
        <ele>51</ele>
        <time>2026-09-07T22:24:16.000Z</time>
        <extensions>
          <ns3:TrackPointExtension>
            <ns3:hr>140</ns3:hr>
            <ns3:cad>85</ns3:cad>
          </ns3:TrackPointExtension>
        </extensions>
      </trkpt>
      <trkpt lat="35.760441720485687255859375" lon="139.54322344623506069183349609375">
        <ele>51</ele>
        <time>2026-09-07T22:24:17.000Z</time>
        <extensions>
          <ns3:TrackPointExtension>
            <ns3:hr>140</ns3:hr>
            <ns3:cad>85</ns3:cad>
          </ns3:TrackPointExtension>
        </extensions>
      </trkpt>
      <trkpt lat="35.76044079847633838653564453125" lon="139.543194361031055450439453125">
        <ele>51</ele>
        <time>2026-09-07T22:24:18.000Z</time>
        <extensions>
          <ns3:TrackPointExtension>
            <ns3:hr>140</ns3:hr>
            <ns3:cad>86</ns3:cad>
          </ns3:TrackPointExtension>
        </extensions>
      </trkpt>
      <trkpt lat="35.76043660752475261688232421875" lon="139.5431630127131938934326171875">
        <ele>50.799999237060546875</ele>
        <time>2026-09-07T22:24:19.000Z</time>
        <extensions>
          <ns3:TrackPointExtension>
            <ns3:hr>140</ns3:hr>
            <ns3:cad>86</ns3:cad>
          </ns3:TrackPointExtension>
        </extensions>
      </trkpt>
      <trkpt lat="35.7604331709444522857666015625" lon="139.54314080066978931427001953125">
        <ele>50.799999237060546875</ele>
        <time>2026-09-07T22:24:20.000Z</time>
        <extensions>
          <ns3:TrackPointExtension>
            <ns3:hr>140</ns3:hr>
            <ns3:cad>86</ns3:cad>
          </ns3:TrackPointExtension>
        </extensions>
      </trkpt>
      <trkpt lat="35.7604278065264225006103515625" lon="139.5431135594844818115234375">
        <ele>50.799999237060546875</ele>
        <time>2026-09-07T22:24:21.000Z</time>
        <extensions>
          <ns3:TrackPointExtension>
            <ns3:hr>140</ns3:hr>
            <ns3:cad>86</ns3:cad>
          </ns3:TrackPointExtension>
        </extensions>
      </trkpt>
      <trkpt lat="35.76042185537517070770263671875" lon="139.54308430664241313934326171875">
        <ele>50.799999237060546875</ele>
        <time>2026-09-07T22:24:22.000Z</time>
        <extensions>
          <ns3:TrackPointExtension>
            <ns3:hr>140</ns3:hr>
            <ns3:cad>86</ns3:cad>
          </ns3:TrackPointExtension>
        </extensions>
      </trkpt>
      <trkpt lat="35.7604147307574748992919921875" lon="139.5430553890764713287353515625">
        <ele>50.799999237060546875</ele>
        <time>2026-09-07T22:24:23.000Z</time>
        <extensions>
          <ns3:TrackPointExtension>
            <ns3:hr>140</ns3:hr>
            <ns3:cad>86</ns3:cad>
          </ns3:TrackPointExtension>
        </extensions>
      </trkpt>
      <trkpt lat="35.76040861196815967559814453125" lon="139.54303334467113018035888671875">
        <ele>50.799999237060546875</ele>
        <time>2026-09-07T22:24:24.000Z</time>
        <extensions>
          <ns3:TrackPointExtension>
            <ns3:hr>140</ns3:hr>
            <ns3:cad>86</ns3:cad>
          </ns3:TrackPointExtension>
        </extensions>
      </trkpt>
      <trkpt lat="35.760404504835605621337890625" lon="139.54299864359200000762939453125">
        <ele>50.799999237060546875</ele>
        <time>2026-09-07T22:24:25.000Z</time>
        <extensions>
          <ns3:TrackPointExtension>
            <ns3:hr>140</ns3:hr>
            <ns3:cad>86</ns3:cad>
          </ns3:TrackPointExtension>
        </extensions>
      </trkpt>
      <trkpt lat="35.76040023006498813629150390625" lon="139.542971737682819366455078125">
        <ele>50.799999237060546875</ele>
        <time>2026-09-07T22:24:26.000Z</time>
        <extensions>
          <ns3:TrackPointExtension>
            <ns3:hr>140</ns3:hr>
            <ns3:cad>86</ns3:cad>
          </ns3:TrackPointExtension>
        </extensions>
      </trkpt>
      <trkpt lat="35.7603939436376094818115234375" lon="139.54294835217297077178955078125">
        <ele>50.799999237060546875</ele>
        <time>2026-09-07T22:24:27.000Z</time>
        <extensions>
          <ns3:TrackPointExtension>
            <ns3:hr>140</ns3:hr>
            <ns3:cad>86</ns3:cad>
          </ns3:TrackPointExtension>
        </extensions>
      </trkpt>
      <trkpt lat="35.7603875733911991119384765625" lon="139.542917422950267791748046875">
        <ele>50.799999237060546875</ele>
        <time>2026-09-07T22:24:28.000Z</time>
        <extensions>
          <ns3:TrackPointExtension>
            <ns3:hr>140</ns3:hr>
            <ns3:cad>86</ns3:cad>
          </ns3:TrackPointExtension>
        </extensions>
      </trkpt>
      <trkpt lat="35.7603801973164081573486328125" lon="139.5428884215652942657470703125">
        <ele>50.799999237060546875</ele>
        <time>2026-09-07T22:24:29.000Z</time>
        <extensions>
          <ns3:TrackPointExtension>
            <ns3:hr>140</ns3:hr>
            <ns3:cad>86</ns3:cad>
          </ns3:TrackPointExtension>
        </extensions>
      </trkpt>
      <trkpt lat="35.76037256978452205657958984375" lon="139.5428498648107051849365234375">
        <ele>50.799999237060546875</ele>
        <time>2026-09-07T22:24:30.000Z</time>
        <extensions>
          <ns3:TrackPointExtension>
            <ns3:hr>140</ns3:hr>
            <ns3:cad>87</ns3:cad>
          </ns3:TrackPointExtension>
        </extensions>
      </trkpt>
      <trkpt lat="35.76036167331039905548095703125" lon="139.54281373880803585052490234375">
        <ele>50.799999237060546875</ele>
        <time>2026-09-07T22:24:31.000Z</time>
        <extensions>
          <ns3:TrackPointExtension>
            <ns3:hr>140</ns3:hr>
            <ns3:cad>87</ns3:cad>
          </ns3:TrackPointExtension>
        </extensions>
      </trkpt>
      <trkpt lat="35.76035387814044952392578125" lon="139.54278255812823772430419921875">
        <ele>50.799999237060546875</ele>
        <time>2026-09-07T22:24:32.000Z</time>
        <extensions>
          <ns3:TrackPointExtension>
            <ns3:hr>140</ns3:hr>
            <ns3:cad>87</ns3:cad>
          </ns3:TrackPointExtension>
        </extensions>
      </trkpt>
      <trkpt lat="35.76034524478018283843994140625" lon="139.54275070689618587493896484375">
        <ele>50.799999237060546875</ele>
        <time>2026-09-07T22:24:33.000Z</time>
        <extensions>
          <ns3:TrackPointExtension>
            <ns3:hr>140</ns3:hr>
            <ns3:cad>86</ns3:cad>
          </ns3:TrackPointExtension>
        </extensions>
      </trkpt>
      <trkpt lat="35.7603379525244235992431640625" lon="139.54271801747381687164306640625">
        <ele>50.799999237060546875</ele>
        <time>2026-09-07T22:24:34.000Z</time>
        <extensions>
          <ns3:TrackPointExtension>
            <ns3:hr>140</ns3:hr>
            <ns3:cad>86</ns3:cad>
          </ns3:TrackPointExtension>
        </extensions>
      </trkpt>
      <trkpt lat="35.76033216901123523712158203125" lon="139.5426849089562892913818359375">
        <ele>50.799999237060546875</ele>
        <time>2026-09-07T22:24:35.000Z</time>
        <extensions>
          <ns3:TrackPointExtension>
            <ns3:hr>141</ns3:hr>
            <ns3:cad>86</ns3:cad>
          </ns3:TrackPointExtension>
        </extensions>
      </trkpt>
      <trkpt lat="35.76032948680222034454345703125" lon="139.54265163280069828033447265625">
        <ele>50.799999237060546875</ele>
        <time>2026-09-07T22:24:36.000Z</time>
        <extensions>
          <ns3:TrackPointExtension>
            <ns3:hr>141</ns3:hr>
            <ns3:cad>87</ns3:cad>
          </ns3:TrackPointExtension>
        </extensions>
      </trkpt>
      <trkpt lat="35.76032646931707859039306640625" lon="139.542623721063137054443359375">
        <ele>50.799999237060546875</ele>
        <time>2026-09-07T22:24:37.000Z</time>
        <extensions>
          <ns3:TrackPointExtension>
            <ns3:hr>141</ns3:hr>
            <ns3:cad>87</ns3:cad>
          </ns3:TrackPointExtension>
        </extensions>
      </trkpt>
      <trkpt lat="35.7603262178599834442138671875" lon="139.54258290119469165802001953125">
        <ele>50.799999237060546875</ele>
        <time>2026-09-07T22:24:38.000Z</time>
        <extensions>
          <ns3:TrackPointExtension>
            <ns3:hr>141</ns3:hr>
            <ns3:cad>87</ns3:cad>
          </ns3:TrackPointExtension>
        </extensions>
      </trkpt>
      <trkpt lat="35.76032076962292194366455078125" lon="139.5425504632294178009033203125">
        <ele>50.799999237060546875</ele>
        <time>2026-09-07T22:24:39.000Z</time>
        <extensions>
          <ns3:TrackPointExtension>
            <ns3:hr>141</ns3:hr>
            <ns3:cad>87</ns3:cad>
          </ns3:TrackPointExtension>
        </extensions>
      </trkpt>
      <trkpt lat="35.76031289063394069671630859375" lon="139.54252171330153942108154296875">
        <ele>50.799999237060546875</ele>
        <time>2026-09-07T22:24:40.000Z</time>
        <extensions>
          <ns3:TrackPointExtension>
            <ns3:hr>142</ns3:hr>
            <ns3:cad>87</ns3:cad>
          </ns3:TrackPointExtension>
        </extensions>
      </trkpt>
      <trkpt lat="35.760306604206562042236328125" lon="139.54249204136431217193603515625">
        <ele>50.799999237060546875</ele>
        <time>2026-09-07T22:24:41.000Z</time>
        <extensions>
          <ns3:TrackPointExtension>
            <ns3:hr>142</ns3:hr>
            <ns3:cad>87</ns3:cad>
          </ns3:TrackPointExtension>
        </extensions>
      </trkpt>
      <trkpt lat="35.76029981486499309539794921875" lon="139.5424639619886875152587890625">
        <ele>50.799999237060546875</ele>
        <time>2026-09-07T22:24:42.000Z</time>
        <extensions>
          <ns3:TrackPointExtension>
            <ns3:hr>142</ns3:hr>
            <ns3:cad>87</ns3:cad>
          </ns3:TrackPointExtension>
        </extensions>
      </trkpt>
      <trkpt lat="35.7602947019040584564208984375" lon="139.54243563115596771240234375">
        <ele>50.799999237060546875</ele>
        <time>2026-09-07T22:24:43.000Z</time>
        <extensions>
          <ns3:TrackPointExtension>
            <ns3:hr>142</ns3:hr>
            <ns3:cad>87</ns3:cad>
          </ns3:TrackPointExtension>
        </extensions>
      </trkpt>
      <trkpt lat="35.7602913491427898406982421875" lon="139.54240855760872364044189453125">
        <ele>50.799999237060546875</ele>
        <time>2026-09-07T22:24:44.000Z</time>
        <extensions>
          <ns3:TrackPointExtension>
            <ns3:hr>142</ns3:hr>
            <ns3:cad>87</ns3:cad>
          </ns3:TrackPointExtension>
        </extensions>
      </trkpt>
      <trkpt lat="35.76028740964829921722412109375" lon="139.5423759520053863525390625">
        <ele>50.799999237060546875</ele>
        <time>2026-09-07T22:24:45.000Z</time>
        <extensions>
          <ns3:TrackPointExtension>
            <ns3:hr>142</ns3:hr>
            <ns3:cad>87</ns3:cad>
          </ns3:TrackPointExtension>
        </extensions>
      </trkpt>
      <trkpt lat="35.76028523035347461700439453125" lon="139.54234384931623935699462890625">
        <ele>50.799999237060546875</ele>
        <time>2026-09-07T22:24:46.000Z</time>
        <extensions>
          <ns3:TrackPointExtension>
            <ns3:hr>142</ns3:hr>
            <ns3:cad>86</ns3:cad>
          </ns3:TrackPointExtension>
        </extensions>
      </trkpt>
      <trkpt lat="35.760277770459651947021484375" lon="139.54231300391256809234619140625">
        <ele>50.799999237060546875</ele>
        <time>2026-09-07T22:24:47.000Z</time>
        <extensions>
          <ns3:TrackPointExtension>
            <ns3:hr>142</ns3:hr>
            <ns3:cad>86</ns3:cad>
          </ns3:TrackPointExtension>
        </extensions>
      </trkpt>
      <trkpt lat="35.76027031056582927703857421875" lon="139.5422839187085628509521484375">
        <ele>50.799999237060546875</ele>
        <time>2026-09-07T22:24:48.000Z</time>
        <extensions>
          <ns3:TrackPointExtension>
            <ns3:hr>142</ns3:hr>
            <ns3:cad>86</ns3:cad>
          </ns3:TrackPointExtension>
        </extensions>
      </trkpt>
      <trkpt lat="35.76026628725230693817138671875" lon="139.54226137138903141021728515625">
        <ele>50.799999237060546875</ele>
        <time>2026-09-07T22:24:49.000Z</time>
        <extensions>
          <ns3:TrackPointExtension>
            <ns3:hr>142</ns3:hr>
            <ns3:cad>86</ns3:cad>
          </ns3:TrackPointExtension>
        </extensions>
      </trkpt>
      <trkpt lat="35.76025891117751598358154296875" lon="139.54222382046282291412353515625">
        <ele>50.799999237060546875</ele>
        <time>2026-09-07T22:24:50.000Z</time>
        <extensions>
          <ns3:TrackPointExtension>
            <ns3:hr>142</ns3:hr>
            <ns3:cad>86</ns3:cad>
          </ns3:TrackPointExtension>
        </extensions>
      </trkpt>
      <trkpt lat="35.76025254093110561370849609375" lon="139.5422014407813549041748046875">
        <ele>50.799999237060546875</ele>
        <time>2026-09-07T22:24:51.000Z</time>
        <extensions>
          <ns3:TrackPointExtension>
            <ns3:hr>142</ns3:hr>
            <ns3:cad>87</ns3:cad>
          </ns3:TrackPointExtension>
        </extensions>
      </trkpt>
      <trkpt lat="35.76024566777050495147705078125" lon="139.5421749539673328399658203125">
        <ele>50.799999237060546875</ele>
        <time>2026-09-07T22:24:52.000Z</time>
        <extensions>
          <ns3:TrackPointExtension>
            <ns3:hr>142</ns3:hr>
            <ns3:cad>87</ns3:cad>
          </ns3:TrackPointExtension>
        </extensions>
      </trkpt>
      <trkpt lat="35.76023829169571399688720703125" lon="139.54214167781174182891845703125">
        <ele>50.799999237060546875</ele>
        <time>2026-09-07T22:24:53.000Z</time>
        <extensions>
          <ns3:TrackPointExtension>
            <ns3:hr>143</ns3:hr>
            <ns3:cad>87</ns3:cad>
          </ns3:TrackPointExtension>
        </extensions>
      </trkpt>
      <trkpt lat="35.76023359782993793487548828125" lon="139.54211384989321231842041015625">
        <ele>50.799999237060546875</ele>
        <time>2026-09-07T22:24:54.000Z</time>
        <extensions>
          <ns3:TrackPointExtension>
            <ns3:hr>143</ns3:hr>
            <ns3:cad>87</ns3:cad>
          </ns3:TrackPointExtension>
        </extensions>
      </trkpt>
      <trkpt lat="35.76023049652576446533203125" lon="139.54208828508853912353515625">
        <ele>50.799999237060546875</ele>
        <time>2026-09-07T22:24:55.000Z</time>
        <extensions>
          <ns3:TrackPointExtension>
            <ns3:hr>143</ns3:hr>
            <ns3:cad>87</ns3:cad>
          </ns3:TrackPointExtension>
        </extensions>
      </trkpt>
      <trkpt lat="35.76022504828870296478271484375" lon="139.542061127722263336181640625">
        <ele>50.799999237060546875</ele>
        <time>2026-09-07T22:24:56.000Z</time>
        <extensions>
          <ns3:TrackPointExtension>
            <ns3:hr>143</ns3:hr>
            <ns3:cad>87</ns3:cad>
          </ns3:TrackPointExtension>
        </extensions>
      </trkpt>
      <trkpt lat="35.7602185942232608795166015625" lon="139.54203137196600437164306640625">
        <ele>50.799999237060546875</ele>
        <time>2026-09-07T22:24:57.000Z</time>
        <extensions>
          <ns3:TrackPointExtension>
            <ns3:hr>143</ns3:hr>
            <ns3:cad>86</ns3:cad>
          </ns3:TrackPointExtension>
        </extensions>
      </trkpt>
      <trkpt lat="35.76021306216716766357421875" lon="139.54200454987585544586181640625">
        <ele>50.799999237060546875</ele>
        <time>2026-09-07T22:24:58.000Z</time>
        <extensions>
          <ns3:TrackPointExtension>
            <ns3:hr>144</ns3:hr>
            <ns3:cad>86</ns3:cad>
          </ns3:TrackPointExtension>
        </extensions>
      </trkpt>
      <trkpt lat="35.7602083683013916015625" lon="139.54197831451892852783203125">
        <ele>50.799999237060546875</ele>
        <time>2026-09-07T22:24:59.000Z</time>
        <extensions>
          <ns3:TrackPointExtension>
            <ns3:hr>144</ns3:hr>
            <ns3:cad>86</ns3:cad>
          </ns3:TrackPointExtension>
        </extensions>
      </trkpt>
      <trkpt lat="35.760205350816249847412109375" lon="139.54195241443812847137451171875">
        <ele>51</ele>
        <time>2026-09-07T22:25:00.000Z</time>
        <extensions>
          <ns3:TrackPointExtension>
            <ns3:hr>146</ns3:hr>
            <ns3:cad>86</ns3:cad>
          </ns3:TrackPointExtension>
        </extensions>
      </trkpt>
      <trkpt lat="35.760200321674346923828125" lon="139.54192592762410640716552734375">
        <ele>51</ele>
        <time>2026-09-07T22:25:01.000Z</time>
        <extensions>
          <ns3:TrackPointExtension>
            <ns3:hr>149</ns3:hr>
            <ns3:cad>86</ns3:cad>
          </ns3:TrackPointExtension>
        </extensions>
      </trkpt>
      <trkpt lat="35.76019772328436374664306640625" lon="139.5419050566852092742919921875">
        <ele>51</ele>
        <time>2026-09-07T22:25:02.000Z</time>
        <extensions>
          <ns3:TrackPointExtension>
            <ns3:hr>150</ns3:hr>
            <ns3:cad>86</ns3:cad>
          </ns3:TrackPointExtension>
        </extensions>
      </trkpt>
      <trkpt lat="35.7601914368569850921630859375" lon="139.541872031986713409423828125">
        <ele>51</ele>
        <time>2026-09-07T22:25:03.000Z</time>
        <extensions>
          <ns3:TrackPointExtension>
            <ns3:hr>150</ns3:hr>
            <ns3:cad>87</ns3:cad>
          </ns3:TrackPointExtension>
        </extensions>
      </trkpt>
      <trkpt lat="35.7601843960583209991455078125" lon="139.54184981994330883026123046875">
        <ele>50.799999237060546875</ele>
        <time>2026-09-07T22:25:04.000Z</time>
        <extensions>
          <ns3:TrackPointExtension>
            <ns3:hr>149</ns3:hr>
            <ns3:cad>86</ns3:cad>
          </ns3:TrackPointExtension>
        </extensions>
      </trkpt>
      <trkpt lat="35.760175846517086029052734375" lon="139.54182140529155731201171875">
        <ele>50.799999237060546875</ele>
        <time>2026-09-07T22:25:05.000Z</time>
        <extensions>
          <ns3:TrackPointExtension>
            <ns3:hr>149</ns3:hr>
            <ns3:cad>86</ns3:cad>
          </ns3:TrackPointExtension>
        </extensions>
      </trkpt>
      <trkpt lat="35.760169140994548797607421875" lon="139.5417858660221099853515625">
        <ele>50.799999237060546875</ele>
        <time>2026-09-07T22:25:06.000Z</time>
        <extensions>
          <ns3:TrackPointExtension>
            <ns3:hr>149</ns3:hr>
            <ns3:cad>86</ns3:cad>
          </ns3:TrackPointExtension>
        </extensions>
      </trkpt>
      <trkpt lat="35.76016536913812160491943359375" lon="139.54176348634064197540283203125">
        <ele>50.799999237060546875</ele>
        <time>2026-09-07T22:25:07.000Z</time>
        <extensions>
          <ns3:TrackPointExtension>
            <ns3:hr>148</ns3:hr>
            <ns3:cad>85</ns3:cad>
          </ns3:TrackPointExtension>
        </extensions>
      </trkpt>
      <trkpt lat="35.76016201637685298919677734375" lon="139.5417357422411441802978515625">
        <ele>50.799999237060546875</ele>
        <time>2026-09-07T22:25:08.000Z</time>
        <extensions>
          <ns3:TrackPointExtension>
            <ns3:hr>148</ns3:hr>
            <ns3:cad>85</ns3:cad>
          </ns3:TrackPointExtension>
        </extensions>
      </trkpt>
      <trkpt lat="35.760159082710742950439453125" lon="139.5417075790464878082275390625">
        <ele>50.799999237060546875</ele>
        <time>2026-09-07T22:25:09.000Z</time>
        <extensions>
          <ns3:TrackPointExtension>
            <ns3:hr>148</ns3:hr>
            <ns3:cad>85</ns3:cad>
          </ns3:TrackPointExtension>
        </extensions>
      </trkpt>
      <trkpt lat="35.76015413738787174224853515625" lon="139.5416831038892269134521484375">
        <ele>50.799999237060546875</ele>
        <time>2026-09-07T22:25:10.000Z</time>
        <extensions>
          <ns3:TrackPointExtension>
            <ns3:hr>148</ns3:hr>
            <ns3:cad>86</ns3:cad>
          </ns3:TrackPointExtension>
        </extensions>
      </trkpt>
      <trkpt lat="35.7601508684456348419189453125" lon="139.5416566170752048492431640625">
        <ele>50.799999237060546875</ele>
        <time>2026-09-07T22:25:11.000Z</time>
        <extensions>
          <ns3:TrackPointExtension>
            <ns3:hr>148</ns3:hr>
            <ns3:cad>86</ns3:cad>
          </ns3:TrackPointExtension>
        </extensions>
      </trkpt>
      <trkpt lat="35.7601458393037319183349609375" lon="139.54162652604281902313232421875">
        <ele>50.799999237060546875</ele>
        <time>2026-09-07T22:25:12.000Z</time>
        <extensions>
          <ns3:TrackPointExtension>
            <ns3:hr>148</ns3:hr>
            <ns3:cad>85</ns3:cad>
          </ns3:TrackPointExtension>
        </extensions>
      </trkpt>
      <trkpt lat="35.76014022342860698699951171875" lon="139.54160146415233612060546875">
        <ele>50.799999237060546875</ele>
        <time>2026-09-07T22:25:13.000Z</time>
        <extensions>
          <ns3:TrackPointExtension>
            <ns3:hr>148</ns3:hr>
            <ns3:cad>84</ns3:cad>
          </ns3:TrackPointExtension>
        </extensions>
      </trkpt>
      <trkpt lat="35.7601371221244335174560546875" lon="139.5415801741182804107666015625">
        <ele>50.799999237060546875</ele>
        <time>2026-09-07T22:25:14.000Z</time>
        <extensions>
          <ns3:TrackPointExtension>
            <ns3:hr>148</ns3:hr>
            <ns3:cad>84</ns3:cad>
          </ns3:TrackPointExtension>
        </extensions>
      </trkpt>
      <trkpt lat="35.760130919516086578369140625" lon="139.54155494458973407745361328125">
        <ele>50.799999237060546875</ele>
        <time>2026-09-07T22:25:15.000Z</time>
        <extensions>
          <ns3:TrackPointExtension>
            <ns3:hr>148</ns3:hr>
            <ns3:cad>83</ns3:cad>
          </ns3:TrackPointExtension>
        </extensions>
      </trkpt>
      <trkpt lat="35.76012681238353252410888671875" lon="139.54152191989123821258544921875">
        <ele>50.799999237060546875</ele>
        <time>2026-09-07T22:25:16.000Z</time>
        <extensions>
          <ns3:TrackPointExtension>
            <ns3:hr>148</ns3:hr>
            <ns3:cad>83</ns3:cad>
          </ns3:TrackPointExtension>
        </extensions>
      </trkpt>
      <trkpt lat="35.76012195087969303131103515625" lon="139.54150029458105564117431640625">
        <ele>50.799999237060546875</ele>
        <time>2026-09-07T22:25:17.000Z</time>
        <extensions>
          <ns3:TrackPointExtension>
            <ns3:hr>148</ns3:hr>
            <ns3:cad>83</ns3:cad>
          </ns3:TrackPointExtension>
        </extensions>
      </trkpt>
      <trkpt lat="35.76011306606233119964599609375" lon="139.541465677320957183837890625">
        <ele>50.799999237060546875</ele>
        <time>2026-09-07T22:25:18.000Z</time>
        <extensions>
          <ns3:TrackPointExtension>
            <ns3:hr>148</ns3:hr>
            <ns3:cad>83</ns3:cad>
          </ns3:TrackPointExtension>
        </extensions>
      </trkpt>
      <trkpt lat="35.7601076178252696990966796875" lon="139.54143877141177654266357421875">
        <ele>50.799999237060546875</ele>
        <time>2026-09-07T22:25:19.000Z</time>
        <extensions>
          <ns3:TrackPointExtension>
            <ns3:hr>148</ns3:hr>
            <ns3:cad>83</ns3:cad>
          </ns3:TrackPointExtension>
        </extensions>
      </trkpt>
      <trkpt lat="35.76010066084563732147216796875" lon="139.5414101891219615936279296875">
        <ele>50.799999237060546875</ele>
        <time>2026-09-07T22:25:20.000Z</time>
        <extensions>
          <ns3:TrackPointExtension>
            <ns3:hr>148</ns3:hr>
            <ns3:cad>83</ns3:cad>
          </ns3:TrackPointExtension>
        </extensions>
      </trkpt>
      <trkpt lat="35.7600945420563220977783203125" lon="139.54138554632663726806640625">
        <ele>50.799999237060546875</ele>
        <time>2026-09-07T22:25:21.000Z</time>
        <extensions>
          <ns3:TrackPointExtension>
            <ns3:hr>148</ns3:hr>
            <ns3:cad>84</ns3:cad>
          </ns3:TrackPointExtension>
        </extensions>
      </trkpt>
      <trkpt lat="35.7600854896008968353271484375" lon="139.541362412273883819580078125">
        <ele>50.799999237060546875</ele>
        <time>2026-09-07T22:25:22.000Z</time>
        <extensions>
          <ns3:TrackPointExtension>
            <ns3:hr>148</ns3:hr>
            <ns3:cad>85</ns3:cad>
          </ns3:TrackPointExtension>
        </extensions>
      </trkpt>
      <trkpt lat="35.76007635332643985748291015625" lon="139.54133114777505397796630859375">
        <ele>50.799999237060546875</ele>
        <time>2026-09-07T22:25:23.000Z</time>
        <extensions>
          <ns3:TrackPointExtension>
            <ns3:hr>148</ns3:hr>
            <ns3:cad>85</ns3:cad>
          </ns3:TrackPointExtension>
        </extensions>
      </trkpt>
      <trkpt lat="35.76006964780390262603759765625" lon="139.541303403675556182861328125">
        <ele>50.799999237060546875</ele>
        <time>2026-09-07T22:25:24.000Z</time>
        <extensions>
          <ns3:TrackPointExtension>
            <ns3:hr>148</ns3:hr>
            <ns3:cad>84</ns3:cad>
          </ns3:TrackPointExtension>
        </extensions>
      </trkpt>
      <trkpt lat="35.76006554067134857177734375" lon="139.54128102399408817291259765625">
        <ele>50.799999237060546875</ele>
        <time>2026-09-07T22:25:25.000Z</time>
        <extensions>
          <ns3:TrackPointExtension>
            <ns3:hr>147</ns3:hr>
            <ns3:cad>84</ns3:cad>
          </ns3:TrackPointExtension>
        </extensions>
      </trkpt>
      <trkpt lat="35.7600621879100799560546875" lon="139.54126006923615932464599609375">
        <ele>50.799999237060546875</ele>
        <time>2026-09-07T22:25:26.000Z</time>
        <extensions>
          <ns3:TrackPointExtension>
            <ns3:hr>146</ns3:hr>
            <ns3:cad>84</ns3:cad>
          </ns3:TrackPointExtension>
        </extensions>
      </trkpt>
      <trkpt lat="35.7600600086152553558349609375" lon="139.541239701211452484130859375">
        <ele>50.799999237060546875</ele>
        <time>2026-09-07T22:25:27.000Z</time>
        <extensions>
          <ns3:TrackPointExtension>
            <ns3:hr>145</ns3:hr>
            <ns3:cad>84</ns3:cad>
          </ns3:TrackPointExtension>
        </extensions>
      </trkpt>
      <trkpt lat="35.760048441588878631591796875" lon="139.54121564514935016632080078125">
        <ele>50.799999237060546875</ele>
        <time>2026-09-07T22:25:28.000Z</time>
        <extensions>
          <ns3:TrackPointExtension>
            <ns3:hr>144</ns3:hr>
            <ns3:cad>85</ns3:cad>
          </ns3:TrackPointExtension>
        </extensions>
      </trkpt>
      <trkpt lat="35.760038383305072784423828125" lon="139.5411932654678821563720703125">
        <ele>50.799999237060546875</ele>
        <time>2026-09-07T22:25:29.000Z</time>
        <extensions>
          <ns3:TrackPointExtension>
            <ns3:hr>144</ns3:hr>
            <ns3:cad>85</ns3:cad>
          </ns3:TrackPointExtension>
        </extensions>
      </trkpt>
      <trkpt lat="35.7600273191928863525390625" lon="139.54117004759609699249267578125">
        <ele>50.799999237060546875</ele>
        <time>2026-09-07T22:25:30.000Z</time>
        <extensions>
          <ns3:TrackPointExtension>
            <ns3:hr>144</ns3:hr>
            <ns3:cad>84</ns3:cad>
          </ns3:TrackPointExtension>
        </extensions>
      </trkpt>
      <trkpt lat="35.76001684181392192840576171875" lon="139.54114615917205810546875">
        <ele>50.799999237060546875</ele>
        <time>2026-09-07T22:25:31.000Z</time>
        <extensions>
          <ns3:TrackPointExtension>
            <ns3:hr>143</ns3:hr>
            <ns3:cad>83</ns3:cad>
          </ns3:TrackPointExtension>
        </extensions>
      </trkpt>
      <trkpt lat="35.7600066997110843658447265625" lon="139.5411248691380023956298828125">
        <ele>50.799999237060546875</ele>
        <time>2026-09-07T22:25:32.000Z</time>
        <extensions>
          <ns3:TrackPointExtension>
            <ns3:hr>143</ns3:hr>
            <ns3:cad>83</ns3:cad>
          </ns3:TrackPointExtension>
        </extensions>
      </trkpt>
      <trkpt lat="35.76000024564564228057861328125" lon="139.54109720885753631591796875">
        <ele>50.799999237060546875</ele>
        <time>2026-09-07T22:25:33.000Z</time>
        <extensions>
          <ns3:TrackPointExtension>
            <ns3:hr>143</ns3:hr>
            <ns3:cad>83</ns3:cad>
          </ns3:TrackPointExtension>
        </extensions>
      </trkpt>
      <trkpt lat="35.75999421067535877227783203125" lon="139.54107147641479969024658203125">
        <ele>50.799999237060546875</ele>
        <time>2026-09-07T22:25:34.000Z</time>
        <extensions>
          <ns3:TrackPointExtension>
            <ns3:hr>143</ns3:hr>
            <ns3:cad>84</ns3:cad>
          </ns3:TrackPointExtension>
        </extensions>
      </trkpt>
      <trkpt lat="35.759987421333789825439453125" lon="139.5410482585430145263671875">
        <ele>50.799999237060546875</ele>
        <time>2026-09-07T22:25:35.000Z</time>
        <extensions>
          <ns3:TrackPointExtension>
            <ns3:hr>143</ns3:hr>
            <ns3:cad>84</ns3:cad>
          </ns3:TrackPointExtension>
        </extensions>
      </trkpt>
      <trkpt lat="35.75998230837285518646240234375" lon="139.5410236157476902008056640625">
        <ele>50.799999237060546875</ele>
        <time>2026-09-07T22:25:36.000Z</time>
        <extensions>
          <ns3:TrackPointExtension>
            <ns3:hr>143</ns3:hr>
            <ns3:cad>84</ns3:cad>
          </ns3:TrackPointExtension>
        </extensions>
      </trkpt>
      <trkpt lat="35.759978704154491424560546875" lon="139.54099972732365131378173828125">
        <ele>50.799999237060546875</ele>
        <time>2026-09-07T22:25:37.000Z</time>
        <extensions>
          <ns3:TrackPointExtension>
            <ns3:hr>143</ns3:hr>
            <ns3:cad>85</ns3:cad>
          </ns3:TrackPointExtension>
        </extensions>
      </trkpt>
      <trkpt lat="35.75997225008904933929443359375" lon="139.54097558744251728057861328125">
        <ele>50.799999237060546875</ele>
        <time>2026-09-07T22:25:38.000Z</time>
        <extensions>
          <ns3:TrackPointExtension>
            <ns3:hr>143</ns3:hr>
            <ns3:cad>85</ns3:cad>
          </ns3:TrackPointExtension>
        </extensions>
      </trkpt>
      <trkpt lat="35.75996001251041889190673828125" lon="139.540954045951366424560546875">
        <ele>50.799999237060546875</ele>
        <time>2026-09-07T22:25:39.000Z</time>
        <extensions>
          <ns3:TrackPointExtension>
            <ns3:hr>143</ns3:hr>
            <ns3:cad>85</ns3:cad>
          </ns3:TrackPointExtension>
        </extensions>
      </trkpt>
      <trkpt lat="35.759944505989551544189453125" lon="139.54092864878475666046142578125">
        <ele>50.799999237060546875</ele>
        <time>2026-09-07T22:25:40.000Z</time>
        <extensions>
          <ns3:TrackPointExtension>
            <ns3:hr>143</ns3:hr>
            <ns3:cad>85</ns3:cad>
          </ns3:TrackPointExtension>
        </extensions>
      </trkpt>
      <trkpt lat="35.75992765836417675018310546875" lon="139.5409049279987812042236328125">
        <ele>50.799999237060546875</ele>
        <time>2026-09-07T22:25:41.000Z</time>
        <extensions>
          <ns3:TrackPointExtension>
            <ns3:hr>143</ns3:hr>
            <ns3:cad>85</ns3:cad>
          </ns3:TrackPointExtension>
        </extensions>
      </trkpt>
      <trkpt lat="35.75991374440491199493408203125" lon="139.54088305123150348663330078125">
        <ele>50.799999237060546875</ele>
        <time>2026-09-07T22:25:42.000Z</time>
        <extensions>
          <ns3:TrackPointExtension>
            <ns3:hr>143</ns3:hr>
            <ns3:cad>85</ns3:cad>
          </ns3:TrackPointExtension>
        </extensions>
      </trkpt>
      <trkpt lat="35.7598980702459812164306640625" lon="139.54086243174970149993896484375">
        <ele>50.59999847412109375</ele>
        <time>2026-09-07T22:25:43.000Z</time>
        <extensions>
          <ns3:TrackPointExtension>
            <ns3:hr>143</ns3:hr>
            <ns3:cad>85</ns3:cad>
          </ns3:TrackPointExtension>
        </extensions>
      </trkpt>
      <trkpt lat="35.75989111326634883880615234375" lon="139.54084231518208980560302734375">
        <ele>50.59999847412109375</ele>
        <time>2026-09-07T22:25:44.000Z</time>
        <extensions>
          <ns3:TrackPointExtension>
            <ns3:hr>143</ns3:hr>
            <ns3:cad>86</ns3:cad>
          </ns3:TrackPointExtension>
        </extensions>
      </trkpt>
      <trkpt lat="35.7598890177905559539794921875" lon="139.54080962575972080230712890625">
        <ele>50.59999847412109375</ele>
        <time>2026-09-07T22:25:45.000Z</time>
        <extensions>
          <ns3:TrackPointExtension>
            <ns3:hr>143</ns3:hr>
            <ns3:cad>86</ns3:cad>
          </ns3:TrackPointExtension>
        </extensions>
      </trkpt>
      <trkpt lat="35.75983478687703609466552734375" lon="139.54080778174102306365966796875">
        <ele>50.59999847412109375</ele>
        <time>2026-09-07T22:25:46.000Z</time>
        <extensions>
          <ns3:TrackPointExtension>
            <ns3:hr>143</ns3:hr>
            <ns3:cad>86</ns3:cad>
          </ns3:TrackPointExtension>
        </extensions>
      </trkpt>
      <trkpt lat="35.75979623012244701385498046875" lon="139.54079370014369487762451171875">
        <ele>50.59999847412109375</ele>
        <time>2026-09-07T22:25:47.000Z</time>
        <extensions>
          <ns3:TrackPointExtension>
            <ns3:hr>143</ns3:hr>
            <ns3:cad>85</ns3:cad>
          </ns3:TrackPointExtension>
        </extensions>
      </trkpt>
      <trkpt lat="35.75976186431944370269775390625" lon="139.5407805405557155609130859375">
        <ele>50.59999847412109375</ele>
        <time>2026-09-07T22:25:48.000Z</time>
        <extensions>
          <ns3:TrackPointExtension>
            <ns3:hr>143</ns3:hr>
            <ns3:cad>85</ns3:cad>
          </ns3:TrackPointExtension>
        </extensions>
      </trkpt>
      <trkpt lat="35.75974409468472003936767578125" lon="139.5407634414732456207275390625">
        <ele>50.59999847412109375</ele>
        <time>2026-09-07T22:25:49.000Z</time>
        <extensions>
          <ns3:TrackPointExtension>
            <ns3:hr>143</ns3:hr>
            <ns3:cad>85</ns3:cad>
          </ns3:TrackPointExtension>
        </extensions>
      </trkpt>
      <trkpt lat="35.7597344554960727691650390625" lon="139.54074055887758731842041015625">
        <ele>50.59999847412109375</ele>
        <time>2026-09-07T22:25:50.000Z</time>
        <extensions>
          <ns3:TrackPointExtension>
            <ns3:hr>143</ns3:hr>
            <ns3:cad>86</ns3:cad>
          </ns3:TrackPointExtension>
        </extensions>
      </trkpt>
      <trkpt lat="35.75972481630742549896240234375" lon="139.540715999901294708251953125">
        <ele>50.59999847412109375</ele>
        <time>2026-09-07T22:25:51.000Z</time>
        <extensions>
          <ns3:TrackPointExtension>
            <ns3:hr>143</ns3:hr>
            <ns3:cad>86</ns3:cad>
          </ns3:TrackPointExtension>
        </extensions>
      </trkpt>
      <trkpt lat="35.7597126625478267669677734375" lon="139.540690518915653228759765625">
        <ele>50.59999847412109375</ele>
        <time>2026-09-07T22:25:52.000Z</time>
        <extensions>
          <ns3:TrackPointExtension>
            <ns3:hr>143</ns3:hr>
            <ns3:cad>86</ns3:cad>
          </ns3:TrackPointExtension>
        </extensions>
      </trkpt>
      <trkpt lat="35.75969765894114971160888671875" lon="139.54066679812967777252197265625">
        <ele>50.799999237060546875</ele>
        <time>2026-09-07T22:25:53.000Z</time>
        <extensions>
          <ns3:TrackPointExtension>
            <ns3:hr>143</ns3:hr>
            <ns3:cad>86</ns3:cad>
          </ns3:TrackPointExtension>
        </extensions>
      </trkpt>
      <trkpt lat="35.7596831582486629486083984375" lon="139.5406427420675754547119140625">
        <ele>50.799999237060546875</ele>
        <time>2026-09-07T22:25:54.000Z</time>
        <extensions>
          <ns3:TrackPointExtension>
            <ns3:hr>143</ns3:hr>
            <ns3:cad>86</ns3:cad>
          </ns3:TrackPointExtension>
        </extensions>
      </trkpt>
      <trkpt lat="35.75966966338455677032470703125" lon="139.54061935655772686004638671875">
        <ele>50.799999237060546875</ele>
        <time>2026-09-07T22:25:55.000Z</time>
        <extensions>
          <ns3:TrackPointExtension>
            <ns3:hr>144</ns3:hr>
            <ns3:cad>86</ns3:cad>
          </ns3:TrackPointExtension>
        </extensions>
      </trkpt>
      <trkpt lat="35.75965574942529201507568359375" lon="139.54059890471398830413818359375">
        <ele>51</ele>
        <time>2026-09-07T22:25:56.000Z</time>
        <extensions>
          <ns3:TrackPointExtension>
            <ns3:hr>144</ns3:hr>
            <ns3:cad>86</ns3:cad>
          </ns3:TrackPointExtension>
        </extensions>
      </trkpt>
      <trkpt lat="35.7596409134566783905029296875" lon="139.54057828523218631744384765625">
        <ele>51</ele>
        <time>2026-09-07T22:25:57.000Z</time>
        <extensions>
          <ns3:TrackPointExtension>
            <ns3:hr>144</ns3:hr>
            <ns3:cad>86</ns3:cad>
          </ns3:TrackPointExtension>
        </extensions>
      </trkpt>
      <trkpt lat="35.7596301846206188201904296875" lon="139.54055498354136943817138671875">
        <ele>51.200000762939453125</ele>
        <time>2026-09-07T22:25:58.000Z</time>
        <extensions>
          <ns3:TrackPointExtension>
            <ns3:hr>144</ns3:hr>
            <ns3:cad>86</ns3:cad>
          </ns3:TrackPointExtension>
        </extensions>
      </trkpt>
      <trkpt lat="35.75962456874549388885498046875" lon="139.54053034074604511260986328125">
        <ele>51.40000152587890625</ele>
        <time>2026-09-07T22:25:59.000Z</time>
        <extensions>
          <ns3:TrackPointExtension>
            <ns3:hr>144</ns3:hr>
            <ns3:cad>86</ns3:cad>
          </ns3:TrackPointExtension>
        </extensions>
      </trkpt>
      <trkpt lat="35.75961627066135406494140625" lon="139.54050712287425994873046875">
        <ele>51.40000152587890625</ele>
        <time>2026-09-07T22:26:00.000Z</time>
        <extensions>
          <ns3:TrackPointExtension>
            <ns3:hr>144</ns3:hr>
            <ns3:cad>85</ns3:cad>
          </ns3:TrackPointExtension>
        </extensions>
      </trkpt>
      <trkpt lat="35.75960411690175533294677734375" lon="139.5404865033924579620361328125">
        <ele>51.59999847412109375</ele>
        <time>2026-09-07T22:26:01.000Z</time>
        <extensions>
          <ns3:TrackPointExtension>
            <ns3:hr>144</ns3:hr>
            <ns3:cad>85</ns3:cad>
          </ns3:TrackPointExtension>
        </extensions>
      </trkpt>
      <trkpt lat="35.75958919711410999298095703125" lon="139.5404633693397045135498046875">
        <ele>51.59999847412109375</ele>
        <time>2026-09-07T22:26:02.000Z</time>
        <extensions>
          <ns3:TrackPointExtension>
            <ns3:hr>145</ns3:hr>
            <ns3:cad>85</ns3:cad>
          </ns3:TrackPointExtension>
        </extensions>
      </trkpt>
      <trkpt lat="35.75957327149808406829833984375" lon="139.5404435880482196807861328125">
        <ele>51.59999847412109375</ele>
        <time>2026-09-07T22:26:03.000Z</time>
        <extensions>
          <ns3:TrackPointExtension>
            <ns3:hr>145</ns3:hr>
            <ns3:cad>85</ns3:cad>
          </ns3:TrackPointExtension>
        </extensions>
      </trkpt>
      <trkpt lat="35.75955457985401153564453125" lon="139.540425650775432586669921875">
        <ele>51.799999237060546875</ele>
        <time>2026-09-07T22:26:04.000Z</time>
        <extensions>
          <ns3:TrackPointExtension>
            <ns3:hr>145</ns3:hr>
            <ns3:cad>85</ns3:cad>
          </ns3:TrackPointExtension>
        </extensions>
      </trkpt>
      <trkpt lat="35.75953605584800243377685546875" lon="139.54040595330297946929931640625">
        <ele>52</ele>
        <time>2026-09-07T22:26:05.000Z</time>
        <extensions>
          <ns3:TrackPointExtension>
            <ns3:hr>145</ns3:hr>
            <ns3:cad>84</ns3:cad>
          </ns3:TrackPointExtension>
        </extensions>
      </trkpt>
      <trkpt lat="35.7595232315361499786376953125" lon="139.54038935713469982147216796875">
        <ele>52.200000762939453125</ele>
        <time>2026-09-07T22:26:06.000Z</time>
        <extensions>
          <ns3:TrackPointExtension>
            <ns3:hr>146</ns3:hr>
            <ns3:cad>84</ns3:cad>
          </ns3:TrackPointExtension>
        </extensions>
      </trkpt>
      <trkpt lat="35.7595111615955829620361328125" lon="139.54037209041416645050048828125">
        <ele>52.200000762939453125</ele>
        <time>2026-09-07T22:26:07.000Z</time>
        <extensions>
          <ns3:TrackPointExtension>
            <ns3:hr>146</ns3:hr>
            <ns3:cad>84</ns3:cad>
          </ns3:TrackPointExtension>
        </extensions>
      </trkpt>
      <trkpt lat="35.7594977505505084991455078125" lon="139.5403560809791088104248046875">
        <ele>52.200000762939453125</ele>
        <time>2026-09-07T22:26:08.000Z</time>
        <extensions>
          <ns3:TrackPointExtension>
            <ns3:hr>146</ns3:hr>
            <ns3:cad>84</ns3:cad>
          </ns3:TrackPointExtension>
        </extensions>
      </trkpt>
      <trkpt lat="35.75948073528707027435302734375" lon="139.5403369702398777008056640625">
        <ele>52.200000762939453125</ele>
        <time>2026-09-07T22:26:09.000Z</time>
        <extensions>
          <ns3:TrackPointExtension>
            <ns3:hr>147</ns3:hr>
            <ns3:cad>84</ns3:cad>
          </ns3:TrackPointExtension>
        </extensions>
      </trkpt>
      <trkpt lat="35.75946338474750518798828125" lon="139.5403181947767734527587890625">
        <ele>52.200000762939453125</ele>
        <time>2026-09-07T22:26:10.000Z</time>
        <extensions>
          <ns3:TrackPointExtension>
            <ns3:hr>147</ns3:hr>
            <ns3:cad>84</ns3:cad>
          </ns3:TrackPointExtension>
        </extensions>
      </trkpt>
      <trkpt lat="35.7594441063702106475830078125" lon="139.54029430635273456573486328125">
        <ele>52</ele>
        <time>2026-09-07T22:26:11.000Z</time>
        <extensions>
          <ns3:TrackPointExtension>
            <ns3:hr>147</ns3:hr>
            <ns3:cad>84</ns3:cad>
          </ns3:TrackPointExtension>
        </extensions>
      </trkpt>
      <trkpt lat="35.759430192410945892333984375" lon="139.54027385450899600982666015625">
        <ele>51.799999237060546875</ele>
        <time>2026-09-07T22:26:12.000Z</time>
        <extensions>
          <ns3:TrackPointExtension>
            <ns3:hr>147</ns3:hr>
            <ns3:cad>84</ns3:cad>
          </ns3:TrackPointExtension>
        </extensions>
      </trkpt>
      <trkpt lat="35.7594109140336513519287109375" lon="139.540241919457912445068359375">
        <ele>51.59999847412109375</ele>
        <time>2026-09-07T22:26:13.000Z</time>
        <extensions>
          <ns3:TrackPointExtension>
            <ns3:hr>147</ns3:hr>
            <ns3:cad>83</ns3:cad>
          </ns3:TrackPointExtension>
        </extensions>
      </trkpt>
      <trkpt lat="35.7593931443989276885986328125" lon="139.54022272489964962005615234375">
        <ele>51.40000152587890625</ele>
        <time>2026-09-07T22:26:14.000Z</time>
        <extensions>
          <ns3:TrackPointExtension>
            <ns3:hr>147</ns3:hr>
            <ns3:cad>82</ns3:cad>
          </ns3:TrackPointExtension>
        </extensions>
      </trkpt>
      <trkpt lat="35.75937696732580661773681640625" lon="139.54020269215106964111328125">
        <ele>51.200000762939453125</ele>
        <time>2026-09-07T22:26:15.000Z</time>
        <extensions>
          <ns3:TrackPointExtension>
            <ns3:hr>147</ns3:hr>
            <ns3:cad>82</ns3:cad>
          </ns3:TrackPointExtension>
        </extensions>
      </trkpt>
      <trkpt lat="35.75936472974717617034912109375" lon="139.540187604725360870361328125">
        <ele>51.200000762939453125</ele>
        <time>2026-09-07T22:26:16.000Z</time>
        <extensions>
          <ns3:TrackPointExtension>
            <ns3:hr>147</ns3:hr>
            <ns3:cad>85</ns3:cad>
          </ns3:TrackPointExtension>
        </extensions>
      </trkpt>
      <trkpt lat="35.75935014523565769195556640625" lon="139.540164135396480560302734375">
        <ele>51</ele>
        <time>2026-09-07T22:26:17.000Z</time>
        <extensions>
          <ns3:TrackPointExtension>
            <ns3:hr>147</ns3:hr>
            <ns3:cad>85</ns3:cad>
          </ns3:TrackPointExtension>
        </extensions>
      </trkpt>
      <trkpt lat="35.75934058986604213714599609375" lon="139.54014326445758342742919921875">
        <ele>51</ele>
        <time>2026-09-07T22:26:18.000Z</time>
        <extensions>
          <ns3:TrackPointExtension>
            <ns3:hr>147</ns3:hr>
            <ns3:cad>85</ns3:cad>
          </ns3:TrackPointExtension>
        </extensions>
      </trkpt>
      <trkpt lat="35.75932650826871395111083984375" lon="139.54012398608028888702392578125">
        <ele>51</ele>
        <time>2026-09-07T22:26:19.000Z</time>
        <extensions>
          <ns3:TrackPointExtension>
            <ns3:hr>147</ns3:hr>
            <ns3:cad>85</ns3:cad>
          </ns3:TrackPointExtension>
        </extensions>
      </trkpt>
      <trkpt lat="35.75931075029075145721435546875" lon="139.540107138454914093017578125">
        <ele>51</ele>
        <time>2026-09-07T22:26:20.000Z</time>
        <extensions>
          <ns3:TrackPointExtension>
            <ns3:hr>147</ns3:hr>
            <ns3:cad>85</ns3:cad>
          </ns3:TrackPointExtension>
        </extensions>
      </trkpt>
      <trkpt lat="35.75929264537990093231201171875" lon="139.540085010230541229248046875">
        <ele>51</ele>
        <time>2026-09-07T22:26:21.000Z</time>
        <extensions>
          <ns3:TrackPointExtension>
            <ns3:hr>147</ns3:hr>
            <ns3:cad>85</ns3:cad>
          </ns3:TrackPointExtension>
        </extensions>
      </trkpt>
      <trkpt lat="35.75927470810711383819580078125" lon="139.54006254673004150390625">
        <ele>51</ele>
        <time>2026-09-07T22:26:22.000Z</time>
        <extensions>
          <ns3:TrackPointExtension>
            <ns3:hr>147</ns3:hr>
            <ns3:cad>84</ns3:cad>
          </ns3:TrackPointExtension>
        </extensions>
      </trkpt>
      <trkpt lat="35.75925953686237335205078125" lon="139.54003865830600261688232421875">
        <ele>51</ele>
        <time>2026-09-07T22:26:23.000Z</time>
        <extensions>
          <ns3:TrackPointExtension>
            <ns3:hr>147</ns3:hr>
            <ns3:cad>84</ns3:cad>
          </ns3:TrackPointExtension>
        </extensions>
      </trkpt>
      <trkpt lat="35.75924553908407688140869140625" lon="139.54001418314874172210693359375">
        <ele>51.200000762939453125</ele>
        <time>2026-09-07T22:26:24.000Z</time>
        <extensions>
          <ns3:TrackPointExtension>
            <ns3:hr>147</ns3:hr>
            <ns3:cad>84</ns3:cad>
          </ns3:TrackPointExtension>
        </extensions>
      </trkpt>
      <trkpt lat="35.75923229567706584930419921875" lon="139.539991132915019989013671875">
        <ele>51.200000762939453125</ele>
        <time>2026-09-07T22:26:25.000Z</time>
        <extensions>
          <ns3:TrackPointExtension>
            <ns3:hr>147</ns3:hr>
            <ns3:cad>85</ns3:cad>
          </ns3:TrackPointExtension>
        </extensions>
      </trkpt>
      <trkpt lat="35.759218633174896240234375" lon="139.5399673283100128173828125">
        <ele>51.200000762939453125</ele>
        <time>2026-09-07T22:26:26.000Z</time>
        <extensions>
          <ns3:TrackPointExtension>
            <ns3:hr>148</ns3:hr>
            <ns3:cad>85</ns3:cad>
          </ns3:TrackPointExtension>
        </extensions>
      </trkpt>
      <trkpt lat="35.7592006959021091461181640625" lon="139.53994964249432086944580078125">
        <ele>51.200000762939453125</ele>
        <time>2026-09-07T22:26:27.000Z</time>
        <extensions>
          <ns3:TrackPointExtension>
            <ns3:hr>148</ns3:hr>
            <ns3:cad>84</ns3:cad>
          </ns3:TrackPointExtension>
        </extensions>
      </trkpt>
      <trkpt lat="35.75918921269476413726806640625" lon="139.53993036411702632904052734375">
        <ele>51.200000762939453125</ele>
        <time>2026-09-07T22:26:28.000Z</time>
        <extensions>
          <ns3:TrackPointExtension>
            <ns3:hr>148</ns3:hr>
            <ns3:cad>84</ns3:cad>
          </ns3:TrackPointExtension>
        </extensions>
      </trkpt>
      <trkpt lat="35.75917077250778675079345703125" lon="139.5399002730846405029296875">
        <ele>51.200000762939453125</ele>
        <time>2026-09-07T22:26:29.000Z</time>
        <extensions>
          <ns3:TrackPointExtension>
            <ns3:hr>148</ns3:hr>
            <ns3:cad>84</ns3:cad>
          </ns3:TrackPointExtension>
        </extensions>
      </trkpt>
      <trkpt lat="35.7591636478900909423828125" lon="139.53987839631736278533935546875">
        <ele>51.200000762939453125</ele>
        <time>2026-09-07T22:26:30.000Z</time>
        <extensions>
          <ns3:TrackPointExtension>
            <ns3:hr>148</ns3:hr>
            <ns3:cad>84</ns3:cad>
          </ns3:TrackPointExtension>
        </extensions>
      </trkpt>
      <trkpt lat="35.759154595434665679931640625" lon="139.5398595370352268218994140625">
        <ele>51.200000762939453125</ele>
        <time>2026-09-07T22:26:31.000Z</time>
        <extensions>
          <ns3:TrackPointExtension>
            <ns3:hr>148</ns3:hr>
            <ns3:cad>85</ns3:cad>
          </ns3:TrackPointExtension>
        </extensions>
      </trkpt>
      <trkpt lat="35.7591475546360015869140625" lon="139.53984587453305721282958984375">
        <ele>51.200000762939453125</ele>
        <time>2026-09-07T22:26:32.000Z</time>
        <extensions>
          <ns3:TrackPointExtension>
            <ns3:hr>148</ns3:hr>
            <ns3:cad>85</ns3:cad>
          </ns3:TrackPointExtension>
        </extensions>
      </trkpt>
      <trkpt lat="35.7591379992663860321044921875" lon="139.5398296974599361419677734375">
        <ele>51.200000762939453125</ele>
        <time>2026-09-07T22:26:33.000Z</time>
        <extensions>
          <ns3:TrackPointExtension>
            <ns3:hr>148</ns3:hr>
            <ns3:cad>85</ns3:cad>
          </ns3:TrackPointExtension>
        </extensions>
      </trkpt>
      <trkpt lat="35.759129114449024200439453125" lon="139.53981134109199047088623046875">
        <ele>51.200000762939453125</ele>
        <time>2026-09-07T22:26:34.000Z</time>
        <extensions>
          <ns3:TrackPointExtension>
            <ns3:hr>148</ns3:hr>
            <ns3:cad>84</ns3:cad>
          </ns3:TrackPointExtension>
        </extensions>
      </trkpt>
      <trkpt lat="35.7591195590794086456298828125" lon="139.53979390673339366912841796875">
        <ele>51.200000762939453125</ele>
        <time>2026-09-07T22:26:35.000Z</time>
        <extensions>
          <ns3:TrackPointExtension>
            <ns3:hr>148</ns3:hr>
            <ns3:cad>84</ns3:cad>
          </ns3:TrackPointExtension>
        </extensions>
      </trkpt>
      <trkpt lat="35.7591111771762371063232421875" lon="139.5397810824215412139892578125">
        <ele>51.200000762939453125</ele>
        <time>2026-09-07T22:26:36.000Z</time>
        <extensions>
          <ns3:TrackPointExtension>
            <ns3:hr>148</ns3:hr>
            <ns3:cad>83</ns3:cad>
          </ns3:TrackPointExtension>
        </extensions>
      </trkpt>
      <trkpt lat="35.75909550301730632781982421875" lon="139.539759457111358642578125">
        <ele>51.40000152587890625</ele>
        <time>2026-09-07T22:26:37.000Z</time>
        <extensions>
          <ns3:TrackPointExtension>
            <ns3:hr>148</ns3:hr>
            <ns3:cad>83</ns3:cad>
          </ns3:TrackPointExtension>
        </extensions>
      </trkpt>
      <trkpt lat="35.7590873725712299346923828125" lon="139.5397448725998401641845703125">
        <ele>51.40000152587890625</ele>
        <time>2026-09-07T22:26:38.000Z</time>
        <extensions>
          <ns3:TrackPointExtension>
            <ns3:hr>148</ns3:hr>
            <ns3:cad>83</ns3:cad>
          </ns3:TrackPointExtension>
        </extensions>
      </trkpt>
      <trkpt lat="35.75907706283032894134521484375" lon="139.53972182236611843109130859375">
        <ele>51.40000152587890625</ele>
        <time>2026-09-07T22:26:39.000Z</time>
        <extensions>
          <ns3:TrackPointExtension>
            <ns3:hr>147</ns3:hr>
            <ns3:cad>83</ns3:cad>
          </ns3:TrackPointExtension>
        </extensions>
      </trkpt>
      <trkpt lat="35.75906851328909397125244140625" lon="139.5397017896175384521484375">
        <ele>51.40000152587890625</ele>
        <time>2026-09-07T22:26:40.000Z</time>
        <extensions>
          <ns3:TrackPointExtension>
            <ns3:hr>147</ns3:hr>
            <ns3:cad>84</ns3:cad>
          </ns3:TrackPointExtension>
        </extensions>
      </trkpt>
      <trkpt lat="35.7590548507869243621826171875" lon="139.53968158923089504241943359375">
        <ele>51.40000152587890625</ele>
        <time>2026-09-07T22:26:41.000Z</time>
        <extensions>
          <ns3:TrackPointExtension>
            <ns3:hr>147</ns3:hr>
            <ns3:cad>84</ns3:cad>
          </ns3:TrackPointExtension>
        </extensions>
      </trkpt>
      <trkpt lat="35.75904370285570621490478515625" lon="139.53966893255710601806640625">
        <ele>51.40000152587890625</ele>
        <time>2026-09-07T22:26:42.000Z</time>
        <extensions>
          <ns3:TrackPointExtension>
            <ns3:hr>147</ns3:hr>
            <ns3:cad>84</ns3:cad>
          </ns3:TrackPointExtension>
        </extensions>
      </trkpt>
      <trkpt lat="35.75902978889644145965576171875" lon="139.5396506600081920623779296875">
        <ele>51.40000152587890625</ele>
        <time>2026-09-07T22:26:43.000Z</time>
        <extensions>
          <ns3:TrackPointExtension>
            <ns3:hr>147</ns3:hr>
            <ns3:cad>84</ns3:cad>
          </ns3:TrackPointExtension>
        </extensions>
      </trkpt>
      <trkpt lat="35.75901520438492298126220703125" lon="139.53962358646094799041748046875">
        <ele>51.40000152587890625</ele>
        <time>2026-09-07T22:26:44.000Z</time>
        <extensions>
          <ns3:TrackPointExtension>
            <ns3:hr>147</ns3:hr>
            <ns3:cad>84</ns3:cad>
          </ns3:TrackPointExtension>
        </extensions>
      </trkpt>
      <trkpt lat="35.759002380073070526123046875" lon="139.53960246406495571136474609375">
        <ele>51.40000152587890625</ele>
        <time>2026-09-07T22:26:45.000Z</time>
        <extensions>
          <ns3:TrackPointExtension>
            <ns3:hr>147</ns3:hr>
            <ns3:cad>84</ns3:cad>
          </ns3:TrackPointExtension>
        </extensions>
      </trkpt>
      <trkpt lat="35.7589861191809177398681640625" lon="139.539577402174472808837890625">
        <ele>51.40000152587890625</ele>
        <time>2026-09-07T22:26:46.000Z</time>
        <extensions>
          <ns3:TrackPointExtension>
            <ns3:hr>147</ns3:hr>
            <ns3:cad>83</ns3:cad>
          </ns3:TrackPointExtension>
        </extensions>
      </trkpt>
      <trkpt lat="35.7589686848223209381103515625" lon="139.53955384902656078338623046875">
        <ele>51.40000152587890625</ele>
        <time>2026-09-07T22:26:47.000Z</time>
        <extensions>
          <ns3:TrackPointExtension>
            <ns3:hr>147</ns3:hr>
            <ns3:cad>83</ns3:cad>
          </ns3:TrackPointExtension>
        </extensions>
      </trkpt>
      <trkpt lat="35.7589539326727390289306640625" lon="139.53953205607831478118896484375">
        <ele>51.40000152587890625</ele>
        <time>2026-09-07T22:26:48.000Z</time>
        <extensions>
          <ns3:TrackPointExtension>
            <ns3:hr>146</ns3:hr>
            <ns3:cad>84</ns3:cad>
          </ns3:TrackPointExtension>
        </extensions>
      </trkpt>
      <trkpt lat="35.7589405216276645660400390625" lon="139.539508335292339324951171875">
        <ele>51.40000152587890625</ele>
        <time>2026-09-07T22:26:49.000Z</time>
        <extensions>
          <ns3:TrackPointExtension>
            <ns3:hr>146</ns3:hr>
            <ns3:cad>84</ns3:cad>
          </ns3:TrackPointExtension>
        </extensions>
      </trkpt>
      <trkpt lat="35.7589244283735752105712890625" lon="139.539494253695011138916015625">
        <ele>51.40000152587890625</ele>
        <time>2026-09-07T22:26:50.000Z</time>
        <extensions>
          <ns3:TrackPointExtension>
            <ns3:hr>146</ns3:hr>
            <ns3:cad>84</ns3:cad>
          </ns3:TrackPointExtension>
        </extensions>
      </trkpt>
      <trkpt lat="35.7589168846607208251953125" lon="139.53947581350803375244140625">
        <ele>51.40000152587890625</ele>
        <time>2026-09-07T22:26:51.000Z</time>
        <extensions>
          <ns3:TrackPointExtension>
            <ns3:hr>146</ns3:hr>
            <ns3:cad>84</ns3:cad>
          </ns3:TrackPointExtension>
        </extensions>
      </trkpt>
      <trkpt lat="35.75890674255788326263427734375" lon="139.5394598878920078277587890625">
        <ele>51.40000152587890625</ele>
        <time>2026-09-07T22:26:52.000Z</time>
        <extensions>
          <ns3:TrackPointExtension>
            <ns3:hr>146</ns3:hr>
            <ns3:cad>84</ns3:cad>
          </ns3:TrackPointExtension>
        </extensions>
      </trkpt>
      <trkpt lat="35.75889341533184051513671875" lon="139.5394469797611236572265625">
        <ele>51.200000762939453125</ele>
        <time>2026-09-07T22:26:53.000Z</time>
        <extensions>
          <ns3:TrackPointExtension>
            <ns3:hr>146</ns3:hr>
            <ns3:cad>84</ns3:cad>
          </ns3:TrackPointExtension>
        </extensions>
      </trkpt>
      <trkpt lat="35.75887732207775115966796875" lon="139.53942594118416309356689453125">
        <ele>51.200000762939453125</ele>
        <time>2026-09-07T22:26:54.000Z</time>
        <extensions>
          <ns3:TrackPointExtension>
            <ns3:hr>146</ns3:hr>
            <ns3:cad>84</ns3:cad>
          </ns3:TrackPointExtension>
        </extensions>
      </trkpt>
      <trkpt lat="35.75886122882366180419921875" lon="139.53940666280686855316162109375">
        <ele>51.40000152587890625</ele>
        <time>2026-09-07T22:26:55.000Z</time>
        <extensions>
          <ns3:TrackPointExtension>
            <ns3:hr>147</ns3:hr>
            <ns3:cad>84</ns3:cad>
          </ns3:TrackPointExtension>
        </extensions>
      </trkpt>
      <trkpt lat="35.758846141397953033447265625" lon="139.539373219013214111328125">
        <ele>51.40000152587890625</ele>
        <time>2026-09-07T22:26:56.000Z</time>
        <extensions>
          <ns3:TrackPointExtension>
            <ns3:hr>147</ns3:hr>
            <ns3:cad>83</ns3:cad>
          </ns3:TrackPointExtension>
        </extensions>
      </trkpt>
      <trkpt lat="35.7588345743715763092041015625" lon="139.53935938887298107147216796875">
        <ele>51.40000152587890625</ele>
        <time>2026-09-07T22:26:57.000Z</time>
        <extensions>
          <ns3:TrackPointExtension>
            <ns3:hr>146</ns3:hr>
            <ns3:cad>83</ns3:cad>
          </ns3:TrackPointExtension>
        </extensions>
      </trkpt>
      <trkpt lat="35.758820660412311553955078125" lon="139.53934581018984317779541015625">
        <ele>51.40000152587890625</ele>
        <time>2026-09-07T22:26:58.000Z</time>
        <extensions>
          <ns3:TrackPointExtension>
            <ns3:hr>146</ns3:hr>
            <ns3:cad>83</ns3:cad>
          </ns3:TrackPointExtension>
        </extensions>
      </trkpt>
      <trkpt lat="35.75881085358560085296630859375" lon="139.53933298587799072265625">
        <ele>51.40000152587890625</ele>
        <time>2026-09-07T22:26:59.000Z</time>
        <extensions>
          <ns3:TrackPointExtension>
            <ns3:hr>146</ns3:hr>
            <ns3:cad>83</ns3:cad>
          </ns3:TrackPointExtension>
        </extensions>
      </trkpt>
      <trkpt lat="35.7587970234453678131103515625" lon="139.5393168926239013671875">
        <ele>51.40000152587890625</ele>
        <time>2026-09-07T22:27:00.000Z</time>
        <extensions>
          <ns3:TrackPointExtension>
            <ns3:hr>146</ns3:hr>
            <ns3:cad>83</ns3:cad>
          </ns3:TrackPointExtension>
        </extensions>
      </trkpt>
      <trkpt lat="35.75878369621932506561279296875" lon="139.53930172137916088104248046875">
        <ele>51.40000152587890625</ele>
        <time>2026-09-07T22:27:01.000Z</time>
        <extensions>
          <ns3:TrackPointExtension>
            <ns3:hr>146</ns3:hr>
            <ns3:cad>83</ns3:cad>
          </ns3:TrackPointExtension>
        </extensions>
      </trkpt>
      <trkpt lat="35.7587698660790920257568359375" lon="139.53928730450570583343505859375">
        <ele>51.40000152587890625</ele>
        <time>2026-09-07T22:27:02.000Z</time>
        <extensions>
          <ns3:TrackPointExtension>
            <ns3:hr>146</ns3:hr>
            <ns3:cad>83</ns3:cad>
          </ns3:TrackPointExtension>
        </extensions>
      </trkpt>
      <trkpt lat="35.75875536538660526275634765625" lon="139.5392711274325847625732421875">
        <ele>51.40000152587890625</ele>
        <time>2026-09-07T22:27:03.000Z</time>
        <extensions>
          <ns3:TrackPointExtension>
            <ns3:hr>145</ns3:hr>
            <ns3:cad>83</ns3:cad>
          </ns3:TrackPointExtension>
        </extensions>
      </trkpt>
      <trkpt lat="35.75874279253184795379638671875" lon="139.5392516814172267913818359375">
        <ele>51.40000152587890625</ele>
        <time>2026-09-07T22:27:04.000Z</time>
        <extensions>
          <ns3:TrackPointExtension>
            <ns3:hr>145</ns3:hr>
            <ns3:cad>83</ns3:cad>
          </ns3:TrackPointExtension>
        </extensions>
      </trkpt>
      <trkpt lat="35.75872845947742462158203125" lon="139.5392382703721523284912109375">
        <ele>51.40000152587890625</ele>
        <time>2026-09-07T22:27:05.000Z</time>
        <extensions>
          <ns3:TrackPointExtension>
            <ns3:hr>145</ns3:hr>
            <ns3:cad>83</ns3:cad>
          </ns3:TrackPointExtension>
        </extensions>
      </trkpt>
      <trkpt lat="35.75871630571782588958740234375" lon="139.5392235182225704193115234375">
        <ele>51.59999847412109375</ele>
        <time>2026-09-07T22:27:06.000Z</time>
        <extensions>
          <ns3:TrackPointExtension>
            <ns3:hr>145</ns3:hr>
            <ns3:cad>83</ns3:cad>
          </ns3:TrackPointExtension>
        </extensions>
      </trkpt>
      <trkpt lat="35.75870138593018054962158203125" lon="139.539202563464641571044921875">
        <ele>51.799999237060546875</ele>
        <time>2026-09-07T22:27:07.000Z</time>
        <extensions>
          <ns3:TrackPointExtension>
            <ns3:hr>145</ns3:hr>
            <ns3:cad>82</ns3:cad>
          </ns3:TrackPointExtension>
        </extensions>
      </trkpt>
      <trkpt lat="35.75868822634220123291015625" lon="139.5391879789531230926513671875">
        <ele>51.799999237060546875</ele>
        <time>2026-09-07T22:27:08.000Z</time>
        <extensions>
          <ns3:TrackPointExtension>
            <ns3:hr>145</ns3:hr>
            <ns3:cad>82</ns3:cad>
          </ns3:TrackPointExtension>
        </extensions>
      </trkpt>
      <trkpt lat="35.7586729712784290313720703125" lon="139.53917138278484344482421875">
        <ele>51.799999237060546875</ele>
        <time>2026-09-07T22:27:09.000Z</time>
        <extensions>
          <ns3:TrackPointExtension>
            <ns3:hr>145</ns3:hr>
            <ns3:cad>83</ns3:cad>
          </ns3:TrackPointExtension>
        </extensions>
      </trkpt>
      <trkpt lat="35.75865813530981540679931640625" lon="139.539152942597866058349609375">
        <ele>52</ele>
        <time>2026-09-07T22:27:10.000Z</time>
        <extensions>
          <ns3:TrackPointExtension>
            <ns3:hr>145</ns3:hr>
            <ns3:cad>83</ns3:cad>
          </ns3:TrackPointExtension>
        </extensions>
      </trkpt>
      <trkpt lat="35.75864573009312152862548828125" lon="139.53913651406764984130859375">
        <ele>52.200000762939453125</ele>
        <time>2026-09-07T22:27:11.000Z</time>
        <extensions>
          <ns3:TrackPointExtension>
            <ns3:hr>144</ns3:hr>
            <ns3:cad>83</ns3:cad>
          </ns3:TrackPointExtension>
        </extensions>
      </trkpt>
      <trkpt lat="35.7586347497999668121337890625" lon="139.53912301920354366302490234375">
        <ele>52.200000762939453125</ele>
        <time>2026-09-07T22:27:12.000Z</time>
        <extensions>
          <ns3:TrackPointExtension>
            <ns3:hr>144</ns3:hr>
            <ns3:cad>82</ns3:cad>
          </ns3:TrackPointExtension>
        </extensions>
      </trkpt>
      <trkpt lat="35.7586183212697505950927734375" lon="139.53910139389336109161376953125">
        <ele>52.200000762939453125</ele>
        <time>2026-09-07T22:27:13.000Z</time>
        <extensions>
          <ns3:TrackPointExtension>
            <ns3:hr>144</ns3:hr>
            <ns3:cad>81</ns3:cad>
          </ns3:TrackPointExtension>
        </extensions>
      </trkpt>
      <trkpt lat="35.7586032338440418243408203125" lon="139.5390823669731616973876953125">
        <ele>52.200000762939453125</ele>
        <time>2026-09-07T22:27:14.000Z</time>
        <extensions>
          <ns3:TrackPointExtension>
            <ns3:hr>144</ns3:hr>
            <ns3:cad>81</ns3:cad>
          </ns3:TrackPointExtension>
        </extensions>
      </trkpt>
      <trkpt lat="35.75859074480831623077392578125" lon="139.53906585462391376495361328125">
        <ele>52</ele>
        <time>2026-09-07T22:27:15.000Z</time>
        <extensions>
          <ns3:TrackPointExtension>
            <ns3:hr>144</ns3:hr>
            <ns3:cad>82</ns3:cad>
          </ns3:TrackPointExtension>
        </extensions>
      </trkpt>
      <trkpt lat="35.75857548974454402923583984375" lon="139.5390501804649829864501953125">
        <ele>52</ele>
        <time>2026-09-07T22:27:16.000Z</time>
        <extensions>
          <ns3:TrackPointExtension>
            <ns3:hr>144</ns3:hr>
            <ns3:cad>83</ns3:cad>
          </ns3:TrackPointExtension>
        </extensions>
      </trkpt>
      <trkpt lat="35.75855989940464496612548828125" lon="139.53903324902057647705078125">
        <ele>52</ele>
        <time>2026-09-07T22:27:17.000Z</time>
        <extensions>
          <ns3:TrackPointExtension>
            <ns3:hr>144</ns3:hr>
            <ns3:cad>83</ns3:cad>
          </ns3:TrackPointExtension>
        </extensions>
      </trkpt>
      <trkpt lat="35.758542716503143310546875" lon="139.5390086062252521514892578125">
        <ele>51.799999237060546875</ele>
        <time>2026-09-07T22:27:18.000Z</time>
        <extensions>
          <ns3:TrackPointExtension>
            <ns3:hr>144</ns3:hr>
            <ns3:cad>83</ns3:cad>
          </ns3:TrackPointExtension>
        </extensions>
      </trkpt>
      <trkpt lat="35.7585288025438785552978515625" lon="139.53898874111473560333251953125">
        <ele>51.799999237060546875</ele>
        <time>2026-09-07T22:27:19.000Z</time>
        <extensions>
          <ns3:TrackPointExtension>
            <ns3:hr>144</ns3:hr>
            <ns3:cad>83</ns3:cad>
          </ns3:TrackPointExtension>
        </extensions>
      </trkpt>
      <trkpt lat="35.75851522386074066162109375" lon="139.53896946273744106292724609375">
        <ele>51.799999237060546875</ele>
        <time>2026-09-07T22:27:20.000Z</time>
        <extensions>
          <ns3:TrackPointExtension>
            <ns3:hr>144</ns3:hr>
            <ns3:cad>83</ns3:cad>
          </ns3:TrackPointExtension>
        </extensions>
      </trkpt>
      <trkpt lat="35.75850089080631732940673828125" lon="139.5389502681791782379150390625">
        <ele>51.799999237060546875</ele>
        <time>2026-09-07T22:27:21.000Z</time>
        <extensions>
          <ns3:TrackPointExtension>
            <ns3:hr>144</ns3:hr>
            <ns3:cad>83</ns3:cad>
          </ns3:TrackPointExtension>
        </extensions>
      </trkpt>
      <trkpt lat="35.75848429463803768157958984375" lon="139.53893023543059825897216796875">
        <ele>51.59999847412109375</ele>
        <time>2026-09-07T22:27:22.000Z</time>
        <extensions>
          <ns3:TrackPointExtension>
            <ns3:hr>144</ns3:hr>
            <ns3:cad>82</ns3:cad>
          </ns3:TrackPointExtension>
        </extensions>
      </trkpt>
      <trkpt lat="35.7584651000797748565673828125" lon="139.53891145996749401092529296875">
        <ele>51.59999847412109375</ele>
        <time>2026-09-07T22:27:23.000Z</time>
        <extensions>
          <ns3:TrackPointExtension>
            <ns3:hr>144</ns3:hr>
            <ns3:cad>82</ns3:cad>
          </ns3:TrackPointExtension>
        </extensions>
      </trkpt>
      <trkpt lat="35.7584480009973049163818359375" lon="139.5388942770659923553466796875">
        <ele>51.59999847412109375</ele>
        <time>2026-09-07T22:27:24.000Z</time>
        <extensions>
          <ns3:TrackPointExtension>
            <ns3:hr>144</ns3:hr>
            <ns3:cad>82</ns3:cad>
          </ns3:TrackPointExtension>
        </extensions>
      </trkpt>
      <trkpt lat="35.75843702070415019989013671875" lon="139.53887809999287128448486328125">
        <ele>51.59999847412109375</ele>
        <time>2026-09-07T22:27:25.000Z</time>
        <extensions>
          <ns3:TrackPointExtension>
            <ns3:hr>144</ns3:hr>
            <ns3:cad>82</ns3:cad>
          </ns3:TrackPointExtension>
        </extensions>
      </trkpt>
      <trkpt lat="35.75841858051717281341552734375" lon="139.5388547144830226898193359375">
        <ele>51.59999847412109375</ele>
        <time>2026-09-07T22:27:26.000Z</time>
        <extensions>
          <ns3:TrackPointExtension>
            <ns3:hr>144</ns3:hr>
            <ns3:cad>83</ns3:cad>
          </ns3:TrackPointExtension>
        </extensions>
      </trkpt>
      <trkpt lat="35.75840525329113006591796875" lon="139.53883317299187183380126953125">
        <ele>51.59999847412109375</ele>
        <time>2026-09-07T22:27:27.000Z</time>
        <extensions>
          <ns3:TrackPointExtension>
            <ns3:hr>144</ns3:hr>
            <ns3:cad>83</ns3:cad>
          </ns3:TrackPointExtension>
        </extensions>
      </trkpt>
      <trkpt lat="35.7583910040557384490966796875" lon="139.53881138004362583160400390625">
        <ele>51.59999847412109375</ele>
        <time>2026-09-07T22:27:28.000Z</time>
        <extensions>
          <ns3:TrackPointExtension>
            <ns3:hr>144</ns3:hr>
            <ns3:cad>83</ns3:cad>
          </ns3:TrackPointExtension>
        </extensions>
      </trkpt>
      <trkpt lat="35.7583752460777759552001953125" lon="139.53879076056182384490966796875">
        <ele>51.59999847412109375</ele>
        <time>2026-09-07T22:27:29.000Z</time>
        <extensions>
          <ns3:TrackPointExtension>
            <ns3:hr>144</ns3:hr>
            <ns3:cad>83</ns3:cad>
          </ns3:TrackPointExtension>
        </extensions>
      </trkpt>
      <trkpt lat="35.758359320461750030517578125" lon="139.5387683808803558349609375">
        <ele>51.59999847412109375</ele>
        <time>2026-09-07T22:27:30.000Z</time>
        <extensions>
          <ns3:TrackPointExtension>
            <ns3:hr>145</ns3:hr>
            <ns3:cad>83</ns3:cad>
          </ns3:TrackPointExtension>
        </extensions>
      </trkpt>
      <trkpt lat="35.7583464123308658599853515625" lon="139.53874851576983928680419921875">
        <ele>51.59999847412109375</ele>
        <time>2026-09-07T22:27:31.000Z</time>
        <extensions>
          <ns3:TrackPointExtension>
            <ns3:hr>145</ns3:hr>
            <ns3:cad>83</ns3:cad>
          </ns3:TrackPointExtension>
        </extensions>
      </trkpt>
      <trkpt lat="35.7583323307335376739501953125" lon="139.53872772864997386932373046875">
        <ele>51.59999847412109375</ele>
        <time>2026-09-07T22:27:32.000Z</time>
        <extensions>
          <ns3:TrackPointExtension>
            <ns3:hr>145</ns3:hr>
            <ns3:cad>83</ns3:cad>
          </ns3:TrackPointExtension>
        </extensions>
      </trkpt>
      <trkpt lat="35.7583179138600826263427734375" lon="139.5387001521885395050048828125">
        <ele>51.59999847412109375</ele>
        <time>2026-09-07T22:27:33.000Z</time>
        <extensions>
          <ns3:TrackPointExtension>
            <ns3:hr>145</ns3:hr>
            <ns3:cad>83</ns3:cad>
          </ns3:TrackPointExtension>
        </extensions>
      </trkpt>
      <trkpt lat="35.75830978341400623321533203125" lon="139.53868062235414981842041015625">
        <ele>51.59999847412109375</ele>
        <time>2026-09-07T22:27:34.000Z</time>
        <extensions>
          <ns3:TrackPointExtension>
            <ns3:hr>146</ns3:hr>
            <ns3:cad>85</ns3:cad>
          </ns3:TrackPointExtension>
        </extensions>
      </trkpt>
      <trkpt lat="35.7582974620163440704345703125" lon="139.53865078277885913848876953125">
        <ele>51.59999847412109375</ele>
        <time>2026-09-07T22:27:35.000Z</time>
        <extensions>
          <ns3:TrackPointExtension>
            <ns3:hr>146</ns3:hr>
            <ns3:cad>86</ns3:cad>
          </ns3:TrackPointExtension>
        </extensions>
      </trkpt>
      <trkpt lat="35.7582917623221874237060546875" lon="139.5386300794780254364013671875">
        <ele>51.59999847412109375</ele>
        <time>2026-09-07T22:27:36.000Z</time>
        <extensions>
          <ns3:TrackPointExtension>
            <ns3:hr>146</ns3:hr>
            <ns3:cad>86</ns3:cad>
          </ns3:TrackPointExtension>
        </extensions>
      </trkpt>
      <trkpt lat="35.75828329659998416900634765625" lon="139.5386029221117496490478515625">
        <ele>51.59999847412109375</ele>
        <time>2026-09-07T22:27:37.000Z</time>
        <extensions>
          <ns3:TrackPointExtension>
            <ns3:hr>146</ns3:hr>
            <ns3:cad>85</ns3:cad>
          </ns3:TrackPointExtension>
        </extensions>
      </trkpt>
      <trkpt lat="35.758270807564258575439453125" lon="139.5385724119842052459716796875">
        <ele>51.59999847412109375</ele>
        <time>2026-09-07T22:27:38.000Z</time>
        <extensions>
          <ns3:TrackPointExtension>
            <ns3:hr>146</ns3:hr>
            <ns3:cad>85</ns3:cad>
          </ns3:TrackPointExtension>
        </extensions>
      </trkpt>
      <trkpt lat="35.75825831852853298187255859375" lon="139.53854617662727832794189453125">
        <ele>51.59999847412109375</ele>
        <time>2026-09-07T22:27:39.000Z</time>
        <extensions>
          <ns3:TrackPointExtension>
            <ns3:hr>146</ns3:hr>
            <ns3:cad>85</ns3:cad>
          </ns3:TrackPointExtension>
        </extensions>
      </trkpt>
      <trkpt lat="35.75824742205440998077392578125" lon="139.53852103091776371002197265625">
        <ele>51.59999847412109375</ele>
        <time>2026-09-07T22:27:40.000Z</time>
        <extensions>
          <ns3:TrackPointExtension>
            <ns3:hr>146</ns3:hr>
            <ns3:cad>84</ns3:cad>
          </ns3:TrackPointExtension>
        </extensions>
      </trkpt>
      <trkpt lat="35.7582304067909717559814453125" lon="139.53850091435015201568603515625">
        <ele>51.799999237060546875</ele>
        <time>2026-09-07T22:27:41.000Z</time>
        <extensions>
          <ns3:TrackPointExtension>
            <ns3:hr>146</ns3:hr>
            <ns3:cad>84</ns3:cad>
          </ns3:TrackPointExtension>
        </extensions>
      </trkpt>
      <trkpt lat="35.75821674428880214691162109375" lon="139.53847878612577915191650390625">
        <ele>51.799999237060546875</ele>
        <time>2026-09-07T22:27:42.000Z</time>
        <extensions>
          <ns3:TrackPointExtension>
            <ns3:hr>146</ns3:hr>
            <ns3:cad>84</ns3:cad>
          </ns3:TrackPointExtension>
        </extensions>
      </trkpt>
      <trkpt lat="35.7582035847008228302001953125" lon="139.5384554006159305572509765625">
        <ele>51.799999237060546875</ele>
        <time>2026-09-07T22:27:43.000Z</time>
        <extensions>
          <ns3:TrackPointExtension>
            <ns3:hr>145</ns3:hr>
            <ns3:cad>84</ns3:cad>
          </ns3:TrackPointExtension>
        </extensions>
      </trkpt>
      <trkpt lat="35.75819159857928752899169921875" lon="139.5384336076676845550537109375">
        <ele>51.799999237060546875</ele>
        <time>2026-09-07T22:27:44.000Z</time>
        <extensions>
          <ns3:TrackPointExtension>
            <ns3:hr>145</ns3:hr>
            <ns3:cad>84</ns3:cad>
          </ns3:TrackPointExtension>
        </extensions>
      </trkpt>
      <trkpt lat="35.7581784389913082122802734375" lon="139.5384104736149311065673828125">
        <ele>51.799999237060546875</ele>
        <time>2026-09-07T22:27:45.000Z</time>
        <extensions>
          <ns3:TrackPointExtension>
            <ns3:hr>145</ns3:hr>
            <ns3:cad>84</ns3:cad>
          </ns3:TrackPointExtension>
        </extensions>
      </trkpt>
      <trkpt lat="35.75816544704139232635498046875" lon="139.53839027322828769683837890625">
        <ele>51.799999237060546875</ele>
        <time>2026-09-07T22:27:46.000Z</time>
        <extensions>
          <ns3:TrackPointExtension>
            <ns3:hr>145</ns3:hr>
            <ns3:cad>84</ns3:cad>
          </ns3:TrackPointExtension>
        </extensions>
      </trkpt>
      <trkpt lat="35.75815337710082530975341796875" lon="139.5383672229945659637451171875">
        <ele>51.799999237060546875</ele>
        <time>2026-09-07T22:27:47.000Z</time>
        <extensions>
          <ns3:TrackPointExtension>
            <ns3:hr>145</ns3:hr>
            <ns3:cad>85</ns3:cad>
          </ns3:TrackPointExtension>
        </extensions>
      </trkpt>
      <trkpt lat="35.75814373791217803955078125" lon="139.53834450803697109222412109375">
        <ele>51.799999237060546875</ele>
        <time>2026-09-07T22:27:48.000Z</time>
        <extensions>
          <ns3:TrackPointExtension>
            <ns3:hr>145</ns3:hr>
            <ns3:cad>85</ns3:cad>
          </ns3:TrackPointExtension>
        </extensions>
      </trkpt>
      <trkpt lat="35.7581348530948162078857421875" lon="139.53832120634615421295166015625">
        <ele>51.799999237060546875</ele>
        <time>2026-09-07T22:27:49.000Z</time>
        <extensions>
          <ns3:TrackPointExtension>
            <ns3:hr>145</ns3:hr>
            <ns3:cad>85</ns3:cad>
          </ns3:TrackPointExtension>
        </extensions>
      </trkpt>
      <trkpt lat="35.75812630355358123779296875" lon="139.5382958091795444488525390625">
        <ele>51.799999237060546875</ele>
        <time>2026-09-07T22:27:50.000Z</time>
        <extensions>
          <ns3:TrackPointExtension>
            <ns3:hr>145</ns3:hr>
            <ns3:cad>85</ns3:cad>
          </ns3:TrackPointExtension>
        </extensions>
      </trkpt>
      <trkpt lat="35.7581184245645999908447265625" lon="139.5382726751267910003662109375">
        <ele>51.799999237060546875</ele>
        <time>2026-09-07T22:27:51.000Z</time>
        <extensions>
          <ns3:TrackPointExtension>
            <ns3:hr>145</ns3:hr>
            <ns3:cad>85</ns3:cad>
          </ns3:TrackPointExtension>
        </extensions>
      </trkpt>
      <trkpt lat="35.75811129994690418243408203125" lon="139.53824945725500583648681640625">
        <ele>51.799999237060546875</ele>
        <time>2026-09-07T22:27:52.000Z</time>
        <extensions>
          <ns3:TrackPointExtension>
            <ns3:hr>145</ns3:hr>
            <ns3:cad>85</ns3:cad>
          </ns3:TrackPointExtension>
        </extensions>
      </trkpt>
      <trkpt lat="35.7581023313105106353759765625" lon="139.53822867013514041900634765625">
        <ele>51.799999237060546875</ele>
        <time>2026-09-07T22:27:53.000Z</time>
        <extensions>
          <ns3:TrackPointExtension>
            <ns3:hr>145</ns3:hr>
            <ns3:cad>85</ns3:cad>
          </ns3:TrackPointExtension>
        </extensions>
      </trkpt>
      <trkpt lat="35.75809604488313198089599609375" lon="139.538203440606594085693359375">
        <ele>51.799999237060546875</ele>
        <time>2026-09-07T22:27:54.000Z</time>
        <extensions>
          <ns3:TrackPointExtension>
            <ns3:hr>145</ns3:hr>
            <ns3:cad>84</ns3:cad>
          </ns3:TrackPointExtension>
        </extensions>
      </trkpt>
      <trkpt lat="35.75809068046510219573974609375" lon="139.53817737288773059844970703125">
        <ele>51.799999237060546875</ele>
        <time>2026-09-07T22:27:55.000Z</time>
        <extensions>
          <ns3:TrackPointExtension>
            <ns3:hr>145</ns3:hr>
            <ns3:cad>84</ns3:cad>
          </ns3:TrackPointExtension>
        </extensions>
      </trkpt>
      <trkpt lat="35.7580827176570892333984375" lon="139.5381536521017551422119140625">
        <ele>51.799999237060546875</ele>
        <time>2026-09-07T22:27:56.000Z</time>
        <extensions>
          <ns3:TrackPointExtension>
            <ns3:hr>145</ns3:hr>
            <ns3:cad>84</ns3:cad>
          </ns3:TrackPointExtension>
        </extensions>
      </trkpt>
      <trkpt lat="35.75807936489582061767578125" lon="139.53813479281961917877197265625">
        <ele>51.799999237060546875</ele>
        <time>2026-09-07T22:27:57.000Z</time>
        <extensions>
          <ns3:TrackPointExtension>
            <ns3:hr>145</ns3:hr>
            <ns3:cad>84</ns3:cad>
          </ns3:TrackPointExtension>
        </extensions>
      </trkpt>
      <trkpt lat="35.75807525776326656341552734375" lon="139.53810696490108966827392578125">
        <ele>51.799999237060546875</ele>
        <time>2026-09-07T22:27:58.000Z</time>
        <extensions>
          <ns3:TrackPointExtension>
            <ns3:hr>145</ns3:hr>
            <ns3:cad>85</ns3:cad>
          </ns3:TrackPointExtension>
        </extensions>
      </trkpt>
      <trkpt lat="35.75807123444974422454833984375" lon="139.53807930462062358856201171875">
        <ele>51.799999237060546875</ele>
        <time>2026-09-07T22:27:59.000Z</time>
        <extensions>
          <ns3:TrackPointExtension>
            <ns3:hr>145</ns3:hr>
            <ns3:cad>85</ns3:cad>
          </ns3:TrackPointExtension>
        </extensions>
      </trkpt>
      <trkpt lat="35.7580657862126827239990234375" lon="139.5380540750920772552490234375">
        <ele>51.799999237060546875</ele>
        <time>2026-09-07T22:28:00.000Z</time>
        <extensions>
          <ns3:TrackPointExtension>
            <ns3:hr>145</ns3:hr>
            <ns3:cad>85</ns3:cad>
          </ns3:TrackPointExtension>
        </extensions>
      </trkpt>
      <trkpt lat="35.75805924832820892333984375" lon="139.53802482225000858306884765625">
        <ele>51.799999237060546875</ele>
        <time>2026-09-07T22:28:01.000Z</time>
        <extensions>
          <ns3:TrackPointExtension>
            <ns3:hr>145</ns3:hr>
            <ns3:cad>85</ns3:cad>
          </ns3:TrackPointExtension>
        </extensions>
      </trkpt>
      <trkpt lat="35.7580558955669403076171875" lon="139.538002274930477142333984375">
        <ele>51.799999237060546875</ele>
        <time>2026-09-07T22:28:02.000Z</time>
        <extensions>
          <ns3:TrackPointExtension>
            <ns3:hr>145</ns3:hr>
            <ns3:cad>85</ns3:cad>
          </ns3:TrackPointExtension>
        </extensions>
      </trkpt>
      <trkpt lat="35.758053548634052276611328125" lon="139.5379789732396602630615234375">
        <ele>51.799999237060546875</ele>
        <time>2026-09-07T22:28:03.000Z</time>
        <extensions>
          <ns3:TrackPointExtension>
            <ns3:hr>145</ns3:hr>
            <ns3:cad>85</ns3:cad>
          </ns3:TrackPointExtension>
        </extensions>
      </trkpt>
      <trkpt lat="35.758054219186305999755859375" lon="139.53795810230076313018798828125">
        <ele>51.799999237060546875</ele>
        <time>2026-09-07T22:28:04.000Z</time>
        <extensions>
          <ns3:TrackPointExtension>
            <ns3:hr>144</ns3:hr>
            <ns3:cad>86</ns3:cad>
          </ns3:TrackPointExtension>
        </extensions>
      </trkpt>
      <trkpt lat="35.75804558582603931427001953125" lon="139.53793966211378574371337890625">
        <ele>51.799999237060546875</ele>
        <time>2026-09-07T22:28:05.000Z</time>
        <extensions>
          <ns3:TrackPointExtension>
            <ns3:hr>144</ns3:hr>
            <ns3:cad>86</ns3:cad>
          </ns3:TrackPointExtension>
        </extensions>
      </trkpt>
      <trkpt lat="35.7580335997045040130615234375" lon="139.53791317529976367950439453125">
        <ele>51.799999237060546875</ele>
        <time>2026-09-07T22:28:06.000Z</time>
        <extensions>
          <ns3:TrackPointExtension>
            <ns3:hr>144</ns3:hr>
            <ns3:cad>86</ns3:cad>
          </ns3:TrackPointExtension>
        </extensions>
      </trkpt>
      <trkpt lat="35.758022032678127288818359375" lon="139.53788517974317073822021484375">
        <ele>52</ele>
        <time>2026-09-07T22:28:07.000Z</time>
        <extensions>
          <ns3:TrackPointExtension>
            <ns3:hr>144</ns3:hr>
            <ns3:cad>86</ns3:cad>
          </ns3:TrackPointExtension>
        </extensions>
      </trkpt>
      <trkpt lat="35.758006274700164794921875" lon="139.537858776748180389404296875">
        <ele>52</ele>
        <time>2026-09-07T22:28:08.000Z</time>
        <extensions>
          <ns3:TrackPointExtension>
            <ns3:hr>144</ns3:hr>
            <ns3:cad>86</ns3:cad>
          </ns3:TrackPointExtension>
        </extensions>
      </trkpt>
      <trkpt lat="35.7579903490841388702392578125" lon="139.53783170320093631744384765625">
        <ele>52</ele>
        <time>2026-09-07T22:28:09.000Z</time>
        <extensions>
          <ns3:TrackPointExtension>
            <ns3:hr>144</ns3:hr>
            <ns3:cad>85</ns3:cad>
          </ns3:TrackPointExtension>
        </extensions>
      </trkpt>
      <trkpt lat="35.757963359355926513671875" lon="139.53780806623399257659912109375">
        <ele>52</ele>
        <time>2026-09-07T22:28:10.000Z</time>
        <extensions>
          <ns3:TrackPointExtension>
            <ns3:hr>144</ns3:hr>
            <ns3:cad>85</ns3:cad>
          </ns3:TrackPointExtension>
        </extensions>
      </trkpt>
      <trkpt lat="35.7579397223889827728271484375" lon="139.5377747900784015655517578125">
        <ele>52</ele>
        <time>2026-09-07T22:28:11.000Z</time>
        <extensions>
          <ns3:TrackPointExtension>
            <ns3:hr>144</ns3:hr>
            <ns3:cad>85</ns3:cad>
          </ns3:TrackPointExtension>
        </extensions>
      </trkpt>
      <trkpt lat="35.7579271495342254638671875" lon="139.53774855472147464752197265625">
        <ele>52.200000762939453125</ele>
        <time>2026-09-07T22:28:12.000Z</time>
        <extensions>
          <ns3:TrackPointExtension>
            <ns3:hr>145</ns3:hr>
            <ns3:cad>85</ns3:cad>
          </ns3:TrackPointExtension>
        </extensions>
      </trkpt>
      <trkpt lat="35.7579152472317218780517578125" lon="139.53772793523967266082763671875">
        <ele>52.200000762939453125</ele>
        <time>2026-09-07T22:28:13.000Z</time>
        <extensions>
          <ns3:TrackPointExtension>
            <ns3:hr>145</ns3:hr>
            <ns3:cad>85</ns3:cad>
          </ns3:TrackPointExtension>
        </extensions>
      </trkpt>
      <trkpt lat="35.75790770351886749267578125" lon="139.53769876621663570404052734375">
        <ele>52.40000152587890625</ele>
        <time>2026-09-07T22:28:14.000Z</time>
        <extensions>
          <ns3:TrackPointExtension>
            <ns3:hr>145</ns3:hr>
            <ns3:cad>84</ns3:cad>
          </ns3:TrackPointExtension>
        </extensions>
      </trkpt>
      <trkpt lat="35.7578978128731250762939453125" lon="139.53767965547740459442138671875">
        <ele>52.59999847412109375</ele>
        <time>2026-09-07T22:28:15.000Z</time>
        <extensions>
          <ns3:TrackPointExtension>
            <ns3:hr>145</ns3:hr>
            <ns3:cad>84</ns3:cad>
          </ns3:TrackPointExtension>
        </extensions>
      </trkpt>
      <trkpt lat="35.7578867487609386444091796875" lon="139.5376607961952686309814453125">
        <ele>52.799999237060546875</ele>
        <time>2026-09-07T22:28:16.000Z</time>
        <extensions>
          <ns3:TrackPointExtension>
            <ns3:hr>145</ns3:hr>
            <ns3:cad>84</ns3:cad>
          </ns3:TrackPointExtension>
        </extensions>
      </trkpt>
      <trkpt lat="35.757868476212024688720703125" lon="139.53763137571513652801513671875">
        <ele>52.799999237060546875</ele>
        <time>2026-09-07T22:28:17.000Z</time>
        <extensions>
          <ns3:TrackPointExtension>
            <ns3:hr>144</ns3:hr>
            <ns3:cad>84</ns3:cad>
          </ns3:TrackPointExtension>
        </extensions>
      </trkpt>
      <trkpt lat="35.757856406271457672119140625" lon="139.53760941512882709503173828125">
        <ele>53</ele>
        <time>2026-09-07T22:28:18.000Z</time>
        <extensions>
          <ns3:TrackPointExtension>
            <ns3:hr>144</ns3:hr>
            <ns3:cad>84</ns3:cad>
          </ns3:TrackPointExtension>
        </extensions>
      </trkpt>
      <trkpt lat="35.75784777291119098663330078125" lon="139.5375893823802471160888671875">
        <ele>53</ele>
        <time>2026-09-07T22:28:19.000Z</time>
        <extensions>
          <ns3:TrackPointExtension>
            <ns3:hr>144</ns3:hr>
            <ns3:cad>84</ns3:cad>
          </ns3:TrackPointExtension>
        </extensions>
      </trkpt>
      <trkpt lat="35.7578441686928272247314453125" lon="139.53756851144134998321533203125">
        <ele>53</ele>
        <time>2026-09-07T22:28:20.000Z</time>
        <extensions>
          <ns3:TrackPointExtension>
            <ns3:hr>144</ns3:hr>
            <ns3:cad>84</ns3:cad>
          </ns3:TrackPointExtension>
        </extensions>
      </trkpt>
      <trkpt lat="35.757832266390323638916015625" lon="139.53754252754151821136474609375">
        <ele>53.200000762939453125</ele>
        <time>2026-09-07T22:28:21.000Z</time>
        <extensions>
          <ns3:TrackPointExtension>
            <ns3:hr>144</ns3:hr>
            <ns3:cad>83</ns3:cad>
          </ns3:TrackPointExtension>
        </extensions>
      </trkpt>
      <trkpt lat="35.75782715342938899993896484375" lon="139.5375211536884307861328125">
        <ele>53.200000762939453125</ele>
        <time>2026-09-07T22:28:22.000Z</time>
        <extensions>
          <ns3:TrackPointExtension>
            <ns3:hr>144</ns3:hr>
            <ns3:cad>81</ns3:cad>
          </ns3:TrackPointExtension>
        </extensions>
      </trkpt>
      <trkpt lat="35.75782447122037410736083984375" lon="139.5375015400350093841552734375">
        <ele>53.200000762939453125</ele>
        <time>2026-09-07T22:28:23.000Z</time>
        <extensions>
          <ns3:TrackPointExtension>
            <ns3:hr>145</ns3:hr>
            <ns3:cad>81</ns3:cad>
          </ns3:TrackPointExtension>
        </extensions>
      </trkpt>
      <trkpt lat="35.75781944207847118377685546875" lon="139.53747781924903392791748046875">
        <ele>53.200000762939453125</ele>
        <time>2026-09-07T22:28:24.000Z</time>
        <extensions>
          <ns3:TrackPointExtension>
            <ns3:hr>145</ns3:hr>
            <ns3:cad>81</ns3:cad>
          </ns3:TrackPointExtension>
        </extensions>
      </trkpt>
      <trkpt lat="35.75781407766044139862060546875" lon="139.5374532602727413177490234375">
        <ele>53.200000762939453125</ele>
        <time>2026-09-07T22:28:25.000Z</time>
        <extensions>
          <ns3:TrackPointExtension>
            <ns3:hr>145</ns3:hr>
            <ns3:cad>82</ns3:cad>
          </ns3:TrackPointExtension>
        </extensions>
      </trkpt>
      <trkpt lat="35.757806114852428436279296875" lon="139.537430293858051300048828125">
        <ele>53.40000152587890625</ele>
        <time>2026-09-07T22:28:26.000Z</time>
        <extensions>
          <ns3:TrackPointExtension>
            <ns3:hr>147</ns3:hr>
            <ns3:cad>83</ns3:cad>
          </ns3:TrackPointExtension>
        </extensions>
      </trkpt>
      <trkpt lat="35.757796727120876312255859375" lon="139.53740556724369525909423828125">
        <ele>53.40000152587890625</ele>
        <time>2026-09-07T22:28:27.000Z</time>
        <extensions>
          <ns3:TrackPointExtension>
            <ns3:hr>148</ns3:hr>
            <ns3:cad>84</ns3:cad>
          </ns3:TrackPointExtension>
        </extensions>
      </trkpt>
      <trkpt lat="35.757785998284816741943359375" lon="139.537384696304798126220703125">
        <ele>53.40000152587890625</ele>
        <time>2026-09-07T22:28:28.000Z</time>
        <extensions>
          <ns3:TrackPointExtension>
            <ns3:hr>148</ns3:hr>
            <ns3:cad>85</ns3:cad>
          </ns3:TrackPointExtension>
        </extensions>
      </trkpt>
      <trkpt lat="35.75777904130518436431884765625" lon="139.5373573713004589080810546875">
        <ele>53.40000152587890625</ele>
        <time>2026-09-07T22:28:29.000Z</time>
        <extensions>
          <ns3:TrackPointExtension>
            <ns3:hr>148</ns3:hr>
            <ns3:cad>85</ns3:cad>
          </ns3:TrackPointExtension>
        </extensions>
      </trkpt>
      <trkpt lat="35.757777281105518341064453125" lon="139.53733482398092746734619140625">
        <ele>53.40000152587890625</ele>
        <time>2026-09-07T22:28:30.000Z</time>
        <extensions>
          <ns3:TrackPointExtension>
            <ns3:hr>148</ns3:hr>
            <ns3:cad>84</ns3:cad>
          </ns3:TrackPointExtension>
        </extensions>
      </trkpt>
      <trkpt lat="35.75777267105877399444580078125" lon="139.53731118701398372650146484375">
        <ele>53.40000152587890625</ele>
        <time>2026-09-07T22:28:31.000Z</time>
        <extensions>
          <ns3:TrackPointExtension>
            <ns3:hr>148</ns3:hr>
            <ns3:cad>83</ns3:cad>
          </ns3:TrackPointExtension>
        </extensions>
      </trkpt>
      <trkpt lat="35.75777049176394939422607421875" lon="139.537286125123500823974609375">
        <ele>53.40000152587890625</ele>
        <time>2026-09-07T22:28:32.000Z</time>
        <extensions>
          <ns3:TrackPointExtension>
            <ns3:hr>148</ns3:hr>
            <ns3:cad>83</ns3:cad>
          </ns3:TrackPointExtension>
        </extensions>
      </trkpt>
      <trkpt lat="35.7577621936798095703125" lon="139.537265002727508544921875">
        <ele>53.40000152587890625</ele>
        <time>2026-09-07T22:28:33.000Z</time>
        <extensions>
          <ns3:TrackPointExtension>
            <ns3:hr>148</ns3:hr>
            <ns3:cad>83</ns3:cad>
          </ns3:TrackPointExtension>
        </extensions>
      </trkpt>
      <trkpt lat="35.7577554881572723388671875" lon="139.5372475683689117431640625">
        <ele>53.59999847412109375</ele>
        <time>2026-09-07T22:28:34.000Z</time>
        <extensions>
          <ns3:TrackPointExtension>
            <ns3:hr>148</ns3:hr>
            <ns3:cad>83</ns3:cad>
          </ns3:TrackPointExtension>
        </extensions>
      </trkpt>
      <trkpt lat="35.7577499561011791229248046875" lon="139.5372292958199977874755859375">
        <ele>53.59999847412109375</ele>
        <time>2026-09-07T22:28:35.000Z</time>
        <extensions>
          <ns3:TrackPointExtension>
            <ns3:hr>148</ns3:hr>
            <ns3:cad>83</ns3:cad>
          </ns3:TrackPointExtension>
        </extensions>
      </trkpt>
      <trkpt lat="35.7577479444444179534912109375" lon="139.53721026889979839324951171875">
        <ele>53.59999847412109375</ele>
        <time>2026-09-07T22:28:36.000Z</time>
        <extensions>
          <ns3:TrackPointExtension>
            <ns3:hr>148</ns3:hr>
            <ns3:cad>83</ns3:cad>
          </ns3:TrackPointExtension>
        </extensions>
      </trkpt>
      <trkpt lat="35.75774542987346649169921875" lon="139.5371920801699161529541015625">
        <ele>53.59999847412109375</ele>
        <time>2026-09-07T22:28:37.000Z</time>
        <extensions>
          <ns3:TrackPointExtension>
            <ns3:hr>148</ns3:hr>
            <ns3:cad>83</ns3:cad>
          </ns3:TrackPointExtension>
        </extensions>
      </trkpt>
      <trkpt lat="35.75774551369249820709228515625" lon="139.53717305324971675872802734375">
        <ele>53.59999847412109375</ele>
        <time>2026-09-07T22:28:38.000Z</time>
        <extensions>
          <ns3:TrackPointExtension>
            <ns3:hr>148</ns3:hr>
            <ns3:cad>82</ns3:cad>
          </ns3:TrackPointExtension>
        </extensions>
      </trkpt>
      <trkpt lat="35.75773872435092926025390625" lon="139.53715846873819828033447265625">
        <ele>53.59999847412109375</ele>
        <time>2026-09-07T22:28:39.000Z</time>
        <extensions>
          <ns3:TrackPointExtension>
            <ns3:hr>148</ns3:hr>
            <ns3:cad>82</ns3:cad>
          </ns3:TrackPointExtension>
        </extensions>
      </trkpt>
      <trkpt lat="35.75772665441036224365234375" lon="139.5371357537806034088134765625">
        <ele>53.59999847412109375</ele>
        <time>2026-09-07T22:28:40.000Z</time>
        <extensions>
          <ns3:TrackPointExtension>
            <ns3:hr>147</ns3:hr>
            <ns3:cad>82</ns3:cad>
          </ns3:TrackPointExtension>
        </extensions>
      </trkpt>
      <trkpt lat="35.75771617703139781951904296875" lon="139.537115134298801422119140625">
        <ele>53.59999847412109375</ele>
        <time>2026-09-07T22:28:41.000Z</time>
        <extensions>
          <ns3:TrackPointExtension>
            <ns3:hr>146</ns3:hr>
            <ns3:cad>82</ns3:cad>
          </ns3:TrackPointExtension>
        </extensions>
      </trkpt>
      <trkpt lat="35.7577072083950042724609375" lon="139.53709644265472888946533203125">
        <ele>53.799999237060546875</ele>
        <time>2026-09-07T22:28:42.000Z</time>
        <extensions>
          <ns3:TrackPointExtension>
            <ns3:hr>143</ns3:hr>
            <ns3:cad>82</ns3:cad>
          </ns3:TrackPointExtension>
        </extensions>
      </trkpt>
      <trkpt lat="35.75769639573991298675537109375" lon="139.5370727218687534332275390625">
        <ele>53.799999237060546875</ele>
        <time>2026-09-07T22:28:43.000Z</time>
        <extensions>
          <ns3:TrackPointExtension>
            <ns3:hr>141</ns3:hr>
            <ns3:cad>82</ns3:cad>
          </ns3:TrackPointExtension>
        </extensions>
      </trkpt>
      <trkpt lat="35.75768264941871166229248046875" lon="139.53704950399696826934814453125">
        <ele>53.799999237060546875</ele>
        <time>2026-09-07T22:28:44.000Z</time>
        <extensions>
          <ns3:TrackPointExtension>
            <ns3:hr>139</ns3:hr>
            <ns3:cad>82</ns3:cad>
          </ns3:TrackPointExtension>
        </extensions>
      </trkpt>
      <trkpt lat="35.7576616108417510986328125" lon="139.53700273297727108001708984375">
        <ele>53.799999237060546875</ele>
        <time>2026-09-07T22:28:45.000Z</time>
        <extensions>
          <ns3:TrackPointExtension>
            <ns3:hr>138</ns3:hr>
            <ns3:cad>82</ns3:cad>
          </ns3:TrackPointExtension>
        </extensions>
      </trkpt>
      <trkpt lat="35.7576557435095310211181640625" lon="139.536958895623683929443359375">
        <ele>53.799999237060546875</ele>
        <time>2026-09-07T22:28:46.000Z</time>
        <extensions>
          <ns3:TrackPointExtension>
            <ns3:hr>137</ns3:hr>
            <ns3:cad>81</ns3:cad>
          </ns3:TrackPointExtension>
        </extensions>
      </trkpt>
      <trkpt lat="35.75765448622405529022216796875" lon="139.5369282178580760955810546875">
        <ele>53.799999237060546875</ele>
        <time>2026-09-07T22:28:47.000Z</time>
        <extensions>
          <ns3:TrackPointExtension>
            <ns3:hr>136</ns3:hr>
            <ns3:cad>81</ns3:cad>
          </ns3:TrackPointExtension>
        </extensions>
      </trkpt>
      <trkpt lat="35.75764828361570835113525390625" lon="139.536905251443386077880859375">
        <ele>53.799999237060546875</ele>
        <time>2026-09-07T22:28:48.000Z</time>
        <extensions>
          <ns3:TrackPointExtension>
            <ns3:hr>136</ns3:hr>
            <ns3:cad>81</ns3:cad>
          </ns3:TrackPointExtension>
        </extensions>
      </trkpt>
      <trkpt lat="35.757641158998012542724609375" lon="139.5368849672377109527587890625">
        <ele>53.799999237060546875</ele>
        <time>2026-09-07T22:28:49.000Z</time>
        <extensions>
          <ns3:TrackPointExtension>
            <ns3:hr>136</ns3:hr>
            <ns3:cad>82</ns3:cad>
          </ns3:TrackPointExtension>
        </extensions>
      </trkpt>
      <trkpt lat="35.75764618813991546630859375" lon="139.53686912544071674346923828125">
        <ele>53.799999237060546875</ele>
        <time>2026-09-07T22:28:50.000Z</time>
        <extensions>
          <ns3:TrackPointExtension>
            <ns3:hr>136</ns3:hr>
            <ns3:cad>82</ns3:cad>
          </ns3:TrackPointExtension>
        </extensions>
      </trkpt>
      <trkpt lat="35.75760520063340663909912109375" lon="139.5368799380958080291748046875">
        <ele>53.799999237060546875</ele>
        <time>2026-09-07T22:28:51.000Z</time>
        <extensions>
          <ns3:TrackPointExtension>
            <ns3:hr>136</ns3:hr>
            <ns3:cad>82</ns3:cad>
          </ns3:TrackPointExtension>
        </extensions>
      </trkpt>
      <trkpt lat="35.75759480707347393035888671875" lon="139.53684263862669467926025390625">
        <ele>53.799999237060546875</ele>
        <time>2026-09-07T22:28:52.000Z</time>
        <extensions>
          <ns3:TrackPointExtension>
            <ns3:hr>136</ns3:hr>
            <ns3:cad>83</ns3:cad>
          </ns3:TrackPointExtension>
        </extensions>
      </trkpt>
      <trkpt lat="35.75739732943475246429443359375" lon="139.5366462506353855133056640625">
        <ele>52.59999847412109375</ele>
        <time>2026-09-07T22:29:02.000Z</time>
        <extensions>
          <ns3:TrackPointExtension>
            <ns3:hr>136</ns3:hr>
            <ns3:cad>86</ns3:cad>
          </ns3:TrackPointExtension>
        </extensions>
      </trkpt>
      <trkpt lat="35.75741090811789035797119140625" lon="139.53656695783138275146484375">
        <ele>52.59999847412109375</ele>
        <time>2026-09-07T22:29:03.000Z</time>
        <extensions>
          <ns3:TrackPointExtension>
            <ns3:hr>136</ns3:hr>
            <ns3:cad>87</ns3:cad>
          </ns3:TrackPointExtension>
        </extensions>
      </trkpt>
      <trkpt lat="35.75740939937531948089599609375" lon="139.5365577377378940582275390625">
        <ele>52.59999847412109375</ele>
        <time>2026-09-07T22:29:04.000Z</time>
        <extensions>
          <ns3:TrackPointExtension>
            <ns3:hr>137</ns3:hr>
            <ns3:cad>87</ns3:cad>
          </ns3:TrackPointExtension>
        </extensions>
      </trkpt>
      <trkpt lat="35.7574096508324146270751953125" lon="139.53654943965375423431396484375">
        <ele>52.799999237060546875</ele>
        <time>2026-09-07T22:29:05.000Z</time>
        <extensions>
          <ns3:TrackPointExtension>
            <ns3:hr>137</ns3:hr>
            <ns3:cad>87</ns3:cad>
          </ns3:TrackPointExtension>
        </extensions>
      </trkpt>
      <trkpt lat="35.75740302912890911102294921875" lon="139.53651188872754573822021484375">
        <ele>52.799999237060546875</ele>
        <time>2026-09-07T22:29:06.000Z</time>
        <extensions>
          <ns3:TrackPointExtension>
            <ns3:hr>137</ns3:hr>
            <ns3:cad>87</ns3:cad>
          </ns3:TrackPointExtension>
        </extensions>
      </trkpt>
      <trkpt lat="35.7573888637125492095947265625" lon="139.53647266142070293426513671875">
        <ele>52.799999237060546875</ele>
        <time>2026-09-07T22:29:07.000Z</time>
        <extensions>
          <ns3:TrackPointExtension>
            <ns3:hr>137</ns3:hr>
            <ns3:cad>87</ns3:cad>
          </ns3:TrackPointExtension>
        </extensions>
      </trkpt>
      <trkpt lat="35.75736933387815952301025390625" lon="139.53643125481903553009033203125">
        <ele>52.799999237060546875</ele>
        <time>2026-09-07T22:29:08.000Z</time>
        <extensions>
          <ns3:TrackPointExtension>
            <ns3:hr>138</ns3:hr>
            <ns3:cad>87</ns3:cad>
          </ns3:TrackPointExtension>
        </extensions>
      </trkpt>
      <trkpt lat="35.7573451101779937744140625" lon="139.53639931976795196533203125">
        <ele>52.799999237060546875</ele>
        <time>2026-09-07T22:29:09.000Z</time>
        <extensions>
          <ns3:TrackPointExtension>
            <ns3:hr>138</ns3:hr>
            <ns3:cad>86</ns3:cad>
          </ns3:TrackPointExtension>
        </extensions>
      </trkpt>
      <trkpt lat="35.7573209702968597412109375" lon="139.5363683067262172698974609375">
        <ele>52.799999237060546875</ele>
        <time>2026-09-07T22:29:10.000Z</time>
        <extensions>
          <ns3:TrackPointExtension>
            <ns3:hr>138</ns3:hr>
            <ns3:cad>86</ns3:cad>
          </ns3:TrackPointExtension>
        </extensions>
      </trkpt>
      <trkpt lat="35.75730697251856327056884765625" lon="139.53634425066411495208740234375">
        <ele>52.799999237060546875</ele>
        <time>2026-09-07T22:29:11.000Z</time>
        <extensions>
          <ns3:TrackPointExtension>
            <ns3:hr>139</ns3:hr>
            <ns3:cad>86</ns3:cad>
          </ns3:TrackPointExtension>
        </extensions>
      </trkpt>
      <trkpt lat="35.75729154981672763824462890625" lon="139.5363126508891582489013671875">
        <ele>52.799999237060546875</ele>
        <time>2026-09-07T22:29:12.000Z</time>
        <extensions>
          <ns3:TrackPointExtension>
            <ns3:hr>139</ns3:hr>
            <ns3:cad>86</ns3:cad>
          </ns3:TrackPointExtension>
        </extensions>
      </trkpt>
      <trkpt lat="35.75728467665612697601318359375" lon="139.5362895168364048004150390625">
        <ele>52.799999237060546875</ele>
        <time>2026-09-07T22:29:13.000Z</time>
        <extensions>
          <ns3:TrackPointExtension>
            <ns3:hr>139</ns3:hr>
            <ns3:cad>87</ns3:cad>
          </ns3:TrackPointExtension>
        </extensions>
      </trkpt>
      <trkpt lat="35.75727227143943309783935546875" lon="139.53626453876495361328125">
        <ele>52.799999237060546875</ele>
        <time>2026-09-07T22:29:14.000Z</time>
        <extensions>
          <ns3:TrackPointExtension>
            <ns3:hr>139</ns3:hr>
            <ns3:cad>87</ns3:cad>
          </ns3:TrackPointExtension>
        </extensions>
      </trkpt>
      <trkpt lat="35.7572591118514537811279296875" lon="139.5362402312457561492919921875">
        <ele>52.799999237060546875</ele>
        <time>2026-09-07T22:29:15.000Z</time>
        <extensions>
          <ns3:TrackPointExtension>
            <ns3:hr>139</ns3:hr>
            <ns3:cad>87</ns3:cad>
          </ns3:TrackPointExtension>
        </extensions>
      </trkpt>
      <trkpt lat="35.75725366361439228057861328125" lon="139.53621734865009784698486328125">
        <ele>52.799999237060546875</ele>
        <time>2026-09-07T22:29:16.000Z</time>
        <extensions>
          <ns3:TrackPointExtension>
            <ns3:hr>140</ns3:hr>
            <ns3:cad>86</ns3:cad>
          </ns3:TrackPointExtension>
        </extensions>
      </trkpt>
      <trkpt lat="35.7572473771870136260986328125" lon="139.536192454397678375244140625">
        <ele>52.799999237060546875</ele>
        <time>2026-09-07T22:29:17.000Z</time>
        <extensions>
          <ns3:TrackPointExtension>
            <ns3:hr>140</ns3:hr>
            <ns3:cad>86</ns3:cad>
          </ns3:TrackPointExtension>
        </extensions>
      </trkpt>
      <trkpt lat="35.75724343769252300262451171875" lon="139.53616973944008350372314453125">
        <ele>52.799999237060546875</ele>
        <time>2026-09-07T22:29:18.000Z</time>
        <extensions>
          <ns3:TrackPointExtension>
            <ns3:hr>140</ns3:hr>
            <ns3:cad>86</ns3:cad>
          </ns3:TrackPointExtension>
        </extensions>
      </trkpt>
      <trkpt lat="35.75723673216998577117919921875" lon="139.536148868501186370849609375">
        <ele>53</ele>
        <time>2026-09-07T22:29:19.000Z</time>
        <extensions>
          <ns3:TrackPointExtension>
            <ns3:hr>141</ns3:hr>
            <ns3:cad>86</ns3:cad>
          </ns3:TrackPointExtension>
        </extensions>
      </trkpt>
      <trkpt lat="35.757230781018733978271484375" lon="139.536124728620052337646484375">
        <ele>53</ele>
        <time>2026-09-07T22:29:20.000Z</time>
        <extensions>
          <ns3:TrackPointExtension>
            <ns3:hr>141</ns3:hr>
            <ns3:cad>86</ns3:cad>
          </ns3:TrackPointExtension>
        </extensions>
      </trkpt>
      <trkpt lat="35.75722231529653072357177734375" lon="139.5361020974814891815185546875">
        <ele>53</ele>
        <time>2026-09-07T22:29:21.000Z</time>
        <extensions>
          <ns3:TrackPointExtension>
            <ns3:hr>142</ns3:hr>
            <ns3:cad>86</ns3:cad>
          </ns3:TrackPointExtension>
        </extensions>
      </trkpt>
      <trkpt lat="35.7572108320891857147216796875" lon="139.5360781252384185791015625">
        <ele>53.200000762939453125</ele>
        <time>2026-09-07T22:29:22.000Z</time>
        <extensions>
          <ns3:TrackPointExtension>
            <ns3:hr>142</ns3:hr>
            <ns3:cad>86</ns3:cad>
          </ns3:TrackPointExtension>
        </extensions>
      </trkpt>
      <trkpt lat="35.7571994327008724212646484375" lon="139.53605465590953826904296875">
        <ele>53.200000762939453125</ele>
        <time>2026-09-07T22:29:23.000Z</time>
        <extensions>
          <ns3:TrackPointExtension>
            <ns3:hr>142</ns3:hr>
            <ns3:cad>86</ns3:cad>
          </ns3:TrackPointExtension>
        </extensions>
      </trkpt>
      <trkpt lat="35.75719029642641544342041015625" lon="139.53603453934192657470703125">
        <ele>53.40000152587890625</ele>
        <time>2026-09-07T22:29:24.000Z</time>
        <extensions>
          <ns3:TrackPointExtension>
            <ns3:hr>142</ns3:hr>
            <ns3:cad>84</ns3:cad>
          </ns3:TrackPointExtension>
        </extensions>
      </trkpt>
      <trkpt lat="35.75718660838901996612548828125" lon="139.53601970337331295013427734375">
        <ele>53.40000152587890625</ele>
        <time>2026-09-07T22:29:25.000Z</time>
        <extensions>
          <ns3:TrackPointExtension>
            <ns3:hr>142</ns3:hr>
            <ns3:cad>84</ns3:cad>
          </ns3:TrackPointExtension>
        </extensions>
      </trkpt>
      <trkpt lat="35.75718845240771770477294921875" lon="139.536004029214382171630859375">
        <ele>53.40000152587890625</ele>
        <time>2026-09-07T22:29:26.000Z</time>
        <extensions>
          <ns3:TrackPointExtension>
            <ns3:hr>143</ns3:hr>
            <ns3:cad>84</ns3:cad>
          </ns3:TrackPointExtension>
        </extensions>
      </trkpt>
      <trkpt lat="35.75718208216130733489990234375" lon="139.53598357737064361572265625">
        <ele>53.59999847412109375</ele>
        <time>2026-09-07T22:29:27.000Z</time>
        <extensions>
          <ns3:TrackPointExtension>
            <ns3:hr>143</ns3:hr>
            <ns3:cad>84</ns3:cad>
          </ns3:TrackPointExtension>
        </extensions>
      </trkpt>
      <trkpt lat="35.757176466286182403564453125" lon="139.53595968894660472869873046875">
        <ele>53.59999847412109375</ele>
        <time>2026-09-07T22:29:28.000Z</time>
        <extensions>
          <ns3:TrackPointExtension>
            <ns3:hr>143</ns3:hr>
            <ns3:cad>84</ns3:cad>
          </ns3:TrackPointExtension>
        </extensions>
      </trkpt>
      <trkpt lat="35.757169090211391448974609375" lon="139.53593236394226551055908203125">
        <ele>53.59999847412109375</ele>
        <time>2026-09-07T22:29:29.000Z</time>
        <extensions>
          <ns3:TrackPointExtension>
            <ns3:hr>143</ns3:hr>
            <ns3:cad>85</ns3:cad>
          </ns3:TrackPointExtension>
        </extensions>
      </trkpt>
      <trkpt lat="35.7571571879088878631591796875" lon="139.53590839169919490814208984375">
        <ele>53.40000152587890625</ele>
        <time>2026-09-07T22:29:30.000Z</time>
        <extensions>
          <ns3:TrackPointExtension>
            <ns3:hr>143</ns3:hr>
            <ns3:cad>85</ns3:cad>
          </ns3:TrackPointExtension>
        </extensions>
      </trkpt>
      <trkpt lat="35.75714721344411373138427734375" lon="139.53589095734059810638427734375">
        <ele>53.59999847412109375</ele>
        <time>2026-09-07T22:29:31.000Z</time>
        <extensions>
          <ns3:TrackPointExtension>
            <ns3:hr>143</ns3:hr>
            <ns3:cad>86</ns3:cad>
          </ns3:TrackPointExtension>
        </extensions>
      </trkpt>
      <trkpt lat="35.75714084319770336151123046875" lon="139.53586564399302005767822265625">
        <ele>53.59999847412109375</ele>
        <time>2026-09-07T22:29:32.000Z</time>
        <extensions>
          <ns3:TrackPointExtension>
            <ns3:hr>143</ns3:hr>
            <ns3:cad>86</ns3:cad>
          </ns3:TrackPointExtension>
        </extensions>
      </trkpt>
      <trkpt lat="35.7571317069232463836669921875" lon="139.53584200702607631683349609375">
        <ele>53.59999847412109375</ele>
        <time>2026-09-07T22:29:33.000Z</time>
        <extensions>
          <ns3:TrackPointExtension>
            <ns3:hr>143</ns3:hr>
            <ns3:cad>85</ns3:cad>
          </ns3:TrackPointExtension>
        </extensions>
      </trkpt>
      <trkpt lat="35.75711905024945735931396484375" lon="139.53582691960036754608154296875">
        <ele>53.59999847412109375</ele>
        <time>2026-09-07T22:29:34.000Z</time>
        <extensions>
          <ns3:TrackPointExtension>
            <ns3:hr>143</ns3:hr>
            <ns3:cad>85</ns3:cad>
          </ns3:TrackPointExtension>
        </extensions>
      </trkpt>
      <trkpt lat="35.75711167417466640472412109375" lon="139.5358107425272464752197265625">
        <ele>53.59999847412109375</ele>
        <time>2026-09-07T22:29:35.000Z</time>
        <extensions>
          <ns3:TrackPointExtension>
            <ns3:hr>143</ns3:hr>
            <ns3:cad>85</ns3:cad>
          </ns3:TrackPointExtension>
        </extensions>
      </trkpt>
      <trkpt lat="35.7571022026240825653076171875" lon="139.5357938110828399658203125">
        <ele>53.59999847412109375</ele>
        <time>2026-09-07T22:29:36.000Z</time>
        <extensions>
          <ns3:TrackPointExtension>
            <ns3:hr>143</ns3:hr>
            <ns3:cad>85</ns3:cad>
          </ns3:TrackPointExtension>
        </extensions>
      </trkpt>
      <trkpt lat="35.7570968382060527801513671875" lon="139.53577243722975254058837890625">
        <ele>53.59999847412109375</ele>
        <time>2026-09-07T22:29:37.000Z</time>
        <extensions>
          <ns3:TrackPointExtension>
            <ns3:hr>143</ns3:hr>
            <ns3:cad>85</ns3:cad>
          </ns3:TrackPointExtension>
        </extensions>
      </trkpt>
      <trkpt lat="35.75709340162575244903564453125" lon="139.53575165010988712310791015625">
        <ele>53.59999847412109375</ele>
        <time>2026-09-07T22:29:38.000Z</time>
        <extensions>
          <ns3:TrackPointExtension>
            <ns3:hr>143</ns3:hr>
            <ns3:cad>84</ns3:cad>
          </ns3:TrackPointExtension>
        </extensions>
      </trkpt>
      <trkpt lat="35.75709273107349872589111328125" lon="139.5357267558574676513671875">
        <ele>53.59999847412109375</ele>
        <time>2026-09-07T22:29:39.000Z</time>
        <extensions>
          <ns3:TrackPointExtension>
            <ns3:hr>143</ns3:hr>
            <ns3:cad>84</ns3:cad>
          </ns3:TrackPointExtension>
        </extensions>
      </trkpt>
      <trkpt lat="35.75708652846515178680419921875" lon="139.53569867648184299468994140625">
        <ele>53.59999847412109375</ele>
        <time>2026-09-07T22:29:40.000Z</time>
        <extensions>
          <ns3:TrackPointExtension>
            <ns3:hr>143</ns3:hr>
            <ns3:cad>84</ns3:cad>
          </ns3:TrackPointExtension>
        </extensions>
      </trkpt>
      <trkpt lat="35.75708091259002685546875" lon="139.53567185439169406890869140625">
        <ele>53.59999847412109375</ele>
        <time>2026-09-07T22:29:41.000Z</time>
        <extensions>
          <ns3:TrackPointExtension>
            <ns3:hr>143</ns3:hr>
            <ns3:cad>85</ns3:cad>
          </ns3:TrackPointExtension>
        </extensions>
      </trkpt>
      <trkpt lat="35.75707144103944301605224609375" lon="139.53565089963376522064208984375">
        <ele>53.799999237060546875</ele>
        <time>2026-09-07T22:29:42.000Z</time>
        <extensions>
          <ns3:TrackPointExtension>
            <ns3:hr>143</ns3:hr>
            <ns3:cad>86</ns3:cad>
          </ns3:TrackPointExtension>
        </extensions>
      </trkpt>
      <trkpt lat="35.75705819763243198394775390625" lon="139.53563463874161243438720703125">
        <ele>53.799999237060546875</ele>
        <time>2026-09-07T22:29:43.000Z</time>
        <extensions>
          <ns3:TrackPointExtension>
            <ns3:hr>143</ns3:hr>
            <ns3:cad>86</ns3:cad>
          </ns3:TrackPointExtension>
        </extensions>
      </trkpt>
      <trkpt lat="35.75704797171056270599365234375" lon="139.5356167852878570556640625">
        <ele>53.799999237060546875</ele>
        <time>2026-09-07T22:29:44.000Z</time>
        <extensions>
          <ns3:TrackPointExtension>
            <ns3:hr>143</ns3:hr>
            <ns3:cad>86</ns3:cad>
          </ns3:TrackPointExtension>
        </extensions>
      </trkpt>
      <trkpt lat="35.7570371590554714202880859375" lon="139.53560094349086284637451171875">
        <ele>53.799999237060546875</ele>
        <time>2026-09-07T22:29:45.000Z</time>
        <extensions>
          <ns3:TrackPointExtension>
            <ns3:hr>142</ns3:hr>
            <ns3:cad>86</ns3:cad>
          </ns3:TrackPointExtension>
        </extensions>
      </trkpt>
      <trkpt lat="35.75703171081840991973876953125" lon="139.53557898290455341339111328125">
        <ele>53.799999237060546875</ele>
        <time>2026-09-07T22:29:46.000Z</time>
        <extensions>
          <ns3:TrackPointExtension>
            <ns3:hr>142</ns3:hr>
            <ns3:cad>86</ns3:cad>
          </ns3:TrackPointExtension>
        </extensions>
      </trkpt>
      <trkpt lat="35.7570334710180759429931640625" lon="139.53555299900472164154052734375">
        <ele>53.59999847412109375</ele>
        <time>2026-09-07T22:29:47.000Z</time>
        <extensions>
          <ns3:TrackPointExtension>
            <ns3:hr>142</ns3:hr>
            <ns3:cad>86</ns3:cad>
          </ns3:TrackPointExtension>
        </extensions>
      </trkpt>
      <trkpt lat="35.75703866779804229736328125" lon="139.53552248887717723846435546875">
        <ele>53.59999847412109375</ele>
        <time>2026-09-07T22:29:48.000Z</time>
        <extensions>
          <ns3:TrackPointExtension>
            <ns3:hr>142</ns3:hr>
            <ns3:cad>85</ns3:cad>
          </ns3:TrackPointExtension>
        </extensions>
      </trkpt>
      <trkpt lat="35.75703020207583904266357421875" lon="139.53549281693994998931884765625">
        <ele>53.59999847412109375</ele>
        <time>2026-09-07T22:29:49.000Z</time>
        <extensions>
          <ns3:TrackPointExtension>
            <ns3:hr>142</ns3:hr>
            <ns3:cad>85</ns3:cad>
          </ns3:TrackPointExtension>
        </extensions>
      </trkpt>
      <trkpt lat="35.7570160366594791412353515625" lon="139.5354603789746761322021484375">
        <ele>53.40000152587890625</ele>
        <time>2026-09-07T22:29:50.000Z</time>
        <extensions>
          <ns3:TrackPointExtension>
            <ns3:hr>141</ns3:hr>
            <ns3:cad>85</ns3:cad>
          </ns3:TrackPointExtension>
        </extensions>
      </trkpt>
      <trkpt lat="35.7569835148751735687255859375" lon="139.53542760573327541351318359375">
        <ele>53.40000152587890625</ele>
        <time>2026-09-07T22:29:51.000Z</time>
        <extensions>
          <ns3:TrackPointExtension>
            <ns3:hr>141</ns3:hr>
            <ns3:cad>85</ns3:cad>
          </ns3:TrackPointExtension>
        </extensions>
      </trkpt>
      <trkpt lat="35.75695526786148548126220703125" lon="139.53539055772125720977783203125">
        <ele>53.40000152587890625</ele>
        <time>2026-09-07T22:29:52.000Z</time>
        <extensions>
          <ns3:TrackPointExtension>
            <ns3:hr>142</ns3:hr>
            <ns3:cad>85</ns3:cad>
          </ns3:TrackPointExtension>
        </extensions>
      </trkpt>
      <trkpt lat="35.75693297199904918670654296875" lon="139.5353673398494720458984375">
        <ele>53.40000152587890625</ele>
        <time>2026-09-07T22:29:53.000Z</time>
        <extensions>
          <ns3:TrackPointExtension>
            <ns3:hr>142</ns3:hr>
            <ns3:cad>85</ns3:cad>
          </ns3:TrackPointExtension>
        </extensions>
      </trkpt>
      <trkpt lat="35.75691796839237213134765625" lon="139.53534328378736972808837890625">
        <ele>53.40000152587890625</ele>
        <time>2026-09-07T22:29:54.000Z</time>
        <extensions>
          <ns3:TrackPointExtension>
            <ns3:hr>142</ns3:hr>
            <ns3:cad>85</ns3:cad>
          </ns3:TrackPointExtension>
        </extensions>
      </trkpt>
      <trkpt lat="35.756902210414409637451171875" lon="139.53531310893595218658447265625">
        <ele>53.40000152587890625</ele>
        <time>2026-09-07T22:29:55.000Z</time>
        <extensions>
          <ns3:TrackPointExtension>
            <ns3:hr>142</ns3:hr>
            <ns3:cad>86</ns3:cad>
          </ns3:TrackPointExtension>
        </extensions>
      </trkpt>
      <trkpt lat="35.75689173303544521331787109375" lon="139.53529282473027706146240234375">
        <ele>53.40000152587890625</ele>
        <time>2026-09-07T22:29:56.000Z</time>
        <extensions>
          <ns3:TrackPointExtension>
            <ns3:hr>142</ns3:hr>
            <ns3:cad>86</ns3:cad>
          </ns3:TrackPointExtension>
        </extensions>
      </trkpt>
      <trkpt lat="35.75688117183744907379150390625" lon="139.5352669246494770050048828125">
        <ele>53.40000152587890625</ele>
        <time>2026-09-07T22:29:57.000Z</time>
        <extensions>
          <ns3:TrackPointExtension>
            <ns3:hr>142</ns3:hr>
            <ns3:cad>86</ns3:cad>
          </ns3:TrackPointExtension>
        </extensions>
      </trkpt>
      <trkpt lat="35.7568725384771823883056640625" lon="139.53524018637835979461669921875">
        <ele>53.40000152587890625</ele>
        <time>2026-09-07T22:29:58.000Z</time>
        <extensions>
          <ns3:TrackPointExtension>
            <ns3:hr>143</ns3:hr>
            <ns3:cad>86</ns3:cad>
          </ns3:TrackPointExtension>
        </extensions>
      </trkpt>
      <trkpt lat="35.75686088763177394866943359375" lon="139.5352077484130859375">
        <ele>53.40000152587890625</ele>
        <time>2026-09-07T22:29:59.000Z</time>
        <extensions>
          <ns3:TrackPointExtension>
            <ns3:hr>143</ns3:hr>
            <ns3:cad>86</ns3:cad>
          </ns3:TrackPointExtension>
        </extensions>
      </trkpt>
      <trkpt lat="35.75684999115765094757080078125" lon="139.53517933376133441925048828125">
        <ele>53.40000152587890625</ele>
        <time>2026-09-07T22:30:00.000Z</time>
        <extensions>
          <ns3:TrackPointExtension>
            <ns3:hr>143</ns3:hr>
            <ns3:cad>86</ns3:cad>
          </ns3:TrackPointExtension>
        </extensions>
      </trkpt>
      <trkpt lat="35.75683892704546451568603515625" lon="139.5351572893559932708740234375">
        <ele>53.59999847412109375</ele>
        <time>2026-09-07T22:30:01.000Z</time>
        <extensions>
          <ns3:TrackPointExtension>
            <ns3:hr>143</ns3:hr>
            <ns3:cad>87</ns3:cad>
          </ns3:TrackPointExtension>
        </extensions>
      </trkpt>
      <trkpt lat="35.7568235881626605987548828125" lon="139.53512619249522686004638671875">
        <ele>53.59999847412109375</ele>
        <time>2026-09-07T22:30:02.000Z</time>
        <extensions>
          <ns3:TrackPointExtension>
            <ns3:hr>143</ns3:hr>
            <ns3:cad>87</ns3:cad>
          </ns3:TrackPointExtension>
        </extensions>
      </trkpt>
      <trkpt lat="35.75680891983211040496826171875" lon="139.53510305844247341156005859375">
        <ele>54</ele>
        <time>2026-09-07T22:30:03.000Z</time>
        <extensions>
          <ns3:TrackPointExtension>
            <ns3:hr>143</ns3:hr>
            <ns3:cad>87</ns3:cad>
          </ns3:TrackPointExtension>
        </extensions>
      </trkpt>
      <trkpt lat="35.75679835863411426544189453125" lon="139.5350758172571659088134765625">
        <ele>54.200000762939453125</ele>
        <time>2026-09-07T22:30:04.000Z</time>
        <extensions>
          <ns3:TrackPointExtension>
            <ns3:hr>144</ns3:hr>
            <ns3:cad>87</ns3:cad>
          </ns3:TrackPointExtension>
        </extensions>
      </trkpt>
      <trkpt lat="35.7567870430648326873779296875" lon="139.535053186118602752685546875">
        <ele>54.200000762939453125</ele>
        <time>2026-09-07T22:30:05.000Z</time>
        <extensions>
          <ns3:TrackPointExtension>
            <ns3:hr>144</ns3:hr>
            <ns3:cad>87</ns3:cad>
          </ns3:TrackPointExtension>
        </extensions>
      </trkpt>
      <trkpt lat="35.75678788125514984130859375" lon="139.53503675758838653564453125">
        <ele>54.40000152587890625</ele>
        <time>2026-09-07T22:30:06.000Z</time>
        <extensions>
          <ns3:TrackPointExtension>
            <ns3:hr>144</ns3:hr>
            <ns3:cad>87</ns3:cad>
          </ns3:TrackPointExtension>
        </extensions>
      </trkpt>
      <trkpt lat="35.75678410939872264862060546875" lon="139.5350154675543308258056640625">
        <ele>54.59999847412109375</ele>
        <time>2026-09-07T22:30:07.000Z</time>
        <extensions>
          <ns3:TrackPointExtension>
            <ns3:hr>144</ns3:hr>
            <ns3:cad>87</ns3:cad>
          </ns3:TrackPointExtension>
        </extensions>
      </trkpt>
      <trkpt lat="35.7567779906094074249267578125" lon="139.53498101793229579925537109375">
        <ele>54.59999847412109375</ele>
        <time>2026-09-07T22:30:08.000Z</time>
        <extensions>
          <ns3:TrackPointExtension>
            <ns3:hr>145</ns3:hr>
            <ns3:cad>86</ns3:cad>
          </ns3:TrackPointExtension>
        </extensions>
      </trkpt>
      <trkpt lat="35.75676533393561840057373046875" lon="139.5349596440792083740234375">
        <ele>54.59999847412109375</ele>
        <time>2026-09-07T22:30:09.000Z</time>
        <extensions>
          <ns3:TrackPointExtension>
            <ns3:hr>146</ns3:hr>
            <ns3:cad>86</ns3:cad>
          </ns3:TrackPointExtension>
        </extensions>
      </trkpt>
      <trkpt lat="35.75673515908420085906982421875" lon="139.53494665212929248809814453125">
        <ele>54.799999237060546875</ele>
        <time>2026-09-07T22:30:10.000Z</time>
        <extensions>
          <ns3:TrackPointExtension>
            <ns3:hr>146</ns3:hr>
            <ns3:cad>86</ns3:cad>
          </ns3:TrackPointExtension>
        </extensions>
      </trkpt>
      <trkpt lat="35.75672308914363384246826171875" lon="139.5349336601793766021728515625">
        <ele>54.799999237060546875</ele>
        <time>2026-09-07T22:30:11.000Z</time>
        <extensions>
          <ns3:TrackPointExtension>
            <ns3:hr>147</ns3:hr>
            <ns3:cad>86</ns3:cad>
          </ns3:TrackPointExtension>
        </extensions>
      </trkpt>
      <trkpt lat="35.75671101920306682586669921875" lon="139.53491664491593837738037109375">
        <ele>55</ele>
        <time>2026-09-07T22:30:12.000Z</time>
        <extensions>
          <ns3:TrackPointExtension>
            <ns3:hr>148</ns3:hr>
            <ns3:cad>86</ns3:cad>
          </ns3:TrackPointExtension>
        </extensions>
      </trkpt>
      <trkpt lat="35.75670414604246616363525390625" lon="139.53489686362445354461669921875">
        <ele>55</ele>
        <time>2026-09-07T22:30:13.000Z</time>
        <extensions>
          <ns3:TrackPointExtension>
            <ns3:hr>148</ns3:hr>
            <ns3:cad>85</ns3:cad>
          </ns3:TrackPointExtension>
        </extensions>
      </trkpt>
      <trkpt lat="35.75669643469154834747314453125" lon="139.5348753221333026885986328125">
        <ele>55.200000762939453125</ele>
        <time>2026-09-07T22:30:14.000Z</time>
        <extensions>
          <ns3:TrackPointExtension>
            <ns3:hr>149</ns3:hr>
            <ns3:cad>84</ns3:cad>
          </ns3:TrackPointExtension>
        </extensions>
      </trkpt>
      <trkpt lat="35.7566807605326175689697265625" lon="139.534847997128963470458984375">
        <ele>55.200000762939453125</ele>
        <time>2026-09-07T22:30:15.000Z</time>
        <extensions>
          <ns3:TrackPointExtension>
            <ns3:hr>149</ns3:hr>
            <ns3:cad>84</ns3:cad>
          </ns3:TrackPointExtension>
        </extensions>
      </trkpt>
      <trkpt lat="35.75665913522243499755859375" lon="139.5348226837813854217529296875">
        <ele>55.40000152587890625</ele>
        <time>2026-09-07T22:30:16.000Z</time>
        <extensions>
          <ns3:TrackPointExtension>
            <ns3:hr>149</ns3:hr>
            <ns3:cad>84</ns3:cad>
          </ns3:TrackPointExtension>
        </extensions>
      </trkpt>
      <trkpt lat="35.7566432096064090728759765625" lon="139.5347965322434902191162109375">
        <ele>55.40000152587890625</ele>
        <time>2026-09-07T22:30:17.000Z</time>
        <extensions>
          <ns3:TrackPointExtension>
            <ns3:hr>149</ns3:hr>
            <ns3:cad>84</ns3:cad>
          </ns3:TrackPointExtension>
        </extensions>
      </trkpt>
      <trkpt lat="35.75663558207452297210693359375" lon="139.5347717218101024627685546875">
        <ele>55.40000152587890625</ele>
        <time>2026-09-07T22:30:18.000Z</time>
        <extensions>
          <ns3:TrackPointExtension>
            <ns3:hr>149</ns3:hr>
            <ns3:cad>85</ns3:cad>
          </ns3:TrackPointExtension>
        </extensions>
      </trkpt>
      <trkpt lat="35.75663340277969837188720703125" lon="139.5347462408244609832763671875">
        <ele>55.40000152587890625</ele>
        <time>2026-09-07T22:30:19.000Z</time>
        <extensions>
          <ns3:TrackPointExtension>
            <ns3:hr>149</ns3:hr>
            <ns3:cad>85</ns3:cad>
          </ns3:TrackPointExtension>
        </extensions>
      </trkpt>
      <trkpt lat="35.7566344924271106719970703125" lon="139.534725956618785858154296875">
        <ele>55.40000152587890625</ele>
        <time>2026-09-07T22:30:20.000Z</time>
        <extensions>
          <ns3:TrackPointExtension>
            <ns3:hr>149</ns3:hr>
            <ns3:cad>85</ns3:cad>
          </ns3:TrackPointExtension>
        </extensions>
      </trkpt>
      <trkpt lat="35.75663390569388866424560546875" lon="139.53469955362379550933837890625">
        <ele>55.200000762939453125</ele>
        <time>2026-09-07T22:30:21.000Z</time>
        <extensions>
          <ns3:TrackPointExtension>
            <ns3:hr>149</ns3:hr>
            <ns3:cad>85</ns3:cad>
          </ns3:TrackPointExtension>
        </extensions>
      </trkpt>
      <trkpt lat="35.7566338218748569488525390625" lon="139.534673988819122314453125">
        <ele>55.200000762939453125</ele>
        <time>2026-09-07T22:30:22.000Z</time>
        <extensions>
          <ns3:TrackPointExtension>
            <ns3:hr>150</ns3:hr>
            <ns3:cad>84</ns3:cad>
          </ns3:TrackPointExtension>
        </extensions>
      </trkpt>
      <trkpt lat="35.7566316425800323486328125" lon="139.53465697355568408966064453125">
        <ele>55.200000762939453125</ele>
        <time>2026-09-07T22:30:23.000Z</time>
        <extensions>
          <ns3:TrackPointExtension>
            <ns3:hr>150</ns3:hr>
            <ns3:cad>83</ns3:cad>
          </ns3:TrackPointExtension>
        </extensions>
      </trkpt>
      <trkpt lat="35.75662116520106792449951171875" lon="139.53463719226419925689697265625">
        <ele>55.200000762939453125</ele>
        <time>2026-09-07T22:30:24.000Z</time>
        <extensions>
          <ns3:TrackPointExtension>
            <ns3:hr>150</ns3:hr>
            <ns3:cad>83</ns3:cad>
          </ns3:TrackPointExtension>
        </extensions>
      </trkpt>
      <trkpt lat="35.75661429204046726226806640625" lon="139.53460651449859142303466796875">
        <ele>55.200000762939453125</ele>
        <time>2026-09-07T22:30:25.000Z</time>
        <extensions>
          <ns3:TrackPointExtension>
            <ns3:hr>150</ns3:hr>
            <ns3:cad>81</ns3:cad>
          </ns3:TrackPointExtension>
        </extensions>
      </trkpt>
      <trkpt lat="35.7566013000905513763427734375" lon="139.53458790667355060577392578125">
        <ele>55</ele>
        <time>2026-09-07T22:30:26.000Z</time>
        <extensions>
          <ns3:TrackPointExtension>
            <ns3:hr>150</ns3:hr>
            <ns3:cad>81</ns3:cad>
          </ns3:TrackPointExtension>
        </extensions>
      </trkpt>
      <trkpt lat="35.75659451074898242950439453125" lon="139.5345682092010974884033203125">
        <ele>55</ele>
        <time>2026-09-07T22:30:27.000Z</time>
        <extensions>
          <ns3:TrackPointExtension>
            <ns3:hr>150</ns3:hr>
            <ns3:cad>81</ns3:cad>
          </ns3:TrackPointExtension>
        </extensions>
      </trkpt>
      <trkpt lat="35.75658596120774745941162109375" lon="139.53454415313899517059326171875">
        <ele>55</ele>
        <time>2026-09-07T22:30:28.000Z</time>
        <extensions>
          <ns3:TrackPointExtension>
            <ns3:hr>149</ns3:hr>
            <ns3:cad>81</ns3:cad>
          </ns3:TrackPointExtension>
        </extensions>
      </trkpt>
      <trkpt lat="35.7565728016197681427001953125" lon="139.53451816923916339874267578125">
        <ele>55</ele>
        <time>2026-09-07T22:30:29.000Z</time>
        <extensions>
          <ns3:TrackPointExtension>
            <ns3:hr>149</ns3:hr>
            <ns3:cad>82</ns3:cad>
          </ns3:TrackPointExtension>
        </extensions>
      </trkpt>
      <trkpt lat="35.7565614022314548492431640625" lon="139.53449469991028308868408203125">
        <ele>55</ele>
        <time>2026-09-07T22:30:30.000Z</time>
        <extensions>
          <ns3:TrackPointExtension>
            <ns3:hr>148</ns3:hr>
            <ns3:cad>82</ns3:cad>
          </ns3:TrackPointExtension>
        </extensions>
      </trkpt>
      <trkpt lat="35.75655276887118816375732421875" lon="139.53447508625686168670654296875">
        <ele>55</ele>
        <time>2026-09-07T22:30:31.000Z</time>
        <extensions>
          <ns3:TrackPointExtension>
            <ns3:hr>148</ns3:hr>
            <ns3:cad>83</ns3:cad>
          </ns3:TrackPointExtension>
        </extensions>
      </trkpt>
      <trkpt lat="35.75653575360774993896484375" lon="139.5344468392431735992431640625">
        <ele>55</ele>
        <time>2026-09-07T22:30:32.000Z</time>
        <extensions>
          <ns3:TrackPointExtension>
            <ns3:hr>147</ns3:hr>
            <ns3:cad>83</ns3:cad>
          </ns3:TrackPointExtension>
        </extensions>
      </trkpt>
      <trkpt lat="35.75652091763913631439208984375" lon="139.5344190113246440887451171875">
        <ele>55</ele>
        <time>2026-09-07T22:30:33.000Z</time>
        <extensions>
          <ns3:TrackPointExtension>
            <ns3:hr>148</ns3:hr>
            <ns3:cad>83</ns3:cad>
          </ns3:TrackPointExtension>
        </extensions>
      </trkpt>
      <trkpt lat="35.75651228427886962890625" lon="139.534397386014461517333984375">
        <ele>55.200000762939453125</ele>
        <time>2026-09-07T22:30:34.000Z</time>
        <extensions>
          <ns3:TrackPointExtension>
            <ns3:hr>148</ns3:hr>
            <ns3:cad>83</ns3:cad>
          </ns3:TrackPointExtension>
        </extensions>
      </trkpt>
      <trkpt lat="35.7565017230808734893798828125" lon="139.53438229858875274658203125">
        <ele>55.200000762939453125</ele>
        <time>2026-09-07T22:30:35.000Z</time>
        <extensions>
          <ns3:TrackPointExtension>
            <ns3:hr>148</ns3:hr>
            <ns3:cad>83</ns3:cad>
          </ns3:TrackPointExtension>
        </extensions>
      </trkpt>
      <trkpt lat="35.75648956932127475738525390625" lon="139.53436343930661678314208984375">
        <ele>55.200000762939453125</ele>
        <time>2026-09-07T22:30:36.000Z</time>
        <extensions>
          <ns3:TrackPointExtension>
            <ns3:hr>147</ns3:hr>
            <ns3:cad>82</ns3:cad>
          </ns3:TrackPointExtension>
        </extensions>
      </trkpt>
      <trkpt lat="35.756475068628787994384765625" lon="139.53433963470160961151123046875">
        <ele>55.200000762939453125</ele>
        <time>2026-09-07T22:30:37.000Z</time>
        <extensions>
          <ns3:TrackPointExtension>
            <ns3:hr>147</ns3:hr>
            <ns3:cad>82</ns3:cad>
          </ns3:TrackPointExtension>
        </extensions>
      </trkpt>
      <trkpt lat="35.75645260512828826904296875" lon="139.53432303853332996368408203125">
        <ele>55.200000762939453125</ele>
        <time>2026-09-07T22:30:38.000Z</time>
        <extensions>
          <ns3:TrackPointExtension>
            <ns3:hr>147</ns3:hr>
            <ns3:cad>82</ns3:cad>
          </ns3:TrackPointExtension>
        </extensions>
      </trkpt>
      <trkpt lat="35.7564356736838817596435546875" lon="139.53431080095469951629638671875">
        <ele>55.200000762939453125</ele>
        <time>2026-09-07T22:30:39.000Z</time>
        <extensions>
          <ns3:TrackPointExtension>
            <ns3:hr>147</ns3:hr>
            <ns3:cad>82</ns3:cad>
          </ns3:TrackPointExtension>
        </extensions>
      </trkpt>
      <trkpt lat="35.756422765552997589111328125" lon="139.53429303131997585296630859375">
        <ele>55.200000762939453125</ele>
        <time>2026-09-07T22:30:40.000Z</time>
        <extensions>
          <ns3:TrackPointExtension>
            <ns3:hr>147</ns3:hr>
            <ns3:cad>82</ns3:cad>
          </ns3:TrackPointExtension>
        </extensions>
      </trkpt>
      <trkpt lat="35.7564172334969043731689453125" lon="139.53427073545753955841064453125">
        <ele>55.200000762939453125</ele>
        <time>2026-09-07T22:30:41.000Z</time>
        <extensions>
          <ns3:TrackPointExtension>
            <ns3:hr>147</ns3:hr>
            <ns3:cad>82</ns3:cad>
          </ns3:TrackPointExtension>
        </extensions>
      </trkpt>
      <trkpt lat="35.7564115338027477264404296875" lon="139.53425011597573757171630859375">
        <ele>55.200000762939453125</ele>
        <time>2026-09-07T22:30:42.000Z</time>
        <extensions>
          <ns3:TrackPointExtension>
            <ns3:hr>147</ns3:hr>
            <ns3:cad>82</ns3:cad>
          </ns3:TrackPointExtension>
        </extensions>
      </trkpt>
      <trkpt lat="35.7564051635563373565673828125" lon="139.5342295803129673004150390625">
        <ele>55.200000762939453125</ele>
        <time>2026-09-07T22:30:43.000Z</time>
        <extensions>
          <ns3:TrackPointExtension>
            <ns3:hr>147</ns3:hr>
            <ns3:cad>82</ns3:cad>
          </ns3:TrackPointExtension>
        </extensions>
      </trkpt>
      <trkpt lat="35.75639904476702213287353515625" lon="139.5342087931931018829345703125">
        <ele>55.200000762939453125</ele>
        <time>2026-09-07T22:30:44.000Z</time>
        <extensions>
          <ns3:TrackPointExtension>
            <ns3:hr>147</ns3:hr>
            <ns3:cad>82</ns3:cad>
          </ns3:TrackPointExtension>
        </extensions>
      </trkpt>
      <trkpt lat="35.75639233924448490142822265625" lon="139.5341926999390125274658203125">
        <ele>55.200000762939453125</ele>
        <time>2026-09-07T22:30:45.000Z</time>
        <extensions>
          <ns3:TrackPointExtension>
            <ns3:hr>146</ns3:hr>
            <ns3:cad>82</ns3:cad>
          </ns3:TrackPointExtension>
        </extensions>
      </trkpt>
      <trkpt lat="35.75639233924448490142822265625" lon="139.53416780568659305572509765625">
        <ele>55.40000152587890625</ele>
        <time>2026-09-07T22:30:46.000Z</time>
        <extensions>
          <ns3:TrackPointExtension>
            <ns3:hr>146</ns3:hr>
            <ns3:cad>82</ns3:cad>
          </ns3:TrackPointExtension>
        </extensions>
      </trkpt>
      <trkpt lat="35.75639887712895870208740234375" lon="139.53414081595838069915771484375">
        <ele>55.40000152587890625</ele>
        <time>2026-09-07T22:30:47.000Z</time>
        <extensions>
          <ns3:TrackPointExtension>
            <ns3:hr>146</ns3:hr>
            <ns3:cad>82</ns3:cad>
          </ns3:TrackPointExtension>
        </extensions>
      </trkpt>
      <trkpt lat="35.7563562132418155670166015625" lon="139.53413310460746288299560546875">
        <ele>55.40000152587890625</ele>
        <time>2026-09-07T22:30:48.000Z</time>
        <extensions>
          <ns3:TrackPointExtension>
            <ns3:hr>146</ns3:hr>
            <ns3:cad>82</ns3:cad>
          </ns3:TrackPointExtension>
        </extensions>
      </trkpt>
      <trkpt lat="35.75633525848388671875" lon="139.5341196097433567047119140625">
        <ele>55.40000152587890625</ele>
        <time>2026-09-07T22:30:49.000Z</time>
        <extensions>
          <ns3:TrackPointExtension>
            <ns3:hr>145</ns3:hr>
            <ns3:cad>82</ns3:cad>
          </ns3:TrackPointExtension>
        </extensions>
      </trkpt>
      <trkpt lat="35.7562972046434879302978515625" lon="139.53411902301013469696044921875">
        <ele>55.40000152587890625</ele>
        <time>2026-09-07T22:30:50.000Z</time>
        <extensions>
          <ns3:TrackPointExtension>
            <ns3:hr>145</ns3:hr>
            <ns3:cad>82</ns3:cad>
          </ns3:TrackPointExtension>
        </extensions>
      </trkpt>
      <trkpt lat="35.75625655241310596466064453125" lon="139.5340988226234912872314453125">
        <ele>55.40000152587890625</ele>
        <time>2026-09-07T22:30:51.000Z</time>
        <extensions>
          <ns3:TrackPointExtension>
            <ns3:hr>144</ns3:hr>
            <ns3:cad>82</ns3:cad>
          </ns3:TrackPointExtension>
        </extensions>
      </trkpt>
      <trkpt lat="35.7562247850000858306884765625" lon="139.53408180736005306243896484375">
        <ele>55.40000152587890625</ele>
        <time>2026-09-07T22:30:52.000Z</time>
        <extensions>
          <ns3:TrackPointExtension>
            <ns3:hr>144</ns3:hr>
            <ns3:cad>83</ns3:cad>
          </ns3:TrackPointExtension>
        </extensions>
      </trkpt>
      <trkpt lat="35.7562167383730411529541015625" lon="139.53406001441180706024169921875">
        <ele>55.40000152587890625</ele>
        <time>2026-09-07T22:30:53.000Z</time>
        <extensions>
          <ns3:TrackPointExtension>
            <ns3:hr>144</ns3:hr>
            <ns3:cad>84</ns3:cad>
          </ns3:TrackPointExtension>
        </extensions>
      </trkpt>
      <trkpt lat="35.7561979629099369049072265625" lon="139.53403294086456298828125">
        <ele>55.40000152587890625</ele>
        <time>2026-09-07T22:30:54.000Z</time>
        <extensions>
          <ns3:TrackPointExtension>
            <ns3:hr>144</ns3:hr>
            <ns3:cad>84</ns3:cad>
          </ns3:TrackPointExtension>
        </extensions>
      </trkpt>
      <trkpt lat="35.75620106421411037445068359375" lon="139.53400955535471439361572265625">
        <ele>55.40000152587890625</ele>
        <time>2026-09-07T22:30:55.000Z</time>
        <extensions>
          <ns3:TrackPointExtension>
            <ns3:hr>143</ns3:hr>
            <ns3:cad>84</ns3:cad>
          </ns3:TrackPointExtension>
        </extensions>
      </trkpt>
      <trkpt lat="35.75620575807988643646240234375" lon="139.5339739322662353515625">
        <ele>55.40000152587890625</ele>
        <time>2026-09-07T22:30:56.000Z</time>
        <extensions>
          <ns3:TrackPointExtension>
            <ns3:hr>143</ns3:hr>
            <ns3:cad>84</ns3:cad>
          </ns3:TrackPointExtension>
        </extensions>
      </trkpt>
      <trkpt lat="35.75620986521244049072265625" lon="139.533942751586437225341796875">
        <ele>55.40000152587890625</ele>
        <time>2026-09-07T22:30:57.000Z</time>
        <extensions>
          <ns3:TrackPointExtension>
            <ns3:hr>143</ns3:hr>
            <ns3:cad>84</ns3:cad>
          </ns3:TrackPointExtension>
        </extensions>
      </trkpt>
      <trkpt lat="35.75621983967721462249755859375" lon="139.533907882869243621826171875">
        <ele>55.40000152587890625</ele>
        <time>2026-09-07T22:30:58.000Z</time>
        <extensions>
          <ns3:TrackPointExtension>
            <ns3:hr>143</ns3:hr>
            <ns3:cad>83</ns3:cad>
          </ns3:TrackPointExtension>
        </extensions>
      </trkpt>
      <trkpt lat="35.75621766038239002227783203125" lon="139.53388181515038013458251953125">
        <ele>55.40000152587890625</ele>
        <time>2026-09-07T22:30:59.000Z</time>
        <extensions>
          <ns3:TrackPointExtension>
            <ns3:hr>143</ns3:hr>
            <ns3:cad>83</ns3:cad>
          </ns3:TrackPointExtension>
        </extensions>
      </trkpt>
      <trkpt lat="35.75621078722178936004638671875" lon="139.5338594354689121246337890625">
        <ele>55.40000152587890625</ele>
        <time>2026-09-07T22:31:00.000Z</time>
        <extensions>
          <ns3:TrackPointExtension>
            <ns3:hr>143</ns3:hr>
            <ns3:cad>83</ns3:cad>
          </ns3:TrackPointExtension>
        </extensions>
      </trkpt>
      <trkpt lat="35.7562016509473323822021484375" lon="139.53384174965322017669677734375">
        <ele>55.59999847412109375</ele>
        <time>2026-09-07T22:31:01.000Z</time>
        <extensions>
          <ns3:TrackPointExtension>
            <ns3:hr>143</ns3:hr>
            <ns3:cad>84</ns3:cad>
          </ns3:TrackPointExtension>
        </extensions>
      </trkpt>
      <trkpt lat="35.7561932690441608428955078125" lon="139.5338282547891139984130859375">
        <ele>55.59999847412109375</ele>
        <time>2026-09-07T22:31:02.000Z</time>
        <extensions>
          <ns3:TrackPointExtension>
            <ns3:hr>143</ns3:hr>
            <ns3:cad>84</ns3:cad>
          </ns3:TrackPointExtension>
        </extensions>
      </trkpt>
      <trkpt lat="35.75618748553097248077392578125" lon="139.53381308354437351226806640625">
        <ele>55.799999237060546875</ele>
        <time>2026-09-07T22:31:03.000Z</time>
        <extensions>
          <ns3:TrackPointExtension>
            <ns3:hr>144</ns3:hr>
            <ns3:cad>83</ns3:cad>
          </ns3:TrackPointExtension>
        </extensions>
      </trkpt>
      <trkpt lat="35.75617633759975433349609375" lon="139.53379623591899871826171875">
        <ele>56</ele>
        <time>2026-09-07T22:31:04.000Z</time>
        <extensions>
          <ns3:TrackPointExtension>
            <ns3:hr>144</ns3:hr>
            <ns3:cad>83</ns3:cad>
          </ns3:TrackPointExtension>
        </extensions>
      </trkpt>
      <trkpt lat="35.756166279315948486328125" lon="139.533778466284275054931640625">
        <ele>56</ele>
        <time>2026-09-07T22:31:05.000Z</time>
        <extensions>
          <ns3:TrackPointExtension>
            <ns3:hr>144</ns3:hr>
            <ns3:cad>83</ns3:cad>
          </ns3:TrackPointExtension>
        </extensions>
      </trkpt>
      <trkpt lat="35.7561577297747135162353515625" lon="139.53376765362918376922607421875">
        <ele>56.200000762939453125</ele>
        <time>2026-09-07T22:31:06.000Z</time>
        <extensions>
          <ns3:TrackPointExtension>
            <ns3:hr>144</ns3:hr>
            <ns3:cad>82</ns3:cad>
          </ns3:TrackPointExtension>
        </extensions>
      </trkpt>
      <trkpt lat="35.756145156919956207275390625" lon="139.53375809825956821441650390625">
        <ele>56.200000762939453125</ele>
        <time>2026-09-07T22:31:07.000Z</time>
        <extensions>
          <ns3:TrackPointExtension>
            <ns3:hr>144</ns3:hr>
            <ns3:cad>81</ns3:cad>
          </ns3:TrackPointExtension>
        </extensions>
      </trkpt>
      <trkpt lat="35.7561300694942474365234375" lon="139.53374569304287433624267578125">
        <ele>56.200000762939453125</ele>
        <time>2026-09-07T22:31:08.000Z</time>
        <extensions>
          <ns3:TrackPointExtension>
            <ns3:hr>144</ns3:hr>
            <ns3:cad>81</ns3:cad>
          </ns3:TrackPointExtension>
        </extensions>
      </trkpt>
      <trkpt lat="35.7561168260872364044189453125" lon="139.53373060561716556549072265625">
        <ele>56.200000762939453125</ele>
        <time>2026-09-07T22:31:09.000Z</time>
        <extensions>
          <ns3:TrackPointExtension>
            <ns3:hr>144</ns3:hr>
            <ns3:cad>82</ns3:cad>
          </ns3:TrackPointExtension>
        </extensions>
      </trkpt>
      <trkpt lat="35.75610416941344738006591796875" lon="139.53371149487793445587158203125">
        <ele>56.200000762939453125</ele>
        <time>2026-09-07T22:31:10.000Z</time>
        <extensions>
          <ns3:TrackPointExtension>
            <ns3:hr>144</ns3:hr>
            <ns3:cad>82</ns3:cad>
          </ns3:TrackPointExtension>
        </extensions>
      </trkpt>
      <trkpt lat="35.75607013888657093048095703125" lon="139.53369238413870334625244140625">
        <ele>56.200000762939453125</ele>
        <time>2026-09-07T22:31:11.000Z</time>
        <extensions>
          <ns3:TrackPointExtension>
            <ns3:hr>144</ns3:hr>
            <ns3:cad>83</ns3:cad>
          </ns3:TrackPointExtension>
        </extensions>
      </trkpt>
      <trkpt lat="35.75605974532663822174072265625" lon="139.53366656787693500518798828125">
        <ele>56</ele>
        <time>2026-09-07T22:31:12.000Z</time>
        <extensions>
          <ns3:TrackPointExtension>
            <ns3:hr>144</ns3:hr>
            <ns3:cad>83</ns3:cad>
          </ns3:TrackPointExtension>
        </extensions>
      </trkpt>
      <trkpt lat="35.756039209663867950439453125" lon="139.53363739885389804840087890625">
        <ele>56</ele>
        <time>2026-09-07T22:31:13.000Z</time>
        <extensions>
          <ns3:TrackPointExtension>
            <ns3:hr>145</ns3:hr>
            <ns3:cad>83</ns3:cad>
          </ns3:TrackPointExtension>
        </extensions>
      </trkpt>
      <trkpt lat="35.75602588243782520294189453125" lon="139.53360336832702159881591796875">
        <ele>55.799999237060546875</ele>
        <time>2026-09-07T22:31:14.000Z</time>
        <extensions>
          <ns3:TrackPointExtension>
            <ns3:hr>145</ns3:hr>
            <ns3:cad>83</ns3:cad>
          </ns3:TrackPointExtension>
        </extensions>
      </trkpt>
      <trkpt lat="35.75602051801979541778564453125" lon="139.5335675776004791259765625">
        <ele>55.799999237060546875</ele>
        <time>2026-09-07T22:31:15.000Z</time>
        <extensions>
          <ns3:TrackPointExtension>
            <ns3:hr>145</ns3:hr>
            <ns3:cad>83</ns3:cad>
          </ns3:TrackPointExtension>
        </extensions>
      </trkpt>
      <trkpt lat="35.75600341893732547760009765625" lon="139.5335355587303638458251953125">
        <ele>55.799999237060546875</ele>
        <time>2026-09-07T22:31:16.000Z</time>
        <extensions>
          <ns3:TrackPointExtension>
            <ns3:hr>145</ns3:hr>
            <ns3:cad>84</ns3:cad>
          </ns3:TrackPointExtension>
        </extensions>
      </trkpt>
      <trkpt lat="35.75599252246320247650146484375" lon="139.533511586487293243408203125">
        <ele>55.799999237060546875</ele>
        <time>2026-09-07T22:31:17.000Z</time>
        <extensions>
          <ns3:TrackPointExtension>
            <ns3:hr>145</ns3:hr>
            <ns3:cad>85</ns3:cad>
          </ns3:TrackPointExtension>
        </extensions>
      </trkpt>
      <trkpt lat="35.7559718191623687744140625" lon="139.53349742107093334197998046875">
        <ele>55.799999237060546875</ele>
        <time>2026-09-07T22:31:18.000Z</time>
        <extensions>
          <ns3:TrackPointExtension>
            <ns3:hr>145</ns3:hr>
            <ns3:cad>85</ns3:cad>
          </ns3:TrackPointExtension>
        </extensions>
      </trkpt>
      <trkpt lat="35.755933262407779693603515625" lon="139.533487446606159210205078125">
        <ele>55.799999237060546875</ele>
        <time>2026-09-07T22:31:19.000Z</time>
        <extensions>
          <ns3:TrackPointExtension>
            <ns3:hr>145</ns3:hr>
            <ns3:cad>84</ns3:cad>
          </ns3:TrackPointExtension>
        </extensions>
      </trkpt>
      <trkpt lat="35.75593871064484119415283203125" lon="139.53345065005123615264892578125">
        <ele>55.799999237060546875</ele>
        <time>2026-09-07T22:31:20.000Z</time>
        <extensions>
          <ns3:TrackPointExtension>
            <ns3:hr>146</ns3:hr>
            <ns3:cad>84</ns3:cad>
          </ns3:TrackPointExtension>
        </extensions>
      </trkpt>
      <trkpt lat="35.75595111586153507232666015625" lon="139.5334014482796192169189453125">
        <ele>55.799999237060546875</ele>
        <time>2026-09-07T22:31:21.000Z</time>
        <extensions>
          <ns3:TrackPointExtension>
            <ns3:hr>146</ns3:hr>
            <ns3:cad>84</ns3:cad>
          </ns3:TrackPointExtension>
        </extensions>
      </trkpt>
      <trkpt lat="35.75593736954033374786376953125" lon="139.53337102197110652923583984375">
        <ele>55.799999237060546875</ele>
        <time>2026-09-07T22:31:22.000Z</time>
        <extensions>
          <ns3:TrackPointExtension>
            <ns3:hr>146</ns3:hr>
            <ns3:cad>85</ns3:cad>
          </ns3:TrackPointExtension>
        </extensions>
      </trkpt>
      <trkpt lat="35.75593150220811367034912109375" lon="139.5333330519497394561767578125">
        <ele>55.799999237060546875</ele>
        <time>2026-09-07T22:31:23.000Z</time>
        <extensions>
          <ns3:TrackPointExtension>
            <ns3:hr>146</ns3:hr>
            <ns3:cad>85</ns3:cad>
          </ns3:TrackPointExtension>
        </extensions>
      </trkpt>
      <trkpt lat="35.75590887106955051422119140625" lon="139.53330379910767078399658203125">
        <ele>55.799999237060546875</ele>
        <time>2026-09-07T22:31:24.000Z</time>
        <extensions>
          <ns3:TrackPointExtension>
            <ns3:hr>146</ns3:hr>
            <ns3:cad>85</ns3:cad>
          </ns3:TrackPointExtension>
        </extensions>
      </trkpt>
      <trkpt lat="35.75589110143482685089111328125" lon="139.5332834310829639434814453125">
        <ele>55.799999237060546875</ele>
        <time>2026-09-07T22:31:25.000Z</time>
        <extensions>
          <ns3:TrackPointExtension>
            <ns3:hr>146</ns3:hr>
            <ns3:cad>84</ns3:cad>
          </ns3:TrackPointExtension>
        </extensions>
      </trkpt>
      <trkpt lat="35.7558752596378326416015625" lon="139.53325040638446807861328125">
        <ele>55.799999237060546875</ele>
        <time>2026-09-07T22:31:26.000Z</time>
        <extensions>
          <ns3:TrackPointExtension>
            <ns3:hr>146</ns3:hr>
            <ns3:cad>84</ns3:cad>
          </ns3:TrackPointExtension>
        </extensions>
      </trkpt>
      <trkpt lat="35.7558536343276500701904296875" lon="139.53322450630366802215576171875">
        <ele>55.799999237060546875</ele>
        <time>2026-09-07T22:31:27.000Z</time>
        <extensions>
          <ns3:TrackPointExtension>
            <ns3:hr>146</ns3:hr>
            <ns3:cad>84</ns3:cad>
          </ns3:TrackPointExtension>
        </extensions>
      </trkpt>
      <trkpt lat="35.75578263960778713226318359375" lon="139.533223249018192291259765625">
        <ele>55.799999237060546875</ele>
        <time>2026-09-07T22:31:28.000Z</time>
        <extensions>
          <ns3:TrackPointExtension>
            <ns3:hr>146</ns3:hr>
            <ns3:cad>84</ns3:cad>
          </ns3:TrackPointExtension>
        </extensions>
      </trkpt>
      <trkpt lat="35.7557384669780731201171875" lon="139.53321495093405246734619140625">
        <ele>55.799999237060546875</ele>
        <time>2026-09-07T22:31:29.000Z</time>
        <extensions>
          <ns3:TrackPointExtension>
            <ns3:hr>146</ns3:hr>
            <ns3:cad>84</ns3:cad>
          </ns3:TrackPointExtension>
        </extensions>
      </trkpt>
      <trkpt lat="35.75568289496004581451416015625" lon="139.53322400338947772979736328125">
        <ele>56</ele>
        <time>2026-09-07T22:31:30.000Z</time>
        <extensions>
          <ns3:TrackPointExtension>
            <ns3:hr>146</ns3:hr>
            <ns3:cad>85</ns3:cad>
          </ns3:TrackPointExtension>
        </extensions>
      </trkpt>
      <trkpt lat="35.7556606829166412353515625" lon="139.5332264341413974761962890625">
        <ele>56</ele>
        <time>2026-09-07T22:31:31.000Z</time>
        <extensions>
          <ns3:TrackPointExtension>
            <ns3:hr>146</ns3:hr>
            <ns3:cad>85</ns3:cad>
          </ns3:TrackPointExtension>
        </extensions>
      </trkpt>
      <trkpt lat="35.755623467266559600830078125" lon="139.533221237361431121826171875">
        <ele>56</ele>
        <time>2026-09-07T22:31:32.000Z</time>
        <extensions>
          <ns3:TrackPointExtension>
            <ns3:hr>147</ns3:hr>
            <ns3:cad>85</ns3:cad>
          </ns3:TrackPointExtension>
        </extensions>
      </trkpt>
      <trkpt lat="35.75557820498943328857421875" lon="139.5332120172679424285888671875">
        <ele>56</ele>
        <time>2026-09-07T22:31:33.000Z</time>
        <extensions>
          <ns3:TrackPointExtension>
            <ns3:hr>146</ns3:hr>
            <ns3:cad>85</ns3:cad>
          </ns3:TrackPointExtension>
        </extensions>
      </trkpt>
      <trkpt lat="35.75555917806923389434814453125" lon="139.5331982709467411041259765625">
        <ele>56</ele>
        <time>2026-09-07T22:31:34.000Z</time>
        <extensions>
          <ns3:TrackPointExtension>
            <ns3:hr>146</ns3:hr>
            <ns3:cad>84</ns3:cad>
          </ns3:TrackPointExtension>
        </extensions>
      </trkpt>
      <trkpt lat="35.75553721748292446136474609375" lon="139.5331838540732860565185546875">
        <ele>56</ele>
        <time>2026-09-07T22:31:35.000Z</time>
        <extensions>
          <ns3:TrackPointExtension>
            <ns3:hr>146</ns3:hr>
            <ns3:cad>84</ns3:cad>
          </ns3:TrackPointExtension>
        </extensions>
      </trkpt>
      <trkpt lat="35.75552187860012054443359375" lon="139.533166252076625823974609375">
        <ele>56</ele>
        <time>2026-09-07T22:31:36.000Z</time>
        <extensions>
          <ns3:TrackPointExtension>
            <ns3:hr>146</ns3:hr>
            <ns3:cad>84</ns3:cad>
          </ns3:TrackPointExtension>
        </extensions>
      </trkpt>
      <trkpt lat="35.7555284164845943450927734375" lon="139.533145464956760406494140625">
        <ele>56.200000762939453125</ele>
        <time>2026-09-07T22:31:37.000Z</time>
        <extensions>
          <ns3:TrackPointExtension>
            <ns3:hr>146</ns3:hr>
            <ns3:cad>84</ns3:cad>
          </ns3:TrackPointExtension>
        </extensions>
      </trkpt>
      <trkpt lat="35.7555398158729076385498046875" lon="139.53312476165592670440673828125">
        <ele>56.200000762939453125</ele>
        <time>2026-09-07T22:31:38.000Z</time>
        <extensions>
          <ns3:TrackPointExtension>
            <ns3:hr>146</ns3:hr>
            <ns3:cad>84</ns3:cad>
          </ns3:TrackPointExtension>
        </extensions>
      </trkpt>
      <trkpt lat="35.75554668903350830078125" lon="139.53310783021152019500732421875">
        <ele>56.200000762939453125</ele>
        <time>2026-09-07T22:31:39.000Z</time>
        <extensions>
          <ns3:TrackPointExtension>
            <ns3:hr>145</ns3:hr>
            <ns3:cad>84</ns3:cad>
          </ns3:TrackPointExtension>
        </extensions>
      </trkpt>
      <trkpt lat="35.75555012561380863189697265625" lon="139.53309492208063602447509765625">
        <ele>56.200000762939453125</ele>
        <time>2026-09-07T22:31:40.000Z</time>
        <extensions>
          <ns3:TrackPointExtension>
            <ns3:hr>145</ns3:hr>
            <ns3:cad>84</ns3:cad>
          </ns3:TrackPointExtension>
        </extensions>
      </trkpt>
      <trkpt lat="35.7555515505373477935791015625" lon="139.533075727522373199462890625">
        <ele>56.200000762939453125</ele>
        <time>2026-09-07T22:31:41.000Z</time>
        <extensions>
          <ns3:TrackPointExtension>
            <ns3:hr>145</ns3:hr>
            <ns3:cad>83</ns3:cad>
          </ns3:TrackPointExtension>
        </extensions>
      </trkpt>
      <trkpt lat="35.75555331073701381683349609375" lon="139.533058293163776397705078125">
        <ele>56.200000762939453125</ele>
        <time>2026-09-07T22:31:42.000Z</time>
        <extensions>
          <ns3:TrackPointExtension>
            <ns3:hr>146</ns3:hr>
            <ns3:cad>83</ns3:cad>
          </ns3:TrackPointExtension>
        </extensions>
      </trkpt>
      <trkpt lat="35.75555465184152126312255859375" lon="139.53303624875843524932861328125">
        <ele>56.200000762939453125</ele>
        <time>2026-09-07T22:31:43.000Z</time>
        <extensions>
          <ns3:TrackPointExtension>
            <ns3:hr>146</ns3:hr>
            <ns3:cad>83</ns3:cad>
          </ns3:TrackPointExtension>
        </extensions>
      </trkpt>
      <trkpt lat="35.75555498711764812469482421875" lon="139.53300691209733486175537109375">
        <ele>56.200000762939453125</ele>
        <time>2026-09-07T22:31:44.000Z</time>
        <extensions>
          <ns3:TrackPointExtension>
            <ns3:hr>146</ns3:hr>
            <ns3:cad>83</ns3:cad>
          </ns3:TrackPointExtension>
        </extensions>
      </trkpt>
      <trkpt lat="35.75555272400379180908203125" lon="139.5329756475985050201416015625">
        <ele>56.200000762939453125</ele>
        <time>2026-09-07T22:31:45.000Z</time>
        <extensions>
          <ns3:TrackPointExtension>
            <ns3:hr>146</ns3:hr>
            <ns3:cad>83</ns3:cad>
          </ns3:TrackPointExtension>
        </extensions>
      </trkpt>
      <trkpt lat="35.75556118972599506378173828125" lon="139.532948322594165802001953125">
        <ele>56.200000762939453125</ele>
        <time>2026-09-07T22:31:46.000Z</time>
        <extensions>
          <ns3:TrackPointExtension>
            <ns3:hr>146</ns3:hr>
            <ns3:cad>83</ns3:cad>
          </ns3:TrackPointExtension>
        </extensions>
      </trkpt>
      <trkpt lat="35.75555808842182159423828125" lon="139.5329206623136997222900390625">
        <ele>56.200000762939453125</ele>
        <time>2026-09-07T22:31:47.000Z</time>
        <extensions>
          <ns3:TrackPointExtension>
            <ns3:hr>147</ns3:hr>
            <ns3:cad>83</ns3:cad>
          </ns3:TrackPointExtension>
        </extensions>
      </trkpt>
      <trkpt lat="35.7555357925593852996826171875" lon="139.53290515579283237457275390625">
        <ele>56.200000762939453125</ele>
        <time>2026-09-07T22:31:48.000Z</time>
        <extensions>
          <ns3:TrackPointExtension>
            <ns3:hr>147</ns3:hr>
            <ns3:cad>84</ns3:cad>
          </ns3:TrackPointExtension>
        </extensions>
      </trkpt>
      <trkpt lat="35.75552347116172313690185546875" lon="139.53288302756845951080322265625">
        <ele>56.200000762939453125</ele>
        <time>2026-09-07T22:31:49.000Z</time>
        <extensions>
          <ns3:TrackPointExtension>
            <ns3:hr>147</ns3:hr>
            <ns3:cad>84</ns3:cad>
          </ns3:TrackPointExtension>
        </extensions>
      </trkpt>
      <trkpt lat="35.7555166818201541900634765625" lon="139.53285687603056430816650390625">
        <ele>56.40000152587890625</ele>
        <time>2026-09-07T22:31:50.000Z</time>
        <extensions>
          <ns3:TrackPointExtension>
            <ns3:hr>147</ns3:hr>
            <ns3:cad>84</ns3:cad>
          </ns3:TrackPointExtension>
        </extensions>
      </trkpt>
      <trkpt lat="35.75552053749561309814453125" lon="139.53282988630235195159912109375">
        <ele>56.40000152587890625</ele>
        <time>2026-09-07T22:31:51.000Z</time>
        <extensions>
          <ns3:TrackPointExtension>
            <ns3:hr>147</ns3:hr>
            <ns3:cad>84</ns3:cad>
          </ns3:TrackPointExtension>
        </extensions>
      </trkpt>
      <trkpt lat="35.75552330352365970611572265625" lon="139.5328086800873279571533203125">
        <ele>56.40000152587890625</ele>
        <time>2026-09-07T22:31:52.000Z</time>
        <extensions>
          <ns3:TrackPointExtension>
            <ns3:hr>147</ns3:hr>
            <ns3:cad>83</ns3:cad>
          </ns3:TrackPointExtension>
        </extensions>
      </trkpt>
      <trkpt lat="35.75552682392299175262451171875" lon="139.5327781699597835540771484375">
        <ele>56.40000152587890625</ele>
        <time>2026-09-07T22:31:53.000Z</time>
        <extensions>
          <ns3:TrackPointExtension>
            <ns3:hr>147</ns3:hr>
            <ns3:cad>83</ns3:cad>
          </ns3:TrackPointExtension>
        </extensions>
      </trkpt>
      <trkpt lat="35.75553302653133869171142578125" lon="139.53274254687130451202392578125">
        <ele>56.40000152587890625</ele>
        <time>2026-09-07T22:31:54.000Z</time>
        <extensions>
          <ns3:TrackPointExtension>
            <ns3:hr>147</ns3:hr>
            <ns3:cad>83</ns3:cad>
          </ns3:TrackPointExtension>
        </extensions>
      </trkpt>
      <trkpt lat="35.75553621165454387664794921875" lon="139.53269979916512966156005859375">
        <ele>56.40000152587890625</ele>
        <time>2026-09-07T22:31:55.000Z</time>
        <extensions>
          <ns3:TrackPointExtension>
            <ns3:hr>146</ns3:hr>
            <ns3:cad>83</ns3:cad>
          </ns3:TrackPointExtension>
        </extensions>
      </trkpt>
      <trkpt lat="35.75554023496806621551513671875" lon="139.53265420161187648773193359375">
        <ele>56.40000152587890625</ele>
        <time>2026-09-07T22:31:56.000Z</time>
        <extensions>
          <ns3:TrackPointExtension>
            <ns3:hr>146</ns3:hr>
            <ns3:cad>83</ns3:cad>
          </ns3:TrackPointExtension>
        </extensions>
      </trkpt>
      <trkpt lat="35.75554124079644680023193359375" lon="139.5326158963143825531005859375">
        <ele>56.40000152587890625</ele>
        <time>2026-09-07T22:31:57.000Z</time>
        <extensions>
          <ns3:TrackPointExtension>
            <ns3:hr>146</ns3:hr>
            <ns3:cad>84</ns3:cad>
          </ns3:TrackPointExtension>
        </extensions>
      </trkpt>
      <trkpt lat="35.755543671548366546630859375" lon="139.53257541172206401824951171875">
        <ele>56.40000152587890625</ele>
        <time>2026-09-07T22:31:58.000Z</time>
        <extensions>
          <ns3:TrackPointExtension>
            <ns3:hr>146</ns3:hr>
            <ns3:cad>84</ns3:cad>
          </ns3:TrackPointExtension>
        </extensions>
      </trkpt>
      <trkpt lat="35.7555478624999523162841796875" lon="139.53255143947899341583251953125">
        <ele>56.40000152587890625</ele>
        <time>2026-09-07T22:31:59.000Z</time>
        <extensions>
          <ns3:TrackPointExtension>
            <ns3:hr>146</ns3:hr>
            <ns3:cad>84</ns3:cad>
          </ns3:TrackPointExtension>
        </extensions>
      </trkpt>
      <trkpt lat="35.755553729832172393798828125" lon="139.53252629376947879791259765625">
        <ele>56.40000152587890625</ele>
        <time>2026-09-07T22:32:00.000Z</time>
        <extensions>
          <ns3:TrackPointExtension>
            <ns3:hr>146</ns3:hr>
            <ns3:cad>84</ns3:cad>
          </ns3:TrackPointExtension>
        </extensions>
      </trkpt>
      <trkpt lat="35.7555602677166461944580078125" lon="139.53250207006931304931640625">
        <ele>56.40000152587890625</ele>
        <time>2026-09-07T22:32:01.000Z</time>
        <extensions>
          <ns3:TrackPointExtension>
            <ns3:hr>146</ns3:hr>
            <ns3:cad>83</ns3:cad>
          </ns3:TrackPointExtension>
        </extensions>
      </trkpt>
      <trkpt lat="35.75556001625955104827880859375" lon="139.5324744097888469696044921875">
        <ele>56.40000152587890625</ele>
        <time>2026-09-07T22:32:02.000Z</time>
        <extensions>
          <ns3:TrackPointExtension>
            <ns3:hr>146</ns3:hr>
            <ns3:cad>83</ns3:cad>
          </ns3:TrackPointExtension>
        </extensions>
      </trkpt>
      <trkpt lat="35.7555555738508701324462890625" lon="139.53245739452540874481201171875">
        <ele>56.40000152587890625</ele>
        <time>2026-09-07T22:32:03.000Z</time>
        <extensions>
          <ns3:TrackPointExtension>
            <ns3:hr>145</ns3:hr>
            <ns3:cad>84</ns3:cad>
          </ns3:TrackPointExtension>
        </extensions>
      </trkpt>
      <trkpt lat="35.75555733405053615570068359375" lon="139.5324335061013698577880859375">
        <ele>56.40000152587890625</ele>
        <time>2026-09-07T22:32:04.000Z</time>
        <extensions>
          <ns3:TrackPointExtension>
            <ns3:hr>145</ns3:hr>
            <ns3:cad>84</ns3:cad>
          </ns3:TrackPointExtension>
        </extensions>
      </trkpt>
      <trkpt lat="35.75555674731731414794921875" lon="139.53241280280053615570068359375">
        <ele>56.40000152587890625</ele>
        <time>2026-09-07T22:32:05.000Z</time>
        <extensions>
          <ns3:TrackPointExtension>
            <ns3:hr>144</ns3:hr>
            <ns3:cad>84</ns3:cad>
          </ns3:TrackPointExtension>
        </extensions>
      </trkpt>
      <trkpt lat="35.7555453479290008544921875" lon="139.532392434775829315185546875">
        <ele>56.40000152587890625</ele>
        <time>2026-09-07T22:32:06.000Z</time>
        <extensions>
          <ns3:TrackPointExtension>
            <ns3:hr>144</ns3:hr>
            <ns3:cad>84</ns3:cad>
          </ns3:TrackPointExtension>
        </extensions>
      </trkpt>
      <trkpt lat="35.75553051196038722991943359375" lon="139.53237189911305904388427734375">
        <ele>56.40000152587890625</ele>
        <time>2026-09-07T22:32:07.000Z</time>
        <extensions>
          <ns3:TrackPointExtension>
            <ns3:hr>143</ns3:hr>
            <ns3:cad>84</ns3:cad>
          </ns3:TrackPointExtension>
        </extensions>
      </trkpt>
      <trkpt lat="35.75552497990429401397705078125" lon="139.5323580689728260040283203125">
        <ele>56.40000152587890625</ele>
        <time>2026-09-07T22:32:08.000Z</time>
        <extensions>
          <ns3:TrackPointExtension>
            <ns3:hr>143</ns3:hr>
            <ns3:cad>83</ns3:cad>
          </ns3:TrackPointExtension>
        </extensions>
      </trkpt>
      <trkpt lat="35.75552280060946941375732421875" lon="139.53233954496681690216064453125">
        <ele>56.40000152587890625</ele>
        <time>2026-09-07T22:32:09.000Z</time>
        <extensions>
          <ns3:TrackPointExtension>
            <ns3:hr>143</ns3:hr>
            <ns3:cad>83</ns3:cad>
          </ns3:TrackPointExtension>
        </extensions>
      </trkpt>
      <trkpt lat="35.75552313588559627532958984375" lon="139.5323171652853488922119140625">
        <ele>56.40000152587890625</ele>
        <time>2026-09-07T22:32:10.000Z</time>
        <extensions>
          <ns3:TrackPointExtension>
            <ns3:hr>143</ns3:hr>
            <ns3:cad>83</ns3:cad>
          </ns3:TrackPointExtension>
        </extensions>
      </trkpt>
      <trkpt lat="35.755506791174411773681640625" lon="139.5322977192699909210205078125">
        <ele>56.40000152587890625</ele>
        <time>2026-09-07T22:32:11.000Z</time>
        <extensions>
          <ns3:TrackPointExtension>
            <ns3:hr>143</ns3:hr>
            <ns3:cad>83</ns3:cad>
          </ns3:TrackPointExtension>
        </extensions>
      </trkpt>
      <trkpt lat="35.75549514032900333404541015625" lon="139.53227416612207889556884765625">
        <ele>56.40000152587890625</ele>
        <time>2026-09-07T22:32:12.000Z</time>
        <extensions>
          <ns3:TrackPointExtension>
            <ns3:hr>143</ns3:hr>
            <ns3:cad>83</ns3:cad>
          </ns3:TrackPointExtension>
        </extensions>
      </trkpt>
      <trkpt lat="35.7554898597300052642822265625" lon="139.53224985860288143157958984375">
        <ele>56.40000152587890625</ele>
        <time>2026-09-07T22:32:13.000Z</time>
        <extensions>
          <ns3:TrackPointExtension>
            <ns3:hr>143</ns3:hr>
            <ns3:cad>83</ns3:cad>
          </ns3:TrackPointExtension>
        </extensions>
      </trkpt>
      <trkpt lat="35.75548022054135799407958984375" lon="139.53222840093076229095458984375">
        <ele>56.59999847412109375</ele>
        <time>2026-09-07T22:32:14.000Z</time>
        <extensions>
          <ns3:TrackPointExtension>
            <ns3:hr>143</ns3:hr>
            <ns3:cad>83</ns3:cad>
          </ns3:TrackPointExtension>
        </extensions>
      </trkpt>
      <trkpt lat="35.75547016225755214691162109375" lon="139.53220903873443603515625">
        <ele>56.59999847412109375</ele>
        <time>2026-09-07T22:32:15.000Z</time>
        <extensions>
          <ns3:TrackPointExtension>
            <ns3:hr>143</ns3:hr>
            <ns3:cad>83</ns3:cad>
          </ns3:TrackPointExtension>
        </extensions>
      </trkpt>
      <trkpt lat="35.75546152889728546142578125" lon="139.53218422830104827880859375">
        <ele>56.59999847412109375</ele>
        <time>2026-09-07T22:32:16.000Z</time>
        <extensions>
          <ns3:TrackPointExtension>
            <ns3:hr>144</ns3:hr>
            <ns3:cad>83</ns3:cad>
          </ns3:TrackPointExtension>
        </extensions>
      </trkpt>
      <trkpt lat="35.7554583437740802764892578125" lon="139.5321575738489627838134765625">
        <ele>56.59999847412109375</ele>
        <time>2026-09-07T22:32:17.000Z</time>
        <extensions>
          <ns3:TrackPointExtension>
            <ns3:hr>144</ns3:hr>
            <ns3:cad>82</ns3:cad>
          </ns3:TrackPointExtension>
        </extensions>
      </trkpt>
      <trkpt lat="35.7554556615650653839111328125" lon="139.53212521970272064208984375">
        <ele>56.59999847412109375</ele>
        <time>2026-09-07T22:32:18.000Z</time>
        <extensions>
          <ns3:TrackPointExtension>
            <ns3:hr>145</ns3:hr>
            <ns3:cad>83</ns3:cad>
          </ns3:TrackPointExtension>
        </extensions>
      </trkpt>
      <trkpt lat="35.75545272789895534515380859375" lon="139.53209445811808109283447265625">
        <ele>56.59999847412109375</ele>
        <time>2026-09-07T22:32:19.000Z</time>
        <extensions>
          <ns3:TrackPointExtension>
            <ns3:hr>145</ns3:hr>
            <ns3:cad>83</ns3:cad>
          </ns3:TrackPointExtension>
        </extensions>
      </trkpt>
      <trkpt lat="35.7554449327290058135986328125" lon="139.53206956386566162109375">
        <ele>56.59999847412109375</ele>
        <time>2026-09-07T22:32:20.000Z</time>
        <extensions>
          <ns3:TrackPointExtension>
            <ns3:hr>145</ns3:hr>
            <ns3:cad>83</ns3:cad>
          </ns3:TrackPointExtension>
        </extensions>
      </trkpt>
      <trkpt lat="35.755436383187770843505859375" lon="139.532044418156147003173828125">
        <ele>56.59999847412109375</ele>
        <time>2026-09-07T22:32:21.000Z</time>
        <extensions>
          <ns3:TrackPointExtension>
            <ns3:hr>145</ns3:hr>
            <ns3:cad>83</ns3:cad>
          </ns3:TrackPointExtension>
        </extensions>
      </trkpt>
      <trkpt lat="35.7554264925420284271240234375" lon="139.532020948827266693115234375">
        <ele>56.59999847412109375</ele>
        <time>2026-09-07T22:32:22.000Z</time>
        <extensions>
          <ns3:TrackPointExtension>
            <ns3:hr>145</ns3:hr>
            <ns3:cad>83</ns3:cad>
          </ns3:TrackPointExtension>
        </extensions>
      </trkpt>
      <trkpt lat="35.75541249476373195648193359375" lon="139.5319999940693378448486328125">
        <ele>56.59999847412109375</ele>
        <time>2026-09-07T22:32:23.000Z</time>
        <extensions>
          <ns3:TrackPointExtension>
            <ns3:hr>145</ns3:hr>
            <ns3:cad>82</ns3:cad>
          </ns3:TrackPointExtension>
        </extensions>
      </trkpt>
      <trkpt lat="35.7553983293473720550537109375" lon="139.53197459690272808074951171875">
        <ele>56.59999847412109375</ele>
        <time>2026-09-07T22:32:24.000Z</time>
        <extensions>
          <ns3:TrackPointExtension>
            <ns3:hr>145</ns3:hr>
            <ns3:cad>82</ns3:cad>
          </ns3:TrackPointExtension>
        </extensions>
      </trkpt>
      <trkpt lat="35.7553812302649021148681640625" lon="139.531950540840625762939453125">
        <ele>56.59999847412109375</ele>
        <time>2026-09-07T22:32:25.000Z</time>
        <extensions>
          <ns3:TrackPointExtension>
            <ns3:hr>144</ns3:hr>
            <ns3:cad>83</ns3:cad>
          </ns3:TrackPointExtension>
        </extensions>
      </trkpt>
      <trkpt lat="35.755359940230846405029296875" lon="139.531924724578857421875">
        <ele>56.59999847412109375</ele>
        <time>2026-09-07T22:32:26.000Z</time>
        <extensions>
          <ns3:TrackPointExtension>
            <ns3:hr>144</ns3:hr>
            <ns3:cad>84</ns3:cad>
          </ns3:TrackPointExtension>
        </extensions>
      </trkpt>
      <trkpt lat="35.7553517259657382965087890625" lon="139.5319057814776897430419921875">
        <ele>56.59999847412109375</ele>
        <time>2026-09-07T22:32:27.000Z</time>
        <extensions>
          <ns3:TrackPointExtension>
            <ns3:hr>144</ns3:hr>
            <ns3:cad>84</ns3:cad>
          </ns3:TrackPointExtension>
        </extensions>
      </trkpt>
      <trkpt lat="35.7553409971296787261962890625" lon="139.53188725747168064117431640625">
        <ele>56.59999847412109375</ele>
        <time>2026-09-07T22:32:28.000Z</time>
        <extensions>
          <ns3:TrackPointExtension>
            <ns3:hr>144</ns3:hr>
            <ns3:cad>84</ns3:cad>
          </ns3:TrackPointExtension>
        </extensions>
      </trkpt>
      <trkpt lat="35.75532632879912853240966796875" lon="139.5318616926670074462890625">
        <ele>56.59999847412109375</ele>
        <time>2026-09-07T22:32:29.000Z</time>
        <extensions>
          <ns3:TrackPointExtension>
            <ns3:hr>144</ns3:hr>
            <ns3:cad>83</ns3:cad>
          </ns3:TrackPointExtension>
        </extensions>
      </trkpt>
      <trkpt lat="35.75530906207859516143798828125" lon="139.5318340323865413665771484375">
        <ele>56.59999847412109375</ele>
        <time>2026-09-07T22:32:30.000Z</time>
        <extensions>
          <ns3:TrackPointExtension>
            <ns3:hr>145</ns3:hr>
            <ns3:cad>83</ns3:cad>
          </ns3:TrackPointExtension>
        </extensions>
      </trkpt>
      <trkpt lat="35.75529565103352069854736328125" lon="139.53181006014347076416015625">
        <ele>56.59999847412109375</ele>
        <time>2026-09-07T22:32:31.000Z</time>
        <extensions>
          <ns3:TrackPointExtension>
            <ns3:hr>145</ns3:hr>
            <ns3:cad>82</ns3:cad>
          </ns3:TrackPointExtension>
        </extensions>
      </trkpt>
      <trkpt lat="35.7552843354642391204833984375" lon="139.53178985975682735443115234375">
        <ele>56.59999847412109375</ele>
        <time>2026-09-07T22:32:32.000Z</time>
        <extensions>
          <ns3:TrackPointExtension>
            <ns3:hr>145</ns3:hr>
            <ns3:cad>82</ns3:cad>
          </ns3:TrackPointExtension>
        </extensions>
      </trkpt>
      <trkpt lat="35.755272097885608673095703125" lon="139.53176504932343959808349609375">
        <ele>56.59999847412109375</ele>
        <time>2026-09-07T22:32:33.000Z</time>
        <extensions>
          <ns3:TrackPointExtension>
            <ns3:hr>145</ns3:hr>
            <ns3:cad>83</ns3:cad>
          </ns3:TrackPointExtension>
        </extensions>
      </trkpt>
      <trkpt lat="35.75526866130530834197998046875" lon="139.53174493275582790374755859375">
        <ele>56.59999847412109375</ele>
        <time>2026-09-07T22:32:34.000Z</time>
        <extensions>
          <ns3:TrackPointExtension>
            <ns3:hr>145</ns3:hr>
            <ns3:cad>83</ns3:cad>
          </ns3:TrackPointExtension>
        </extensions>
      </trkpt>
      <trkpt lat="35.75526262633502483367919921875" lon="139.53172196634113788604736328125">
        <ele>56.59999847412109375</ele>
        <time>2026-09-07T22:32:35.000Z</time>
        <extensions>
          <ns3:TrackPointExtension>
            <ns3:hr>145</ns3:hr>
            <ns3:cad>83</ns3:cad>
          </ns3:TrackPointExtension>
        </extensions>
      </trkpt>
      <trkpt lat="35.75525089167058467864990234375" lon="139.53170008957386016845703125">
        <ele>56.59999847412109375</ele>
        <time>2026-09-07T22:32:36.000Z</time>
        <extensions>
          <ns3:TrackPointExtension>
            <ns3:hr>146</ns3:hr>
            <ns3:cad>83</ns3:cad>
          </ns3:TrackPointExtension>
        </extensions>
      </trkpt>
      <trkpt lat="35.755218453705310821533203125" lon="139.53166614286601543426513671875">
        <ele>56.59999847412109375</ele>
        <time>2026-09-07T22:32:37.000Z</time>
        <extensions>
          <ns3:TrackPointExtension>
            <ns3:hr>147</ns3:hr>
            <ns3:cad>83</ns3:cad>
          </ns3:TrackPointExtension>
        </extensions>
      </trkpt>
      <trkpt lat="35.75520445592701435089111328125" lon="139.5316479541361331939697265625">
        <ele>56.59999847412109375</ele>
        <time>2026-09-07T22:32:38.000Z</time>
        <extensions>
          <ns3:TrackPointExtension>
            <ns3:hr>147</ns3:hr>
            <ns3:cad>83</ns3:cad>
          </ns3:TrackPointExtension>
        </extensions>
      </trkpt>
      <trkpt lat="35.7551971636712551116943359375" lon="139.53163328580558300018310546875">
        <ele>56.59999847412109375</ele>
        <time>2026-09-07T22:32:39.000Z</time>
        <extensions>
          <ns3:TrackPointExtension>
            <ns3:hr>147</ns3:hr>
            <ns3:cad>83</ns3:cad>
          </ns3:TrackPointExtension>
        </extensions>
      </trkpt>
      <trkpt lat="35.7551872730255126953125" lon="139.53159858472645282745361328125">
        <ele>56.59999847412109375</ele>
        <time>2026-09-07T22:32:40.000Z</time>
        <extensions>
          <ns3:TrackPointExtension>
            <ns3:hr>147</ns3:hr>
            <ns3:cad>83</ns3:cad>
          </ns3:TrackPointExtension>
        </extensions>
      </trkpt>
      <trkpt lat="35.755174197256565093994140625" lon="139.53157511539757251739501953125">
        <ele>56.59999847412109375</ele>
        <time>2026-09-07T22:32:41.000Z</time>
        <extensions>
          <ns3:TrackPointExtension>
            <ns3:hr>147</ns3:hr>
            <ns3:cad>83</ns3:cad>
          </ns3:TrackPointExtension>
        </extensions>
      </trkpt>
      <trkpt lat="35.75516690500080585479736328125" lon="139.5315547473728656768798828125">
        <ele>56.799999237060546875</ele>
        <time>2026-09-07T22:32:42.000Z</time>
        <extensions>
          <ns3:TrackPointExtension>
            <ns3:hr>147</ns3:hr>
            <ns3:cad>83</ns3:cad>
          </ns3:TrackPointExtension>
        </extensions>
      </trkpt>
      <trkpt lat="35.75515852309763431549072265625" lon="139.53152767382562160491943359375">
        <ele>56.799999237060546875</ele>
        <time>2026-09-07T22:32:43.000Z</time>
        <extensions>
          <ns3:TrackPointExtension>
            <ns3:hr>147</ns3:hr>
            <ns3:cad>82</ns3:cad>
          </ns3:TrackPointExtension>
        </extensions>
      </trkpt>
      <trkpt lat="35.75515768490731716156005859375" lon="139.53150772489607334136962890625">
        <ele>56.799999237060546875</ele>
        <time>2026-09-07T22:32:44.000Z</time>
        <extensions>
          <ns3:TrackPointExtension>
            <ns3:hr>147</ns3:hr>
            <ns3:cad>82</ns3:cad>
          </ns3:TrackPointExtension>
        </extensions>
      </trkpt>
      <trkpt lat="35.75514729134738445281982421875" lon="139.53149364329874515533447265625">
        <ele>56.799999237060546875</ele>
        <time>2026-09-07T22:32:45.000Z</time>
        <extensions>
          <ns3:TrackPointExtension>
            <ns3:hr>148</ns3:hr>
            <ns3:cad>82</ns3:cad>
          </ns3:TrackPointExtension>
        </extensions>
      </trkpt>
      <trkpt lat="35.75513429939746856689453125" lon="139.5314726047217845916748046875">
        <ele>56.799999237060546875</ele>
        <time>2026-09-07T22:32:46.000Z</time>
        <extensions>
          <ns3:TrackPointExtension>
            <ns3:hr>148</ns3:hr>
            <ns3:cad>83</ns3:cad>
          </ns3:TrackPointExtension>
        </extensions>
      </trkpt>
      <trkpt lat="35.7551177032291889190673828125" lon="139.53145106323063373565673828125">
        <ele>56.799999237060546875</ele>
        <time>2026-09-07T22:32:47.000Z</time>
        <extensions>
          <ns3:TrackPointExtension>
            <ns3:hr>148</ns3:hr>
            <ns3:cad>83</ns3:cad>
          </ns3:TrackPointExtension>
        </extensions>
      </trkpt>
      <trkpt lat="35.7551002688705921173095703125" lon="139.53143589198589324951171875">
        <ele>56.799999237060546875</ele>
        <time>2026-09-07T22:32:48.000Z</time>
        <extensions>
          <ns3:TrackPointExtension>
            <ns3:hr>148</ns3:hr>
            <ns3:cad>83</ns3:cad>
          </ns3:TrackPointExtension>
        </extensions>
      </trkpt>
      <trkpt lat="35.7550838403403759002685546875" lon="139.53142206184566020965576171875">
        <ele>56.799999237060546875</ele>
        <time>2026-09-07T22:32:49.000Z</time>
        <extensions>
          <ns3:TrackPointExtension>
            <ns3:hr>148</ns3:hr>
            <ns3:cad>83</ns3:cad>
          </ns3:TrackPointExtension>
        </extensions>
      </trkpt>
      <trkpt lat="35.75506389141082763671875" lon="139.5314038731157779693603515625">
        <ele>56.799999237060546875</ele>
        <time>2026-09-07T22:32:50.000Z</time>
        <extensions>
          <ns3:TrackPointExtension>
            <ns3:hr>148</ns3:hr>
            <ns3:cad>83</ns3:cad>
          </ns3:TrackPointExtension>
        </extensions>
      </trkpt>
      <trkpt lat="35.7550493068993091583251953125" lon="139.5313857682049274444580078125">
        <ele>56.799999237060546875</ele>
        <time>2026-09-07T22:32:51.000Z</time>
        <extensions>
          <ns3:TrackPointExtension>
            <ns3:hr>147</ns3:hr>
            <ns3:cad>83</ns3:cad>
          </ns3:TrackPointExtension>
        </extensions>
      </trkpt>
      <trkpt lat="35.755036063492298126220703125" lon="139.53137227334082126617431640625">
        <ele>56.799999237060546875</ele>
        <time>2026-09-07T22:32:52.000Z</time>
        <extensions>
          <ns3:TrackPointExtension>
            <ns3:hr>147</ns3:hr>
            <ns3:cad>82</ns3:cad>
          </ns3:TrackPointExtension>
        </extensions>
      </trkpt>
      <trkpt lat="35.7550224848091602325439453125" lon="139.53135944902896881103515625">
        <ele>57</ele>
        <time>2026-09-07T22:32:53.000Z</time>
        <extensions>
          <ns3:TrackPointExtension>
            <ns3:hr>148</ns3:hr>
            <ns3:cad>82</ns3:cad>
          </ns3:TrackPointExtension>
        </extensions>
      </trkpt>
      <trkpt lat="35.75500932522118091583251953125" lon="139.53134343959391117095947265625">
        <ele>57</ele>
        <time>2026-09-07T22:32:54.000Z</time>
        <extensions>
          <ns3:TrackPointExtension>
            <ns3:hr>148</ns3:hr>
            <ns3:cad>81</ns3:cad>
          </ns3:TrackPointExtension>
        </extensions>
      </trkpt>
      <trkpt lat="35.75499759055674076080322265625" lon="139.5313281007111072540283203125">
        <ele>57</ele>
        <time>2026-09-07T22:32:55.000Z</time>
        <extensions>
          <ns3:TrackPointExtension>
            <ns3:hr>148</ns3:hr>
            <ns3:cad>81</ns3:cad>
          </ns3:TrackPointExtension>
        </extensions>
      </trkpt>
      <trkpt lat="35.7549876160919666290283203125" lon="139.5313133485615253448486328125">
        <ele>57</ele>
        <time>2026-09-07T22:32:56.000Z</time>
        <extensions>
          <ns3:TrackPointExtension>
            <ns3:hr>148</ns3:hr>
            <ns3:cad>81</ns3:cad>
          </ns3:TrackPointExtension>
        </extensions>
      </trkpt>
      <trkpt lat="35.75497948564589023590087890625" lon="139.53129800967872142791748046875">
        <ele>57</ele>
        <time>2026-09-07T22:32:57.000Z</time>
        <extensions>
          <ns3:TrackPointExtension>
            <ns3:hr>148</ns3:hr>
            <ns3:cad>82</ns3:cad>
          </ns3:TrackPointExtension>
        </extensions>
      </trkpt>
      <trkpt lat="35.754964984953403472900390625" lon="139.53128241933882236480712890625">
        <ele>57</ele>
        <time>2026-09-07T22:32:58.000Z</time>
        <extensions>
          <ns3:TrackPointExtension>
            <ns3:hr>148</ns3:hr>
            <ns3:cad>82</ns3:cad>
          </ns3:TrackPointExtension>
        </extensions>
      </trkpt>
      <trkpt lat="35.75495081953704357147216796875" lon="139.53126448206603527069091796875">
        <ele>57</ele>
        <time>2026-09-07T22:32:59.000Z</time>
        <extensions>
          <ns3:TrackPointExtension>
            <ns3:hr>148</ns3:hr>
            <ns3:cad>82</ns3:cad>
          </ns3:TrackPointExtension>
        </extensions>
      </trkpt>
      <trkpt lat="35.7549504004418849945068359375" lon="139.53124520368874073028564453125">
        <ele>57</ele>
        <time>2026-09-07T22:33:00.000Z</time>
        <extensions>
          <ns3:TrackPointExtension>
            <ns3:hr>148</ns3:hr>
            <ns3:cad>82</ns3:cad>
          </ns3:TrackPointExtension>
        </extensions>
      </trkpt>
      <trkpt lat="35.75494746677577495574951171875" lon="139.53122357837855815887451171875">
        <ele>57</ele>
        <time>2026-09-07T22:33:01.000Z</time>
        <extensions>
          <ns3:TrackPointExtension>
            <ns3:hr>148</ns3:hr>
            <ns3:cad>82</ns3:cad>
          </ns3:TrackPointExtension>
        </extensions>
      </trkpt>
      <trkpt lat="35.75494210235774517059326171875" lon="139.5311936549842357635498046875">
        <ele>57</ele>
        <time>2026-09-07T22:33:02.000Z</time>
        <extensions>
          <ns3:TrackPointExtension>
            <ns3:hr>148</ns3:hr>
            <ns3:cad>82</ns3:cad>
          </ns3:TrackPointExtension>
        </extensions>
      </trkpt>
      <trkpt lat="35.75492584146559238433837890625" lon="139.53115467913448810577392578125">
        <ele>57.200000762939453125</ele>
        <time>2026-09-07T22:33:03.000Z</time>
        <extensions>
          <ns3:TrackPointExtension>
            <ns3:hr>148</ns3:hr>
            <ns3:cad>81</ns3:cad>
          </ns3:TrackPointExtension>
        </extensions>
      </trkpt>
      <trkpt lat="35.7549105025827884674072265625" lon="139.5311219058930873870849609375">
        <ele>57.200000762939453125</ele>
        <time>2026-09-07T22:33:04.000Z</time>
        <extensions>
          <ns3:TrackPointExtension>
            <ns3:hr>148</ns3:hr>
            <ns3:cad>81</ns3:cad>
          </ns3:TrackPointExtension>
        </extensions>
      </trkpt>
      <trkpt lat="35.7548907212913036346435546875" lon="139.53109047375619411468505859375">
        <ele>57.200000762939453125</ele>
        <time>2026-09-07T22:33:05.000Z</time>
        <extensions>
          <ns3:TrackPointExtension>
            <ns3:hr>147</ns3:hr>
            <ns3:cad>81</ns3:cad>
          </ns3:TrackPointExtension>
        </extensions>
      </trkpt>
      <trkpt lat="35.75486331246793270111083984375" lon="139.53108091838657855987548828125">
        <ele>57.200000762939453125</ele>
        <time>2026-09-07T22:33:06.000Z</time>
        <extensions>
          <ns3:TrackPointExtension>
            <ns3:hr>147</ns3:hr>
            <ns3:cad>81</ns3:cad>
          </ns3:TrackPointExtension>
        </extensions>
      </trkpt>
      <trkpt lat="35.75485400855541229248046875" lon="139.5310565270483493804931640625">
        <ele>57.200000762939453125</ele>
        <time>2026-09-07T22:33:07.000Z</time>
        <extensions>
          <ns3:TrackPointExtension>
            <ns3:hr>147</ns3:hr>
            <ns3:cad>81</ns3:cad>
          </ns3:TrackPointExtension>
        </extensions>
      </trkpt>
      <trkpt lat="35.75483950786292552947998046875" lon="139.531033895909786224365234375">
        <ele>57.200000762939453125</ele>
        <time>2026-09-07T22:33:08.000Z</time>
        <extensions>
          <ns3:TrackPointExtension>
            <ns3:hr>147</ns3:hr>
            <ns3:cad>81</ns3:cad>
          </ns3:TrackPointExtension>
        </extensions>
      </trkpt>
      <trkpt lat="35.75483934022486209869384765625" lon="139.5310364104807376861572265625">
        <ele>57.200000762939453125</ele>
        <time>2026-09-07T22:33:09.000Z</time>
        <extensions>
          <ns3:TrackPointExtension>
            <ns3:hr>147</ns3:hr>
            <ns3:cad>80</ns3:cad>
          </ns3:TrackPointExtension>
        </extensions>
      </trkpt>
      <trkpt lat="35.75483079068362712860107421875" lon="139.531020484864711761474609375">
        <ele>57.200000762939453125</ele>
        <time>2026-09-07T22:33:10.000Z</time>
        <extensions>
          <ns3:TrackPointExtension>
            <ns3:hr>147</ns3:hr>
            <ns3:cad>80</ns3:cad>
          </ns3:TrackPointExtension>
        </extensions>
      </trkpt>
      <trkpt lat="35.75482207350432872772216796875" lon="139.53100497834384441375732421875">
        <ele>57.200000762939453125</ele>
        <time>2026-09-07T22:33:11.000Z</time>
        <extensions>
          <ns3:TrackPointExtension>
            <ns3:hr>147</ns3:hr>
            <ns3:cad>80</ns3:cad>
          </ns3:TrackPointExtension>
        </extensions>
      </trkpt>
      <trkpt lat="35.7548092491924762725830078125" lon="139.5309837721288204193115234375">
        <ele>57.200000762939453125</ele>
        <time>2026-09-07T22:33:12.000Z</time>
        <extensions>
          <ns3:TrackPointExtension>
            <ns3:hr>146</ns3:hr>
            <ns3:cad>80</ns3:cad>
          </ns3:TrackPointExtension>
        </extensions>
      </trkpt>
      <trkpt lat="35.75479474849998950958251953125" lon="139.53096893616020679473876953125">
        <ele>57.200000762939453125</ele>
        <time>2026-09-07T22:33:13.000Z</time>
        <extensions>
          <ns3:TrackPointExtension>
            <ns3:hr>146</ns3:hr>
            <ns3:cad>80</ns3:cad>
          </ns3:TrackPointExtension>
        </extensions>
      </trkpt>
      <trkpt lat="35.75478301383554935455322265625" lon="139.53096021898090839385986328125">
        <ele>57.200000762939453125</ele>
        <time>2026-09-07T22:33:14.000Z</time>
        <extensions>
          <ns3:TrackPointExtension>
            <ns3:hr>145</ns3:hr>
            <ns3:cad>79</ns3:cad>
          </ns3:TrackPointExtension>
        </extensions>
      </trkpt>
      <trkpt lat="35.75477379374206066131591796875" lon="139.530954770743846893310546875">
        <ele>57.200000762939453125</ele>
        <time>2026-09-07T22:33:15.000Z</time>
        <extensions>
          <ns3:TrackPointExtension>
            <ns3:hr>145</ns3:hr>
            <ns3:cad>79</ns3:cad>
          </ns3:TrackPointExtension>
        </extensions>
      </trkpt>
      <trkpt lat="35.75475987978279590606689453125" lon="139.530946724116802215576171875">
        <ele>57.200000762939453125</ele>
        <time>2026-09-07T22:33:16.000Z</time>
        <extensions>
          <ns3:TrackPointExtension>
            <ns3:hr>145</ns3:hr>
            <ns3:cad>79</ns3:cad>
          </ns3:TrackPointExtension>
        </extensions>
      </trkpt>
      <trkpt lat="35.754736326634883880615234375" lon="139.53094563446938991546630859375">
        <ele>57.200000762939453125</ele>
        <time>2026-09-07T22:33:17.000Z</time>
        <extensions>
          <ns3:TrackPointExtension>
            <ns3:hr>145</ns3:hr>
            <ns3:cad>80</ns3:cad>
          </ns3:TrackPointExtension>
        </extensions>
      </trkpt>
      <trkpt lat="35.75473775155842304229736328125" lon="139.53093339689075946807861328125">
        <ele>57.200000762939453125</ele>
        <time>2026-09-07T22:33:18.000Z</time>
        <extensions>
          <ns3:TrackPointExtension>
            <ns3:hr>146</ns3:hr>
            <ns3:cad>80</ns3:cad>
          </ns3:TrackPointExtension>
        </extensions>
      </trkpt>
      <trkpt lat="35.7547351531684398651123046875" lon="139.53092451207339763641357421875">
        <ele>57.200000762939453125</ele>
        <time>2026-09-07T22:33:19.000Z</time>
        <extensions>
          <ns3:TrackPointExtension>
            <ns3:hr>146</ns3:hr>
            <ns3:cad>81</ns3:cad>
          </ns3:TrackPointExtension>
        </extensions>
      </trkpt>
      <trkpt lat="35.75474730692803859710693359375" lon="139.53091361559927463531494140625">
        <ele>57.40000152587890625</ele>
        <time>2026-09-07T22:33:20.000Z</time>
        <extensions>
          <ns3:TrackPointExtension>
            <ns3:hr>146</ns3:hr>
            <ns3:cad>81</ns3:cad>
          </ns3:TrackPointExtension>
        </extensions>
      </trkpt>
      <trkpt lat="35.75475686229765415191650390625" lon="139.53089986927807331085205078125">
        <ele>57.200000762939453125</ele>
        <time>2026-09-07T22:33:21.000Z</time>
        <extensions>
          <ns3:TrackPointExtension>
            <ns3:hr>145</ns3:hr>
            <ns3:cad>81</ns3:cad>
          </ns3:TrackPointExtension>
        </extensions>
      </trkpt>
      <trkpt lat="35.75476373545825481414794921875" lon="139.53088478185236454010009765625">
        <ele>57.40000152587890625</ele>
        <time>2026-09-07T22:33:22.000Z</time>
        <extensions>
          <ns3:TrackPointExtension>
            <ns3:hr>145</ns3:hr>
            <ns3:cad>81</ns3:cad>
          </ns3:TrackPointExtension>
        </extensions>
      </trkpt>
      <trkpt lat="35.75477614067494869232177734375" lon="139.5308585464954376220703125">
        <ele>57.40000152587890625</ele>
        <time>2026-09-07T22:33:23.000Z</time>
        <extensions>
          <ns3:TrackPointExtension>
            <ns3:hr>145</ns3:hr>
            <ns3:cad>81</ns3:cad>
          </ns3:TrackPointExtension>
        </extensions>
      </trkpt>
      <trkpt lat="35.75478485785424709320068359375" lon="139.5308359153568744659423828125">
        <ele>57.40000152587890625</ele>
        <time>2026-09-07T22:33:24.000Z</time>
        <extensions>
          <ns3:TrackPointExtension>
            <ns3:hr>145</ns3:hr>
            <ns3:cad>81</ns3:cad>
          </ns3:TrackPointExtension>
        </extensions>
      </trkpt>
      <trkpt lat="35.75478686951100826263427734375" lon="139.5308168046176433563232421875">
        <ele>57.40000152587890625</ele>
        <time>2026-09-07T22:33:25.000Z</time>
        <extensions>
          <ns3:TrackPointExtension>
            <ns3:hr>145</ns3:hr>
            <ns3:cad>81</ns3:cad>
          </ns3:TrackPointExtension>
        </extensions>
      </trkpt>
      <trkpt lat="35.75479374267160892486572265625" lon="139.530795849859714508056640625">
        <ele>57.40000152587890625</ele>
        <time>2026-09-07T22:33:26.000Z</time>
        <extensions>
          <ns3:TrackPointExtension>
            <ns3:hr>145</ns3:hr>
            <ns3:cad>81</ns3:cad>
          </ns3:TrackPointExtension>
        </extensions>
      </trkpt>
      <trkpt lat="35.75477421283721923828125" lon="139.53076810576021671295166015625">
        <ele>57.200000762939453125</ele>
        <time>2026-09-07T22:33:27.000Z</time>
        <extensions>
          <ns3:TrackPointExtension>
            <ns3:hr>145</ns3:hr>
            <ns3:cad>81</ns3:cad>
          </ns3:TrackPointExtension>
        </extensions>
      </trkpt>
      <trkpt lat="35.75478033162653446197509765625" lon="139.5307463966310024261474609375">
        <ele>57.200000762939453125</ele>
        <time>2026-09-07T22:33:28.000Z</time>
        <extensions>
          <ns3:TrackPointExtension>
            <ns3:hr>145</ns3:hr>
            <ns3:cad>81</ns3:cad>
          </ns3:TrackPointExtension>
        </extensions>
      </trkpt>
      <trkpt lat="35.75476742349565029144287109375" lon="139.5307351648807525634765625">
        <ele>57.40000152587890625</ele>
        <time>2026-09-07T22:33:29.000Z</time>
        <extensions>
          <ns3:TrackPointExtension>
            <ns3:hr>144</ns3:hr>
            <ns3:cad>81</ns3:cad>
          </ns3:TrackPointExtension>
        </extensions>
      </trkpt>
      <trkpt lat="35.754737667739391326904296875" lon="139.53073005191981792449951171875">
        <ele>57.40000152587890625</ele>
        <time>2026-09-07T22:33:30.000Z</time>
        <extensions>
          <ns3:TrackPointExtension>
            <ns3:hr>144</ns3:hr>
            <ns3:cad>81</ns3:cad>
          </ns3:TrackPointExtension>
        </extensions>
      </trkpt>
      <trkpt lat="35.75469969771802425384521484375" lon="139.530740194022655487060546875">
        <ele>57.40000152587890625</ele>
        <time>2026-09-07T22:33:31.000Z</time>
        <extensions>
          <ns3:TrackPointExtension>
            <ns3:hr>144</ns3:hr>
            <ns3:cad>81</ns3:cad>
          </ns3:TrackPointExtension>
        </extensions>
      </trkpt>
      <trkpt lat="35.75467639602720737457275390625" lon="139.530734829604625701904296875">
        <ele>57.40000152587890625</ele>
        <time>2026-09-07T22:33:32.000Z</time>
        <extensions>
          <ns3:TrackPointExtension>
            <ns3:hr>144</ns3:hr>
            <ns3:cad>81</ns3:cad>
          </ns3:TrackPointExtension>
        </extensions>
      </trkpt>
      <trkpt lat="35.75465125031769275665283203125" lon="139.53072535805404186248779296875">
        <ele>57.40000152587890625</ele>
        <time>2026-09-07T22:33:33.000Z</time>
        <extensions>
          <ns3:TrackPointExtension>
            <ns3:hr>144</ns3:hr>
            <ns3:cad>80</ns3:cad>
          </ns3:TrackPointExtension>
        </extensions>
      </trkpt>
      <trkpt lat="35.754626691341400146484375" lon="139.53071429394185543060302734375">
        <ele>57.40000152587890625</ele>
        <time>2026-09-07T22:33:34.000Z</time>
        <extensions>
          <ns3:TrackPointExtension>
            <ns3:hr>144</ns3:hr>
            <ns3:cad>80</ns3:cad>
          </ns3:TrackPointExtension>
        </extensions>
      </trkpt>
      <trkpt lat="35.7545933313667774200439453125" lon="139.5306974463164806365966796875">
        <ele>57.40000152587890625</ele>
        <time>2026-09-07T22:33:35.000Z</time>
        <extensions>
          <ns3:TrackPointExtension>
            <ns3:hr>143</ns3:hr>
            <ns3:cad>80</ns3:cad>
          </ns3:TrackPointExtension>
        </extensions>
      </trkpt>
      <trkpt lat="35.7545698620378971099853515625" lon="139.5306803472340106964111328125">
        <ele>57.40000152587890625</ele>
        <time>2026-09-07T22:33:36.000Z</time>
        <extensions>
          <ns3:TrackPointExtension>
            <ns3:hr>143</ns3:hr>
            <ns3:cad>80</ns3:cad>
          </ns3:TrackPointExtension>
        </extensions>
      </trkpt>
      <trkpt lat="35.7545624859631061553955078125" lon="139.53066316433250904083251953125">
        <ele>57.40000152587890625</ele>
        <time>2026-09-07T22:33:37.000Z</time>
        <extensions>
          <ns3:TrackPointExtension>
            <ns3:hr>143</ns3:hr>
            <ns3:cad>80</ns3:cad>
          </ns3:TrackPointExtension>
        </extensions>
      </trkpt>
      <trkpt lat="35.7545556128025054931640625" lon="139.53064841218292713165283203125">
        <ele>57.40000152587890625</ele>
        <time>2026-09-07T22:33:38.000Z</time>
        <extensions>
          <ns3:TrackPointExtension>
            <ns3:hr>143</ns3:hr>
            <ns3:cad>81</ns3:cad>
          </ns3:TrackPointExtension>
        </extensions>
      </trkpt>
      <trkpt lat="35.75453977100551128387451171875" lon="139.53063986264169216156005859375">
        <ele>57.40000152587890625</ele>
        <time>2026-09-07T22:33:39.000Z</time>
        <extensions>
          <ns3:TrackPointExtension>
            <ns3:hr>144</ns3:hr>
            <ns3:cad>81</ns3:cad>
          </ns3:TrackPointExtension>
        </extensions>
      </trkpt>
      <trkpt lat="35.75452275574207305908203125" lon="139.53063382767140865325927734375">
        <ele>57.40000152587890625</ele>
        <time>2026-09-07T22:33:40.000Z</time>
        <extensions>
          <ns3:TrackPointExtension>
            <ns3:hr>144</ns3:hr>
            <ns3:cad>81</ns3:cad>
          </ns3:TrackPointExtension>
        </extensions>
      </trkpt>
      <trkpt lat="35.7545098476111888885498046875" lon="139.53062997199594974517822265625">
        <ele>57.40000152587890625</ele>
        <time>2026-09-07T22:33:41.000Z</time>
        <extensions>
          <ns3:TrackPointExtension>
            <ns3:hr>144</ns3:hr>
            <ns3:cad>81</ns3:cad>
          </ns3:TrackPointExtension>
        </extensions>
      </trkpt>
      <trkpt lat="35.75449098832905292510986328125" lon="139.53061941079795360565185546875">
        <ele>57.40000152587890625</ele>
        <time>2026-09-07T22:33:42.000Z</time>
        <extensions>
          <ns3:TrackPointExtension>
            <ns3:hr>143</ns3:hr>
            <ns3:cad>80</ns3:cad>
          </ns3:TrackPointExtension>
        </extensions>
      </trkpt>
      <trkpt lat="35.75448847375810146331787109375" lon="139.53061488457024097442626953125">
        <ele>57.40000152587890625</ele>
        <time>2026-09-07T22:33:43.000Z</time>
        <extensions>
          <ns3:TrackPointExtension>
            <ns3:hr>143</ns3:hr>
            <ns3:cad>80</ns3:cad>
          </ns3:TrackPointExtension>
        </extensions>
      </trkpt>
      <trkpt lat="35.75447020120918750762939453125" lon="139.5305975340306758880615234375">
        <ele>57.40000152587890625</ele>
        <time>2026-09-07T22:33:44.000Z</time>
        <extensions>
          <ns3:TrackPointExtension>
            <ns3:hr>143</ns3:hr>
            <ns3:cad>80</ns3:cad>
          </ns3:TrackPointExtension>
        </extensions>
      </trkpt>
      <trkpt lat="35.75445662252604961395263671875" lon="139.5305742323398590087890625">
        <ele>57.40000152587890625</ele>
        <time>2026-09-07T22:33:45.000Z</time>
        <extensions>
          <ns3:TrackPointExtension>
            <ns3:hr>142</ns3:hr>
            <ns3:cad>80</ns3:cad>
          </ns3:TrackPointExtension>
        </extensions>
      </trkpt>
      <trkpt lat="35.7544508390128612518310546875" lon="139.53054481185972690582275390625">
        <ele>57.40000152587890625</ele>
        <time>2026-09-07T22:33:46.000Z</time>
        <extensions>
          <ns3:TrackPointExtension>
            <ns3:hr>142</ns3:hr>
            <ns3:cad>81</ns3:cad>
          </ns3:TrackPointExtension>
        </extensions>
      </trkpt>
      <trkpt lat="35.75444363057613372802734375" lon="139.5305214263498783111572265625">
        <ele>57.40000152587890625</ele>
        <time>2026-09-07T22:33:47.000Z</time>
        <extensions>
          <ns3:TrackPointExtension>
            <ns3:hr>143</ns3:hr>
            <ns3:cad>81</ns3:cad>
          </ns3:TrackPointExtension>
        </extensions>
      </trkpt>
      <trkpt lat="35.7544349133968353271484375" lon="139.5304838754236698150634765625">
        <ele>57.40000152587890625</ele>
        <time>2026-09-07T22:33:48.000Z</time>
        <extensions>
          <ns3:TrackPointExtension>
            <ns3:hr>143</ns3:hr>
            <ns3:cad>81</ns3:cad>
          </ns3:TrackPointExtension>
        </extensions>
      </trkpt>
      <trkpt lat="35.754427872598171234130859375" lon="139.53045914880931377410888671875">
        <ele>57.40000152587890625</ele>
        <time>2026-09-07T22:33:49.000Z</time>
        <extensions>
          <ns3:TrackPointExtension>
            <ns3:hr>143</ns3:hr>
            <ns3:cad>81</ns3:cad>
          </ns3:TrackPointExtension>
        </extensions>
      </trkpt>
      <trkpt lat="35.7544226758182048797607421875" lon="139.53042813576757907867431640625">
        <ele>57.40000152587890625</ele>
        <time>2026-09-07T22:33:50.000Z</time>
        <extensions>
          <ns3:TrackPointExtension>
            <ns3:hr>143</ns3:hr>
            <ns3:cad>81</ns3:cad>
          </ns3:TrackPointExtension>
        </extensions>
      </trkpt>
      <trkpt lat="35.75441488064825534820556640625" lon="139.53039796091616153717041015625">
        <ele>57.59999847412109375</ele>
        <time>2026-09-07T22:33:51.000Z</time>
        <extensions>
          <ns3:TrackPointExtension>
            <ns3:hr>143</ns3:hr>
            <ns3:cad>81</ns3:cad>
          </ns3:TrackPointExtension>
        </extensions>
      </trkpt>
      <trkpt lat="35.75440515764057636260986328125" lon="139.5303755812346935272216796875">
        <ele>57.59999847412109375</ele>
        <time>2026-09-07T22:33:52.000Z</time>
        <extensions>
          <ns3:TrackPointExtension>
            <ns3:hr>143</ns3:hr>
            <ns3:cad>81</ns3:cad>
          </ns3:TrackPointExtension>
        </extensions>
      </trkpt>
      <trkpt lat="35.75439560227096080780029296875" lon="139.530350267887115478515625">
        <ele>57.59999847412109375</ele>
        <time>2026-09-07T22:33:53.000Z</time>
        <extensions>
          <ns3:TrackPointExtension>
            <ns3:hr>143</ns3:hr>
            <ns3:cad>80</ns3:cad>
          </ns3:TrackPointExtension>
        </extensions>
      </trkpt>
      <trkpt lat="35.7543812692165374755859375" lon="139.53032420016825199127197265625">
        <ele>57.59999847412109375</ele>
        <time>2026-09-07T22:33:54.000Z</time>
        <extensions>
          <ns3:TrackPointExtension>
            <ns3:hr>143</ns3:hr>
            <ns3:cad>80</ns3:cad>
          </ns3:TrackPointExtension>
        </extensions>
      </trkpt>
      <trkpt lat="35.7543693669140338897705078125" lon="139.5303038321435451507568359375">
        <ele>57.59999847412109375</ele>
        <time>2026-09-07T22:33:55.000Z</time>
        <extensions>
          <ns3:TrackPointExtension>
            <ns3:hr>143</ns3:hr>
            <ns3:cad>80</ns3:cad>
          </ns3:TrackPointExtension>
        </extensions>
      </trkpt>
      <trkpt lat="35.7543633319437503814697265625" lon="139.530284889042377471923828125">
        <ele>57.59999847412109375</ele>
        <time>2026-09-07T22:33:56.000Z</time>
        <extensions>
          <ns3:TrackPointExtension>
            <ns3:hr>143</ns3:hr>
            <ns3:cad>80</ns3:cad>
          </ns3:TrackPointExtension>
        </extensions>
      </trkpt>
      <trkpt lat="35.75434547848999500274658203125" lon="139.5302649401128292083740234375">
        <ele>57.59999847412109375</ele>
        <time>2026-09-07T22:33:57.000Z</time>
        <extensions>
          <ns3:TrackPointExtension>
            <ns3:hr>143</ns3:hr>
            <ns3:cad>80</ns3:cad>
          </ns3:TrackPointExtension>
        </extensions>
      </trkpt>
      <trkpt lat="35.754337012767791748046875" lon="139.53024021349847316741943359375">
        <ele>57.59999847412109375</ele>
        <time>2026-09-07T22:33:58.000Z</time>
        <extensions>
          <ns3:TrackPointExtension>
            <ns3:hr>143</ns3:hr>
            <ns3:cad>79</ns3:cad>
          </ns3:TrackPointExtension>
        </extensions>
      </trkpt>
      <trkpt lat="35.7543153874576091766357421875" lon="139.5302174985408782958984375">
        <ele>57.59999847412109375</ele>
        <time>2026-09-07T22:33:59.000Z</time>
        <extensions>
          <ns3:TrackPointExtension>
            <ns3:hr>143</ns3:hr>
            <ns3:cad>79</ns3:cad>
          </ns3:TrackPointExtension>
        </extensions>
      </trkpt>
      <trkpt lat="35.75430843047797679901123046875" lon="139.53019402921199798583984375">
        <ele>57.59999847412109375</ele>
        <time>2026-09-07T22:34:00.000Z</time>
        <extensions>
          <ns3:TrackPointExtension>
            <ns3:hr>143</ns3:hr>
            <ns3:cad>79</ns3:cad>
          </ns3:TrackPointExtension>
        </extensions>
      </trkpt>
      <trkpt lat="35.7542900741100311279296875" lon="139.53017785213887691497802734375">
        <ele>57.59999847412109375</ele>
        <time>2026-09-07T22:34:01.000Z</time>
        <extensions>
          <ns3:TrackPointExtension>
            <ns3:hr>143</ns3:hr>
            <ns3:cad>79</ns3:cad>
          </ns3:TrackPointExtension>
        </extensions>
      </trkpt>
      <trkpt lat="35.75426258146762847900390625" lon="139.530173242092132568359375">
        <ele>57.59999847412109375</ele>
        <time>2026-09-07T22:34:02.000Z</time>
        <extensions>
          <ns3:TrackPointExtension>
            <ns3:hr>142</ns3:hr>
            <ns3:cad>79</ns3:cad>
          </ns3:TrackPointExtension>
        </extensions>
      </trkpt>
      <trkpt lat="35.754215978085994720458984375" lon="139.53017123043537139892578125">
        <ele>57.59999847412109375</ele>
        <time>2026-09-07T22:34:03.000Z</time>
        <extensions>
          <ns3:TrackPointExtension>
            <ns3:hr>141</ns3:hr>
            <ns3:cad>79</ns3:cad>
          </ns3:TrackPointExtension>
        </extensions>
      </trkpt>
      <trkpt lat="35.7542007230222225189208984375" lon="139.53015907667577266693115234375">
        <ele>57.59999847412109375</ele>
        <time>2026-09-07T22:34:04.000Z</time>
        <extensions>
          <ns3:TrackPointExtension>
            <ns3:hr>141</ns3:hr>
            <ns3:cad>79</ns3:cad>
          </ns3:TrackPointExtension>
        </extensions>
      </trkpt>
      <trkpt lat="35.75418345630168914794921875" lon="139.53014633618295192718505859375">
        <ele>57.59999847412109375</ele>
        <time>2026-09-07T22:34:05.000Z</time>
        <extensions>
          <ns3:TrackPointExtension>
            <ns3:hr>141</ns3:hr>
            <ns3:cad>79</ns3:cad>
          </ns3:TrackPointExtension>
        </extensions>
      </trkpt>
      <trkpt lat="35.7541728951036930084228515625" lon="139.530129991471767425537109375">
        <ele>57.59999847412109375</ele>
        <time>2026-09-07T22:34:06.000Z</time>
        <extensions>
          <ns3:TrackPointExtension>
            <ns3:hr>140</ns3:hr>
            <ns3:cad>80</ns3:cad>
          </ns3:TrackPointExtension>
        </extensions>
      </trkpt>
      <trkpt lat="35.754176415503025054931640625" lon="139.53010794706642627716064453125">
        <ele>57.59999847412109375</ele>
        <time>2026-09-07T22:34:07.000Z</time>
        <extensions>
          <ns3:TrackPointExtension>
            <ns3:hr>140</ns3:hr>
            <ns3:cad>80</ns3:cad>
          </ns3:TrackPointExtension>
        </extensions>
      </trkpt>
      <trkpt lat="35.75416778214275836944580078125" lon="139.53009520657360553741455078125">
        <ele>57.59999847412109375</ele>
        <time>2026-09-07T22:34:08.000Z</time>
        <extensions>
          <ns3:TrackPointExtension>
            <ns3:hr>140</ns3:hr>
            <ns3:cad>78</ns3:cad>
          </ns3:TrackPointExtension>
        </extensions>
      </trkpt>
      <trkpt lat="35.75416208244860172271728515625" lon="139.5300807058811187744140625">
        <ele>57.59999847412109375</ele>
        <time>2026-09-07T22:34:09.000Z</time>
        <extensions>
          <ns3:TrackPointExtension>
            <ns3:hr>140</ns3:hr>
            <ns3:cad>78</ns3:cad>
          </ns3:TrackPointExtension>
        </extensions>
      </trkpt>
      <trkpt lat="35.75414733029901981353759765625" lon="139.53007592819631099700927734375">
        <ele>57.59999847412109375</ele>
        <time>2026-09-07T22:34:10.000Z</time>
        <extensions>
          <ns3:TrackPointExtension>
            <ns3:hr>140</ns3:hr>
            <ns3:cad>78</ns3:cad>
          </ns3:TrackPointExtension>
        </extensions>
      </trkpt>
      <trkpt lat="35.75409921817481517791748046875" lon="139.53008665703237056732177734375">
        <ele>57.59999847412109375</ele>
        <time>2026-09-07T22:34:11.000Z</time>
        <extensions>
          <ns3:TrackPointExtension>
            <ns3:hr>141</ns3:hr>
            <ns3:cad>79</ns3:cad>
          </ns3:TrackPointExtension>
        </extensions>
      </trkpt>
      <trkpt lat="35.75401472859084606170654296875" lon="139.53008799813687801361083984375">
        <ele>57.59999847412109375</ele>
        <time>2026-09-07T22:34:12.000Z</time>
        <extensions>
          <ns3:TrackPointExtension>
            <ns3:hr>140</ns3:hr>
            <ns3:cad>80</ns3:cad>
          </ns3:TrackPointExtension>
        </extensions>
      </trkpt>
      <trkpt lat="35.7539455778896808624267578125" lon="139.53010417520999908447265625">
        <ele>57.59999847412109375</ele>
        <time>2026-09-07T22:34:13.000Z</time>
        <extensions>
          <ns3:TrackPointExtension>
            <ns3:hr>140</ns3:hr>
            <ns3:cad>80</ns3:cad>
          </ns3:TrackPointExtension>
        </extensions>
      </trkpt>
      <trkpt lat="35.753857232630252838134765625" lon="139.53012051992118358612060546875">
        <ele>57.59999847412109375</ele>
        <time>2026-09-07T22:34:14.000Z</time>
        <extensions>
          <ns3:TrackPointExtension>
            <ns3:hr>140</ns3:hr>
            <ns3:cad>81</ns3:cad>
          </ns3:TrackPointExtension>
        </extensions>
      </trkpt>
      <trkpt lat="35.75379445217549800872802734375" lon="139.5301258005201816558837890625">
        <ele>57.59999847412109375</ele>
        <time>2026-09-07T22:34:15.000Z</time>
        <extensions>
          <ns3:TrackPointExtension>
            <ns3:hr>140</ns3:hr>
            <ns3:cad>81</ns3:cad>
          </ns3:TrackPointExtension>
        </extensions>
      </trkpt>
      <trkpt lat="35.75375564396381378173828125" lon="139.53011624515056610107421875">
        <ele>57.59999847412109375</ele>
        <time>2026-09-07T22:34:16.000Z</time>
        <extensions>
          <ns3:TrackPointExtension>
            <ns3:hr>140</ns3:hr>
            <ns3:cad>81</ns3:cad>
          </ns3:TrackPointExtension>
        </extensions>
      </trkpt>
      <trkpt lat="35.7537367008626461029052734375" lon="139.53009772114455699920654296875">
        <ele>57.59999847412109375</ele>
        <time>2026-09-07T22:34:17.000Z</time>
        <extensions>
          <ns3:TrackPointExtension>
            <ns3:hr>140</ns3:hr>
            <ns3:cad>81</ns3:cad>
          </ns3:TrackPointExtension>
        </extensions>
      </trkpt>
      <trkpt lat="35.75374768115580081939697265625" lon="139.5300805382430553436279296875">
        <ele>57.59999847412109375</ele>
        <time>2026-09-07T22:34:18.000Z</time>
        <extensions>
          <ns3:TrackPointExtension>
            <ns3:hr>140</ns3:hr>
            <ns3:cad>81</ns3:cad>
          </ns3:TrackPointExtension>
        </extensions>
      </trkpt>
      <trkpt lat="35.75376008637249469757080078125" lon="139.530060254037380218505859375">
        <ele>57.799999237060546875</ele>
        <time>2026-09-07T22:34:19.000Z</time>
        <extensions>
          <ns3:TrackPointExtension>
            <ns3:hr>140</ns3:hr>
            <ns3:cad>81</ns3:cad>
          </ns3:TrackPointExtension>
        </extensions>
      </trkpt>
      <trkpt lat="35.75377785600721836090087890625" lon="139.53003955073654651641845703125">
        <ele>57.799999237060546875</ele>
        <time>2026-09-07T22:34:20.000Z</time>
        <extensions>
          <ns3:TrackPointExtension>
            <ns3:hr>140</ns3:hr>
            <ns3:cad>81</ns3:cad>
          </ns3:TrackPointExtension>
        </extensions>
      </trkpt>
      <trkpt lat="35.7537829689681529998779296875" lon="139.53001289628446102142333984375">
        <ele>57.799999237060546875</ele>
        <time>2026-09-07T22:34:21.000Z</time>
        <extensions>
          <ns3:TrackPointExtension>
            <ns3:hr>140</ns3:hr>
            <ns3:cad>81</ns3:cad>
          </ns3:TrackPointExtension>
        </extensions>
      </trkpt>
      <trkpt lat="35.75379411689937114715576171875" lon="139.52998372726142406463623046875">
        <ele>57.59999847412109375</ele>
        <time>2026-09-07T22:34:22.000Z</time>
        <extensions>
          <ns3:TrackPointExtension>
            <ns3:hr>139</ns3:hr>
            <ns3:cad>81</ns3:cad>
          </ns3:TrackPointExtension>
        </extensions>
      </trkpt>
      <trkpt lat="35.75380199588835239410400390625" lon="139.529960341751575469970703125">
        <ele>57.59999847412109375</ele>
        <time>2026-09-07T22:34:23.000Z</time>
        <extensions>
          <ns3:TrackPointExtension>
            <ns3:hr>139</ns3:hr>
            <ns3:cad>81</ns3:cad>
          </ns3:TrackPointExtension>
        </extensions>
      </trkpt>
      <trkpt lat="35.7538077794015407562255859375" lon="139.52993762679398059844970703125">
        <ele>57.59999847412109375</ele>
        <time>2026-09-07T22:34:24.000Z</time>
        <extensions>
          <ns3:TrackPointExtension>
            <ns3:hr>139</ns3:hr>
            <ns3:cad>80</ns3:cad>
          </ns3:TrackPointExtension>
        </extensions>
      </trkpt>
      <trkpt lat="35.7538019120693206787109375" lon="139.529921449720859527587890625">
        <ele>57.59999847412109375</ele>
        <time>2026-09-07T22:34:25.000Z</time>
        <extensions>
          <ns3:TrackPointExtension>
            <ns3:hr>138</ns3:hr>
            <ns3:cad>80</ns3:cad>
          </ns3:TrackPointExtension>
        </extensions>
      </trkpt>
      <trkpt lat="35.7538087852299213409423828125" lon="139.5299004949629306793212890625">
        <ele>57.59999847412109375</ele>
        <time>2026-09-07T22:34:26.000Z</time>
        <extensions>
          <ns3:TrackPointExtension>
            <ns3:hr>138</ns3:hr>
            <ns3:cad>80</ns3:cad>
          </ns3:TrackPointExtension>
        </extensions>
      </trkpt>
      <trkpt lat="35.7538191787898540496826171875" lon="139.5298746787011623382568359375">
        <ele>57.59999847412109375</ele>
        <time>2026-09-07T22:34:27.000Z</time>
        <extensions>
          <ns3:TrackPointExtension>
            <ns3:hr>139</ns3:hr>
            <ns3:cad>80</ns3:cad>
          </ns3:TrackPointExtension>
        </extensions>
      </trkpt>
      <trkpt lat="35.7538289017975330352783203125" lon="139.52984475530683994293212890625">
        <ele>57.59999847412109375</ele>
        <time>2026-09-07T22:34:28.000Z</time>
        <extensions>
          <ns3:TrackPointExtension>
            <ns3:hr>139</ns3:hr>
            <ns3:cad>81</ns3:cad>
          </ns3:TrackPointExtension>
        </extensions>
      </trkpt>
      <trkpt lat="35.75382345356047153472900390625" lon="139.529816843569278717041015625">
        <ele>57.59999847412109375</ele>
        <time>2026-09-07T22:34:29.000Z</time>
        <extensions>
          <ns3:TrackPointExtension>
            <ns3:hr>139</ns3:hr>
            <ns3:cad>81</ns3:cad>
          </ns3:TrackPointExtension>
        </extensions>
      </trkpt>
      <trkpt lat="35.753813646733760833740234375" lon="139.529781974852085113525390625">
        <ele>57.59999847412109375</ele>
        <time>2026-09-07T22:34:30.000Z</time>
        <extensions>
          <ns3:TrackPointExtension>
            <ns3:hr>138</ns3:hr>
            <ns3:cad>81</ns3:cad>
          </ns3:TrackPointExtension>
        </extensions>
      </trkpt>
      <trkpt lat="35.75383401475846767425537109375" lon="139.5297362096607685089111328125">
        <ele>57.59999847412109375</ele>
        <time>2026-09-07T22:34:31.000Z</time>
        <extensions>
          <ns3:TrackPointExtension>
            <ns3:hr>138</ns3:hr>
            <ns3:cad>80</ns3:cad>
          </ns3:TrackPointExtension>
        </extensions>
      </trkpt>
      <trkpt lat="35.75385153293609619140625" lon="139.5296971499919891357421875">
        <ele>57.59999847412109375</ele>
        <time>2026-09-07T22:34:32.000Z</time>
        <extensions>
          <ns3:TrackPointExtension>
            <ns3:hr>137</ns3:hr>
            <ns3:cad>80</ns3:cad>
          </ns3:TrackPointExtension>
        </extensions>
      </trkpt>
      <trkpt lat="35.7538691349327564239501953125" lon="139.5296622812747955322265625">
        <ele>57.59999847412109375</ele>
        <time>2026-09-07T22:34:33.000Z</time>
        <extensions>
          <ns3:TrackPointExtension>
            <ns3:hr>137</ns3:hr>
            <ns3:cad>80</ns3:cad>
          </ns3:TrackPointExtension>
        </extensions>
      </trkpt>
      <trkpt lat="35.75388036668300628662109375" lon="139.5296212099492549896240234375">
        <ele>57.59999847412109375</ele>
        <time>2026-09-07T22:34:34.000Z</time>
        <extensions>
          <ns3:TrackPointExtension>
            <ns3:hr>137</ns3:hr>
            <ns3:cad>81</ns3:cad>
          </ns3:TrackPointExtension>
        </extensions>
      </trkpt>
      <trkpt lat="35.7538902573287487030029296875" lon="139.52959195710718631744384765625">
        <ele>57.59999847412109375</ele>
        <time>2026-09-07T22:34:35.000Z</time>
        <extensions>
          <ns3:TrackPointExtension>
            <ns3:hr>138</ns3:hr>
            <ns3:cad>84</ns3:cad>
          </ns3:TrackPointExtension>
        </extensions>
      </trkpt>
      <trkpt lat="35.7538956217467784881591796875" lon="139.52955641783773899078369140625">
        <ele>57.59999847412109375</ele>
        <time>2026-09-07T22:34:36.000Z</time>
        <extensions>
          <ns3:TrackPointExtension>
            <ns3:hr>138</ns3:hr>
            <ns3:cad>84</ns3:cad>
          </ns3:TrackPointExtension>
        </extensions>
      </trkpt>
      <trkpt lat="35.75390182435512542724609375" lon="139.5295280031859874725341796875">
        <ele>57.59999847412109375</ele>
        <time>2026-09-07T22:34:37.000Z</time>
        <extensions>
          <ns3:TrackPointExtension>
            <ns3:hr>139</ns3:hr>
            <ns3:cad>84</ns3:cad>
          </ns3:TrackPointExtension>
        </extensions>
      </trkpt>
      <trkpt lat="35.7539097033441066741943359375" lon="139.52950042672455310821533203125">
        <ele>57.59999847412109375</ele>
        <time>2026-09-07T22:34:38.000Z</time>
        <extensions>
          <ns3:TrackPointExtension>
            <ns3:hr>139</ns3:hr>
            <ns3:cad>83</ns3:cad>
          </ns3:TrackPointExtension>
        </extensions>
      </trkpt>
      <trkpt lat="35.753915570676326751708984375" lon="139.5294693298637866973876953125">
        <ele>57.59999847412109375</ele>
        <time>2026-09-07T22:34:39.000Z</time>
        <extensions>
          <ns3:TrackPointExtension>
            <ns3:hr>139</ns3:hr>
            <ns3:cad>83</ns3:cad>
          </ns3:TrackPointExtension>
        </extensions>
      </trkpt>
      <trkpt lat="35.7539154030382633209228515625" lon="139.529445357620716094970703125">
        <ele>57.59999847412109375</ele>
        <time>2026-09-07T22:34:40.000Z</time>
        <extensions>
          <ns3:TrackPointExtension>
            <ns3:hr>139</ns3:hr>
            <ns3:cad>83</ns3:cad>
          </ns3:TrackPointExtension>
        </extensions>
      </trkpt>
      <trkpt lat="35.75391582213342189788818359375" lon="139.529421217739582061767578125">
        <ele>57.59999847412109375</ele>
        <time>2026-09-07T22:34:41.000Z</time>
        <extensions>
          <ns3:TrackPointExtension>
            <ns3:hr>140</ns3:hr>
            <ns3:cad>82</ns3:cad>
          </ns3:TrackPointExtension>
        </extensions>
      </trkpt>
      <trkpt lat="35.753912888467311859130859375" lon="139.52939464710652828216552734375">
        <ele>57.59999847412109375</ele>
        <time>2026-09-07T22:34:42.000Z</time>
        <extensions>
          <ns3:TrackPointExtension>
            <ns3:hr>140</ns3:hr>
            <ns3:cad>82</ns3:cad>
          </ns3:TrackPointExtension>
        </extensions>
      </trkpt>
      <trkpt lat="35.753909535706043243408203125" lon="139.529372937977313995361328125">
        <ele>57.799999237060546875</ele>
        <time>2026-09-07T22:34:43.000Z</time>
        <extensions>
          <ns3:TrackPointExtension>
            <ns3:hr>141</ns3:hr>
            <ns3:cad>83</ns3:cad>
          </ns3:TrackPointExtension>
        </extensions>
      </trkpt>
      <trkpt lat="35.7539164088666439056396484375" lon="139.5293476246297359466552734375">
        <ele>58</ele>
        <time>2026-09-07T22:34:44.000Z</time>
        <extensions>
          <ns3:TrackPointExtension>
            <ns3:hr>141</ns3:hr>
            <ns3:cad>84</ns3:cad>
          </ns3:TrackPointExtension>
        </extensions>
      </trkpt>
      <trkpt lat="35.75392059981822967529296875" lon="139.52931518666446208953857421875">
        <ele>58</ele>
        <time>2026-09-07T22:34:45.000Z</time>
        <extensions>
          <ns3:TrackPointExtension>
            <ns3:hr>141</ns3:hr>
            <ns3:cad>84</ns3:cad>
          </ns3:TrackPointExtension>
        </extensions>
      </trkpt>
      <trkpt lat="35.7539194263517856597900390625" lon="139.5292758755385875701904296875">
        <ele>58.200000762939453125</ele>
        <time>2026-09-07T22:34:46.000Z</time>
        <extensions>
          <ns3:TrackPointExtension>
            <ns3:hr>140</ns3:hr>
            <ns3:cad>83</ns3:cad>
          </ns3:TrackPointExtension>
        </extensions>
      </trkpt>
      <trkpt lat="35.75391951017081737518310546875" lon="139.52924318611621856689453125">
        <ele>58.200000762939453125</ele>
        <time>2026-09-07T22:34:47.000Z</time>
        <extensions>
          <ns3:TrackPointExtension>
            <ns3:hr>140</ns3:hr>
            <ns3:cad>82</ns3:cad>
          </ns3:TrackPointExtension>
        </extensions>
      </trkpt>
      <trkpt lat="35.7539197616279125213623046875" lon="139.5292116701602935791015625">
        <ele>58.40000152587890625</ele>
        <time>2026-09-07T22:34:48.000Z</time>
        <extensions>
          <ns3:TrackPointExtension>
            <ns3:hr>140</ns3:hr>
            <ns3:cad>82</ns3:cad>
          </ns3:TrackPointExtension>
        </extensions>
      </trkpt>
      <trkpt lat="35.753924287855625152587890625" lon="139.52917822636663913726806640625">
        <ele>58.59999847412109375</ele>
        <time>2026-09-07T22:34:49.000Z</time>
        <extensions>
          <ns3:TrackPointExtension>
            <ns3:hr>140</ns3:hr>
            <ns3:cad>82</ns3:cad>
          </ns3:TrackPointExtension>
        </extensions>
      </trkpt>
      <trkpt lat="35.75393878854811191558837890625" lon="139.52915324829518795013427734375">
        <ele>58.799999237060546875</ele>
        <time>2026-09-07T22:34:50.000Z</time>
        <extensions>
          <ns3:TrackPointExtension>
            <ns3:hr>140</ns3:hr>
            <ns3:cad>82</ns3:cad>
          </ns3:TrackPointExtension>
        </extensions>
      </trkpt>
      <trkpt lat="35.7539553008973598480224609375" lon="139.52913044951856136322021484375">
        <ele>58.799999237060546875</ele>
        <time>2026-09-07T22:34:51.000Z</time>
        <extensions>
          <ns3:TrackPointExtension>
            <ns3:hr>139</ns3:hr>
            <ns3:cad>82</ns3:cad>
          </ns3:TrackPointExtension>
        </extensions>
      </trkpt>
      <trkpt lat="35.7539737410843372344970703125" lon="139.52911687083542346954345703125">
        <ele>58.799999237060546875</ele>
        <time>2026-09-07T22:34:52.000Z</time>
        <extensions>
          <ns3:TrackPointExtension>
            <ns3:hr>139</ns3:hr>
            <ns3:cad>82</ns3:cad>
          </ns3:TrackPointExtension>
        </extensions>
      </trkpt>
      <trkpt lat="35.75399260036647319793701171875" lon="139.5291070640087127685546875">
        <ele>58.799999237060546875</ele>
        <time>2026-09-07T22:34:53.000Z</time>
        <extensions>
          <ns3:TrackPointExtension>
            <ns3:hr>139</ns3:hr>
            <ns3:cad>82</ns3:cad>
          </ns3:TrackPointExtension>
        </extensions>
      </trkpt>
      <trkpt lat="35.7540176622569561004638671875" lon="139.52909340150654315948486328125">
        <ele>58.799999237060546875</ele>
        <time>2026-09-07T22:34:54.000Z</time>
        <extensions>
          <ns3:TrackPointExtension>
            <ns3:hr>139</ns3:hr>
            <ns3:cad>82</ns3:cad>
          </ns3:TrackPointExtension>
        </extensions>
      </trkpt>
      <trkpt lat="35.75403903611004352569580078125" lon="139.5290854386985301971435546875">
        <ele>58.799999237060546875</ele>
        <time>2026-09-07T22:34:55.000Z</time>
        <extensions>
          <ns3:TrackPointExtension>
            <ns3:hr>139</ns3:hr>
            <ns3:cad>82</ns3:cad>
          </ns3:TrackPointExtension>
        </extensions>
      </trkpt>
      <trkpt lat="35.75406602583825588226318359375" lon="139.52907999046146869659423828125">
        <ele>58.799999237060546875</ele>
        <time>2026-09-07T22:34:56.000Z</time>
        <extensions>
          <ns3:TrackPointExtension>
            <ns3:hr>139</ns3:hr>
            <ns3:cad>82</ns3:cad>
          </ns3:TrackPointExtension>
        </extensions>
      </trkpt>
      <trkpt lat="35.7540850527584552764892578125" lon="139.52907881699502468109130859375">
        <ele>58.799999237060546875</ele>
        <time>2026-09-07T22:34:57.000Z</time>
        <extensions>
          <ns3:TrackPointExtension>
            <ns3:hr>139</ns3:hr>
            <ns3:cad>82</ns3:cad>
          </ns3:TrackPointExtension>
        </extensions>
      </trkpt>
      <trkpt lat="35.75409804470837116241455078125" lon="139.52908351086080074310302734375">
        <ele>58.799999237060546875</ele>
        <time>2026-09-07T22:34:58.000Z</time>
        <extensions>
          <ns3:TrackPointExtension>
            <ns3:hr>138</ns3:hr>
            <ns3:cad>82</ns3:cad>
          </ns3:TrackPointExtension>
        </extensions>
      </trkpt>
      <trkpt lat="35.75410508550703525543212890625" lon="139.529093988239765167236328125">
        <ele>58.799999237060546875</ele>
        <time>2026-09-07T22:34:59.000Z</time>
        <extensions>
          <ns3:TrackPointExtension>
            <ns3:hr>138</ns3:hr>
            <ns3:cad>82</ns3:cad>
          </ns3:TrackPointExtension>
        </extensions>
      </trkpt>
      <trkpt lat="35.75410701334476470947265625" lon="139.5291072316467761993408203125">
        <ele>58.799999237060546875</ele>
        <time>2026-09-07T22:35:00.000Z</time>
        <extensions>
          <ns3:TrackPointExtension>
            <ns3:hr>138</ns3:hr>
            <ns3:cad>82</ns3:cad>
          </ns3:TrackPointExtension>
        </extensions>
      </trkpt>
      <trkpt lat="35.7541076838970184326171875" lon="139.5291266776621341705322265625">
        <ele>58.799999237060546875</ele>
        <time>2026-09-07T22:35:01.000Z</time>
        <extensions>
          <ns3:TrackPointExtension>
            <ns3:hr>137</ns3:hr>
            <ns3:cad>82</ns3:cad>
          </ns3:TrackPointExtension>
        </extensions>
      </trkpt>
      <trkpt lat="35.7541103661060333251953125" lon="139.52913866378366947174072265625">
        <ele>58.59999847412109375</ele>
        <time>2026-09-07T22:35:02.000Z</time>
        <extensions>
          <ns3:TrackPointExtension>
            <ns3:hr>138</ns3:hr>
            <ns3:cad>82</ns3:cad>
          </ns3:TrackPointExtension>
        </extensions>
      </trkpt>
      <trkpt lat="35.754112713038921356201171875" lon="139.5291464589536190032958984375">
        <ele>58.59999847412109375</ele>
        <time>2026-09-07T22:35:03.000Z</time>
        <extensions>
          <ns3:TrackPointExtension>
            <ns3:hr>138</ns3:hr>
            <ns3:cad>80</ns3:cad>
          </ns3:TrackPointExtension>
        </extensions>
      </trkpt>
      <trkpt lat="35.7541162334382534027099609375" lon="139.529159031808376312255859375">
        <ele>58.40000152587890625</ele>
        <time>2026-09-07T22:35:04.000Z</time>
        <extensions>
          <ns3:TrackPointExtension>
            <ns3:hr>137</ns3:hr>
            <ns3:cad>80</ns3:cad>
          </ns3:TrackPointExtension>
        </extensions>
      </trkpt>
      <trkpt lat="35.7541272975504398345947265625" lon="139.52917839400470256805419921875">
        <ele>58.200000762939453125</ele>
        <time>2026-09-07T22:35:05.000Z</time>
        <extensions>
          <ns3:TrackPointExtension>
            <ns3:hr>137</ns3:hr>
            <ns3:cad>82</ns3:cad>
          </ns3:TrackPointExtension>
        </extensions>
      </trkpt>
      <trkpt lat="35.7541407085955142974853515625" lon="139.52919733710587024688720703125">
        <ele>58</ele>
        <time>2026-09-07T22:35:06.000Z</time>
        <extensions>
          <ns3:TrackPointExtension>
            <ns3:hr>137</ns3:hr>
            <ns3:cad>82</ns3:cad>
          </ns3:TrackPointExtension>
        </extensions>
      </trkpt>
      <trkpt lat="35.75415403582155704498291015625" lon="139.52922164462506771087646484375">
        <ele>58</ele>
        <time>2026-09-07T22:35:07.000Z</time>
        <extensions>
          <ns3:TrackPointExtension>
            <ns3:hr>137</ns3:hr>
            <ns3:cad>82</ns3:cad>
          </ns3:TrackPointExtension>
        </extensions>
      </trkpt>
      <trkpt lat="35.75416333973407745361328125" lon="139.5292507298290729522705078125">
        <ele>58</ele>
        <time>2026-09-07T22:35:08.000Z</time>
        <extensions>
          <ns3:TrackPointExtension>
            <ns3:hr>137</ns3:hr>
            <ns3:cad>84</ns3:cad>
          </ns3:TrackPointExtension>
        </extensions>
      </trkpt>
      <trkpt lat="35.754169039428234100341796875" lon="139.52927327714860439300537109375">
        <ele>57.799999237060546875</ele>
        <time>2026-09-07T22:35:09.000Z</time>
        <extensions>
          <ns3:TrackPointExtension>
            <ns3:hr>137</ns3:hr>
            <ns3:cad>85</ns3:cad>
          </ns3:TrackPointExtension>
        </extensions>
      </trkpt>
      <trkpt lat="35.7541752420365810394287109375" lon="139.52930512838065624237060546875">
        <ele>57.799999237060546875</ele>
        <time>2026-09-07T22:35:10.000Z</time>
        <extensions>
          <ns3:TrackPointExtension>
            <ns3:hr>137</ns3:hr>
            <ns3:cad>85</ns3:cad>
          </ns3:TrackPointExtension>
        </extensions>
      </trkpt>
      <trkpt lat="35.754177756607532501220703125" lon="139.52934016473591327667236328125">
        <ele>57.59999847412109375</ele>
        <time>2026-09-07T22:35:11.000Z</time>
        <extensions>
          <ns3:TrackPointExtension>
            <ns3:hr>137</ns3:hr>
            <ns3:cad>85</ns3:cad>
          </ns3:TrackPointExtension>
        </extensions>
      </trkpt>
      <trkpt lat="35.75417901389300823211669921875" lon="139.5293664000928401947021484375">
        <ele>57.59999847412109375</ele>
        <time>2026-09-07T22:35:12.000Z</time>
        <extensions>
          <ns3:TrackPointExtension>
            <ns3:hr>137</ns3:hr>
            <ns3:cad>85</ns3:cad>
          </ns3:TrackPointExtension>
        </extensions>
      </trkpt>
      <trkpt lat="35.7541859708726406097412109375" lon="139.52939833514392375946044921875">
        <ele>57.40000152587890625</ele>
        <time>2026-09-07T22:35:13.000Z</time>
        <extensions>
          <ns3:TrackPointExtension>
            <ns3:hr>137</ns3:hr>
            <ns3:cad>85</ns3:cad>
          </ns3:TrackPointExtension>
        </extensions>
      </trkpt>
      <trkpt lat="35.75419150292873382568359375" lon="139.52942767180502414703369140625">
        <ele>57.40000152587890625</ele>
        <time>2026-09-07T22:35:14.000Z</time>
        <extensions>
          <ns3:TrackPointExtension>
            <ns3:hr>139</ns3:hr>
            <ns3:cad>84</ns3:cad>
          </ns3:TrackPointExtension>
        </extensions>
      </trkpt>
      <trkpt lat="35.75419954955577850341796875" lon="139.52945399098098278045654296875">
        <ele>57.40000152587890625</ele>
        <time>2026-09-07T22:35:15.000Z</time>
        <extensions>
          <ns3:TrackPointExtension>
            <ns3:hr>141</ns3:hr>
            <ns3:cad>84</ns3:cad>
          </ns3:TrackPointExtension>
        </extensions>
      </trkpt>
      <trkpt lat="35.75420533306896686553955078125" lon="139.529483579099178314208984375">
        <ele>57.40000152587890625</ele>
        <time>2026-09-07T22:35:16.000Z</time>
        <extensions>
          <ns3:TrackPointExtension>
            <ns3:hr>141</ns3:hr>
            <ns3:cad>85</ns3:cad>
          </ns3:TrackPointExtension>
        </extensions>
      </trkpt>
      <trkpt lat="35.75420583598315715789794921875" lon="139.52951987273991107940673828125">
        <ele>57.40000152587890625</ele>
        <time>2026-09-07T22:35:17.000Z</time>
        <extensions>
          <ns3:TrackPointExtension>
            <ns3:hr>142</ns3:hr>
            <ns3:cad>85</ns3:cad>
          </ns3:TrackPointExtension>
        </extensions>
      </trkpt>
      <trkpt lat="35.75420583598315715789794921875" lon="139.529551304876804351806640625">
        <ele>57.40000152587890625</ele>
        <time>2026-09-07T22:35:18.000Z</time>
        <extensions>
          <ns3:TrackPointExtension>
            <ns3:hr>142</ns3:hr>
            <ns3:cad>84</ns3:cad>
          </ns3:TrackPointExtension>
        </extensions>
      </trkpt>
      <trkpt lat="35.7542030699551105499267578125" lon="139.529583491384983062744140625">
        <ele>57.40000152587890625</ele>
        <time>2026-09-07T22:35:19.000Z</time>
        <extensions>
          <ns3:TrackPointExtension>
            <ns3:hr>142</ns3:hr>
            <ns3:cad>84</ns3:cad>
          </ns3:TrackPointExtension>
        </extensions>
      </trkpt>
      <trkpt lat="35.75420700944960117340087890625" lon="139.5296091400086879730224609375">
        <ele>57.40000152587890625</ele>
        <time>2026-09-07T22:35:20.000Z</time>
        <extensions>
          <ns3:TrackPointExtension>
            <ns3:hr>143</ns3:hr>
            <ns3:cad>84</ns3:cad>
          </ns3:TrackPointExtension>
        </extensions>
      </trkpt>
      <trkpt lat="35.75421455316245555877685546875" lon="139.52963571064174175262451171875">
        <ele>57.40000152587890625</ele>
        <time>2026-09-07T22:35:21.000Z</time>
        <extensions>
          <ns3:TrackPointExtension>
            <ns3:hr>143</ns3:hr>
            <ns3:cad>86</ns3:cad>
          </ns3:TrackPointExtension>
        </extensions>
      </trkpt>
      <trkpt lat="35.75422360561788082122802734375" lon="139.5296595990657806396484375">
        <ele>57.40000152587890625</ele>
        <time>2026-09-07T22:35:22.000Z</time>
        <extensions>
          <ns3:TrackPointExtension>
            <ns3:hr>143</ns3:hr>
            <ns3:cad>86</ns3:cad>
          </ns3:TrackPointExtension>
        </extensions>
      </trkpt>
      <trkpt lat="35.754235088825225830078125" lon="139.5296864211559295654296875">
        <ele>57.40000152587890625</ele>
        <time>2026-09-07T22:35:23.000Z</time>
        <extensions>
          <ns3:TrackPointExtension>
            <ns3:hr>143</ns3:hr>
            <ns3:cad>83</ns3:cad>
          </ns3:TrackPointExtension>
        </extensions>
      </trkpt>
      <trkpt lat="35.75424372218549251556396484375" lon="139.5297063700854778289794921875">
        <ele>57.40000152587890625</ele>
        <time>2026-09-07T22:35:24.000Z</time>
        <extensions>
          <ns3:TrackPointExtension>
            <ns3:hr>143</ns3:hr>
            <ns3:cad>82</ns3:cad>
          </ns3:TrackPointExtension>
        </extensions>
      </trkpt>
      <trkpt lat="35.7542604021728038787841796875" lon="139.52973512001335620880126953125">
        <ele>57.200000762939453125</ele>
        <time>2026-09-07T22:35:25.000Z</time>
        <extensions>
          <ns3:TrackPointExtension>
            <ns3:hr>143</ns3:hr>
            <ns3:cad>82</ns3:cad>
          </ns3:TrackPointExtension>
        </extensions>
      </trkpt>
      <trkpt lat="35.75427540577948093414306640625" lon="139.529755823314189910888671875">
        <ele>57.200000762939453125</ele>
        <time>2026-09-07T22:35:26.000Z</time>
        <extensions>
          <ns3:TrackPointExtension>
            <ns3:hr>143</ns3:hr>
            <ns3:cad>82</ns3:cad>
          </ns3:TrackPointExtension>
        </extensions>
      </trkpt>
      <trkpt lat="35.75429015792906284332275390625" lon="139.5297700725495815277099609375">
        <ele>57.200000762939453125</ele>
        <time>2026-09-07T22:35:27.000Z</time>
        <extensions>
          <ns3:TrackPointExtension>
            <ns3:hr>144</ns3:hr>
            <ns3:cad>84</ns3:cad>
          </ns3:TrackPointExtension>
        </extensions>
      </trkpt>
      <trkpt lat="35.75430214405059814453125" lon="139.52978356741368770599365234375">
        <ele>57.200000762939453125</ele>
        <time>2026-09-07T22:35:28.000Z</time>
        <extensions>
          <ns3:TrackPointExtension>
            <ns3:hr>144</ns3:hr>
            <ns3:cad>84</ns3:cad>
          </ns3:TrackPointExtension>
        </extensions>
      </trkpt>
      <trkpt lat="35.754307843744754791259765625" lon="139.52979647554457187652587890625">
        <ele>57.200000762939453125</ele>
        <time>2026-09-07T22:35:29.000Z</time>
        <extensions>
          <ns3:TrackPointExtension>
            <ns3:hr>144</ns3:hr>
            <ns3:cad>84</ns3:cad>
          </ns3:TrackPointExtension>
        </extensions>
      </trkpt>
      <trkpt lat="35.7543167285621166229248046875" lon="139.5298210345208644866943359375">
        <ele>57.200000762939453125</ele>
        <time>2026-09-07T22:35:30.000Z</time>
        <extensions>
          <ns3:TrackPointExtension>
            <ns3:hr>145</ns3:hr>
            <ns3:cad>84</ns3:cad>
          </ns3:TrackPointExtension>
        </extensions>
      </trkpt>
      <trkpt lat="35.75432335026562213897705078125" lon="139.52984257601201534271240234375">
        <ele>57.200000762939453125</ele>
        <time>2026-09-07T22:35:31.000Z</time>
        <extensions>
          <ns3:TrackPointExtension>
            <ns3:hr>145</ns3:hr>
            <ns3:cad>84</ns3:cad>
          </ns3:TrackPointExtension>
        </extensions>
      </trkpt>
      <trkpt lat="35.75433173216879367828369140625" lon="139.5298622734844684600830078125">
        <ele>57.200000762939453125</ele>
        <time>2026-09-07T22:35:32.000Z</time>
        <extensions>
          <ns3:TrackPointExtension>
            <ns3:hr>145</ns3:hr>
            <ns3:cad>84</ns3:cad>
          </ns3:TrackPointExtension>
        </extensions>
      </trkpt>
      <trkpt lat="35.75434648431837558746337890625" lon="139.5298840664327144622802734375">
        <ele>57.200000762939453125</ele>
        <time>2026-09-07T22:35:33.000Z</time>
        <extensions>
          <ns3:TrackPointExtension>
            <ns3:hr>145</ns3:hr>
            <ns3:cad>84</ns3:cad>
          </ns3:TrackPointExtension>
        </extensions>
      </trkpt>
      <trkpt lat="35.7543646730482578277587890625" lon="139.52990711666643619537353515625">
        <ele>57.200000762939453125</ele>
        <time>2026-09-07T22:35:34.000Z</time>
        <extensions>
          <ns3:TrackPointExtension>
            <ns3:hr>144</ns3:hr>
            <ns3:cad>84</ns3:cad>
          </ns3:TrackPointExtension>
        </extensions>
      </trkpt>
      <trkpt lat="35.754366181790828704833984375" lon="139.52995338477194309234619140625">
        <ele>57.200000762939453125</ele>
        <time>2026-09-07T22:35:35.000Z</time>
        <extensions>
          <ns3:TrackPointExtension>
            <ns3:hr>145</ns3:hr>
            <ns3:cad>84</ns3:cad>
          </ns3:TrackPointExtension>
        </extensions>
      </trkpt>
      <trkpt lat="35.754383616149425506591796875" lon="139.52997148968279361724853515625">
        <ele>57.200000762939453125</ele>
        <time>2026-09-07T22:35:36.000Z</time>
        <extensions>
          <ns3:TrackPointExtension>
            <ns3:hr>145</ns3:hr>
            <ns3:cad>84</ns3:cad>
          </ns3:TrackPointExtension>
        </extensions>
      </trkpt>
      <trkpt lat="35.75440046377480030059814453125" lon="139.529992528259754180908203125">
        <ele>57.200000762939453125</ele>
        <time>2026-09-07T22:35:37.000Z</time>
        <extensions>
          <ns3:TrackPointExtension>
            <ns3:hr>145</ns3:hr>
            <ns3:cad>85</ns3:cad>
          </ns3:TrackPointExtension>
        </extensions>
      </trkpt>
      <trkpt lat="35.754403062164783477783203125" lon="139.53002898953855037689208984375">
        <ele>57.200000762939453125</ele>
        <time>2026-09-07T22:35:38.000Z</time>
        <extensions>
          <ns3:TrackPointExtension>
            <ns3:hr>145</ns3:hr>
            <ns3:cad>85</ns3:cad>
          </ns3:TrackPointExtension>
        </extensions>
      </trkpt>
      <trkpt lat="35.754411779344081878662109375" lon="139.53005765564739704132080078125">
        <ele>57.200000762939453125</ele>
        <time>2026-09-07T22:35:39.000Z</time>
        <extensions>
          <ns3:TrackPointExtension>
            <ns3:hr>145</ns3:hr>
            <ns3:cad>85</ns3:cad>
          </ns3:TrackPointExtension>
        </extensions>
      </trkpt>
      <trkpt lat="35.7544186525046825408935546875" lon="139.53008246608078479766845703125">
        <ele>57.200000762939453125</ele>
        <time>2026-09-07T22:35:40.000Z</time>
        <extensions>
          <ns3:TrackPointExtension>
            <ns3:hr>145</ns3:hr>
            <ns3:cad>85</ns3:cad>
          </ns3:TrackPointExtension>
        </extensions>
      </trkpt>
      <trkpt lat="35.75441974215209484100341796875" lon="139.53010551631450653076171875">
        <ele>57.200000762939453125</ele>
        <time>2026-09-07T22:35:41.000Z</time>
        <extensions>
          <ns3:TrackPointExtension>
            <ns3:hr>145</ns3:hr>
            <ns3:cad>84</ns3:cad>
          </ns3:TrackPointExtension>
        </extensions>
      </trkpt>
      <trkpt lat="35.75442778877913951873779296875" lon="139.53012336976826190948486328125">
        <ele>57.200000762939453125</ele>
        <time>2026-09-07T22:35:42.000Z</time>
        <extensions>
          <ns3:TrackPointExtension>
            <ns3:hr>144</ns3:hr>
            <ns3:cad>84</ns3:cad>
          </ns3:TrackPointExtension>
        </extensions>
      </trkpt>
      <trkpt lat="35.754433237016201019287109375" lon="139.5301449112594127655029296875">
        <ele>57</ele>
        <time>2026-09-07T22:35:43.000Z</time>
        <extensions>
          <ns3:TrackPointExtension>
            <ns3:hr>144</ns3:hr>
            <ns3:cad>84</ns3:cad>
          </ns3:TrackPointExtension>
        </extensions>
      </trkpt>
      <trkpt lat="35.75444052927196025848388671875" lon="139.5301683805882930755615234375">
        <ele>57</ele>
        <time>2026-09-07T22:35:44.000Z</time>
        <extensions>
          <ns3:TrackPointExtension>
            <ns3:hr>144</ns3:hr>
            <ns3:cad>84</ns3:cad>
          </ns3:TrackPointExtension>
        </extensions>
      </trkpt>
      <trkpt lat="35.7544528506696224212646484375" lon="139.53018690459430217742919921875">
        <ele>57</ele>
        <time>2026-09-07T22:35:45.000Z</time>
        <extensions>
          <ns3:TrackPointExtension>
            <ns3:hr>145</ns3:hr>
            <ns3:cad>84</ns3:cad>
          </ns3:TrackPointExtension>
        </extensions>
      </trkpt>
      <trkpt lat="35.75446642935276031494140625" lon="139.53021012246608734130859375">
        <ele>57</ele>
        <time>2026-09-07T22:35:46.000Z</time>
        <extensions>
          <ns3:TrackPointExtension>
            <ns3:hr>145</ns3:hr>
            <ns3:cad>84</ns3:cad>
          </ns3:TrackPointExtension>
        </extensions>
      </trkpt>
      <trkpt lat="35.7544800080358982086181640625" lon="139.5302320830523967742919921875">
        <ele>57</ele>
        <time>2026-09-07T22:35:47.000Z</time>
        <extensions>
          <ns3:TrackPointExtension>
            <ns3:hr>145</ns3:hr>
            <ns3:cad>84</ns3:cad>
          </ns3:TrackPointExtension>
        </extensions>
      </trkpt>
      <trkpt lat="35.754494257271289825439453125" lon="139.53024826012551784515380859375">
        <ele>57</ele>
        <time>2026-09-07T22:35:48.000Z</time>
        <extensions>
          <ns3:TrackPointExtension>
            <ns3:hr>145</ns3:hr>
            <ns3:cad>84</ns3:cad>
          </ns3:TrackPointExtension>
        </extensions>
      </trkpt>
      <trkpt lat="35.75451076962053775787353515625" lon="139.53026921488344669342041015625">
        <ele>57</ele>
        <time>2026-09-07T22:35:49.000Z</time>
        <extensions>
          <ns3:TrackPointExtension>
            <ns3:hr>145</ns3:hr>
            <ns3:cad>84</ns3:cad>
          </ns3:TrackPointExtension>
        </extensions>
      </trkpt>
      <trkpt lat="35.75452384538948535919189453125" lon="139.53028748743236064910888671875">
        <ele>57</ele>
        <time>2026-09-07T22:35:50.000Z</time>
        <extensions>
          <ns3:TrackPointExtension>
            <ns3:hr>144</ns3:hr>
            <ns3:cad>84</ns3:cad>
          </ns3:TrackPointExtension>
        </extensions>
      </trkpt>
      <trkpt lat="35.75453021563589572906494140625" lon="139.5303086936473846435546875">
        <ele>57</ele>
        <time>2026-09-07T22:35:51.000Z</time>
        <extensions>
          <ns3:TrackPointExtension>
            <ns3:hr>144</ns3:hr>
            <ns3:cad>81</ns3:cad>
          </ns3:TrackPointExtension>
        </extensions>
      </trkpt>
      <trkpt lat="35.75454379431903362274169921875" lon="139.53032470308244228363037109375">
        <ele>57</ele>
        <time>2026-09-07T22:35:52.000Z</time>
        <extensions>
          <ns3:TrackPointExtension>
            <ns3:hr>144</ns3:hr>
            <ns3:cad>80</ns3:cad>
          </ns3:TrackPointExtension>
        </extensions>
      </trkpt>
      <trkpt lat="35.754554271697998046875" lon="139.53034029342234134674072265625">
        <ele>57</ele>
        <time>2026-09-07T22:35:53.000Z</time>
        <extensions>
          <ns3:TrackPointExtension>
            <ns3:hr>144</ns3:hr>
            <ns3:cad>80</ns3:cad>
          </ns3:TrackPointExtension>
        </extensions>
      </trkpt>
      <trkpt lat="35.75456223450601100921630859375" lon="139.53035898506641387939453125">
        <ele>56.799999237060546875</ele>
        <time>2026-09-07T22:35:54.000Z</time>
        <extensions>
          <ns3:TrackPointExtension>
            <ns3:hr>144</ns3:hr>
            <ns3:cad>81</ns3:cad>
          </ns3:TrackPointExtension>
        </extensions>
      </trkpt>
      <trkpt lat="35.754570700228214263916015625" lon="139.5303856395184993743896484375">
        <ele>56.799999237060546875</ele>
        <time>2026-09-07T22:35:55.000Z</time>
        <extensions>
          <ns3:TrackPointExtension>
            <ns3:hr>144</ns3:hr>
            <ns3:cad>83</ns3:cad>
          </ns3:TrackPointExtension>
        </extensions>
      </trkpt>
      <trkpt lat="35.75458218343555927276611328125" lon="139.5304117910563945770263671875">
        <ele>56.799999237060546875</ele>
        <time>2026-09-07T22:35:56.000Z</time>
        <extensions>
          <ns3:TrackPointExtension>
            <ns3:hr>145</ns3:hr>
            <ns3:cad>84</ns3:cad>
          </ns3:TrackPointExtension>
        </extensions>
      </trkpt>
      <trkpt lat="35.75459785759449005126953125" lon="139.53043350018560886383056640625">
        <ele>56.799999237060546875</ele>
        <time>2026-09-07T22:35:57.000Z</time>
        <extensions>
          <ns3:TrackPointExtension>
            <ns3:hr>145</ns3:hr>
            <ns3:cad>84</ns3:cad>
          </ns3:TrackPointExtension>
        </extensions>
      </trkpt>
      <trkpt lat="35.7546137832105159759521484375" lon="139.53045579604804515838623046875">
        <ele>56.799999237060546875</ele>
        <time>2026-09-07T22:35:58.000Z</time>
        <extensions>
          <ns3:TrackPointExtension>
            <ns3:hr>144</ns3:hr>
            <ns3:cad>84</ns3:cad>
          </ns3:TrackPointExtension>
        </extensions>
      </trkpt>
      <trkpt lat="35.754623003304004669189453125" lon="139.530474655330181121826171875">
        <ele>56.799999237060546875</ele>
        <time>2026-09-07T22:35:59.000Z</time>
        <extensions>
          <ns3:TrackPointExtension>
            <ns3:hr>144</ns3:hr>
            <ns3:cad>84</ns3:cad>
          </ns3:TrackPointExtension>
        </extensions>
      </trkpt>
      <trkpt lat="35.75464840047061443328857421875" lon="139.5305066742002964019775390625">
        <ele>56.799999237060546875</ele>
        <time>2026-09-07T22:36:00.000Z</time>
        <extensions>
          <ns3:TrackPointExtension>
            <ns3:hr>144</ns3:hr>
            <ns3:cad>84</ns3:cad>
          </ns3:TrackPointExtension>
        </extensions>
      </trkpt>
      <trkpt lat="35.75466650538146495819091796875" lon="139.5305371843278408050537109375">
        <ele>56.799999237060546875</ele>
        <time>2026-09-07T22:36:01.000Z</time>
        <extensions>
          <ns3:TrackPointExtension>
            <ns3:hr>144</ns3:hr>
            <ns3:cad>84</ns3:cad>
          </ns3:TrackPointExtension>
        </extensions>
      </trkpt>
      <trkpt lat="35.75468159280717372894287109375" lon="139.53057222068309783935546875">
        <ele>56.799999237060546875</ele>
        <time>2026-09-07T22:36:02.000Z</time>
        <extensions>
          <ns3:TrackPointExtension>
            <ns3:hr>144</ns3:hr>
            <ns3:cad>84</ns3:cad>
          </ns3:TrackPointExtension>
        </extensions>
      </trkpt>
      <trkpt lat="35.75469818897545337677001953125" lon="139.53058185987174510955810546875">
        <ele>56.59999847412109375</ele>
        <time>2026-09-07T22:36:03.000Z</time>
        <extensions>
          <ns3:TrackPointExtension>
            <ns3:hr>144</ns3:hr>
            <ns3:cad>83</ns3:cad>
          </ns3:TrackPointExtension>
        </extensions>
      </trkpt>
      <trkpt lat="35.75471227057278156280517578125" lon="139.53059636056423187255859375">
        <ele>56.59999847412109375</ele>
        <time>2026-09-07T22:36:04.000Z</time>
        <extensions>
          <ns3:TrackPointExtension>
            <ns3:hr>144</ns3:hr>
            <ns3:cad>83</ns3:cad>
          </ns3:TrackPointExtension>
        </extensions>
      </trkpt>
      <trkpt lat="35.75472383759915828704833984375" lon="139.53060834668576717376708984375">
        <ele>56.59999847412109375</ele>
        <time>2026-09-07T22:36:05.000Z</time>
        <extensions>
          <ns3:TrackPointExtension>
            <ns3:hr>145</ns3:hr>
            <ns3:cad>83</ns3:cad>
          </ns3:TrackPointExtension>
        </extensions>
      </trkpt>
      <trkpt lat="35.75473330914974212646484375" lon="139.5306213386356830596923828125">
        <ele>56.59999847412109375</ele>
        <time>2026-09-07T22:36:06.000Z</time>
        <extensions>
          <ns3:TrackPointExtension>
            <ns3:hr>145</ns3:hr>
            <ns3:cad>84</ns3:cad>
          </ns3:TrackPointExtension>
        </extensions>
      </trkpt>
      <trkpt lat="35.754739008843898773193359375" lon="139.5306347496807575225830078125">
        <ele>56.59999847412109375</ele>
        <time>2026-09-07T22:36:07.000Z</time>
        <extensions>
          <ns3:TrackPointExtension>
            <ns3:hr>145</ns3:hr>
            <ns3:cad>84</ns3:cad>
          </ns3:TrackPointExtension>
        </extensions>
      </trkpt>
      <trkpt lat="35.7547519169747829437255859375" lon="139.53065645880997180938720703125">
        <ele>56.59999847412109375</ele>
        <time>2026-09-07T22:36:08.000Z</time>
        <extensions>
          <ns3:TrackPointExtension>
            <ns3:hr>145</ns3:hr>
            <ns3:cad>84</ns3:cad>
          </ns3:TrackPointExtension>
        </extensions>
      </trkpt>
      <trkpt lat="35.75476105324923992156982421875" lon="139.530677162110805511474609375">
        <ele>56.59999847412109375</ele>
        <time>2026-09-07T22:36:09.000Z</time>
        <extensions>
          <ns3:TrackPointExtension>
            <ns3:hr>145</ns3:hr>
            <ns3:cad>84</ns3:cad>
          </ns3:TrackPointExtension>
        </extensions>
      </trkpt>
      <trkpt lat="35.75477748177945613861083984375" lon="139.53069468028843402862548828125">
        <ele>56.59999847412109375</ele>
        <time>2026-09-07T22:36:10.000Z</time>
        <extensions>
          <ns3:TrackPointExtension>
            <ns3:hr>145</ns3:hr>
            <ns3:cad>84</ns3:cad>
          </ns3:TrackPointExtension>
        </extensions>
      </trkpt>
      <trkpt lat="35.7548012025654315948486328125" lon="139.5307125337421894073486328125">
        <ele>56.59999847412109375</ele>
        <time>2026-09-07T22:36:11.000Z</time>
        <extensions>
          <ns3:TrackPointExtension>
            <ns3:hr>146</ns3:hr>
            <ns3:cad>83</ns3:cad>
          </ns3:TrackPointExtension>
        </extensions>
      </trkpt>
      <trkpt lat="35.7548184692859649658203125" lon="139.530734829604625701904296875">
        <ele>56.59999847412109375</ele>
        <time>2026-09-07T22:36:12.000Z</time>
        <extensions>
          <ns3:TrackPointExtension>
            <ns3:hr>146</ns3:hr>
            <ns3:cad>83</ns3:cad>
          </ns3:TrackPointExtension>
        </extensions>
      </trkpt>
      <trkpt lat="35.754825510084629058837890625" lon="139.53075352124869823455810546875">
        <ele>56.59999847412109375</ele>
        <time>2026-09-07T22:36:13.000Z</time>
        <extensions>
          <ns3:TrackPointExtension>
            <ns3:hr>146</ns3:hr>
            <ns3:cad>83</ns3:cad>
          </ns3:TrackPointExtension>
        </extensions>
      </trkpt>
      <trkpt lat="35.75483816675841808319091796875" lon="139.530768357217311859130859375">
        <ele>56.59999847412109375</ele>
        <time>2026-09-07T22:36:14.000Z</time>
        <extensions>
          <ns3:TrackPointExtension>
            <ns3:hr>146</ns3:hr>
            <ns3:cad>83</ns3:cad>
          </ns3:TrackPointExtension>
        </extensions>
      </trkpt>
      <trkpt lat="35.754853673279285430908203125" lon="139.53078009188175201416015625">
        <ele>56.59999847412109375</ele>
        <time>2026-09-07T22:36:15.000Z</time>
        <extensions>
          <ns3:TrackPointExtension>
            <ns3:hr>146</ns3:hr>
            <ns3:cad>83</ns3:cad>
          </ns3:TrackPointExtension>
        </extensions>
      </trkpt>
      <trkpt lat="35.75486364774405956268310546875" lon="139.53079911880195140838623046875">
        <ele>56.59999847412109375</ele>
        <time>2026-09-07T22:36:16.000Z</time>
        <extensions>
          <ns3:TrackPointExtension>
            <ns3:hr>146</ns3:hr>
            <ns3:cad>82</ns3:cad>
          </ns3:TrackPointExtension>
        </extensions>
      </trkpt>
      <trkpt lat="35.7548752985894680023193359375" lon="139.53081487677991390228271484375">
        <ele>56.59999847412109375</ele>
        <time>2026-09-07T22:36:17.000Z</time>
        <extensions>
          <ns3:TrackPointExtension>
            <ns3:hr>145</ns3:hr>
            <ns3:cad>82</ns3:cad>
          </ns3:TrackPointExtension>
        </extensions>
      </trkpt>
      <trkpt lat="35.75488812290132045745849609375" lon="139.530830718576908111572265625">
        <ele>56.59999847412109375</ele>
        <time>2026-09-07T22:36:18.000Z</time>
        <extensions>
          <ns3:TrackPointExtension>
            <ns3:hr>145</ns3:hr>
            <ns3:cad>82</ns3:cad>
          </ns3:TrackPointExtension>
        </extensions>
      </trkpt>
      <trkpt lat="35.75490170158445835113525390625" lon="139.53084521926939487457275390625">
        <ele>56.59999847412109375</ele>
        <time>2026-09-07T22:36:19.000Z</time>
        <extensions>
          <ns3:TrackPointExtension>
            <ns3:hr>145</ns3:hr>
            <ns3:cad>82</ns3:cad>
          </ns3:TrackPointExtension>
        </extensions>
      </trkpt>
      <trkpt lat="35.75490924529731273651123046875" lon="139.53086969442665576934814453125">
        <ele>56.40000152587890625</ele>
        <time>2026-09-07T22:36:20.000Z</time>
        <extensions>
          <ns3:TrackPointExtension>
            <ns3:hr>145</ns3:hr>
            <ns3:cad>84</ns3:cad>
          </ns3:TrackPointExtension>
        </extensions>
      </trkpt>
      <trkpt lat="35.7549195550382137298583984375" lon="139.53089182265102863311767578125">
        <ele>56.40000152587890625</ele>
        <time>2026-09-07T22:36:21.000Z</time>
        <extensions>
          <ns3:TrackPointExtension>
            <ns3:hr>145</ns3:hr>
            <ns3:cad>84</ns3:cad>
          </ns3:TrackPointExtension>
        </extensions>
      </trkpt>
      <trkpt lat="35.7549292780458927154541015625" lon="139.5309096761047840118408203125">
        <ele>56.40000152587890625</ele>
        <time>2026-09-07T22:36:22.000Z</time>
        <extensions>
          <ns3:TrackPointExtension>
            <ns3:hr>145</ns3:hr>
            <ns3:cad>84</ns3:cad>
          </ns3:TrackPointExtension>
        </extensions>
      </trkpt>
      <trkpt lat="35.75494713149964809417724609375" lon="139.530921913683414459228515625">
        <ele>56.40000152587890625</ele>
        <time>2026-09-07T22:36:23.000Z</time>
        <extensions>
          <ns3:TrackPointExtension>
            <ns3:hr>145</ns3:hr>
            <ns3:cad>84</ns3:cad>
          </ns3:TrackPointExtension>
        </extensions>
      </trkpt>
      <trkpt lat="35.7549698464572429656982421875" lon="139.530929960310459136962890625">
        <ele>56.40000152587890625</ele>
        <time>2026-09-07T22:36:24.000Z</time>
        <extensions>
          <ns3:TrackPointExtension>
            <ns3:hr>145</ns3:hr>
            <ns3:cad>83</ns3:cad>
          </ns3:TrackPointExtension>
        </extensions>
      </trkpt>
      <trkpt lat="35.7549939863383769989013671875" lon="139.5309390127658843994140625">
        <ele>56.40000152587890625</ele>
        <time>2026-09-07T22:36:25.000Z</time>
        <extensions>
          <ns3:TrackPointExtension>
            <ns3:hr>144</ns3:hr>
            <ns3:cad>83</ns3:cad>
          </ns3:TrackPointExtension>
        </extensions>
      </trkpt>
      <trkpt lat="35.75501225888729095458984375" lon="139.5309478975832462310791015625">
        <ele>56.40000152587890625</ele>
        <time>2026-09-07T22:36:26.000Z</time>
        <extensions>
          <ns3:TrackPointExtension>
            <ns3:hr>144</ns3:hr>
            <ns3:cad>84</ns3:cad>
          </ns3:TrackPointExtension>
        </extensions>
      </trkpt>
      <trkpt lat="35.75502793304622173309326171875" lon="139.530956447124481201171875">
        <ele>56.40000152587890625</ele>
        <time>2026-09-07T22:36:27.000Z</time>
        <extensions>
          <ns3:TrackPointExtension>
            <ns3:hr>144</ns3:hr>
            <ns3:cad>84</ns3:cad>
          </ns3:TrackPointExtension>
        </extensions>
      </trkpt>
      <trkpt lat="35.75504519976675510406494140625" lon="139.5309663377702236175537109375">
        <ele>56.40000152587890625</ele>
        <time>2026-09-07T22:36:28.000Z</time>
        <extensions>
          <ns3:TrackPointExtension>
            <ns3:hr>145</ns3:hr>
            <ns3:cad>85</ns3:cad>
          </ns3:TrackPointExtension>
        </extensions>
      </trkpt>
      <trkpt lat="35.75506514869630336761474609375" lon="139.53097614459693431854248046875">
        <ele>56.40000152587890625</ele>
        <time>2026-09-07T22:36:29.000Z</time>
        <extensions>
          <ns3:TrackPointExtension>
            <ns3:hr>145</ns3:hr>
            <ns3:cad>85</ns3:cad>
          </ns3:TrackPointExtension>
        </extensions>
      </trkpt>
      <trkpt lat="35.7550893723964691162109375" lon="139.53098754398524761199951171875">
        <ele>56.40000152587890625</ele>
        <time>2026-09-07T22:36:30.000Z</time>
        <extensions>
          <ns3:TrackPointExtension>
            <ns3:hr>145</ns3:hr>
            <ns3:cad>85</ns3:cad>
          </ns3:TrackPointExtension>
        </extensions>
      </trkpt>
      <trkpt lat="35.7551143504679203033447265625" lon="139.530996344983577728271484375">
        <ele>56.40000152587890625</ele>
        <time>2026-09-07T22:36:31.000Z</time>
        <extensions>
          <ns3:TrackPointExtension>
            <ns3:hr>145</ns3:hr>
            <ns3:cad>85</ns3:cad>
          </ns3:TrackPointExtension>
        </extensions>
      </trkpt>
      <trkpt lat="35.75513639487326145172119140625" lon="139.53101151622831821441650390625">
        <ele>56.40000152587890625</ele>
        <time>2026-09-07T22:36:32.000Z</time>
        <extensions>
          <ns3:TrackPointExtension>
            <ns3:hr>145</ns3:hr>
            <ns3:cad>85</ns3:cad>
          </ns3:TrackPointExtension>
        </extensions>
      </trkpt>
      <trkpt lat="35.75515734963119029998779296875" lon="139.5310263521969318389892578125">
        <ele>56.40000152587890625</ele>
        <time>2026-09-07T22:36:33.000Z</time>
        <extensions>
          <ns3:TrackPointExtension>
            <ns3:hr>145</ns3:hr>
            <ns3:cad>86</ns3:cad>
          </ns3:TrackPointExtension>
        </extensions>
      </trkpt>
      <trkpt lat="35.75517855584621429443359375" lon="139.5310411043465137481689453125">
        <ele>56.40000152587890625</ele>
        <time>2026-09-07T22:36:34.000Z</time>
        <extensions>
          <ns3:TrackPointExtension>
            <ns3:hr>145</ns3:hr>
            <ns3:cad>86</ns3:cad>
          </ns3:TrackPointExtension>
        </extensions>
      </trkpt>
      <trkpt lat="35.75519875623285770416259765625" lon="139.53106197528541088104248046875">
        <ele>56.40000152587890625</ele>
        <time>2026-09-07T22:36:35.000Z</time>
        <extensions>
          <ns3:TrackPointExtension>
            <ns3:hr>145</ns3:hr>
            <ns3:cad>86</ns3:cad>
          </ns3:TrackPointExtension>
        </extensions>
      </trkpt>
      <trkpt lat="35.75521769933402538299560546875" lon="139.5310796611011028289794921875">
        <ele>56.40000152587890625</ele>
        <time>2026-09-07T22:36:36.000Z</time>
        <extensions>
          <ns3:TrackPointExtension>
            <ns3:hr>145</ns3:hr>
            <ns3:cad>87</ns3:cad>
          </ns3:TrackPointExtension>
        </extensions>
      </trkpt>
      <trkpt lat="35.755238234996795654296875" lon="139.5310920663177967071533203125">
        <ele>56.40000152587890625</ele>
        <time>2026-09-07T22:36:37.000Z</time>
        <extensions>
          <ns3:TrackPointExtension>
            <ns3:hr>145</ns3:hr>
            <ns3:cad>87</ns3:cad>
          </ns3:TrackPointExtension>
        </extensions>
      </trkpt>
      <trkpt lat="35.7552501372992992401123046875" lon="139.5311058126389980316162109375">
        <ele>56.40000152587890625</ele>
        <time>2026-09-07T22:36:38.000Z</time>
        <extensions>
          <ns3:TrackPointExtension>
            <ns3:hr>145</ns3:hr>
            <ns3:cad>86</ns3:cad>
          </ns3:TrackPointExtension>
        </extensions>
      </trkpt>
      <trkpt lat="35.75526899658143520355224609375" lon="139.53112768940627574920654296875">
        <ele>56.40000152587890625</ele>
        <time>2026-09-07T22:36:39.000Z</time>
        <extensions>
          <ns3:TrackPointExtension>
            <ns3:hr>145</ns3:hr>
            <ns3:cad>86</ns3:cad>
          </ns3:TrackPointExtension>
        </extensions>
      </trkpt>
      <trkpt lat="35.755286850035190582275390625" lon="139.531144201755523681640625">
        <ele>56.200000762939453125</ele>
        <time>2026-09-07T22:36:40.000Z</time>
        <extensions>
          <ns3:TrackPointExtension>
            <ns3:hr>145</ns3:hr>
            <ns3:cad>86</ns3:cad>
          </ns3:TrackPointExtension>
        </extensions>
      </trkpt>
      <trkpt lat="35.75529917143285274505615234375" lon="139.53115451149642467498779296875">
        <ele>56.200000762939453125</ele>
        <time>2026-09-07T22:36:41.000Z</time>
        <extensions>
          <ns3:TrackPointExtension>
            <ns3:hr>146</ns3:hr>
            <ns3:cad>85</ns3:cad>
          </ns3:TrackPointExtension>
        </extensions>
      </trkpt>
      <trkpt lat="35.7553158514201641082763671875" lon="139.53117094002664089202880859375">
        <ele>56.200000762939453125</ele>
        <time>2026-09-07T22:36:42.000Z</time>
        <extensions>
          <ns3:TrackPointExtension>
            <ns3:hr>146</ns3:hr>
            <ns3:cad>85</ns3:cad>
          </ns3:TrackPointExtension>
        </extensions>
      </trkpt>
      <trkpt lat="35.7553356327116489410400390625" lon="139.53118988312780857086181640625">
        <ele>56.200000762939453125</ele>
        <time>2026-09-07T22:36:43.000Z</time>
        <extensions>
          <ns3:TrackPointExtension>
            <ns3:hr>145</ns3:hr>
            <ns3:cad>85</ns3:cad>
          </ns3:TrackPointExtension>
        </extensions>
      </trkpt>
      <trkpt lat="35.75535147450864315032958984375" lon="139.53120664693415164947509765625">
        <ele>56.200000762939453125</ele>
        <time>2026-09-07T22:36:44.000Z</time>
        <extensions>
          <ns3:TrackPointExtension>
            <ns3:hr>145</ns3:hr>
            <ns3:cad>85</ns3:cad>
          </ns3:TrackPointExtension>
        </extensions>
      </trkpt>
      <trkpt lat="35.75536320917308330535888671875" lon="139.53122508712112903594970703125">
        <ele>56</ele>
        <time>2026-09-07T22:36:45.000Z</time>
        <extensions>
          <ns3:TrackPointExtension>
            <ns3:hr>145</ns3:hr>
            <ns3:cad>85</ns3:cad>
          </ns3:TrackPointExtension>
        </extensions>
      </trkpt>
      <trkpt lat="35.7553772069513797760009765625" lon="139.53124654479324817657470703125">
        <ele>56</ele>
        <time>2026-09-07T22:36:46.000Z</time>
        <extensions>
          <ns3:TrackPointExtension>
            <ns3:hr>145</ns3:hr>
            <ns3:cad>84</ns3:cad>
          </ns3:TrackPointExtension>
        </extensions>
      </trkpt>
      <trkpt lat="35.75539154000580310821533203125" lon="139.53126749955117702484130859375">
        <ele>56</ele>
        <time>2026-09-07T22:36:47.000Z</time>
        <extensions>
          <ns3:TrackPointExtension>
            <ns3:hr>145</ns3:hr>
            <ns3:cad>84</ns3:cad>
          </ns3:TrackPointExtension>
        </extensions>
      </trkpt>
      <trkpt lat="35.755408219993114471435546875" lon="139.5312903821468353271484375">
        <ele>56</ele>
        <time>2026-09-07T22:36:48.000Z</time>
        <extensions>
          <ns3:TrackPointExtension>
            <ns3:hr>146</ns3:hr>
            <ns3:cad>84</ns3:cad>
          </ns3:TrackPointExtension>
        </extensions>
      </trkpt>
      <trkpt lat="35.755419619381427764892578125" lon="139.53130790032446384429931640625">
        <ele>56</ele>
        <time>2026-09-07T22:36:49.000Z</time>
        <extensions>
          <ns3:TrackPointExtension>
            <ns3:hr>146</ns3:hr>
            <ns3:cad>84</ns3:cad>
          </ns3:TrackPointExtension>
        </extensions>
      </trkpt>
      <trkpt lat="35.75542909093201160430908203125" lon="139.53132466413080692291259765625">
        <ele>56</ele>
        <time>2026-09-07T22:36:50.000Z</time>
        <extensions>
          <ns3:TrackPointExtension>
            <ns3:hr>146</ns3:hr>
            <ns3:cad>85</ns3:cad>
          </ns3:TrackPointExtension>
        </extensions>
      </trkpt>
      <trkpt lat="35.755443759262561798095703125" lon="139.53134377487003803253173828125">
        <ele>56</ele>
        <time>2026-09-07T22:36:51.000Z</time>
        <extensions>
          <ns3:TrackPointExtension>
            <ns3:hr>146</ns3:hr>
            <ns3:cad>85</ns3:cad>
          </ns3:TrackPointExtension>
        </extensions>
      </trkpt>
      <trkpt lat="35.75545825995504856109619140625" lon="139.53136020340025424957275390625">
        <ele>56</ele>
        <time>2026-09-07T22:36:52.000Z</time>
        <extensions>
          <ns3:TrackPointExtension>
            <ns3:hr>146</ns3:hr>
            <ns3:cad>85</ns3:cad>
          </ns3:TrackPointExtension>
        </extensions>
      </trkpt>
      <trkpt lat="35.75546748004853725433349609375" lon="139.531375207006931304931640625">
        <ele>56</ele>
        <time>2026-09-07T22:36:53.000Z</time>
        <extensions>
          <ns3:TrackPointExtension>
            <ns3:hr>145</ns3:hr>
            <ns3:cad>85</ns3:cad>
          </ns3:TrackPointExtension>
        </extensions>
      </trkpt>
      <trkpt lat="35.755482651293277740478515625" lon="139.53139892779290676116943359375">
        <ele>56</ele>
        <time>2026-09-07T22:36:54.000Z</time>
        <extensions>
          <ns3:TrackPointExtension>
            <ns3:hr>145</ns3:hr>
            <ns3:cad>85</ns3:cad>
          </ns3:TrackPointExtension>
        </extensions>
      </trkpt>
      <trkpt lat="35.7554979063570499420166015625" lon="139.53142055310308933258056640625">
        <ele>56</ele>
        <time>2026-09-07T22:36:55.000Z</time>
        <extensions>
          <ns3:TrackPointExtension>
            <ns3:hr>145</ns3:hr>
            <ns3:cad>85</ns3:cad>
          </ns3:TrackPointExtension>
        </extensions>
      </trkpt>
      <trkpt lat="35.7555126585066318511962890625" lon="139.53144636936485767364501953125">
        <ele>56</ele>
        <time>2026-09-07T22:36:56.000Z</time>
        <extensions>
          <ns3:TrackPointExtension>
            <ns3:hr>145</ns3:hr>
            <ns3:cad>85</ns3:cad>
          </ns3:TrackPointExtension>
        </extensions>
      </trkpt>
      <trkpt lat="35.755525566637516021728515625" lon="139.531469084322452545166015625">
        <ele>56</ele>
        <time>2026-09-07T22:36:57.000Z</time>
        <extensions>
          <ns3:TrackPointExtension>
            <ns3:hr>144</ns3:hr>
            <ns3:cad>85</ns3:cad>
          </ns3:TrackPointExtension>
        </extensions>
      </trkpt>
      <trkpt lat="35.75553822331130504608154296875" lon="139.53149112872779369354248046875">
        <ele>56</ele>
        <time>2026-09-07T22:36:58.000Z</time>
        <extensions>
          <ns3:TrackPointExtension>
            <ns3:hr>144</ns3:hr>
            <ns3:cad>85</ns3:cad>
          </ns3:TrackPointExtension>
        </extensions>
      </trkpt>
      <trkpt lat="35.75555029325187206268310546875" lon="139.5315131731331348419189453125">
        <ele>55.799999237060546875</ele>
        <time>2026-09-07T22:36:59.000Z</time>
        <extensions>
          <ns3:TrackPointExtension>
            <ns3:hr>144</ns3:hr>
            <ns3:cad>85</ns3:cad>
          </ns3:TrackPointExtension>
        </extensions>
      </trkpt>
      <trkpt lat="35.75556018389761447906494140625" lon="139.53152834437787532806396484375">
        <ele>55.799999237060546875</ele>
        <time>2026-09-07T22:37:00.000Z</time>
        <extensions>
          <ns3:TrackPointExtension>
            <ns3:hr>144</ns3:hr>
            <ns3:cad>85</ns3:cad>
          </ns3:TrackPointExtension>
        </extensions>
      </trkpt>
      <trkpt lat="35.75557661242783069610595703125" lon="139.5315527357161045074462890625">
        <ele>55.799999237060546875</ele>
        <time>2026-09-07T22:37:01.000Z</time>
        <extensions>
          <ns3:TrackPointExtension>
            <ns3:hr>144</ns3:hr>
            <ns3:cad>85</ns3:cad>
          </ns3:TrackPointExtension>
        </extensions>
      </trkpt>
      <trkpt lat="35.75558968819677829742431640625" lon="139.53157293610274791717529296875">
        <ele>55.799999237060546875</ele>
        <time>2026-09-07T22:37:02.000Z</time>
        <extensions>
          <ns3:TrackPointExtension>
            <ns3:hr>144</ns3:hr>
            <ns3:cad>85</ns3:cad>
          </ns3:TrackPointExtension>
        </extensions>
      </trkpt>
      <trkpt lat="35.75560293160378932952880859375" lon="139.5315933041274547576904296875">
        <ele>55.59999847412109375</ele>
        <time>2026-09-07T22:37:03.000Z</time>
        <extensions>
          <ns3:TrackPointExtension>
            <ns3:hr>144</ns3:hr>
            <ns3:cad>84</ns3:cad>
          </ns3:TrackPointExtension>
        </extensions>
      </trkpt>
      <trkpt lat="35.7556186057627201080322265625" lon="139.53161149285733699798583984375">
        <ele>55.59999847412109375</ele>
        <time>2026-09-07T22:37:04.000Z</time>
        <extensions>
          <ns3:TrackPointExtension>
            <ns3:hr>145</ns3:hr>
            <ns3:cad>84</ns3:cad>
          </ns3:TrackPointExtension>
        </extensions>
      </trkpt>
      <trkpt lat="35.75563251972198486328125" lon="139.53163345344364643096923828125">
        <ele>55.59999847412109375</ele>
        <time>2026-09-07T22:37:05.000Z</time>
        <extensions>
          <ns3:TrackPointExtension>
            <ns3:hr>145</ns3:hr>
            <ns3:cad>84</ns3:cad>
          </ns3:TrackPointExtension>
        </extensions>
      </trkpt>
      <trkpt lat="35.755644924938678741455078125" lon="139.531655497848987579345703125">
        <ele>55.59999847412109375</ele>
        <time>2026-09-07T22:37:06.000Z</time>
        <extensions>
          <ns3:TrackPointExtension>
            <ns3:hr>145</ns3:hr>
            <ns3:cad>84</ns3:cad>
          </ns3:TrackPointExtension>
        </extensions>
      </trkpt>
      <trkpt lat="35.75565640814602375030517578125" lon="139.531678967177867889404296875">
        <ele>55.59999847412109375</ele>
        <time>2026-09-07T22:37:07.000Z</time>
        <extensions>
          <ns3:TrackPointExtension>
            <ns3:hr>146</ns3:hr>
            <ns3:cad>85</ns3:cad>
          </ns3:TrackPointExtension>
        </extensions>
      </trkpt>
      <trkpt lat="35.7556692324578762054443359375" lon="139.531700424849987030029296875">
        <ele>55.59999847412109375</ele>
        <time>2026-09-07T22:37:08.000Z</time>
        <extensions>
          <ns3:TrackPointExtension>
            <ns3:hr>146</ns3:hr>
            <ns3:cad>86</ns3:cad>
          </ns3:TrackPointExtension>
        </extensions>
      </trkpt>
      <trkpt lat="35.75567970983684062957763671875" lon="139.5317200385034084320068359375">
        <ele>55.40000152587890625</ele>
        <time>2026-09-07T22:37:09.000Z</time>
        <extensions>
          <ns3:TrackPointExtension>
            <ns3:hr>146</ns3:hr>
            <ns3:cad>86</ns3:cad>
          </ns3:TrackPointExtension>
        </extensions>
      </trkpt>
      <trkpt lat="35.75568859465420246124267578125" lon="139.531734623014926910400390625">
        <ele>55.40000152587890625</ele>
        <time>2026-09-07T22:37:10.000Z</time>
        <extensions>
          <ns3:TrackPointExtension>
            <ns3:hr>146</ns3:hr>
            <ns3:cad>86</ns3:cad>
          </ns3:TrackPointExtension>
        </extensions>
      </trkpt>
      <trkpt lat="35.75570200569927692413330078125" lon="139.53175775706768035888671875">
        <ele>55.40000152587890625</ele>
        <time>2026-09-07T22:37:11.000Z</time>
        <extensions>
          <ns3:TrackPointExtension>
            <ns3:hr>147</ns3:hr>
            <ns3:cad>86</ns3:cad>
          </ns3:TrackPointExtension>
        </extensions>
      </trkpt>
      <trkpt lat="35.755716674029827117919921875" lon="139.53178198076784610748291015625">
        <ele>55.40000152587890625</ele>
        <time>2026-09-07T22:37:12.000Z</time>
        <extensions>
          <ns3:TrackPointExtension>
            <ns3:hr>146</ns3:hr>
            <ns3:cad>85</ns3:cad>
          </ns3:TrackPointExtension>
        </extensions>
      </trkpt>
      <trkpt lat="35.75573234818875789642333984375" lon="139.531814754009246826171875">
        <ele>55.40000152587890625</ele>
        <time>2026-09-07T22:37:13.000Z</time>
        <extensions>
          <ns3:TrackPointExtension>
            <ns3:hr>146</ns3:hr>
            <ns3:cad>85</ns3:cad>
          </ns3:TrackPointExtension>
        </extensions>
      </trkpt>
      <trkpt lat="35.755743496119976043701171875" lon="139.5318414084613323211669921875">
        <ele>55.40000152587890625</ele>
        <time>2026-09-07T22:37:14.000Z</time>
        <extensions>
          <ns3:TrackPointExtension>
            <ns3:hr>147</ns3:hr>
            <ns3:cad>85</ns3:cad>
          </ns3:TrackPointExtension>
        </extensions>
      </trkpt>
      <trkpt lat="35.755753219127655029296875" lon="139.53187066130340099334716796875">
        <ele>55.40000152587890625</ele>
        <time>2026-09-07T22:37:15.000Z</time>
        <extensions>
          <ns3:TrackPointExtension>
            <ns3:hr>147</ns3:hr>
            <ns3:cad>85</ns3:cad>
          </ns3:TrackPointExtension>
        </extensions>
      </trkpt>
      <trkpt lat="35.75576118193566799163818359375" lon="139.53189857304096221923828125">
        <ele>55.200000762939453125</ele>
        <time>2026-09-07T22:37:16.000Z</time>
        <extensions>
          <ns3:TrackPointExtension>
            <ns3:hr>147</ns3:hr>
            <ns3:cad>85</ns3:cad>
          </ns3:TrackPointExtension>
        </extensions>
      </trkpt>
      <trkpt lat="35.7557651214301586151123046875" lon="139.53192732296884059906005859375">
        <ele>55.200000762939453125</ele>
        <time>2026-09-07T22:37:17.000Z</time>
        <extensions>
          <ns3:TrackPointExtension>
            <ns3:hr>147</ns3:hr>
            <ns3:cad>85</ns3:cad>
          </ns3:TrackPointExtension>
        </extensions>
      </trkpt>
      <trkpt lat="35.75577174313366413116455078125" lon="139.53195154666900634765625">
        <ele>55</ele>
        <time>2026-09-07T22:37:18.000Z</time>
        <extensions>
          <ns3:TrackPointExtension>
            <ns3:hr>147</ns3:hr>
            <ns3:cad>85</ns3:cad>
          </ns3:TrackPointExtension>
        </extensions>
      </trkpt>
      <trkpt lat="35.7557785324752330780029296875" lon="139.53197526745498180389404296875">
        <ele>55</ele>
        <time>2026-09-07T22:37:19.000Z</time>
        <extensions>
          <ns3:TrackPointExtension>
            <ns3:hr>148</ns3:hr>
            <ns3:cad>85</ns3:cad>
          </ns3:TrackPointExtension>
        </extensions>
      </trkpt>
      <trkpt lat="35.7557825557887554168701171875" lon="139.5320043526589870452880859375">
        <ele>55</ele>
        <time>2026-09-07T22:37:20.000Z</time>
        <extensions>
          <ns3:TrackPointExtension>
            <ns3:hr>148</ns3:hr>
            <ns3:cad>85</ns3:cad>
          </ns3:TrackPointExtension>
        </extensions>
      </trkpt>
      <trkpt lat="35.75578666292130947113037109375" lon="139.532028995454311370849609375">
        <ele>55</ele>
        <time>2026-09-07T22:37:21.000Z</time>
        <extensions>
          <ns3:TrackPointExtension>
            <ns3:hr>148</ns3:hr>
            <ns3:cad>85</ns3:cad>
          </ns3:TrackPointExtension>
        </extensions>
      </trkpt>
      <trkpt lat="35.7557902671396732330322265625" lon="139.53205841593444347381591796875">
        <ele>55</ele>
        <time>2026-09-07T22:37:22.000Z</time>
        <extensions>
          <ns3:TrackPointExtension>
            <ns3:hr>148</ns3:hr>
            <ns3:cad>85</ns3:cad>
          </ns3:TrackPointExtension>
        </extensions>
      </trkpt>
      <trkpt lat="35.75579253025352954864501953125" lon="139.53208473511040210723876953125">
        <ele>55</ele>
        <time>2026-09-07T22:37:23.000Z</time>
        <extensions>
          <ns3:TrackPointExtension>
            <ns3:hr>148</ns3:hr>
            <ns3:cad>85</ns3:cad>
          </ns3:TrackPointExtension>
        </extensions>
      </trkpt>
      <trkpt lat="35.755794458091259002685546875" lon="139.532111473381519317626953125">
        <ele>55</ele>
        <time>2026-09-07T22:37:24.000Z</time>
        <extensions>
          <ns3:TrackPointExtension>
            <ns3:hr>148</ns3:hr>
            <ns3:cad>85</ns3:cad>
          </ns3:TrackPointExtension>
        </extensions>
      </trkpt>
      <trkpt lat="35.75579856522381305694580078125" lon="139.532140307128429412841796875">
        <ele>55</ele>
        <time>2026-09-07T22:37:25.000Z</time>
        <extensions>
          <ns3:TrackPointExtension>
            <ns3:hr>147</ns3:hr>
            <ns3:cad>84</ns3:cad>
          </ns3:TrackPointExtension>
        </extensions>
      </trkpt>
      <trkpt lat="35.75580342672765254974365234375" lon="139.53216805122792720794677734375">
        <ele>54.799999237060546875</ele>
        <time>2026-09-07T22:37:26.000Z</time>
        <extensions>
          <ns3:TrackPointExtension>
            <ns3:hr>147</ns3:hr>
            <ns3:cad>84</ns3:cad>
          </ns3:TrackPointExtension>
        </extensions>
      </trkpt>
      <trkpt lat="35.7558056898415088653564453125" lon="139.5321954600512981414794921875">
        <ele>54.799999237060546875</ele>
        <time>2026-09-07T22:37:27.000Z</time>
        <extensions>
          <ns3:TrackPointExtension>
            <ns3:hr>147</ns3:hr>
            <ns3:cad>84</ns3:cad>
          </ns3:TrackPointExtension>
        </extensions>
      </trkpt>
      <trkpt lat="35.75580887496471405029296875" lon="139.5322226174175739288330078125">
        <ele>54.799999237060546875</ele>
        <time>2026-09-07T22:37:28.000Z</time>
        <extensions>
          <ns3:TrackPointExtension>
            <ns3:hr>147</ns3:hr>
            <ns3:cad>84</ns3:cad>
          </ns3:TrackPointExtension>
        </extensions>
      </trkpt>
      <trkpt lat="35.75580962933599948883056640625" lon="139.5322527922689914703369140625">
        <ele>54.799999237060546875</ele>
        <time>2026-09-07T22:37:29.000Z</time>
        <extensions>
          <ns3:TrackPointExtension>
            <ns3:hr>147</ns3:hr>
            <ns3:cad>84</ns3:cad>
          </ns3:TrackPointExtension>
        </extensions>
      </trkpt>
      <trkpt lat="35.7558080367743968963623046875" lon="139.532283134758472442626953125">
        <ele>54.799999237060546875</ele>
        <time>2026-09-07T22:37:30.000Z</time>
        <extensions>
          <ns3:TrackPointExtension>
            <ns3:hr>147</ns3:hr>
            <ns3:cad>84</ns3:cad>
          </ns3:TrackPointExtension>
        </extensions>
      </trkpt>
      <trkpt lat="35.75580946169793605804443359375" lon="139.53230626881122589111328125">
        <ele>54.799999237060546875</ele>
        <time>2026-09-07T22:37:31.000Z</time>
        <extensions>
          <ns3:TrackPointExtension>
            <ns3:hr>147</ns3:hr>
            <ns3:cad>84</ns3:cad>
          </ns3:TrackPointExtension>
        </extensions>
      </trkpt>
      <trkpt lat="35.7558083720505237579345703125" lon="139.532338120043277740478515625">
        <ele>54.799999237060546875</ele>
        <time>2026-09-07T22:37:32.000Z</time>
        <extensions>
          <ns3:TrackPointExtension>
            <ns3:hr>146</ns3:hr>
            <ns3:cad>84</ns3:cad>
          </ns3:TrackPointExtension>
        </extensions>
      </trkpt>
      <trkpt lat="35.7558120600879192352294921875" lon="139.5323687978088855743408203125">
        <ele>54.799999237060546875</ele>
        <time>2026-09-07T22:37:33.000Z</time>
        <extensions>
          <ns3:TrackPointExtension>
            <ns3:hr>146</ns3:hr>
            <ns3:cad>86</ns3:cad>
          </ns3:TrackPointExtension>
        </extensions>
      </trkpt>
      <trkpt lat="35.7558170892298221588134765625" lon="139.532394446432590484619140625">
        <ele>54.799999237060546875</ele>
        <time>2026-09-07T22:37:34.000Z</time>
        <extensions>
          <ns3:TrackPointExtension>
            <ns3:hr>146</ns3:hr>
            <ns3:cad>86</ns3:cad>
          </ns3:TrackPointExtension>
        </extensions>
      </trkpt>
      <trkpt lat="35.7558248005807399749755859375" lon="139.53241825103759765625">
        <ele>54.799999237060546875</ele>
        <time>2026-09-07T22:37:35.000Z</time>
        <extensions>
          <ns3:TrackPointExtension>
            <ns3:hr>146</ns3:hr>
            <ns3:cad>86</ns3:cad>
          </ns3:TrackPointExtension>
        </extensions>
      </trkpt>
      <trkpt lat="35.755829326808452606201171875" lon="139.53244029544293880462646484375">
        <ele>54.799999237060546875</ele>
        <time>2026-09-07T22:37:36.000Z</time>
        <extensions>
          <ns3:TrackPointExtension>
            <ns3:hr>147</ns3:hr>
            <ns3:cad>86</ns3:cad>
          </ns3:TrackPointExtension>
        </extensions>
      </trkpt>
      <trkpt lat="35.75583661906421184539794921875" lon="139.5324571430683135986328125">
        <ele>54.59999847412109375</ele>
        <time>2026-09-07T22:37:37.000Z</time>
        <extensions>
          <ns3:TrackPointExtension>
            <ns3:hr>147</ns3:hr>
            <ns3:cad>85</ns3:cad>
          </ns3:TrackPointExtension>
        </extensions>
      </trkpt>
      <trkpt lat="35.75583796016871929168701171875" lon="139.53247834928333759307861328125">
        <ele>54.59999847412109375</ele>
        <time>2026-09-07T22:37:38.000Z</time>
        <extensions>
          <ns3:TrackPointExtension>
            <ns3:hr>147</ns3:hr>
            <ns3:cad>85</ns3:cad>
          </ns3:TrackPointExtension>
        </extensions>
      </trkpt>
      <trkpt lat="35.75584131292998790740966796875" lon="139.5325039140880107879638671875">
        <ele>54.59999847412109375</ele>
        <time>2026-09-07T22:37:39.000Z</time>
        <extensions>
          <ns3:TrackPointExtension>
            <ns3:hr>147</ns3:hr>
            <ns3:cad>85</ns3:cad>
          </ns3:TrackPointExtension>
        </extensions>
      </trkpt>
      <trkpt lat="35.75584684498608112335205078125" lon="139.53252696432173252105712890625">
        <ele>54.59999847412109375</ele>
        <time>2026-09-07T22:37:40.000Z</time>
        <extensions>
          <ns3:TrackPointExtension>
            <ns3:hr>147</ns3:hr>
            <ns3:cad>85</ns3:cad>
          </ns3:TrackPointExtension>
        </extensions>
      </trkpt>
      <trkpt lat="35.75585313141345977783203125" lon="139.5325535349547863006591796875">
        <ele>54.59999847412109375</ele>
        <time>2026-09-07T22:37:41.000Z</time>
        <extensions>
          <ns3:TrackPointExtension>
            <ns3:hr>147</ns3:hr>
            <ns3:cad>85</ns3:cad>
          </ns3:TrackPointExtension>
        </extensions>
      </trkpt>
      <trkpt lat="35.755860507488250732421875" lon="139.53257993794977664947509765625">
        <ele>54.59999847412109375</ele>
        <time>2026-09-07T22:37:42.000Z</time>
        <extensions>
          <ns3:TrackPointExtension>
            <ns3:hr>147</ns3:hr>
            <ns3:cad>85</ns3:cad>
          </ns3:TrackPointExtension>
        </extensions>
      </trkpt>
      <trkpt lat="35.75586629100143909454345703125" lon="139.532606340944766998291015625">
        <ele>54.59999847412109375</ele>
        <time>2026-09-07T22:37:43.000Z</time>
        <extensions>
          <ns3:TrackPointExtension>
            <ns3:hr>147</ns3:hr>
            <ns3:cad>85</ns3:cad>
          </ns3:TrackPointExtension>
        </extensions>
      </trkpt>
      <trkpt lat="35.75587651692330837249755859375" lon="139.53262939117848873138427734375">
        <ele>54.59999847412109375</ele>
        <time>2026-09-07T22:37:44.000Z</time>
        <extensions>
          <ns3:TrackPointExtension>
            <ns3:hr>147</ns3:hr>
            <ns3:cad>85</ns3:cad>
          </ns3:TrackPointExtension>
        </extensions>
      </trkpt>
      <trkpt lat="35.75588758103549480438232421875" lon="139.5326517708599567413330078125">
        <ele>54.40000152587890625</ele>
        <time>2026-09-07T22:37:45.000Z</time>
        <extensions>
          <ns3:TrackPointExtension>
            <ns3:hr>147</ns3:hr>
            <ns3:cad>85</ns3:cad>
          </ns3:TrackPointExtension>
        </extensions>
      </trkpt>
      <trkpt lat="35.75590317137539386749267578125" lon="139.53267507255077362060546875">
        <ele>54.40000152587890625</ele>
        <time>2026-09-07T22:37:46.000Z</time>
        <extensions>
          <ns3:TrackPointExtension>
            <ns3:hr>147</ns3:hr>
            <ns3:cad>85</ns3:cad>
          </ns3:TrackPointExtension>
        </extensions>
      </trkpt>
      <trkpt lat="35.75591146945953369140625" lon="139.5326980389654636383056640625">
        <ele>54.40000152587890625</ele>
        <time>2026-09-07T22:37:47.000Z</time>
        <extensions>
          <ns3:TrackPointExtension>
            <ns3:hr>147</ns3:hr>
            <ns3:cad>85</ns3:cad>
          </ns3:TrackPointExtension>
        </extensions>
      </trkpt>
      <trkpt lat="35.7559240423142910003662109375" lon="139.53272310085594654083251953125">
        <ele>54.40000152587890625</ele>
        <time>2026-09-07T22:37:48.000Z</time>
        <extensions>
          <ns3:TrackPointExtension>
            <ns3:hr>147</ns3:hr>
            <ns3:cad>85</ns3:cad>
          </ns3:TrackPointExtension>
        </extensions>
      </trkpt>
      <trkpt lat="35.75593619607388973236083984375" lon="139.53274874947965145111083984375">
        <ele>54.40000152587890625</ele>
        <time>2026-09-07T22:37:49.000Z</time>
        <extensions>
          <ns3:TrackPointExtension>
            <ns3:hr>147</ns3:hr>
            <ns3:cad>85</ns3:cad>
          </ns3:TrackPointExtension>
        </extensions>
      </trkpt>
      <trkpt lat="35.7559508644044399261474609375" lon="139.5327714644372463226318359375">
        <ele>54.40000152587890625</ele>
        <time>2026-09-07T22:37:50.000Z</time>
        <extensions>
          <ns3:TrackPointExtension>
            <ns3:hr>147</ns3:hr>
            <ns3:cad>85</ns3:cad>
          </ns3:TrackPointExtension>
        </extensions>
      </trkpt>
      <trkpt lat="35.755961425602436065673828125" lon="139.53279501758515834808349609375">
        <ele>54.40000152587890625</ele>
        <time>2026-09-07T22:37:51.000Z</time>
        <extensions>
          <ns3:TrackPointExtension>
            <ns3:hr>147</ns3:hr>
            <ns3:cad>85</ns3:cad>
          </ns3:TrackPointExtension>
        </extensions>
      </trkpt>
      <trkpt lat="35.7559656165540218353271484375" lon="139.5328100211918354034423828125">
        <ele>54.40000152587890625</ele>
        <time>2026-09-07T22:37:52.000Z</time>
        <extensions>
          <ns3:TrackPointExtension>
            <ns3:hr>148</ns3:hr>
            <ns3:cad>85</ns3:cad>
          </ns3:TrackPointExtension>
        </extensions>
      </trkpt>
      <trkpt lat="35.7559753395617008209228515625" lon="139.53283525072038173675537109375">
        <ele>54.40000152587890625</ele>
        <time>2026-09-07T22:37:53.000Z</time>
        <extensions>
          <ns3:TrackPointExtension>
            <ns3:hr>148</ns3:hr>
            <ns3:cad>86</ns3:cad>
          </ns3:TrackPointExtension>
        </extensions>
      </trkpt>
      <trkpt lat="35.75598330236971378326416015625" lon="139.532857127487659454345703125">
        <ele>54.40000152587890625</ele>
        <time>2026-09-07T22:37:54.000Z</time>
        <extensions>
          <ns3:TrackPointExtension>
            <ns3:hr>148</ns3:hr>
            <ns3:cad>86</ns3:cad>
          </ns3:TrackPointExtension>
        </extensions>
      </trkpt>
      <trkpt lat="35.755990259349346160888671875" lon="139.5328767411410808563232421875">
        <ele>54.40000152587890625</ele>
        <time>2026-09-07T22:37:55.000Z</time>
        <extensions>
          <ns3:TrackPointExtension>
            <ns3:hr>148</ns3:hr>
            <ns3:cad>85</ns3:cad>
          </ns3:TrackPointExtension>
        </extensions>
      </trkpt>
      <trkpt lat="35.75599771924316883087158203125" lon="139.53289727680385112762451171875">
        <ele>54.40000152587890625</ele>
        <time>2026-09-07T22:37:56.000Z</time>
        <extensions>
          <ns3:TrackPointExtension>
            <ns3:hr>147</ns3:hr>
            <ns3:cad>84</ns3:cad>
          </ns3:TrackPointExtension>
        </extensions>
      </trkpt>
      <trkpt lat="35.7560085318982601165771484375" lon="139.532917477190494537353515625">
        <ele>54.40000152587890625</ele>
        <time>2026-09-07T22:37:57.000Z</time>
        <extensions>
          <ns3:TrackPointExtension>
            <ns3:hr>147</ns3:hr>
            <ns3:cad>84</ns3:cad>
          </ns3:TrackPointExtension>
        </extensions>
      </trkpt>
      <trkpt lat="35.7560200989246368408203125" lon="139.53293549828231334686279296875">
        <ele>54.200000762939453125</ele>
        <time>2026-09-07T22:37:58.000Z</time>
        <extensions>
          <ns3:TrackPointExtension>
            <ns3:hr>147</ns3:hr>
            <ns3:cad>84</ns3:cad>
          </ns3:TrackPointExtension>
        </extensions>
      </trkpt>
      <trkpt lat="35.756027810275554656982421875" lon="139.53295729123055934906005859375">
        <ele>54.200000762939453125</ele>
        <time>2026-09-07T22:37:59.000Z</time>
        <extensions>
          <ns3:TrackPointExtension>
            <ns3:hr>148</ns3:hr>
            <ns3:cad>84</ns3:cad>
          </ns3:TrackPointExtension>
        </extensions>
      </trkpt>
      <trkpt lat="35.75604021549224853515625" lon="139.53297237865626811981201171875">
        <ele>54.200000762939453125</ele>
        <time>2026-09-07T22:38:00.000Z</time>
        <extensions>
          <ns3:TrackPointExtension>
            <ns3:hr>148</ns3:hr>
            <ns3:cad>84</ns3:cad>
          </ns3:TrackPointExtension>
        </extensions>
      </trkpt>
      <trkpt lat="35.75605697929859161376953125" lon="139.53299098648130893707275390625">
        <ele>54.200000762939453125</ele>
        <time>2026-09-07T22:38:01.000Z</time>
        <extensions>
          <ns3:TrackPointExtension>
            <ns3:hr>148</ns3:hr>
            <ns3:cad>85</ns3:cad>
          </ns3:TrackPointExtension>
        </extensions>
      </trkpt>
      <trkpt lat="35.75607248581945896148681640625" lon="139.53301060013473033905029296875">
        <ele>54.200000762939453125</ele>
        <time>2026-09-07T22:38:02.000Z</time>
        <extensions>
          <ns3:TrackPointExtension>
            <ns3:hr>149</ns3:hr>
            <ns3:cad>85</ns3:cad>
          </ns3:TrackPointExtension>
        </extensions>
      </trkpt>
      <trkpt lat="35.75608807615935802459716796875" lon="139.5330279506742954254150390625">
        <ele>54.200000762939453125</ele>
        <time>2026-09-07T22:38:03.000Z</time>
        <extensions>
          <ns3:TrackPointExtension>
            <ns3:hr>149</ns3:hr>
            <ns3:cad>85</ns3:cad>
          </ns3:TrackPointExtension>
        </extensions>
      </trkpt>
      <trkpt lat="35.75610081665217876434326171875" lon="139.53304655849933624267578125">
        <ele>54.200000762939453125</ele>
        <time>2026-09-07T22:38:04.000Z</time>
        <extensions>
          <ns3:TrackPointExtension>
            <ns3:hr>149</ns3:hr>
            <ns3:cad>86</ns3:cad>
          </ns3:TrackPointExtension>
        </extensions>
      </trkpt>
      <trkpt lat="35.75610953383147716522216796875" lon="139.5330660045146942138671875">
        <ele>54.200000762939453125</ele>
        <time>2026-09-07T22:38:05.000Z</time>
        <extensions>
          <ns3:TrackPointExtension>
            <ns3:hr>149</ns3:hr>
            <ns3:cad>86</ns3:cad>
          </ns3:TrackPointExtension>
        </extensions>
      </trkpt>
      <trkpt lat="35.75612671673297882080078125" lon="139.533091150224208831787109375">
        <ele>54.200000762939453125</ele>
        <time>2026-09-07T22:38:06.000Z</time>
        <extensions>
          <ns3:TrackPointExtension>
            <ns3:hr>149</ns3:hr>
            <ns3:cad>86</ns3:cad>
          </ns3:TrackPointExtension>
        </extensions>
      </trkpt>
      <trkpt lat="35.7561379484832286834716796875" lon="139.53311487101018428802490234375">
        <ele>54.200000762939453125</ele>
        <time>2026-09-07T22:38:07.000Z</time>
        <extensions>
          <ns3:TrackPointExtension>
            <ns3:hr>149</ns3:hr>
            <ns3:cad>86</ns3:cad>
          </ns3:TrackPointExtension>
        </extensions>
      </trkpt>
      <trkpt lat="35.756147168576717376708984375" lon="139.5331362448632717132568359375">
        <ele>54</ele>
        <time>2026-09-07T22:38:08.000Z</time>
        <extensions>
          <ns3:TrackPointExtension>
            <ns3:hr>149</ns3:hr>
            <ns3:cad>86</ns3:cad>
          </ns3:TrackPointExtension>
        </extensions>
      </trkpt>
      <trkpt lat="35.7561580650508403778076171875" lon="139.53315376304090023040771484375">
        <ele>54</ele>
        <time>2026-09-07T22:38:09.000Z</time>
        <extensions>
          <ns3:TrackPointExtension>
            <ns3:hr>149</ns3:hr>
            <ns3:cad>86</ns3:cad>
          </ns3:TrackPointExtension>
        </extensions>
      </trkpt>
      <trkpt lat="35.7561701349914073944091796875" lon="139.5331714488565921783447265625">
        <ele>54</ele>
        <time>2026-09-07T22:38:10.000Z</time>
        <extensions>
          <ns3:TrackPointExtension>
            <ns3:hr>148</ns3:hr>
            <ns3:cad>86</ns3:cad>
          </ns3:TrackPointExtension>
        </extensions>
      </trkpt>
      <trkpt lat="35.75617793016135692596435546875" lon="139.53319433145225048065185546875">
        <ele>54</ele>
        <time>2026-09-07T22:38:11.000Z</time>
        <extensions>
          <ns3:TrackPointExtension>
            <ns3:hr>148</ns3:hr>
            <ns3:cad>85</ns3:cad>
          </ns3:TrackPointExtension>
        </extensions>
      </trkpt>
      <trkpt lat="35.7561868987977504730224609375" lon="139.53321746550500392913818359375">
        <ele>54</ele>
        <time>2026-09-07T22:38:12.000Z</time>
        <extensions>
          <ns3:TrackPointExtension>
            <ns3:hr>148</ns3:hr>
            <ns3:cad>84</ns3:cad>
          </ns3:TrackPointExtension>
        </extensions>
      </trkpt>
      <trkpt lat="35.756196789443492889404296875" lon="139.533242695033550262451171875">
        <ele>54</ele>
        <time>2026-09-07T22:38:13.000Z</time>
        <extensions>
          <ns3:TrackPointExtension>
            <ns3:hr>148</ns3:hr>
            <ns3:cad>84</ns3:cad>
          </ns3:TrackPointExtension>
        </extensions>
      </trkpt>
      <trkpt lat="35.75620391406118869781494140625" lon="139.53326842747628688812255859375">
        <ele>54</ele>
        <time>2026-09-07T22:38:14.000Z</time>
        <extensions>
          <ns3:TrackPointExtension>
            <ns3:hr>148</ns3:hr>
            <ns3:cad>84</ns3:cad>
          </ns3:TrackPointExtension>
        </extensions>
      </trkpt>
      <trkpt lat="35.75621045194566249847412109375" lon="139.5332881249487400054931640625">
        <ele>53.799999237060546875</ele>
        <time>2026-09-07T22:38:15.000Z</time>
        <extensions>
          <ns3:TrackPointExtension>
            <ns3:hr>148</ns3:hr>
            <ns3:cad>84</ns3:cad>
          </ns3:TrackPointExtension>
        </extensions>
      </trkpt>
      <trkpt lat="35.75622017495334148406982421875" lon="139.53331100754439830780029296875">
        <ele>54</ele>
        <time>2026-09-07T22:38:16.000Z</time>
        <extensions>
          <ns3:TrackPointExtension>
            <ns3:hr>148</ns3:hr>
            <ns3:cad>85</ns3:cad>
          </ns3:TrackPointExtension>
        </extensions>
      </trkpt>
      <trkpt lat="35.75622998178005218505859375" lon="139.5333395898342132568359375">
        <ele>53.799999237060546875</ele>
        <time>2026-09-07T22:38:17.000Z</time>
        <extensions>
          <ns3:TrackPointExtension>
            <ns3:hr>148</ns3:hr>
            <ns3:cad>85</ns3:cad>
          </ns3:TrackPointExtension>
        </extensions>
      </trkpt>
      <trkpt lat="35.75623559765517711639404296875" lon="139.53335962258279323577880859375">
        <ele>53.799999237060546875</ele>
        <time>2026-09-07T22:38:18.000Z</time>
        <extensions>
          <ns3:TrackPointExtension>
            <ns3:hr>148</ns3:hr>
            <ns3:cad>85</ns3:cad>
          </ns3:TrackPointExtension>
        </extensions>
      </trkpt>
      <trkpt lat="35.7562449015676975250244140625" lon="139.53338988125324249267578125">
        <ele>53.799999237060546875</ele>
        <time>2026-09-07T22:38:19.000Z</time>
        <extensions>
          <ns3:TrackPointExtension>
            <ns3:hr>148</ns3:hr>
            <ns3:cad>84</ns3:cad>
          </ns3:TrackPointExtension>
        </extensions>
      </trkpt>
      <trkpt lat="35.75625278055667877197265625" lon="139.53341066837310791015625">
        <ele>53.799999237060546875</ele>
        <time>2026-09-07T22:38:20.000Z</time>
        <extensions>
          <ns3:TrackPointExtension>
            <ns3:hr>148</ns3:hr>
            <ns3:cad>84</ns3:cad>
          </ns3:TrackPointExtension>
        </extensions>
      </trkpt>
      <trkpt lat="35.7562623359262943267822265625" lon="139.53343036584556102752685546875">
        <ele>53.799999237060546875</ele>
        <time>2026-09-07T22:38:21.000Z</time>
        <extensions>
          <ns3:TrackPointExtension>
            <ns3:hr>148</ns3:hr>
            <ns3:cad>84</ns3:cad>
          </ns3:TrackPointExtension>
        </extensions>
      </trkpt>
      <trkpt lat="35.7562734000384807586669921875" lon="139.5334638096392154693603515625">
        <ele>53.799999237060546875</ele>
        <time>2026-09-07T22:38:22.000Z</time>
        <extensions>
          <ns3:TrackPointExtension>
            <ns3:hr>148</ns3:hr>
            <ns3:cad>85</ns3:cad>
          </ns3:TrackPointExtension>
        </extensions>
      </trkpt>
      <trkpt lat="35.756284296512603759765625" lon="139.5334897935390472412109375">
        <ele>53.799999237060546875</ele>
        <time>2026-09-07T22:38:23.000Z</time>
        <extensions>
          <ns3:TrackPointExtension>
            <ns3:hr>148</ns3:hr>
            <ns3:cad>85</ns3:cad>
          </ns3:TrackPointExtension>
        </extensions>
      </trkpt>
      <trkpt lat="35.756292678415775299072265625" lon="139.53351485542953014373779296875">
        <ele>53.799999237060546875</ele>
        <time>2026-09-07T22:38:24.000Z</time>
        <extensions>
          <ns3:TrackPointExtension>
            <ns3:hr>148</ns3:hr>
            <ns3:cad>85</ns3:cad>
          </ns3:TrackPointExtension>
        </extensions>
      </trkpt>
      <trkpt lat="35.756304077804088592529296875" lon="139.53354544937610626220703125">
        <ele>53.799999237060546875</ele>
        <time>2026-09-07T22:38:25.000Z</time>
        <extensions>
          <ns3:TrackPointExtension>
            <ns3:hr>148</ns3:hr>
            <ns3:cad>85</ns3:cad>
          </ns3:TrackPointExtension>
        </extensions>
      </trkpt>
      <trkpt lat="35.7563099451363086700439453125" lon="139.533569924533367156982421875">
        <ele>53.799999237060546875</ele>
        <time>2026-09-07T22:38:26.000Z</time>
        <extensions>
          <ns3:TrackPointExtension>
            <ns3:hr>148</ns3:hr>
            <ns3:cad>84</ns3:cad>
          </ns3:TrackPointExtension>
        </extensions>
      </trkpt>
      <trkpt lat="35.756314136087894439697265625" lon="139.53359113074839115142822265625">
        <ele>53.799999237060546875</ele>
        <time>2026-09-07T22:38:27.000Z</time>
        <extensions>
          <ns3:TrackPointExtension>
            <ns3:hr>149</ns3:hr>
            <ns3:cad>84</ns3:cad>
          </ns3:TrackPointExtension>
        </extensions>
      </trkpt>
      <trkpt lat="35.7563253678381443023681640625" lon="139.53361409716308116912841796875">
        <ele>53.799999237060546875</ele>
        <time>2026-09-07T22:38:28.000Z</time>
        <extensions>
          <ns3:TrackPointExtension>
            <ns3:hr>149</ns3:hr>
            <ns3:cad>84</ns3:cad>
          </ns3:TrackPointExtension>
        </extensions>
      </trkpt>
      <trkpt lat="35.75633266009390354156494140625" lon="139.533636979758739471435546875">
        <ele>54</ele>
        <time>2026-09-07T22:38:29.000Z</time>
        <extensions>
          <ns3:TrackPointExtension>
            <ns3:hr>149</ns3:hr>
            <ns3:cad>84</ns3:cad>
          </ns3:TrackPointExtension>
        </extensions>
      </trkpt>
      <trkpt lat="35.756334923207759857177734375" lon="139.5336602814495563507080078125">
        <ele>54</ele>
        <time>2026-09-07T22:38:30.000Z</time>
        <extensions>
          <ns3:TrackPointExtension>
            <ns3:hr>149</ns3:hr>
            <ns3:cad>84</ns3:cad>
          </ns3:TrackPointExtension>
        </extensions>
      </trkpt>
      <trkpt lat="35.7563344202935695648193359375" lon="139.5336814038455486297607421875">
        <ele>54.200000762939453125</ele>
        <time>2026-09-07T22:38:31.000Z</time>
        <extensions>
          <ns3:TrackPointExtension>
            <ns3:hr>149</ns3:hr>
            <ns3:cad>84</ns3:cad>
          </ns3:TrackPointExtension>
        </extensions>
      </trkpt>
      <trkpt lat="35.75632427819073200225830078125" lon="139.53369104303419589996337890625">
        <ele>54.40000152587890625</ele>
        <time>2026-09-07T22:38:32.000Z</time>
        <extensions>
          <ns3:TrackPointExtension>
            <ns3:hr>149</ns3:hr>
            <ns3:cad>42</ns3:cad>
          </ns3:TrackPointExtension>
        </extensions>
      </trkpt>
      <trkpt lat="35.75631153769791126251220703125" lon="139.53369556926190853118896484375">
        <ele>54.40000152587890625</ele>
        <time>2026-09-07T22:38:33.000Z</time>
        <extensions>
          <ns3:TrackPointExtension>
            <ns3:hr>149</ns3:hr>
            <ns3:cad>42</ns3:cad>
          </ns3:TrackPointExtension>
        </extensions>
      </trkpt>
      <trkpt lat="35.7562955282628536224365234375" lon="139.5337018556892871856689453125">
        <ele>54.40000152587890625</ele>
        <time>2026-09-07T22:38:34.000Z</time>
        <extensions>
          <ns3:TrackPointExtension>
            <ns3:hr>149</ns3:hr>
            <ns3:cad>42</ns3:cad>
          </ns3:TrackPointExtension>
        </extensions>
      </trkpt>
      <trkpt lat="35.75627868063747882843017578125" lon="139.53370998613536357879638671875">
        <ele>54.59999847412109375</ele>
        <time>2026-09-07T22:38:35.000Z</time>
        <extensions>
          <ns3:TrackPointExtension>
            <ns3:hr>149</ns3:hr>
            <ns3:cad>42</ns3:cad>
          </ns3:TrackPointExtension>
        </extensions>
      </trkpt>
      <trkpt lat="35.7562603242695331573486328125" lon="139.5337152667343616485595703125">
        <ele>54.59999847412109375</ele>
        <time>2026-09-07T22:38:36.000Z</time>
        <extensions>
          <ns3:TrackPointExtension>
            <ns3:hr>149</ns3:hr>
            <ns3:cad>42</ns3:cad>
          </ns3:TrackPointExtension>
        </extensions>
      </trkpt>
      <trkpt lat="35.75624465011060237884521484375" lon="139.53371535055339336395263671875">
        <ele>54.59999847412109375</ele>
        <time>2026-09-07T22:38:37.000Z</time>
        <extensions>
          <ns3:TrackPointExtension>
            <ns3:hr>149</ns3:hr>
            <ns3:cad>42</ns3:cad>
          </ns3:TrackPointExtension>
        </extensions>
      </trkpt>
      <trkpt lat="35.75622729957103729248046875" lon="139.5337149314582347869873046875">
        <ele>54.59999847412109375</ele>
        <time>2026-09-07T22:38:38.000Z</time>
        <extensions>
          <ns3:TrackPointExtension>
            <ns3:hr>149</ns3:hr>
            <ns3:cad>85</ns3:cad>
          </ns3:TrackPointExtension>
        </extensions>
      </trkpt>
      <trkpt lat="35.756216235458850860595703125" lon="139.53372138552367687225341796875">
        <ele>54.59999847412109375</ele>
        <time>2026-09-07T22:38:39.000Z</time>
        <extensions>
          <ns3:TrackPointExtension>
            <ns3:hr>148</ns3:hr>
            <ns3:cad>85</ns3:cad>
          </ns3:TrackPointExtension>
        </extensions>
      </trkpt>
      <trkpt lat="35.75621397234499454498291015625" lon="139.53373244963586330413818359375">
        <ele>54.59999847412109375</ele>
        <time>2026-09-07T22:38:40.000Z</time>
        <extensions>
          <ns3:TrackPointExtension>
            <ns3:hr>147</ns3:hr>
            <ns3:cad>85</ns3:cad>
          </ns3:TrackPointExtension>
        </extensions>
      </trkpt>
      <trkpt lat="35.75621631927788257598876953125" lon="139.5337446033954620361328125">
        <ele>54.59999847412109375</ele>
        <time>2026-09-07T22:38:41.000Z</time>
        <extensions>
          <ns3:TrackPointExtension>
            <ns3:hr>147</ns3:hr>
            <ns3:cad>85</ns3:cad>
          </ns3:TrackPointExtension>
        </extensions>
      </trkpt>
      <trkpt lat="35.75622419826686382293701171875" lon="139.5337595231831073760986328125">
        <ele>54.59999847412109375</ele>
        <time>2026-09-07T22:38:42.000Z</time>
        <extensions>
          <ns3:TrackPointExtension>
            <ns3:hr>146</ns3:hr>
            <ns3:cad>85</ns3:cad>
          </ns3:TrackPointExtension>
        </extensions>
      </trkpt>
      <trkpt lat="35.75623241253197193145751953125" lon="139.53378391452133655548095703125">
        <ele>54.40000152587890625</ele>
        <time>2026-09-07T22:38:43.000Z</time>
        <extensions>
          <ns3:TrackPointExtension>
            <ns3:hr>147</ns3:hr>
            <ns3:cad>83</ns3:cad>
          </ns3:TrackPointExtension>
        </extensions>
      </trkpt>
      <trkpt lat="35.7562425546348094940185546875" lon="139.5338037796318531036376953125">
        <ele>54.40000152587890625</ele>
        <time>2026-09-07T22:38:44.000Z</time>
        <extensions>
          <ns3:TrackPointExtension>
            <ns3:hr>146</ns3:hr>
            <ns3:cad>83</ns3:cad>
          </ns3:TrackPointExtension>
        </extensions>
      </trkpt>
      <trkpt lat="35.75625973753631114959716796875" lon="139.53383169136941432952880859375">
        <ele>54.200000762939453125</ele>
        <time>2026-09-07T22:38:45.000Z</time>
        <extensions>
          <ns3:TrackPointExtension>
            <ns3:hr>146</ns3:hr>
            <ns3:cad>83</ns3:cad>
          </ns3:TrackPointExtension>
        </extensions>
      </trkpt>
      <trkpt lat="35.75628320686519145965576171875" lon="139.53385532833635807037353515625">
        <ele>54</ele>
        <time>2026-09-07T22:38:46.000Z</time>
        <extensions>
          <ns3:TrackPointExtension>
            <ns3:hr>146</ns3:hr>
            <ns3:cad>83</ns3:cad>
          </ns3:TrackPointExtension>
        </extensions>
      </trkpt>
      <trkpt lat="35.75631002895534038543701171875" lon="139.533875696361064910888671875">
        <ele>53.799999237060546875</ele>
        <time>2026-09-07T22:38:47.000Z</time>
        <extensions>
          <ns3:TrackPointExtension>
            <ns3:hr>146</ns3:hr>
            <ns3:cad>83</ns3:cad>
          </ns3:TrackPointExtension>
        </extensions>
      </trkpt>
      <trkpt lat="35.7563290558755397796630859375" lon="139.53389757312834262847900390625">
        <ele>53.799999237060546875</ele>
        <time>2026-09-07T22:38:48.000Z</time>
        <extensions>
          <ns3:TrackPointExtension>
            <ns3:hr>145</ns3:hr>
            <ns3:cad>83</ns3:cad>
          </ns3:TrackPointExtension>
        </extensions>
      </trkpt>
      <trkpt lat="35.75634305365383625030517578125" lon="139.53391685150563716888427734375">
        <ele>53.799999237060546875</ele>
        <time>2026-09-07T22:38:49.000Z</time>
        <extensions>
          <ns3:TrackPointExtension>
            <ns3:hr>145</ns3:hr>
            <ns3:cad>83</ns3:cad>
          </ns3:TrackPointExtension>
        </extensions>
      </trkpt>
      <trkpt lat="35.7563521899282932281494140625" lon="139.53394115902483463287353515625">
        <ele>53.799999237060546875</ele>
        <time>2026-09-07T22:38:50.000Z</time>
        <extensions>
          <ns3:TrackPointExtension>
            <ns3:hr>145</ns3:hr>
            <ns3:cad>84</ns3:cad>
          </ns3:TrackPointExtension>
        </extensions>
      </trkpt>
      <trkpt lat="35.75636082328855991363525390625" lon="139.5339660532772541046142578125">
        <ele>53.59999847412109375</ele>
        <time>2026-09-07T22:38:51.000Z</time>
        <extensions>
          <ns3:TrackPointExtension>
            <ns3:hr>145</ns3:hr>
            <ns3:cad>85</ns3:cad>
          </ns3:TrackPointExtension>
        </extensions>
      </trkpt>
      <trkpt lat="35.756365098059177398681640625" lon="139.53399212099611759185791015625">
        <ele>53.59999847412109375</ele>
        <time>2026-09-07T22:38:52.000Z</time>
        <extensions>
          <ns3:TrackPointExtension>
            <ns3:hr>145</ns3:hr>
            <ns3:cad>86</ns3:cad>
          </ns3:TrackPointExtension>
        </extensions>
      </trkpt>
      <trkpt lat="35.7563612423837184906005859375" lon="139.534021206200122833251953125">
        <ele>53.59999847412109375</ele>
        <time>2026-09-07T22:38:53.000Z</time>
        <extensions>
          <ns3:TrackPointExtension>
            <ns3:hr>145</ns3:hr>
            <ns3:cad>86</ns3:cad>
          </ns3:TrackPointExtension>
        </extensions>
      </trkpt>
      <trkpt lat="35.75635344721376895904541015625" lon="139.53404970467090606689453125">
        <ele>53.59999847412109375</ele>
        <time>2026-09-07T22:38:54.000Z</time>
        <extensions>
          <ns3:TrackPointExtension>
            <ns3:hr>145</ns3:hr>
            <ns3:cad>86</ns3:cad>
          </ns3:TrackPointExtension>
        </extensions>
      </trkpt>
      <trkpt lat="35.7563428021967411041259765625" lon="139.534080214798450469970703125">
        <ele>53.799999237060546875</ele>
        <time>2026-09-07T22:38:55.000Z</time>
        <extensions>
          <ns3:TrackPointExtension>
            <ns3:hr>145</ns3:hr>
            <ns3:cad>85</ns3:cad>
          </ns3:TrackPointExtension>
        </extensions>
      </trkpt>
      <trkpt lat="35.7563459873199462890625" lon="139.5341082103550434112548828125">
        <ele>53.799999237060546875</ele>
        <time>2026-09-07T22:38:56.000Z</time>
        <extensions>
          <ns3:TrackPointExtension>
            <ns3:hr>144</ns3:hr>
            <ns3:cad>85</ns3:cad>
          </ns3:TrackPointExtension>
        </extensions>
      </trkpt>
      <trkpt lat="35.756359063088893890380859375" lon="139.53414014540612697601318359375">
        <ele>53.799999237060546875</ele>
        <time>2026-09-07T22:38:57.000Z</time>
        <extensions>
          <ns3:TrackPointExtension>
            <ns3:hr>144</ns3:hr>
            <ns3:cad>85</ns3:cad>
          </ns3:TrackPointExtension>
        </extensions>
      </trkpt>
      <trkpt lat="35.75638161040842533111572265625" lon="139.53416193835437297821044921875">
        <ele>53.799999237060546875</ele>
        <time>2026-09-07T22:38:58.000Z</time>
        <extensions>
          <ns3:TrackPointExtension>
            <ns3:hr>144</ns3:hr>
            <ns3:cad>85</ns3:cad>
          </ns3:TrackPointExtension>
        </extensions>
      </trkpt>
      <trkpt lat="35.75640876777470111846923828125" lon="139.534184820950031280517578125">
        <ele>53.799999237060546875</ele>
        <time>2026-09-07T22:38:59.000Z</time>
        <extensions>
          <ns3:TrackPointExtension>
            <ns3:hr>143</ns3:hr>
            <ns3:cad>86</ns3:cad>
          </ns3:TrackPointExtension>
        </extensions>
      </trkpt>
      <trkpt lat="35.75643659569323062896728515625" lon="139.5342027582228183746337890625">
        <ele>53.799999237060546875</ele>
        <time>2026-09-07T22:39:00.000Z</time>
        <extensions>
          <ns3:TrackPointExtension>
            <ns3:hr>143</ns3:hr>
            <ns3:cad>86</ns3:cad>
          </ns3:TrackPointExtension>
        </extensions>
      </trkpt>
      <trkpt lat="35.75645419768989086151123046875" lon="139.5342279039323329925537109375">
        <ele>53.799999237060546875</ele>
        <time>2026-09-07T22:39:01.000Z</time>
        <extensions>
          <ns3:TrackPointExtension>
            <ns3:hr>143</ns3:hr>
            <ns3:cad>85</ns3:cad>
          </ns3:TrackPointExtension>
        </extensions>
      </trkpt>
      <trkpt lat="35.75645755045115947723388671875" lon="139.53424760140478610992431640625">
        <ele>54</ele>
        <time>2026-09-07T22:39:02.000Z</time>
        <extensions>
          <ns3:TrackPointExtension>
            <ns3:hr>143</ns3:hr>
            <ns3:cad>85</ns3:cad>
          </ns3:TrackPointExtension>
        </extensions>
      </trkpt>
      <trkpt lat="35.7564680278301239013671875" lon="139.5342698134481906890869140625">
        <ele>53.799999237060546875</ele>
        <time>2026-09-07T22:39:03.000Z</time>
        <extensions>
          <ns3:TrackPointExtension>
            <ns3:hr>143</ns3:hr>
            <ns3:cad>85</ns3:cad>
          </ns3:TrackPointExtension>
        </extensions>
      </trkpt>
      <trkpt lat="35.756479091942310333251953125" lon="139.53429420478641986846923828125">
        <ele>53.799999237060546875</ele>
        <time>2026-09-07T22:39:04.000Z</time>
        <extensions>
          <ns3:TrackPointExtension>
            <ns3:hr>143</ns3:hr>
            <ns3:cad>85</ns3:cad>
          </ns3:TrackPointExtension>
        </extensions>
      </trkpt>
      <trkpt lat="35.7564799301326274871826171875" lon="139.53430878929793834686279296875">
        <ele>53.799999237060546875</ele>
        <time>2026-09-07T22:39:05.000Z</time>
        <extensions>
          <ns3:TrackPointExtension>
            <ns3:hr>143</ns3:hr>
            <ns3:cad>85</ns3:cad>
          </ns3:TrackPointExtension>
        </extensions>
      </trkpt>
      <trkpt lat="35.75648705475032329559326171875" lon="139.534329660236835479736328125">
        <ele>53.799999237060546875</ele>
        <time>2026-09-07T22:39:06.000Z</time>
        <extensions>
          <ns3:TrackPointExtension>
            <ns3:hr>142</ns3:hr>
            <ns3:cad>85</ns3:cad>
          </ns3:TrackPointExtension>
        </extensions>
      </trkpt>
      <trkpt lat="35.75649778358638286590576171875" lon="139.534350447356700897216796875">
        <ele>53.799999237060546875</ele>
        <time>2026-09-07T22:39:07.000Z</time>
        <extensions>
          <ns3:TrackPointExtension>
            <ns3:hr>142</ns3:hr>
            <ns3:cad>85</ns3:cad>
          </ns3:TrackPointExtension>
        </extensions>
      </trkpt>
      <trkpt lat="35.7565067522227764129638671875" lon="139.5343714021146297454833984375">
        <ele>53.799999237060546875</ele>
        <time>2026-09-07T22:39:08.000Z</time>
        <extensions>
          <ns3:TrackPointExtension>
            <ns3:hr>142</ns3:hr>
            <ns3:cad>85</ns3:cad>
          </ns3:TrackPointExtension>
        </extensions>
      </trkpt>
      <trkpt lat="35.7565144635736942291259765625" lon="139.53439193777740001678466796875">
        <ele>53.799999237060546875</ele>
        <time>2026-09-07T22:39:09.000Z</time>
        <extensions>
          <ns3:TrackPointExtension>
            <ns3:hr>142</ns3:hr>
            <ns3:cad>85</ns3:cad>
          </ns3:TrackPointExtension>
        </extensions>
      </trkpt>
      <trkpt lat="35.75652343221008777618408203125" lon="139.534412808716297149658203125">
        <ele>53.799999237060546875</ele>
        <time>2026-09-07T22:39:10.000Z</time>
        <extensions>
          <ns3:TrackPointExtension>
            <ns3:hr>142</ns3:hr>
            <ns3:cad>85</ns3:cad>
          </ns3:TrackPointExtension>
        </extensions>
      </trkpt>
      <trkpt lat="35.75653064064681529998779296875" lon="139.5344304107129573822021484375">
        <ele>53.799999237060546875</ele>
        <time>2026-09-07T22:39:11.000Z</time>
        <extensions>
          <ns3:TrackPointExtension>
            <ns3:hr>142</ns3:hr>
            <ns3:cad>85</ns3:cad>
          </ns3:TrackPointExtension>
        </extensions>
      </trkpt>
      <trkpt lat="35.756549835205078125" lon="139.53444709070026874542236328125">
        <ele>53.799999237060546875</ele>
        <time>2026-09-07T22:39:12.000Z</time>
        <extensions>
          <ns3:TrackPointExtension>
            <ns3:hr>142</ns3:hr>
            <ns3:cad>85</ns3:cad>
          </ns3:TrackPointExtension>
        </extensions>
      </trkpt>
      <trkpt lat="35.7565565407276153564453125" lon="139.5344674587249755859375">
        <ele>53.799999237060546875</ele>
        <time>2026-09-07T22:39:13.000Z</time>
        <extensions>
          <ns3:TrackPointExtension>
            <ns3:hr>142</ns3:hr>
            <ns3:cad>84</ns3:cad>
          </ns3:TrackPointExtension>
        </extensions>
      </trkpt>
      <trkpt lat="35.75656668283045291900634765625" lon="139.5344887487590312957763671875">
        <ele>53.799999237060546875</ele>
        <time>2026-09-07T22:39:14.000Z</time>
        <extensions>
          <ns3:TrackPointExtension>
            <ns3:hr>142</ns3:hr>
            <ns3:cad>84</ns3:cad>
          </ns3:TrackPointExtension>
        </extensions>
      </trkpt>
      <trkpt lat="35.75657489709556102752685546875" lon="139.53451297245919704437255859375">
        <ele>53.799999237060546875</ele>
        <time>2026-09-07T22:39:15.000Z</time>
        <extensions>
          <ns3:TrackPointExtension>
            <ns3:hr>142</ns3:hr>
            <ns3:cad>83</ns3:cad>
          </ns3:TrackPointExtension>
        </extensions>
      </trkpt>
      <trkpt lat="35.75658562593162059783935546875" lon="139.53453694470226764678955078125">
        <ele>53.59999847412109375</ele>
        <time>2026-09-07T22:39:16.000Z</time>
        <extensions>
          <ns3:TrackPointExtension>
            <ns3:hr>142</ns3:hr>
            <ns3:cad>83</ns3:cad>
          </ns3:TrackPointExtension>
        </extensions>
      </trkpt>
      <trkpt lat="35.7565979473292827606201171875" lon="139.5345604978501796722412109375">
        <ele>53.59999847412109375</ele>
        <time>2026-09-07T22:39:17.000Z</time>
        <extensions>
          <ns3:TrackPointExtension>
            <ns3:hr>142</ns3:hr>
            <ns3:cad>83</ns3:cad>
          </ns3:TrackPointExtension>
        </extensions>
      </trkpt>
      <trkpt lat="35.75660557486116886138916015625" lon="139.53457935713231563568115234375">
        <ele>53.59999847412109375</ele>
        <time>2026-09-07T22:39:18.000Z</time>
        <extensions>
          <ns3:TrackPointExtension>
            <ns3:hr>142</ns3:hr>
            <ns3:cad>84</ns3:cad>
          </ns3:TrackPointExtension>
        </extensions>
      </trkpt>
      <trkpt lat="35.7566155493259429931640625" lon="139.5346027426421642303466796875">
        <ele>53.799999237060546875</ele>
        <time>2026-09-07T22:39:19.000Z</time>
        <extensions>
          <ns3:TrackPointExtension>
            <ns3:hr>143</ns3:hr>
            <ns3:cad>85</ns3:cad>
          </ns3:TrackPointExtension>
        </extensions>
      </trkpt>
      <trkpt lat="35.75662485323846340179443359375" lon="139.53463283367455005645751953125">
        <ele>53.59999847412109375</ele>
        <time>2026-09-07T22:39:20.000Z</time>
        <extensions>
          <ns3:TrackPointExtension>
            <ns3:hr>143</ns3:hr>
            <ns3:cad>86</ns3:cad>
          </ns3:TrackPointExtension>
        </extensions>
      </trkpt>
      <trkpt lat="35.75663507916033267974853515625" lon="139.53465864993631839752197265625">
        <ele>53.799999237060546875</ele>
        <time>2026-09-07T22:39:21.000Z</time>
        <extensions>
          <ns3:TrackPointExtension>
            <ns3:hr>143</ns3:hr>
            <ns3:cad>86</ns3:cad>
          </ns3:TrackPointExtension>
        </extensions>
      </trkpt>
      <trkpt lat="35.75664631091058254241943359375" lon="139.53468312509357929229736328125">
        <ele>53.799999237060546875</ele>
        <time>2026-09-07T22:39:22.000Z</time>
        <extensions>
          <ns3:TrackPointExtension>
            <ns3:hr>143</ns3:hr>
            <ns3:cad>86</ns3:cad>
          </ns3:TrackPointExtension>
        </extensions>
      </trkpt>
      <trkpt lat="35.75665854848921298980712890625" lon="139.5347053371369838714599609375">
        <ele>53.799999237060546875</ele>
        <time>2026-09-07T22:39:23.000Z</time>
        <extensions>
          <ns3:TrackPointExtension>
            <ns3:hr>144</ns3:hr>
            <ns3:cad>85</ns3:cad>
          </ns3:TrackPointExtension>
        </extensions>
      </trkpt>
      <trkpt lat="35.756666846573352813720703125" lon="139.5347249507904052734375">
        <ele>53.799999237060546875</ele>
        <time>2026-09-07T22:39:24.000Z</time>
        <extensions>
          <ns3:TrackPointExtension>
            <ns3:hr>144</ns3:hr>
            <ns3:cad>85</ns3:cad>
          </ns3:TrackPointExtension>
        </extensions>
      </trkpt>
      <trkpt lat="35.75668017379939556121826171875" lon="139.53474682755768299102783203125">
        <ele>53.799999237060546875</ele>
        <time>2026-09-07T22:39:25.000Z</time>
        <extensions>
          <ns3:TrackPointExtension>
            <ns3:hr>145</ns3:hr>
            <ns3:cad>85</ns3:cad>
          </ns3:TrackPointExtension>
        </extensions>
      </trkpt>
      <trkpt lat="35.75669400393962860107421875" lon="139.53476727940142154693603515625">
        <ele>54</ele>
        <time>2026-09-07T22:39:26.000Z</time>
        <extensions>
          <ns3:TrackPointExtension>
            <ns3:hr>146</ns3:hr>
            <ns3:cad>85</ns3:cad>
          </ns3:TrackPointExtension>
        </extensions>
      </trkpt>
      <trkpt lat="35.756700038909912109375" lon="139.5347874797880649566650390625">
        <ele>54</ele>
        <time>2026-09-07T22:39:27.000Z</time>
        <extensions>
          <ns3:TrackPointExtension>
            <ns3:hr>146</ns3:hr>
            <ns3:cad>85</ns3:cad>
          </ns3:TrackPointExtension>
        </extensions>
      </trkpt>
      <trkpt lat="35.756702721118927001953125" lon="139.5348136313259601593017578125">
        <ele>54</ele>
        <time>2026-09-07T22:39:28.000Z</time>
        <extensions>
          <ns3:TrackPointExtension>
            <ns3:hr>146</ns3:hr>
            <ns3:cad>86</ns3:cad>
          </ns3:TrackPointExtension>
        </extensions>
      </trkpt>
      <trkpt lat="35.75670314021408557891845703125" lon="139.53483819030225276947021484375">
        <ele>54.200000762939453125</ele>
        <time>2026-09-07T22:39:29.000Z</time>
        <extensions>
          <ns3:TrackPointExtension>
            <ns3:hr>146</ns3:hr>
            <ns3:cad>85</ns3:cad>
          </ns3:TrackPointExtension>
        </extensions>
      </trkpt>
      <trkpt lat="35.75670682825148105621337890625" lon="139.5348565466701984405517578125">
        <ele>54.200000762939453125</ele>
        <time>2026-09-07T22:39:30.000Z</time>
        <extensions>
          <ns3:TrackPointExtension>
            <ns3:hr>146</ns3:hr>
            <ns3:cad>86</ns3:cad>
          </ns3:TrackPointExtension>
        </extensions>
      </trkpt>
      <trkpt lat="35.75671537779271602630615234375" lon="139.534875489771366119384765625">
        <ele>54.200000762939453125</ele>
        <time>2026-09-07T22:39:31.000Z</time>
        <extensions>
          <ns3:TrackPointExtension>
            <ns3:hr>145</ns3:hr>
            <ns3:cad>85</ns3:cad>
          </ns3:TrackPointExtension>
        </extensions>
      </trkpt>
      <trkpt lat="35.756722502410411834716796875" lon="139.5348887331783771514892578125">
        <ele>54.200000762939453125</ele>
        <time>2026-09-07T22:39:32.000Z</time>
        <extensions>
          <ns3:TrackPointExtension>
            <ns3:hr>146</ns3:hr>
            <ns3:cad>85</ns3:cad>
          </ns3:TrackPointExtension>
        </extensions>
      </trkpt>
      <trkpt lat="35.7567350752651691436767578125" lon="139.53491345979273319244384765625">
        <ele>54.200000762939453125</ele>
        <time>2026-09-07T22:39:33.000Z</time>
        <extensions>
          <ns3:TrackPointExtension>
            <ns3:hr>146</ns3:hr>
            <ns3:cad>84</ns3:cad>
          </ns3:TrackPointExtension>
        </extensions>
      </trkpt>
      <trkpt lat="35.7567421160638332366943359375" lon="139.5349408686161041259765625">
        <ele>53.799999237060546875</ele>
        <time>2026-09-07T22:39:34.000Z</time>
        <extensions>
          <ns3:TrackPointExtension>
            <ns3:hr>146</ns3:hr>
            <ns3:cad>84</ns3:cad>
          </ns3:TrackPointExtension>
        </extensions>
      </trkpt>
      <trkpt lat="35.7567488215863704681396484375" lon="139.5349668525159358978271484375">
        <ele>53.799999237060546875</ele>
        <time>2026-09-07T22:39:35.000Z</time>
        <extensions>
          <ns3:TrackPointExtension>
            <ns3:hr>146</ns3:hr>
            <ns3:cad>84</ns3:cad>
          </ns3:TrackPointExtension>
        </extensions>
      </trkpt>
      <trkpt lat="35.756760053336620330810546875" lon="139.5349923335015773773193359375">
        <ele>53.799999237060546875</ele>
        <time>2026-09-07T22:39:36.000Z</time>
        <extensions>
          <ns3:TrackPointExtension>
            <ns3:hr>145</ns3:hr>
            <ns3:cad>84</ns3:cad>
          </ns3:TrackPointExtension>
        </extensions>
      </trkpt>
      <trkpt lat="35.75677388347685337066650390625" lon="139.5350168086588382720947265625">
        <ele>53.799999237060546875</ele>
        <time>2026-09-07T22:39:37.000Z</time>
        <extensions>
          <ns3:TrackPointExtension>
            <ns3:hr>145</ns3:hr>
            <ns3:cad>83</ns3:cad>
          </ns3:TrackPointExtension>
        </extensions>
      </trkpt>
      <trkpt lat="35.75679131783545017242431640625" lon="139.53503935597836971282958984375">
        <ele>53.799999237060546875</ele>
        <time>2026-09-07T22:39:38.000Z</time>
        <extensions>
          <ns3:TrackPointExtension>
            <ns3:hr>145</ns3:hr>
            <ns3:cad>83</ns3:cad>
          </ns3:TrackPointExtension>
        </extensions>
      </trkpt>
      <trkpt lat="35.756803639233112335205078125" lon="139.5350597240030765533447265625">
        <ele>53.59999847412109375</ele>
        <time>2026-09-07T22:39:39.000Z</time>
        <extensions>
          <ns3:TrackPointExtension>
            <ns3:hr>145</ns3:hr>
            <ns3:cad>83</ns3:cad>
          </ns3:TrackPointExtension>
        </extensions>
      </trkpt>
      <trkpt lat="35.75681378133594989776611328125" lon="139.53507573343813419342041015625">
        <ele>53.59999847412109375</ele>
        <time>2026-09-07T22:39:40.000Z</time>
        <extensions>
          <ns3:TrackPointExtension>
            <ns3:hr>145</ns3:hr>
            <ns3:cad>84</ns3:cad>
          </ns3:TrackPointExtension>
        </extensions>
      </trkpt>
      <trkpt lat="35.75682677328586578369140625" lon="139.5350932516157627105712890625">
        <ele>53.59999847412109375</ele>
        <time>2026-09-07T22:39:41.000Z</time>
        <extensions>
          <ns3:TrackPointExtension>
            <ns3:hr>145</ns3:hr>
            <ns3:cad>84</ns3:cad>
          </ns3:TrackPointExtension>
        </extensions>
      </trkpt>
      <trkpt lat="35.756841860711574554443359375" lon="139.535113871097564697265625">
        <ele>53.59999847412109375</ele>
        <time>2026-09-07T22:39:42.000Z</time>
        <extensions>
          <ns3:TrackPointExtension>
            <ns3:hr>145</ns3:hr>
            <ns3:cad>83</ns3:cad>
          </ns3:TrackPointExtension>
        </extensions>
      </trkpt>
      <trkpt lat="35.75685116462409496307373046875" lon="139.53512904234230518341064453125">
        <ele>53.59999847412109375</ele>
        <time>2026-09-07T22:39:43.000Z</time>
        <extensions>
          <ns3:TrackPointExtension>
            <ns3:hr>145</ns3:hr>
            <ns3:cad>83</ns3:cad>
          </ns3:TrackPointExtension>
        </extensions>
      </trkpt>
      <trkpt lat="35.75685921125113964080810546875" lon="139.53515619970858097076416015625">
        <ele>53.59999847412109375</ele>
        <time>2026-09-07T22:39:44.000Z</time>
        <extensions>
          <ns3:TrackPointExtension>
            <ns3:hr>145</ns3:hr>
            <ns3:cad>82</ns3:cad>
          </ns3:TrackPointExtension>
        </extensions>
      </trkpt>
      <trkpt lat="35.756863988935947418212890625" lon="139.5351757295429706573486328125">
        <ele>53.200000762939453125</ele>
        <time>2026-09-07T22:39:45.000Z</time>
        <extensions>
          <ns3:TrackPointExtension>
            <ns3:hr>145</ns3:hr>
            <ns3:cad>81</ns3:cad>
          </ns3:TrackPointExtension>
        </extensions>
      </trkpt>
      <trkpt lat="35.75687161646783351898193359375" lon="139.53519559465348720550537109375">
        <ele>53</ele>
        <time>2026-09-07T22:39:46.000Z</time>
        <extensions>
          <ns3:TrackPointExtension>
            <ns3:hr>146</ns3:hr>
            <ns3:cad>81</ns3:cad>
          </ns3:TrackPointExtension>
        </extensions>
      </trkpt>
      <trkpt lat="35.7568782381713390350341796875" lon="139.53521705232560634613037109375">
        <ele>52.799999237060546875</ele>
        <time>2026-09-07T22:39:47.000Z</time>
        <extensions>
          <ns3:TrackPointExtension>
            <ns3:hr>146</ns3:hr>
            <ns3:cad>81</ns3:cad>
          </ns3:TrackPointExtension>
        </extensions>
      </trkpt>
      <trkpt lat="35.75688201002776622772216796875" lon="139.53523465432226657867431640625">
        <ele>52.799999237060546875</ele>
        <time>2026-09-07T22:39:48.000Z</time>
        <extensions>
          <ns3:TrackPointExtension>
            <ns3:hr>146</ns3:hr>
            <ns3:cad>81</ns3:cad>
          </ns3:TrackPointExtension>
        </extensions>
      </trkpt>
      <trkpt lat="35.75689307413995265960693359375" lon="139.535258710384368896484375">
        <ele>52.799999237060546875</ele>
        <time>2026-09-07T22:39:49.000Z</time>
        <extensions>
          <ns3:TrackPointExtension>
            <ns3:hr>146</ns3:hr>
            <ns3:cad>81</ns3:cad>
          </ns3:TrackPointExtension>
        </extensions>
      </trkpt>
      <trkpt lat="35.756906569004058837890625" lon="139.5352846942842006683349609375">
        <ele>52.59999847412109375</ele>
        <time>2026-09-07T22:39:50.000Z</time>
        <extensions>
          <ns3:TrackPointExtension>
            <ns3:hr>146</ns3:hr>
            <ns3:cad>81</ns3:cad>
          </ns3:TrackPointExtension>
        </extensions>
      </trkpt>
      <trkpt lat="35.756918303668498992919921875" lon="139.5353054814040660858154296875">
        <ele>52.59999847412109375</ele>
        <time>2026-09-07T22:39:51.000Z</time>
        <extensions>
          <ns3:TrackPointExtension>
            <ns3:hr>146</ns3:hr>
            <ns3:cad>81</ns3:cad>
          </ns3:TrackPointExtension>
        </extensions>
      </trkpt>
      <trkpt lat="35.7569293677806854248046875" lon="139.53532534651458263397216796875">
        <ele>52.40000152587890625</ele>
        <time>2026-09-07T22:39:52.000Z</time>
        <extensions>
          <ns3:TrackPointExtension>
            <ns3:hr>146</ns3:hr>
            <ns3:cad>83</ns3:cad>
          </ns3:TrackPointExtension>
        </extensions>
      </trkpt>
      <trkpt lat="35.75694202445447444915771484375" lon="139.53534387052059173583984375">
        <ele>52.40000152587890625</ele>
        <time>2026-09-07T22:39:53.000Z</time>
        <extensions>
          <ns3:TrackPointExtension>
            <ns3:hr>146</ns3:hr>
            <ns3:cad>84</ns3:cad>
          </ns3:TrackPointExtension>
        </extensions>
      </trkpt>
      <trkpt lat="35.756947807967662811279296875" lon="139.5353638194501399993896484375">
        <ele>52.40000152587890625</ele>
        <time>2026-09-07T22:39:54.000Z</time>
        <extensions>
          <ns3:TrackPointExtension>
            <ns3:hr>146</ns3:hr>
            <ns3:cad>84</ns3:cad>
          </ns3:TrackPointExtension>
        </extensions>
      </trkpt>
      <trkpt lat="35.75694738887250423431396484375" lon="139.535387791693210601806640625">
        <ele>52.40000152587890625</ele>
        <time>2026-09-07T22:39:55.000Z</time>
        <extensions>
          <ns3:TrackPointExtension>
            <ns3:hr>146</ns3:hr>
            <ns3:cad>85</ns3:cad>
          </ns3:TrackPointExtension>
        </extensions>
      </trkpt>
      <trkpt lat="35.7569588720798492431640625" lon="139.535415284335613250732421875">
        <ele>52.40000152587890625</ele>
        <time>2026-09-07T22:39:56.000Z</time>
        <extensions>
          <ns3:TrackPointExtension>
            <ns3:hr>145</ns3:hr>
            <ns3:cad>85</ns3:cad>
          </ns3:TrackPointExtension>
        </extensions>
      </trkpt>
      <trkpt lat="35.75697085820138454437255859375" lon="139.5354422740638256072998046875">
        <ele>52.40000152587890625</ele>
        <time>2026-09-07T22:39:57.000Z</time>
        <extensions>
          <ns3:TrackPointExtension>
            <ns3:hr>145</ns3:hr>
            <ns3:cad>85</ns3:cad>
          </ns3:TrackPointExtension>
        </extensions>
      </trkpt>
      <trkpt lat="35.7569851912558078765869140625" lon="139.53546565957367420196533203125">
        <ele>52.40000152587890625</ele>
        <time>2026-09-07T22:39:58.000Z</time>
        <extensions>
          <ns3:TrackPointExtension>
            <ns3:hr>144</ns3:hr>
            <ns3:cad>85</ns3:cad>
          </ns3:TrackPointExtension>
        </extensions>
      </trkpt>
      <trkpt lat="35.75699801556766033172607421875" lon="139.53548946417868137359619140625">
        <ele>52.40000152587890625</ele>
        <time>2026-09-07T22:39:59.000Z</time>
        <extensions>
          <ns3:TrackPointExtension>
            <ns3:hr>144</ns3:hr>
            <ns3:cad>85</ns3:cad>
          </ns3:TrackPointExtension>
        </extensions>
      </trkpt>
      <trkpt lat="35.757006146013736724853515625" lon="139.53550840727984905242919921875">
        <ele>52.40000152587890625</ele>
        <time>2026-09-07T22:40:00.000Z</time>
        <extensions>
          <ns3:TrackPointExtension>
            <ns3:hr>143</ns3:hr>
            <ns3:cad>84</ns3:cad>
          </ns3:TrackPointExtension>
        </extensions>
      </trkpt>
      <trkpt lat="35.757022239267826080322265625" lon="139.53553028404712677001953125">
        <ele>52.59999847412109375</ele>
        <time>2026-09-07T22:40:01.000Z</time>
        <extensions>
          <ns3:TrackPointExtension>
            <ns3:hr>143</ns3:hr>
            <ns3:cad>84</ns3:cad>
          </ns3:TrackPointExtension>
        </extensions>
      </trkpt>
      <trkpt lat="35.75703523121774196624755859375" lon="139.5355468802154064178466796875">
        <ele>52.59999847412109375</ele>
        <time>2026-09-07T22:40:02.000Z</time>
        <extensions>
          <ns3:TrackPointExtension>
            <ns3:hr>142</ns3:hr>
            <ns3:cad>85</ns3:cad>
          </ns3:TrackPointExtension>
        </extensions>
      </trkpt>
      <trkpt lat="35.7570462115108966827392578125" lon="139.5355676673352718353271484375">
        <ele>52.59999847412109375</ele>
        <time>2026-09-07T22:40:03.000Z</time>
        <extensions>
          <ns3:TrackPointExtension>
            <ns3:hr>142</ns3:hr>
            <ns3:cad>85</ns3:cad>
          </ns3:TrackPointExtension>
        </extensions>
      </trkpt>
      <trkpt lat="35.75705920346081256866455078125" lon="139.53558937646448612213134765625">
        <ele>52.59999847412109375</ele>
        <time>2026-09-07T22:40:04.000Z</time>
        <extensions>
          <ns3:TrackPointExtension>
            <ns3:hr>142</ns3:hr>
            <ns3:cad>85</ns3:cad>
          </ns3:TrackPointExtension>
        </extensions>
      </trkpt>
      <trkpt lat="35.7570683397352695465087890625" lon="139.53561116941273212432861328125">
        <ele>52.799999237060546875</ele>
        <time>2026-09-07T22:40:05.000Z</time>
        <extensions>
          <ns3:TrackPointExtension>
            <ns3:hr>142</ns3:hr>
            <ns3:cad>85</ns3:cad>
          </ns3:TrackPointExtension>
        </extensions>
      </trkpt>
      <trkpt lat="35.757075212895870208740234375" lon="139.53563430346548557281494140625">
        <ele>52.799999237060546875</ele>
        <time>2026-09-07T22:40:06.000Z</time>
        <extensions>
          <ns3:TrackPointExtension>
            <ns3:hr>142</ns3:hr>
            <ns3:cad>84</ns3:cad>
          </ns3:TrackPointExtension>
        </extensions>
      </trkpt>
      <trkpt lat="35.75707898475229740142822265625" lon="139.535655342042446136474609375">
        <ele>53</ele>
        <time>2026-09-07T22:40:07.000Z</time>
        <extensions>
          <ns3:TrackPointExtension>
            <ns3:hr>142</ns3:hr>
            <ns3:cad>84</ns3:cad>
          </ns3:TrackPointExtension>
        </extensions>
      </trkpt>
      <trkpt lat="35.75708091259002685546875" lon="139.53567780554294586181640625">
        <ele>53.200000762939453125</ele>
        <time>2026-09-07T22:40:08.000Z</time>
        <extensions>
          <ns3:TrackPointExtension>
            <ns3:hr>142</ns3:hr>
            <ns3:cad>85</ns3:cad>
          </ns3:TrackPointExtension>
        </extensions>
      </trkpt>
      <trkpt lat="35.75708652846515178680419921875" lon="139.53570001758635044097900390625">
        <ele>53.200000762939453125</ele>
        <time>2026-09-07T22:40:09.000Z</time>
        <extensions>
          <ns3:TrackPointExtension>
            <ns3:hr>142</ns3:hr>
            <ns3:cad>85</ns3:cad>
          </ns3:TrackPointExtension>
        </extensions>
      </trkpt>
      <trkpt lat="35.75709558092057704925537109375" lon="139.53571929596364498138427734375">
        <ele>53.200000762939453125</ele>
        <time>2026-09-07T22:40:10.000Z</time>
        <extensions>
          <ns3:TrackPointExtension>
            <ns3:hr>142</ns3:hr>
            <ns3:cad>84</ns3:cad>
          </ns3:TrackPointExtension>
        </extensions>
      </trkpt>
      <trkpt lat="35.75710748322308063507080078125" lon="139.53574226237833499908447265625">
        <ele>53.200000762939453125</ele>
        <time>2026-09-07T22:40:11.000Z</time>
        <extensions>
          <ns3:TrackPointExtension>
            <ns3:hr>142</ns3:hr>
            <ns3:cad>84</ns3:cad>
          </ns3:TrackPointExtension>
        </extensions>
      </trkpt>
      <trkpt lat="35.757117457687854766845703125" lon="139.53576422296464443206787109375">
        <ele>53.200000762939453125</ele>
        <time>2026-09-07T22:40:12.000Z</time>
        <extensions>
          <ns3:TrackPointExtension>
            <ns3:hr>142</ns3:hr>
            <ns3:cad>84</ns3:cad>
          </ns3:TrackPointExtension>
        </extensions>
      </trkpt>
      <trkpt lat="35.7571251690387725830078125" lon="139.5357822440564632415771484375">
        <ele>53.200000762939453125</ele>
        <time>2026-09-07T22:40:13.000Z</time>
        <extensions>
          <ns3:TrackPointExtension>
            <ns3:hr>143</ns3:hr>
            <ns3:cad>84</ns3:cad>
          </ns3:TrackPointExtension>
        </extensions>
      </trkpt>
      <trkpt lat="35.75713522732257843017578125" lon="139.53580948524177074432373046875">
        <ele>53</ele>
        <time>2026-09-07T22:40:14.000Z</time>
        <extensions>
          <ns3:TrackPointExtension>
            <ns3:hr>143</ns3:hr>
            <ns3:cad>84</ns3:cad>
          </ns3:TrackPointExtension>
        </extensions>
      </trkpt>
      <trkpt lat="35.75714134611189365386962890625" lon="139.53582800924777984619140625">
        <ele>53</ele>
        <time>2026-09-07T22:40:15.000Z</time>
        <extensions>
          <ns3:TrackPointExtension>
            <ns3:hr>143</ns3:hr>
            <ns3:cad>84</ns3:cad>
          </ns3:TrackPointExtension>
        </extensions>
      </trkpt>
      <trkpt lat="35.757150985300540924072265625" lon="139.53585608862340450286865234375">
        <ele>53</ele>
        <time>2026-09-07T22:40:16.000Z</time>
        <extensions>
          <ns3:TrackPointExtension>
            <ns3:hr>142</ns3:hr>
            <ns3:cad>85</ns3:cad>
          </ns3:TrackPointExtension>
        </extensions>
      </trkpt>
      <trkpt lat="35.7571581937372684478759765625" lon="139.5358774624764919281005859375">
        <ele>52.799999237060546875</ele>
        <time>2026-09-07T22:40:17.000Z</time>
        <extensions>
          <ns3:TrackPointExtension>
            <ns3:hr>142</ns3:hr>
            <ns3:cad>85</ns3:cad>
          </ns3:TrackPointExtension>
        </extensions>
      </trkpt>
      <trkpt lat="35.75716598890721797943115234375" lon="139.53590168617665767669677734375">
        <ele>52.799999237060546875</ele>
        <time>2026-09-07T22:40:18.000Z</time>
        <extensions>
          <ns3:TrackPointExtension>
            <ns3:hr>143</ns3:hr>
            <ns3:cad>85</ns3:cad>
          </ns3:TrackPointExtension>
        </extensions>
      </trkpt>
      <trkpt lat="35.75717470608651638031005859375" lon="139.53592347912490367889404296875">
        <ele>52.799999237060546875</ele>
        <time>2026-09-07T22:40:19.000Z</time>
        <extensions>
          <ns3:TrackPointExtension>
            <ns3:hr>143</ns3:hr>
            <ns3:cad>85</ns3:cad>
          </ns3:TrackPointExtension>
        </extensions>
      </trkpt>
      <trkpt lat="35.75718325562775135040283203125" lon="139.53594879247248172760009765625">
        <ele>52.799999237060546875</ele>
        <time>2026-09-07T22:40:20.000Z</time>
        <extensions>
          <ns3:TrackPointExtension>
            <ns3:hr>143</ns3:hr>
            <ns3:cad>85</ns3:cad>
          </ns3:TrackPointExtension>
        </extensions>
      </trkpt>
      <trkpt lat="35.7571930624544620513916015625" lon="139.53597242943942546844482421875">
        <ele>52.799999237060546875</ele>
        <time>2026-09-07T22:40:21.000Z</time>
        <extensions>
          <ns3:TrackPointExtension>
            <ns3:hr>144</ns3:hr>
            <ns3:cad>85</ns3:cad>
          </ns3:TrackPointExtension>
        </extensions>
      </trkpt>
      <trkpt lat="35.75720404274761676788330078125" lon="139.53599564731121063232421875">
        <ele>52.799999237060546875</ele>
        <time>2026-09-07T22:40:22.000Z</time>
        <extensions>
          <ns3:TrackPointExtension>
            <ns3:hr>144</ns3:hr>
            <ns3:cad>85</ns3:cad>
          </ns3:TrackPointExtension>
        </extensions>
      </trkpt>
      <trkpt lat="35.7572128437459468841552734375" lon="139.53601702116429805755615234375">
        <ele>52.799999237060546875</ele>
        <time>2026-09-07T22:40:23.000Z</time>
        <extensions>
          <ns3:TrackPointExtension>
            <ns3:hr>144</ns3:hr>
            <ns3:cad>85</ns3:cad>
          </ns3:TrackPointExtension>
        </extensions>
      </trkpt>
      <trkpt lat="35.7572244107723236083984375" lon="139.53604401089251041412353515625">
        <ele>52.799999237060546875</ele>
        <time>2026-09-07T22:40:24.000Z</time>
        <extensions>
          <ns3:TrackPointExtension>
            <ns3:hr>144</ns3:hr>
            <ns3:cad>84</ns3:cad>
          </ns3:TrackPointExtension>
        </extensions>
      </trkpt>
      <trkpt lat="35.7572353072464466094970703125" lon="139.536068402230739593505859375">
        <ele>53</ele>
        <time>2026-09-07T22:40:25.000Z</time>
        <extensions>
          <ns3:TrackPointExtension>
            <ns3:hr>144</ns3:hr>
            <ns3:cad>84</ns3:cad>
          </ns3:TrackPointExtension>
        </extensions>
      </trkpt>
      <trkpt lat="35.75724628753960132598876953125" lon="139.5360984094440937042236328125">
        <ele>53</ele>
        <time>2026-09-07T22:40:26.000Z</time>
        <extensions>
          <ns3:TrackPointExtension>
            <ns3:hr>144</ns3:hr>
            <ns3:cad>84</ns3:cad>
          </ns3:TrackPointExtension>
        </extensions>
      </trkpt>
      <trkpt lat="35.75725601054728031158447265625" lon="139.5361215434968471527099609375">
        <ele>53.200000762939453125</ele>
        <time>2026-09-07T22:40:27.000Z</time>
        <extensions>
          <ns3:TrackPointExtension>
            <ns3:hr>145</ns3:hr>
            <ns3:cad>84</ns3:cad>
          </ns3:TrackPointExtension>
        </extensions>
      </trkpt>
      <trkpt lat="35.7572688348591327667236328125" lon="139.53614694066345691680908203125">
        <ele>53.200000762939453125</ele>
        <time>2026-09-07T22:40:28.000Z</time>
        <extensions>
          <ns3:TrackPointExtension>
            <ns3:hr>145</ns3:hr>
            <ns3:cad>85</ns3:cad>
          </ns3:TrackPointExtension>
        </extensions>
      </trkpt>
      <trkpt lat="35.757281072437763214111328125" lon="139.53617175109684467315673828125">
        <ele>53.200000762939453125</ele>
        <time>2026-09-07T22:40:29.000Z</time>
        <extensions>
          <ns3:TrackPointExtension>
            <ns3:hr>144</ns3:hr>
            <ns3:cad>85</ns3:cad>
          </ns3:TrackPointExtension>
        </extensions>
      </trkpt>
      <trkpt lat="35.75729347765445709228515625" lon="139.5361969806253910064697265625">
        <ele>53.200000762939453125</ele>
        <time>2026-09-07T22:40:30.000Z</time>
        <extensions>
          <ns3:TrackPointExtension>
            <ns3:hr>144</ns3:hr>
            <ns3:cad>85</ns3:cad>
          </ns3:TrackPointExtension>
        </extensions>
      </trkpt>
      <trkpt lat="35.7573006860911846160888671875" lon="139.53622221015393733978271484375">
        <ele>53</ele>
        <time>2026-09-07T22:40:31.000Z</time>
        <extensions>
          <ns3:TrackPointExtension>
            <ns3:hr>145</ns3:hr>
            <ns3:cad>85</ns3:cad>
          </ns3:TrackPointExtension>
        </extensions>
      </trkpt>
      <trkpt lat="35.75730881653726100921630859375" lon="139.5362492837011814117431640625">
        <ele>52.59999847412109375</ele>
        <time>2026-09-07T22:40:32.000Z</time>
        <extensions>
          <ns3:TrackPointExtension>
            <ns3:hr>145</ns3:hr>
            <ns3:cad>86</ns3:cad>
          </ns3:TrackPointExtension>
        </extensions>
      </trkpt>
      <trkpt lat="35.7573182880878448486328125" lon="139.5362740941345691680908203125">
        <ele>52.40000152587890625</ele>
        <time>2026-09-07T22:40:33.000Z</time>
        <extensions>
          <ns3:TrackPointExtension>
            <ns3:hr>146</ns3:hr>
            <ns3:cad>86</ns3:cad>
          </ns3:TrackPointExtension>
        </extensions>
      </trkpt>
      <trkpt lat="35.7573275081813335418701171875" lon="139.53629395924508571624755859375">
        <ele>52.40000152587890625</ele>
        <time>2026-09-07T22:40:34.000Z</time>
        <extensions>
          <ns3:TrackPointExtension>
            <ns3:hr>146</ns3:hr>
            <ns3:cad>86</ns3:cad>
          </ns3:TrackPointExtension>
        </extensions>
      </trkpt>
      <trkpt lat="35.7573382370173931121826171875" lon="139.53631524927914142608642578125">
        <ele>52.40000152587890625</ele>
        <time>2026-09-07T22:40:35.000Z</time>
        <extensions>
          <ns3:TrackPointExtension>
            <ns3:hr>146</ns3:hr>
            <ns3:cad>85</ns3:cad>
          </ns3:TrackPointExtension>
        </extensions>
      </trkpt>
      <trkpt lat="35.7573466189205646514892578125" lon="139.5363382995128631591796875">
        <ele>52.40000152587890625</ele>
        <time>2026-09-07T22:40:36.000Z</time>
        <extensions>
          <ns3:TrackPointExtension>
            <ns3:hr>147</ns3:hr>
            <ns3:cad>84</ns3:cad>
          </ns3:TrackPointExtension>
        </extensions>
      </trkpt>
      <trkpt lat="35.75735642574727535247802734375" lon="139.536361433565616607666015625">
        <ele>52.40000152587890625</ele>
        <time>2026-09-07T22:40:37.000Z</time>
        <extensions>
          <ns3:TrackPointExtension>
            <ns3:hr>147</ns3:hr>
            <ns3:cad>84</ns3:cad>
          </ns3:TrackPointExtension>
        </extensions>
      </trkpt>
      <trkpt lat="35.7573664002120494842529296875" lon="139.53638188540935516357421875">
        <ele>52.40000152587890625</ele>
        <time>2026-09-07T22:40:38.000Z</time>
        <extensions>
          <ns3:TrackPointExtension>
            <ns3:hr>148</ns3:hr>
            <ns3:cad>85</ns3:cad>
          </ns3:TrackPointExtension>
        </extensions>
      </trkpt>
      <trkpt lat="35.75737654231488704681396484375" lon="139.5364001579582691192626953125">
        <ele>52.40000152587890625</ele>
        <time>2026-09-07T22:40:39.000Z</time>
        <extensions>
          <ns3:TrackPointExtension>
            <ns3:hr>149</ns3:hr>
            <ns3:cad>85</ns3:cad>
          </ns3:TrackPointExtension>
        </extensions>
      </trkpt>
      <trkpt lat="35.7573912106454372406005859375" lon="139.53641952015459537506103515625">
        <ele>52.40000152587890625</ele>
        <time>2026-09-07T22:40:40.000Z</time>
        <extensions>
          <ns3:TrackPointExtension>
            <ns3:hr>150</ns3:hr>
            <ns3:cad>85</ns3:cad>
          </ns3:TrackPointExtension>
        </extensions>
      </trkpt>
      <trkpt lat="35.75740738771855831146240234375" lon="139.53643418848514556884765625">
        <ele>52.40000152587890625</ele>
        <time>2026-09-07T22:40:41.000Z</time>
        <extensions>
          <ns3:TrackPointExtension>
            <ns3:hr>150</ns3:hr>
            <ns3:cad>86</ns3:cad>
          </ns3:TrackPointExtension>
        </extensions>
      </trkpt>
      <trkpt lat="35.75742758810520172119140625" lon="139.5364589989185333251953125">
        <ele>52.40000152587890625</ele>
        <time>2026-09-07T22:40:42.000Z</time>
        <extensions>
          <ns3:TrackPointExtension>
            <ns3:hr>151</ns3:hr>
            <ns3:cad>86</ns3:cad>
          </ns3:TrackPointExtension>
        </extensions>
      </trkpt>
      <trkpt lat="35.75744410045444965362548828125" lon="139.5364782772958278656005859375">
        <ele>52.40000152587890625</ele>
        <time>2026-09-07T22:40:43.000Z</time>
        <extensions>
          <ns3:TrackPointExtension>
            <ns3:hr>151</ns3:hr>
            <ns3:cad>86</ns3:cad>
          </ns3:TrackPointExtension>
        </extensions>
      </trkpt>
      <trkpt lat="35.7574609480798244476318359375" lon="139.53650250099599361419677734375">
        <ele>52.40000152587890625</ele>
        <time>2026-09-07T22:40:44.000Z</time>
        <extensions>
          <ns3:TrackPointExtension>
            <ns3:hr>151</ns3:hr>
            <ns3:cad>86</ns3:cad>
          </ns3:TrackPointExtension>
        </extensions>
      </trkpt>
      <trkpt lat="35.7574720121920108795166015625" lon="139.5365255512297153472900390625">
        <ele>52.40000152587890625</ele>
        <time>2026-09-07T22:40:45.000Z</time>
        <extensions>
          <ns3:TrackPointExtension>
            <ns3:hr>151</ns3:hr>
            <ns3:cad>85</ns3:cad>
          </ns3:TrackPointExtension>
        </extensions>
      </trkpt>
      <trkpt lat="35.75749036855995655059814453125" lon="139.536556899547576904296875">
        <ele>52.40000152587890625</ele>
        <time>2026-09-07T22:40:46.000Z</time>
        <extensions>
          <ns3:TrackPointExtension>
            <ns3:hr>151</ns3:hr>
            <ns3:cad>85</ns3:cad>
          </ns3:TrackPointExtension>
        </extensions>
      </trkpt>
      <trkpt lat="35.75750629417598247528076171875" lon="139.53658665530383586883544921875">
        <ele>52.40000152587890625</ele>
        <time>2026-09-07T22:40:47.000Z</time>
        <extensions>
          <ns3:TrackPointExtension>
            <ns3:hr>152</ns3:hr>
            <ns3:cad>85</ns3:cad>
          </ns3:TrackPointExtension>
        </extensions>
      </trkpt>
      <trkpt lat="35.7575196214020252227783203125" lon="139.53661666251718997955322265625">
        <ele>52.40000152587890625</ele>
        <time>2026-09-07T22:40:48.000Z</time>
        <extensions>
          <ns3:TrackPointExtension>
            <ns3:hr>151</ns3:hr>
            <ns3:cad>85</ns3:cad>
          </ns3:TrackPointExtension>
        </extensions>
      </trkpt>
      <trkpt lat="35.757529176771640777587890625" lon="139.536637365818023681640625">
        <ele>52.40000152587890625</ele>
        <time>2026-09-07T22:40:49.000Z</time>
        <extensions>
          <ns3:TrackPointExtension>
            <ns3:hr>152</ns3:hr>
            <ns3:cad>85</ns3:cad>
          </ns3:TrackPointExtension>
        </extensions>
      </trkpt>
      <trkpt lat="35.75754283927381038665771484375" lon="139.5366663672029972076416015625">
        <ele>52.40000152587890625</ele>
        <time>2026-09-07T22:40:50.000Z</time>
        <extensions>
          <ns3:TrackPointExtension>
            <ns3:hr>152</ns3:hr>
            <ns3:cad>85</ns3:cad>
          </ns3:TrackPointExtension>
        </extensions>
      </trkpt>
      <trkpt lat="35.7575585134327411651611328125" lon="139.5366908423602581024169921875">
        <ele>52.200000762939453125</ele>
        <time>2026-09-07T22:40:51.000Z</time>
        <extensions>
          <ns3:TrackPointExtension>
            <ns3:hr>151</ns3:hr>
            <ns3:cad>86</ns3:cad>
          </ns3:TrackPointExtension>
        </extensions>
      </trkpt>
      <trkpt lat="35.757565386593341827392578125" lon="139.53671020455658435821533203125">
        <ele>52.200000762939453125</ele>
        <time>2026-09-07T22:40:52.000Z</time>
        <extensions>
          <ns3:TrackPointExtension>
            <ns3:hr>151</ns3:hr>
            <ns3:cad>86</ns3:cad>
          </ns3:TrackPointExtension>
        </extensions>
      </trkpt>
      <trkpt lat="35.7575625367462635040283203125" lon="139.5367133058607578277587890625">
        <ele>52.200000762939453125</ele>
        <time>2026-09-07T22:40:53.000Z</time>
        <extensions>
          <ns3:TrackPointExtension>
            <ns3:hr>152</ns3:hr>
            <ns3:cad>86</ns3:cad>
          </ns3:TrackPointExtension>
        </extensions>
      </trkpt>
      <trkpt lat="35.7575811445713043212890625" lon="139.53672210685908794403076171875">
        <ele>52.200000762939453125</ele>
        <time>2026-09-07T22:40:54.000Z</time>
        <extensions>
          <ns3:TrackPointExtension>
            <ns3:hr>152</ns3:hr>
            <ns3:cad>86</ns3:cad>
          </ns3:TrackPointExtension>
        </extensions>
      </trkpt>
      <trkpt lat="35.7576419971883296966552734375" lon="139.536909945309162139892578125">
        <ele>52.799999237060546875</ele>
        <time>2026-09-07T22:41:04.000Z</time>
        <extensions>
          <ns3:TrackPointExtension>
            <ns3:hr>152</ns3:hr>
            <ns3:cad>85</ns3:cad>
          </ns3:TrackPointExtension>
        </extensions>
      </trkpt>
      <trkpt lat="35.757674016058444976806640625" lon="139.53694590367376804351806640625">
        <ele>53.200000762939453125</ele>
        <time>2026-09-07T22:41:05.000Z</time>
        <extensions>
          <ns3:TrackPointExtension>
            <ns3:hr>152</ns3:hr>
            <ns3:cad>84</ns3:cad>
          </ns3:TrackPointExtension>
        </extensions>
      </trkpt>
      <trkpt lat="35.75766672380268573760986328125" lon="139.5369557105004787445068359375">
        <ele>53.59999847412109375</ele>
        <time>2026-09-07T22:41:06.000Z</time>
        <extensions>
          <ns3:TrackPointExtension>
            <ns3:hr>152</ns3:hr>
            <ns3:cad>83</ns3:cad>
          </ns3:TrackPointExtension>
        </extensions>
      </trkpt>
      <trkpt lat="35.75766990892589092254638671875" lon="139.5369925908744335174560546875">
        <ele>53.59999847412109375</ele>
        <time>2026-09-07T22:41:07.000Z</time>
        <extensions>
          <ns3:TrackPointExtension>
            <ns3:hr>152</ns3:hr>
            <ns3:cad>82</ns3:cad>
          </ns3:TrackPointExtension>
        </extensions>
      </trkpt>
      <trkpt lat="35.7576937973499298095703125" lon="139.5370063371956348419189453125">
        <ele>53.59999847412109375</ele>
        <time>2026-09-07T22:41:08.000Z</time>
        <extensions>
          <ns3:TrackPointExtension>
            <ns3:hr>152</ns3:hr>
            <ns3:cad>81</ns3:cad>
          </ns3:TrackPointExtension>
        </extensions>
      </trkpt>
      <trkpt lat="35.7576999999582767486572265625" lon="139.53702603466808795928955078125">
        <ele>53.59999847412109375</ele>
        <time>2026-09-07T22:41:09.000Z</time>
        <extensions>
          <ns3:TrackPointExtension>
            <ns3:hr>152</ns3:hr>
            <ns3:cad>81</ns3:cad>
          </ns3:TrackPointExtension>
        </extensions>
      </trkpt>
      <trkpt lat="35.75770226307213306427001953125" lon="139.537050761282444000244140625">
        <ele>53.59999847412109375</ele>
        <time>2026-09-07T22:41:10.000Z</time>
        <extensions>
          <ns3:TrackPointExtension>
            <ns3:hr>152</ns3:hr>
            <ns3:cad>81</ns3:cad>
          </ns3:TrackPointExtension>
        </extensions>
      </trkpt>
      <trkpt lat="35.757699497044086456298828125" lon="139.5370814390480518341064453125">
        <ele>53.59999847412109375</ele>
        <time>2026-09-07T22:41:11.000Z</time>
        <extensions>
          <ns3:TrackPointExtension>
            <ns3:hr>152</ns3:hr>
            <ns3:cad>83</ns3:cad>
          </ns3:TrackPointExtension>
        </extensions>
      </trkpt>
      <trkpt lat="35.757707543671131134033203125" lon="139.53710247762501239776611328125">
        <ele>53.59999847412109375</ele>
        <time>2026-09-07T22:41:12.000Z</time>
        <extensions>
          <ns3:TrackPointExtension>
            <ns3:hr>152</ns3:hr>
            <ns3:cad>84</ns3:cad>
          </ns3:TrackPointExtension>
        </extensions>
      </trkpt>
      <trkpt lat="35.75771450065076351165771484375" lon="139.53712024725973606109619140625">
        <ele>53.59999847412109375</ele>
        <time>2026-09-07T22:41:13.000Z</time>
        <extensions>
          <ns3:TrackPointExtension>
            <ns3:hr>152</ns3:hr>
            <ns3:cad>84</ns3:cad>
          </ns3:TrackPointExtension>
        </extensions>
      </trkpt>
      <trkpt lat="35.75772271491587162017822265625" lon="139.537143297493457794189453125">
        <ele>53.59999847412109375</ele>
        <time>2026-09-07T22:41:14.000Z</time>
        <extensions>
          <ns3:TrackPointExtension>
            <ns3:hr>152</ns3:hr>
            <ns3:cad>83</ns3:cad>
          </ns3:TrackPointExtension>
        </extensions>
      </trkpt>
      <trkpt lat="35.75773495249450206756591796875" lon="139.5371608994901180267333984375">
        <ele>53.59999847412109375</ele>
        <time>2026-09-07T22:41:15.000Z</time>
        <extensions>
          <ns3:TrackPointExtension>
            <ns3:hr>151</ns3:hr>
            <ns3:cad>83</ns3:cad>
          </ns3:TrackPointExtension>
        </extensions>
      </trkpt>
      <trkpt lat="35.7577412389218807220458984375" lon="139.53717506490647792816162109375">
        <ele>53.59999847412109375</ele>
        <time>2026-09-07T22:41:16.000Z</time>
        <extensions>
          <ns3:TrackPointExtension>
            <ns3:hr>151</ns3:hr>
            <ns3:cad>82</ns3:cad>
          </ns3:TrackPointExtension>
        </extensions>
      </trkpt>
      <trkpt lat="35.7577526383101940155029296875" lon="139.537199623882770538330078125">
        <ele>53.59999847412109375</ele>
        <time>2026-09-07T22:41:17.000Z</time>
        <extensions>
          <ns3:TrackPointExtension>
            <ns3:hr>150</ns3:hr>
            <ns3:cad>82</ns3:cad>
          </ns3:TrackPointExtension>
        </extensions>
      </trkpt>
      <trkpt lat="35.7577635347843170166015625" lon="139.53721881844103336334228515625">
        <ele>53.59999847412109375</ele>
        <time>2026-09-07T22:41:18.000Z</time>
        <extensions>
          <ns3:TrackPointExtension>
            <ns3:hr>150</ns3:hr>
            <ns3:cad>82</ns3:cad>
          </ns3:TrackPointExtension>
        </extensions>
      </trkpt>
      <trkpt lat="35.75777401216328144073486328125" lon="139.53724111430346965789794921875">
        <ele>53.59999847412109375</ele>
        <time>2026-09-07T22:41:19.000Z</time>
        <extensions>
          <ns3:TrackPointExtension>
            <ns3:hr>150</ns3:hr>
            <ns3:cad>83</ns3:cad>
          </ns3:TrackPointExtension>
        </extensions>
      </trkpt>
      <trkpt lat="35.7577823102474212646484375" lon="139.5372621528804302215576171875">
        <ele>53.59999847412109375</ele>
        <time>2026-09-07T22:41:20.000Z</time>
        <extensions>
          <ns3:TrackPointExtension>
            <ns3:hr>150</ns3:hr>
            <ns3:cad>84</ns3:cad>
          </ns3:TrackPointExtension>
        </extensions>
      </trkpt>
      <trkpt lat="35.75778608210384845733642578125" lon="139.5372812636196613311767578125">
        <ele>53.59999847412109375</ele>
        <time>2026-09-07T22:41:21.000Z</time>
        <extensions>
          <ns3:TrackPointExtension>
            <ns3:hr>150</ns3:hr>
            <ns3:cad>84</ns3:cad>
          </ns3:TrackPointExtension>
        </extensions>
      </trkpt>
      <trkpt lat="35.757790692150592803955078125" lon="139.53729744069278240203857421875">
        <ele>53.40000152587890625</ele>
        <time>2026-09-07T22:41:22.000Z</time>
        <extensions>
          <ns3:TrackPointExtension>
            <ns3:hr>151</ns3:hr>
            <ns3:cad>83</ns3:cad>
          </ns3:TrackPointExtension>
        </extensions>
      </trkpt>
      <trkpt lat="35.7578005827963352203369140625" lon="139.53732023946940898895263671875">
        <ele>53.40000152587890625</ele>
        <time>2026-09-07T22:41:23.000Z</time>
        <extensions>
          <ns3:TrackPointExtension>
            <ns3:hr>150</ns3:hr>
            <ns3:cad>82</ns3:cad>
          </ns3:TrackPointExtension>
        </extensions>
      </trkpt>
      <trkpt lat="35.75781005434691905975341796875" lon="139.5373416133224964141845703125">
        <ele>53.40000152587890625</ele>
        <time>2026-09-07T22:41:24.000Z</time>
        <extensions>
          <ns3:TrackPointExtension>
            <ns3:hr>150</ns3:hr>
            <ns3:cad>82</ns3:cad>
          </ns3:TrackPointExtension>
        </extensions>
      </trkpt>
      <trkpt lat="35.75781927444040775299072265625" lon="139.53735980205237865447998046875">
        <ele>53.40000152587890625</ele>
        <time>2026-09-07T22:41:25.000Z</time>
        <extensions>
          <ns3:TrackPointExtension>
            <ns3:hr>150</ns3:hr>
            <ns3:cad>82</ns3:cad>
          </ns3:TrackPointExtension>
        </extensions>
      </trkpt>
      <trkpt lat="35.7578337751328945159912109375" lon="139.53738377429544925689697265625">
        <ele>53.40000152587890625</ele>
        <time>2026-09-07T22:41:26.000Z</time>
        <extensions>
          <ns3:TrackPointExtension>
            <ns3:hr>150</ns3:hr>
            <ns3:cad>83</ns3:cad>
          </ns3:TrackPointExtension>
        </extensions>
      </trkpt>
      <trkpt lat="35.75784324668347835540771484375" lon="139.537404812872409820556640625">
        <ele>53.40000152587890625</ele>
        <time>2026-09-07T22:41:27.000Z</time>
        <extensions>
          <ns3:TrackPointExtension>
            <ns3:hr>150</ns3:hr>
            <ns3:cad>83</ns3:cad>
          </ns3:TrackPointExtension>
        </extensions>
      </trkpt>
      <trkpt lat="35.75785079039633274078369140625" lon="139.53742216341197490692138671875">
        <ele>53.40000152587890625</ele>
        <time>2026-09-07T22:41:28.000Z</time>
        <extensions>
          <ns3:TrackPointExtension>
            <ns3:hr>150</ns3:hr>
            <ns3:cad>83</ns3:cad>
          </ns3:TrackPointExtension>
        </extensions>
      </trkpt>
      <trkpt lat="35.75786436907947063446044921875" lon="139.53744831494987010955810546875">
        <ele>53.40000152587890625</ele>
        <time>2026-09-07T22:41:29.000Z</time>
        <extensions>
          <ns3:TrackPointExtension>
            <ns3:hr>150</ns3:hr>
            <ns3:cad>83</ns3:cad>
          </ns3:TrackPointExtension>
        </extensions>
      </trkpt>
      <trkpt lat="35.7578790374100208282470703125" lon="139.5374686829745769500732421875">
        <ele>53.40000152587890625</ele>
        <time>2026-09-07T22:41:30.000Z</time>
        <extensions>
          <ns3:TrackPointExtension>
            <ns3:hr>150</ns3:hr>
            <ns3:cad>83</ns3:cad>
          </ns3:TrackPointExtension>
        </extensions>
      </trkpt>
      <trkpt lat="35.75788951478898525238037109375" lon="139.53748829662799835205078125">
        <ele>53.40000152587890625</ele>
        <time>2026-09-07T22:41:31.000Z</time>
        <extensions>
          <ns3:TrackPointExtension>
            <ns3:hr>149</ns3:hr>
            <ns3:cad>83</ns3:cad>
          </ns3:TrackPointExtension>
        </extensions>
      </trkpt>
      <trkpt lat="35.7578971423208713531494140625" lon="139.537510089576244354248046875">
        <ele>53.200000762939453125</ele>
        <time>2026-09-07T22:41:32.000Z</time>
        <extensions>
          <ns3:TrackPointExtension>
            <ns3:hr>148</ns3:hr>
            <ns3:cad>84</ns3:cad>
          </ns3:TrackPointExtension>
        </extensions>
      </trkpt>
      <trkpt lat="35.7579045183956623077392578125" lon="139.5375320501625537872314453125">
        <ele>53.200000762939453125</ele>
        <time>2026-09-07T22:41:33.000Z</time>
        <extensions>
          <ns3:TrackPointExtension>
            <ns3:hr>147</ns3:hr>
            <ns3:cad>84</ns3:cad>
          </ns3:TrackPointExtension>
        </extensions>
      </trkpt>
      <trkpt lat="35.75791164301335811614990234375" lon="139.5375568605959415435791015625">
        <ele>53.200000762939453125</ele>
        <time>2026-09-07T22:41:34.000Z</time>
        <extensions>
          <ns3:TrackPointExtension>
            <ns3:hr>147</ns3:hr>
            <ns3:cad>84</ns3:cad>
          </ns3:TrackPointExtension>
        </extensions>
      </trkpt>
      <trkpt lat="35.7579175941646099090576171875" lon="139.53757815062999725341796875">
        <ele>53.200000762939453125</ele>
        <time>2026-09-07T22:41:35.000Z</time>
        <extensions>
          <ns3:TrackPointExtension>
            <ns3:hr>147</ns3:hr>
            <ns3:cad>84</ns3:cad>
          </ns3:TrackPointExtension>
        </extensions>
      </trkpt>
      <trkpt lat="35.75792740099132061004638671875" lon="139.537597596645355224609375">
        <ele>53</ele>
        <time>2026-09-07T22:41:36.000Z</time>
        <extensions>
          <ns3:TrackPointExtension>
            <ns3:hr>147</ns3:hr>
            <ns3:cad>86</ns3:cad>
          </ns3:TrackPointExtension>
        </extensions>
      </trkpt>
      <trkpt lat="35.757932178676128387451171875" lon="139.53762165270745754241943359375">
        <ele>53</ele>
        <time>2026-09-07T22:41:37.000Z</time>
        <extensions>
          <ns3:TrackPointExtension>
            <ns3:hr>147</ns3:hr>
            <ns3:cad>86</ns3:cad>
          </ns3:TrackPointExtension>
        </extensions>
      </trkpt>
      <trkpt lat="35.7579380460083484649658203125" lon="139.53763925470411777496337890625">
        <ele>53</ele>
        <time>2026-09-07T22:41:38.000Z</time>
        <extensions>
          <ns3:TrackPointExtension>
            <ns3:hr>147</ns3:hr>
            <ns3:cad>86</ns3:cad>
          </ns3:TrackPointExtension>
        </extensions>
      </trkpt>
      <trkpt lat="35.75794517062604427337646484375" lon="139.5376577787101268768310546875">
        <ele>53</ele>
        <time>2026-09-07T22:41:39.000Z</time>
        <extensions>
          <ns3:TrackPointExtension>
            <ns3:hr>148</ns3:hr>
            <ns3:cad>85</ns3:cad>
          </ns3:TrackPointExtension>
        </extensions>
      </trkpt>
      <trkpt lat="35.7579507865011692047119140625" lon="139.53767965547740459442138671875">
        <ele>53</ele>
        <time>2026-09-07T22:41:40.000Z</time>
        <extensions>
          <ns3:TrackPointExtension>
            <ns3:hr>147</ns3:hr>
            <ns3:cad>83</ns3:cad>
          </ns3:TrackPointExtension>
        </extensions>
      </trkpt>
      <trkpt lat="35.75795606710016727447509765625" lon="139.53769390471279621124267578125">
        <ele>53</ele>
        <time>2026-09-07T22:41:41.000Z</time>
        <extensions>
          <ns3:TrackPointExtension>
            <ns3:hr>146</ns3:hr>
            <ns3:cad>82</ns3:cad>
          </ns3:TrackPointExtension>
        </extensions>
      </trkpt>
      <trkpt lat="35.757968723773956298828125" lon="139.53771620057523250579833984375">
        <ele>53</ele>
        <time>2026-09-07T22:41:42.000Z</time>
        <extensions>
          <ns3:TrackPointExtension>
            <ns3:hr>146</ns3:hr>
            <ns3:cad>82</ns3:cad>
          </ns3:TrackPointExtension>
        </extensions>
      </trkpt>
      <trkpt lat="35.75798054225742816925048828125" lon="139.537740088999271392822265625">
        <ele>53</ele>
        <time>2026-09-07T22:41:43.000Z</time>
        <extensions>
          <ns3:TrackPointExtension>
            <ns3:hr>146</ns3:hr>
            <ns3:cad>83</ns3:cad>
          </ns3:TrackPointExtension>
        </extensions>
      </trkpt>
      <trkpt lat="35.75799227692186832427978515625" lon="139.53776464797556400299072265625">
        <ele>53</ele>
        <time>2026-09-07T22:41:44.000Z</time>
        <extensions>
          <ns3:TrackPointExtension>
            <ns3:hr>146</ns3:hr>
            <ns3:cad>83</ns3:cad>
          </ns3:TrackPointExtension>
        </extensions>
      </trkpt>
      <trkpt lat="35.757999904453754425048828125" lon="139.53778224997222423553466796875">
        <ele>52.799999237060546875</ele>
        <time>2026-09-07T22:41:45.000Z</time>
        <extensions>
          <ns3:TrackPointExtension>
            <ns3:hr>145</ns3:hr>
            <ns3:cad>83</ns3:cad>
          </ns3:TrackPointExtension>
        </extensions>
      </trkpt>
      <trkpt lat="35.758003927767276763916015625" lon="139.53780303709208965301513671875">
        <ele>52.799999237060546875</ele>
        <time>2026-09-07T22:41:46.000Z</time>
        <extensions>
          <ns3:TrackPointExtension>
            <ns3:hr>145</ns3:hr>
            <ns3:cad>83</ns3:cad>
          </ns3:TrackPointExtension>
        </extensions>
      </trkpt>
      <trkpt lat="35.75800987891852855682373046875" lon="139.5378240756690502166748046875">
        <ele>52.799999237060546875</ele>
        <time>2026-09-07T22:41:47.000Z</time>
        <extensions>
          <ns3:TrackPointExtension>
            <ns3:hr>145</ns3:hr>
            <ns3:cad>83</ns3:cad>
          </ns3:TrackPointExtension>
        </extensions>
      </trkpt>
      <trkpt lat="35.75801541097462177276611328125" lon="139.5378411747515201568603515625">
        <ele>52.59999847412109375</ele>
        <time>2026-09-07T22:41:48.000Z</time>
        <extensions>
          <ns3:TrackPointExtension>
            <ns3:hr>145</ns3:hr>
            <ns3:cad>82</ns3:cad>
          </ns3:TrackPointExtension>
        </extensions>
      </trkpt>
      <trkpt lat="35.75802664272487163543701171875" lon="139.53785869292914867401123046875">
        <ele>52.40000152587890625</ele>
        <time>2026-09-07T22:41:49.000Z</time>
        <extensions>
          <ns3:TrackPointExtension>
            <ns3:hr>145</ns3:hr>
            <ns3:cad>82</ns3:cad>
          </ns3:TrackPointExtension>
        </extensions>
      </trkpt>
      <trkpt lat="35.7580396346747875213623046875" lon="139.5378777198493480682373046875">
        <ele>52.40000152587890625</ele>
        <time>2026-09-07T22:41:50.000Z</time>
        <extensions>
          <ns3:TrackPointExtension>
            <ns3:hr>144</ns3:hr>
            <ns3:cad>82</ns3:cad>
          </ns3:TrackPointExtension>
        </extensions>
      </trkpt>
      <trkpt lat="35.75805078260600566864013671875" lon="139.53789339400827884674072265625">
        <ele>52.200000762939453125</ele>
        <time>2026-09-07T22:41:51.000Z</time>
        <extensions>
          <ns3:TrackPointExtension>
            <ns3:hr>144</ns3:hr>
            <ns3:cad>82</ns3:cad>
          </ns3:TrackPointExtension>
        </extensions>
      </trkpt>
      <trkpt lat="35.7580694742500782012939453125" lon="139.53791518695652484893798828125">
        <ele>52.200000762939453125</ele>
        <time>2026-09-07T22:41:52.000Z</time>
        <extensions>
          <ns3:TrackPointExtension>
            <ns3:hr>144</ns3:hr>
            <ns3:cad>83</ns3:cad>
          </ns3:TrackPointExtension>
        </extensions>
      </trkpt>
      <trkpt lat="35.75808447785675525665283203125" lon="139.53793513588607311248779296875">
        <ele>52.200000762939453125</ele>
        <time>2026-09-07T22:41:53.000Z</time>
        <extensions>
          <ns3:TrackPointExtension>
            <ns3:hr>144</ns3:hr>
            <ns3:cad>83</ns3:cad>
          </ns3:TrackPointExtension>
        </extensions>
      </trkpt>
      <trkpt lat="35.7580989785492420196533203125" lon="139.5379581861197948455810546875">
        <ele>52.200000762939453125</ele>
        <time>2026-09-07T22:41:54.000Z</time>
        <extensions>
          <ns3:TrackPointExtension>
            <ns3:hr>144</ns3:hr>
            <ns3:cad>83</ns3:cad>
          </ns3:TrackPointExtension>
        </extensions>
      </trkpt>
      <trkpt lat="35.75811046175658702850341796875" lon="139.53797939233481884002685546875">
        <ele>52</ele>
        <time>2026-09-07T22:41:55.000Z</time>
        <extensions>
          <ns3:TrackPointExtension>
            <ns3:hr>144</ns3:hr>
            <ns3:cad>84</ns3:cad>
          </ns3:TrackPointExtension>
        </extensions>
      </trkpt>
      <trkpt lat="35.75812035240232944488525390625" lon="139.53799632377922534942626953125">
        <ele>52</ele>
        <time>2026-09-07T22:41:56.000Z</time>
        <extensions>
          <ns3:TrackPointExtension>
            <ns3:hr>143</ns3:hr>
            <ns3:cad>84</ns3:cad>
          </ns3:TrackPointExtension>
        </extensions>
      </trkpt>
      <trkpt lat="35.75813191942870616912841796875" lon="139.53801040537655353546142578125">
        <ele>52</ele>
        <time>2026-09-07T22:41:57.000Z</time>
        <extensions>
          <ns3:TrackPointExtension>
            <ns3:hr>143</ns3:hr>
            <ns3:cad>85</ns3:cad>
          </ns3:TrackPointExtension>
        </extensions>
      </trkpt>
      <trkpt lat="35.758144073188304901123046875" lon="139.53803546726703643798828125">
        <ele>52</ele>
        <time>2026-09-07T22:41:58.000Z</time>
        <extensions>
          <ns3:TrackPointExtension>
            <ns3:hr>142</ns3:hr>
            <ns3:cad>85</ns3:cad>
          </ns3:TrackPointExtension>
        </extensions>
      </trkpt>
      <trkpt lat="35.75815035961568355560302734375" lon="139.5380564220249652862548828125">
        <ele>52</ele>
        <time>2026-09-07T22:41:59.000Z</time>
        <extensions>
          <ns3:TrackPointExtension>
            <ns3:hr>141</ns3:hr>
            <ns3:cad>85</ns3:cad>
          </ns3:TrackPointExtension>
        </extensions>
      </trkpt>
      <trkpt lat="35.7581593282520771026611328125" lon="139.53807410784065723419189453125">
        <ele>52</ele>
        <time>2026-09-07T22:42:00.000Z</time>
        <extensions>
          <ns3:TrackPointExtension>
            <ns3:hr>140</ns3:hr>
            <ns3:cad>84</ns3:cad>
          </ns3:TrackPointExtension>
        </extensions>
      </trkpt>
      <trkpt lat="35.75817014090716838836669921875" lon="139.5380902849137783050537109375">
        <ele>52</ele>
        <time>2026-09-07T22:42:01.000Z</time>
        <extensions>
          <ns3:TrackPointExtension>
            <ns3:hr>140</ns3:hr>
            <ns3:cad>84</ns3:cad>
          </ns3:TrackPointExtension>
        </extensions>
      </trkpt>
      <trkpt lat="35.7581784389913082122802734375" lon="139.53811266459524631500244140625">
        <ele>52</ele>
        <time>2026-09-07T22:42:02.000Z</time>
        <extensions>
          <ns3:TrackPointExtension>
            <ns3:hr>139</ns3:hr>
            <ns3:cad>84</ns3:cad>
          </ns3:TrackPointExtension>
        </extensions>
      </trkpt>
      <trkpt lat="35.75818623416125774383544921875" lon="139.5381345413625240325927734375">
        <ele>52</ele>
        <time>2026-09-07T22:42:03.000Z</time>
        <extensions>
          <ns3:TrackPointExtension>
            <ns3:hr>139</ns3:hr>
            <ns3:cad>84</ns3:cad>
          </ns3:TrackPointExtension>
        </extensions>
      </trkpt>
      <trkpt lat="35.75819511897861957550048828125" lon="139.53815641812980175018310546875">
        <ele>52</ele>
        <time>2026-09-07T22:42:04.000Z</time>
        <extensions>
          <ns3:TrackPointExtension>
            <ns3:hr>139</ns3:hr>
            <ns3:cad>84</ns3:cad>
          </ns3:TrackPointExtension>
        </extensions>
      </trkpt>
      <trkpt lat="35.75820274651050567626953125" lon="139.5381729304790496826171875">
        <ele>52</ele>
        <time>2026-09-07T22:42:05.000Z</time>
        <extensions>
          <ns3:TrackPointExtension>
            <ns3:hr>139</ns3:hr>
            <ns3:cad>84</ns3:cad>
          </ns3:TrackPointExtension>
        </extensions>
      </trkpt>
      <trkpt lat="35.75820945203304290771484375" lon="139.538193382322788238525390625">
        <ele>52</ele>
        <time>2026-09-07T22:42:06.000Z</time>
        <extensions>
          <ns3:TrackPointExtension>
            <ns3:hr>139</ns3:hr>
            <ns3:cad>84</ns3:cad>
          </ns3:TrackPointExtension>
        </extensions>
      </trkpt>
      <trkpt lat="35.75821892358362674713134765625" lon="139.538223557174205780029296875">
        <ele>51.799999237060546875</ele>
        <time>2026-09-07T22:42:07.000Z</time>
        <extensions>
          <ns3:TrackPointExtension>
            <ns3:hr>138</ns3:hr>
            <ns3:cad>84</ns3:cad>
          </ns3:TrackPointExtension>
        </extensions>
      </trkpt>
      <trkpt lat="35.75822847895324230194091796875" lon="139.53824895434081554412841796875">
        <ele>51.799999237060546875</ele>
        <time>2026-09-07T22:42:08.000Z</time>
        <extensions>
          <ns3:TrackPointExtension>
            <ns3:hr>138</ns3:hr>
            <ns3:cad>84</ns3:cad>
          </ns3:TrackPointExtension>
        </extensions>
      </trkpt>
      <trkpt lat="35.75823602266609668731689453125" lon="139.53827125020325183868408203125">
        <ele>51.799999237060546875</ele>
        <time>2026-09-07T22:42:09.000Z</time>
        <extensions>
          <ns3:TrackPointExtension>
            <ns3:hr>138</ns3:hr>
            <ns3:cad>85</ns3:cad>
          </ns3:TrackPointExtension>
        </extensions>
      </trkpt>
      <trkpt lat="35.758249349892139434814453125" lon="139.5383015088737010955810546875">
        <ele>51.799999237060546875</ele>
        <time>2026-09-07T22:42:10.000Z</time>
        <extensions>
          <ns3:TrackPointExtension>
            <ns3:hr>138</ns3:hr>
            <ns3:cad>85</ns3:cad>
          </ns3:TrackPointExtension>
        </extensions>
      </trkpt>
      <trkpt lat="35.75825798325240612030029296875" lon="139.5383233018219470977783203125">
        <ele>51.59999847412109375</ele>
        <time>2026-09-07T22:42:11.000Z</time>
        <extensions>
          <ns3:TrackPointExtension>
            <ns3:hr>138</ns3:hr>
            <ns3:cad>85</ns3:cad>
          </ns3:TrackPointExtension>
        </extensions>
      </trkpt>
      <trkpt lat="35.7582669518887996673583984375" lon="139.53834970481693744659423828125">
        <ele>51.59999847412109375</ele>
        <time>2026-09-07T22:42:12.000Z</time>
        <extensions>
          <ns3:TrackPointExtension>
            <ns3:hr>138</ns3:hr>
            <ns3:cad>85</ns3:cad>
          </ns3:TrackPointExtension>
        </extensions>
      </trkpt>
      <trkpt lat="35.75827491469681262969970703125" lon="139.538378454744815826416015625">
        <ele>51.59999847412109375</ele>
        <time>2026-09-07T22:42:13.000Z</time>
        <extensions>
          <ns3:TrackPointExtension>
            <ns3:hr>138</ns3:hr>
            <ns3:cad>85</ns3:cad>
          </ns3:TrackPointExtension>
        </extensions>
      </trkpt>
      <trkpt lat="35.7582838833332061767578125" lon="139.53840955160558223724365234375">
        <ele>51.59999847412109375</ele>
        <time>2026-09-07T22:42:14.000Z</time>
        <extensions>
          <ns3:TrackPointExtension>
            <ns3:hr>138</ns3:hr>
            <ns3:cad>85</ns3:cad>
          </ns3:TrackPointExtension>
        </extensions>
      </trkpt>
      <trkpt lat="35.75829151086509227752685546875" lon="139.538434781134128570556640625">
        <ele>51.59999847412109375</ele>
        <time>2026-09-07T22:42:15.000Z</time>
        <extensions>
          <ns3:TrackPointExtension>
            <ns3:hr>138</ns3:hr>
            <ns3:cad>85</ns3:cad>
          </ns3:TrackPointExtension>
        </extensions>
      </trkpt>
      <trkpt lat="35.75830039568245410919189453125" lon="139.53846336342394351959228515625">
        <ele>51.59999847412109375</ele>
        <time>2026-09-07T22:42:16.000Z</time>
        <extensions>
          <ns3:TrackPointExtension>
            <ns3:hr>138</ns3:hr>
            <ns3:cad>86</ns3:cad>
          </ns3:TrackPointExtension>
        </extensions>
      </trkpt>
      <trkpt lat="35.7583071850240230560302734375" lon="139.538482725620269775390625">
        <ele>51.59999847412109375</ele>
        <time>2026-09-07T22:42:17.000Z</time>
        <extensions>
          <ns3:TrackPointExtension>
            <ns3:hr>138</ns3:hr>
            <ns3:cad>86</ns3:cad>
          </ns3:TrackPointExtension>
        </extensions>
      </trkpt>
      <trkpt lat="35.75831850059330463409423828125" lon="139.5385060273110866546630859375">
        <ele>51.59999847412109375</ele>
        <time>2026-09-07T22:42:18.000Z</time>
        <extensions>
          <ns3:TrackPointExtension>
            <ns3:hr>138</ns3:hr>
            <ns3:cad>86</ns3:cad>
          </ns3:TrackPointExtension>
        </extensions>
      </trkpt>
      <trkpt lat="35.75833409093320369720458984375" lon="139.5385274849832057952880859375">
        <ele>51.59999847412109375</ele>
        <time>2026-09-07T22:42:19.000Z</time>
        <extensions>
          <ns3:TrackPointExtension>
            <ns3:hr>139</ns3:hr>
            <ns3:cad>86</ns3:cad>
          </ns3:TrackPointExtension>
        </extensions>
      </trkpt>
      <trkpt lat="35.7583501003682613372802734375" lon="139.538552127778530120849609375">
        <ele>51.799999237060546875</ele>
        <time>2026-09-07T22:42:20.000Z</time>
        <extensions>
          <ns3:TrackPointExtension>
            <ns3:hr>139</ns3:hr>
            <ns3:cad>86</ns3:cad>
          </ns3:TrackPointExtension>
        </extensions>
      </trkpt>
      <trkpt lat="35.758357979357242584228515625" lon="139.5385697297751903533935546875">
        <ele>51.799999237060546875</ele>
        <time>2026-09-07T22:42:21.000Z</time>
        <extensions>
          <ns3:TrackPointExtension>
            <ns3:hr>139</ns3:hr>
            <ns3:cad>86</ns3:cad>
          </ns3:TrackPointExtension>
        </extensions>
      </trkpt>
      <trkpt lat="35.75836912728846073150634765625" lon="139.5385928638279438018798828125">
        <ele>51.799999237060546875</ele>
        <time>2026-09-07T22:42:22.000Z</time>
        <extensions>
          <ns3:TrackPointExtension>
            <ns3:hr>139</ns3:hr>
            <ns3:cad>85</ns3:cad>
          </ns3:TrackPointExtension>
        </extensions>
      </trkpt>
      <trkpt lat="35.75838522054255008697509765625" lon="139.538619853556156158447265625">
        <ele>51.799999237060546875</ele>
        <time>2026-09-07T22:42:23.000Z</time>
        <extensions>
          <ns3:TrackPointExtension>
            <ns3:hr>139</ns3:hr>
            <ns3:cad>85</ns3:cad>
          </ns3:TrackPointExtension>
        </extensions>
      </trkpt>
      <trkpt lat="35.75839695520699024200439453125" lon="139.538637287914752960205078125">
        <ele>51.799999237060546875</ele>
        <time>2026-09-07T22:42:24.000Z</time>
        <extensions>
          <ns3:TrackPointExtension>
            <ns3:hr>139</ns3:hr>
            <ns3:cad>85</ns3:cad>
          </ns3:TrackPointExtension>
        </extensions>
      </trkpt>
      <trkpt lat="35.75840818695724010467529296875" lon="139.5386562310159206390380859375">
        <ele>51.799999237060546875</ele>
        <time>2026-09-07T22:42:25.000Z</time>
        <extensions>
          <ns3:TrackPointExtension>
            <ns3:hr>139</ns3:hr>
            <ns3:cad>85</ns3:cad>
          </ns3:TrackPointExtension>
        </extensions>
      </trkpt>
      <trkpt lat="35.75842461548745632171630859375" lon="139.53868187963962554931640625">
        <ele>51.799999237060546875</ele>
        <time>2026-09-07T22:42:26.000Z</time>
        <extensions>
          <ns3:TrackPointExtension>
            <ns3:hr>140</ns3:hr>
            <ns3:cad>85</ns3:cad>
          </ns3:TrackPointExtension>
        </extensions>
      </trkpt>
      <trkpt lat="35.75843903236091136932373046875" lon="139.53869889490306377410888671875">
        <ele>51.799999237060546875</ele>
        <time>2026-09-07T22:42:27.000Z</time>
        <extensions>
          <ns3:TrackPointExtension>
            <ns3:hr>141</ns3:hr>
            <ns3:cad>85</ns3:cad>
          </ns3:TrackPointExtension>
        </extensions>
      </trkpt>
      <trkpt lat="35.75844875536859035491943359375" lon="139.538712389767169952392578125">
        <ele>51.799999237060546875</ele>
        <time>2026-09-07T22:42:28.000Z</time>
        <extensions>
          <ns3:TrackPointExtension>
            <ns3:hr>142</ns3:hr>
            <ns3:cad>85</ns3:cad>
          </ns3:TrackPointExtension>
        </extensions>
      </trkpt>
      <trkpt lat="35.75846401043236255645751953125" lon="139.5387375354766845703125">
        <ele>51.799999237060546875</ele>
        <time>2026-09-07T22:42:29.000Z</time>
        <extensions>
          <ns3:TrackPointExtension>
            <ns3:hr>144</ns3:hr>
            <ns3:cad>85</ns3:cad>
          </ns3:TrackPointExtension>
        </extensions>
      </trkpt>
      <trkpt lat="35.7584743201732635498046875" lon="139.53875505365431308746337890625">
        <ele>51.799999237060546875</ele>
        <time>2026-09-07T22:42:30.000Z</time>
        <extensions>
          <ns3:TrackPointExtension>
            <ns3:hr>144</ns3:hr>
            <ns3:cad>86</ns3:cad>
          </ns3:TrackPointExtension>
        </extensions>
      </trkpt>
      <trkpt lat="35.75849167071282863616943359375" lon="139.53878405503928661346435546875">
        <ele>51.799999237060546875</ele>
        <time>2026-09-07T22:42:31.000Z</time>
        <extensions>
          <ns3:TrackPointExtension>
            <ns3:hr>145</ns3:hr>
            <ns3:cad>86</ns3:cad>
          </ns3:TrackPointExtension>
        </extensions>
      </trkpt>
      <trkpt lat="35.75850717723369598388671875" lon="139.5388034172356128692626953125">
        <ele>51.799999237060546875</ele>
        <time>2026-09-07T22:42:32.000Z</time>
        <extensions>
          <ns3:TrackPointExtension>
            <ns3:hr>145</ns3:hr>
            <ns3:cad>86</ns3:cad>
          </ns3:TrackPointExtension>
        </extensions>
      </trkpt>
      <trkpt lat="35.75851731933653354644775390625" lon="139.5388193428516387939453125">
        <ele>51.799999237060546875</ele>
        <time>2026-09-07T22:42:33.000Z</time>
        <extensions>
          <ns3:TrackPointExtension>
            <ns3:hr>145</ns3:hr>
            <ns3:cad>86</ns3:cad>
          </ns3:TrackPointExtension>
        </extensions>
      </trkpt>
      <trkpt lat="35.7585284672677516937255859375" lon="139.5388406328856945037841796875">
        <ele>51.799999237060546875</ele>
        <time>2026-09-07T22:42:34.000Z</time>
        <extensions>
          <ns3:TrackPointExtension>
            <ns3:hr>145</ns3:hr>
            <ns3:cad>86</ns3:cad>
          </ns3:TrackPointExtension>
        </extensions>
      </trkpt>
      <trkpt lat="35.75853961519896984100341796875" lon="139.53886033035814762115478515625">
        <ele>51.799999237060546875</ele>
        <time>2026-09-07T22:42:35.000Z</time>
        <extensions>
          <ns3:TrackPointExtension>
            <ns3:hr>145</ns3:hr>
            <ns3:cad>86</ns3:cad>
          </ns3:TrackPointExtension>
        </extensions>
      </trkpt>
      <trkpt lat="35.7585539482533931732177734375" lon="139.538885056972503662109375">
        <ele>51.799999237060546875</ele>
        <time>2026-09-07T22:42:36.000Z</time>
        <extensions>
          <ns3:TrackPointExtension>
            <ns3:hr>145</ns3:hr>
            <ns3:cad>86</ns3:cad>
          </ns3:TrackPointExtension>
        </extensions>
      </trkpt>
      <trkpt lat="35.7585633359849452972412109375" lon="139.538902826607227325439453125">
        <ele>51.799999237060546875</ele>
        <time>2026-09-07T22:42:37.000Z</time>
        <extensions>
          <ns3:TrackPointExtension>
            <ns3:hr>145</ns3:hr>
            <ns3:cad>86</ns3:cad>
          </ns3:TrackPointExtension>
        </extensions>
      </trkpt>
      <trkpt lat="35.75858001597225666046142578125" lon="139.538928307592868804931640625">
        <ele>51.799999237060546875</ele>
        <time>2026-09-07T22:42:38.000Z</time>
        <extensions>
          <ns3:TrackPointExtension>
            <ns3:hr>145</ns3:hr>
            <ns3:cad>86</ns3:cad>
          </ns3:TrackPointExtension>
        </extensions>
      </trkpt>
      <trkpt lat="35.75859166681766510009765625" lon="139.538944065570831298828125">
        <ele>51.799999237060546875</ele>
        <time>2026-09-07T22:42:39.000Z</time>
        <extensions>
          <ns3:TrackPointExtension>
            <ns3:hr>145</ns3:hr>
            <ns3:cad>86</ns3:cad>
          </ns3:TrackPointExtension>
        </extensions>
      </trkpt>
      <trkpt lat="35.7586059160530567169189453125" lon="139.538960158824920654296875">
        <ele>51.799999237060546875</ele>
        <time>2026-09-07T22:42:40.000Z</time>
        <extensions>
          <ns3:TrackPointExtension>
            <ns3:hr>145</ns3:hr>
            <ns3:cad>86</ns3:cad>
          </ns3:TrackPointExtension>
        </extensions>
      </trkpt>
      <trkpt lat="35.758621506392955780029296875" lon="139.53897817991673946380615234375">
        <ele>51.799999237060546875</ele>
        <time>2026-09-07T22:42:41.000Z</time>
        <extensions>
          <ns3:TrackPointExtension>
            <ns3:hr>145</ns3:hr>
            <ns3:cad>86</ns3:cad>
          </ns3:TrackPointExtension>
        </extensions>
      </trkpt>
      <trkpt lat="35.75863994657993316650390625" lon="139.53899812884628772735595703125">
        <ele>51.799999237060546875</ele>
        <time>2026-09-07T22:42:42.000Z</time>
        <extensions>
          <ns3:TrackPointExtension>
            <ns3:hr>145</ns3:hr>
            <ns3:cad>86</ns3:cad>
          </ns3:TrackPointExtension>
        </extensions>
      </trkpt>
      <trkpt lat="35.7586531899869441986083984375" lon="139.53901288099586963653564453125">
        <ele>51.799999237060546875</ele>
        <time>2026-09-07T22:42:43.000Z</time>
        <extensions>
          <ns3:TrackPointExtension>
            <ns3:hr>145</ns3:hr>
            <ns3:cad>86</ns3:cad>
          </ns3:TrackPointExtension>
        </extensions>
      </trkpt>
      <trkpt lat="35.7586699537932872772216796875" lon="139.5390344224870204925537109375">
        <ele>52</ele>
        <time>2026-09-07T22:42:44.000Z</time>
        <extensions>
          <ns3:TrackPointExtension>
            <ns3:hr>145</ns3:hr>
            <ns3:cad>87</ns3:cad>
          </ns3:TrackPointExtension>
        </extensions>
      </trkpt>
      <trkpt lat="35.758683867752552032470703125" lon="139.5390526950359344482421875">
        <ele>52.200000762939453125</ele>
        <time>2026-09-07T22:42:45.000Z</time>
        <extensions>
          <ns3:TrackPointExtension>
            <ns3:hr>145</ns3:hr>
            <ns3:cad>87</ns3:cad>
          </ns3:TrackPointExtension>
        </extensions>
      </trkpt>
      <trkpt lat="35.75869451276957988739013671875" lon="139.53906677663326263427734375">
        <ele>52.200000762939453125</ele>
        <time>2026-09-07T22:42:46.000Z</time>
        <extensions>
          <ns3:TrackPointExtension>
            <ns3:hr>145</ns3:hr>
            <ns3:cad>85</ns3:cad>
          </ns3:TrackPointExtension>
        </extensions>
      </trkpt>
      <trkpt lat="35.75870775617659091949462890625" lon="139.53908882103860378265380859375">
        <ele>52.200000762939453125</ele>
        <time>2026-09-07T22:42:47.000Z</time>
        <extensions>
          <ns3:TrackPointExtension>
            <ns3:hr>145</ns3:hr>
            <ns3:cad>85</ns3:cad>
          </ns3:TrackPointExtension>
        </extensions>
      </trkpt>
      <trkpt lat="35.758716724812984466552734375" lon="139.53910323791205883026123046875">
        <ele>52.200000762939453125</ele>
        <time>2026-09-07T22:42:48.000Z</time>
        <extensions>
          <ns3:TrackPointExtension>
            <ns3:hr>145</ns3:hr>
            <ns3:cad>84</ns3:cad>
          </ns3:TrackPointExtension>
        </extensions>
      </trkpt>
      <trkpt lat="35.7587291300296783447265625" lon="139.53912083990871906280517578125">
        <ele>52.40000152587890625</ele>
        <time>2026-09-07T22:42:49.000Z</time>
        <extensions>
          <ns3:TrackPointExtension>
            <ns3:hr>144</ns3:hr>
            <ns3:cad>84</ns3:cad>
          </ns3:TrackPointExtension>
        </extensions>
      </trkpt>
      <trkpt lat="35.7587479054927825927734375" lon="139.5391390286386013031005859375">
        <ele>52.40000152587890625</ele>
        <time>2026-09-07T22:42:50.000Z</time>
        <extensions>
          <ns3:TrackPointExtension>
            <ns3:hr>144</ns3:hr>
            <ns3:cad>84</ns3:cad>
          </ns3:TrackPointExtension>
        </extensions>
      </trkpt>
      <trkpt lat="35.75876609422266483306884765625" lon="139.5391514338552951812744140625">
        <ele>52.40000152587890625</ele>
        <time>2026-09-07T22:42:51.000Z</time>
        <extensions>
          <ns3:TrackPointExtension>
            <ns3:hr>144</ns3:hr>
            <ns3:cad>84</ns3:cad>
          </ns3:TrackPointExtension>
        </extensions>
      </trkpt>
      <trkpt lat="35.75877984054386615753173828125" lon="139.539160318672657012939453125">
        <ele>52.40000152587890625</ele>
        <time>2026-09-07T22:42:52.000Z</time>
        <extensions>
          <ns3:TrackPointExtension>
            <ns3:hr>144</ns3:hr>
            <ns3:cad>84</ns3:cad>
          </ns3:TrackPointExtension>
        </extensions>
      </trkpt>
      <trkpt lat="35.7587926648557186126708984375" lon="139.53917264007031917572021484375">
        <ele>52.40000152587890625</ele>
        <time>2026-09-07T22:42:53.000Z</time>
        <extensions>
          <ns3:TrackPointExtension>
            <ns3:hr>145</ns3:hr>
            <ns3:cad>84</ns3:cad>
          </ns3:TrackPointExtension>
        </extensions>
      </trkpt>
      <trkpt lat="35.75880046002566814422607421875" lon="139.53918253071606159210205078125">
        <ele>52.40000152587890625</ele>
        <time>2026-09-07T22:42:54.000Z</time>
        <extensions>
          <ns3:TrackPointExtension>
            <ns3:hr>145</ns3:hr>
            <ns3:cad>83</ns3:cad>
          </ns3:TrackPointExtension>
        </extensions>
      </trkpt>
      <trkpt lat="35.7588141225278377532958984375" lon="139.5391973666846752166748046875">
        <ele>52.200000762939453125</ele>
        <time>2026-09-07T22:42:55.000Z</time>
        <extensions>
          <ns3:TrackPointExtension>
            <ns3:hr>145</ns3:hr>
            <ns3:cad>83</ns3:cad>
          </ns3:TrackPointExtension>
        </extensions>
      </trkpt>
      <trkpt lat="35.75883080251514911651611328125" lon="139.5392181538045406341552734375">
        <ele>52.200000762939453125</ele>
        <time>2026-09-07T22:42:56.000Z</time>
        <extensions>
          <ns3:TrackPointExtension>
            <ns3:hr>145</ns3:hr>
            <ns3:cad>82</ns3:cad>
          </ns3:TrackPointExtension>
        </extensions>
      </trkpt>
      <trkpt lat="35.75883650220930576324462890625" lon="139.53923164866864681243896484375">
        <ele>52</ele>
        <time>2026-09-07T22:42:57.000Z</time>
        <extensions>
          <ns3:TrackPointExtension>
            <ns3:hr>144</ns3:hr>
            <ns3:cad>82</ns3:cad>
          </ns3:TrackPointExtension>
        </extensions>
      </trkpt>
      <trkpt lat="35.7588449679315090179443359375" lon="139.53924858011305332183837890625">
        <ele>51.799999237060546875</ele>
        <time>2026-09-07T22:42:58.000Z</time>
        <extensions>
          <ns3:TrackPointExtension>
            <ns3:hr>145</ns3:hr>
            <ns3:cad>82</ns3:cad>
          </ns3:TrackPointExtension>
        </extensions>
      </trkpt>
      <trkpt lat="35.75886189937591552734375" lon="139.5392691157758235931396484375">
        <ele>51.799999237060546875</ele>
        <time>2026-09-07T22:42:59.000Z</time>
        <extensions>
          <ns3:TrackPointExtension>
            <ns3:hr>145</ns3:hr>
            <ns3:cad>82</ns3:cad>
          </ns3:TrackPointExtension>
        </extensions>
      </trkpt>
      <trkpt lat="35.75887438841164112091064453125" lon="139.53928780741989612579345703125">
        <ele>51.59999847412109375</ele>
        <time>2026-09-07T22:43:00.000Z</time>
        <extensions>
          <ns3:TrackPointExtension>
            <ns3:hr>145</ns3:hr>
            <ns3:cad>82</ns3:cad>
          </ns3:TrackPointExtension>
        </extensions>
      </trkpt>
      <trkpt lat="35.75888595543801784515380859375" lon="139.5393026433885097503662109375">
        <ele>51.59999847412109375</ele>
        <time>2026-09-07T22:43:01.000Z</time>
        <extensions>
          <ns3:TrackPointExtension>
            <ns3:hr>145</ns3:hr>
            <ns3:cad>82</ns3:cad>
          </ns3:TrackPointExtension>
        </extensions>
      </trkpt>
      <trkpt lat="35.75890674255788326263427734375" lon="139.53932317905128002166748046875">
        <ele>51.59999847412109375</ele>
        <time>2026-09-07T22:43:02.000Z</time>
        <extensions>
          <ns3:TrackPointExtension>
            <ns3:hr>145</ns3:hr>
            <ns3:cad>84</ns3:cad>
          </ns3:TrackPointExtension>
        </extensions>
      </trkpt>
      <trkpt lat="35.7589197345077991485595703125" lon="139.53934329561889171600341796875">
        <ele>51.59999847412109375</ele>
        <time>2026-09-07T22:43:03.000Z</time>
        <extensions>
          <ns3:TrackPointExtension>
            <ns3:hr>145</ns3:hr>
            <ns3:cad>84</ns3:cad>
          </ns3:TrackPointExtension>
        </extensions>
      </trkpt>
      <trkpt lat="35.7589307986199855804443359375" lon="139.5393599756062030792236328125">
        <ele>51.59999847412109375</ele>
        <time>2026-09-07T22:43:04.000Z</time>
        <extensions>
          <ns3:TrackPointExtension>
            <ns3:hr>145</ns3:hr>
            <ns3:cad>84</ns3:cad>
          </ns3:TrackPointExtension>
        </extensions>
      </trkpt>
      <trkpt lat="35.7589410245418548583984375" lon="139.5393747277557849884033203125">
        <ele>51.59999847412109375</ele>
        <time>2026-09-07T22:43:05.000Z</time>
        <extensions>
          <ns3:TrackPointExtension>
            <ns3:hr>145</ns3:hr>
            <ns3:cad>85</ns3:cad>
          </ns3:TrackPointExtension>
        </extensions>
      </trkpt>
      <trkpt lat="35.75894781388342380523681640625" lon="139.53939124010503292083740234375">
        <ele>51.59999847412109375</ele>
        <time>2026-09-07T22:43:06.000Z</time>
        <extensions>
          <ns3:TrackPointExtension>
            <ns3:hr>145</ns3:hr>
            <ns3:cad>85</ns3:cad>
          </ns3:TrackPointExtension>
        </extensions>
      </trkpt>
      <trkpt lat="35.7589606381952762603759765625" lon="139.53941009938716888427734375">
        <ele>51.59999847412109375</ele>
        <time>2026-09-07T22:43:07.000Z</time>
        <extensions>
          <ns3:TrackPointExtension>
            <ns3:hr>145</ns3:hr>
            <ns3:cad>84</ns3:cad>
          </ns3:TrackPointExtension>
        </extensions>
      </trkpt>
      <trkpt lat="35.758974552154541015625" lon="139.53942996449768543243408203125">
        <ele>51.59999847412109375</ele>
        <time>2026-09-07T22:43:08.000Z</time>
        <extensions>
          <ns3:TrackPointExtension>
            <ns3:hr>145</ns3:hr>
            <ns3:cad>84</ns3:cad>
          </ns3:TrackPointExtension>
        </extensions>
      </trkpt>
      <trkpt lat="35.7589854486286640167236328125" lon="139.53944672830402851104736328125">
        <ele>51.59999847412109375</ele>
        <time>2026-09-07T22:43:09.000Z</time>
        <extensions>
          <ns3:TrackPointExtension>
            <ns3:hr>144</ns3:hr>
            <ns3:cad>84</ns3:cad>
          </ns3:TrackPointExtension>
        </extensions>
      </trkpt>
      <trkpt lat="35.758995674550533294677734375" lon="139.5394655875861644744873046875">
        <ele>51.59999847412109375</ele>
        <time>2026-09-07T22:43:10.000Z</time>
        <extensions>
          <ns3:TrackPointExtension>
            <ns3:hr>144</ns3:hr>
            <ns3:cad>84</ns3:cad>
          </ns3:TrackPointExtension>
        </extensions>
      </trkpt>
      <trkpt lat="35.75900531373918056488037109375" lon="139.539481513202190399169921875">
        <ele>51.59999847412109375</ele>
        <time>2026-09-07T22:43:11.000Z</time>
        <extensions>
          <ns3:TrackPointExtension>
            <ns3:hr>144</ns3:hr>
            <ns3:cad>84</ns3:cad>
          </ns3:TrackPointExtension>
        </extensions>
      </trkpt>
      <trkpt lat="35.7590129412710666656494140625" lon="139.53949081711471080780029296875">
        <ele>51.59999847412109375</ele>
        <time>2026-09-07T22:43:12.000Z</time>
        <extensions>
          <ns3:TrackPointExtension>
            <ns3:hr>144</ns3:hr>
            <ns3:cad>85</ns3:cad>
          </ns3:TrackPointExtension>
        </extensions>
      </trkpt>
      <trkpt lat="35.7590229995548725128173828125" lon="139.53950355760753154754638671875">
        <ele>51.59999847412109375</ele>
        <time>2026-09-07T22:43:13.000Z</time>
        <extensions>
          <ns3:TrackPointExtension>
            <ns3:hr>144</ns3:hr>
            <ns3:cad>85</ns3:cad>
          </ns3:TrackPointExtension>
        </extensions>
      </trkpt>
      <trkpt lat="35.75903481803834438323974609375" lon="139.5395205728709697723388671875">
        <ele>51.59999847412109375</ele>
        <time>2026-09-07T22:43:14.000Z</time>
        <extensions>
          <ns3:TrackPointExtension>
            <ns3:hr>144</ns3:hr>
            <ns3:cad>86</ns3:cad>
          </ns3:TrackPointExtension>
        </extensions>
      </trkpt>
      <trkpt lat="35.759046971797943115234375" lon="139.53953213989734649658203125">
        <ele>51.59999847412109375</ele>
        <time>2026-09-07T22:43:15.000Z</time>
        <extensions>
          <ns3:TrackPointExtension>
            <ns3:hr>144</ns3:hr>
            <ns3:cad>86</ns3:cad>
          </ns3:TrackPointExtension>
        </extensions>
      </trkpt>
      <trkpt lat="35.75905627571046352386474609375" lon="139.539541862905025482177734375">
        <ele>51.40000152587890625</ele>
        <time>2026-09-07T22:43:16.000Z</time>
        <extensions>
          <ns3:TrackPointExtension>
            <ns3:hr>143</ns3:hr>
            <ns3:cad>85</ns3:cad>
          </ns3:TrackPointExtension>
        </extensions>
      </trkpt>
      <trkpt lat="35.7590722851455211639404296875" lon="139.53956055454909801483154296875">
        <ele>51.40000152587890625</ele>
        <time>2026-09-07T22:43:17.000Z</time>
        <extensions>
          <ns3:TrackPointExtension>
            <ns3:hr>143</ns3:hr>
            <ns3:cad>84</ns3:cad>
          </ns3:TrackPointExtension>
        </extensions>
      </trkpt>
      <trkpt lat="35.7590870372951030731201171875" lon="139.53957446850836277008056640625">
        <ele>51.40000152587890625</ele>
        <time>2026-09-07T22:43:18.000Z</time>
        <extensions>
          <ns3:TrackPointExtension>
            <ns3:hr>143</ns3:hr>
            <ns3:cad>84</ns3:cad>
          </ns3:TrackPointExtension>
        </extensions>
      </trkpt>
      <trkpt lat="35.759101621806621551513671875" lon="139.53958720900118350982666015625">
        <ele>51.40000152587890625</ele>
        <time>2026-09-07T22:43:19.000Z</time>
        <extensions>
          <ns3:TrackPointExtension>
            <ns3:hr>143</ns3:hr>
            <ns3:cad>83</ns3:cad>
          </ns3:TrackPointExtension>
        </extensions>
      </trkpt>
      <trkpt lat="35.7591165415942668914794921875" lon="139.53960346989333629608154296875">
        <ele>51.40000152587890625</ele>
        <time>2026-09-07T22:43:20.000Z</time>
        <extensions>
          <ns3:TrackPointExtension>
            <ns3:hr>143</ns3:hr>
            <ns3:cad>83</ns3:cad>
          </ns3:TrackPointExtension>
        </extensions>
      </trkpt>
      <trkpt lat="35.75913053937256336212158203125" lon="139.53961738385260105133056640625">
        <ele>51.40000152587890625</ele>
        <time>2026-09-07T22:43:21.000Z</time>
        <extensions>
          <ns3:TrackPointExtension>
            <ns3:hr>143</ns3:hr>
            <ns3:cad>83</ns3:cad>
          </ns3:TrackPointExtension>
        </extensions>
      </trkpt>
      <trkpt lat="35.75915358960628509521484375" lon="139.53964152373373508453369140625">
        <ele>51.200000762939453125</ele>
        <time>2026-09-07T22:43:22.000Z</time>
        <extensions>
          <ns3:TrackPointExtension>
            <ns3:hr>142</ns3:hr>
            <ns3:cad>84</ns3:cad>
          </ns3:TrackPointExtension>
        </extensions>
      </trkpt>
      <trkpt lat="35.7591698504984378814697265625" lon="139.53966264612972736358642578125">
        <ele>51.200000762939453125</ele>
        <time>2026-09-07T22:43:23.000Z</time>
        <extensions>
          <ns3:TrackPointExtension>
            <ns3:hr>142</ns3:hr>
            <ns3:cad>84</ns3:cad>
          </ns3:TrackPointExtension>
        </extensions>
      </trkpt>
      <trkpt lat="35.7591852732002735137939453125" lon="139.5396878756582736968994140625">
        <ele>51.200000762939453125</ele>
        <time>2026-09-07T22:43:24.000Z</time>
        <extensions>
          <ns3:TrackPointExtension>
            <ns3:hr>142</ns3:hr>
            <ns3:cad>86</ns3:cad>
          </ns3:TrackPointExtension>
        </extensions>
      </trkpt>
      <trkpt lat="35.7592017017304897308349609375" lon="139.5397113449871540069580078125">
        <ele>51.200000762939453125</ele>
        <time>2026-09-07T22:43:25.000Z</time>
        <extensions>
          <ns3:TrackPointExtension>
            <ns3:hr>142</ns3:hr>
            <ns3:cad>86</ns3:cad>
          </ns3:TrackPointExtension>
        </extensions>
      </trkpt>
      <trkpt lat="35.7592161186039447784423828125" lon="139.5397311262786388397216796875">
        <ele>51.200000762939453125</ele>
        <time>2026-09-07T22:43:26.000Z</time>
        <extensions>
          <ns3:TrackPointExtension>
            <ns3:hr>141</ns3:hr>
            <ns3:cad>86</ns3:cad>
          </ns3:TrackPointExtension>
        </extensions>
      </trkpt>
      <trkpt lat="35.75922810472548007965087890625" lon="139.53974931500852108001708984375">
        <ele>51.200000762939453125</ele>
        <time>2026-09-07T22:43:27.000Z</time>
        <extensions>
          <ns3:TrackPointExtension>
            <ns3:hr>142</ns3:hr>
            <ns3:cad>86</ns3:cad>
          </ns3:TrackPointExtension>
        </extensions>
      </trkpt>
      <trkpt lat="35.75924067758023738861083984375" lon="139.53976809047162532806396484375">
        <ele>51.200000762939453125</ele>
        <time>2026-09-07T22:43:28.000Z</time>
        <extensions>
          <ns3:TrackPointExtension>
            <ns3:hr>142</ns3:hr>
            <ns3:cad>86</ns3:cad>
          </ns3:TrackPointExtension>
        </extensions>
      </trkpt>
      <trkpt lat="35.75925542972981929779052734375" lon="139.53978736884891986846923828125">
        <ele>51.40000152587890625</ele>
        <time>2026-09-07T22:43:29.000Z</time>
        <extensions>
          <ns3:TrackPointExtension>
            <ns3:hr>142</ns3:hr>
            <ns3:cad>86</ns3:cad>
          </ns3:TrackPointExtension>
        </extensions>
      </trkpt>
      <trkpt lat="35.7592677511274814605712890625" lon="139.53979969024658203125">
        <ele>51.40000152587890625</ele>
        <time>2026-09-07T22:43:30.000Z</time>
        <extensions>
          <ns3:TrackPointExtension>
            <ns3:hr>142</ns3:hr>
            <ns3:cad>86</ns3:cad>
          </ns3:TrackPointExtension>
        </extensions>
      </trkpt>
      <trkpt lat="35.75928325764834880828857421875" lon="139.53982408158481121063232421875">
        <ele>51.40000152587890625</ele>
        <time>2026-09-07T22:43:31.000Z</time>
        <extensions>
          <ns3:TrackPointExtension>
            <ns3:hr>142</ns3:hr>
            <ns3:cad>86</ns3:cad>
          </ns3:TrackPointExtension>
        </extensions>
      </trkpt>
      <trkpt lat="35.75929935090243816375732421875" lon="139.53983791172504425048828125">
        <ele>51.200000762939453125</ele>
        <time>2026-09-07T22:43:32.000Z</time>
        <extensions>
          <ns3:TrackPointExtension>
            <ns3:hr>142</ns3:hr>
            <ns3:cad>86</ns3:cad>
          </ns3:TrackPointExtension>
        </extensions>
      </trkpt>
      <trkpt lat="35.75931309722363948822021484375" lon="139.5398551784455776214599609375">
        <ele>51.200000762939453125</ele>
        <time>2026-09-07T22:43:33.000Z</time>
        <extensions>
          <ns3:TrackPointExtension>
            <ns3:hr>142</ns3:hr>
            <ns3:cad>86</ns3:cad>
          </ns3:TrackPointExtension>
        </extensions>
      </trkpt>
      <trkpt lat="35.7593301124870777130126953125" lon="139.5398809947073459625244140625">
        <ele>51.200000762939453125</ele>
        <time>2026-09-07T22:43:34.000Z</time>
        <extensions>
          <ns3:TrackPointExtension>
            <ns3:hr>142</ns3:hr>
            <ns3:cad>86</ns3:cad>
          </ns3:TrackPointExtension>
        </extensions>
      </trkpt>
      <trkpt lat="35.75934628956019878387451171875" lon="139.5399029552936553955078125">
        <ele>51.200000762939453125</ele>
        <time>2026-09-07T22:43:35.000Z</time>
        <extensions>
          <ns3:TrackPointExtension>
            <ns3:hr>143</ns3:hr>
            <ns3:cad>86</ns3:cad>
          </ns3:TrackPointExtension>
        </extensions>
      </trkpt>
      <trkpt lat="35.7593609578907489776611328125" lon="139.5399225689470767974853515625">
        <ele>51.200000762939453125</ele>
        <time>2026-09-07T22:43:36.000Z</time>
        <extensions>
          <ns3:TrackPointExtension>
            <ns3:hr>143</ns3:hr>
            <ns3:cad>85</ns3:cad>
          </ns3:TrackPointExtension>
        </extensions>
      </trkpt>
      <trkpt lat="35.7593686692416667938232421875" lon="139.539938829839229583740234375">
        <ele>51.200000762939453125</ele>
        <time>2026-09-07T22:43:37.000Z</time>
        <extensions>
          <ns3:TrackPointExtension>
            <ns3:hr>143</ns3:hr>
            <ns3:cad>85</ns3:cad>
          </ns3:TrackPointExtension>
        </extensions>
      </trkpt>
      <trkpt lat="35.759382583200931549072265625" lon="139.53996255062520503997802734375">
        <ele>51.200000762939453125</ele>
        <time>2026-09-07T22:43:38.000Z</time>
        <extensions>
          <ns3:TrackPointExtension>
            <ns3:hr>144</ns3:hr>
            <ns3:cad>85</ns3:cad>
          </ns3:TrackPointExtension>
        </extensions>
      </trkpt>
      <trkpt lat="35.75939624570310115814208984375" lon="139.53998333774507045745849609375">
        <ele>51.200000762939453125</ele>
        <time>2026-09-07T22:43:39.000Z</time>
        <extensions>
          <ns3:TrackPointExtension>
            <ns3:hr>144</ns3:hr>
            <ns3:cad>86</ns3:cad>
          </ns3:TrackPointExtension>
        </extensions>
      </trkpt>
      <trkpt lat="35.7594089023768901824951171875" lon="139.5400033704936504364013671875">
        <ele>51.200000762939453125</ele>
        <time>2026-09-07T22:43:40.000Z</time>
        <extensions>
          <ns3:TrackPointExtension>
            <ns3:hr>144</ns3:hr>
            <ns3:cad>86</ns3:cad>
          </ns3:TrackPointExtension>
        </extensions>
      </trkpt>
      <trkpt lat="35.75942507945001125335693359375" lon="139.540024660527706146240234375">
        <ele>51</ele>
        <time>2026-09-07T22:43:41.000Z</time>
        <extensions>
          <ns3:TrackPointExtension>
            <ns3:hr>145</ns3:hr>
            <ns3:cad>86</ns3:cad>
          </ns3:TrackPointExtension>
        </extensions>
      </trkpt>
      <trkpt lat="35.75943781994283199310302734375" lon="139.54004754312336444854736328125">
        <ele>51</ele>
        <time>2026-09-07T22:43:42.000Z</time>
        <extensions>
          <ns3:TrackPointExtension>
            <ns3:hr>145</ns3:hr>
            <ns3:cad>86</ns3:cad>
          </ns3:TrackPointExtension>
        </extensions>
      </trkpt>
      <trkpt lat="35.75945056043565273284912109375" lon="139.54007084481418132781982421875">
        <ele>51</ele>
        <time>2026-09-07T22:43:43.000Z</time>
        <extensions>
          <ns3:TrackPointExtension>
            <ns3:hr>146</ns3:hr>
            <ns3:cad>86</ns3:cad>
          </ns3:TrackPointExtension>
        </extensions>
      </trkpt>
      <trkpt lat="35.75946413911879062652587890625" lon="139.54009247012436389923095703125">
        <ele>51</ele>
        <time>2026-09-07T22:43:44.000Z</time>
        <extensions>
          <ns3:TrackPointExtension>
            <ns3:hr>146</ns3:hr>
            <ns3:cad>86</ns3:cad>
          </ns3:TrackPointExtension>
        </extensions>
      </trkpt>
      <trkpt lat="35.7594799809157848358154296875" lon="139.54011895693838596343994140625">
        <ele>51</ele>
        <time>2026-09-07T22:43:45.000Z</time>
        <extensions>
          <ns3:TrackPointExtension>
            <ns3:hr>146</ns3:hr>
            <ns3:cad>86</ns3:cad>
          </ns3:TrackPointExtension>
        </extensions>
      </trkpt>
      <trkpt lat="35.75948777608573436737060546875" lon="139.5401381514966487884521484375">
        <ele>51</ele>
        <time>2026-09-07T22:43:46.000Z</time>
        <extensions>
          <ns3:TrackPointExtension>
            <ns3:hr>146</ns3:hr>
            <ns3:cad>85</ns3:cad>
          </ns3:TrackPointExtension>
        </extensions>
      </trkpt>
      <trkpt lat="35.7595042884349822998046875" lon="139.5401666499674320220947265625">
        <ele>50.799999237060546875</ele>
        <time>2026-09-07T22:43:47.000Z</time>
        <extensions>
          <ns3:TrackPointExtension>
            <ns3:hr>146</ns3:hr>
            <ns3:cad>85</ns3:cad>
          </ns3:TrackPointExtension>
        </extensions>
      </trkpt>
      <trkpt lat="35.75952013023197650909423828125" lon="139.54018970020115375518798828125">
        <ele>50.799999237060546875</ele>
        <time>2026-09-07T22:43:48.000Z</time>
        <extensions>
          <ns3:TrackPointExtension>
            <ns3:hr>146</ns3:hr>
            <ns3:cad>86</ns3:cad>
          </ns3:TrackPointExtension>
        </extensions>
      </trkpt>
      <trkpt lat="35.75953178107738494873046875" lon="139.5402055419981479644775390625">
        <ele>50.59999847412109375</ele>
        <time>2026-09-07T22:43:49.000Z</time>
        <extensions>
          <ns3:TrackPointExtension>
            <ns3:hr>146</ns3:hr>
            <ns3:cad>86</ns3:cad>
          </ns3:TrackPointExtension>
        </extensions>
      </trkpt>
      <trkpt lat="35.7595490477979183197021484375" lon="139.5402256585657596588134765625">
        <ele>50.59999847412109375</ele>
        <time>2026-09-07T22:43:50.000Z</time>
        <extensions>
          <ns3:TrackPointExtension>
            <ns3:hr>146</ns3:hr>
            <ns3:cad>86</ns3:cad>
          </ns3:TrackPointExtension>
        </extensions>
      </trkpt>
      <trkpt lat="35.7595701701939105987548828125" lon="139.54024837352335453033447265625">
        <ele>50.59999847412109375</ele>
        <time>2026-09-07T22:43:51.000Z</time>
        <extensions>
          <ns3:TrackPointExtension>
            <ns3:hr>147</ns3:hr>
            <ns3:cad>86</ns3:cad>
          </ns3:TrackPointExtension>
        </extensions>
      </trkpt>
      <trkpt lat="35.75958232395350933074951171875" lon="139.54026211984455585479736328125">
        <ele>50.799999237060546875</ele>
        <time>2026-09-07T22:43:52.000Z</time>
        <extensions>
          <ns3:TrackPointExtension>
            <ns3:hr>146</ns3:hr>
            <ns3:cad>86</ns3:cad>
          </ns3:TrackPointExtension>
        </extensions>
      </trkpt>
      <trkpt lat="35.75959506444633007049560546875" lon="139.54028173349797725677490234375">
        <ele>50.799999237060546875</ele>
        <time>2026-09-07T22:43:53.000Z</time>
        <extensions>
          <ns3:TrackPointExtension>
            <ns3:hr>146</ns3:hr>
            <ns3:cad>86</ns3:cad>
          </ns3:TrackPointExtension>
        </extensions>
      </trkpt>
      <trkpt lat="35.75960679911077022552490234375" lon="139.54029849730432033538818359375">
        <ele>50.799999237060546875</ele>
        <time>2026-09-07T22:43:54.000Z</time>
        <extensions>
          <ns3:TrackPointExtension>
            <ns3:hr>147</ns3:hr>
            <ns3:cad>86</ns3:cad>
          </ns3:TrackPointExtension>
        </extensions>
      </trkpt>
      <trkpt lat="35.75961886905133724212646484375" lon="139.54031056724488735198974609375">
        <ele>51.200000762939453125</ele>
        <time>2026-09-07T22:43:55.000Z</time>
        <extensions>
          <ns3:TrackPointExtension>
            <ns3:hr>147</ns3:hr>
            <ns3:cad>86</ns3:cad>
          </ns3:TrackPointExtension>
        </extensions>
      </trkpt>
      <trkpt lat="35.75963546521961688995361328125" lon="139.540331102907657623291015625">
        <ele>51.40000152587890625</ele>
        <time>2026-09-07T22:43:56.000Z</time>
        <extensions>
          <ns3:TrackPointExtension>
            <ns3:hr>147</ns3:hr>
            <ns3:cad>85</ns3:cad>
          </ns3:TrackPointExtension>
        </extensions>
      </trkpt>
      <trkpt lat="35.75964518822729587554931640625" lon="139.540349543094635009765625">
        <ele>51.40000152587890625</ele>
        <time>2026-09-07T22:43:57.000Z</time>
        <extensions>
          <ns3:TrackPointExtension>
            <ns3:hr>147</ns3:hr>
            <ns3:cad>83</ns3:cad>
          </ns3:TrackPointExtension>
        </extensions>
      </trkpt>
      <trkpt lat="35.7596519775688648223876953125" lon="139.5403664745390415191650390625">
        <ele>51.59999847412109375</ele>
        <time>2026-09-07T22:43:58.000Z</time>
        <extensions>
          <ns3:TrackPointExtension>
            <ns3:hr>147</ns3:hr>
            <ns3:cad>83</ns3:cad>
          </ns3:TrackPointExtension>
        </extensions>
      </trkpt>
      <trkpt lat="35.7596610300242900848388671875" lon="139.54038508236408233642578125">
        <ele>51.59999847412109375</ele>
        <time>2026-09-07T22:43:59.000Z</time>
        <extensions>
          <ns3:TrackPointExtension>
            <ns3:hr>147</ns3:hr>
            <ns3:cad>82</ns3:cad>
          </ns3:TrackPointExtension>
        </extensions>
      </trkpt>
      <trkpt lat="35.7596704177558422088623046875" lon="139.54040519893169403076171875">
        <ele>51.59999847412109375</ele>
        <time>2026-09-07T22:44:00.000Z</time>
        <extensions>
          <ns3:TrackPointExtension>
            <ns3:hr>147</ns3:hr>
            <ns3:cad>82</ns3:cad>
          </ns3:TrackPointExtension>
        </extensions>
      </trkpt>
      <trkpt lat="35.759685672819614410400390625" lon="139.54042523168027400970458984375">
        <ele>51.799999237060546875</ele>
        <time>2026-09-07T22:44:01.000Z</time>
        <extensions>
          <ns3:TrackPointExtension>
            <ns3:hr>147</ns3:hr>
            <ns3:cad>83</ns3:cad>
          </ns3:TrackPointExtension>
        </extensions>
      </trkpt>
      <trkpt lat="35.7597049511969089508056640625" lon="139.54044618643820285797119140625">
        <ele>51.799999237060546875</ele>
        <time>2026-09-07T22:44:02.000Z</time>
        <extensions>
          <ns3:TrackPointExtension>
            <ns3:hr>147</ns3:hr>
            <ns3:cad>83</ns3:cad>
          </ns3:TrackPointExtension>
        </extensions>
      </trkpt>
      <trkpt lat="35.759719200432300567626953125" lon="139.540461860597133636474609375">
        <ele>51.59999847412109375</ele>
        <time>2026-09-07T22:44:03.000Z</time>
        <extensions>
          <ns3:TrackPointExtension>
            <ns3:hr>147</ns3:hr>
            <ns3:cad>83</ns3:cad>
          </ns3:TrackPointExtension>
        </extensions>
      </trkpt>
      <trkpt lat="35.75972867198288440704345703125" lon="139.5404730923473834991455078125">
        <ele>51.59999847412109375</ele>
        <time>2026-09-07T22:44:04.000Z</time>
        <extensions>
          <ns3:TrackPointExtension>
            <ns3:hr>147</ns3:hr>
            <ns3:cad>83</ns3:cad>
          </ns3:TrackPointExtension>
        </extensions>
      </trkpt>
      <trkpt lat="35.75974359177052974700927734375" lon="139.54049094580113887786865234375">
        <ele>51.40000152587890625</ele>
        <time>2026-09-07T22:44:05.000Z</time>
        <extensions>
          <ns3:TrackPointExtension>
            <ns3:hr>148</ns3:hr>
            <ns3:cad>83</ns3:cad>
          </ns3:TrackPointExtension>
        </extensions>
      </trkpt>
      <trkpt lat="35.75974996201694011688232421875" lon="139.5405039377510547637939453125">
        <ele>51.40000152587890625</ele>
        <time>2026-09-07T22:44:06.000Z</time>
        <extensions>
          <ns3:TrackPointExtension>
            <ns3:hr>148</ns3:hr>
            <ns3:cad>84</ns3:cad>
          </ns3:TrackPointExtension>
        </extensions>
      </trkpt>
      <trkpt lat="35.75976035557687282562255859375" lon="139.54052095301449298858642578125">
        <ele>51.40000152587890625</ele>
        <time>2026-09-07T22:44:07.000Z</time>
        <extensions>
          <ns3:TrackPointExtension>
            <ns3:hr>148</ns3:hr>
            <ns3:cad>84</ns3:cad>
          </ns3:TrackPointExtension>
        </extensions>
      </trkpt>
      <trkpt lat="35.759770832955837249755859375" lon="139.54054224304854869842529296875">
        <ele>51.200000762939453125</ele>
        <time>2026-09-07T22:44:08.000Z</time>
        <extensions>
          <ns3:TrackPointExtension>
            <ns3:hr>149</ns3:hr>
            <ns3:cad>84</ns3:cad>
          </ns3:TrackPointExtension>
        </extensions>
      </trkpt>
      <trkpt lat="35.75978097505867481231689453125" lon="139.5405602641403675079345703125">
        <ele>51</ele>
        <time>2026-09-07T22:44:09.000Z</time>
        <extensions>
          <ns3:TrackPointExtension>
            <ns3:hr>150</ns3:hr>
            <ns3:cad>84</ns3:cad>
          </ns3:TrackPointExtension>
        </extensions>
      </trkpt>
      <trkpt lat="35.7597894407808780670166015625" lon="139.54057543538510799407958984375">
        <ele>50.799999237060546875</ele>
        <time>2026-09-07T22:44:10.000Z</time>
        <extensions>
          <ns3:TrackPointExtension>
            <ns3:hr>150</ns3:hr>
            <ns3:cad>84</ns3:cad>
          </ns3:TrackPointExtension>
        </extensions>
      </trkpt>
      <trkpt lat="35.75980394147336483001708984375" lon="139.54059555195271968841552734375">
        <ele>50.799999237060546875</ele>
        <time>2026-09-07T22:44:11.000Z</time>
        <extensions>
          <ns3:TrackPointExtension>
            <ns3:hr>151</ns3:hr>
            <ns3:cad>84</ns3:cad>
          </ns3:TrackPointExtension>
        </extensions>
      </trkpt>
      <trkpt lat="35.7598127424716949462890625" lon="139.54060913063585758209228515625">
        <ele>50.59999847412109375</ele>
        <time>2026-09-07T22:44:12.000Z</time>
        <extensions>
          <ns3:TrackPointExtension>
            <ns3:hr>150</ns3:hr>
            <ns3:cad>83</ns3:cad>
          </ns3:TrackPointExtension>
        </extensions>
      </trkpt>
      <trkpt lat="35.75982506386935710906982421875" lon="139.54062807373702526092529296875">
        <ele>50.40000152587890625</ele>
        <time>2026-09-07T22:44:13.000Z</time>
        <extensions>
          <ns3:TrackPointExtension>
            <ns3:hr>150</ns3:hr>
            <ns3:cad>83</ns3:cad>
          </ns3:TrackPointExtension>
        </extensions>
      </trkpt>
      <trkpt lat="35.75983109883964061737060546875" lon="139.5406393893063068389892578125">
        <ele>50.200000762939453125</ele>
        <time>2026-09-07T22:44:14.000Z</time>
        <extensions>
          <ns3:TrackPointExtension>
            <ns3:hr>149</ns3:hr>
            <ns3:cad>84</ns3:cad>
          </ns3:TrackPointExtension>
        </extensions>
      </trkpt>
      <trkpt lat="35.75984534807503223419189453125" lon="139.54066009260714054107666015625">
        <ele>50.200000762939453125</ele>
        <time>2026-09-07T22:44:15.000Z</time>
        <extensions>
          <ns3:TrackPointExtension>
            <ns3:hr>148</ns3:hr>
            <ns3:cad>85</ns3:cad>
          </ns3:TrackPointExtension>
        </extensions>
      </trkpt>
      <trkpt lat="35.75985775329172611236572265625" lon="139.54067367129027843475341796875">
        <ele>50.200000762939453125</ele>
        <time>2026-09-07T22:44:16.000Z</time>
        <extensions>
          <ns3:TrackPointExtension>
            <ns3:hr>147</ns3:hr>
            <ns3:cad>85</ns3:cad>
          </ns3:TrackPointExtension>
        </extensions>
      </trkpt>
      <trkpt lat="35.759870074689388275146484375" lon="139.5406937040388584136962890625">
        <ele>50.200000762939453125</ele>
        <time>2026-09-07T22:44:17.000Z</time>
        <extensions>
          <ns3:TrackPointExtension>
            <ns3:hr>146</ns3:hr>
            <ns3:cad>85</ns3:cad>
          </ns3:TrackPointExtension>
        </extensions>
      </trkpt>
      <trkpt lat="35.7598806358873844146728515625" lon="139.540709294378757476806640625">
        <ele>50.200000762939453125</ele>
        <time>2026-09-07T22:44:18.000Z</time>
        <extensions>
          <ns3:TrackPointExtension>
            <ns3:hr>146</ns3:hr>
            <ns3:cad>83</ns3:cad>
          </ns3:TrackPointExtension>
        </extensions>
      </trkpt>
      <trkpt lat="35.7598883472383022308349609375" lon="139.540730416774749755859375">
        <ele>50</ele>
        <time>2026-09-07T22:44:19.000Z</time>
        <extensions>
          <ns3:TrackPointExtension>
            <ns3:hr>145</ns3:hr>
            <ns3:cad>82</ns3:cad>
          </ns3:TrackPointExtension>
        </extensions>
      </trkpt>
      <trkpt lat="35.75989580713212490081787109375" lon="139.5407409779727458953857421875">
        <ele>50</ele>
        <time>2026-09-07T22:44:20.000Z</time>
        <extensions>
          <ns3:TrackPointExtension>
            <ns3:hr>144</ns3:hr>
            <ns3:cad>82</ns3:cad>
          </ns3:TrackPointExtension>
        </extensions>
      </trkpt>
      <trkpt lat="35.759908296167850494384765625" lon="139.54075732268393039703369140625">
        <ele>50</ele>
        <time>2026-09-07T22:44:21.000Z</time>
        <extensions>
          <ns3:TrackPointExtension>
            <ns3:hr>144</ns3:hr>
            <ns3:cad>83</ns3:cad>
          </ns3:TrackPointExtension>
        </extensions>
      </trkpt>
      <trkpt lat="35.7599181868135929107666015625" lon="139.540778696537017822265625">
        <ele>50</ele>
        <time>2026-09-07T22:44:22.000Z</time>
        <extensions>
          <ns3:TrackPointExtension>
            <ns3:hr>144</ns3:hr>
            <ns3:cad>83</ns3:cad>
          </ns3:TrackPointExtension>
        </extensions>
      </trkpt>
      <trkpt lat="35.7599307596683502197265625" lon="139.54079956747591495513916015625">
        <ele>50</ele>
        <time>2026-09-07T22:44:23.000Z</time>
        <extensions>
          <ns3:TrackPointExtension>
            <ns3:hr>144</ns3:hr>
            <ns3:cad>82</ns3:cad>
          </ns3:TrackPointExtension>
        </extensions>
      </trkpt>
      <trkpt lat="35.75994358398020267486572265625" lon="139.54081918112933635711669921875">
        <ele>50</ele>
        <time>2026-09-07T22:44:24.000Z</time>
        <extensions>
          <ns3:TrackPointExtension>
            <ns3:hr>144</ns3:hr>
            <ns3:cad>82</ns3:cad>
          </ns3:TrackPointExtension>
        </extensions>
      </trkpt>
      <trkpt lat="35.7599527202546596527099609375" lon="139.5408418960869312286376953125">
        <ele>50</ele>
        <time>2026-09-07T22:44:25.000Z</time>
        <extensions>
          <ns3:TrackPointExtension>
            <ns3:hr>144</ns3:hr>
            <ns3:cad>82</ns3:cad>
          </ns3:TrackPointExtension>
        </extensions>
      </trkpt>
      <trkpt lat="35.75995297171175479888916015625" lon="139.54085648059844970703125">
        <ele>50</ele>
        <time>2026-09-07T22:44:26.000Z</time>
        <extensions>
          <ns3:TrackPointExtension>
            <ns3:hr>144</ns3:hr>
            <ns3:cad>82</ns3:cad>
          </ns3:TrackPointExtension>
        </extensions>
      </trkpt>
      <trkpt lat="35.759949870407581329345703125" lon="139.54085773788392543792724609375">
        <ele>50</ele>
        <time>2026-09-07T22:44:27.000Z</time>
        <extensions>
          <ns3:TrackPointExtension>
            <ns3:hr>144</ns3:hr>
            <ns3:cad>82</ns3:cad>
          </ns3:TrackPointExtension>
        </extensions>
      </trkpt>
      <trkpt lat="35.7599460147321224212646484375" lon="139.5408452488481998443603515625">
        <ele>50</ele>
        <time>2026-09-07T22:44:28.000Z</time>
        <extensions>
          <ns3:TrackPointExtension>
            <ns3:hr>143</ns3:hr>
            <ns3:cad>82</ns3:cad>
          </ns3:TrackPointExtension>
        </extensions>
      </trkpt>
      <trkpt lat="35.75994073413312435150146484375" lon="139.54083208926022052764892578125">
        <ele>50.200000762939453125</ele>
        <time>2026-09-07T22:44:29.000Z</time>
        <extensions>
          <ns3:TrackPointExtension>
            <ns3:hr>143</ns3:hr>
            <ns3:cad>82</ns3:cad>
          </ns3:TrackPointExtension>
        </extensions>
      </trkpt>
      <trkpt lat="35.75993771664798259735107421875" lon="139.540815241634845733642578125">
        <ele>50.200000762939453125</ele>
        <time>2026-09-07T22:44:30.000Z</time>
        <extensions>
          <ns3:TrackPointExtension>
            <ns3:hr>143</ns3:hr>
            <ns3:cad>82</ns3:cad>
          </ns3:TrackPointExtension>
        </extensions>
      </trkpt>
      <trkpt lat="35.75992296449840068817138671875" lon="139.54079571180045604705810546875">
        <ele>50.200000762939453125</ele>
        <time>2026-09-07T22:44:31.000Z</time>
        <extensions>
          <ns3:TrackPointExtension>
            <ns3:hr>143</ns3:hr>
            <ns3:cad>82</ns3:cad>
          </ns3:TrackPointExtension>
        </extensions>
      </trkpt>
      <trkpt lat="35.7599108107388019561767578125" lon="139.54077391885221004486083984375">
        <ele>50.200000762939453125</ele>
        <time>2026-09-07T22:44:32.000Z</time>
        <extensions>
          <ns3:TrackPointExtension>
            <ns3:hr>143</ns3:hr>
            <ns3:cad>81</ns3:cad>
          </ns3:TrackPointExtension>
        </extensions>
      </trkpt>
      <trkpt lat="35.759894885122776031494140625" lon="139.54075480811297893524169921875">
        <ele>50.200000762939453125</ele>
        <time>2026-09-07T22:44:33.000Z</time>
        <extensions>
          <ns3:TrackPointExtension>
            <ns3:hr>143</ns3:hr>
            <ns3:cad>81</ns3:cad>
          </ns3:TrackPointExtension>
        </extensions>
      </trkpt>
      <trkpt lat="35.7598846592009067535400390625" lon="139.54073050059378147125244140625">
        <ele>50.200000762939453125</ele>
        <time>2026-09-07T22:44:34.000Z</time>
        <extensions>
          <ns3:TrackPointExtension>
            <ns3:hr>143</ns3:hr>
            <ns3:cad>81</ns3:cad>
          </ns3:TrackPointExtension>
        </extensions>
      </trkpt>
      <trkpt lat="35.7598695717751979827880859375" lon="139.54070426523685455322265625">
        <ele>50.200000762939453125</ele>
        <time>2026-09-07T22:44:35.000Z</time>
        <extensions>
          <ns3:TrackPointExtension>
            <ns3:hr>143</ns3:hr>
            <ns3:cad>81</ns3:cad>
          </ns3:TrackPointExtension>
        </extensions>
      </trkpt>
      <trkpt lat="35.7598528079688549041748046875" lon="139.54068087972700595855712890625">
        <ele>50.200000762939453125</ele>
        <time>2026-09-07T22:44:36.000Z</time>
        <extensions>
          <ns3:TrackPointExtension>
            <ns3:hr>143</ns3:hr>
            <ns3:cad>82</ns3:cad>
          </ns3:TrackPointExtension>
        </extensions>
      </trkpt>
      <trkpt lat="35.759839899837970733642578125" lon="139.54066026024520397186279296875">
        <ele>50</ele>
        <time>2026-09-07T22:44:37.000Z</time>
        <extensions>
          <ns3:TrackPointExtension>
            <ns3:hr>143</ns3:hr>
            <ns3:cad>83</ns3:cad>
          </ns3:TrackPointExtension>
        </extensions>
      </trkpt>
      <trkpt lat="35.75982204638421535491943359375" lon="139.54063964076340198516845703125">
        <ele>50</ele>
        <time>2026-09-07T22:44:38.000Z</time>
        <extensions>
          <ns3:TrackPointExtension>
            <ns3:hr>143</ns3:hr>
            <ns3:cad>84</ns3:cad>
          </ns3:TrackPointExtension>
        </extensions>
      </trkpt>
      <trkpt lat="35.75980427674949169158935546875" lon="139.54061499796807765960693359375">
        <ele>50</ele>
        <time>2026-09-07T22:44:39.000Z</time>
        <extensions>
          <ns3:TrackPointExtension>
            <ns3:hr>143</ns3:hr>
            <ns3:cad>84</ns3:cad>
          </ns3:TrackPointExtension>
        </extensions>
      </trkpt>
      <trkpt lat="35.75978566892445087432861328125" lon="139.540595971047878265380859375">
        <ele>50</ele>
        <time>2026-09-07T22:44:40.000Z</time>
        <extensions>
          <ns3:TrackPointExtension>
            <ns3:hr>144</ns3:hr>
            <ns3:cad>84</ns3:cad>
          </ns3:TrackPointExtension>
        </extensions>
      </trkpt>
      <trkpt lat="35.75976873748004436492919921875" lon="139.54058012925088405609130859375">
        <ele>50</ele>
        <time>2026-09-07T22:44:41.000Z</time>
        <extensions>
          <ns3:TrackPointExtension>
            <ns3:hr>145</ns3:hr>
            <ns3:cad>84</ns3:cad>
          </ns3:TrackPointExtension>
        </extensions>
      </trkpt>
      <trkpt lat="35.7597510516643524169921875" lon="139.540563784539699554443359375">
        <ele>50.200000762939453125</ele>
        <time>2026-09-07T22:44:42.000Z</time>
        <extensions>
          <ns3:TrackPointExtension>
            <ns3:hr>145</ns3:hr>
            <ns3:cad>84</ns3:cad>
          </ns3:TrackPointExtension>
        </extensions>
      </trkpt>
      <trkpt lat="35.75973135419189929962158203125" lon="139.5405502058565616607666015625">
        <ele>50.40000152587890625</ele>
        <time>2026-09-07T22:44:43.000Z</time>
        <extensions>
          <ns3:TrackPointExtension>
            <ns3:hr>146</ns3:hr>
            <ns3:cad>85</ns3:cad>
          </ns3:TrackPointExtension>
        </extensions>
      </trkpt>
      <trkpt lat="35.759711824357509613037109375" lon="139.54053486697375774383544921875">
        <ele>50.59999847412109375</ele>
        <time>2026-09-07T22:44:44.000Z</time>
        <extensions>
          <ns3:TrackPointExtension>
            <ns3:hr>146</ns3:hr>
            <ns3:cad>86</ns3:cad>
          </ns3:TrackPointExtension>
        </extensions>
      </trkpt>
      <trkpt lat="35.7596945576369762420654296875" lon="139.5405173487961292266845703125">
        <ele>50.799999237060546875</ele>
        <time>2026-09-07T22:44:45.000Z</time>
        <extensions>
          <ns3:TrackPointExtension>
            <ns3:hr>147</ns3:hr>
            <ns3:cad>86</ns3:cad>
          </ns3:TrackPointExtension>
        </extensions>
      </trkpt>
      <trkpt lat="35.75967536307871341705322265625" lon="139.5404985733330249786376953125">
        <ele>51</ele>
        <time>2026-09-07T22:44:46.000Z</time>
        <extensions>
          <ns3:TrackPointExtension>
            <ns3:hr>147</ns3:hr>
            <ns3:cad>86</ns3:cad>
          </ns3:TrackPointExtension>
        </extensions>
      </trkpt>
      <trkpt lat="35.75966245494782924652099609375" lon="139.5404787920415401458740234375">
        <ele>51</ele>
        <time>2026-09-07T22:44:47.000Z</time>
        <extensions>
          <ns3:TrackPointExtension>
            <ns3:hr>147</ns3:hr>
            <ns3:cad>86</ns3:cad>
          </ns3:TrackPointExtension>
        </extensions>
      </trkpt>
      <trkpt lat="35.75965055264532566070556640625" lon="139.54045884311199188232421875">
        <ele>51</ele>
        <time>2026-09-07T22:44:48.000Z</time>
        <extensions>
          <ns3:TrackPointExtension>
            <ns3:hr>148</ns3:hr>
            <ns3:cad>84</ns3:cad>
          </ns3:TrackPointExtension>
        </extensions>
      </trkpt>
      <trkpt lat="35.75963932089507579803466796875" lon="139.5404412411153316497802734375">
        <ele>51.200000762939453125</ele>
        <time>2026-09-07T22:44:49.000Z</time>
        <extensions>
          <ns3:TrackPointExtension>
            <ns3:hr>148</ns3:hr>
            <ns3:cad>84</ns3:cad>
          </ns3:TrackPointExtension>
        </extensions>
      </trkpt>
      <trkpt lat="35.75963211245834827423095703125" lon="139.54041131772100925445556640625">
        <ele>51.40000152587890625</ele>
        <time>2026-09-07T22:44:50.000Z</time>
        <extensions>
          <ns3:TrackPointExtension>
            <ns3:hr>149</ns3:hr>
            <ns3:cad>83</ns3:cad>
          </ns3:TrackPointExtension>
        </extensions>
      </trkpt>
      <trkpt lat="35.759612582623958587646484375" lon="139.5403892733156681060791015625">
        <ele>51.59999847412109375</ele>
        <time>2026-09-07T22:44:51.000Z</time>
        <extensions>
          <ns3:TrackPointExtension>
            <ns3:hr>151</ns3:hr>
            <ns3:cad>83</ns3:cad>
          </ns3:TrackPointExtension>
        </extensions>
      </trkpt>
      <trkpt lat="35.759593807160854339599609375" lon="139.5403728447854518890380859375">
        <ele>51.799999237060546875</ele>
        <time>2026-09-07T22:44:52.000Z</time>
        <extensions>
          <ns3:TrackPointExtension>
            <ns3:hr>151</ns3:hr>
            <ns3:cad>83</ns3:cad>
          </ns3:TrackPointExtension>
        </extensions>
      </trkpt>
      <trkpt lat="35.75958182103931903839111328125" lon="139.54035423696041107177734375">
        <ele>51.799999237060546875</ele>
        <time>2026-09-07T22:44:53.000Z</time>
        <extensions>
          <ns3:TrackPointExtension>
            <ns3:hr>152</ns3:hr>
            <ns3:cad>83</ns3:cad>
          </ns3:TrackPointExtension>
        </extensions>
      </trkpt>
      <trkpt lat="35.75956639833748340606689453125" lon="139.5403366349637508392333984375">
        <ele>51.799999237060546875</ele>
        <time>2026-09-07T22:44:54.000Z</time>
        <extensions>
          <ns3:TrackPointExtension>
            <ns3:hr>153</ns3:hr>
            <ns3:cad>83</ns3:cad>
          </ns3:TrackPointExtension>
        </extensions>
      </trkpt>
      <trkpt lat="35.75955189764499664306640625" lon="139.540322721004486083984375">
        <ele>51.799999237060546875</ele>
        <time>2026-09-07T22:44:55.000Z</time>
        <extensions>
          <ns3:TrackPointExtension>
            <ns3:hr>153</ns3:hr>
            <ns3:cad>83</ns3:cad>
          </ns3:TrackPointExtension>
        </extensions>
      </trkpt>
      <trkpt lat="35.75953773222863674163818359375" lon="139.54030235297977924346923828125">
        <ele>51.799999237060546875</ele>
        <time>2026-09-07T22:44:56.000Z</time>
        <extensions>
          <ns3:TrackPointExtension>
            <ns3:hr>154</ns3:hr>
            <ns3:cad>83</ns3:cad>
          </ns3:TrackPointExtension>
        </extensions>
      </trkpt>
      <trkpt lat="35.75952800922095775604248046875" lon="139.54028625972568988800048828125">
        <ele>51.799999237060546875</ele>
        <time>2026-09-07T22:44:57.000Z</time>
        <extensions>
          <ns3:TrackPointExtension>
            <ns3:hr>154</ns3:hr>
            <ns3:cad>83</ns3:cad>
          </ns3:TrackPointExtension>
        </extensions>
      </trkpt>
      <trkpt lat="35.7595088146626949310302734375" lon="139.5402648858726024627685546875">
        <ele>51.799999237060546875</ele>
        <time>2026-09-07T22:44:58.000Z</time>
        <extensions>
          <ns3:TrackPointExtension>
            <ns3:hr>154</ns3:hr>
            <ns3:cad>83</ns3:cad>
          </ns3:TrackPointExtension>
        </extensions>
      </trkpt>
      <trkpt lat="35.75949557125568389892578125" lon="139.5402481220662593841552734375">
        <ele>51.799999237060546875</ele>
        <time>2026-09-07T22:44:59.000Z</time>
        <extensions>
          <ns3:TrackPointExtension>
            <ns3:hr>153</ns3:hr>
            <ns3:cad>83</ns3:cad>
          </ns3:TrackPointExtension>
        </extensions>
      </trkpt>
      <trkpt lat="35.7594809867441654205322265625" lon="139.54022473655641078948974609375">
        <ele>51.59999847412109375</ele>
        <time>2026-09-07T22:45:00.000Z</time>
        <extensions>
          <ns3:TrackPointExtension>
            <ns3:hr>153</ns3:hr>
            <ns3:cad>82</ns3:cad>
          </ns3:TrackPointExtension>
        </extensions>
      </trkpt>
      <trkpt lat="35.75946413911879062652587890625" lon="139.54019808210432529449462890625">
        <ele>51.40000152587890625</ele>
        <time>2026-09-07T22:45:01.000Z</time>
        <extensions>
          <ns3:TrackPointExtension>
            <ns3:hr>153</ns3:hr>
            <ns3:cad>82</ns3:cad>
          </ns3:TrackPointExtension>
        </extensions>
      </trkpt>
      <trkpt lat="35.759449303150177001953125" lon="139.5401777140796184539794921875">
        <ele>51.200000762939453125</ele>
        <time>2026-09-07T22:45:02.000Z</time>
        <extensions>
          <ns3:TrackPointExtension>
            <ns3:hr>153</ns3:hr>
            <ns3:cad>82</ns3:cad>
          </ns3:TrackPointExtension>
        </extensions>
      </trkpt>
      <trkpt lat="35.75943564064800739288330078125" lon="139.54016488976776599884033203125">
        <ele>51.200000762939453125</ele>
        <time>2026-09-07T22:45:03.000Z</time>
        <extensions>
          <ns3:TrackPointExtension>
            <ns3:hr>154</ns3:hr>
            <ns3:cad>84</ns3:cad>
          </ns3:TrackPointExtension>
        </extensions>
      </trkpt>
      <trkpt lat="35.75942315161228179931640625" lon="139.540143348276615142822265625">
        <ele>51</ele>
        <time>2026-09-07T22:45:04.000Z</time>
        <extensions>
          <ns3:TrackPointExtension>
            <ns3:hr>154</ns3:hr>
            <ns3:cad>86</ns3:cad>
          </ns3:TrackPointExtension>
        </extensions>
      </trkpt>
      <trkpt lat="35.75941083021461963653564453125" lon="139.54012088477611541748046875">
        <ele>51</ele>
        <time>2026-09-07T22:45:05.000Z</time>
        <extensions>
          <ns3:TrackPointExtension>
            <ns3:hr>154</ns3:hr>
            <ns3:cad>86</ns3:cad>
          </ns3:TrackPointExtension>
        </extensions>
      </trkpt>
      <trkpt lat="35.7593941502273082733154296875" lon="139.5400965772569179534912109375">
        <ele>51</ele>
        <time>2026-09-07T22:45:06.000Z</time>
        <extensions>
          <ns3:TrackPointExtension>
            <ns3:hr>154</ns3:hr>
            <ns3:cad>86</ns3:cad>
          </ns3:TrackPointExtension>
        </extensions>
      </trkpt>
      <trkpt lat="35.7593790628015995025634765625" lon="139.54008325003087520599365234375">
        <ele>51</ele>
        <time>2026-09-07T22:45:07.000Z</time>
        <extensions>
          <ns3:TrackPointExtension>
            <ns3:hr>154</ns3:hr>
            <ns3:cad>85</ns3:cad>
          </ns3:TrackPointExtension>
        </extensions>
      </trkpt>
      <trkpt lat="35.75936472974717617034912109375" lon="139.540069587528705596923828125">
        <ele>51</ele>
        <time>2026-09-07T22:45:08.000Z</time>
        <extensions>
          <ns3:TrackPointExtension>
            <ns3:hr>154</ns3:hr>
            <ns3:cad>85</ns3:cad>
          </ns3:TrackPointExtension>
        </extensions>
      </trkpt>
      <trkpt lat="35.7593555934727191925048828125" lon="139.5400566793978214263916015625">
        <ele>51</ele>
        <time>2026-09-07T22:45:09.000Z</time>
        <extensions>
          <ns3:TrackPointExtension>
            <ns3:hr>153</ns3:hr>
            <ns3:cad>85</ns3:cad>
          </ns3:TrackPointExtension>
        </extensions>
      </trkpt>
      <trkpt lat="35.75934343971312046051025390625" lon="139.5400358922779560089111328125">
        <ele>51</ele>
        <time>2026-09-07T22:45:10.000Z</time>
        <extensions>
          <ns3:TrackPointExtension>
            <ns3:hr>153</ns3:hr>
            <ns3:cad>85</ns3:cad>
          </ns3:TrackPointExtension>
        </extensions>
      </trkpt>
      <trkpt lat="35.7593351416289806365966796875" lon="139.54002373851835727691650390625">
        <ele>51.200000762939453125</ele>
        <time>2026-09-07T22:45:11.000Z</time>
        <extensions>
          <ns3:TrackPointExtension>
            <ns3:hr>152</ns3:hr>
            <ns3:cad>84</ns3:cad>
          </ns3:TrackPointExtension>
        </extensions>
      </trkpt>
      <trkpt lat="35.759320221841335296630859375" lon="139.540008567273616790771484375">
        <ele>51.200000762939453125</ele>
        <time>2026-09-07T22:45:12.000Z</time>
        <extensions>
          <ns3:TrackPointExtension>
            <ns3:hr>151</ns3:hr>
            <ns3:cad>83</ns3:cad>
          </ns3:TrackPointExtension>
        </extensions>
      </trkpt>
      <trkpt lat="35.75930974446237087249755859375" lon="139.53999406658113002777099609375">
        <ele>51.200000762939453125</ele>
        <time>2026-09-07T22:45:13.000Z</time>
        <extensions>
          <ns3:TrackPointExtension>
            <ns3:hr>151</ns3:hr>
            <ns3:cad>83</ns3:cad>
          </ns3:TrackPointExtension>
        </extensions>
      </trkpt>
      <trkpt lat="35.75929465703666210174560546875" lon="139.53997495584189891815185546875">
        <ele>51.200000762939453125</ele>
        <time>2026-09-07T22:45:14.000Z</time>
        <extensions>
          <ns3:TrackPointExtension>
            <ns3:hr>151</ns3:hr>
            <ns3:cad>82</ns3:cad>
          </ns3:TrackPointExtension>
        </extensions>
      </trkpt>
      <trkpt lat="35.75928543694317340850830078125" lon="139.539959616959095001220703125">
        <ele>51.200000762939453125</ele>
        <time>2026-09-07T22:45:15.000Z</time>
        <extensions>
          <ns3:TrackPointExtension>
            <ns3:hr>151</ns3:hr>
            <ns3:cad>81</ns3:cad>
          </ns3:TrackPointExtension>
        </extensions>
      </trkpt>
      <trkpt lat="35.7592731155455112457275390625" lon="139.539941512048244476318359375">
        <ele>51.40000152587890625</ele>
        <time>2026-09-07T22:45:16.000Z</time>
        <extensions>
          <ns3:TrackPointExtension>
            <ns3:hr>150</ns3:hr>
            <ns3:cad>81</ns3:cad>
          </ns3:TrackPointExtension>
        </extensions>
      </trkpt>
      <trkpt lat="35.75926045887172222137451171875" lon="139.5399225689470767974853515625">
        <ele>51.40000152587890625</ele>
        <time>2026-09-07T22:45:17.000Z</time>
        <extensions>
          <ns3:TrackPointExtension>
            <ns3:hr>150</ns3:hr>
            <ns3:cad>81</ns3:cad>
          </ns3:TrackPointExtension>
        </extensions>
      </trkpt>
      <trkpt lat="35.75925190933048725128173828125" lon="139.539914019405841827392578125">
        <ele>51.40000152587890625</ele>
        <time>2026-09-07T22:45:18.000Z</time>
        <extensions>
          <ns3:TrackPointExtension>
            <ns3:hr>150</ns3:hr>
            <ns3:cad>81</ns3:cad>
          </ns3:TrackPointExtension>
        </extensions>
      </trkpt>
      <trkpt lat="35.7592389173805713653564453125" lon="139.539896585047245025634765625">
        <ele>51.40000152587890625</ele>
        <time>2026-09-07T22:45:19.000Z</time>
        <extensions>
          <ns3:TrackPointExtension>
            <ns3:hr>149</ns3:hr>
            <ns3:cad>82</ns3:cad>
          </ns3:TrackPointExtension>
        </extensions>
      </trkpt>
      <trkpt lat="35.75922525487840175628662109375" lon="139.53987739048898220062255859375">
        <ele>51.40000152587890625</ele>
        <time>2026-09-07T22:45:20.000Z</time>
        <extensions>
          <ns3:TrackPointExtension>
            <ns3:hr>149</ns3:hr>
            <ns3:cad>83</ns3:cad>
          </ns3:TrackPointExtension>
        </extensions>
      </trkpt>
      <trkpt lat="35.7592146098613739013671875" lon="139.539857693016529083251953125">
        <ele>51.40000152587890625</ele>
        <time>2026-09-07T22:45:21.000Z</time>
        <extensions>
          <ns3:TrackPointExtension>
            <ns3:hr>149</ns3:hr>
            <ns3:cad>83</ns3:cad>
          </ns3:TrackPointExtension>
        </extensions>
      </trkpt>
      <trkpt lat="35.75919927097856998443603515625" lon="139.53983581624925136566162109375">
        <ele>51.40000152587890625</ele>
        <time>2026-09-07T22:45:22.000Z</time>
        <extensions>
          <ns3:TrackPointExtension>
            <ns3:hr>150</ns3:hr>
            <ns3:cad>83</ns3:cad>
          </ns3:TrackPointExtension>
        </extensions>
      </trkpt>
      <trkpt lat="35.75918904505670070648193359375" lon="139.53982424922287464141845703125">
        <ele>51.40000152587890625</ele>
        <time>2026-09-07T22:45:23.000Z</time>
        <extensions>
          <ns3:TrackPointExtension>
            <ns3:hr>150</ns3:hr>
            <ns3:cad>83</ns3:cad>
          </ns3:TrackPointExtension>
        </extensions>
      </trkpt>
      <trkpt lat="35.75917865149676799774169921875" lon="139.5398115925490856170654296875">
        <ele>51.40000152587890625</ele>
        <time>2026-09-07T22:45:24.000Z</time>
        <extensions>
          <ns3:TrackPointExtension>
            <ns3:hr>150</ns3:hr>
            <ns3:cad>82</ns3:cad>
          </ns3:TrackPointExtension>
        </extensions>
      </trkpt>
      <trkpt lat="35.75916767120361328125" lon="139.53979692421853542327880859375">
        <ele>51.59999847412109375</ele>
        <time>2026-09-07T22:45:25.000Z</time>
        <extensions>
          <ns3:TrackPointExtension>
            <ns3:hr>150</ns3:hr>
            <ns3:cad>82</ns3:cad>
          </ns3:TrackPointExtension>
        </extensions>
      </trkpt>
      <trkpt lat="35.7591547630727291107177734375" lon="139.53978066332638263702392578125">
        <ele>51.59999847412109375</ele>
        <time>2026-09-07T22:45:26.000Z</time>
        <extensions>
          <ns3:TrackPointExtension>
            <ns3:hr>149</ns3:hr>
            <ns3:cad>81</ns3:cad>
          </ns3:TrackPointExtension>
        </extensions>
      </trkpt>
      <trkpt lat="35.7591353170573711395263671875" lon="139.53976146876811981201171875">
        <ele>51.59999847412109375</ele>
        <time>2026-09-07T22:45:27.000Z</time>
        <extensions>
          <ns3:TrackPointExtension>
            <ns3:hr>149</ns3:hr>
            <ns3:cad>81</ns3:cad>
          </ns3:TrackPointExtension>
        </extensions>
      </trkpt>
      <trkpt lat="35.75912198983132839202880859375" lon="139.53974462114274501800537109375">
        <ele>51.59999847412109375</ele>
        <time>2026-09-07T22:45:28.000Z</time>
        <extensions>
          <ns3:TrackPointExtension>
            <ns3:hr>149</ns3:hr>
            <ns3:cad>81</ns3:cad>
          </ns3:TrackPointExtension>
        </extensions>
      </trkpt>
      <trkpt lat="35.7591111771762371063232421875" lon="139.5397287793457508087158203125">
        <ele>51.59999847412109375</ele>
        <time>2026-09-07T22:45:29.000Z</time>
        <extensions>
          <ns3:TrackPointExtension>
            <ns3:hr>149</ns3:hr>
            <ns3:cad>82</ns3:cad>
          </ns3:TrackPointExtension>
        </extensions>
      </trkpt>
      <trkpt lat="35.75909860432147979736328125" lon="139.53971612267196178436279296875">
        <ele>51.59999847412109375</ele>
        <time>2026-09-07T22:45:30.000Z</time>
        <extensions>
          <ns3:TrackPointExtension>
            <ns3:hr>150</ns3:hr>
            <ns3:cad>83</ns3:cad>
          </ns3:TrackPointExtension>
        </extensions>
      </trkpt>
      <trkpt lat="35.75908527709543704986572265625" lon="139.5396986044943332672119140625">
        <ele>51.59999847412109375</ele>
        <time>2026-09-07T22:45:31.000Z</time>
        <extensions>
          <ns3:TrackPointExtension>
            <ns3:hr>150</ns3:hr>
            <ns3:cad>83</ns3:cad>
          </ns3:TrackPointExtension>
        </extensions>
      </trkpt>
      <trkpt lat="35.7590753026306629180908203125" lon="139.53967907465994358062744140625">
        <ele>51.59999847412109375</ele>
        <time>2026-09-07T22:45:32.000Z</time>
        <extensions>
          <ns3:TrackPointExtension>
            <ns3:hr>150</ns3:hr>
            <ns3:cad>82</ns3:cad>
          </ns3:TrackPointExtension>
        </extensions>
      </trkpt>
      <trkpt lat="35.759066753089427947998046875" lon="139.53966365195810794830322265625">
        <ele>51.799999237060546875</ele>
        <time>2026-09-07T22:45:33.000Z</time>
        <extensions>
          <ns3:TrackPointExtension>
            <ns3:hr>150</ns3:hr>
            <ns3:cad>82</ns3:cad>
          </ns3:TrackPointExtension>
        </extensions>
      </trkpt>
      <trkpt lat="35.75905124656856060028076171875" lon="139.53964135609567165374755859375">
        <ele>51.799999237060546875</ele>
        <time>2026-09-07T22:45:34.000Z</time>
        <extensions>
          <ns3:TrackPointExtension>
            <ns3:hr>149</ns3:hr>
            <ns3:cad>81</ns3:cad>
          </ns3:TrackPointExtension>
        </extensions>
      </trkpt>
      <trkpt lat="35.7590390928089618682861328125" lon="139.5396248437464237213134765625">
        <ele>51.799999237060546875</ele>
        <time>2026-09-07T22:45:35.000Z</time>
        <extensions>
          <ns3:TrackPointExtension>
            <ns3:hr>149</ns3:hr>
            <ns3:cad>82</ns3:cad>
          </ns3:TrackPointExtension>
        </extensions>
      </trkpt>
      <trkpt lat="35.7590295374393463134765625" lon="139.53961193561553955078125">
        <ele>51.799999237060546875</ele>
        <time>2026-09-07T22:45:36.000Z</time>
        <extensions>
          <ns3:TrackPointExtension>
            <ns3:hr>149</ns3:hr>
            <ns3:cad>82</ns3:cad>
          </ns3:TrackPointExtension>
        </extensions>
      </trkpt>
      <trkpt lat="35.75901721604168415069580078125" lon="139.53959383070468902587890625">
        <ele>51.799999237060546875</ele>
        <time>2026-09-07T22:45:37.000Z</time>
        <extensions>
          <ns3:TrackPointExtension>
            <ns3:hr>149</ns3:hr>
            <ns3:cad>82</ns3:cad>
          </ns3:TrackPointExtension>
        </extensions>
      </trkpt>
      <trkpt lat="35.7589995302259922027587890625" lon="139.53957103192806243896484375">
        <ele>51.799999237060546875</ele>
        <time>2026-09-07T22:45:38.000Z</time>
        <extensions>
          <ns3:TrackPointExtension>
            <ns3:hr>149</ns3:hr>
            <ns3:cad>82</ns3:cad>
          </ns3:TrackPointExtension>
        </extensions>
      </trkpt>
      <trkpt lat="35.75898502953350543975830078125" lon="139.539553932845592498779296875">
        <ele>51.799999237060546875</ele>
        <time>2026-09-07T22:45:39.000Z</time>
        <extensions>
          <ns3:TrackPointExtension>
            <ns3:hr>148</ns3:hr>
            <ns3:cad>84</ns3:cad>
          </ns3:TrackPointExtension>
        </extensions>
      </trkpt>
      <trkpt lat="35.7589700259268283843994140625" lon="139.539534151554107666015625">
        <ele>51.799999237060546875</ele>
        <time>2026-09-07T22:45:40.000Z</time>
        <extensions>
          <ns3:TrackPointExtension>
            <ns3:hr>148</ns3:hr>
            <ns3:cad>84</ns3:cad>
          </ns3:TrackPointExtension>
        </extensions>
      </trkpt>
      <trkpt lat="35.75895686633884906768798828125" lon="139.53951814211905002593994140625">
        <ele>51.799999237060546875</ele>
        <time>2026-09-07T22:45:41.000Z</time>
        <extensions>
          <ns3:TrackPointExtension>
            <ns3:hr>148</ns3:hr>
            <ns3:cad>84</ns3:cad>
          </ns3:TrackPointExtension>
        </extensions>
      </trkpt>
      <trkpt lat="35.7589418627321720123291015625" lon="139.53949986957013607025146484375">
        <ele>51.799999237060546875</ele>
        <time>2026-09-07T22:45:42.000Z</time>
        <extensions>
          <ns3:TrackPointExtension>
            <ns3:hr>148</ns3:hr>
            <ns3:cad>84</ns3:cad>
          </ns3:TrackPointExtension>
        </extensions>
      </trkpt>
      <trkpt lat="35.75892350636422634124755859375" lon="139.5394826866686344146728515625">
        <ele>51.799999237060546875</ele>
        <time>2026-09-07T22:45:43.000Z</time>
        <extensions>
          <ns3:TrackPointExtension>
            <ns3:hr>148</ns3:hr>
            <ns3:cad>84</ns3:cad>
          </ns3:TrackPointExtension>
        </extensions>
      </trkpt>
      <trkpt lat="35.75890992768108844757080078125" lon="139.5394665934145450592041015625">
        <ele>51.799999237060546875</ele>
        <time>2026-09-07T22:45:44.000Z</time>
        <extensions>
          <ns3:TrackPointExtension>
            <ns3:hr>148</ns3:hr>
            <ns3:cad>84</ns3:cad>
          </ns3:TrackPointExtension>
        </extensions>
      </trkpt>
      <trkpt lat="35.75889819301664829254150390625" lon="139.5394484885036945343017578125">
        <ele>51.799999237060546875</ele>
        <time>2026-09-07T22:45:45.000Z</time>
        <extensions>
          <ns3:TrackPointExtension>
            <ns3:hr>148</ns3:hr>
            <ns3:cad>84</ns3:cad>
          </ns3:TrackPointExtension>
        </extensions>
      </trkpt>
      <trkpt lat="35.75888536870479583740234375" lon="139.53943289816379547119140625">
        <ele>52</ele>
        <time>2026-09-07T22:45:46.000Z</time>
        <extensions>
          <ns3:TrackPointExtension>
            <ns3:hr>148</ns3:hr>
            <ns3:cad>84</ns3:cad>
          </ns3:TrackPointExtension>
        </extensions>
      </trkpt>
      <trkpt lat="35.758871622383594512939453125" lon="139.539416469633579254150390625">
        <ele>52</ele>
        <time>2026-09-07T22:45:47.000Z</time>
        <extensions>
          <ns3:TrackPointExtension>
            <ns3:hr>148</ns3:hr>
            <ns3:cad>84</ns3:cad>
          </ns3:TrackPointExtension>
        </extensions>
      </trkpt>
      <trkpt lat="35.75885661877691745758056640625" lon="139.5393961854279041290283203125">
        <ele>52.200000762939453125</ele>
        <time>2026-09-07T22:45:48.000Z</time>
        <extensions>
          <ns3:TrackPointExtension>
            <ns3:hr>148</ns3:hr>
            <ns3:cad>83</ns3:cad>
          </ns3:TrackPointExtension>
        </extensions>
      </trkpt>
      <trkpt lat="35.75884505175054073333740234375" lon="139.53938252292573451995849609375">
        <ele>52.200000762939453125</ele>
        <time>2026-09-07T22:45:49.000Z</time>
        <extensions>
          <ns3:TrackPointExtension>
            <ns3:hr>149</ns3:hr>
            <ns3:cad>83</ns3:cad>
          </ns3:TrackPointExtension>
        </extensions>
      </trkpt>
      <trkpt lat="35.75883281417191028594970703125" lon="139.53936408273875713348388671875">
        <ele>52.200000762939453125</ele>
        <time>2026-09-07T22:45:50.000Z</time>
        <extensions>
          <ns3:TrackPointExtension>
            <ns3:hr>149</ns3:hr>
            <ns3:cad>83</ns3:cad>
          </ns3:TrackPointExtension>
        </extensions>
      </trkpt>
      <trkpt lat="35.7588211633265018463134765625" lon="139.53934363089501857757568359375">
        <ele>52.200000762939453125</ele>
        <time>2026-09-07T22:45:51.000Z</time>
        <extensions>
          <ns3:TrackPointExtension>
            <ns3:hr>149</ns3:hr>
            <ns3:cad>83</ns3:cad>
          </ns3:TrackPointExtension>
        </extensions>
      </trkpt>
      <trkpt lat="35.75880917720496654510498046875" lon="139.53932435251772403717041015625">
        <ele>52.40000152587890625</ele>
        <time>2026-09-07T22:45:52.000Z</time>
        <extensions>
          <ns3:TrackPointExtension>
            <ns3:hr>149</ns3:hr>
            <ns3:cad>83</ns3:cad>
          </ns3:TrackPointExtension>
        </extensions>
      </trkpt>
      <trkpt lat="35.75879274867475032806396484375" lon="139.5393046550452709197998046875">
        <ele>52.40000152587890625</ele>
        <time>2026-09-07T22:45:53.000Z</time>
        <extensions>
          <ns3:TrackPointExtension>
            <ns3:hr>149</ns3:hr>
            <ns3:cad>83</ns3:cad>
          </ns3:TrackPointExtension>
        </extensions>
      </trkpt>
      <trkpt lat="35.7587842829525470733642578125" lon="139.53929065726697444915771484375">
        <ele>52.40000152587890625</ele>
        <time>2026-09-07T22:45:54.000Z</time>
        <extensions>
          <ns3:TrackPointExtension>
            <ns3:hr>149</ns3:hr>
            <ns3:cad>83</ns3:cad>
          </ns3:TrackPointExtension>
        </extensions>
      </trkpt>
      <trkpt lat="35.75877816416323184967041015625" lon="139.53927607275545597076416015625">
        <ele>52.40000152587890625</ele>
        <time>2026-09-07T22:45:55.000Z</time>
        <extensions>
          <ns3:TrackPointExtension>
            <ns3:hr>149</ns3:hr>
            <ns3:cad>84</ns3:cad>
          </ns3:TrackPointExtension>
        </extensions>
      </trkpt>
      <trkpt lat="35.7587665133178234100341796875" lon="139.53925930894911289215087890625">
        <ele>52.40000152587890625</ele>
        <time>2026-09-07T22:45:56.000Z</time>
        <extensions>
          <ns3:TrackPointExtension>
            <ns3:hr>149</ns3:hr>
            <ns3:cad>84</ns3:cad>
          </ns3:TrackPointExtension>
        </extensions>
      </trkpt>
      <trkpt lat="35.7587571255862712860107421875" lon="139.53924304805696010589599609375">
        <ele>52.40000152587890625</ele>
        <time>2026-09-07T22:45:57.000Z</time>
        <extensions>
          <ns3:TrackPointExtension>
            <ns3:hr>149</ns3:hr>
            <ns3:cad>84</ns3:cad>
          </ns3:TrackPointExtension>
        </extensions>
      </trkpt>
      <trkpt lat="35.75874497182667255401611328125" lon="139.539228044450283050537109375">
        <ele>52.40000152587890625</ele>
        <time>2026-09-07T22:45:58.000Z</time>
        <extensions>
          <ns3:TrackPointExtension>
            <ns3:hr>149</ns3:hr>
            <ns3:cad>84</ns3:cad>
          </ns3:TrackPointExtension>
        </extensions>
      </trkpt>
      <trkpt lat="35.758728794753551483154296875" lon="139.5392070896923542022705078125">
        <ele>52.59999847412109375</ele>
        <time>2026-09-07T22:45:59.000Z</time>
        <extensions>
          <ns3:TrackPointExtension>
            <ns3:hr>148</ns3:hr>
            <ns3:cad>84</ns3:cad>
          </ns3:TrackPointExtension>
        </extensions>
      </trkpt>
      <trkpt lat="35.75871597044169902801513671875" lon="139.5391893200576305389404296875">
        <ele>52.59999847412109375</ele>
        <time>2026-09-07T22:46:00.000Z</time>
        <extensions>
          <ns3:TrackPointExtension>
            <ns3:hr>148</ns3:hr>
            <ns3:cad>83</ns3:cad>
          </ns3:TrackPointExtension>
        </extensions>
      </trkpt>
      <trkpt lat="35.7586997933685779571533203125" lon="139.53916928730905055999755859375">
        <ele>52.799999237060546875</ele>
        <time>2026-09-07T22:46:01.000Z</time>
        <extensions>
          <ns3:TrackPointExtension>
            <ns3:hr>149</ns3:hr>
            <ns3:cad>83</ns3:cad>
          </ns3:TrackPointExtension>
        </extensions>
      </trkpt>
      <trkpt lat="35.75868629850447177886962890625" lon="139.539145566523075103759765625">
        <ele>52.799999237060546875</ele>
        <time>2026-09-07T22:46:02.000Z</time>
        <extensions>
          <ns3:TrackPointExtension>
            <ns3:hr>149</ns3:hr>
            <ns3:cad>83</ns3:cad>
          </ns3:TrackPointExtension>
        </extensions>
      </trkpt>
      <trkpt lat="35.75867213308811187744140625" lon="139.5391189120709896087646484375">
        <ele>52.799999237060546875</ele>
        <time>2026-09-07T22:46:03.000Z</time>
        <extensions>
          <ns3:TrackPointExtension>
            <ns3:hr>149</ns3:hr>
            <ns3:cad>82</ns3:cad>
          </ns3:TrackPointExtension>
        </extensions>
      </trkpt>
      <trkpt lat="35.75865880586206912994384765625" lon="139.539099298417568206787109375">
        <ele>53</ele>
        <time>2026-09-07T22:46:04.000Z</time>
        <extensions>
          <ns3:TrackPointExtension>
            <ns3:hr>149</ns3:hr>
            <ns3:cad>82</ns3:cad>
          </ns3:TrackPointExtension>
        </extensions>
      </trkpt>
      <trkpt lat="35.75864321552217006683349609375" lon="139.53908043913543224334716796875">
        <ele>53</ele>
        <time>2026-09-07T22:46:05.000Z</time>
        <extensions>
          <ns3:TrackPointExtension>
            <ns3:hr>148</ns3:hr>
            <ns3:cad>82</ns3:cad>
          </ns3:TrackPointExtension>
        </extensions>
      </trkpt>
      <trkpt lat="35.75862846337258815765380859375" lon="139.53906275331974029541015625">
        <ele>53</ele>
        <time>2026-09-07T22:46:06.000Z</time>
        <extensions>
          <ns3:TrackPointExtension>
            <ns3:hr>148</ns3:hr>
            <ns3:cad>82</ns3:cad>
          </ns3:TrackPointExtension>
        </extensions>
      </trkpt>
      <trkpt lat="35.7586149685084819793701171875" lon="139.53904666006565093994140625">
        <ele>53</ele>
        <time>2026-09-07T22:46:07.000Z</time>
        <extensions>
          <ns3:TrackPointExtension>
            <ns3:hr>148</ns3:hr>
            <ns3:cad>81</ns3:cad>
          </ns3:TrackPointExtension>
        </extensions>
      </trkpt>
      <trkpt lat="35.75860365293920040130615234375" lon="139.53902562148869037628173828125">
        <ele>53</ele>
        <time>2026-09-07T22:46:08.000Z</time>
        <extensions>
          <ns3:TrackPointExtension>
            <ns3:hr>148</ns3:hr>
            <ns3:cad>82</ns3:cad>
          </ns3:TrackPointExtension>
        </extensions>
      </trkpt>
      <trkpt lat="35.7585958577692508697509765625" lon="139.5390065945684909820556640625">
        <ele>53</ele>
        <time>2026-09-07T22:46:09.000Z</time>
        <extensions>
          <ns3:TrackPointExtension>
            <ns3:hr>148</ns3:hr>
            <ns3:cad>82</ns3:cad>
          </ns3:TrackPointExtension>
        </extensions>
      </trkpt>
      <trkpt lat="35.75858403928577899932861328125" lon="139.5389901660382747650146484375">
        <ele>52.799999237060546875</ele>
        <time>2026-09-07T22:46:10.000Z</time>
        <extensions>
          <ns3:TrackPointExtension>
            <ns3:hr>148</ns3:hr>
            <ns3:cad>82</ns3:cad>
          </ns3:TrackPointExtension>
        </extensions>
      </trkpt>
      <trkpt lat="35.7585723884403705596923828125" lon="139.538974575698375701904296875">
        <ele>52.799999237060546875</ele>
        <time>2026-09-07T22:46:11.000Z</time>
        <extensions>
          <ns3:TrackPointExtension>
            <ns3:hr>148</ns3:hr>
            <ns3:cad>82</ns3:cad>
          </ns3:TrackPointExtension>
        </extensions>
      </trkpt>
      <trkpt lat="35.75855704955756664276123046875" lon="139.53895638696849346160888671875">
        <ele>52.59999847412109375</ele>
        <time>2026-09-07T22:46:12.000Z</time>
        <extensions>
          <ns3:TrackPointExtension>
            <ns3:hr>147</ns3:hr>
            <ns3:cad>82</ns3:cad>
          </ns3:TrackPointExtension>
        </extensions>
      </trkpt>
      <trkpt lat="35.7585408724844455718994140625" lon="139.538935683667659759521484375">
        <ele>52.59999847412109375</ele>
        <time>2026-09-07T22:46:13.000Z</time>
        <extensions>
          <ns3:TrackPointExtension>
            <ns3:hr>147</ns3:hr>
            <ns3:cad>81</ns3:cad>
          </ns3:TrackPointExtension>
        </extensions>
      </trkpt>
      <trkpt lat="35.7585252821445465087890625" lon="139.53891766257584095001220703125">
        <ele>52.59999847412109375</ele>
        <time>2026-09-07T22:46:14.000Z</time>
        <extensions>
          <ns3:TrackPointExtension>
            <ns3:hr>147</ns3:hr>
            <ns3:cad>81</ns3:cad>
          </ns3:TrackPointExtension>
        </extensions>
      </trkpt>
      <trkpt lat="35.758510529994964599609375" lon="139.53890123404562473297119140625">
        <ele>52.59999847412109375</ele>
        <time>2026-09-07T22:46:15.000Z</time>
        <extensions>
          <ns3:TrackPointExtension>
            <ns3:hr>147</ns3:hr>
            <ns3:cad>83</ns3:cad>
          </ns3:TrackPointExtension>
        </extensions>
      </trkpt>
      <trkpt lat="35.75849938206374645233154296875" lon="139.53889000229537487030029296875">
        <ele>52.59999847412109375</ele>
        <time>2026-09-07T22:46:16.000Z</time>
        <extensions>
          <ns3:TrackPointExtension>
            <ns3:hr>147</ns3:hr>
            <ns3:cad>83</ns3:cad>
          </ns3:TrackPointExtension>
        </extensions>
      </trkpt>
      <trkpt lat="35.758482702076435089111328125" lon="139.53887172974646091461181640625">
        <ele>52.59999847412109375</ele>
        <time>2026-09-07T22:46:17.000Z</time>
        <extensions>
          <ns3:TrackPointExtension>
            <ns3:hr>147</ns3:hr>
            <ns3:cad>84</ns3:cad>
          </ns3:TrackPointExtension>
        </extensions>
      </trkpt>
      <trkpt lat="35.758465267717838287353515625" lon="139.5388476736843585968017578125">
        <ele>52.59999847412109375</ele>
        <time>2026-09-07T22:46:18.000Z</time>
        <extensions>
          <ns3:TrackPointExtension>
            <ns3:hr>147</ns3:hr>
            <ns3:cad>85</ns3:cad>
          </ns3:TrackPointExtension>
        </extensions>
      </trkpt>
      <trkpt lat="35.75845210812985897064208984375" lon="139.53882998786866664886474609375">
        <ele>52.799999237060546875</ele>
        <time>2026-09-07T22:46:19.000Z</time>
        <extensions>
          <ns3:TrackPointExtension>
            <ns3:hr>147</ns3:hr>
            <ns3:cad>85</ns3:cad>
          </ns3:TrackPointExtension>
        </extensions>
      </trkpt>
      <trkpt lat="35.75844020582735538482666015625" lon="139.5388097874820232391357421875">
        <ele>52.799999237060546875</ele>
        <time>2026-09-07T22:46:20.000Z</time>
        <extensions>
          <ns3:TrackPointExtension>
            <ns3:hr>147</ns3:hr>
            <ns3:cad>84</ns3:cad>
          </ns3:TrackPointExtension>
        </extensions>
      </trkpt>
      <trkpt lat="35.7584258727729320526123046875" lon="139.5387900061905384063720703125">
        <ele>52.799999237060546875</ele>
        <time>2026-09-07T22:46:21.000Z</time>
        <extensions>
          <ns3:TrackPointExtension>
            <ns3:hr>147</ns3:hr>
            <ns3:cad>83</ns3:cad>
          </ns3:TrackPointExtension>
        </extensions>
      </trkpt>
      <trkpt lat="35.7584126293659210205078125" lon="139.53877148218452930450439453125">
        <ele>52.799999237060546875</ele>
        <time>2026-09-07T22:46:22.000Z</time>
        <extensions>
          <ns3:TrackPointExtension>
            <ns3:hr>147</ns3:hr>
            <ns3:cad>83</ns3:cad>
          </ns3:TrackPointExtension>
        </extensions>
      </trkpt>
      <trkpt lat="35.75839561410248279571533203125" lon="139.53874935396015644073486328125">
        <ele>52.799999237060546875</ele>
        <time>2026-09-07T22:46:23.000Z</time>
        <extensions>
          <ns3:TrackPointExtension>
            <ns3:hr>146</ns3:hr>
            <ns3:cad>83</ns3:cad>
          </ns3:TrackPointExtension>
        </extensions>
      </trkpt>
      <trkpt lat="35.7583844661712646484375" lon="139.53873309306800365447998046875">
        <ele>52.799999237060546875</ele>
        <time>2026-09-07T22:46:24.000Z</time>
        <extensions>
          <ns3:TrackPointExtension>
            <ns3:hr>145</ns3:hr>
            <ns3:cad>82</ns3:cad>
          </ns3:TrackPointExtension>
        </extensions>
      </trkpt>
      <trkpt lat="35.75837331824004650115966796875" lon="139.53871582634747028350830078125">
        <ele>52.799999237060546875</ele>
        <time>2026-09-07T22:46:25.000Z</time>
        <extensions>
          <ns3:TrackPointExtension>
            <ns3:hr>145</ns3:hr>
            <ns3:cad>82</ns3:cad>
          </ns3:TrackPointExtension>
        </extensions>
      </trkpt>
      <trkpt lat="35.75836074538528919219970703125" lon="139.5387031696736812591552734375">
        <ele>52.799999237060546875</ele>
        <time>2026-09-07T22:46:26.000Z</time>
        <extensions>
          <ns3:TrackPointExtension>
            <ns3:hr>144</ns3:hr>
            <ns3:cad>83</ns3:cad>
          </ns3:TrackPointExtension>
        </extensions>
      </trkpt>
      <trkpt lat="35.7583497650921344757080078125" lon="139.53868590295314788818359375">
        <ele>52.799999237060546875</ele>
        <time>2026-09-07T22:46:27.000Z</time>
        <extensions>
          <ns3:TrackPointExtension>
            <ns3:hr>144</ns3:hr>
            <ns3:cad>83</ns3:cad>
          </ns3:TrackPointExtension>
        </extensions>
      </trkpt>
      <trkpt lat="35.75833811424672603607177734375" lon="139.53866712749004364013671875">
        <ele>52.799999237060546875</ele>
        <time>2026-09-07T22:46:28.000Z</time>
        <extensions>
          <ns3:TrackPointExtension>
            <ns3:hr>145</ns3:hr>
            <ns3:cad>83</ns3:cad>
          </ns3:TrackPointExtension>
        </extensions>
      </trkpt>
      <trkpt lat="35.75832688249647617340087890625" lon="139.538649357855319976806640625">
        <ele>53</ele>
        <time>2026-09-07T22:46:29.000Z</time>
        <extensions>
          <ns3:TrackPointExtension>
            <ns3:hr>145</ns3:hr>
            <ns3:cad>83</ns3:cad>
          </ns3:TrackPointExtension>
        </extensions>
      </trkpt>
      <trkpt lat="35.758318416774272918701171875" lon="139.53862898983061313629150390625">
        <ele>53</ele>
        <time>2026-09-07T22:46:30.000Z</time>
        <extensions>
          <ns3:TrackPointExtension>
            <ns3:hr>146</ns3:hr>
            <ns3:cad>82</ns3:cad>
          </ns3:TrackPointExtension>
        </extensions>
      </trkpt>
      <trkpt lat="35.75830173678696155548095703125" lon="139.5386074483394622802734375">
        <ele>53</ele>
        <time>2026-09-07T22:46:31.000Z</time>
        <extensions>
          <ns3:TrackPointExtension>
            <ns3:hr>147</ns3:hr>
            <ns3:cad>82</ns3:cad>
          </ns3:TrackPointExtension>
        </extensions>
      </trkpt>
      <trkpt lat="35.75828832574188709259033203125" lon="139.53858607448637485504150390625">
        <ele>53</ele>
        <time>2026-09-07T22:46:32.000Z</time>
        <extensions>
          <ns3:TrackPointExtension>
            <ns3:hr>147</ns3:hr>
            <ns3:cad>82</ns3:cad>
          </ns3:TrackPointExtension>
        </extensions>
      </trkpt>
      <trkpt lat="35.7582753337919712066650390625" lon="139.53857123851776123046875">
        <ele>53</ele>
        <time>2026-09-07T22:46:33.000Z</time>
        <extensions>
          <ns3:TrackPointExtension>
            <ns3:hr>147</ns3:hr>
            <ns3:cad>82</ns3:cad>
          </ns3:TrackPointExtension>
        </extensions>
      </trkpt>
      <trkpt lat="35.75826284475624561309814453125" lon="139.53855489380657672882080078125">
        <ele>53</ele>
        <time>2026-09-07T22:46:34.000Z</time>
        <extensions>
          <ns3:TrackPointExtension>
            <ns3:hr>148</ns3:hr>
            <ns3:cad>82</ns3:cad>
          </ns3:TrackPointExtension>
        </extensions>
      </trkpt>
      <trkpt lat="35.7582528702914714813232421875" lon="139.53853611834347248077392578125">
        <ele>53</ele>
        <time>2026-09-07T22:46:35.000Z</time>
        <extensions>
          <ns3:TrackPointExtension>
            <ns3:hr>148</ns3:hr>
            <ns3:cad>82</ns3:cad>
          </ns3:TrackPointExtension>
        </extensions>
      </trkpt>
      <trkpt lat="35.75824105180799961090087890625" lon="139.5385130681097507476806640625">
        <ele>53</ele>
        <time>2026-09-07T22:46:36.000Z</time>
        <extensions>
          <ns3:TrackPointExtension>
            <ns3:hr>148</ns3:hr>
            <ns3:cad>82</ns3:cad>
          </ns3:TrackPointExtension>
        </extensions>
      </trkpt>
      <trkpt lat="35.7582329213619232177734375" lon="139.53850041143596172332763671875">
        <ele>53</ele>
        <time>2026-09-07T22:46:37.000Z</time>
        <extensions>
          <ns3:TrackPointExtension>
            <ns3:hr>148</ns3:hr>
            <ns3:cad>82</ns3:cad>
          </ns3:TrackPointExtension>
        </extensions>
      </trkpt>
      <trkpt lat="35.7582248747348785400390625" lon="139.5384775288403034210205078125">
        <ele>53</ele>
        <time>2026-09-07T22:46:38.000Z</time>
        <extensions>
          <ns3:TrackPointExtension>
            <ns3:hr>148</ns3:hr>
            <ns3:cad>82</ns3:cad>
          </ns3:TrackPointExtension>
        </extensions>
      </trkpt>
      <trkpt lat="35.75821842066943645477294921875" lon="139.5384617708623409271240234375">
        <ele>53</ele>
        <time>2026-09-07T22:46:39.000Z</time>
        <extensions>
          <ns3:TrackPointExtension>
            <ns3:hr>148</ns3:hr>
            <ns3:cad>83</ns3:cad>
          </ns3:TrackPointExtension>
        </extensions>
      </trkpt>
      <trkpt lat="35.75820744037628173828125" lon="139.53844106756150722503662109375">
        <ele>53</ele>
        <time>2026-09-07T22:46:40.000Z</time>
        <extensions>
          <ns3:TrackPointExtension>
            <ns3:hr>148</ns3:hr>
            <ns3:cad>83</ns3:cad>
          </ns3:TrackPointExtension>
        </extensions>
      </trkpt>
      <trkpt lat="35.758198387920856475830078125" lon="139.53841826878488063812255859375">
        <ele>53</ele>
        <time>2026-09-07T22:46:41.000Z</time>
        <extensions>
          <ns3:TrackPointExtension>
            <ns3:hr>148</ns3:hr>
            <ns3:cad>83</ns3:cad>
          </ns3:TrackPointExtension>
        </extensions>
      </trkpt>
      <trkpt lat="35.75818757526576519012451171875" lon="139.5383957214653491973876953125">
        <ele>53.200000762939453125</ele>
        <time>2026-09-07T22:46:42.000Z</time>
        <extensions>
          <ns3:TrackPointExtension>
            <ns3:hr>149</ns3:hr>
            <ns3:cad>83</ns3:cad>
          </ns3:TrackPointExtension>
        </extensions>
      </trkpt>
      <trkpt lat="35.7581777684390544891357421875" lon="139.5383756048977375030517578125">
        <ele>53.200000762939453125</ele>
        <time>2026-09-07T22:46:43.000Z</time>
        <extensions>
          <ns3:TrackPointExtension>
            <ns3:hr>149</ns3:hr>
            <ns3:cad>83</ns3:cad>
          </ns3:TrackPointExtension>
        </extensions>
      </trkpt>
      <trkpt lat="35.75816611759364604949951171875" lon="139.53835356049239635467529296875">
        <ele>53.200000762939453125</ele>
        <time>2026-09-07T22:46:44.000Z</time>
        <extensions>
          <ns3:TrackPointExtension>
            <ns3:hr>149</ns3:hr>
            <ns3:cad>83</ns3:cad>
          </ns3:TrackPointExtension>
        </extensions>
      </trkpt>
      <trkpt lat="35.7581579871475696563720703125" lon="139.53833185136318206787109375">
        <ele>53.200000762939453125</ele>
        <time>2026-09-07T22:46:45.000Z</time>
        <extensions>
          <ns3:TrackPointExtension>
            <ns3:hr>149</ns3:hr>
            <ns3:cad>84</ns3:cad>
          </ns3:TrackPointExtension>
        </extensions>
      </trkpt>
      <trkpt lat="35.75815044343471527099609375" lon="139.538316428661346435546875">
        <ele>53.200000762939453125</ele>
        <time>2026-09-07T22:46:46.000Z</time>
        <extensions>
          <ns3:TrackPointExtension>
            <ns3:hr>149</ns3:hr>
            <ns3:cad>84</ns3:cad>
          </ns3:TrackPointExtension>
        </extensions>
      </trkpt>
      <trkpt lat="35.758140385150909423828125" lon="139.53829756937921047210693359375">
        <ele>53.200000762939453125</ele>
        <time>2026-09-07T22:46:47.000Z</time>
        <extensions>
          <ns3:TrackPointExtension>
            <ns3:hr>149</ns3:hr>
            <ns3:cad>84</ns3:cad>
          </ns3:TrackPointExtension>
        </extensions>
      </trkpt>
      <trkpt lat="35.758129656314849853515625" lon="139.5382763631641864776611328125">
        <ele>53.200000762939453125</ele>
        <time>2026-09-07T22:46:48.000Z</time>
        <extensions>
          <ns3:TrackPointExtension>
            <ns3:hr>149</ns3:hr>
            <ns3:cad>84</ns3:cad>
          </ns3:TrackPointExtension>
        </extensions>
      </trkpt>
      <trkpt lat="35.75812353752553462982177734375" lon="139.5382622815668582916259765625">
        <ele>53.200000762939453125</ele>
        <time>2026-09-07T22:46:49.000Z</time>
        <extensions>
          <ns3:TrackPointExtension>
            <ns3:hr>149</ns3:hr>
            <ns3:cad>84</ns3:cad>
          </ns3:TrackPointExtension>
        </extensions>
      </trkpt>
      <trkpt lat="35.7581157423555850982666015625" lon="139.53824358992278575897216796875">
        <ele>53.200000762939453125</ele>
        <time>2026-09-07T22:46:50.000Z</time>
        <extensions>
          <ns3:TrackPointExtension>
            <ns3:hr>149</ns3:hr>
            <ns3:cad>84</ns3:cad>
          </ns3:TrackPointExtension>
        </extensions>
      </trkpt>
      <trkpt lat="35.75811012648046016693115234375" lon="139.538224227726459503173828125">
        <ele>53.200000762939453125</ele>
        <time>2026-09-07T22:46:51.000Z</time>
        <extensions>
          <ns3:TrackPointExtension>
            <ns3:hr>149</ns3:hr>
            <ns3:cad>84</ns3:cad>
          </ns3:TrackPointExtension>
        </extensions>
      </trkpt>
      <trkpt lat="35.7581070251762866973876953125" lon="139.53821375034749507904052734375">
        <ele>53.200000762939453125</ele>
        <time>2026-09-07T22:46:52.000Z</time>
        <extensions>
          <ns3:TrackPointExtension>
            <ns3:hr>149</ns3:hr>
            <ns3:cad>84</ns3:cad>
          </ns3:TrackPointExtension>
        </extensions>
      </trkpt>
      <trkpt lat="35.7581013254821300506591796875" lon="139.5382024347782135009765625">
        <ele>53.200000762939453125</ele>
        <time>2026-09-07T22:46:53.000Z</time>
        <extensions>
          <ns3:TrackPointExtension>
            <ns3:hr>149</ns3:hr>
            <ns3:cad>84</ns3:cad>
          </ns3:TrackPointExtension>
        </extensions>
      </trkpt>
      <trkpt lat="35.75809638015925884246826171875" lon="139.53818826936185359954833984375">
        <ele>53.200000762939453125</ele>
        <time>2026-09-07T22:46:54.000Z</time>
        <extensions>
          <ns3:TrackPointExtension>
            <ns3:hr>149</ns3:hr>
            <ns3:cad>84</ns3:cad>
          </ns3:TrackPointExtension>
        </extensions>
      </trkpt>
      <trkpt lat="35.75808607041835784912109375" lon="139.53816689550876617431640625">
        <ele>53.200000762939453125</ele>
        <time>2026-09-07T22:46:55.000Z</time>
        <extensions>
          <ns3:TrackPointExtension>
            <ns3:hr>149</ns3:hr>
            <ns3:cad>84</ns3:cad>
          </ns3:TrackPointExtension>
        </extensions>
      </trkpt>
      <trkpt lat="35.75808280147612094879150390625" lon="139.5381523109972476959228515625">
        <ele>53.200000762939453125</ele>
        <time>2026-09-07T22:46:56.000Z</time>
        <extensions>
          <ns3:TrackPointExtension>
            <ns3:hr>149</ns3:hr>
            <ns3:cad>83</ns3:cad>
          </ns3:TrackPointExtension>
        </extensions>
      </trkpt>
      <trkpt lat="35.75807576067745685577392578125" lon="139.538126997649669647216796875">
        <ele>53.200000762939453125</ele>
        <time>2026-09-07T22:46:57.000Z</time>
        <extensions>
          <ns3:TrackPointExtension>
            <ns3:hr>149</ns3:hr>
            <ns3:cad>83</ns3:cad>
          </ns3:TrackPointExtension>
        </extensions>
      </trkpt>
      <trkpt lat="35.75806989334523677825927734375" lon="139.53810897655785083770751953125">
        <ele>53.200000762939453125</ele>
        <time>2026-09-07T22:46:58.000Z</time>
        <extensions>
          <ns3:TrackPointExtension>
            <ns3:hr>148</ns3:hr>
            <ns3:cad>83</ns3:cad>
          </ns3:TrackPointExtension>
        </extensions>
      </trkpt>
      <trkpt lat="35.7580610923469066619873046875" lon="139.53808735124766826629638671875">
        <ele>53.200000762939453125</ele>
        <time>2026-09-07T22:46:59.000Z</time>
        <extensions>
          <ns3:TrackPointExtension>
            <ns3:hr>148</ns3:hr>
            <ns3:cad>83</ns3:cad>
          </ns3:TrackPointExtension>
        </extensions>
      </trkpt>
      <trkpt lat="35.75805245898663997650146484375" lon="139.53806497156620025634765625">
        <ele>53.200000762939453125</ele>
        <time>2026-09-07T22:47:00.000Z</time>
        <extensions>
          <ns3:TrackPointExtension>
            <ns3:hr>148</ns3:hr>
            <ns3:cad>83</ns3:cad>
          </ns3:TrackPointExtension>
        </extensions>
      </trkpt>
      <trkpt lat="35.75804541818797588348388671875" lon="139.53803814947605133056640625">
        <ele>53.200000762939453125</ele>
        <time>2026-09-07T22:47:01.000Z</time>
        <extensions>
          <ns3:TrackPointExtension>
            <ns3:hr>148</ns3:hr>
            <ns3:cad>84</ns3:cad>
          </ns3:TrackPointExtension>
        </extensions>
      </trkpt>
      <trkpt lat="35.758041478693485260009765625" lon="139.5380198769271373748779296875">
        <ele>53.200000762939453125</ele>
        <time>2026-09-07T22:47:02.000Z</time>
        <extensions>
          <ns3:TrackPointExtension>
            <ns3:hr>146</ns3:hr>
            <ns3:cad>84</ns3:cad>
          </ns3:TrackPointExtension>
        </extensions>
      </trkpt>
      <trkpt lat="35.7580342702567577362060546875" lon="139.53799582086503505706787109375">
        <ele>53.200000762939453125</ele>
        <time>2026-09-07T22:47:03.000Z</time>
        <extensions>
          <ns3:TrackPointExtension>
            <ns3:hr>145</ns3:hr>
            <ns3:cad>84</ns3:cad>
          </ns3:TrackPointExtension>
        </extensions>
      </trkpt>
      <trkpt lat="35.75802966021001338958740234375" lon="139.53797377645969390869140625">
        <ele>53.200000762939453125</ele>
        <time>2026-09-07T22:47:04.000Z</time>
        <extensions>
          <ns3:TrackPointExtension>
            <ns3:hr>145</ns3:hr>
            <ns3:cad>84</ns3:cad>
          </ns3:TrackPointExtension>
        </extensions>
      </trkpt>
      <trkpt lat="35.758026055991649627685546875" lon="139.5379551686346530914306640625">
        <ele>53.200000762939453125</ele>
        <time>2026-09-07T22:47:05.000Z</time>
        <extensions>
          <ns3:TrackPointExtension>
            <ns3:hr>144</ns3:hr>
            <ns3:cad>84</ns3:cad>
          </ns3:TrackPointExtension>
        </extensions>
      </trkpt>
      <trkpt lat="35.758020691573619842529296875" lon="139.53793630935251712799072265625">
        <ele>53.40000152587890625</ele>
        <time>2026-09-07T22:47:06.000Z</time>
        <extensions>
          <ns3:TrackPointExtension>
            <ns3:hr>144</ns3:hr>
            <ns3:cad>83</ns3:cad>
          </ns3:TrackPointExtension>
        </extensions>
      </trkpt>
      <trkpt lat="35.758012644946575164794921875" lon="139.537916444242000579833984375">
        <ele>53.40000152587890625</ele>
        <time>2026-09-07T22:47:07.000Z</time>
        <extensions>
          <ns3:TrackPointExtension>
            <ns3:hr>144</ns3:hr>
            <ns3:cad>83</ns3:cad>
          </ns3:TrackPointExtension>
        </extensions>
      </trkpt>
      <trkpt lat="35.75799931772053241729736328125" lon="139.53789020888507366180419921875">
        <ele>53.40000152587890625</ele>
        <time>2026-09-07T22:47:08.000Z</time>
        <extensions>
          <ns3:TrackPointExtension>
            <ns3:hr>145</ns3:hr>
            <ns3:cad>82</ns3:cad>
          </ns3:TrackPointExtension>
        </extensions>
      </trkpt>
      <trkpt lat="35.7579896785318851470947265625" lon="139.5378740318119525909423828125">
        <ele>53.40000152587890625</ele>
        <time>2026-09-07T22:47:09.000Z</time>
        <extensions>
          <ns3:TrackPointExtension>
            <ns3:hr>145</ns3:hr>
            <ns3:cad>82</ns3:cad>
          </ns3:TrackPointExtension>
        </extensions>
      </trkpt>
      <trkpt lat="35.75797970406711101531982421875" lon="139.53785550780594348907470703125">
        <ele>53.59999847412109375</ele>
        <time>2026-09-07T22:47:10.000Z</time>
        <extensions>
          <ns3:TrackPointExtension>
            <ns3:hr>145</ns3:hr>
            <ns3:cad>84</ns3:cad>
          </ns3:TrackPointExtension>
        </extensions>
      </trkpt>
      <trkpt lat="35.75796964578330516815185546875" lon="139.53783589415252208709716796875">
        <ele>53.59999847412109375</ele>
        <time>2026-09-07T22:47:11.000Z</time>
        <extensions>
          <ns3:TrackPointExtension>
            <ns3:hr>145</ns3:hr>
            <ns3:cad>84</ns3:cad>
          </ns3:TrackPointExtension>
        </extensions>
      </trkpt>
      <trkpt lat="35.7579591684043407440185546875" lon="139.53781812451779842376708984375">
        <ele>53.59999847412109375</ele>
        <time>2026-09-07T22:47:12.000Z</time>
        <extensions>
          <ns3:TrackPointExtension>
            <ns3:hr>145</ns3:hr>
            <ns3:cad>84</ns3:cad>
          </ns3:TrackPointExtension>
        </extensions>
      </trkpt>
      <trkpt lat="35.75795053504407405853271484375" lon="139.5378016121685504913330078125">
        <ele>53.59999847412109375</ele>
        <time>2026-09-07T22:47:13.000Z</time>
        <extensions>
          <ns3:TrackPointExtension>
            <ns3:hr>145</ns3:hr>
            <ns3:cad>84</ns3:cad>
          </ns3:TrackPointExtension>
        </extensions>
      </trkpt>
      <trkpt lat="35.75794299133121967315673828125" lon="139.53778124414384365081787109375">
        <ele>53.799999237060546875</ele>
        <time>2026-09-07T22:47:14.000Z</time>
        <extensions>
          <ns3:TrackPointExtension>
            <ns3:hr>144</ns3:hr>
            <ns3:cad>83</ns3:cad>
          </ns3:TrackPointExtension>
        </extensions>
      </trkpt>
      <trkpt lat="35.757932849228382110595703125" lon="139.537762887775897979736328125">
        <ele>53.799999237060546875</ele>
        <time>2026-09-07T22:47:15.000Z</time>
        <extensions>
          <ns3:TrackPointExtension>
            <ns3:hr>144</ns3:hr>
            <ns3:cad>83</ns3:cad>
          </ns3:TrackPointExtension>
        </extensions>
      </trkpt>
      <trkpt lat="35.75792119838297367095947265625" lon="139.53773916698992252349853515625">
        <ele>53.799999237060546875</ele>
        <time>2026-09-07T22:47:16.000Z</time>
        <extensions>
          <ns3:TrackPointExtension>
            <ns3:hr>144</ns3:hr>
            <ns3:cad>82</ns3:cad>
          </ns3:TrackPointExtension>
        </extensions>
      </trkpt>
      <trkpt lat="35.75791281647980213165283203125" lon="139.53772206790745258331298828125">
        <ele>54</ele>
        <time>2026-09-07T22:47:17.000Z</time>
        <extensions>
          <ns3:TrackPointExtension>
            <ns3:hr>144</ns3:hr>
            <ns3:cad>82</ns3:cad>
          </ns3:TrackPointExtension>
        </extensions>
      </trkpt>
      <trkpt lat="35.75790007598698139190673828125" lon="139.53769742511212825775146484375">
        <ele>54.200000762939453125</ele>
        <time>2026-09-07T22:47:18.000Z</time>
        <extensions>
          <ns3:TrackPointExtension>
            <ns3:hr>145</ns3:hr>
            <ns3:cad>82</ns3:cad>
          </ns3:TrackPointExtension>
        </extensions>
      </trkpt>
      <trkpt lat="35.7578931190073490142822265625" lon="139.53768200241029262542724609375">
        <ele>54.200000762939453125</ele>
        <time>2026-09-07T22:47:19.000Z</time>
        <extensions>
          <ns3:TrackPointExtension>
            <ns3:hr>145</ns3:hr>
            <ns3:cad>82</ns3:cad>
          </ns3:TrackPointExtension>
        </extensions>
      </trkpt>
      <trkpt lat="35.75788549147546291351318359375" lon="139.53766289167106151580810546875">
        <ele>54.40000152587890625</ele>
        <time>2026-09-07T22:47:20.000Z</time>
        <extensions>
          <ns3:TrackPointExtension>
            <ns3:hr>145</ns3:hr>
            <ns3:cad>83</ns3:cad>
          </ns3:TrackPointExtension>
        </extensions>
      </trkpt>
      <trkpt lat="35.75787928886711597442626953125" lon="139.5376393385231494903564453125">
        <ele>54.59999847412109375</ele>
        <time>2026-09-07T22:47:21.000Z</time>
        <extensions>
          <ns3:TrackPointExtension>
            <ns3:hr>145</ns3:hr>
            <ns3:cad>83</ns3:cad>
          </ns3:TrackPointExtension>
        </extensions>
      </trkpt>
      <trkpt lat="35.7578756846487522125244140625" lon="139.537614695727825164794921875">
        <ele>54.59999847412109375</ele>
        <time>2026-09-07T22:47:22.000Z</time>
        <extensions>
          <ns3:TrackPointExtension>
            <ns3:hr>144</ns3:hr>
            <ns3:cad>83</ns3:cad>
          </ns3:TrackPointExtension>
        </extensions>
      </trkpt>
      <trkpt lat="35.7578706555068492889404296875" lon="139.53759147785604000091552734375">
        <ele>54.59999847412109375</ele>
        <time>2026-09-07T22:47:23.000Z</time>
        <extensions>
          <ns3:TrackPointExtension>
            <ns3:hr>144</ns3:hr>
            <ns3:cad>83</ns3:cad>
          </ns3:TrackPointExtension>
        </extensions>
      </trkpt>
      <trkpt lat="35.7578642852604389190673828125" lon="139.53757387585937976837158203125">
        <ele>54.59999847412109375</ele>
        <time>2026-09-07T22:47:24.000Z</time>
        <extensions>
          <ns3:TrackPointExtension>
            <ns3:hr>144</ns3:hr>
            <ns3:cad>82</ns3:cad>
          </ns3:TrackPointExtension>
        </extensions>
      </trkpt>
      <trkpt lat="35.7578485272824764251708984375" lon="139.53755308873951435089111328125">
        <ele>54.59999847412109375</ele>
        <time>2026-09-07T22:47:25.000Z</time>
        <extensions>
          <ns3:TrackPointExtension>
            <ns3:hr>144</ns3:hr>
            <ns3:cad>80</ns3:cad>
          </ns3:TrackPointExtension>
        </extensions>
      </trkpt>
      <trkpt lat="35.75783687643706798553466796875" lon="139.53754370100796222686767578125">
        <ele>54.59999847412109375</ele>
        <time>2026-09-07T22:47:26.000Z</time>
        <extensions>
          <ns3:TrackPointExtension>
            <ns3:hr>144</ns3:hr>
            <ns3:cad>80</ns3:cad>
          </ns3:TrackPointExtension>
        </extensions>
      </trkpt>
      <trkpt lat="35.757820867002010345458984375" lon="139.537528194487094879150390625">
        <ele>54.59999847412109375</ele>
        <time>2026-09-07T22:47:27.000Z</time>
        <extensions>
          <ns3:TrackPointExtension>
            <ns3:hr>144</ns3:hr>
            <ns3:cad>80</ns3:cad>
          </ns3:TrackPointExtension>
        </extensions>
      </trkpt>
      <trkpt lat="35.75780888088047504425048828125" lon="139.53750975430011749267578125">
        <ele>54.59999847412109375</ele>
        <time>2026-09-07T22:47:28.000Z</time>
        <extensions>
          <ns3:TrackPointExtension>
            <ns3:hr>144</ns3:hr>
            <ns3:cad>81</ns3:cad>
          </ns3:TrackPointExtension>
        </extensions>
      </trkpt>
      <trkpt lat="35.75779815204441547393798828125" lon="139.53749441541731357574462890625">
        <ele>54.59999847412109375</ele>
        <time>2026-09-07T22:47:29.000Z</time>
        <extensions>
          <ns3:TrackPointExtension>
            <ns3:hr>145</ns3:hr>
            <ns3:cad>81</ns3:cad>
          </ns3:TrackPointExtension>
        </extensions>
      </trkpt>
      <trkpt lat="35.75778775848448276519775390625" lon="139.5374690182507038116455078125">
        <ele>54.799999237060546875</ele>
        <time>2026-09-07T22:47:30.000Z</time>
        <extensions>
          <ns3:TrackPointExtension>
            <ns3:hr>145</ns3:hr>
            <ns3:cad>82</ns3:cad>
          </ns3:TrackPointExtension>
        </extensions>
      </trkpt>
      <trkpt lat="35.75777971185743808746337890625" lon="139.53745200298726558685302734375">
        <ele>54.799999237060546875</ele>
        <time>2026-09-07T22:47:31.000Z</time>
        <extensions>
          <ns3:TrackPointExtension>
            <ns3:hr>146</ns3:hr>
            <ns3:cad>83</ns3:cad>
          </ns3:TrackPointExtension>
        </extensions>
      </trkpt>
      <trkpt lat="35.7577697373926639556884765625" lon="139.5374297909438610076904296875">
        <ele>54.799999237060546875</ele>
        <time>2026-09-07T22:47:32.000Z</time>
        <extensions>
          <ns3:TrackPointExtension>
            <ns3:hr>146</ns3:hr>
            <ns3:cad>83</ns3:cad>
          </ns3:TrackPointExtension>
        </extensions>
      </trkpt>
      <trkpt lat="35.7577603496611118316650390625" lon="139.53740992583334445953369140625">
        <ele>54.799999237060546875</ele>
        <time>2026-09-07T22:47:33.000Z</time>
        <extensions>
          <ns3:TrackPointExtension>
            <ns3:hr>146</ns3:hr>
            <ns3:cad>83</ns3:cad>
          </ns3:TrackPointExtension>
        </extensions>
      </trkpt>
      <trkpt lat="35.7577486149966716766357421875" lon="139.537389390170574188232421875">
        <ele>54.799999237060546875</ele>
        <time>2026-09-07T22:47:34.000Z</time>
        <extensions>
          <ns3:TrackPointExtension>
            <ns3:hr>147</ns3:hr>
            <ns3:cad>83</ns3:cad>
          </ns3:TrackPointExtension>
        </extensions>
      </trkpt>
      <trkpt lat="35.75773738324642181396484375" lon="139.53736969269812107086181640625">
        <ele>54.799999237060546875</ele>
        <time>2026-09-07T22:47:35.000Z</time>
        <extensions>
          <ns3:TrackPointExtension>
            <ns3:hr>147</ns3:hr>
            <ns3:cad>83</ns3:cad>
          </ns3:TrackPointExtension>
        </extensions>
      </trkpt>
      <trkpt lat="35.75772397220134735107421875" lon="139.537355862557888031005859375">
        <ele>54.799999237060546875</ele>
        <time>2026-09-07T22:47:36.000Z</time>
        <extensions>
          <ns3:TrackPointExtension>
            <ns3:hr>147</ns3:hr>
            <ns3:cad>83</ns3:cad>
          </ns3:TrackPointExtension>
        </extensions>
      </trkpt>
      <trkpt lat="35.75771617703139781951904296875" lon="139.53733733855187892913818359375">
        <ele>55</ele>
        <time>2026-09-07T22:47:37.000Z</time>
        <extensions>
          <ns3:TrackPointExtension>
            <ns3:hr>148</ns3:hr>
            <ns3:cad>83</ns3:cad>
          </ns3:TrackPointExtension>
        </extensions>
      </trkpt>
      <trkpt lat="35.75770628638565540313720703125" lon="139.5373141206800937652587890625">
        <ele>55</ele>
        <time>2026-09-07T22:47:38.000Z</time>
        <extensions>
          <ns3:TrackPointExtension>
            <ns3:hr>148</ns3:hr>
            <ns3:cad>84</ns3:cad>
          </ns3:TrackPointExtension>
        </extensions>
      </trkpt>
      <trkpt lat="35.75769857503473758697509765625" lon="139.5372970215976238250732421875">
        <ele>55</ele>
        <time>2026-09-07T22:47:39.000Z</time>
        <extensions>
          <ns3:TrackPointExtension>
            <ns3:hr>148</ns3:hr>
            <ns3:cad>84</ns3:cad>
          </ns3:TrackPointExtension>
        </extensions>
      </trkpt>
      <trkpt lat="35.7576916180551052093505859375" lon="139.53727640211582183837890625">
        <ele>55</ele>
        <time>2026-09-07T22:47:40.000Z</time>
        <extensions>
          <ns3:TrackPointExtension>
            <ns3:hr>148</ns3:hr>
            <ns3:cad>84</ns3:cad>
          </ns3:TrackPointExtension>
        </extensions>
      </trkpt>
      <trkpt lat="35.75768298469483852386474609375" lon="139.53725134022533893585205078125">
        <ele>55</ele>
        <time>2026-09-07T22:47:41.000Z</time>
        <extensions>
          <ns3:TrackPointExtension>
            <ns3:hr>148</ns3:hr>
            <ns3:cad>83</ns3:cad>
          </ns3:TrackPointExtension>
        </extensions>
      </trkpt>
      <trkpt lat="35.7576778717339038848876953125" lon="139.53723457641899585723876953125">
        <ele>55</ele>
        <time>2026-09-07T22:47:42.000Z</time>
        <extensions>
          <ns3:TrackPointExtension>
            <ns3:hr>148</ns3:hr>
            <ns3:cad>83</ns3:cad>
          </ns3:TrackPointExtension>
        </extensions>
      </trkpt>
      <trkpt lat="35.7576745189726352691650390625" lon="139.53721202909946441650390625">
        <ele>55</ele>
        <time>2026-09-07T22:47:43.000Z</time>
        <extensions>
          <ns3:TrackPointExtension>
            <ns3:hr>148</ns3:hr>
            <ns3:cad>83</ns3:cad>
          </ns3:TrackPointExtension>
        </extensions>
      </trkpt>
      <trkpt lat="35.75766823254525661468505859375" lon="139.537184871733188629150390625">
        <ele>55</ele>
        <time>2026-09-07T22:47:44.000Z</time>
        <extensions>
          <ns3:TrackPointExtension>
            <ns3:hr>148</ns3:hr>
            <ns3:cad>83</ns3:cad>
          </ns3:TrackPointExtension>
        </extensions>
      </trkpt>
      <trkpt lat="35.7576637901365756988525390625" lon="139.53717305324971675872802734375">
        <ele>55.200000762939453125</ele>
        <time>2026-09-07T22:47:45.000Z</time>
        <extensions>
          <ns3:TrackPointExtension>
            <ns3:hr>148</ns3:hr>
            <ns3:cad>83</ns3:cad>
          </ns3:TrackPointExtension>
        </extensions>
      </trkpt>
      <trkpt lat="35.7576614432036876678466796875" lon="139.5371572114527225494384765625">
        <ele>55.200000762939453125</ele>
        <time>2026-09-07T22:47:46.000Z</time>
        <extensions>
          <ns3:TrackPointExtension>
            <ns3:hr>148</ns3:hr>
            <ns3:cad>82</ns3:cad>
          </ns3:TrackPointExtension>
        </extensions>
      </trkpt>
      <trkpt lat="35.75765448622405529022216796875" lon="139.5371375977993011474609375">
        <ele>55.200000762939453125</ele>
        <time>2026-09-07T22:47:47.000Z</time>
        <extensions>
          <ns3:TrackPointExtension>
            <ns3:hr>148</ns3:hr>
            <ns3:cad>82</ns3:cad>
          </ns3:TrackPointExtension>
        </extensions>
      </trkpt>
      <trkpt lat="35.7576483674347400665283203125" lon="139.53711488284170627593994140625">
        <ele>55.200000762939453125</ele>
        <time>2026-09-07T22:47:48.000Z</time>
        <extensions>
          <ns3:TrackPointExtension>
            <ns3:hr>148</ns3:hr>
            <ns3:cad>82</ns3:cad>
          </ns3:TrackPointExtension>
        </extensions>
      </trkpt>
      <trkpt lat="35.75763889588415622711181640625" lon="139.5370961911976337432861328125">
        <ele>55.200000762939453125</ele>
        <time>2026-09-07T22:47:49.000Z</time>
        <extensions>
          <ns3:TrackPointExtension>
            <ns3:hr>148</ns3:hr>
            <ns3:cad>82</ns3:cad>
          </ns3:TrackPointExtension>
        </extensions>
      </trkpt>
      <trkpt lat="35.75762380845844745635986328125" lon="139.53707314096391201019287109375">
        <ele>55.200000762939453125</ele>
        <time>2026-09-07T22:47:50.000Z</time>
        <extensions>
          <ns3:TrackPointExtension>
            <ns3:hr>148</ns3:hr>
            <ns3:cad>83</ns3:cad>
          </ns3:TrackPointExtension>
        </extensions>
      </trkpt>
      <trkpt lat="35.7576133310794830322265625" lon="139.5370572991669178009033203125">
        <ele>55.200000762939453125</ele>
        <time>2026-09-07T22:47:51.000Z</time>
        <extensions>
          <ns3:TrackPointExtension>
            <ns3:hr>148</ns3:hr>
            <ns3:cad>83</ns3:cad>
          </ns3:TrackPointExtension>
        </extensions>
      </trkpt>
      <trkpt lat="35.75760327279567718505859375" lon="139.53703793697059154510498046875">
        <ele>55.200000762939453125</ele>
        <time>2026-09-07T22:47:52.000Z</time>
        <extensions>
          <ns3:TrackPointExtension>
            <ns3:hr>148</ns3:hr>
            <ns3:cad>83</ns3:cad>
          </ns3:TrackPointExtension>
        </extensions>
      </trkpt>
      <trkpt lat="35.7575947232544422149658203125" lon="139.53701379708945751190185546875">
        <ele>55.200000762939453125</ele>
        <time>2026-09-07T22:47:53.000Z</time>
        <extensions>
          <ns3:TrackPointExtension>
            <ns3:hr>149</ns3:hr>
            <ns3:cad>83</ns3:cad>
          </ns3:TrackPointExtension>
        </extensions>
      </trkpt>
      <trkpt lat="35.7575826533138751983642578125" lon="139.5369915850460529327392578125">
        <ele>55.40000152587890625</ele>
        <time>2026-09-07T22:47:54.000Z</time>
        <extensions>
          <ns3:TrackPointExtension>
            <ns3:hr>149</ns3:hr>
            <ns3:cad>83</ns3:cad>
          </ns3:TrackPointExtension>
        </extensions>
      </trkpt>
      <trkpt lat="35.75757452286779880523681640625" lon="139.5369734801352024078369140625">
        <ele>55.40000152587890625</ele>
        <time>2026-09-07T22:47:55.000Z</time>
        <extensions>
          <ns3:TrackPointExtension>
            <ns3:hr>149</ns3:hr>
            <ns3:cad>83</ns3:cad>
          </ns3:TrackPointExtension>
        </extensions>
      </trkpt>
      <trkpt lat="35.75756832025945186614990234375" lon="139.5369525253772735595703125">
        <ele>55.40000152587890625</ele>
        <time>2026-09-07T22:47:56.000Z</time>
        <extensions>
          <ns3:TrackPointExtension>
            <ns3:hr>149</ns3:hr>
            <ns3:cad>83</ns3:cad>
          </ns3:TrackPointExtension>
        </extensions>
      </trkpt>
      <trkpt lat="35.75756094418466091156005859375" lon="139.53693869523704051971435546875">
        <ele>55.40000152587890625</ele>
        <time>2026-09-07T22:47:57.000Z</time>
        <extensions>
          <ns3:TrackPointExtension>
            <ns3:hr>149</ns3:hr>
            <ns3:cad>83</ns3:cad>
          </ns3:TrackPointExtension>
        </extensions>
      </trkpt>
      <trkpt lat="35.7575521431863307952880859375" lon="139.53692377544939517974853515625">
        <ele>55.200000762939453125</ele>
        <time>2026-09-07T22:47:58.000Z</time>
        <extensions>
          <ns3:TrackPointExtension>
            <ns3:hr>149</ns3:hr>
            <ns3:cad>83</ns3:cad>
          </ns3:TrackPointExtension>
        </extensions>
      </trkpt>
      <trkpt lat="35.7575310207903385162353515625" lon="139.53668623231351375579833984375">
        <ele>54</ele>
        <time>2026-09-07T22:48:06.000Z</time>
        <extensions>
          <ns3:TrackPointExtension>
            <ns3:hr>150</ns3:hr>
            <ns3:cad>84</ns3:cad>
          </ns3:TrackPointExtension>
        </extensions>
      </trkpt>
      <trkpt lat="35.75751802884042263031005859375" lon="139.5366921834647655487060546875">
        <ele>54</ele>
        <time>2026-09-07T22:48:07.000Z</time>
        <extensions>
          <ns3:TrackPointExtension>
            <ns3:hr>150</ns3:hr>
            <ns3:cad>84</ns3:cad>
          </ns3:TrackPointExtension>
        </extensions>
      </trkpt>
      <trkpt lat="35.7574864290654659271240234375" lon="139.53665052540600299835205078125">
        <ele>54.200000762939453125</ele>
        <time>2026-09-07T22:48:08.000Z</time>
        <extensions>
          <ns3:TrackPointExtension>
            <ns3:hr>149</ns3:hr>
            <ns3:cad>84</ns3:cad>
          </ns3:TrackPointExtension>
        </extensions>
      </trkpt>
      <trkpt lat="35.7574884407222270965576171875" lon="139.536628983914852142333984375">
        <ele>54.200000762939453125</ele>
        <time>2026-09-07T22:48:09.000Z</time>
        <extensions>
          <ns3:TrackPointExtension>
            <ns3:hr>149</ns3:hr>
            <ns3:cad>84</ns3:cad>
          </ns3:TrackPointExtension>
        </extensions>
      </trkpt>
      <trkpt lat="35.7575021870434284210205078125" lon="139.5366224460303783416748046875">
        <ele>54.200000762939453125</ele>
        <time>2026-09-07T22:48:10.000Z</time>
        <extensions>
          <ns3:TrackPointExtension>
            <ns3:hr>149</ns3:hr>
            <ns3:cad>84</ns3:cad>
          </ns3:TrackPointExtension>
        </extensions>
      </trkpt>
      <trkpt lat="35.757484249770641326904296875" lon="139.53660744242370128631591796875">
        <ele>54.200000762939453125</ele>
        <time>2026-09-07T22:48:11.000Z</time>
        <extensions>
          <ns3:TrackPointExtension>
            <ns3:hr>148</ns3:hr>
            <ns3:cad>84</ns3:cad>
          </ns3:TrackPointExtension>
        </extensions>
      </trkpt>
      <trkpt lat="35.75747058726847171783447265625" lon="139.53658699057996273040771484375">
        <ele>54.200000762939453125</ele>
        <time>2026-09-07T22:48:12.000Z</time>
        <extensions>
          <ns3:TrackPointExtension>
            <ns3:hr>148</ns3:hr>
            <ns3:cad>83</ns3:cad>
          </ns3:TrackPointExtension>
        </extensions>
      </trkpt>
      <trkpt lat="35.757459439337253570556640625" lon="139.53655983321368694305419921875">
        <ele>54.200000762939453125</ele>
        <time>2026-09-07T22:48:13.000Z</time>
        <extensions>
          <ns3:TrackPointExtension>
            <ns3:hr>148</ns3:hr>
            <ns3:cad>82</ns3:cad>
          </ns3:TrackPointExtension>
        </extensions>
      </trkpt>
      <trkpt lat="35.75744845904409885406494140625" lon="139.5365382917225360870361328125">
        <ele>54.200000762939453125</ele>
        <time>2026-09-07T22:48:14.000Z</time>
        <extensions>
          <ns3:TrackPointExtension>
            <ns3:hr>148</ns3:hr>
            <ns3:cad>81</ns3:cad>
          </ns3:TrackPointExtension>
        </extensions>
      </trkpt>
      <trkpt lat="35.75744108296930789947509765625" lon="139.53651909716427326202392578125">
        <ele>54.40000152587890625</ele>
        <time>2026-09-07T22:48:15.000Z</time>
        <extensions>
          <ns3:TrackPointExtension>
            <ns3:hr>149</ns3:hr>
            <ns3:cad>81</ns3:cad>
          </ns3:TrackPointExtension>
        </extensions>
      </trkpt>
      <trkpt lat="35.7574183680117130279541015625" lon="139.53649680130183696746826171875">
        <ele>54.40000152587890625</ele>
        <time>2026-09-07T22:48:16.000Z</time>
        <extensions>
          <ns3:TrackPointExtension>
            <ns3:hr>149</ns3:hr>
            <ns3:cad>81</ns3:cad>
          </ns3:TrackPointExtension>
        </extensions>
      </trkpt>
      <trkpt lat="35.75740068219602108001708984375" lon="139.536468721926212310791015625">
        <ele>54.40000152587890625</ele>
        <time>2026-09-07T22:48:17.000Z</time>
        <extensions>
          <ns3:TrackPointExtension>
            <ns3:hr>149</ns3:hr>
            <ns3:cad>81</ns3:cad>
          </ns3:TrackPointExtension>
        </extensions>
      </trkpt>
      <trkpt lat="35.7573828287422657012939453125" lon="139.5364360325038433074951171875">
        <ele>54.40000152587890625</ele>
        <time>2026-09-07T22:48:18.000Z</time>
        <extensions>
          <ns3:TrackPointExtension>
            <ns3:hr>149</ns3:hr>
            <ns3:cad>81</ns3:cad>
          </ns3:TrackPointExtension>
        </extensions>
      </trkpt>
      <trkpt lat="35.75736011378467082977294921875" lon="139.53641063533723354339599609375">
        <ele>54.40000152587890625</ele>
        <time>2026-09-07T22:48:19.000Z</time>
        <extensions>
          <ns3:TrackPointExtension>
            <ns3:hr>149</ns3:hr>
            <ns3:cad>82</ns3:cad>
          </ns3:TrackPointExtension>
        </extensions>
      </trkpt>
      <trkpt lat="35.75734033249318599700927734375" lon="139.536395967006683349609375">
        <ele>54.40000152587890625</ele>
        <time>2026-09-07T22:48:20.000Z</time>
        <extensions>
          <ns3:TrackPointExtension>
            <ns3:hr>149</ns3:hr>
            <ns3:cad>82</ns3:cad>
          </ns3:TrackPointExtension>
        </extensions>
      </trkpt>
      <trkpt lat="35.75732541270554065704345703125" lon="139.5363780297338962554931640625">
        <ele>54.40000152587890625</ele>
        <time>2026-09-07T22:48:21.000Z</time>
        <extensions>
          <ns3:TrackPointExtension>
            <ns3:hr>150</ns3:hr>
            <ns3:cad>82</ns3:cad>
          </ns3:TrackPointExtension>
        </extensions>
      </trkpt>
      <trkpt lat="35.75731250457465648651123046875" lon="139.53636000864207744598388671875">
        <ele>54.40000152587890625</ele>
        <time>2026-09-07T22:48:22.000Z</time>
        <extensions>
          <ns3:TrackPointExtension>
            <ns3:hr>150</ns3:hr>
            <ns3:cad>82</ns3:cad>
          </ns3:TrackPointExtension>
        </extensions>
      </trkpt>
      <trkpt lat="35.7572941482067108154296875" lon="139.53634777106344699859619140625">
        <ele>54.40000152587890625</ele>
        <time>2026-09-07T22:48:23.000Z</time>
        <extensions>
          <ns3:TrackPointExtension>
            <ns3:hr>150</ns3:hr>
            <ns3:cad>82</ns3:cad>
          </ns3:TrackPointExtension>
        </extensions>
      </trkpt>
    </trkseg>
  </trk>
</gpx>
