<gpx xmlns:ns3="http://www.garmin.com/xmlschemas/TrackPointExtension/v1" xmlns="http://www.topografix.com/GPX/1/1" xmlns:xsi="http://www.w3.org/2001/XMLSchema-instance" xmlns:ns2="http://www.garmin.com/xmlschemas/GpxExtensions/v3" creator="Garmin Connect" version="1.1" xsi:schemaLocation="http://www.topografix.com/GPX/1/1 http://www.topografix.com/GPX/11.xsd">
  <extensions>
<distance>4337.36</distance>
<average_hr>135.0</average_hr>
<average_speed>2.4070000648498535</average_speed>
<start_time>2026-09-30T22:38:49+00:00</start_time>
<end_time>2026-09-30T23:08:51.307000+00:00</end_time>
<moving_time>1800.745</moving_time>
<elapsed_time>1802.307</elapsed_time>
</extensions>
<metadata>
    <link href="connect.garmin.com">
      <text>Garmin Connect</text>
    </link>
    <time>2026-09-30T22:38:49.000Z</time>
  </metadata>
  <trk>
    <name>Higashikurume City - Base</name>
    <type>running</type>
    <trkseg>
      <trkpt lat="35.756914280354976654052734375" lon="139.5357145182788372039794921875">
        <ele>45.59999847412109375</ele>
        <time>2026-09-30T22:38:49.000Z</time>
        <extensions>
          <ns3:TrackPointExtension>
            <ns3:hr>77</ns3:hr>
            <ns3:cad>52</ns3:cad>
          </ns3:TrackPointExtension>
        </extensions>
      </trkpt>
      <trkpt lat="35.7569204829633235931396484375" lon="139.5357242412865161895751953125">
        <ele>45.59999847412109375</ele>
        <time>2026-09-30T22:38:50.000Z</time>
        <extensions>
          <ns3:TrackPointExtension>
            <ns3:hr>77</ns3:hr>
            <ns3:cad>52</ns3:cad>
          </ns3:TrackPointExtension>
        </extensions>
      </trkpt>
      <trkpt lat="35.75692743994295597076416015625" lon="139.5357348024845123291015625">
        <ele>45.59999847412109375</ele>
        <time>2026-09-30T22:38:51.000Z</time>
        <extensions>
          <ns3:TrackPointExtension>
            <ns3:hr>77</ns3:hr>
            <ns3:cad>52</ns3:cad>
          </ns3:TrackPointExtension>
        </extensions>
      </trkpt>
      <trkpt lat="35.75692743994295597076416015625" lon="139.5357348024845123291015625">
        <ele>45.59999847412109375</ele>
        <time>2026-09-30T22:38:52.000Z</time>
        <extensions>
          <ns3:TrackPointExtension>
            <ns3:hr>77</ns3:hr>
            <ns3:cad>52</ns3:cad>
          </ns3:TrackPointExtension>
        </extensions>
      </trkpt>
      <trkpt lat="35.75693733058869838714599609375" lon="139.53575081191956996917724609375">
        <ele>45.59999847412109375</ele>
        <time>2026-09-30T22:38:53.000Z</time>
        <extensions>
          <ns3:TrackPointExtension>
            <ns3:hr>77</ns3:hr>
            <ns3:cad>52</ns3:cad>
          </ns3:TrackPointExtension>
        </extensions>
      </trkpt>
      <trkpt lat="35.756949149072170257568359375" lon="139.53576556406915187835693359375">
        <ele>45.59999847412109375</ele>
        <time>2026-09-30T22:38:54.000Z</time>
        <extensions>
          <ns3:TrackPointExtension>
            <ns3:hr>76</ns3:hr>
            <ns3:cad>52</ns3:cad>
          </ns3:TrackPointExtension>
        </extensions>
      </trkpt>
      <trkpt lat="35.75696147046983242034912109375" lon="139.53578299842774868011474609375">
        <ele>45.59999847412109375</ele>
        <time>2026-09-30T22:38:55.000Z</time>
        <extensions>
          <ns3:TrackPointExtension>
            <ns3:hr>75</ns3:hr>
            <ns3:cad>83</ns3:cad>
          </ns3:TrackPointExtension>
        </extensions>
      </trkpt>
      <trkpt lat="35.75697571970522403717041015625" lon="139.53579540364444255828857421875">
        <ele>45.59999847412109375</ele>
        <time>2026-09-30T22:38:56.000Z</time>
        <extensions>
          <ns3:TrackPointExtension>
            <ns3:hr>74</ns3:hr>
            <ns3:cad>83</ns3:cad>
          </ns3:TrackPointExtension>
        </extensions>
      </trkpt>
      <trkpt lat="35.75698896311223506927490234375" lon="139.535808227956295013427734375">
        <ele>45.59999847412109375</ele>
        <time>2026-09-30T22:38:57.000Z</time>
        <extensions>
          <ns3:TrackPointExtension>
            <ns3:hr>73</ns3:hr>
            <ns3:cad>83</ns3:cad>
          </ns3:TrackPointExtension>
        </extensions>
      </trkpt>
      <trkpt lat="35.7570073194801807403564453125" lon="139.53582323156297206878662109375">
        <ele>45.59999847412109375</ele>
        <time>2026-09-30T22:38:58.000Z</time>
        <extensions>
          <ns3:TrackPointExtension>
            <ns3:hr>72</ns3:hr>
            <ns3:cad>84</ns3:cad>
          </ns3:TrackPointExtension>
        </extensions>
      </trkpt>
      <trkpt lat="35.75702249072492122650146484375" lon="139.535841085016727447509765625">
        <ele>45.59999847412109375</ele>
        <time>2026-09-30T22:38:59.000Z</time>
        <extensions>
          <ns3:TrackPointExtension>
            <ns3:hr>71</ns3:hr>
            <ns3:cad>84</ns3:cad>
          </ns3:TrackPointExtension>
        </extensions>
      </trkpt>
      <trkpt lat="35.757060460746288299560546875" lon="139.53585491515696048736572265625">
        <ele>45.59999847412109375</ele>
        <time>2026-09-30T22:39:00.000Z</time>
        <extensions>
          <ns3:TrackPointExtension>
            <ns3:hr>70</ns3:hr>
            <ns3:cad>84</ns3:cad>
          </ns3:TrackPointExtension>
        </extensions>
      </trkpt>
      <trkpt lat="35.75707890093326568603515625" lon="139.53587151132524013519287109375">
        <ele>45.799999237060546875</ele>
        <time>2026-09-30T22:39:01.000Z</time>
        <extensions>
          <ns3:TrackPointExtension>
            <ns3:hr>73</ns3:hr>
            <ns3:cad>86</ns3:cad>
          </ns3:TrackPointExtension>
        </extensions>
      </trkpt>
      <trkpt lat="35.7570918090641498565673828125" lon="139.53589062206447124481201171875">
        <ele>45.799999237060546875</ele>
        <time>2026-09-30T22:39:02.000Z</time>
        <extensions>
          <ns3:TrackPointExtension>
            <ns3:hr>75</ns3:hr>
            <ns3:cad>86</ns3:cad>
          </ns3:TrackPointExtension>
        </extensions>
      </trkpt>
      <trkpt lat="35.75710262171924114227294921875" lon="139.53591048717498779296875">
        <ele>46</ele>
        <time>2026-09-30T22:39:03.000Z</time>
        <extensions>
          <ns3:TrackPointExtension>
            <ns3:hr>76</ns3:hr>
            <ns3:cad>86</ns3:cad>
          </ns3:TrackPointExtension>
        </extensions>
      </trkpt>
      <trkpt lat="35.75711402110755443572998046875" lon="139.53593186102807521820068359375">
        <ele>46</ele>
        <time>2026-09-30T22:39:04.000Z</time>
        <extensions>
          <ns3:TrackPointExtension>
            <ns3:hr>78</ns3:hr>
            <ns3:cad>86</ns3:cad>
          </ns3:TrackPointExtension>
        </extensions>
      </trkpt>
      <trkpt lat="35.75712659396231174468994140625" lon="139.53595449216663837432861328125">
        <ele>46</ele>
        <time>2026-09-30T22:39:05.000Z</time>
        <extensions>
          <ns3:TrackPointExtension>
            <ns3:hr>80</ns3:hr>
            <ns3:cad>86</ns3:cad>
          </ns3:TrackPointExtension>
        </extensions>
      </trkpt>
      <trkpt lat="35.75713656842708587646484375" lon="139.5359762012958526611328125">
        <ele>46</ele>
        <time>2026-09-30T22:39:06.000Z</time>
        <extensions>
          <ns3:TrackPointExtension>
            <ns3:hr>82</ns3:hr>
            <ns3:cad>86</ns3:cad>
          </ns3:TrackPointExtension>
        </extensions>
      </trkpt>
      <trkpt lat="35.757148303091526031494140625" lon="139.536000676453113555908203125">
        <ele>46</ele>
        <time>2026-09-30T22:39:07.000Z</time>
        <extensions>
          <ns3:TrackPointExtension>
            <ns3:hr>83</ns3:hr>
            <ns3:cad>85</ns3:cad>
          </ns3:TrackPointExtension>
        </extensions>
      </trkpt>
      <trkpt lat="35.75715760700404644012451171875" lon="139.536025822162628173828125">
        <ele>46.200000762939453125</ele>
        <time>2026-09-30T22:39:08.000Z</time>
        <extensions>
          <ns3:TrackPointExtension>
            <ns3:hr>85</ns3:hr>
            <ns3:cad>85</ns3:cad>
          </ns3:TrackPointExtension>
        </extensions>
      </trkpt>
      <trkpt lat="35.7571699284017086029052734375" lon="139.5360504649579524993896484375">
        <ele>46.200000762939453125</ele>
        <time>2026-09-30T22:39:09.000Z</time>
        <extensions>
          <ns3:TrackPointExtension>
            <ns3:hr>87</ns3:hr>
            <ns3:cad>85</ns3:cad>
          </ns3:TrackPointExtension>
        </extensions>
      </trkpt>
      <trkpt lat="35.7571783103048801422119140625" lon="139.53607720322906970977783203125">
        <ele>46.200000762939453125</ele>
        <time>2026-09-30T22:39:10.000Z</time>
        <extensions>
          <ns3:TrackPointExtension>
            <ns3:hr>88</ns3:hr>
            <ns3:cad>87</ns3:cad>
          </ns3:TrackPointExtension>
        </extensions>
      </trkpt>
      <trkpt lat="35.75718794949352741241455078125" lon="139.53610033728182315826416015625">
        <ele>46.40000152587890625</ele>
        <time>2026-09-30T22:39:11.000Z</time>
        <extensions>
          <ns3:TrackPointExtension>
            <ns3:hr>89</ns3:hr>
            <ns3:cad>87</ns3:cad>
          </ns3:TrackPointExtension>
        </extensions>
      </trkpt>
      <trkpt lat="35.75719582848250865936279296875" lon="139.53612548299133777618408203125">
        <ele>46.40000152587890625</ele>
        <time>2026-09-30T22:39:12.000Z</time>
        <extensions>
          <ns3:TrackPointExtension>
            <ns3:hr>90</ns3:hr>
            <ns3:cad>86</ns3:cad>
          </ns3:TrackPointExtension>
        </extensions>
      </trkpt>
      <trkpt lat="35.75720773078501224517822265625" lon="139.53614853322505950927734375">
        <ele>46.40000152587890625</ele>
        <time>2026-09-30T22:39:13.000Z</time>
        <extensions>
          <ns3:TrackPointExtension>
            <ns3:hr>91</ns3:hr>
            <ns3:cad>86</ns3:cad>
          </ns3:TrackPointExtension>
        </extensions>
      </trkpt>
      <trkpt lat="35.75722147710621356964111328125" lon="139.5361718349158763885498046875">
        <ele>46.40000152587890625</ele>
        <time>2026-09-30T22:39:14.000Z</time>
        <extensions>
          <ns3:TrackPointExtension>
            <ns3:hr>93</ns3:hr>
            <ns3:cad>85</ns3:cad>
          </ns3:TrackPointExtension>
        </extensions>
      </trkpt>
      <trkpt lat="35.7572322897613048553466796875" lon="139.5361966453492641448974609375">
        <ele>46.40000152587890625</ele>
        <time>2026-09-30T22:39:15.000Z</time>
        <extensions>
          <ns3:TrackPointExtension>
            <ns3:hr>94</ns3:hr>
            <ns3:cad>85</ns3:cad>
          </ns3:TrackPointExtension>
        </extensions>
      </trkpt>
      <trkpt lat="35.757242180407047271728515625" lon="139.536219276487827301025390625">
        <ele>46.200000762939453125</ele>
        <time>2026-09-30T22:39:16.000Z</time>
        <extensions>
          <ns3:TrackPointExtension>
            <ns3:hr>95</ns3:hr>
            <ns3:cad>83</ns3:cad>
          </ns3:TrackPointExtension>
        </extensions>
      </trkpt>
      <trkpt lat="35.757252238690853118896484375" lon="139.5362445898354053497314453125">
        <ele>46</ele>
        <time>2026-09-30T22:39:17.000Z</time>
        <extensions>
          <ns3:TrackPointExtension>
            <ns3:hr>95</ns3:hr>
            <ns3:cad>83</ns3:cad>
          </ns3:TrackPointExtension>
        </extensions>
      </trkpt>
      <trkpt lat="35.75726187787950038909912109375" lon="139.53626881353557109832763671875">
        <ele>45.799999237060546875</ele>
        <time>2026-09-30T22:39:18.000Z</time>
        <extensions>
          <ns3:TrackPointExtension>
            <ns3:hr>96</ns3:hr>
            <ns3:cad>84</ns3:cad>
          </ns3:TrackPointExtension>
        </extensions>
      </trkpt>
      <trkpt lat="35.757273025810718536376953125" lon="139.536293037235736846923828125">
        <ele>45.59999847412109375</ele>
        <time>2026-09-30T22:39:19.000Z</time>
        <extensions>
          <ns3:TrackPointExtension>
            <ns3:hr>97</ns3:hr>
            <ns3:cad>84</ns3:cad>
          </ns3:TrackPointExtension>
        </extensions>
      </trkpt>
      <trkpt lat="35.7572832517325878143310546875" lon="139.53631893731653690338134765625">
        <ele>45.59999847412109375</ele>
        <time>2026-09-30T22:39:20.000Z</time>
        <extensions>
          <ns3:TrackPointExtension>
            <ns3:hr>98</ns3:hr>
            <ns3:cad>85</ns3:cad>
          </ns3:TrackPointExtension>
        </extensions>
      </trkpt>
      <trkpt lat="35.7572949863970279693603515625" lon="139.53634542413055896759033203125">
        <ele>45.59999847412109375</ele>
        <time>2026-09-30T22:39:21.000Z</time>
        <extensions>
          <ns3:TrackPointExtension>
            <ns3:hr>98</ns3:hr>
            <ns3:cad>85</ns3:cad>
          </ns3:TrackPointExtension>
        </extensions>
      </trkpt>
      <trkpt lat="35.757307223975658416748046875" lon="139.5363703183829784393310546875">
        <ele>45.59999847412109375</ele>
        <time>2026-09-30T22:39:22.000Z</time>
        <extensions>
          <ns3:TrackPointExtension>
            <ns3:hr>99</ns3:hr>
            <ns3:cad>87</ns3:cad>
          </ns3:TrackPointExtension>
        </extensions>
      </trkpt>
      <trkpt lat="35.75732164084911346435546875" lon="139.536395967006683349609375">
        <ele>45.59999847412109375</ele>
        <time>2026-09-30T22:39:23.000Z</time>
        <extensions>
          <ns3:TrackPointExtension>
            <ns3:hr>99</ns3:hr>
            <ns3:cad>88</ns3:cad>
          </ns3:TrackPointExtension>
        </extensions>
      </trkpt>
      <trkpt lat="35.7573301903903484344482421875" lon="139.536419101059436798095703125">
        <ele>45.59999847412109375</ele>
        <time>2026-09-30T22:39:24.000Z</time>
        <extensions>
          <ns3:TrackPointExtension>
            <ns3:hr>100</ns3:hr>
            <ns3:cad>88</ns3:cad>
          </ns3:TrackPointExtension>
        </extensions>
      </trkpt>
      <trkpt lat="35.75733982957899570465087890625" lon="139.53644231893122196197509765625">
        <ele>45.59999847412109375</ele>
        <time>2026-09-30T22:39:25.000Z</time>
        <extensions>
          <ns3:TrackPointExtension>
            <ns3:hr>100</ns3:hr>
            <ns3:cad>87</ns3:cad>
          </ns3:TrackPointExtension>
        </extensions>
      </trkpt>
      <trkpt lat="35.75734871439635753631591796875" lon="139.53646997921168804168701171875">
        <ele>45.59999847412109375</ele>
        <time>2026-09-30T22:39:26.000Z</time>
        <extensions>
          <ns3:TrackPointExtension>
            <ns3:hr>101</ns3:hr>
            <ns3:cad>87</ns3:cad>
          </ns3:TrackPointExtension>
        </extensions>
      </trkpt>
      <trkpt lat="35.75735986232757568359375" lon="139.53649411909282207489013671875">
        <ele>45.59999847412109375</ele>
        <time>2026-09-30T22:39:27.000Z</time>
        <extensions>
          <ns3:TrackPointExtension>
            <ns3:hr>101</ns3:hr>
            <ns3:cad>87</ns3:cad>
          </ns3:TrackPointExtension>
        </extensions>
      </trkpt>
      <trkpt lat="35.75737704522907733917236328125" lon="139.53651658259332180023193359375">
        <ele>45.59999847412109375</ele>
        <time>2026-09-30T22:39:28.000Z</time>
        <extensions>
          <ns3:TrackPointExtension>
            <ns3:hr>102</ns3:hr>
            <ns3:cad>87</ns3:cad>
          </ns3:TrackPointExtension>
        </extensions>
      </trkpt>
      <trkpt lat="35.75739280320703983306884765625" lon="139.53654013574123382568359375">
        <ele>45.59999847412109375</ele>
        <time>2026-09-30T22:39:29.000Z</time>
        <extensions>
          <ns3:TrackPointExtension>
            <ns3:hr>102</ns3:hr>
            <ns3:cad>87</ns3:cad>
          </ns3:TrackPointExtension>
        </extensions>
      </trkpt>
      <trkpt lat="35.75740747153759002685546875" lon="139.53656653873622417449951171875">
        <ele>45.59999847412109375</ele>
        <time>2026-09-30T22:39:30.000Z</time>
        <extensions>
          <ns3:TrackPointExtension>
            <ns3:hr>102</ns3:hr>
            <ns3:cad>86</ns3:cad>
          </ns3:TrackPointExtension>
        </extensions>
      </trkpt>
      <trkpt lat="35.75741820037364959716796875" lon="139.53659436665475368499755859375">
        <ele>45.59999847412109375</ele>
        <time>2026-09-30T22:39:31.000Z</time>
        <extensions>
          <ns3:TrackPointExtension>
            <ns3:hr>102</ns3:hr>
            <ns3:cad>86</ns3:cad>
          </ns3:TrackPointExtension>
        </extensions>
      </trkpt>
      <trkpt lat="35.75743102468550205230712890625" lon="139.53662102110683917999267578125">
        <ele>45.59999847412109375</ele>
        <time>2026-09-30T22:39:32.000Z</time>
        <extensions>
          <ns3:TrackPointExtension>
            <ns3:hr>103</ns3:hr>
            <ns3:cad>86</ns3:cad>
          </ns3:TrackPointExtension>
        </extensions>
      </trkpt>
      <trkpt lat="35.757444016635417938232421875" lon="139.53664616681635379791259765625">
        <ele>45.59999847412109375</ele>
        <time>2026-09-30T22:39:33.000Z</time>
        <extensions>
          <ns3:TrackPointExtension>
            <ns3:hr>104</ns3:hr>
            <ns3:cad>86</ns3:cad>
          </ns3:TrackPointExtension>
        </extensions>
      </trkpt>
      <trkpt lat="35.7574577629566192626953125" lon="139.536672569811344146728515625">
        <ele>45.799999237060546875</ele>
        <time>2026-09-30T22:39:34.000Z</time>
        <extensions>
          <ns3:TrackPointExtension>
            <ns3:hr>104</ns3:hr>
            <ns3:cad>86</ns3:cad>
          </ns3:TrackPointExtension>
        </extensions>
      </trkpt>
      <trkpt lat="35.757476873695850372314453125" lon="139.53670131973922252655029296875">
        <ele>45.799999237060546875</ele>
        <time>2026-09-30T22:39:35.000Z</time>
        <extensions>
          <ns3:TrackPointExtension>
            <ns3:hr>105</ns3:hr>
            <ns3:cad>86</ns3:cad>
          </ns3:TrackPointExtension>
        </extensions>
      </trkpt>
      <trkpt lat="35.757480561733245849609375" lon="139.53672931529581546783447265625">
        <ele>45.799999237060546875</ele>
        <time>2026-09-30T22:39:36.000Z</time>
        <extensions>
          <ns3:TrackPointExtension>
            <ns3:hr>105</ns3:hr>
            <ns3:cad>86</ns3:cad>
          </ns3:TrackPointExtension>
        </extensions>
      </trkpt>
      <trkpt lat="35.75748349539935588836669921875" lon="139.53675999306142330169677734375">
        <ele>45.799999237060546875</ele>
        <time>2026-09-30T22:39:37.000Z</time>
        <extensions>
          <ns3:TrackPointExtension>
            <ns3:hr>106</ns3:hr>
            <ns3:cad>86</ns3:cad>
          </ns3:TrackPointExtension>
        </extensions>
      </trkpt>
      <trkpt lat="35.75746245682239532470703125" lon="139.5367967896163463592529296875">
        <ele>45.799999237060546875</ele>
        <time>2026-09-30T22:39:38.000Z</time>
        <extensions>
          <ns3:TrackPointExtension>
            <ns3:hr>106</ns3:hr>
            <ns3:cad>87</ns3:cad>
          </ns3:TrackPointExtension>
        </extensions>
      </trkpt>
      <trkpt lat="35.7574753649532794952392578125" lon="139.53690701164305210113525390625">
        <ele>46</ele>
        <time>2026-09-30T22:39:42.000Z</time>
        <extensions>
          <ns3:TrackPointExtension>
            <ns3:hr>107</ns3:hr>
            <ns3:cad>88</ns3:cad>
          </ns3:TrackPointExtension>
        </extensions>
      </trkpt>
      <trkpt lat="35.75749372132122516632080078125" lon="139.5369218476116657257080078125">
        <ele>46</ele>
        <time>2026-09-30T22:39:43.000Z</time>
        <extensions>
          <ns3:TrackPointExtension>
            <ns3:hr>108</ns3:hr>
            <ns3:cad>87</ns3:cad>
          </ns3:TrackPointExtension>
        </extensions>
      </trkpt>
      <trkpt lat="35.75751065276563167572021484375" lon="139.53694473020732402801513671875">
        <ele>46</ele>
        <time>2026-09-30T22:39:44.000Z</time>
        <extensions>
          <ns3:TrackPointExtension>
            <ns3:hr>108</ns3:hr>
            <ns3:cad>88</ns3:cad>
          </ns3:TrackPointExtension>
        </extensions>
      </trkpt>
      <trkpt lat="35.7575212977826595306396484375" lon="139.5369610749185085296630859375">
        <ele>46.40000152587890625</ele>
        <time>2026-09-30T22:39:45.000Z</time>
        <extensions>
          <ns3:TrackPointExtension>
            <ns3:hr>108</ns3:hr>
            <ns3:cad>88</ns3:cad>
          </ns3:TrackPointExtension>
        </extensions>
      </trkpt>
      <trkpt lat="35.75753445737063884735107421875" lon="139.5369825325906276702880859375">
        <ele>46.59999847412109375</ele>
        <time>2026-09-30T22:39:46.000Z</time>
        <extensions>
          <ns3:TrackPointExtension>
            <ns3:hr>109</ns3:hr>
            <ns3:cad>88</ns3:cad>
          </ns3:TrackPointExtension>
        </extensions>
      </trkpt>
      <trkpt lat="35.75754920952022075653076171875" lon="139.53700491227209568023681640625">
        <ele>46.799999237060546875</ele>
        <time>2026-09-30T22:39:47.000Z</time>
        <extensions>
          <ns3:TrackPointExtension>
            <ns3:hr>109</ns3:hr>
            <ns3:cad>87</ns3:cad>
          </ns3:TrackPointExtension>
        </extensions>
      </trkpt>
      <trkpt lat="35.7575598545372486114501953125" lon="139.53703089617192745208740234375">
        <ele>46.799999237060546875</ele>
        <time>2026-09-30T22:39:48.000Z</time>
        <extensions>
          <ns3:TrackPointExtension>
            <ns3:hr>109</ns3:hr>
            <ns3:cad>86</ns3:cad>
          </ns3:TrackPointExtension>
        </extensions>
      </trkpt>
      <trkpt lat="35.7575722597539424896240234375" lon="139.53705822117626667022705078125">
        <ele>46.799999237060546875</ele>
        <time>2026-09-30T22:39:49.000Z</time>
        <extensions>
          <ns3:TrackPointExtension>
            <ns3:hr>110</ns3:hr>
            <ns3:cad>83</ns3:cad>
          </ns3:TrackPointExtension>
        </extensions>
      </trkpt>
      <trkpt lat="35.75758407823741436004638671875" lon="139.5370837859809398651123046875">
        <ele>47</ele>
        <time>2026-09-30T22:39:50.000Z</time>
        <extensions>
          <ns3:TrackPointExtension>
            <ns3:hr>110</ns3:hr>
            <ns3:cad>83</ns3:cad>
          </ns3:TrackPointExtension>
        </extensions>
      </trkpt>
      <trkpt lat="35.7575967349112033843994140625" lon="139.53711069189012050628662109375">
        <ele>47</ele>
        <time>2026-09-30T22:39:51.000Z</time>
        <extensions>
          <ns3:TrackPointExtension>
            <ns3:hr>110</ns3:hr>
            <ns3:cad>84</ns3:cad>
          </ns3:TrackPointExtension>
        </extensions>
      </trkpt>
      <trkpt lat="35.75760922394692897796630859375" lon="139.53713550232350826263427734375">
        <ele>47</ele>
        <time>2026-09-30T22:39:52.000Z</time>
        <extensions>
          <ns3:TrackPointExtension>
            <ns3:hr>110</ns3:hr>
            <ns3:cad>86</ns3:cad>
          </ns3:TrackPointExtension>
        </extensions>
      </trkpt>
      <trkpt lat="35.7576240599155426025390625" lon="139.53716240823268890380859375">
        <ele>47</ele>
        <time>2026-09-30T22:39:53.000Z</time>
        <extensions>
          <ns3:TrackPointExtension>
            <ns3:hr>111</ns3:hr>
            <ns3:cad>86</ns3:cad>
          </ns3:TrackPointExtension>
        </extensions>
      </trkpt>
      <trkpt lat="35.757636129856109619140625" lon="139.53718864358961582183837890625">
        <ele>47</ele>
        <time>2026-09-30T22:39:54.000Z</time>
        <extensions>
          <ns3:TrackPointExtension>
            <ns3:hr>111</ns3:hr>
            <ns3:cad>87</ns3:cad>
          </ns3:TrackPointExtension>
        </extensions>
      </trkpt>
      <trkpt lat="35.7576470263302326202392578125" lon="139.5372140407562255859375">
        <ele>47</ele>
        <time>2026-09-30T22:39:55.000Z</time>
        <extensions>
          <ns3:TrackPointExtension>
            <ns3:hr>111</ns3:hr>
            <ns3:cad>88</ns3:cad>
          </ns3:TrackPointExtension>
        </extensions>
      </trkpt>
      <trkpt lat="35.75766236521303653717041015625" lon="139.5372380129992961883544921875">
        <ele>47</ele>
        <time>2026-09-30T22:39:56.000Z</time>
        <extensions>
          <ns3:TrackPointExtension>
            <ns3:hr>111</ns3:hr>
            <ns3:cad>87</ns3:cad>
          </ns3:TrackPointExtension>
        </extensions>
      </trkpt>
      <trkpt lat="35.75767460279166698455810546875" lon="139.53726508654654026031494140625">
        <ele>47</ele>
        <time>2026-09-30T22:39:57.000Z</time>
        <extensions>
          <ns3:TrackPointExtension>
            <ns3:hr>112</ns3:hr>
            <ns3:cad>87</ns3:cad>
          </ns3:TrackPointExtension>
        </extensions>
      </trkpt>
      <trkpt lat="35.75768700800836086273193359375" lon="139.53729190863668918609619140625">
        <ele>47</ele>
        <time>2026-09-30T22:39:58.000Z</time>
        <extensions>
          <ns3:TrackPointExtension>
            <ns3:hr>112</ns3:hr>
            <ns3:cad>87</ns3:cad>
          </ns3:TrackPointExtension>
        </extensions>
      </trkpt>
      <trkpt lat="35.7576999999582767486572265625" lon="139.5373211614787578582763671875">
        <ele>47</ele>
        <time>2026-09-30T22:39:59.000Z</time>
        <extensions>
          <ns3:TrackPointExtension>
            <ns3:hr>112</ns3:hr>
            <ns3:cad>87</ns3:cad>
          </ns3:TrackPointExtension>
        </extensions>
      </trkpt>
      <trkpt lat="35.7577147521078586578369140625" lon="139.5373520068824291229248046875">
        <ele>47</ele>
        <time>2026-09-30T22:40:00.000Z</time>
        <extensions>
          <ns3:TrackPointExtension>
            <ns3:hr>112</ns3:hr>
            <ns3:cad>87</ns3:cad>
          </ns3:TrackPointExtension>
        </extensions>
      </trkpt>
      <trkpt lat="35.75772657059133052825927734375" lon="139.53737824223935604095458984375">
        <ele>47</ele>
        <time>2026-09-30T22:40:01.000Z</time>
        <extensions>
          <ns3:TrackPointExtension>
            <ns3:hr>112</ns3:hr>
            <ns3:cad>87</ns3:cad>
          </ns3:TrackPointExtension>
        </extensions>
      </trkpt>
      <trkpt lat="35.75774031691253185272216796875" lon="139.53740489669144153594970703125">
        <ele>47</ele>
        <time>2026-09-30T22:40:02.000Z</time>
        <extensions>
          <ns3:TrackPointExtension>
            <ns3:hr>113</ns3:hr>
            <ns3:cad>86</ns3:cad>
          </ns3:TrackPointExtension>
        </extensions>
      </trkpt>
      <trkpt lat="35.757753141224384307861328125" lon="139.53742970712482929229736328125">
        <ele>47</ele>
        <time>2026-09-30T22:40:03.000Z</time>
        <extensions>
          <ns3:TrackPointExtension>
            <ns3:hr>113</ns3:hr>
            <ns3:cad>86</ns3:cad>
          </ns3:TrackPointExtension>
        </extensions>
      </trkpt>
      <trkpt lat="35.75776688754558563232421875" lon="139.53745418228209018707275390625">
        <ele>47</ele>
        <time>2026-09-30T22:40:04.000Z</time>
        <extensions>
          <ns3:TrackPointExtension>
            <ns3:hr>113</ns3:hr>
            <ns3:cad>86</ns3:cad>
          </ns3:TrackPointExtension>
        </extensions>
      </trkpt>
      <trkpt lat="35.7577791251242160797119140625" lon="139.5374800823628902435302734375">
        <ele>47</ele>
        <time>2026-09-30T22:40:05.000Z</time>
        <extensions>
          <ns3:TrackPointExtension>
            <ns3:hr>113</ns3:hr>
            <ns3:cad>86</ns3:cad>
          </ns3:TrackPointExtension>
        </extensions>
      </trkpt>
      <trkpt lat="35.75779102742671966552734375" lon="139.53750832937657833099365234375">
        <ele>46.799999237060546875</ele>
        <time>2026-09-30T22:40:06.000Z</time>
        <extensions>
          <ns3:TrackPointExtension>
            <ns3:hr>113</ns3:hr>
            <ns3:cad>86</ns3:cad>
          </ns3:TrackPointExtension>
        </extensions>
      </trkpt>
      <trkpt lat="35.75780309736728668212890625" lon="139.5375372469425201416015625">
        <ele>46.799999237060546875</ele>
        <time>2026-09-30T22:40:07.000Z</time>
        <extensions>
          <ns3:TrackPointExtension>
            <ns3:hr>113</ns3:hr>
            <ns3:cad>86</ns3:cad>
          </ns3:TrackPointExtension>
        </extensions>
      </trkpt>
      <trkpt lat="35.75781474821269512176513671875" lon="139.53756599687039852142333984375">
        <ele>46.799999237060546875</ele>
        <time>2026-09-30T22:40:08.000Z</time>
        <extensions>
          <ns3:TrackPointExtension>
            <ns3:hr>114</ns3:hr>
            <ns3:cad>86</ns3:cad>
          </ns3:TrackPointExtension>
        </extensions>
      </trkpt>
      <trkpt lat="35.75782723724842071533203125" lon="139.5375927351415157318115234375">
        <ele>46.799999237060546875</ele>
        <time>2026-09-30T22:40:09.000Z</time>
        <extensions>
          <ns3:TrackPointExtension>
            <ns3:hr>114</ns3:hr>
            <ns3:cad>86</ns3:cad>
          </ns3:TrackPointExtension>
        </extensions>
      </trkpt>
      <trkpt lat="35.75784475542604923248291015625" lon="139.53761477954685688018798828125">
        <ele>46.799999237060546875</ele>
        <time>2026-09-30T22:40:10.000Z</time>
        <extensions>
          <ns3:TrackPointExtension>
            <ns3:hr>114</ns3:hr>
            <ns3:cad>86</ns3:cad>
          </ns3:TrackPointExtension>
        </extensions>
      </trkpt>
      <trkpt lat="35.7578632794320583343505859375" lon="139.53763674013316631317138671875">
        <ele>46.799999237060546875</ele>
        <time>2026-09-30T22:40:11.000Z</time>
        <extensions>
          <ns3:TrackPointExtension>
            <ns3:hr>114</ns3:hr>
            <ns3:cad>85</ns3:cad>
          </ns3:TrackPointExtension>
        </extensions>
      </trkpt>
      <trkpt lat="35.75787727721035480499267578125" lon="139.53765987418591976165771484375">
        <ele>46.799999237060546875</ele>
        <time>2026-09-30T22:40:12.000Z</time>
        <extensions>
          <ns3:TrackPointExtension>
            <ns3:hr>114</ns3:hr>
            <ns3:cad>85</ns3:cad>
          </ns3:TrackPointExtension>
        </extensions>
      </trkpt>
      <trkpt lat="35.75788767077028751373291015625" lon="139.5376832596957683563232421875">
        <ele>46.799999237060546875</ele>
        <time>2026-09-30T22:40:13.000Z</time>
        <extensions>
          <ns3:TrackPointExtension>
            <ns3:hr>114</ns3:hr>
            <ns3:cad>83</ns3:cad>
          </ns3:TrackPointExtension>
        </extensions>
      </trkpt>
      <trkpt lat="35.75789923779666423797607421875" lon="139.537705890834331512451171875">
        <ele>46.799999237060546875</ele>
        <time>2026-09-30T22:40:14.000Z</time>
        <extensions>
          <ns3:TrackPointExtension>
            <ns3:hr>114</ns3:hr>
            <ns3:cad>83</ns3:cad>
          </ns3:TrackPointExtension>
        </extensions>
      </trkpt>
      <trkpt lat="35.75790912844240665435791015625" lon="139.53772835433483123779296875">
        <ele>46.799999237060546875</ele>
        <time>2026-09-30T22:40:15.000Z</time>
        <extensions>
          <ns3:TrackPointExtension>
            <ns3:hr>114</ns3:hr>
            <ns3:cad>83</ns3:cad>
          </ns3:TrackPointExtension>
        </extensions>
      </trkpt>
      <trkpt lat="35.757920444011688232421875" lon="139.53775458969175815582275390625">
        <ele>46.59999847412109375</ele>
        <time>2026-09-30T22:40:16.000Z</time>
        <extensions>
          <ns3:TrackPointExtension>
            <ns3:hr>115</ns3:hr>
            <ns3:cad>84</ns3:cad>
          </ns3:TrackPointExtension>
        </extensions>
      </trkpt>
      <trkpt lat="35.757934860885143280029296875" lon="139.53777990303933620452880859375">
        <ele>46.59999847412109375</ele>
        <time>2026-09-30T22:40:17.000Z</time>
        <extensions>
          <ns3:TrackPointExtension>
            <ns3:hr>115</ns3:hr>
            <ns3:cad>84</ns3:cad>
          </ns3:TrackPointExtension>
        </extensions>
      </trkpt>
      <trkpt lat="35.7579460926353931427001953125" lon="139.5378054678440093994140625">
        <ele>46.40000152587890625</ele>
        <time>2026-09-30T22:40:18.000Z</time>
        <extensions>
          <ns3:TrackPointExtension>
            <ns3:hr>115</ns3:hr>
            <ns3:cad>84</ns3:cad>
          </ns3:TrackPointExtension>
        </extensions>
      </trkpt>
      <trkpt lat="35.7579566538333892822265625" lon="139.53783287666738033294677734375">
        <ele>46.200000762939453125</ele>
        <time>2026-09-30T22:40:19.000Z</time>
        <extensions>
          <ns3:TrackPointExtension>
            <ns3:hr>115</ns3:hr>
            <ns3:cad>84</ns3:cad>
          </ns3:TrackPointExtension>
        </extensions>
      </trkpt>
      <trkpt lat="35.75796662829816341400146484375" lon="139.5378577709197998046875">
        <ele>46.200000762939453125</ele>
        <time>2026-09-30T22:40:20.000Z</time>
        <extensions>
          <ns3:TrackPointExtension>
            <ns3:hr>115</ns3:hr>
            <ns3:cad>84</ns3:cad>
          </ns3:TrackPointExtension>
        </extensions>
      </trkpt>
      <trkpt lat="35.75797534547746181488037109375" lon="139.53788434155285358428955078125">
        <ele>46</ele>
        <time>2026-09-30T22:40:21.000Z</time>
        <extensions>
          <ns3:TrackPointExtension>
            <ns3:hr>115</ns3:hr>
            <ns3:cad>85</ns3:cad>
          </ns3:TrackPointExtension>
        </extensions>
      </trkpt>
      <trkpt lat="35.75798942707479000091552734375" lon="139.5379112474620342254638671875">
        <ele>46</ele>
        <time>2026-09-30T22:40:22.000Z</time>
        <extensions>
          <ns3:TrackPointExtension>
            <ns3:hr>115</ns3:hr>
            <ns3:cad>85</ns3:cad>
          </ns3:TrackPointExtension>
        </extensions>
      </trkpt>
      <trkpt lat="35.7580044306814670562744140625" lon="139.537939243018627166748046875">
        <ele>45.799999237060546875</ele>
        <time>2026-09-30T22:40:23.000Z</time>
        <extensions>
          <ns3:TrackPointExtension>
            <ns3:hr>115</ns3:hr>
            <ns3:cad>85</ns3:cad>
          </ns3:TrackPointExtension>
        </extensions>
      </trkpt>
      <trkpt lat="35.758013986051082611083984375" lon="139.53796707093715667724609375">
        <ele>45.59999847412109375</ele>
        <time>2026-09-30T22:40:24.000Z</time>
        <extensions>
          <ns3:TrackPointExtension>
            <ns3:hr>115</ns3:hr>
            <ns3:cad>85</ns3:cad>
          </ns3:TrackPointExtension>
        </extensions>
      </trkpt>
      <trkpt lat="35.758025385439395904541015625" lon="139.53799230046570301055908203125">
        <ele>45.40000152587890625</ele>
        <time>2026-09-30T22:40:25.000Z</time>
        <extensions>
          <ns3:TrackPointExtension>
            <ns3:hr>115</ns3:hr>
            <ns3:cad>85</ns3:cad>
          </ns3:TrackPointExtension>
        </extensions>
      </trkpt>
      <trkpt lat="35.75803888030350208282470703125" lon="139.5380188710987567901611328125">
        <ele>45.40000152587890625</ele>
        <time>2026-09-30T22:40:26.000Z</time>
        <extensions>
          <ns3:TrackPointExtension>
            <ns3:hr>115</ns3:hr>
            <ns3:cad>86</ns3:cad>
          </ns3:TrackPointExtension>
        </extensions>
      </trkpt>
      <trkpt lat="35.758049525320529937744140625" lon="139.538042843341827392578125">
        <ele>45.40000152587890625</ele>
        <time>2026-09-30T22:40:27.000Z</time>
        <extensions>
          <ns3:TrackPointExtension>
            <ns3:hr>115</ns3:hr>
            <ns3:cad>86</ns3:cad>
          </ns3:TrackPointExtension>
        </extensions>
      </trkpt>
      <trkpt lat="35.75805631466209888458251953125" lon="139.5380715094506740570068359375">
        <ele>45.59999847412109375</ele>
        <time>2026-09-30T22:40:28.000Z</time>
        <extensions>
          <ns3:TrackPointExtension>
            <ns3:hr>114</ns3:hr>
            <ns3:cad>86</ns3:cad>
          </ns3:TrackPointExtension>
        </extensions>
      </trkpt>
      <trkpt lat="35.75806461274623870849609375" lon="139.538098163902759552001953125">
        <ele>45.59999847412109375</ele>
        <time>2026-09-30T22:40:29.000Z</time>
        <extensions>
          <ns3:TrackPointExtension>
            <ns3:hr>112</ns3:hr>
            <ns3:cad>85</ns3:cad>
          </ns3:TrackPointExtension>
        </extensions>
      </trkpt>
      <trkpt lat="35.7580771856009960174560546875" lon="139.5381244830787181854248046875">
        <ele>45.59999847412109375</ele>
        <time>2026-09-30T22:40:30.000Z</time>
        <extensions>
          <ns3:TrackPointExtension>
            <ns3:hr>110</ns3:hr>
            <ns3:cad>85</ns3:cad>
          </ns3:TrackPointExtension>
        </extensions>
      </trkpt>
      <trkpt lat="35.75808548368513584136962890625" lon="139.53815222717821598052978515625">
        <ele>45.59999847412109375</ele>
        <time>2026-09-30T22:40:31.000Z</time>
        <extensions>
          <ns3:TrackPointExtension>
            <ns3:hr>109</ns3:hr>
            <ns3:cad>85</ns3:cad>
          </ns3:TrackPointExtension>
        </extensions>
      </trkpt>
      <trkpt lat="35.7580949552357196807861328125" lon="139.5381787978112697601318359375">
        <ele>45.59999847412109375</ele>
        <time>2026-09-30T22:40:32.000Z</time>
        <extensions>
          <ns3:TrackPointExtension>
            <ns3:hr>107</ns3:hr>
            <ns3:cad>85</ns3:cad>
          </ns3:TrackPointExtension>
        </extensions>
      </trkpt>
      <trkpt lat="35.75810308568179607391357421875" lon="139.5382052846252918243408203125">
        <ele>45.59999847412109375</ele>
        <time>2026-09-30T22:40:33.000Z</time>
        <extensions>
          <ns3:TrackPointExtension>
            <ns3:hr>105</ns3:hr>
            <ns3:cad>85</ns3:cad>
          </ns3:TrackPointExtension>
        </extensions>
      </trkpt>
      <trkpt lat="35.758113227784633636474609375" lon="139.538230597972869873046875">
        <ele>45.59999847412109375</ele>
        <time>2026-09-30T22:40:34.000Z</time>
        <extensions>
          <ns3:TrackPointExtension>
            <ns3:hr>104</ns3:hr>
            <ns3:cad>85</ns3:cad>
          </ns3:TrackPointExtension>
        </extensions>
      </trkpt>
      <trkpt lat="35.75812571682035923004150390625" lon="139.53825666569173336029052734375">
        <ele>45.59999847412109375</ele>
        <time>2026-09-30T22:40:35.000Z</time>
        <extensions>
          <ns3:TrackPointExtension>
            <ns3:hr>104</ns3:hr>
            <ns3:cad>85</ns3:cad>
          </ns3:TrackPointExtension>
        </extensions>
      </trkpt>
      <trkpt lat="35.758138038218021392822265625" lon="139.5382810570299625396728515625">
        <ele>45.40000152587890625</ele>
        <time>2026-09-30T22:40:36.000Z</time>
        <extensions>
          <ns3:TrackPointExtension>
            <ns3:hr>103</ns3:hr>
            <ns3:cad>85</ns3:cad>
          </ns3:TrackPointExtension>
        </extensions>
      </trkpt>
      <trkpt lat="35.75815044343471527099609375" lon="139.53830427490174770355224609375">
        <ele>45.40000152587890625</ele>
        <time>2026-09-30T22:40:37.000Z</time>
        <extensions>
          <ns3:TrackPointExtension>
            <ns3:hr>103</ns3:hr>
            <ns3:cad>85</ns3:cad>
          </ns3:TrackPointExtension>
        </extensions>
      </trkpt>
      <trkpt lat="35.75816125608980655670166015625" lon="139.53832992352545261383056640625">
        <ele>45.40000152587890625</ele>
        <time>2026-09-30T22:40:38.000Z</time>
        <extensions>
          <ns3:TrackPointExtension>
            <ns3:hr>103</ns3:hr>
            <ns3:cad>85</ns3:cad>
          </ns3:TrackPointExtension>
        </extensions>
      </trkpt>
      <trkpt lat="35.75817592442035675048828125" lon="139.5383553206920623779296875">
        <ele>45.40000152587890625</ele>
        <time>2026-09-30T22:40:39.000Z</time>
        <extensions>
          <ns3:TrackPointExtension>
            <ns3:hr>103</ns3:hr>
            <ns3:cad>85</ns3:cad>
          </ns3:TrackPointExtension>
        </extensions>
      </trkpt>
      <trkpt lat="35.75819335877895355224609375" lon="139.53838021494448184967041015625">
        <ele>45.40000152587890625</ele>
        <time>2026-09-30T22:40:40.000Z</time>
        <extensions>
          <ns3:TrackPointExtension>
            <ns3:hr>103</ns3:hr>
            <ns3:cad>85</ns3:cad>
          </ns3:TrackPointExtension>
        </extensions>
      </trkpt>
      <trkpt lat="35.758210457861423492431640625" lon="139.53840301372110843658447265625">
        <ele>45.40000152587890625</ele>
        <time>2026-09-30T22:40:41.000Z</time>
        <extensions>
          <ns3:TrackPointExtension>
            <ns3:hr>102</ns3:hr>
            <ns3:cad>85</ns3:cad>
          </ns3:TrackPointExtension>
        </extensions>
      </trkpt>
      <trkpt lat="35.75822914950549602508544921875" lon="139.53842438757419586181640625">
        <ele>45.40000152587890625</ele>
        <time>2026-09-30T22:40:42.000Z</time>
        <extensions>
          <ns3:TrackPointExtension>
            <ns3:hr>102</ns3:hr>
            <ns3:cad>85</ns3:cad>
          </ns3:TrackPointExtension>
        </extensions>
      </trkpt>
      <trkpt lat="35.75824289582669734954833984375" lon="139.5384476892650127410888671875">
        <ele>45.40000152587890625</ele>
        <time>2026-09-30T22:40:43.000Z</time>
        <extensions>
          <ns3:TrackPointExtension>
            <ns3:hr>102</ns3:hr>
            <ns3:cad>86</ns3:cad>
          </ns3:TrackPointExtension>
        </extensions>
      </trkpt>
      <trkpt lat="35.75825446285307407379150390625" lon="139.5384706556797027587890625">
        <ele>45.40000152587890625</ele>
        <time>2026-09-30T22:40:44.000Z</time>
        <extensions>
          <ns3:TrackPointExtension>
            <ns3:hr>102</ns3:hr>
            <ns3:cad>86</ns3:cad>
          </ns3:TrackPointExtension>
        </extensions>
      </trkpt>
      <trkpt lat="35.75826837681233882904052734375" lon="139.538494460284709930419921875">
        <ele>45.40000152587890625</ele>
        <time>2026-09-30T22:40:45.000Z</time>
        <extensions>
          <ns3:TrackPointExtension>
            <ns3:hr>102</ns3:hr>
            <ns3:cad>86</ns3:cad>
          </ns3:TrackPointExtension>
        </extensions>
      </trkpt>
      <trkpt lat="35.75828329659998416900634765625" lon="139.53851683996617794036865234375">
        <ele>45.40000152587890625</ele>
        <time>2026-09-30T22:40:46.000Z</time>
        <extensions>
          <ns3:TrackPointExtension>
            <ns3:hr>102</ns3:hr>
            <ns3:cad>86</ns3:cad>
          </ns3:TrackPointExtension>
        </extensions>
      </trkpt>
      <trkpt lat="35.7582971267402172088623046875" lon="139.538540728390216827392578125">
        <ele>45.40000152587890625</ele>
        <time>2026-09-30T22:40:47.000Z</time>
        <extensions>
          <ns3:TrackPointExtension>
            <ns3:hr>102</ns3:hr>
            <ns3:cad>86</ns3:cad>
          </ns3:TrackPointExtension>
        </extensions>
      </trkpt>
      <trkpt lat="35.75830894522368907928466796875" lon="139.53856428153812885284423828125">
        <ele>45.40000152587890625</ele>
        <time>2026-09-30T22:40:48.000Z</time>
        <extensions>
          <ns3:TrackPointExtension>
            <ns3:hr>102</ns3:hr>
            <ns3:cad>86</ns3:cad>
          </ns3:TrackPointExtension>
        </extensions>
      </trkpt>
      <trkpt lat="35.75832352973520755767822265625" lon="139.5385873317718505859375">
        <ele>45.40000152587890625</ele>
        <time>2026-09-30T22:40:49.000Z</time>
        <extensions>
          <ns3:TrackPointExtension>
            <ns3:hr>102</ns3:hr>
            <ns3:cad>86</ns3:cad>
          </ns3:TrackPointExtension>
        </extensions>
      </trkpt>
      <trkpt lat="35.7583380304276943206787109375" lon="139.53861172311007976531982421875">
        <ele>45.40000152587890625</ele>
        <time>2026-09-30T22:40:50.000Z</time>
        <extensions>
          <ns3:TrackPointExtension>
            <ns3:hr>102</ns3:hr>
            <ns3:cad>85</ns3:cad>
          </ns3:TrackPointExtension>
        </extensions>
      </trkpt>
      <trkpt lat="35.75835320167243480682373046875" lon="139.53863435424864292144775390625">
        <ele>45.40000152587890625</ele>
        <time>2026-09-30T22:40:51.000Z</time>
        <extensions>
          <ns3:TrackPointExtension>
            <ns3:hr>103</ns3:hr>
            <ns3:cad>85</ns3:cad>
          </ns3:TrackPointExtension>
        </extensions>
      </trkpt>
      <trkpt lat="35.75836862437427043914794921875" lon="139.53865631483495235443115234375">
        <ele>45.40000152587890625</ele>
        <time>2026-09-30T22:40:52.000Z</time>
        <extensions>
          <ns3:TrackPointExtension>
            <ns3:hr>103</ns3:hr>
            <ns3:cad>85</ns3:cad>
          </ns3:TrackPointExtension>
        </extensions>
      </trkpt>
      <trkpt lat="35.75838379561901092529296875" lon="139.53867659904062747955322265625">
        <ele>45.40000152587890625</ele>
        <time>2026-09-30T22:40:53.000Z</time>
        <extensions>
          <ns3:TrackPointExtension>
            <ns3:hr>103</ns3:hr>
            <ns3:cad>86</ns3:cad>
          </ns3:TrackPointExtension>
        </extensions>
      </trkpt>
      <trkpt lat="35.75839586555957794189453125" lon="139.5387011580169200897216796875">
        <ele>45.40000152587890625</ele>
        <time>2026-09-30T22:40:54.000Z</time>
        <extensions>
          <ns3:TrackPointExtension>
            <ns3:hr>103</ns3:hr>
            <ns3:cad>86</ns3:cad>
          </ns3:TrackPointExtension>
        </extensions>
      </trkpt>
      <trkpt lat="35.75841195881366729736328125" lon="139.53872320242226123809814453125">
        <ele>45.40000152587890625</ele>
        <time>2026-09-30T22:40:55.000Z</time>
        <extensions>
          <ns3:TrackPointExtension>
            <ns3:hr>103</ns3:hr>
            <ns3:cad>86</ns3:cad>
          </ns3:TrackPointExtension>
        </extensions>
      </trkpt>
      <trkpt lat="35.75843115337193012237548828125" lon="139.538745246827602386474609375">
        <ele>45.40000152587890625</ele>
        <time>2026-09-30T22:40:56.000Z</time>
        <extensions>
          <ns3:TrackPointExtension>
            <ns3:hr>104</ns3:hr>
            <ns3:cad>86</ns3:cad>
          </ns3:TrackPointExtension>
        </extensions>
      </trkpt>
      <trkpt lat="35.75844724662601947784423828125" lon="139.5387668721377849578857421875">
        <ele>45.40000152587890625</ele>
        <time>2026-09-30T22:40:57.000Z</time>
        <extensions>
          <ns3:TrackPointExtension>
            <ns3:hr>104</ns3:hr>
            <ns3:cad>86</ns3:cad>
          </ns3:TrackPointExtension>
        </extensions>
      </trkpt>
      <trkpt lat="35.7584624178707599639892578125" lon="139.53878707252442836761474609375">
        <ele>45.40000152587890625</ele>
        <time>2026-09-30T22:40:58.000Z</time>
        <extensions>
          <ns3:TrackPointExtension>
            <ns3:hr>104</ns3:hr>
            <ns3:cad>85</ns3:cad>
          </ns3:TrackPointExtension>
        </extensions>
      </trkpt>
      <trkpt lat="35.75849644839763641357421875" lon="139.53882898204028606414794921875">
        <ele>45.40000152587890625</ele>
        <time>2026-09-30T22:40:59.000Z</time>
        <extensions>
          <ns3:TrackPointExtension>
            <ns3:hr>104</ns3:hr>
            <ns3:cad>85</ns3:cad>
          </ns3:TrackPointExtension>
        </extensions>
      </trkpt>
      <trkpt lat="35.75849644839763641357421875" lon="139.53882898204028606414794921875">
        <ele>45.40000152587890625</ele>
        <time>2026-09-30T22:41:00.000Z</time>
        <extensions>
          <ns3:TrackPointExtension>
            <ns3:hr>104</ns3:hr>
            <ns3:cad>85</ns3:cad>
          </ns3:TrackPointExtension>
        </extensions>
      </trkpt>
      <trkpt lat="35.758513547480106353759765625" lon="139.53884951770305633544921875">
        <ele>45.40000152587890625</ele>
        <time>2026-09-30T22:41:01.000Z</time>
        <extensions>
          <ns3:TrackPointExtension>
            <ns3:hr>105</ns3:hr>
            <ns3:cad>84</ns3:cad>
          </ns3:TrackPointExtension>
        </extensions>
      </trkpt>
      <trkpt lat="35.75853123329579830169677734375" lon="139.538871310651302337646484375">
        <ele>45.200000762939453125</ele>
        <time>2026-09-30T22:41:02.000Z</time>
        <extensions>
          <ns3:TrackPointExtension>
            <ns3:hr>105</ns3:hr>
            <ns3:cad>84</ns3:cad>
          </ns3:TrackPointExtension>
        </extensions>
      </trkpt>
      <trkpt lat="35.75854606926441192626953125" lon="139.53889251686632633209228515625">
        <ele>45.200000762939453125</ele>
        <time>2026-09-30T22:41:03.000Z</time>
        <extensions>
          <ns3:TrackPointExtension>
            <ns3:hr>105</ns3:hr>
            <ns3:cad>83</ns3:cad>
          </ns3:TrackPointExtension>
        </extensions>
      </trkpt>
      <trkpt lat="35.75855956412851810455322265625" lon="139.538914225995540618896484375">
        <ele>45.200000762939453125</ele>
        <time>2026-09-30T22:41:04.000Z</time>
        <extensions>
          <ns3:TrackPointExtension>
            <ns3:hr>105</ns3:hr>
            <ns3:cad>83</ns3:cad>
          </ns3:TrackPointExtension>
        </extensions>
      </trkpt>
      <trkpt lat="35.75857465155422687530517578125" lon="139.53893543221056461334228515625">
        <ele>45.200000762939453125</ele>
        <time>2026-09-30T22:41:05.000Z</time>
        <extensions>
          <ns3:TrackPointExtension>
            <ns3:hr>105</ns3:hr>
            <ns3:cad>83</ns3:cad>
          </ns3:TrackPointExtension>
        </extensions>
      </trkpt>
      <trkpt lat="35.75859057717025279998779296875" lon="139.53895638696849346160888671875">
        <ele>45.200000762939453125</ele>
        <time>2026-09-30T22:41:06.000Z</time>
        <extensions>
          <ns3:TrackPointExtension>
            <ns3:hr>106</ns3:hr>
            <ns3:cad>83</ns3:cad>
          </ns3:TrackPointExtension>
        </extensions>
      </trkpt>
      <trkpt lat="35.75861052609980106353759765625" lon="139.53897700645029544830322265625">
        <ele>45.200000762939453125</ele>
        <time>2026-09-30T22:41:07.000Z</time>
        <extensions>
          <ns3:TrackPointExtension>
            <ns3:hr>106</ns3:hr>
            <ns3:cad>83</ns3:cad>
          </ns3:TrackPointExtension>
        </extensions>
      </trkpt>
      <trkpt lat="35.75863215140998363494873046875" lon="139.53899846412241458892822265625">
        <ele>45.200000762939453125</ele>
        <time>2026-09-30T22:41:08.000Z</time>
        <extensions>
          <ns3:TrackPointExtension>
            <ns3:hr>106</ns3:hr>
            <ns3:cad>84</ns3:cad>
          </ns3:TrackPointExtension>
        </extensions>
      </trkpt>
      <trkpt lat="35.758653022348880767822265625" lon="139.5390210114419460296630859375">
        <ele>45.40000152587890625</ele>
        <time>2026-09-30T22:41:09.000Z</time>
        <extensions>
          <ns3:TrackPointExtension>
            <ns3:hr>106</ns3:hr>
            <ns3:cad>85</ns3:cad>
          </ns3:TrackPointExtension>
        </extensions>
      </trkpt>
      <trkpt lat="35.758673809468746185302734375" lon="139.53904137946665287017822265625">
        <ele>45.40000152587890625</ele>
        <time>2026-09-30T22:41:10.000Z</time>
        <extensions>
          <ns3:TrackPointExtension>
            <ns3:hr>106</ns3:hr>
            <ns3:cad>86</ns3:cad>
          </ns3:TrackPointExtension>
        </extensions>
      </trkpt>
      <trkpt lat="35.75868998654186725616455078125" lon="139.539063759148120880126953125">
        <ele>45.799999237060546875</ele>
        <time>2026-09-30T22:41:11.000Z</time>
        <extensions>
          <ns3:TrackPointExtension>
            <ns3:hr>106</ns3:hr>
            <ns3:cad>87</ns3:cad>
          </ns3:TrackPointExtension>
        </extensions>
      </trkpt>
      <trkpt lat="35.758710689842700958251953125" lon="139.539084546267986297607421875">
        <ele>45.799999237060546875</ele>
        <time>2026-09-30T22:41:12.000Z</time>
        <extensions>
          <ns3:TrackPointExtension>
            <ns3:hr>106</ns3:hr>
            <ns3:cad>87</ns3:cad>
          </ns3:TrackPointExtension>
        </extensions>
      </trkpt>
      <trkpt lat="35.75872736983001232147216796875" lon="139.53910709358751773834228515625">
        <ele>46</ele>
        <time>2026-09-30T22:41:13.000Z</time>
        <extensions>
          <ns3:TrackPointExtension>
            <ns3:hr>106</ns3:hr>
            <ns3:cad>86</ns3:cad>
          </ns3:TrackPointExtension>
        </extensions>
      </trkpt>
      <trkpt lat="35.7587420381605625152587890625" lon="139.53912938944995403289794921875">
        <ele>46</ele>
        <time>2026-09-30T22:41:14.000Z</time>
        <extensions>
          <ns3:TrackPointExtension>
            <ns3:hr>106</ns3:hr>
            <ns3:cad>85</ns3:cad>
          </ns3:TrackPointExtension>
        </extensions>
      </trkpt>
      <trkpt lat="35.7587554492056369781494140625" lon="139.53914590179920196533203125">
        <ele>46</ele>
        <time>2026-09-30T22:41:15.000Z</time>
        <extensions>
          <ns3:TrackPointExtension>
            <ns3:hr>107</ns3:hr>
            <ns3:cad>84</ns3:cad>
          </ns3:TrackPointExtension>
        </extensions>
      </trkpt>
      <trkpt lat="35.75876140035688877105712890625" lon="139.539164341986179351806640625">
        <ele>46</ele>
        <time>2026-09-30T22:41:16.000Z</time>
        <extensions>
          <ns3:TrackPointExtension>
            <ns3:hr>107</ns3:hr>
            <ns3:cad>84</ns3:cad>
          </ns3:TrackPointExtension>
        </extensions>
      </trkpt>
      <trkpt lat="35.7587707042694091796875" lon="139.5391859672963619232177734375">
        <ele>46</ele>
        <time>2026-09-30T22:41:17.000Z</time>
        <extensions>
          <ns3:TrackPointExtension>
            <ns3:hr>107</ns3:hr>
            <ns3:cad>83</ns3:cad>
          </ns3:TrackPointExtension>
        </extensions>
      </trkpt>
      <trkpt lat="35.75878604315221309661865234375" lon="139.5392080955207347869873046875">
        <ele>46</ele>
        <time>2026-09-30T22:41:18.000Z</time>
        <extensions>
          <ns3:TrackPointExtension>
            <ns3:hr>107</ns3:hr>
            <ns3:cad>83</ns3:cad>
          </ns3:TrackPointExtension>
        </extensions>
      </trkpt>
      <trkpt lat="35.75880222022533416748046875" lon="139.5392305590212345123291015625">
        <ele>45.799999237060546875</ele>
        <time>2026-09-30T22:41:19.000Z</time>
        <extensions>
          <ns3:TrackPointExtension>
            <ns3:hr>107</ns3:hr>
            <ns3:cad>84</ns3:cad>
          </ns3:TrackPointExtension>
        </extensions>
      </trkpt>
      <trkpt lat="35.75881755910813808441162109375" lon="139.53925310634076595306396484375">
        <ele>45.799999237060546875</ele>
        <time>2026-09-30T22:41:20.000Z</time>
        <extensions>
          <ns3:TrackPointExtension>
            <ns3:hr>107</ns3:hr>
            <ns3:cad>84</ns3:cad>
          </ns3:TrackPointExtension>
        </extensions>
      </trkpt>
      <trkpt lat="35.75883038341999053955078125" lon="139.53927825205028057098388671875">
        <ele>45.59999847412109375</ele>
        <time>2026-09-30T22:41:21.000Z</time>
        <extensions>
          <ns3:TrackPointExtension>
            <ns3:hr>107</ns3:hr>
            <ns3:cad>84</ns3:cad>
          </ns3:TrackPointExtension>
        </extensions>
      </trkpt>
      <trkpt lat="35.7588446326553821563720703125" lon="139.53930121846497058868408203125">
        <ele>45.59999847412109375</ele>
        <time>2026-09-30T22:41:22.000Z</time>
        <extensions>
          <ns3:TrackPointExtension>
            <ns3:hr>107</ns3:hr>
            <ns3:cad>85</ns3:cad>
          </ns3:TrackPointExtension>
        </extensions>
      </trkpt>
      <trkpt lat="35.7588613964617252349853515625" lon="139.5393251068890094757080078125">
        <ele>45.40000152587890625</ele>
        <time>2026-09-30T22:41:23.000Z</time>
        <extensions>
          <ns3:TrackPointExtension>
            <ns3:hr>107</ns3:hr>
            <ns3:cad>85</ns3:cad>
          </ns3:TrackPointExtension>
        </extensions>
      </trkpt>
      <trkpt lat="35.7588761486113071441650390625" lon="139.5393485762178897857666015625">
        <ele>45.40000152587890625</ele>
        <time>2026-09-30T22:41:24.000Z</time>
        <extensions>
          <ns3:TrackPointExtension>
            <ns3:hr>108</ns3:hr>
            <ns3:cad>85</ns3:cad>
          </ns3:TrackPointExtension>
        </extensions>
      </trkpt>
      <trkpt lat="35.75889148749411106109619140625" lon="139.5393740572035312652587890625">
        <ele>45.40000152587890625</ele>
        <time>2026-09-30T22:41:25.000Z</time>
        <extensions>
          <ns3:TrackPointExtension>
            <ns3:hr>108</ns3:hr>
            <ns3:cad>86</ns3:cad>
          </ns3:TrackPointExtension>
        </extensions>
      </trkpt>
      <trkpt lat="35.75890674255788326263427734375" lon="139.539397694170475006103515625">
        <ele>45.40000152587890625</ele>
        <time>2026-09-30T22:41:26.000Z</time>
        <extensions>
          <ns3:TrackPointExtension>
            <ns3:hr>108</ns3:hr>
            <ns3:cad>86</ns3:cad>
          </ns3:TrackPointExtension>
        </extensions>
      </trkpt>
      <trkpt lat="35.7589249312877655029296875" lon="139.53942074440419673919677734375">
        <ele>45.40000152587890625</ele>
        <time>2026-09-30T22:41:27.000Z</time>
        <extensions>
          <ns3:TrackPointExtension>
            <ns3:hr>108</ns3:hr>
            <ns3:cad>87</ns3:cad>
          </ns3:TrackPointExtension>
        </extensions>
      </trkpt>
      <trkpt lat="35.7589411921799182891845703125" lon="139.53944505192339420318603515625">
        <ele>45.40000152587890625</ele>
        <time>2026-09-30T22:41:28.000Z</time>
        <extensions>
          <ns3:TrackPointExtension>
            <ns3:hr>109</ns3:hr>
            <ns3:cad>87</ns3:cad>
          </ns3:TrackPointExtension>
        </extensions>
      </trkpt>
      <trkpt lat="35.7589571177959442138671875" lon="139.5394672639667987823486328125">
        <ele>45.200000762939453125</ele>
        <time>2026-09-30T22:41:29.000Z</time>
        <extensions>
          <ns3:TrackPointExtension>
            <ns3:hr>109</ns3:hr>
            <ns3:cad>87</ns3:cad>
          </ns3:TrackPointExtension>
        </extensions>
      </trkpt>
      <trkpt lat="35.7589743845164775848388671875" lon="139.5394887216389179229736328125">
        <ele>45.40000152587890625</ele>
        <time>2026-09-30T22:41:30.000Z</time>
        <extensions>
          <ns3:TrackPointExtension>
            <ns3:hr>109</ns3:hr>
            <ns3:cad>86</ns3:cad>
          </ns3:TrackPointExtension>
        </extensions>
      </trkpt>
      <trkpt lat="35.75899022631347179412841796875" lon="139.5395095087587833404541015625">
        <ele>45.40000152587890625</ele>
        <time>2026-09-30T22:41:31.000Z</time>
        <extensions>
          <ns3:TrackPointExtension>
            <ns3:hr>109</ns3:hr>
            <ns3:cad>85</ns3:cad>
          </ns3:TrackPointExtension>
        </extensions>
      </trkpt>
      <trkpt lat="35.75900061987340450286865234375" lon="139.53953071497380733489990234375">
        <ele>45.40000152587890625</ele>
        <time>2026-09-30T22:41:32.000Z</time>
        <extensions>
          <ns3:TrackPointExtension>
            <ns3:hr>109</ns3:hr>
            <ns3:cad>85</ns3:cad>
          </ns3:TrackPointExtension>
        </extensions>
      </trkpt>
      <trkpt lat="35.7590132765471935272216796875" lon="139.5395515859127044677734375">
        <ele>45.200000762939453125</ele>
        <time>2026-09-30T22:41:33.000Z</time>
        <extensions>
          <ns3:TrackPointExtension>
            <ns3:hr>109</ns3:hr>
            <ns3:cad>85</ns3:cad>
          </ns3:TrackPointExtension>
        </extensions>
      </trkpt>
      <trkpt lat="35.75902861542999744415283203125" lon="139.5395715348422527313232421875">
        <ele>45.200000762939453125</ele>
        <time>2026-09-30T22:41:34.000Z</time>
        <extensions>
          <ns3:TrackPointExtension>
            <ns3:hr>109</ns3:hr>
            <ns3:cad>86</ns3:cad>
          </ns3:TrackPointExtension>
        </extensions>
      </trkpt>
      <trkpt lat="35.7590441219508647918701171875" lon="139.53959324397146701812744140625">
        <ele>45.200000762939453125</ele>
        <time>2026-09-30T22:41:35.000Z</time>
        <extensions>
          <ns3:TrackPointExtension>
            <ns3:hr>109</ns3:hr>
            <ns3:cad>86</ns3:cad>
          </ns3:TrackPointExtension>
        </extensions>
      </trkpt>
      <trkpt lat="35.7590575329959392547607421875" lon="139.539616294205188751220703125">
        <ele>45.200000762939453125</ele>
        <time>2026-09-30T22:41:36.000Z</time>
        <extensions>
          <ns3:TrackPointExtension>
            <ns3:hr>109</ns3:hr>
            <ns3:cad>86</ns3:cad>
          </ns3:TrackPointExtension>
        </extensions>
      </trkpt>
      <trkpt lat="35.759070776402950286865234375" lon="139.5396402664482593536376953125">
        <ele>45.200000762939453125</ele>
        <time>2026-09-30T22:41:37.000Z</time>
        <extensions>
          <ns3:TrackPointExtension>
            <ns3:hr>109</ns3:hr>
            <ns3:cad>86</ns3:cad>
          </ns3:TrackPointExtension>
        </extensions>
      </trkpt>
      <trkpt lat="35.759086869657039642333984375" lon="139.53966096974909305572509765625">
        <ele>45.200000762939453125</ele>
        <time>2026-09-30T22:41:38.000Z</time>
        <extensions>
          <ns3:TrackPointExtension>
            <ns3:hr>109</ns3:hr>
            <ns3:cad>86</ns3:cad>
          </ns3:TrackPointExtension>
        </extensions>
      </trkpt>
      <trkpt lat="35.75910237617790699005126953125" lon="139.53968494199216365814208984375">
        <ele>45.200000762939453125</ele>
        <time>2026-09-30T22:41:39.000Z</time>
        <extensions>
          <ns3:TrackPointExtension>
            <ns3:hr>110</ns3:hr>
            <ns3:cad>87</ns3:cad>
          </ns3:TrackPointExtension>
        </extensions>
      </trkpt>
      <trkpt lat="35.759119056165218353271484375" lon="139.539704807102680206298828125">
        <ele>45.200000762939453125</ele>
        <time>2026-09-30T22:41:40.000Z</time>
        <extensions>
          <ns3:TrackPointExtension>
            <ns3:hr>110</ns3:hr>
            <ns3:cad>87</ns3:cad>
          </ns3:TrackPointExtension>
        </extensions>
      </trkpt>
      <trkpt lat="35.75913690961897373199462890625" lon="139.53972651623189449310302734375">
        <ele>45.200000762939453125</ele>
        <time>2026-09-30T22:41:41.000Z</time>
        <extensions>
          <ns3:TrackPointExtension>
            <ns3:hr>110</ns3:hr>
            <ns3:cad>86</ns3:cad>
          </ns3:TrackPointExtension>
        </extensions>
      </trkpt>
      <trkpt lat="35.75915233232080936431884765625" lon="139.5397468842566013336181640625">
        <ele>45.200000762939453125</ele>
        <time>2026-09-30T22:41:42.000Z</time>
        <extensions>
          <ns3:TrackPointExtension>
            <ns3:hr>109</ns3:hr>
            <ns3:cad>86</ns3:cad>
          </ns3:TrackPointExtension>
        </extensions>
      </trkpt>
      <trkpt lat="35.75916725210845470428466796875" lon="139.53976741991937160491943359375">
        <ele>45.200000762939453125</ele>
        <time>2026-09-30T22:41:43.000Z</time>
        <extensions>
          <ns3:TrackPointExtension>
            <ns3:hr>109</ns3:hr>
            <ns3:cad>86</ns3:cad>
          </ns3:TrackPointExtension>
        </extensions>
      </trkpt>
      <trkpt lat="35.75918485410511493682861328125" lon="139.53978870995342731475830078125">
        <ele>45</ele>
        <time>2026-09-30T22:41:44.000Z</time>
        <extensions>
          <ns3:TrackPointExtension>
            <ns3:hr>109</ns3:hr>
            <ns3:cad>86</ns3:cad>
          </ns3:TrackPointExtension>
        </extensions>
      </trkpt>
      <trkpt lat="35.759202204644680023193359375" lon="139.53980932943522930145263671875">
        <ele>45</ele>
        <time>2026-09-30T22:41:45.000Z</time>
        <extensions>
          <ns3:TrackPointExtension>
            <ns3:hr>109</ns3:hr>
            <ns3:cad>86</ns3:cad>
          </ns3:TrackPointExtension>
        </extensions>
      </trkpt>
      <trkpt lat="35.759214945137500762939453125" lon="139.53983481042087078094482421875">
        <ele>45</ele>
        <time>2026-09-30T22:41:46.000Z</time>
        <extensions>
          <ns3:TrackPointExtension>
            <ns3:hr>109</ns3:hr>
            <ns3:cad>86</ns3:cad>
          </ns3:TrackPointExtension>
        </extensions>
      </trkpt>
      <trkpt lat="35.7592265121638774871826171875" lon="139.53985844738781452178955078125">
        <ele>45</ele>
        <time>2026-09-30T22:41:47.000Z</time>
        <extensions>
          <ns3:TrackPointExtension>
            <ns3:hr>109</ns3:hr>
            <ns3:cad>86</ns3:cad>
          </ns3:TrackPointExtension>
        </extensions>
      </trkpt>
      <trkpt lat="35.75923916883766651153564453125" lon="139.539882503449916839599609375">
        <ele>45</ele>
        <time>2026-09-30T22:41:48.000Z</time>
        <extensions>
          <ns3:TrackPointExtension>
            <ns3:hr>109</ns3:hr>
            <ns3:cad>86</ns3:cad>
          </ns3:TrackPointExtension>
        </extensions>
      </trkpt>
      <trkpt lat="35.7592529989778995513916015625" lon="139.5399054698646068572998046875">
        <ele>45</ele>
        <time>2026-09-30T22:41:49.000Z</time>
        <extensions>
          <ns3:TrackPointExtension>
            <ns3:hr>109</ns3:hr>
            <ns3:cad>86</ns3:cad>
          </ns3:TrackPointExtension>
        </extensions>
      </trkpt>
      <trkpt lat="35.75927135534584522247314453125" lon="139.53992751426994800567626953125">
        <ele>45</ele>
        <time>2026-09-30T22:41:50.000Z</time>
        <extensions>
          <ns3:TrackPointExtension>
            <ns3:hr>109</ns3:hr>
            <ns3:cad>86</ns3:cad>
          </ns3:TrackPointExtension>
        </extensions>
      </trkpt>
      <trkpt lat="35.75928694568574428558349609375" lon="139.53995190560817718505859375">
        <ele>45</ele>
        <time>2026-09-30T22:41:51.000Z</time>
        <extensions>
          <ns3:TrackPointExtension>
            <ns3:hr>109</ns3:hr>
            <ns3:cad>86</ns3:cad>
          </ns3:TrackPointExtension>
        </extensions>
      </trkpt>
      <trkpt lat="35.7593053020536899566650390625" lon="139.53997411765158176422119140625">
        <ele>45</ele>
        <time>2026-09-30T22:41:52.000Z</time>
        <extensions>
          <ns3:TrackPointExtension>
            <ns3:hr>109</ns3:hr>
            <ns3:cad>86</ns3:cad>
          </ns3:TrackPointExtension>
        </extensions>
      </trkpt>
      <trkpt lat="35.75932064093649387359619140625" lon="139.53999825753271579742431640625">
        <ele>45</ele>
        <time>2026-09-30T22:41:53.000Z</time>
        <extensions>
          <ns3:TrackPointExtension>
            <ns3:hr>109</ns3:hr>
            <ns3:cad>86</ns3:cad>
          </ns3:TrackPointExtension>
        </extensions>
      </trkpt>
      <trkpt lat="35.7593361474573612213134765625" lon="139.54002038575708866119384765625">
        <ele>45</ele>
        <time>2026-09-30T22:41:54.000Z</time>
        <extensions>
          <ns3:TrackPointExtension>
            <ns3:hr>109</ns3:hr>
            <ns3:cad>86</ns3:cad>
          </ns3:TrackPointExtension>
        </extensions>
      </trkpt>
      <trkpt lat="35.75935299508273601531982421875" lon="139.54004066996276378631591796875">
        <ele>45</ele>
        <time>2026-09-30T22:41:55.000Z</time>
        <extensions>
          <ns3:TrackPointExtension>
            <ns3:hr>109</ns3:hr>
            <ns3:cad>85</ns3:cad>
          </ns3:TrackPointExtension>
        </extensions>
      </trkpt>
      <trkpt lat="35.75937311165034770965576171875" lon="139.5400585234165191650390625">
        <ele>45</ele>
        <time>2026-09-30T22:41:56.000Z</time>
        <extensions>
          <ns3:TrackPointExtension>
            <ns3:hr>109</ns3:hr>
            <ns3:cad>85</ns3:cad>
          </ns3:TrackPointExtension>
        </extensions>
      </trkpt>
      <trkpt lat="35.75938987545669078826904296875" lon="139.54007931053638458251953125">
        <ele>45</ele>
        <time>2026-09-30T22:41:57.000Z</time>
        <extensions>
          <ns3:TrackPointExtension>
            <ns3:hr>109</ns3:hr>
            <ns3:cad>86</ns3:cad>
          </ns3:TrackPointExtension>
        </extensions>
      </trkpt>
      <trkpt lat="35.75940144248306751251220703125" lon="139.5401032827794551849365234375">
        <ele>45</ele>
        <time>2026-09-30T22:41:58.000Z</time>
        <extensions>
          <ns3:TrackPointExtension>
            <ns3:hr>109</ns3:hr>
            <ns3:cad>86</ns3:cad>
          </ns3:TrackPointExtension>
        </extensions>
      </trkpt>
      <trkpt lat="35.759413428604602813720703125" lon="139.54012691974639892578125">
        <ele>44.799999237060546875</ele>
        <time>2026-09-30T22:41:59.000Z</time>
        <extensions>
          <ns3:TrackPointExtension>
            <ns3:hr>109</ns3:hr>
            <ns3:cad>86</ns3:cad>
          </ns3:TrackPointExtension>
        </extensions>
      </trkpt>
      <trkpt lat="35.75943061150610446929931640625" lon="139.54015843570232391357421875">
        <ele>44.799999237060546875</ele>
        <time>2026-09-30T22:42:00.000Z</time>
        <extensions>
          <ns3:TrackPointExtension>
            <ns3:hr>109</ns3:hr>
            <ns3:cad>87</ns3:cad>
          </ns3:TrackPointExtension>
        </extensions>
      </trkpt>
      <trkpt lat="35.759450308978557586669921875" lon="139.540186934173107147216796875">
        <ele>44.799999237060546875</ele>
        <time>2026-09-30T22:42:01.000Z</time>
        <extensions>
          <ns3:TrackPointExtension>
            <ns3:hr>109</ns3:hr>
            <ns3:cad>86</ns3:cad>
          </ns3:TrackPointExtension>
        </extensions>
      </trkpt>
      <trkpt lat="35.759471096098423004150390625" lon="139.5402139239013195037841796875">
        <ele>44.799999237060546875</ele>
        <time>2026-09-30T22:42:02.000Z</time>
        <extensions>
          <ns3:TrackPointExtension>
            <ns3:hr>110</ns3:hr>
            <ns3:cad>87</ns3:cad>
          </ns3:TrackPointExtension>
        </extensions>
      </trkpt>
      <trkpt lat="35.75948844663798809051513671875" lon="139.5402387343347072601318359375">
        <ele>44.799999237060546875</ele>
        <time>2026-09-30T22:42:03.000Z</time>
        <extensions>
          <ns3:TrackPointExtension>
            <ns3:hr>110</ns3:hr>
            <ns3:cad>87</ns3:cad>
          </ns3:TrackPointExtension>
        </extensions>
      </trkpt>
      <trkpt lat="35.75951158069074153900146484375" lon="139.5402625389397144317626953125">
        <ele>44.799999237060546875</ele>
        <time>2026-09-30T22:42:04.000Z</time>
        <extensions>
          <ns3:TrackPointExtension>
            <ns3:hr>110</ns3:hr>
            <ns3:cad>87</ns3:cad>
          </ns3:TrackPointExtension>
        </extensions>
      </trkpt>
      <trkpt lat="35.759528763592243194580078125" lon="139.54028123058378696441650390625">
        <ele>44.799999237060546875</ele>
        <time>2026-09-30T22:42:05.000Z</time>
        <extensions>
          <ns3:TrackPointExtension>
            <ns3:hr>110</ns3:hr>
            <ns3:cad>88</ns3:cad>
          </ns3:TrackPointExtension>
        </extensions>
      </trkpt>
      <trkpt lat="35.7595456950366497039794921875" lon="139.5403014309704303741455078125">
        <ele>45.40000152587890625</ele>
        <time>2026-09-30T22:42:06.000Z</time>
        <extensions>
          <ns3:TrackPointExtension>
            <ns3:hr>110</ns3:hr>
            <ns3:cad>88</ns3:cad>
          </ns3:TrackPointExtension>
        </extensions>
      </trkpt>
      <trkpt lat="35.75956338085234165191650390625" lon="139.5403213798999786376953125">
        <ele>45.40000152587890625</ele>
        <time>2026-09-30T22:42:07.000Z</time>
        <extensions>
          <ns3:TrackPointExtension>
            <ns3:hr>110</ns3:hr>
            <ns3:cad>88</ns3:cad>
          </ns3:TrackPointExtension>
        </extensions>
      </trkpt>
      <trkpt lat="35.75957964174449443817138671875" lon="139.5403403230011463165283203125">
        <ele>45.40000152587890625</ele>
        <time>2026-09-30T22:42:08.000Z</time>
        <extensions>
          <ns3:TrackPointExtension>
            <ns3:hr>110</ns3:hr>
            <ns3:cad>88</ns3:cad>
          </ns3:TrackPointExtension>
        </extensions>
      </trkpt>
      <trkpt lat="35.7595959864556789398193359375" lon="139.5403607748448848724365234375">
        <ele>45.59999847412109375</ele>
        <time>2026-09-30T22:42:09.000Z</time>
        <extensions>
          <ns3:TrackPointExtension>
            <ns3:hr>111</ns3:hr>
            <ns3:cad>88</ns3:cad>
          </ns3:TrackPointExtension>
        </extensions>
      </trkpt>
      <trkpt lat="35.7596120797097682952880859375" lon="139.5403782092034816741943359375">
        <ele>45.799999237060546875</ele>
        <time>2026-09-30T22:42:10.000Z</time>
        <extensions>
          <ns3:TrackPointExtension>
            <ns3:hr>112</ns3:hr>
            <ns3:cad>83</ns3:cad>
          </ns3:TrackPointExtension>
        </extensions>
      </trkpt>
      <trkpt lat="35.75962943024933338165283203125" lon="139.54039405100047588348388671875">
        <ele>46</ele>
        <time>2026-09-30T22:42:11.000Z</time>
        <extensions>
          <ns3:TrackPointExtension>
            <ns3:hr>112</ns3:hr>
            <ns3:cad>82</ns3:cad>
          </ns3:TrackPointExtension>
        </extensions>
      </trkpt>
      <trkpt lat="35.759647451341152191162109375" lon="139.5404120720922946929931640625">
        <ele>46</ele>
        <time>2026-09-30T22:42:12.000Z</time>
        <extensions>
          <ns3:TrackPointExtension>
            <ns3:hr>113</ns3:hr>
            <ns3:cad>82</ns3:cad>
          </ns3:TrackPointExtension>
        </extensions>
      </trkpt>
      <trkpt lat="35.759661532938480377197265625" lon="139.54043176956474781036376953125">
        <ele>46</ele>
        <time>2026-09-30T22:42:13.000Z</time>
        <extensions>
          <ns3:TrackPointExtension>
            <ns3:hr>113</ns3:hr>
            <ns3:cad>82</ns3:cad>
          </ns3:TrackPointExtension>
        </extensions>
      </trkpt>
      <trkpt lat="35.75967553071677684783935546875" lon="139.5404541492462158203125">
        <ele>45.799999237060546875</ele>
        <time>2026-09-30T22:42:14.000Z</time>
        <extensions>
          <ns3:TrackPointExtension>
            <ns3:hr>113</ns3:hr>
            <ns3:cad>82</ns3:cad>
          </ns3:TrackPointExtension>
        </extensions>
      </trkpt>
      <trkpt lat="35.75968860648572444915771484375" lon="139.5404747687280178070068359375">
        <ele>45.799999237060546875</ele>
        <time>2026-09-30T22:42:15.000Z</time>
        <extensions>
          <ns3:TrackPointExtension>
            <ns3:hr>113</ns3:hr>
            <ns3:cad>84</ns3:cad>
          </ns3:TrackPointExtension>
        </extensions>
      </trkpt>
      <trkpt lat="35.75970570556819438934326171875" lon="139.54049530439078807830810546875">
        <ele>45.799999237060546875</ele>
        <time>2026-09-30T22:42:16.000Z</time>
        <extensions>
          <ns3:TrackPointExtension>
            <ns3:hr>113</ns3:hr>
            <ns3:cad>84</ns3:cad>
          </ns3:TrackPointExtension>
        </extensions>
      </trkpt>
      <trkpt lat="35.759722553193569183349609375" lon="139.54051542095839977264404296875">
        <ele>45.59999847412109375</ele>
        <time>2026-09-30T22:42:17.000Z</time>
        <extensions>
          <ns3:TrackPointExtension>
            <ns3:hr>113</ns3:hr>
            <ns3:cad>85</ns3:cad>
          </ns3:TrackPointExtension>
        </extensions>
      </trkpt>
      <trkpt lat="35.75974007137119770050048828125" lon="139.54053662717342376708984375">
        <ele>45.40000152587890625</ele>
        <time>2026-09-30T22:42:18.000Z</time>
        <extensions>
          <ns3:TrackPointExtension>
            <ns3:hr>113</ns3:hr>
            <ns3:cad>85</ns3:cad>
          </ns3:TrackPointExtension>
        </extensions>
      </trkpt>
      <trkpt lat="35.7597555778920650482177734375" lon="139.54055917449295520782470703125">
        <ele>45.200000762939453125</ele>
        <time>2026-09-30T22:42:19.000Z</time>
        <extensions>
          <ns3:TrackPointExtension>
            <ns3:hr>113</ns3:hr>
            <ns3:cad>85</ns3:cad>
          </ns3:TrackPointExtension>
        </extensions>
      </trkpt>
      <trkpt lat="35.75976890511810779571533203125" lon="139.54058113507926464080810546875">
        <ele>45.200000762939453125</ele>
        <time>2026-09-30T22:42:20.000Z</time>
        <extensions>
          <ns3:TrackPointExtension>
            <ns3:hr>114</ns3:hr>
            <ns3:cad>85</ns3:cad>
          </ns3:TrackPointExtension>
        </extensions>
      </trkpt>
      <trkpt lat="35.75978566892445087432861328125" lon="139.54060745425522327423095703125">
        <ele>45.200000762939453125</ele>
        <time>2026-09-30T22:42:21.000Z</time>
        <extensions>
          <ns3:TrackPointExtension>
            <ns3:hr>114</ns3:hr>
            <ns3:cad>84</ns3:cad>
          </ns3:TrackPointExtension>
        </extensions>
      </trkpt>
      <trkpt lat="35.7598006725311279296875" lon="139.54063452780246734619140625">
        <ele>45</ele>
        <time>2026-09-30T22:42:22.000Z</time>
        <extensions>
          <ns3:TrackPointExtension>
            <ns3:hr>114</ns3:hr>
            <ns3:cad>84</ns3:cad>
          </ns3:TrackPointExtension>
        </extensions>
      </trkpt>
      <trkpt lat="35.7598139159381389617919921875" lon="139.5406615175306797027587890625">
        <ele>45</ele>
        <time>2026-09-30T22:42:23.000Z</time>
        <extensions>
          <ns3:TrackPointExtension>
            <ns3:hr>114</ns3:hr>
            <ns3:cad>85</ns3:cad>
          </ns3:TrackPointExtension>
        </extensions>
      </trkpt>
      <trkpt lat="35.75982841663062572479248046875" lon="139.5406883396208286285400390625">
        <ele>45</ele>
        <time>2026-09-30T22:42:24.000Z</time>
        <extensions>
          <ns3:TrackPointExtension>
            <ns3:hr>114</ns3:hr>
            <ns3:cad>85</ns3:cad>
          </ns3:TrackPointExtension>
        </extensions>
      </trkpt>
      <trkpt lat="35.759843923151493072509765625" lon="139.54071340151131153106689453125">
        <ele>44.799999237060546875</ele>
        <time>2026-09-30T22:42:25.000Z</time>
        <extensions>
          <ns3:TrackPointExtension>
            <ns3:hr>114</ns3:hr>
            <ns3:cad>85</ns3:cad>
          </ns3:TrackPointExtension>
        </extensions>
      </trkpt>
      <trkpt lat="35.7598610222339630126953125" lon="139.5407366193830966949462890625">
        <ele>44.59999847412109375</ele>
        <time>2026-09-30T22:42:26.000Z</time>
        <extensions>
          <ns3:TrackPointExtension>
            <ns3:hr>114</ns3:hr>
            <ns3:cad>85</ns3:cad>
          </ns3:TrackPointExtension>
        </extensions>
      </trkpt>
      <trkpt lat="35.759875774383544921875" lon="139.5407600887119770050048828125">
        <ele>44.59999847412109375</ele>
        <time>2026-09-30T22:42:27.000Z</time>
        <extensions>
          <ns3:TrackPointExtension>
            <ns3:hr>114</ns3:hr>
            <ns3:cad>86</ns3:cad>
          </ns3:TrackPointExtension>
        </extensions>
      </trkpt>
      <trkpt lat="35.759886838495731353759765625" lon="139.54078464768826961517333984375">
        <ele>44.40000152587890625</ele>
        <time>2026-09-30T22:42:28.000Z</time>
        <extensions>
          <ns3:TrackPointExtension>
            <ns3:hr>114</ns3:hr>
            <ns3:cad>86</ns3:cad>
          </ns3:TrackPointExtension>
        </extensions>
      </trkpt>
      <trkpt lat="35.75989999808371067047119140625" lon="139.540808200836181640625">
        <ele>44.40000152587890625</ele>
        <time>2026-09-30T22:42:29.000Z</time>
        <extensions>
          <ns3:TrackPointExtension>
            <ns3:hr>114</ns3:hr>
            <ns3:cad>86</ns3:cad>
          </ns3:TrackPointExtension>
        </extensions>
      </trkpt>
      <trkpt lat="35.75991273857653141021728515625" lon="139.5408358611166477203369140625">
        <ele>44.40000152587890625</ele>
        <time>2026-09-30T22:42:30.000Z</time>
        <extensions>
          <ns3:TrackPointExtension>
            <ns3:hr>114</ns3:hr>
            <ns3:cad>86</ns3:cad>
          </ns3:TrackPointExtension>
        </extensions>
      </trkpt>
      <trkpt lat="35.75992799364030361175537109375" lon="139.5408626832067966461181640625">
        <ele>44.40000152587890625</ele>
        <time>2026-09-30T22:42:31.000Z</time>
        <extensions>
          <ns3:TrackPointExtension>
            <ns3:hr>114</ns3:hr>
            <ns3:cad>87</ns3:cad>
          </ns3:TrackPointExtension>
        </extensions>
      </trkpt>
      <trkpt lat="35.75994743965566158294677734375" lon="139.540888331830501556396484375">
        <ele>44.59999847412109375</ele>
        <time>2026-09-30T22:42:32.000Z</time>
        <extensions>
          <ns3:TrackPointExtension>
            <ns3:hr>114</ns3:hr>
            <ns3:cad>87</ns3:cad>
          </ns3:TrackPointExtension>
        </extensions>
      </trkpt>
      <trkpt lat="35.7599641196429729461669921875" lon="139.5409146510064601898193359375">
        <ele>44.59999847412109375</ele>
        <time>2026-09-30T22:42:33.000Z</time>
        <extensions>
          <ns3:TrackPointExtension>
            <ns3:hr>114</ns3:hr>
            <ns3:cad>87</ns3:cad>
          </ns3:TrackPointExtension>
        </extensions>
      </trkpt>
      <trkpt lat="35.75997845269739627838134765625" lon="139.54094138927757740020751953125">
        <ele>44.799999237060546875</ele>
        <time>2026-09-30T22:42:34.000Z</time>
        <extensions>
          <ns3:TrackPointExtension>
            <ns3:hr>114</ns3:hr>
            <ns3:cad>87</ns3:cad>
          </ns3:TrackPointExtension>
        </extensions>
      </trkpt>
      <trkpt lat="35.75999312102794647216796875" lon="139.54096837900578975677490234375">
        <ele>44.799999237060546875</ele>
        <time>2026-09-30T22:42:35.000Z</time>
        <extensions>
          <ns3:TrackPointExtension>
            <ns3:hr>114</ns3:hr>
            <ns3:cad>86</ns3:cad>
          </ns3:TrackPointExtension>
        </extensions>
      </trkpt>
      <trkpt lat="35.76000661589205265045166015625" lon="139.540994949638843536376953125">
        <ele>44.799999237060546875</ele>
        <time>2026-09-30T22:42:36.000Z</time>
        <extensions>
          <ns3:TrackPointExtension>
            <ns3:hr>114</ns3:hr>
            <ns3:cad>87</ns3:cad>
          </ns3:TrackPointExtension>
        </extensions>
      </trkpt>
      <trkpt lat="35.76001684181392192840576171875" lon="139.54102344810962677001953125">
        <ele>44.59999847412109375</ele>
        <time>2026-09-30T22:42:37.000Z</time>
        <extensions>
          <ns3:TrackPointExtension>
            <ns3:hr>114</ns3:hr>
            <ns3:cad>87</ns3:cad>
          </ns3:TrackPointExtension>
        </extensions>
      </trkpt>
      <trkpt lat="35.76002974994480609893798828125" lon="139.5410497672855854034423828125">
        <ele>44.59999847412109375</ele>
        <time>2026-09-30T22:42:38.000Z</time>
        <extensions>
          <ns3:TrackPointExtension>
            <ns3:hr>115</ns3:hr>
            <ns3:cad>87</ns3:cad>
          </ns3:TrackPointExtension>
        </extensions>
      </trkpt>
      <trkpt lat="35.76004466973245143890380859375" lon="139.5410765893757343292236328125">
        <ele>44.59999847412109375</ele>
        <time>2026-09-30T22:42:39.000Z</time>
        <extensions>
          <ns3:TrackPointExtension>
            <ns3:hr>115</ns3:hr>
            <ns3:cad>87</ns3:cad>
          </ns3:TrackPointExtension>
        </extensions>
      </trkpt>
      <trkpt lat="35.76005506329238414764404296875" lon="139.54110634513199329376220703125">
        <ele>44.40000152587890625</ele>
        <time>2026-09-30T22:42:40.000Z</time>
        <extensions>
          <ns3:TrackPointExtension>
            <ns3:hr>116</ns3:hr>
            <ns3:cad>88</ns3:cad>
          </ns3:TrackPointExtension>
        </extensions>
      </trkpt>
      <trkpt lat="35.76006688177585601806640625" lon="139.54113610088825225830078125">
        <ele>44.40000152587890625</ele>
        <time>2026-09-30T22:42:41.000Z</time>
        <extensions>
          <ns3:TrackPointExtension>
            <ns3:hr>116</ns3:hr>
            <ns3:cad>88</ns3:cad>
          </ns3:TrackPointExtension>
        </extensions>
      </trkpt>
      <trkpt lat="35.76007501222193241119384765625" lon="139.54116518609225749969482421875">
        <ele>44.40000152587890625</ele>
        <time>2026-09-30T22:42:42.000Z</time>
        <extensions>
          <ns3:TrackPointExtension>
            <ns3:hr>116</ns3:hr>
            <ns3:cad>88</ns3:cad>
          </ns3:TrackPointExtension>
        </extensions>
      </trkpt>
      <trkpt lat="35.76008565723896026611328125" lon="139.54119452275335788726806640625">
        <ele>44.40000152587890625</ele>
        <time>2026-09-30T22:42:43.000Z</time>
        <extensions>
          <ns3:TrackPointExtension>
            <ns3:hr>116</ns3:hr>
            <ns3:cad>87</ns3:cad>
          </ns3:TrackPointExtension>
        </extensions>
      </trkpt>
      <trkpt lat="35.76009814627468585968017578125" lon="139.54122318886220455169677734375">
        <ele>44.40000152587890625</ele>
        <time>2026-09-30T22:42:44.000Z</time>
        <extensions>
          <ns3:TrackPointExtension>
            <ns3:hr>116</ns3:hr>
            <ns3:cad>87</ns3:cad>
          </ns3:TrackPointExtension>
        </extensions>
      </trkpt>
      <trkpt lat="35.76010887511074542999267578125" lon="139.54125269316136837005615234375">
        <ele>44.40000152587890625</ele>
        <time>2026-09-30T22:42:45.000Z</time>
        <extensions>
          <ns3:TrackPointExtension>
            <ns3:hr>116</ns3:hr>
            <ns3:cad>87</ns3:cad>
          </ns3:TrackPointExtension>
        </extensions>
      </trkpt>
      <trkpt lat="35.76011650264263153076171875" lon="139.541283957660198211669921875">
        <ele>44.40000152587890625</ele>
        <time>2026-09-30T22:42:46.000Z</time>
        <extensions>
          <ns3:TrackPointExtension>
            <ns3:hr>116</ns3:hr>
            <ns3:cad>87</ns3:cad>
          </ns3:TrackPointExtension>
        </extensions>
      </trkpt>
      <trkpt lat="35.760126896202564239501953125" lon="139.54131287522614002227783203125">
        <ele>44.40000152587890625</ele>
        <time>2026-09-30T22:42:47.000Z</time>
        <extensions>
          <ns3:TrackPointExtension>
            <ns3:hr>116</ns3:hr>
            <ns3:cad>88</ns3:cad>
          </ns3:TrackPointExtension>
        </extensions>
      </trkpt>
      <trkpt lat="35.7601404748857021331787109375" lon="139.54133952967822551727294921875">
        <ele>44.40000152587890625</ele>
        <time>2026-09-30T22:42:48.000Z</time>
        <extensions>
          <ns3:TrackPointExtension>
            <ns3:hr>116</ns3:hr>
            <ns3:cad>88</ns3:cad>
          </ns3:TrackPointExtension>
        </extensions>
      </trkpt>
      <trkpt lat="35.7601532153785228729248046875" lon="139.5413679443299770355224609375">
        <ele>44.59999847412109375</ele>
        <time>2026-09-30T22:42:49.000Z</time>
        <extensions>
          <ns3:TrackPointExtension>
            <ns3:hr>116</ns3:hr>
            <ns3:cad>88</ns3:cad>
          </ns3:TrackPointExtension>
        </extensions>
      </trkpt>
      <trkpt lat="35.76015899889171123504638671875" lon="139.54140021465718746185302734375">
        <ele>44.59999847412109375</ele>
        <time>2026-09-30T22:42:50.000Z</time>
        <extensions>
          <ns3:TrackPointExtension>
            <ns3:hr>116</ns3:hr>
            <ns3:cad>87</ns3:cad>
          </ns3:TrackPointExtension>
        </extensions>
      </trkpt>
      <trkpt lat="35.76015849597752094268798828125" lon="139.54143240116536617279052734375">
        <ele>44.40000152587890625</ele>
        <time>2026-09-30T22:42:51.000Z</time>
        <extensions>
          <ns3:TrackPointExtension>
            <ns3:hr>117</ns3:hr>
            <ns3:cad>87</ns3:cad>
          </ns3:TrackPointExtension>
        </extensions>
      </trkpt>
      <trkpt lat="35.76016050763428211212158203125" lon="139.54146609641611576080322265625">
        <ele>44.40000152587890625</ele>
        <time>2026-09-30T22:42:52.000Z</time>
        <extensions>
          <ns3:TrackPointExtension>
            <ns3:hr>117</ns3:hr>
            <ns3:cad>88</ns3:cad>
          </ns3:TrackPointExtension>
        </extensions>
      </trkpt>
      <trkpt lat="35.7601652853190898895263671875" lon="139.54149928875267505645751953125">
        <ele>44.40000152587890625</ele>
        <time>2026-09-30T22:42:53.000Z</time>
        <extensions>
          <ns3:TrackPointExtension>
            <ns3:hr>117</ns3:hr>
            <ns3:cad>88</ns3:cad>
          </ns3:TrackPointExtension>
        </extensions>
      </trkpt>
      <trkpt lat="35.7601696439087390899658203125" lon="139.54153239727020263671875">
        <ele>44.200000762939453125</ele>
        <time>2026-09-30T22:42:54.000Z</time>
        <extensions>
          <ns3:TrackPointExtension>
            <ns3:hr>117</ns3:hr>
            <ns3:cad>88</ns3:cad>
          </ns3:TrackPointExtension>
        </extensions>
      </trkpt>
      <trkpt lat="35.760176181793212890625" lon="139.5415624044835567474365234375">
        <ele>44.200000762939453125</ele>
        <time>2026-09-30T22:42:55.000Z</time>
        <extensions>
          <ns3:TrackPointExtension>
            <ns3:hr>117</ns3:hr>
            <ns3:cad>88</ns3:cad>
          </ns3:TrackPointExtension>
        </extensions>
      </trkpt>
      <trkpt lat="35.76018154621124267578125" lon="139.541593752801418304443359375">
        <ele>44.200000762939453125</ele>
        <time>2026-09-30T22:42:56.000Z</time>
        <extensions>
          <ns3:TrackPointExtension>
            <ns3:hr>117</ns3:hr>
            <ns3:cad>88</ns3:cad>
          </ns3:TrackPointExtension>
        </extensions>
      </trkpt>
      <trkpt lat="35.760188587009906768798828125" lon="139.54162250272929668426513671875">
        <ele>44</ele>
        <time>2026-09-30T22:42:57.000Z</time>
        <extensions>
          <ns3:TrackPointExtension>
            <ns3:hr>117</ns3:hr>
            <ns3:cad>88</ns3:cad>
          </ns3:TrackPointExtension>
        </extensions>
      </trkpt>
      <trkpt lat="35.7601924426853656768798828125" lon="139.54165041446685791015625">
        <ele>44</ele>
        <time>2026-09-30T22:42:58.000Z</time>
        <extensions>
          <ns3:TrackPointExtension>
            <ns3:hr>117</ns3:hr>
            <ns3:cad>87</ns3:cad>
          </ns3:TrackPointExtension>
        </extensions>
      </trkpt>
      <trkpt lat="35.76019906438887119293212890625" lon="139.54167933203279972076416015625">
        <ele>44.200000762939453125</ele>
        <time>2026-09-30T22:42:59.000Z</time>
        <extensions>
          <ns3:TrackPointExtension>
            <ns3:hr>117</ns3:hr>
            <ns3:cad>87</ns3:cad>
          </ns3:TrackPointExtension>
        </extensions>
      </trkpt>
      <trkpt lat="35.76020610518753528594970703125" lon="139.54170933924615383148193359375">
        <ele>44.200000762939453125</ele>
        <time>2026-09-30T22:43:00.000Z</time>
        <extensions>
          <ns3:TrackPointExtension>
            <ns3:hr>117</ns3:hr>
            <ns3:cad>87</ns3:cad>
          </ns3:TrackPointExtension>
        </extensions>
      </trkpt>
      <trkpt lat="35.76020903885364532470703125" lon="139.54174186103045940399169921875">
        <ele>44.200000762939453125</ele>
        <time>2026-09-30T22:43:01.000Z</time>
        <extensions>
          <ns3:TrackPointExtension>
            <ns3:hr>117</ns3:hr>
            <ns3:cad>87</ns3:cad>
          </ns3:TrackPointExtension>
        </extensions>
      </trkpt>
      <trkpt lat="35.76021381653845310211181640625" lon="139.54177404753863811492919921875">
        <ele>44.40000152587890625</ele>
        <time>2026-09-30T22:43:02.000Z</time>
        <extensions>
          <ns3:TrackPointExtension>
            <ns3:hr>117</ns3:hr>
            <ns3:cad>87</ns3:cad>
          </ns3:TrackPointExtension>
        </extensions>
      </trkpt>
      <trkpt lat="35.76021767221391201019287109375" lon="139.54180589877068996429443359375">
        <ele>44.40000152587890625</ele>
        <time>2026-09-30T22:43:03.000Z</time>
        <extensions>
          <ns3:TrackPointExtension>
            <ns3:hr>118</ns3:hr>
            <ns3:cad>87</ns3:cad>
          </ns3:TrackPointExtension>
        </extensions>
      </trkpt>
      <trkpt lat="35.76022504828870296478271484375" lon="139.54183573834598064422607421875">
        <ele>44.40000152587890625</ele>
        <time>2026-09-30T22:43:04.000Z</time>
        <extensions>
          <ns3:TrackPointExtension>
            <ns3:hr>118</ns3:hr>
            <ns3:cad>86</ns3:cad>
          </ns3:TrackPointExtension>
        </extensions>
      </trkpt>
      <trkpt lat="35.76023208908736705780029296875" lon="139.541865326464176177978515625">
        <ele>44.40000152587890625</ele>
        <time>2026-09-30T22:43:05.000Z</time>
        <extensions>
          <ns3:TrackPointExtension>
            <ns3:hr>117</ns3:hr>
            <ns3:cad>86</ns3:cad>
          </ns3:TrackPointExtension>
        </extensions>
      </trkpt>
      <trkpt lat="35.7602373696863651275634765625" lon="139.54189474694430828094482421875">
        <ele>44.40000152587890625</ele>
        <time>2026-09-30T22:43:06.000Z</time>
        <extensions>
          <ns3:TrackPointExtension>
            <ns3:hr>117</ns3:hr>
            <ns3:cad>87</ns3:cad>
          </ns3:TrackPointExtension>
        </extensions>
      </trkpt>
      <trkpt lat="35.76024348847568035125732421875" lon="139.54192190431058406829833984375">
        <ele>44.40000152587890625</ele>
        <time>2026-09-30T22:43:07.000Z</time>
        <extensions>
          <ns3:TrackPointExtension>
            <ns3:hr>117</ns3:hr>
            <ns3:cad>87</ns3:cad>
          </ns3:TrackPointExtension>
        </extensions>
      </trkpt>
      <trkpt lat="35.76024902053177356719970703125" lon="139.5419530011713504791259765625">
        <ele>44.40000152587890625</ele>
        <time>2026-09-30T22:43:08.000Z</time>
        <extensions>
          <ns3:TrackPointExtension>
            <ns3:hr>117</ns3:hr>
            <ns3:cad>87</ns3:cad>
          </ns3:TrackPointExtension>
        </extensions>
      </trkpt>
      <trkpt lat="35.76025388203561305999755859375" lon="139.541982002556324005126953125">
        <ele>44.40000152587890625</ele>
        <time>2026-09-30T22:43:09.000Z</time>
        <extensions>
          <ns3:TrackPointExtension>
            <ns3:hr>117</ns3:hr>
            <ns3:cad>87</ns3:cad>
          </ns3:TrackPointExtension>
        </extensions>
      </trkpt>
      <trkpt lat="35.76026427559554576873779296875" lon="139.5420111715793609619140625">
        <ele>44.40000152587890625</ele>
        <time>2026-09-30T22:43:10.000Z</time>
        <extensions>
          <ns3:TrackPointExtension>
            <ns3:hr>117</ns3:hr>
            <ns3:cad>86</ns3:cad>
          </ns3:TrackPointExtension>
        </extensions>
      </trkpt>
      <trkpt lat="35.76027818955481052398681640625" lon="139.54203606583178043365478515625">
        <ele>44.40000152587890625</ele>
        <time>2026-09-30T22:43:11.000Z</time>
        <extensions>
          <ns3:TrackPointExtension>
            <ns3:hr>117</ns3:hr>
            <ns3:cad>86</ns3:cad>
          </ns3:TrackPointExtension>
        </extensions>
      </trkpt>
      <trkpt lat="35.760286487638950347900390625" lon="139.54206523485481739044189453125">
        <ele>44.40000152587890625</ele>
        <time>2026-09-30T22:43:12.000Z</time>
        <extensions>
          <ns3:TrackPointExtension>
            <ns3:hr>117</ns3:hr>
            <ns3:cad>86</ns3:cad>
          </ns3:TrackPointExtension>
        </extensions>
      </trkpt>
      <trkpt lat="35.76028405688703060150146484375" lon="139.5420951582491397857666015625">
        <ele>44.40000152587890625</ele>
        <time>2026-09-30T22:43:13.000Z</time>
        <extensions>
          <ns3:TrackPointExtension>
            <ns3:hr>117</ns3:hr>
            <ns3:cad>88</ns3:cad>
          </ns3:TrackPointExtension>
        </extensions>
      </trkpt>
      <trkpt lat="35.76028405688703060150146484375" lon="139.542126171290874481201171875">
        <ele>44.40000152587890625</ele>
        <time>2026-09-30T22:43:14.000Z</time>
        <extensions>
          <ns3:TrackPointExtension>
            <ns3:hr>118</ns3:hr>
            <ns3:cad>88</ns3:cad>
          </ns3:TrackPointExtension>
        </extensions>
      </trkpt>
      <trkpt lat="35.76028673909604549407958984375" lon="139.542159028351306915283203125">
        <ele>44.200000762939453125</ele>
        <time>2026-09-30T22:43:15.000Z</time>
        <extensions>
          <ns3:TrackPointExtension>
            <ns3:hr>118</ns3:hr>
            <ns3:cad>87</ns3:cad>
          </ns3:TrackPointExtension>
        </extensions>
      </trkpt>
      <trkpt lat="35.76028891839087009429931640625" lon="139.54219029285013675689697265625">
        <ele>44.200000762939453125</ele>
        <time>2026-09-30T22:43:16.000Z</time>
        <extensions>
          <ns3:TrackPointExtension>
            <ns3:hr>118</ns3:hr>
            <ns3:cad>87</ns3:cad>
          </ns3:TrackPointExtension>
        </extensions>
      </trkpt>
      <trkpt lat="35.76028816401958465576171875" lon="139.54222113825380802154541015625">
        <ele>44</ele>
        <time>2026-09-30T22:43:17.000Z</time>
        <extensions>
          <ns3:TrackPointExtension>
            <ns3:hr>118</ns3:hr>
            <ns3:cad>88</ns3:cad>
          </ns3:TrackPointExtension>
        </extensions>
      </trkpt>
      <trkpt lat="35.76028740964829921722412109375" lon="139.54225466586649417877197265625">
        <ele>44</ele>
        <time>2026-09-30T22:43:18.000Z</time>
        <extensions>
          <ns3:TrackPointExtension>
            <ns3:hr>118</ns3:hr>
            <ns3:cad>88</ns3:cad>
          </ns3:TrackPointExtension>
        </extensions>
      </trkpt>
      <trkpt lat="35.76029084622859954833984375" lon="139.5422819070518016815185546875">
        <ele>43.799999237060546875</ele>
        <time>2026-09-30T22:43:19.000Z</time>
        <extensions>
          <ns3:TrackPointExtension>
            <ns3:hr>118</ns3:hr>
            <ns3:cad>88</ns3:cad>
          </ns3:TrackPointExtension>
        </extensions>
      </trkpt>
      <trkpt lat="35.76029612682759761810302734375" lon="139.5423070527613162994384765625">
        <ele>43.799999237060546875</ele>
        <time>2026-09-30T22:43:20.000Z</time>
        <extensions>
          <ns3:TrackPointExtension>
            <ns3:hr>118</ns3:hr>
            <ns3:cad>87</ns3:cad>
          </ns3:TrackPointExtension>
        </extensions>
      </trkpt>
      <trkpt lat="35.76030157506465911865234375" lon="139.54233613796532154083251953125">
        <ele>43.799999237060546875</ele>
        <time>2026-09-30T22:43:21.000Z</time>
        <extensions>
          <ns3:TrackPointExtension>
            <ns3:hr>118</ns3:hr>
            <ns3:cad>87</ns3:cad>
          </ns3:TrackPointExtension>
        </extensions>
      </trkpt>
      <trkpt lat="35.76031255535781383514404296875" lon="139.54236798919737339019775390625">
        <ele>43.799999237060546875</ele>
        <time>2026-09-30T22:43:22.000Z</time>
        <extensions>
          <ns3:TrackPointExtension>
            <ns3:hr>118</ns3:hr>
            <ns3:cad>87</ns3:cad>
          </ns3:TrackPointExtension>
        </extensions>
      </trkpt>
      <trkpt lat="35.76032127253711223602294921875" lon="139.54239916987717151641845703125">
        <ele>44</ele>
        <time>2026-09-30T22:43:23.000Z</time>
        <extensions>
          <ns3:TrackPointExtension>
            <ns3:hr>118</ns3:hr>
            <ns3:cad>87</ns3:cad>
          </ns3:TrackPointExtension>
        </extensions>
      </trkpt>
      <trkpt lat="35.7603262178599834442138671875" lon="139.54242783598601818084716796875">
        <ele>44</ele>
        <time>2026-09-30T22:43:24.000Z</time>
        <extensions>
          <ns3:TrackPointExtension>
            <ns3:hr>118</ns3:hr>
            <ns3:cad>87</ns3:cad>
          </ns3:TrackPointExtension>
        </extensions>
      </trkpt>
      <trkpt lat="35.76032697223126888275146484375" lon="139.5424585975706577301025390625">
        <ele>44</ele>
        <time>2026-09-30T22:43:25.000Z</time>
        <extensions>
          <ns3:TrackPointExtension>
            <ns3:hr>118</ns3:hr>
            <ns3:cad>87</ns3:cad>
          </ns3:TrackPointExtension>
        </extensions>
      </trkpt>
      <trkpt lat="35.7603305764496326446533203125" lon="139.5424897782504558563232421875">
        <ele>44</ele>
        <time>2026-09-30T22:43:26.000Z</time>
        <extensions>
          <ns3:TrackPointExtension>
            <ns3:hr>118</ns3:hr>
            <ns3:cad>87</ns3:cad>
          </ns3:TrackPointExtension>
        </extensions>
      </trkpt>
      <trkpt lat="35.760336108505725860595703125" lon="139.542521126568317413330078125">
        <ele>44</ele>
        <time>2026-09-30T22:43:27.000Z</time>
        <extensions>
          <ns3:TrackPointExtension>
            <ns3:hr>118</ns3:hr>
            <ns3:cad>88</ns3:cad>
          </ns3:TrackPointExtension>
        </extensions>
      </trkpt>
      <trkpt lat="35.76034038327634334564208984375" lon="139.54255306161940097808837890625">
        <ele>43.799999237060546875</ele>
        <time>2026-09-30T22:43:28.000Z</time>
        <extensions>
          <ns3:TrackPointExtension>
            <ns3:hr>118</ns3:hr>
            <ns3:cad>88</ns3:cad>
          </ns3:TrackPointExtension>
        </extensions>
      </trkpt>
      <trkpt lat="35.76034876517951488494873046875" lon="139.5425849966704845428466796875">
        <ele>43.799999237060546875</ele>
        <time>2026-09-30T22:43:29.000Z</time>
        <extensions>
          <ns3:TrackPointExtension>
            <ns3:hr>118</ns3:hr>
            <ns3:cad>89</ns3:cad>
          </ns3:TrackPointExtension>
        </extensions>
      </trkpt>
      <trkpt lat="35.76036016456782817840576171875" lon="139.54261542297899723052978515625">
        <ele>43.799999237060546875</ele>
        <time>2026-09-30T22:43:30.000Z</time>
        <extensions>
          <ns3:TrackPointExtension>
            <ns3:hr>118</ns3:hr>
            <ns3:cad>89</ns3:cad>
          </ns3:TrackPointExtension>
        </extensions>
      </trkpt>
      <trkpt lat="35.76036938466131687164306640625" lon="139.54264576546847820281982421875">
        <ele>43.799999237060546875</ele>
        <time>2026-09-30T22:43:31.000Z</time>
        <extensions>
          <ns3:TrackPointExtension>
            <ns3:hr>118</ns3:hr>
            <ns3:cad>88</ns3:cad>
          </ns3:TrackPointExtension>
        </extensions>
      </trkpt>
      <trkpt lat="35.76037625782191753387451171875" lon="139.54267627559602260589599609375">
        <ele>44</ele>
        <time>2026-09-30T22:43:32.000Z</time>
        <extensions>
          <ns3:TrackPointExtension>
            <ns3:hr>118</ns3:hr>
            <ns3:cad>88</ns3:cad>
          </ns3:TrackPointExtension>
        </extensions>
      </trkpt>
      <trkpt lat="35.76038413681089878082275390625" lon="139.54270779155194759368896484375">
        <ele>44</ele>
        <time>2026-09-30T22:43:33.000Z</time>
        <extensions>
          <ns3:TrackPointExtension>
            <ns3:hr>118</ns3:hr>
            <ns3:cad>88</ns3:cad>
          </ns3:TrackPointExtension>
        </extensions>
      </trkpt>
      <trkpt lat="35.76039302162826061248779296875" lon="139.542739056050777435302734375">
        <ele>44</ele>
        <time>2026-09-30T22:43:34.000Z</time>
        <extensions>
          <ns3:TrackPointExtension>
            <ns3:hr>118</ns3:hr>
            <ns3:cad>88</ns3:cad>
          </ns3:TrackPointExtension>
        </extensions>
      </trkpt>
      <trkpt lat="35.7604016549885272979736328125" lon="139.542768895626068115234375">
        <ele>44</ele>
        <time>2026-09-30T22:43:35.000Z</time>
        <extensions>
          <ns3:TrackPointExtension>
            <ns3:hr>118</ns3:hr>
            <ns3:cad>88</ns3:cad>
          </ns3:TrackPointExtension>
        </extensions>
      </trkpt>
      <trkpt lat="35.7604060135781764984130859375" lon="139.54279865138232707977294921875">
        <ele>44</ele>
        <time>2026-09-30T22:43:36.000Z</time>
        <extensions>
          <ns3:TrackPointExtension>
            <ns3:hr>118</ns3:hr>
            <ns3:cad>88</ns3:cad>
          </ns3:TrackPointExtension>
        </extensions>
      </trkpt>
      <trkpt lat="35.7604113779962062835693359375" lon="139.54282698221504688262939453125">
        <ele>44</ele>
        <time>2026-09-30T22:43:37.000Z</time>
        <extensions>
          <ns3:TrackPointExtension>
            <ns3:hr>118</ns3:hr>
            <ns3:cad>88</ns3:cad>
          </ns3:TrackPointExtension>
        </extensions>
      </trkpt>
      <trkpt lat="35.7604190893471240997314453125" lon="139.54285464249551296234130859375">
        <ele>43.799999237060546875</ele>
        <time>2026-09-30T22:43:38.000Z</time>
        <extensions>
          <ns3:TrackPointExtension>
            <ns3:hr>118</ns3:hr>
            <ns3:cad>88</ns3:cad>
          </ns3:TrackPointExtension>
        </extensions>
      </trkpt>
      <trkpt lat="35.7604244537651538848876953125" lon="139.54288247041404247283935546875">
        <ele>43.59999847412109375</ele>
        <time>2026-09-30T22:43:39.000Z</time>
        <extensions>
          <ns3:TrackPointExtension>
            <ns3:hr>118</ns3:hr>
            <ns3:cad>88</ns3:cad>
          </ns3:TrackPointExtension>
        </extensions>
      </trkpt>
      <trkpt lat="35.76043032109737396240234375" lon="139.5429097115993499755859375">
        <ele>43.40000152587890625</ele>
        <time>2026-09-30T22:43:40.000Z</time>
        <extensions>
          <ns3:TrackPointExtension>
            <ns3:hr>118</ns3:hr>
            <ns3:cad>87</ns3:cad>
          </ns3:TrackPointExtension>
        </extensions>
      </trkpt>
      <trkpt lat="35.76043543405830860137939453125" lon="139.54293661750853061676025390625">
        <ele>43.40000152587890625</ele>
        <time>2026-09-30T22:43:41.000Z</time>
        <extensions>
          <ns3:TrackPointExtension>
            <ns3:hr>118</ns3:hr>
            <ns3:cad>85</ns3:cad>
          </ns3:TrackPointExtension>
        </extensions>
      </trkpt>
      <trkpt lat="35.7604408822953701019287109375" lon="139.5429631881415843963623046875">
        <ele>43.200000762939453125</ele>
        <time>2026-09-30T22:43:42.000Z</time>
        <extensions>
          <ns3:TrackPointExtension>
            <ns3:hr>117</ns3:hr>
            <ns3:cad>85</ns3:cad>
          </ns3:TrackPointExtension>
        </extensions>
      </trkpt>
      <trkpt lat="35.7604412175714969635009765625" lon="139.54299327917397022247314453125">
        <ele>43.200000762939453125</ele>
        <time>2026-09-30T22:43:43.000Z</time>
        <extensions>
          <ns3:TrackPointExtension>
            <ns3:hr>117</ns3:hr>
            <ns3:cad>85</ns3:cad>
          </ns3:TrackPointExtension>
        </extensions>
      </trkpt>
      <trkpt lat="35.76044750399887561798095703125" lon="139.54302035272121429443359375">
        <ele>43.200000762939453125</ele>
        <time>2026-09-30T22:43:44.000Z</time>
        <extensions>
          <ns3:TrackPointExtension>
            <ns3:hr>117</ns3:hr>
            <ns3:cad>86</ns3:cad>
          </ns3:TrackPointExtension>
        </extensions>
      </trkpt>
      <trkpt lat="35.76045337133109569549560546875" lon="139.5430500246584415435791015625">
        <ele>43.200000762939453125</ele>
        <time>2026-09-30T22:43:45.000Z</time>
        <extensions>
          <ns3:TrackPointExtension>
            <ns3:hr>116</ns3:hr>
            <ns3:cad>86</ns3:cad>
          </ns3:TrackPointExtension>
        </extensions>
      </trkpt>
      <trkpt lat="35.76046208851039409637451171875" lon="139.54307961277663707733154296875">
        <ele>43.200000762939453125</ele>
        <time>2026-09-30T22:43:46.000Z</time>
        <extensions>
          <ns3:TrackPointExtension>
            <ns3:hr>116</ns3:hr>
            <ns3:cad>85</ns3:cad>
          </ns3:TrackPointExtension>
        </extensions>
      </trkpt>
      <trkpt lat="35.76047047041356563568115234375" lon="139.54310794360935688018798828125">
        <ele>43.200000762939453125</ele>
        <time>2026-09-30T22:43:47.000Z</time>
        <extensions>
          <ns3:TrackPointExtension>
            <ns3:hr>116</ns3:hr>
            <ns3:cad>85</ns3:cad>
          </ns3:TrackPointExtension>
        </extensions>
      </trkpt>
      <trkpt lat="35.760478936135768890380859375" lon="139.54313543625175952911376953125">
        <ele>43.200000762939453125</ele>
        <time>2026-09-30T22:43:48.000Z</time>
        <extensions>
          <ns3:TrackPointExtension>
            <ns3:hr>116</ns3:hr>
            <ns3:cad>86</ns3:cad>
          </ns3:TrackPointExtension>
        </extensions>
      </trkpt>
      <trkpt lat="35.76048606075346469879150390625" lon="139.543162174522876739501953125">
        <ele>43.200000762939453125</ele>
        <time>2026-09-30T22:43:49.000Z</time>
        <extensions>
          <ns3:TrackPointExtension>
            <ns3:hr>115</ns3:hr>
            <ns3:cad>86</ns3:cad>
          </ns3:TrackPointExtension>
        </extensions>
      </trkpt>
      <trkpt lat="35.76049243099987506866455078125" lon="139.54319125972688198089599609375">
        <ele>43.200000762939453125</ele>
        <time>2026-09-30T22:43:50.000Z</time>
        <extensions>
          <ns3:TrackPointExtension>
            <ns3:hr>115</ns3:hr>
            <ns3:cad>86</ns3:cad>
          </ns3:TrackPointExtension>
        </extensions>
      </trkpt>
      <trkpt lat="35.76050533913075923919677734375" lon="139.54321824945509433746337890625">
        <ele>43</ele>
        <time>2026-09-30T22:43:51.000Z</time>
        <extensions>
          <ns3:TrackPointExtension>
            <ns3:hr>115</ns3:hr>
            <ns3:cad>85</ns3:cad>
          </ns3:TrackPointExtension>
        </extensions>
      </trkpt>
      <trkpt lat="35.7605156488716602325439453125" lon="139.54324725084006786346435546875">
        <ele>43</ele>
        <time>2026-09-30T22:43:52.000Z</time>
        <extensions>
          <ns3:TrackPointExtension>
            <ns3:hr>115</ns3:hr>
            <ns3:cad>85</ns3:cad>
          </ns3:TrackPointExtension>
        </extensions>
      </trkpt>
      <trkpt lat="35.76052176766097545623779296875" lon="139.54327524639666080474853515625">
        <ele>43</ele>
        <time>2026-09-30T22:43:53.000Z</time>
        <extensions>
          <ns3:TrackPointExtension>
            <ns3:hr>115</ns3:hr>
            <ns3:cad>85</ns3:cad>
          </ns3:TrackPointExtension>
        </extensions>
      </trkpt>
      <trkpt lat="35.76052964664995670318603515625" lon="139.5433066785335540771484375">
        <ele>43</ele>
        <time>2026-09-30T22:43:54.000Z</time>
        <extensions>
          <ns3:TrackPointExtension>
            <ns3:hr>115</ns3:hr>
            <ns3:cad>85</ns3:cad>
          </ns3:TrackPointExtension>
        </extensions>
      </trkpt>
      <trkpt lat="35.76054188422858715057373046875" lon="139.54333559609949588775634765625">
        <ele>43</ele>
        <time>2026-09-30T22:43:55.000Z</time>
        <extensions>
          <ns3:TrackPointExtension>
            <ns3:hr>115</ns3:hr>
            <ns3:cad>86</ns3:cad>
          </ns3:TrackPointExtension>
        </extensions>
      </trkpt>
      <trkpt lat="35.760554037988185882568359375" lon="139.54336325637996196746826171875">
        <ele>43.40000152587890625</ele>
        <time>2026-09-30T22:43:56.000Z</time>
        <extensions>
          <ns3:TrackPointExtension>
            <ns3:hr>115</ns3:hr>
            <ns3:cad>86</ns3:cad>
          </ns3:TrackPointExtension>
        </extensions>
      </trkpt>
      <trkpt lat="35.76056434772908687591552734375" lon="139.54339209012687206268310546875">
        <ele>43.40000152587890625</ele>
        <time>2026-09-30T22:43:57.000Z</time>
        <extensions>
          <ns3:TrackPointExtension>
            <ns3:hr>116</ns3:hr>
            <ns3:cad>86</ns3:cad>
          </ns3:TrackPointExtension>
        </extensions>
      </trkpt>
      <trkpt lat="35.76057574711740016937255859375" lon="139.54341941513121128082275390625">
        <ele>43.40000152587890625</ele>
        <time>2026-09-30T22:43:58.000Z</time>
        <extensions>
          <ns3:TrackPointExtension>
            <ns3:hr>116</ns3:hr>
            <ns3:cad>87</ns3:cad>
          </ns3:TrackPointExtension>
        </extensions>
      </trkpt>
      <trkpt lat="35.760585553944110870361328125" lon="139.54344690777361392974853515625">
        <ele>43.59999847412109375</ele>
        <time>2026-09-30T22:43:59.000Z</time>
        <extensions>
          <ns3:TrackPointExtension>
            <ns3:hr>117</ns3:hr>
            <ns3:cad>87</ns3:cad>
          </ns3:TrackPointExtension>
        </extensions>
      </trkpt>
      <trkpt lat="35.76058982871472835540771484375" lon="139.54347356222569942474365234375">
        <ele>43.59999847412109375</ele>
        <time>2026-09-30T22:44:00.000Z</time>
        <extensions>
          <ns3:TrackPointExtension>
            <ns3:hr>118</ns3:hr>
            <ns3:cad>87</ns3:cad>
          </ns3:TrackPointExtension>
        </extensions>
      </trkpt>
      <trkpt lat="35.76059586368501186370849609375" lon="139.5435006357729434967041015625">
        <ele>43.59999847412109375</ele>
        <time>2026-09-30T22:44:01.000Z</time>
        <extensions>
          <ns3:TrackPointExtension>
            <ns3:hr>119</ns3:hr>
            <ns3:cad>87</ns3:cad>
          </ns3:TrackPointExtension>
        </extensions>
      </trkpt>
      <trkpt lat="35.760603658854961395263671875" lon="139.5435277931392192840576171875">
        <ele>43.59999847412109375</ele>
        <time>2026-09-30T22:44:02.000Z</time>
        <extensions>
          <ns3:TrackPointExtension>
            <ns3:hr>120</ns3:hr>
            <ns3:cad>86</ns3:cad>
          </ns3:TrackPointExtension>
        </extensions>
      </trkpt>
      <trkpt lat="35.7606125436723232269287109375" lon="139.54355335794389247894287109375">
        <ele>43.59999847412109375</ele>
        <time>2026-09-30T22:44:03.000Z</time>
        <extensions>
          <ns3:TrackPointExtension>
            <ns3:hr>121</ns3:hr>
            <ns3:cad>86</ns3:cad>
          </ns3:TrackPointExtension>
        </extensions>
      </trkpt>
      <trkpt lat="35.76062017120420932769775390625" lon="139.54358202405273914337158203125">
        <ele>43.59999847412109375</ele>
        <time>2026-09-30T22:44:04.000Z</time>
        <extensions>
          <ns3:TrackPointExtension>
            <ns3:hr>122</ns3:hr>
            <ns3:cad>85</ns3:cad>
          </ns3:TrackPointExtension>
        </extensions>
      </trkpt>
      <trkpt lat="35.760627798736095428466796875" lon="139.5436092652380466461181640625">
        <ele>43.59999847412109375</ele>
        <time>2026-09-30T22:44:05.000Z</time>
        <extensions>
          <ns3:TrackPointExtension>
            <ns3:hr>122</ns3:hr>
            <ns3:cad>85</ns3:cad>
          </ns3:TrackPointExtension>
        </extensions>
      </trkpt>
      <trkpt lat="35.76063358224928379058837890625" lon="139.54363650642335414886474609375">
        <ele>43.799999237060546875</ele>
        <time>2026-09-30T22:44:06.000Z</time>
        <extensions>
          <ns3:TrackPointExtension>
            <ns3:hr>122</ns3:hr>
            <ns3:cad>85</ns3:cad>
          </ns3:TrackPointExtension>
        </extensions>
      </trkpt>
      <trkpt lat="35.76063810847699642181396484375" lon="139.5436660945415496826171875">
        <ele>43.799999237060546875</ele>
        <time>2026-09-30T22:44:07.000Z</time>
        <extensions>
          <ns3:TrackPointExtension>
            <ns3:hr>122</ns3:hr>
            <ns3:cad>85</ns3:cad>
          </ns3:TrackPointExtension>
        </extensions>
      </trkpt>
      <trkpt lat="35.76064649038016796112060546875" lon="139.54369232989847660064697265625">
        <ele>44</ele>
        <time>2026-09-30T22:44:08.000Z</time>
        <extensions>
          <ns3:TrackPointExtension>
            <ns3:hr>122</ns3:hr>
            <ns3:cad>84</ns3:cad>
          </ns3:TrackPointExtension>
        </extensions>
      </trkpt>
      <trkpt lat="35.7606514357030391693115234375" lon="139.54371831379830837249755859375">
        <ele>44.200000762939453125</ele>
        <time>2026-09-30T22:44:09.000Z</time>
        <extensions>
          <ns3:TrackPointExtension>
            <ns3:hr>122</ns3:hr>
            <ns3:cad>84</ns3:cad>
          </ns3:TrackPointExtension>
        </extensions>
      </trkpt>
      <trkpt lat="35.7606547884643077850341796875" lon="139.54374010674655437469482421875">
        <ele>44.40000152587890625</ele>
        <time>2026-09-30T22:44:10.000Z</time>
        <extensions>
          <ns3:TrackPointExtension>
            <ns3:hr>122</ns3:hr>
            <ns3:cad>83</ns3:cad>
          </ns3:TrackPointExtension>
        </extensions>
      </trkpt>
      <trkpt lat="35.76066358946263790130615234375" lon="139.54376022331416606903076171875">
        <ele>44.40000152587890625</ele>
        <time>2026-09-30T22:44:11.000Z</time>
        <extensions>
          <ns3:TrackPointExtension>
            <ns3:hr>122</ns3:hr>
            <ns3:cad>83</ns3:cad>
          </ns3:TrackPointExtension>
        </extensions>
      </trkpt>
      <trkpt lat="35.7606789283454418182373046875" lon="139.54377665184438228607177734375">
        <ele>44.40000152587890625</ele>
        <time>2026-09-30T22:44:12.000Z</time>
        <extensions>
          <ns3:TrackPointExtension>
            <ns3:hr>122</ns3:hr>
            <ns3:cad>83</ns3:cad>
          </ns3:TrackPointExtension>
        </extensions>
      </trkpt>
      <trkpt lat="35.76069057919085025787353515625" lon="139.54378520138561725616455078125">
        <ele>44.59999847412109375</ele>
        <time>2026-09-30T22:44:13.000Z</time>
        <extensions>
          <ns3:TrackPointExtension>
            <ns3:hr>122</ns3:hr>
            <ns3:cad>83</ns3:cad>
          </ns3:TrackPointExtension>
        </extensions>
      </trkpt>
      <trkpt lat="35.760702900588512420654296875" lon="139.54377983696758747100830078125">
        <ele>44.799999237060546875</ele>
        <time>2026-09-30T22:44:14.000Z</time>
        <extensions>
          <ns3:TrackPointExtension>
            <ns3:hr>122</ns3:hr>
            <ns3:cad>83</ns3:cad>
          </ns3:TrackPointExtension>
        </extensions>
      </trkpt>
      <trkpt lat="35.76071597635746002197265625" lon="139.54376625828444957733154296875">
        <ele>44.799999237060546875</ele>
        <time>2026-09-30T22:44:15.000Z</time>
        <extensions>
          <ns3:TrackPointExtension>
            <ns3:hr>122</ns3:hr>
            <ns3:cad>82</ns3:cad>
          </ns3:TrackPointExtension>
        </extensions>
      </trkpt>
      <trkpt lat="35.76073097996413707733154296875" lon="139.54374982975423336029052734375">
        <ele>44.799999237060546875</ele>
        <time>2026-09-30T22:44:16.000Z</time>
        <extensions>
          <ns3:TrackPointExtension>
            <ns3:hr>122</ns3:hr>
            <ns3:cad>82</ns3:cad>
          </ns3:TrackPointExtension>
        </extensions>
      </trkpt>
      <trkpt lat="35.76075059361755847930908203125" lon="139.5437319763004779815673828125">
        <ele>44.799999237060546875</ele>
        <time>2026-09-30T22:44:17.000Z</time>
        <extensions>
          <ns3:TrackPointExtension>
            <ns3:hr>122</ns3:hr>
            <ns3:cad>82</ns3:cad>
          </ns3:TrackPointExtension>
        </extensions>
      </trkpt>
      <trkpt lat="35.76077020727097988128662109375" lon="139.5437157154083251953125">
        <ele>44.799999237060546875</ele>
        <time>2026-09-30T22:44:18.000Z</time>
        <extensions>
          <ns3:TrackPointExtension>
            <ns3:hr>122</ns3:hr>
            <ns3:cad>82</ns3:cad>
          </ns3:TrackPointExtension>
        </extensions>
      </trkpt>
      <trkpt lat="35.76077372767031192779541015625" lon="139.54370222054421901702880859375">
        <ele>44.799999237060546875</ele>
        <time>2026-09-30T22:44:19.000Z</time>
        <extensions>
          <ns3:TrackPointExtension>
            <ns3:hr>122</ns3:hr>
            <ns3:cad>84</ns3:cad>
          </ns3:TrackPointExtension>
        </extensions>
      </trkpt>
      <trkpt lat="35.76076115481555461883544921875" lon="139.5437018014490604400634765625">
        <ele>44.799999237060546875</ele>
        <time>2026-09-30T22:44:20.000Z</time>
        <extensions>
          <ns3:TrackPointExtension>
            <ns3:hr>122</ns3:hr>
            <ns3:cad>84</ns3:cad>
          </ns3:TrackPointExtension>
        </extensions>
      </trkpt>
      <trkpt lat="35.7607533596456050872802734375" lon="139.54369115643203258514404296875">
        <ele>44.799999237060546875</ele>
        <time>2026-09-30T22:44:21.000Z</time>
        <extensions>
          <ns3:TrackPointExtension>
            <ns3:hr>122</ns3:hr>
            <ns3:cad>84</ns3:cad>
          </ns3:TrackPointExtension>
        </extensions>
      </trkpt>
      <trkpt lat="35.76074724085628986358642578125" lon="139.54366718418896198272705078125">
        <ele>44.59999847412109375</ele>
        <time>2026-09-30T22:44:22.000Z</time>
        <extensions>
          <ns3:TrackPointExtension>
            <ns3:hr>122</ns3:hr>
            <ns3:cad>84</ns3:cad>
          </ns3:TrackPointExtension>
        </extensions>
      </trkpt>
      <trkpt lat="35.76074036769568920135498046875" lon="139.54364254139363765716552734375">
        <ele>44.59999847412109375</ele>
        <time>2026-09-30T22:44:23.000Z</time>
        <extensions>
          <ns3:TrackPointExtension>
            <ns3:hr>122</ns3:hr>
            <ns3:cad>84</ns3:cad>
          </ns3:TrackPointExtension>
        </extensions>
      </trkpt>
      <trkpt lat="35.76072980649769306182861328125" lon="139.543602056801319122314453125">
        <ele>44.59999847412109375</ele>
        <time>2026-09-30T22:44:24.000Z</time>
        <extensions>
          <ns3:TrackPointExtension>
            <ns3:hr>122</ns3:hr>
            <ns3:cad>84</ns3:cad>
          </ns3:TrackPointExtension>
        </extensions>
      </trkpt>
      <trkpt lat="35.76072075404226779937744140625" lon="139.54356643371284008026123046875">
        <ele>44.40000152587890625</ele>
        <time>2026-09-30T22:44:25.000Z</time>
        <extensions>
          <ns3:TrackPointExtension>
            <ns3:hr>122</ns3:hr>
            <ns3:cad>84</ns3:cad>
          </ns3:TrackPointExtension>
        </extensions>
      </trkpt>
      <trkpt lat="35.7607124559581279754638671875" lon="139.5435287989675998687744140625">
        <ele>44</ele>
        <time>2026-09-30T22:44:26.000Z</time>
        <extensions>
          <ns3:TrackPointExtension>
            <ns3:hr>122</ns3:hr>
            <ns3:cad>84</ns3:cad>
          </ns3:TrackPointExtension>
        </extensions>
      </trkpt>
      <trkpt lat="35.76071170158684253692626953125" lon="139.5434899069368839263916015625">
        <ele>43.799999237060546875</ele>
        <time>2026-09-30T22:44:27.000Z</time>
        <extensions>
          <ns3:TrackPointExtension>
            <ns3:hr>123</ns3:hr>
            <ns3:cad>84</ns3:cad>
          </ns3:TrackPointExtension>
        </extensions>
      </trkpt>
      <trkpt lat="35.76069208793342113494873046875" lon="139.5434523560106754302978515625">
        <ele>43.59999847412109375</ele>
        <time>2026-09-30T22:44:28.000Z</time>
        <extensions>
          <ns3:TrackPointExtension>
            <ns3:hr>122</ns3:hr>
            <ns3:cad>84</ns3:cad>
          </ns3:TrackPointExtension>
        </extensions>
      </trkpt>
      <trkpt lat="35.76067850925028324127197265625" lon="139.54342528246343135833740234375">
        <ele>43.59999847412109375</ele>
        <time>2026-09-30T22:44:29.000Z</time>
        <extensions>
          <ns3:TrackPointExtension>
            <ns3:hr>122</ns3:hr>
            <ns3:cad>84</ns3:cad>
          </ns3:TrackPointExtension>
        </extensions>
      </trkpt>
      <trkpt lat="35.76066543348133563995361328125" lon="139.54338504932820796966552734375">
        <ele>43.40000152587890625</ele>
        <time>2026-09-30T22:44:30.000Z</time>
        <extensions>
          <ns3:TrackPointExtension>
            <ns3:hr>122</ns3:hr>
            <ns3:cad>86</ns3:cad>
          </ns3:TrackPointExtension>
        </extensions>
      </trkpt>
      <trkpt lat="35.76065001077950000762939453125" lon="139.54334850423038005828857421875">
        <ele>43.40000152587890625</ele>
        <time>2026-09-30T22:44:31.000Z</time>
        <extensions>
          <ns3:TrackPointExtension>
            <ns3:hr>122</ns3:hr>
            <ns3:cad>87</ns3:cad>
          </ns3:TrackPointExtension>
        </extensions>
      </trkpt>
      <trkpt lat="35.76063844375312328338623046875" lon="139.543317072093486785888671875">
        <ele>43.40000152587890625</ele>
        <time>2026-09-30T22:44:32.000Z</time>
        <extensions>
          <ns3:TrackPointExtension>
            <ns3:hr>122</ns3:hr>
            <ns3:cad>87</ns3:cad>
          </ns3:TrackPointExtension>
        </extensions>
      </trkpt>
      <trkpt lat="35.7606200873851776123046875" lon="139.54328991472721099853515625">
        <ele>43.40000152587890625</ele>
        <time>2026-09-30T22:44:33.000Z</time>
        <extensions>
          <ns3:TrackPointExtension>
            <ns3:hr>122</ns3:hr>
            <ns3:cad>87</ns3:cad>
          </ns3:TrackPointExtension>
        </extensions>
      </trkpt>
      <trkpt lat="35.760603658854961395263671875" lon="139.543262757360935211181640625">
        <ele>43.40000152587890625</ele>
        <time>2026-09-30T22:44:34.000Z</time>
        <extensions>
          <ns3:TrackPointExtension>
            <ns3:hr>123</ns3:hr>
            <ns3:cad>87</ns3:cad>
          </ns3:TrackPointExtension>
        </extensions>
      </trkpt>
      <trkpt lat="35.760597623884677886962890625" lon="139.543232582509517669677734375">
        <ele>43.59999847412109375</ele>
        <time>2026-09-30T22:44:35.000Z</time>
        <extensions>
          <ns3:TrackPointExtension>
            <ns3:hr>123</ns3:hr>
            <ns3:cad>87</ns3:cad>
          </ns3:TrackPointExtension>
        </extensions>
      </trkpt>
      <trkpt lat="35.760591588914394378662109375" lon="139.5432022400200366973876953125">
        <ele>43.59999847412109375</ele>
        <time>2026-09-30T22:44:36.000Z</time>
        <extensions>
          <ns3:TrackPointExtension>
            <ns3:hr>123</ns3:hr>
            <ns3:cad>86</ns3:cad>
          </ns3:TrackPointExtension>
        </extensions>
      </trkpt>
      <trkpt lat="35.7605825364589691162109375" lon="139.5431717298924922943115234375">
        <ele>43.59999847412109375</ele>
        <time>2026-09-30T22:44:37.000Z</time>
        <extensions>
          <ns3:TrackPointExtension>
            <ns3:hr>123</ns3:hr>
            <ns3:cad>86</ns3:cad>
          </ns3:TrackPointExtension>
        </extensions>
      </trkpt>
      <trkpt lat="35.7605733163654804229736328125" lon="139.54314013011753559112548828125">
        <ele>43.59999847412109375</ele>
        <time>2026-09-30T22:44:38.000Z</time>
        <extensions>
          <ns3:TrackPointExtension>
            <ns3:hr>123</ns3:hr>
            <ns3:cad>86</ns3:cad>
          </ns3:TrackPointExtension>
        </extensions>
      </trkpt>
      <trkpt lat="35.76056133024394512176513671875" lon="139.54310978762805461883544921875">
        <ele>43.799999237060546875</ele>
        <time>2026-09-30T22:44:39.000Z</time>
        <extensions>
          <ns3:TrackPointExtension>
            <ns3:hr>123</ns3:hr>
            <ns3:cad>86</ns3:cad>
          </ns3:TrackPointExtension>
        </extensions>
      </trkpt>
      <trkpt lat="35.7605511881411075592041015625" lon="139.54307910986244678497314453125">
        <ele>43.799999237060546875</ele>
        <time>2026-09-30T22:44:40.000Z</time>
        <extensions>
          <ns3:TrackPointExtension>
            <ns3:hr>123</ns3:hr>
            <ns3:cad>86</ns3:cad>
          </ns3:TrackPointExtension>
        </extensions>
      </trkpt>
      <trkpt lat="35.7605461589992046356201171875" lon="139.54304943792521953582763671875">
        <ele>43.799999237060546875</ele>
        <time>2026-09-30T22:44:41.000Z</time>
        <extensions>
          <ns3:TrackPointExtension>
            <ns3:hr>122</ns3:hr>
            <ns3:cad>86</ns3:cad>
          </ns3:TrackPointExtension>
        </extensions>
      </trkpt>
      <trkpt lat="35.76054154895246028900146484375" lon="139.54301976598799228668212890625">
        <ele>44</ele>
        <time>2026-09-30T22:44:42.000Z</time>
        <extensions>
          <ns3:TrackPointExtension>
            <ns3:hr>122</ns3:hr>
            <ns3:cad>86</ns3:cad>
          </ns3:TrackPointExtension>
        </extensions>
      </trkpt>
      <trkpt lat="35.76053165830671787261962890625" lon="139.5429916866123676300048828125">
        <ele>44</ele>
        <time>2026-09-30T22:44:43.000Z</time>
        <extensions>
          <ns3:TrackPointExtension>
            <ns3:hr>122</ns3:hr>
            <ns3:cad>86</ns3:cad>
          </ns3:TrackPointExtension>
        </extensions>
      </trkpt>
      <trkpt lat="35.760527215898036956787109375" lon="139.542959667742252349853515625">
        <ele>44</ele>
        <time>2026-09-30T22:44:44.000Z</time>
        <extensions>
          <ns3:TrackPointExtension>
            <ns3:hr>122</ns3:hr>
            <ns3:cad>86</ns3:cad>
          </ns3:TrackPointExtension>
        </extensions>
      </trkpt>
      <trkpt lat="35.76052277348935604095458984375" lon="139.54292689450085163116455078125">
        <ele>44</ele>
        <time>2026-09-30T22:44:45.000Z</time>
        <extensions>
          <ns3:TrackPointExtension>
            <ns3:hr>122</ns3:hr>
            <ns3:cad>86</ns3:cad>
          </ns3:TrackPointExtension>
        </extensions>
      </trkpt>
      <trkpt lat="35.7605186663568019866943359375" lon="139.5428974740207195281982421875">
        <ele>44</ele>
        <time>2026-09-30T22:44:46.000Z</time>
        <extensions>
          <ns3:TrackPointExtension>
            <ns3:hr>122</ns3:hr>
            <ns3:cad>86</ns3:cad>
          </ns3:TrackPointExtension>
        </extensions>
      </trkpt>
      <trkpt lat="35.760509781539440155029296875" lon="139.54286922700703144073486328125">
        <ele>44</ele>
        <time>2026-09-30T22:44:47.000Z</time>
        <extensions>
          <ns3:TrackPointExtension>
            <ns3:hr>122</ns3:hr>
            <ns3:cad>86</ns3:cad>
          </ns3:TrackPointExtension>
        </extensions>
      </trkpt>
      <trkpt lat="35.76050341129302978515625" lon="139.54284307546913623809814453125">
        <ele>44</ele>
        <time>2026-09-30T22:44:48.000Z</time>
        <extensions>
          <ns3:TrackPointExtension>
            <ns3:hr>122</ns3:hr>
            <ns3:cad>86</ns3:cad>
          </ns3:TrackPointExtension>
        </extensions>
      </trkpt>
      <trkpt lat="35.76049813069403171539306640625" lon="139.54282463528215885162353515625">
        <ele>44</ele>
        <time>2026-09-30T22:44:49.000Z</time>
        <extensions>
          <ns3:TrackPointExtension>
            <ns3:hr>122</ns3:hr>
            <ns3:cad>86</ns3:cad>
          </ns3:TrackPointExtension>
        </extensions>
      </trkpt>
      <trkpt lat="35.7604911737143993377685546875" lon="139.5427930355072021484375">
        <ele>44</ele>
        <time>2026-09-30T22:44:50.000Z</time>
        <extensions>
          <ns3:TrackPointExtension>
            <ns3:hr>122</ns3:hr>
            <ns3:cad>86</ns3:cad>
          </ns3:TrackPointExtension>
        </extensions>
      </trkpt>
      <trkpt lat="35.76048505492508411407470703125" lon="139.54276260919868946075439453125">
        <ele>44</ele>
        <time>2026-09-30T22:44:51.000Z</time>
        <extensions>
          <ns3:TrackPointExtension>
            <ns3:hr>122</ns3:hr>
            <ns3:cad>86</ns3:cad>
          </ns3:TrackPointExtension>
        </extensions>
      </trkpt>
      <trkpt lat="35.76047717593610286712646484375" lon="139.542733021080493927001953125">
        <ele>44</ele>
        <time>2026-09-30T22:44:52.000Z</time>
        <extensions>
          <ns3:TrackPointExtension>
            <ns3:hr>122</ns3:hr>
            <ns3:cad>86</ns3:cad>
          </ns3:TrackPointExtension>
        </extensions>
      </trkpt>
      <trkpt lat="35.76046787202358245849609375" lon="139.54269982874393463134765625">
        <ele>44</ele>
        <time>2026-09-30T22:44:53.000Z</time>
        <extensions>
          <ns3:TrackPointExtension>
            <ns3:hr>122</ns3:hr>
            <ns3:cad>86</ns3:cad>
          </ns3:TrackPointExtension>
        </extensions>
      </trkpt>
      <trkpt lat="35.76045990921556949615478515625" lon="139.54267661087214946746826171875">
        <ele>44</ele>
        <time>2026-09-30T22:44:54.000Z</time>
        <extensions>
          <ns3:TrackPointExtension>
            <ns3:hr>122</ns3:hr>
            <ns3:cad>87</ns3:cad>
          </ns3:TrackPointExtension>
        </extensions>
      </trkpt>
      <trkpt lat="35.7604552991688251495361328125" lon="139.542635791003704071044921875">
        <ele>44</ele>
        <time>2026-09-30T22:44:55.000Z</time>
        <extensions>
          <ns3:TrackPointExtension>
            <ns3:hr>121</ns3:hr>
            <ns3:cad>87</ns3:cad>
          </ns3:TrackPointExtension>
        </extensions>
      </trkpt>
      <trkpt lat="35.76044700108468532562255859375" lon="139.54259698279201984405517578125">
        <ele>44</ele>
        <time>2026-09-30T22:44:56.000Z</time>
        <extensions>
          <ns3:TrackPointExtension>
            <ns3:hr>121</ns3:hr>
            <ns3:cad>88</ns3:cad>
          </ns3:TrackPointExtension>
        </extensions>
      </trkpt>
      <trkpt lat="35.76044281013309955596923828125" lon="139.54256127588450908660888671875">
        <ele>44</ele>
        <time>2026-09-30T22:44:57.000Z</time>
        <extensions>
          <ns3:TrackPointExtension>
            <ns3:hr>121</ns3:hr>
            <ns3:cad>88</ns3:cad>
          </ns3:TrackPointExtension>
        </extensions>
      </trkpt>
      <trkpt lat="35.76043023727834224700927734375" lon="139.5425273291766643524169921875">
        <ele>44</ele>
        <time>2026-09-30T22:44:58.000Z</time>
        <extensions>
          <ns3:TrackPointExtension>
            <ns3:hr>121</ns3:hr>
            <ns3:cad>88</ns3:cad>
          </ns3:TrackPointExtension>
        </extensions>
      </trkpt>
      <trkpt lat="35.76041867025196552276611328125" lon="139.5424938015639781951904296875">
        <ele>44</ele>
        <time>2026-09-30T22:44:59.000Z</time>
        <extensions>
          <ns3:TrackPointExtension>
            <ns3:hr>120</ns3:hr>
            <ns3:cad>88</ns3:cad>
          </ns3:TrackPointExtension>
        </extensions>
      </trkpt>
      <trkpt lat="35.76040861196815967559814453125" lon="139.5424619503319263458251953125">
        <ele>43.799999237060546875</ele>
        <time>2026-09-30T22:45:00.000Z</time>
        <extensions>
          <ns3:TrackPointExtension>
            <ns3:hr>120</ns3:hr>
            <ns3:cad>88</ns3:cad>
          </ns3:TrackPointExtension>
        </extensions>
      </trkpt>
      <trkpt lat="35.76040274463593959808349609375" lon="139.542429931461811065673828125">
        <ele>43.799999237060546875</ele>
        <time>2026-09-30T22:45:01.000Z</time>
        <extensions>
          <ns3:TrackPointExtension>
            <ns3:hr>120</ns3:hr>
            <ns3:cad>88</ns3:cad>
          </ns3:TrackPointExtension>
        </extensions>
      </trkpt>
      <trkpt lat="35.760397128760814666748046875" lon="139.5423999242484569549560546875">
        <ele>43.799999237060546875</ele>
        <time>2026-09-30T22:45:02.000Z</time>
        <extensions>
          <ns3:TrackPointExtension>
            <ns3:hr>120</ns3:hr>
            <ns3:cad>87</ns3:cad>
          </ns3:TrackPointExtension>
        </extensions>
      </trkpt>
      <trkpt lat="35.76039469800889492034912109375" lon="139.54237033613026142120361328125">
        <ele>43.799999237060546875</ele>
        <time>2026-09-30T22:45:03.000Z</time>
        <extensions>
          <ns3:TrackPointExtension>
            <ns3:hr>120</ns3:hr>
            <ns3:cad>87</ns3:cad>
          </ns3:TrackPointExtension>
        </extensions>
      </trkpt>
      <trkpt lat="35.7603838853538036346435546875" lon="139.54234317876398563385009765625">
        <ele>44</ele>
        <time>2026-09-30T22:45:04.000Z</time>
        <extensions>
          <ns3:TrackPointExtension>
            <ns3:hr>120</ns3:hr>
            <ns3:cad>87</ns3:cad>
          </ns3:TrackPointExtension>
        </extensions>
      </trkpt>
      <trkpt lat="35.76037491671741008758544921875" lon="139.54231518320739269256591796875">
        <ele>44</ele>
        <time>2026-09-30T22:45:05.000Z</time>
        <extensions>
          <ns3:TrackPointExtension>
            <ns3:hr>120</ns3:hr>
            <ns3:cad>88</ns3:cad>
          </ns3:TrackPointExtension>
        </extensions>
      </trkpt>
      <trkpt lat="35.76036888174712657928466796875" lon="139.54228986985981464385986328125">
        <ele>44.200000762939453125</ele>
        <time>2026-09-30T22:45:06.000Z</time>
        <extensions>
          <ns3:TrackPointExtension>
            <ns3:hr>120</ns3:hr>
            <ns3:cad>88</ns3:cad>
          </ns3:TrackPointExtension>
        </extensions>
      </trkpt>
      <trkpt lat="35.76035915873944759368896484375" lon="139.54226874746382236480712890625">
        <ele>44.200000762939453125</ele>
        <time>2026-09-30T22:45:07.000Z</time>
        <extensions>
          <ns3:TrackPointExtension>
            <ns3:hr>120</ns3:hr>
            <ns3:cad>87</ns3:cad>
          </ns3:TrackPointExtension>
        </extensions>
      </trkpt>
      <trkpt lat="35.76035262085497379302978515625" lon="139.5422430150210857391357421875">
        <ele>44.200000762939453125</ele>
        <time>2026-09-30T22:45:08.000Z</time>
        <extensions>
          <ns3:TrackPointExtension>
            <ns3:hr>120</ns3:hr>
            <ns3:cad>87</ns3:cad>
          </ns3:TrackPointExtension>
        </extensions>
      </trkpt>
      <trkpt lat="35.76034541241824626922607421875" lon="139.5422071404755115509033203125">
        <ele>44.200000762939453125</ele>
        <time>2026-09-30T22:45:09.000Z</time>
        <extensions>
          <ns3:TrackPointExtension>
            <ns3:hr>120</ns3:hr>
            <ns3:cad>87</ns3:cad>
          </ns3:TrackPointExtension>
        </extensions>
      </trkpt>
      <trkpt lat="35.76034189201891422271728515625" lon="139.5421692542731761932373046875">
        <ele>44.200000762939453125</ele>
        <time>2026-09-30T22:45:10.000Z</time>
        <extensions>
          <ns3:TrackPointExtension>
            <ns3:hr>120</ns3:hr>
            <ns3:cad>87</ns3:cad>
          </ns3:TrackPointExtension>
        </extensions>
      </trkpt>
      <trkpt lat="35.76034222729504108428955078125" lon="139.54213229008018970489501953125">
        <ele>44.200000762939453125</ele>
        <time>2026-09-30T22:45:11.000Z</time>
        <extensions>
          <ns3:TrackPointExtension>
            <ns3:hr>120</ns3:hr>
            <ns3:cad>87</ns3:cad>
          </ns3:TrackPointExtension>
        </extensions>
      </trkpt>
      <trkpt lat="35.7603443227708339691162109375" lon="139.5420934818685054779052734375">
        <ele>44.200000762939453125</ele>
        <time>2026-09-30T22:45:12.000Z</time>
        <extensions>
          <ns3:TrackPointExtension>
            <ns3:hr>120</ns3:hr>
            <ns3:cad>87</ns3:cad>
          </ns3:TrackPointExtension>
        </extensions>
      </trkpt>
      <trkpt lat="35.7603399641811847686767578125" lon="139.54206339083611965179443359375">
        <ele>44.200000762939453125</ele>
        <time>2026-09-30T22:45:13.000Z</time>
        <extensions>
          <ns3:TrackPointExtension>
            <ns3:hr>120</ns3:hr>
            <ns3:cad>87</ns3:cad>
          </ns3:TrackPointExtension>
        </extensions>
      </trkpt>
      <trkpt lat="35.7603362761437892913818359375" lon="139.54203070141375064849853515625">
        <ele>44.200000762939453125</ele>
        <time>2026-09-30T22:45:14.000Z</time>
        <extensions>
          <ns3:TrackPointExtension>
            <ns3:hr>120</ns3:hr>
            <ns3:cad>87</ns3:cad>
          </ns3:TrackPointExtension>
        </extensions>
      </trkpt>
      <trkpt lat="35.7603315822780132293701171875" lon="139.5420056395232677459716796875">
        <ele>44.200000762939453125</ele>
        <time>2026-09-30T22:45:15.000Z</time>
        <extensions>
          <ns3:TrackPointExtension>
            <ns3:hr>120</ns3:hr>
            <ns3:cad>87</ns3:cad>
          </ns3:TrackPointExtension>
        </extensions>
      </trkpt>
      <trkpt lat="35.76032781042158603668212890625" lon="139.541977308690547943115234375">
        <ele>44.200000762939453125</ele>
        <time>2026-09-30T22:45:16.000Z</time>
        <extensions>
          <ns3:TrackPointExtension>
            <ns3:hr>121</ns3:hr>
            <ns3:cad>87</ns3:cad>
          </ns3:TrackPointExtension>
        </extensions>
      </trkpt>
      <trkpt lat="35.76032445766031742095947265625" lon="139.54194839112460613250732421875">
        <ele>44.200000762939453125</ele>
        <time>2026-09-30T22:45:17.000Z</time>
        <extensions>
          <ns3:TrackPointExtension>
            <ns3:hr>121</ns3:hr>
            <ns3:cad>87</ns3:cad>
          </ns3:TrackPointExtension>
        </extensions>
      </trkpt>
      <trkpt lat="35.76031808741390705108642578125" lon="139.54191268421709537506103515625">
        <ele>44.200000762939453125</ele>
        <time>2026-09-30T22:45:18.000Z</time>
        <extensions>
          <ns3:TrackPointExtension>
            <ns3:hr>121</ns3:hr>
            <ns3:cad>87</ns3:cad>
          </ns3:TrackPointExtension>
        </extensions>
      </trkpt>
      <trkpt lat="35.76031641103327274322509765625" lon="139.54188033007085323333740234375">
        <ele>44.200000762939453125</ele>
        <time>2026-09-30T22:45:19.000Z</time>
        <extensions>
          <ns3:TrackPointExtension>
            <ns3:hr>121</ns3:hr>
            <ns3:cad>87</ns3:cad>
          </ns3:TrackPointExtension>
        </extensions>
      </trkpt>
      <trkpt lat="35.7603138126432895660400390625" lon="139.5418497361242771148681640625">
        <ele>44.200000762939453125</ele>
        <time>2026-09-30T22:45:20.000Z</time>
        <extensions>
          <ns3:TrackPointExtension>
            <ns3:hr>121</ns3:hr>
            <ns3:cad>87</ns3:cad>
          </ns3:TrackPointExtension>
        </extensions>
      </trkpt>
      <trkpt lat="35.7603084482252597808837890625" lon="139.541819393634796142578125">
        <ele>44.200000762939453125</ele>
        <time>2026-09-30T22:45:21.000Z</time>
        <extensions>
          <ns3:TrackPointExtension>
            <ns3:hr>120</ns3:hr>
            <ns3:cad>88</ns3:cad>
          </ns3:TrackPointExtension>
        </extensions>
      </trkpt>
      <trkpt lat="35.76030216179788112640380859375" lon="139.5417912304401397705078125">
        <ele>44.200000762939453125</ele>
        <time>2026-09-30T22:45:22.000Z</time>
        <extensions>
          <ns3:TrackPointExtension>
            <ns3:hr>120</ns3:hr>
            <ns3:cad>87</ns3:cad>
          </ns3:TrackPointExtension>
        </extensions>
      </trkpt>
      <trkpt lat="35.7602920196950435638427734375" lon="139.541764743626117706298828125">
        <ele>44.200000762939453125</ele>
        <time>2026-09-30T22:45:23.000Z</time>
        <extensions>
          <ns3:TrackPointExtension>
            <ns3:hr>120</ns3:hr>
            <ns3:cad>87</ns3:cad>
          </ns3:TrackPointExtension>
        </extensions>
      </trkpt>
      <trkpt lat="35.76028539799153804779052734375" lon="139.54173691570758819580078125">
        <ele>44.200000762939453125</ele>
        <time>2026-09-30T22:45:24.000Z</time>
        <extensions>
          <ns3:TrackPointExtension>
            <ns3:hr>120</ns3:hr>
            <ns3:cad>87</ns3:cad>
          </ns3:TrackPointExtension>
        </extensions>
      </trkpt>
      <trkpt lat="35.76027852483093738555908203125" lon="139.5417053997516632080078125">
        <ele>44.200000762939453125</ele>
        <time>2026-09-30T22:45:25.000Z</time>
        <extensions>
          <ns3:TrackPointExtension>
            <ns3:hr>120</ns3:hr>
            <ns3:cad>87</ns3:cad>
          </ns3:TrackPointExtension>
        </extensions>
      </trkpt>
      <trkpt lat="35.760276429355144500732421875" lon="139.54167279414832592010498046875">
        <ele>44.200000762939453125</ele>
        <time>2026-09-30T22:45:26.000Z</time>
        <extensions>
          <ns3:TrackPointExtension>
            <ns3:hr>120</ns3:hr>
            <ns3:cad>86</ns3:cad>
          </ns3:TrackPointExtension>
        </extensions>
      </trkpt>
      <trkpt lat="35.7602722384035587310791015625" lon="139.54164111055433750152587890625">
        <ele>44.200000762939453125</ele>
        <time>2026-09-30T22:45:27.000Z</time>
        <extensions>
          <ns3:TrackPointExtension>
            <ns3:hr>120</ns3:hr>
            <ns3:cad>86</ns3:cad>
          </ns3:TrackPointExtension>
        </extensions>
      </trkpt>
      <trkpt lat="35.76026746071875095367431640625" lon="139.5416116900742053985595703125">
        <ele>44.200000762939453125</ele>
        <time>2026-09-30T22:45:28.000Z</time>
        <extensions>
          <ns3:TrackPointExtension>
            <ns3:hr>120</ns3:hr>
            <ns3:cad>86</ns3:cad>
          </ns3:TrackPointExtension>
        </extensions>
      </trkpt>
      <trkpt lat="35.76026762835681438446044921875" lon="139.54157673753798007965087890625">
        <ele>44.40000152587890625</ele>
        <time>2026-09-30T22:45:29.000Z</time>
        <extensions>
          <ns3:TrackPointExtension>
            <ns3:hr>120</ns3:hr>
            <ns3:cad>86</ns3:cad>
          </ns3:TrackPointExtension>
        </extensions>
      </trkpt>
      <trkpt lat="35.7602658681571483612060546875" lon="139.5415449701249599456787109375">
        <ele>44.40000152587890625</ele>
        <time>2026-09-30T22:45:30.000Z</time>
        <extensions>
          <ns3:TrackPointExtension>
            <ns3:hr>120</ns3:hr>
            <ns3:cad>86</ns3:cad>
          </ns3:TrackPointExtension>
        </extensions>
      </trkpt>
      <trkpt lat="35.76026041992008686065673828125" lon="139.5415141247212886810302734375">
        <ele>44.40000152587890625</ele>
        <time>2026-09-30T22:45:31.000Z</time>
        <extensions>
          <ns3:TrackPointExtension>
            <ns3:hr>120</ns3:hr>
            <ns3:cad>87</ns3:cad>
          </ns3:TrackPointExtension>
        </extensions>
      </trkpt>
      <trkpt lat="35.76026209630072116851806640625" lon="139.54148210585117340087890625">
        <ele>44.40000152587890625</ele>
        <time>2026-09-30T22:45:32.000Z</time>
        <extensions>
          <ns3:TrackPointExtension>
            <ns3:hr>121</ns3:hr>
            <ns3:cad>87</ns3:cad>
          </ns3:TrackPointExtension>
        </extensions>
      </trkpt>
      <trkpt lat="35.76025907881557941436767578125" lon="139.5414520986378192901611328125">
        <ele>44.40000152587890625</ele>
        <time>2026-09-30T22:45:33.000Z</time>
        <extensions>
          <ns3:TrackPointExtension>
            <ns3:hr>121</ns3:hr>
            <ns3:cad>87</ns3:cad>
          </ns3:TrackPointExtension>
        </extensions>
      </trkpt>
      <trkpt lat="35.76025723479688167572021484375" lon="139.54142217524349689483642578125">
        <ele>44.40000152587890625</ele>
        <time>2026-09-30T22:45:34.000Z</time>
        <extensions>
          <ns3:TrackPointExtension>
            <ns3:hr>121</ns3:hr>
            <ns3:cad>87</ns3:cad>
          </ns3:TrackPointExtension>
        </extensions>
      </trkpt>
      <trkpt lat="35.76025237329304218292236328125" lon="139.54138948582112789154052734375">
        <ele>44.40000152587890625</ele>
        <time>2026-09-30T22:45:35.000Z</time>
        <extensions>
          <ns3:TrackPointExtension>
            <ns3:hr>121</ns3:hr>
            <ns3:cad>87</ns3:cad>
          </ns3:TrackPointExtension>
        </extensions>
      </trkpt>
      <trkpt lat="35.7602377049624919891357421875" lon="139.54136383719742298126220703125">
        <ele>44.40000152587890625</ele>
        <time>2026-09-30T22:45:36.000Z</time>
        <extensions>
          <ns3:TrackPointExtension>
            <ns3:hr>121</ns3:hr>
            <ns3:cad>87</ns3:cad>
          </ns3:TrackPointExtension>
        </extensions>
      </trkpt>
      <trkpt lat="35.76023208908736705780029296875" lon="139.54133466817438602447509765625">
        <ele>44.40000152587890625</ele>
        <time>2026-09-30T22:45:37.000Z</time>
        <extensions>
          <ns3:TrackPointExtension>
            <ns3:hr>121</ns3:hr>
            <ns3:cad>87</ns3:cad>
          </ns3:TrackPointExtension>
        </extensions>
      </trkpt>
      <trkpt lat="35.76022538356482982635498046875" lon="139.54130482859909534454345703125">
        <ele>44.40000152587890625</ele>
        <time>2026-09-30T22:45:38.000Z</time>
        <extensions>
          <ns3:TrackPointExtension>
            <ns3:hr>121</ns3:hr>
            <ns3:cad>87</ns3:cad>
          </ns3:TrackPointExtension>
        </extensions>
      </trkpt>
      <trkpt lat="35.7602149061858654022216796875" lon="139.54127515666186809539794921875">
        <ele>44.40000152587890625</ele>
        <time>2026-09-30T22:45:39.000Z</time>
        <extensions>
          <ns3:TrackPointExtension>
            <ns3:hr>121</ns3:hr>
            <ns3:cad>87</ns3:cad>
          </ns3:TrackPointExtension>
        </extensions>
      </trkpt>
      <trkpt lat="35.7602043449878692626953125" lon="139.541247077286243438720703125">
        <ele>44.40000152587890625</ele>
        <time>2026-09-30T22:45:40.000Z</time>
        <extensions>
          <ns3:TrackPointExtension>
            <ns3:hr>121</ns3:hr>
            <ns3:cad>87</ns3:cad>
          </ns3:TrackPointExtension>
        </extensions>
      </trkpt>
      <trkpt lat="35.76019286178052425384521484375" lon="139.5412200875580310821533203125">
        <ele>44.40000152587890625</ele>
        <time>2026-09-30T22:45:41.000Z</time>
        <extensions>
          <ns3:TrackPointExtension>
            <ns3:hr>121</ns3:hr>
            <ns3:cad>88</ns3:cad>
          </ns3:TrackPointExtension>
        </extensions>
      </trkpt>
      <trkpt lat="35.760177858173847198486328125" lon="139.54119376838207244873046875">
        <ele>44.59999847412109375</ele>
        <time>2026-09-30T22:45:42.000Z</time>
        <extensions>
          <ns3:TrackPointExtension>
            <ns3:hr>121</ns3:hr>
            <ns3:cad>88</ns3:cad>
          </ns3:TrackPointExtension>
        </extensions>
      </trkpt>
      <trkpt lat="35.76016838662326335906982421875" lon="139.541169963777065277099609375">
        <ele>44.59999847412109375</ele>
        <time>2026-09-30T22:45:43.000Z</time>
        <extensions>
          <ns3:TrackPointExtension>
            <ns3:hr>121</ns3:hr>
            <ns3:cad>87</ns3:cad>
          </ns3:TrackPointExtension>
        </extensions>
      </trkpt>
      <trkpt lat="35.76015950180590152740478515625" lon="139.5411490090191364288330078125">
        <ele>44.59999847412109375</ele>
        <time>2026-09-30T22:45:44.000Z</time>
        <extensions>
          <ns3:TrackPointExtension>
            <ns3:hr>121</ns3:hr>
            <ns3:cad>87</ns3:cad>
          </ns3:TrackPointExtension>
        </extensions>
      </trkpt>
      <trkpt lat="35.76015162281692028045654296875" lon="139.54112310893833637237548828125">
        <ele>44.59999847412109375</ele>
        <time>2026-09-30T22:45:45.000Z</time>
        <extensions>
          <ns3:TrackPointExtension>
            <ns3:hr>121</ns3:hr>
            <ns3:cad>87</ns3:cad>
          </ns3:TrackPointExtension>
        </extensions>
      </trkpt>
      <trkpt lat="35.7601367868483066558837890625" lon="139.54109176062047481536865234375">
        <ele>44.59999847412109375</ele>
        <time>2026-09-30T22:45:46.000Z</time>
        <extensions>
          <ns3:TrackPointExtension>
            <ns3:hr>121</ns3:hr>
            <ns3:cad>86</ns3:cad>
          </ns3:TrackPointExtension>
        </extensions>
      </trkpt>
      <trkpt lat="35.76013133861124515533447265625" lon="139.54106862656772136688232421875">
        <ele>44.59999847412109375</ele>
        <time>2026-09-30T22:45:47.000Z</time>
        <extensions>
          <ns3:TrackPointExtension>
            <ns3:hr>121</ns3:hr>
            <ns3:cad>85</ns3:cad>
          </ns3:TrackPointExtension>
        </extensions>
      </trkpt>
      <trkpt lat="35.76012765057384967803955078125" lon="139.5410306565463542938232421875">
        <ele>44.59999847412109375</ele>
        <time>2026-09-30T22:45:48.000Z</time>
        <extensions>
          <ns3:TrackPointExtension>
            <ns3:hr>121</ns3:hr>
            <ns3:cad>85</ns3:cad>
          </ns3:TrackPointExtension>
        </extensions>
      </trkpt>
      <trkpt lat="35.760119855403900146484375" lon="139.54100006259977817535400390625">
        <ele>44.59999847412109375</ele>
        <time>2026-09-30T22:45:49.000Z</time>
        <extensions>
          <ns3:TrackPointExtension>
            <ns3:hr>121</ns3:hr>
            <ns3:cad>85</ns3:cad>
          </ns3:TrackPointExtension>
        </extensions>
      </trkpt>
      <trkpt lat="35.76010711491107940673828125" lon="139.54097324050962924957275390625">
        <ele>44.59999847412109375</ele>
        <time>2026-09-30T22:45:50.000Z</time>
        <extensions>
          <ns3:TrackPointExtension>
            <ns3:hr>121</ns3:hr>
            <ns3:cad>85</ns3:cad>
          </ns3:TrackPointExtension>
        </extensions>
      </trkpt>
      <trkpt lat="35.7600935362279415130615234375" lon="139.5409481786191463470458984375">
        <ele>44.799999237060546875</ele>
        <time>2026-09-30T22:45:51.000Z</time>
        <extensions>
          <ns3:TrackPointExtension>
            <ns3:hr>121</ns3:hr>
            <ns3:cad>85</ns3:cad>
          </ns3:TrackPointExtension>
        </extensions>
      </trkpt>
      <trkpt lat="35.7600791193544864654541015625" lon="139.54092957079410552978515625">
        <ele>44.799999237060546875</ele>
        <time>2026-09-30T22:45:52.000Z</time>
        <extensions>
          <ns3:TrackPointExtension>
            <ns3:hr>121</ns3:hr>
            <ns3:cad>86</ns3:cad>
          </ns3:TrackPointExtension>
        </extensions>
      </trkpt>
      <trkpt lat="35.76006210409104824066162109375" lon="139.54090551473200321197509765625">
        <ele>44.799999237060546875</ele>
        <time>2026-09-30T22:45:53.000Z</time>
        <extensions>
          <ns3:TrackPointExtension>
            <ns3:hr>121</ns3:hr>
            <ns3:cad>86</ns3:cad>
          </ns3:TrackPointExtension>
        </extensions>
      </trkpt>
      <trkpt lat="35.760046429932117462158203125" lon="139.54087550751864910125732421875">
        <ele>44.799999237060546875</ele>
        <time>2026-09-30T22:45:54.000Z</time>
        <extensions>
          <ns3:TrackPointExtension>
            <ns3:hr>121</ns3:hr>
            <ns3:cad>85</ns3:cad>
          </ns3:TrackPointExtension>
        </extensions>
      </trkpt>
      <trkpt lat="35.76003176160156726837158203125" lon="139.540856145322322845458984375">
        <ele>44.799999237060546875</ele>
        <time>2026-09-30T22:45:55.000Z</time>
        <extensions>
          <ns3:TrackPointExtension>
            <ns3:hr>121</ns3:hr>
            <ns3:cad>85</ns3:cad>
          </ns3:TrackPointExtension>
        </extensions>
      </trkpt>
      <trkpt lat="35.76001499779522418975830078125" lon="139.5408348552882671356201171875">
        <ele>44.799999237060546875</ele>
        <time>2026-09-30T22:45:56.000Z</time>
        <extensions>
          <ns3:TrackPointExtension>
            <ns3:hr>121</ns3:hr>
            <ns3:cad>85</ns3:cad>
          </ns3:TrackPointExtension>
        </extensions>
      </trkpt>
      <trkpt lat="35.76000384986400604248046875" lon="139.5408026687800884246826171875">
        <ele>44.799999237060546875</ele>
        <time>2026-09-30T22:45:57.000Z</time>
        <extensions>
          <ns3:TrackPointExtension>
            <ns3:hr>121</ns3:hr>
            <ns3:cad>85</ns3:cad>
          </ns3:TrackPointExtension>
        </extensions>
      </trkpt>
      <trkpt lat="35.75999001972377300262451171875" lon="139.54078137874603271484375">
        <ele>44.799999237060546875</ele>
        <time>2026-09-30T22:45:58.000Z</time>
        <extensions>
          <ns3:TrackPointExtension>
            <ns3:hr>122</ns3:hr>
            <ns3:cad>85</ns3:cad>
          </ns3:TrackPointExtension>
        </extensions>
      </trkpt>
      <trkpt lat="35.75997794978320598602294921875" lon="139.54074474982917308807373046875">
        <ele>45</ele>
        <time>2026-09-30T22:45:59.000Z</time>
        <extensions>
          <ns3:TrackPointExtension>
            <ns3:hr>122</ns3:hr>
            <ns3:cad>85</ns3:cad>
          </ns3:TrackPointExtension>
        </extensions>
      </trkpt>
      <trkpt lat="35.75997032225131988525390625" lon="139.54072278924286365509033203125">
        <ele>45</ele>
        <time>2026-09-30T22:46:00.000Z</time>
        <extensions>
          <ns3:TrackPointExtension>
            <ns3:hr>122</ns3:hr>
            <ns3:cad>85</ns3:cad>
          </ns3:TrackPointExtension>
        </extensions>
      </trkpt>
      <trkpt lat="35.7599567435681819915771484375" lon="139.54070082865655422210693359375">
        <ele>45</ele>
        <time>2026-09-30T22:46:01.000Z</time>
        <extensions>
          <ns3:TrackPointExtension>
            <ns3:hr>123</ns3:hr>
            <ns3:cad>84</ns3:cad>
          </ns3:TrackPointExtension>
        </extensions>
      </trkpt>
      <trkpt lat="35.75994056649506092071533203125" lon="139.540671743452548980712890625">
        <ele>45</ele>
        <time>2026-09-30T22:46:02.000Z</time>
        <extensions>
          <ns3:TrackPointExtension>
            <ns3:hr>123</ns3:hr>
            <ns3:cad>84</ns3:cad>
          </ns3:TrackPointExtension>
        </extensions>
      </trkpt>
      <trkpt lat="35.75992380268871784210205078125" lon="139.54065254889428615570068359375">
        <ele>45.200000762939453125</ele>
        <time>2026-09-30T22:46:03.000Z</time>
        <extensions>
          <ns3:TrackPointExtension>
            <ns3:hr>123</ns3:hr>
            <ns3:cad>85</ns3:cad>
          </ns3:TrackPointExtension>
        </extensions>
      </trkpt>
      <trkpt lat="35.7599148340523242950439453125" lon="139.54062874428927898406982421875">
        <ele>45.200000762939453125</ele>
        <time>2026-09-30T22:46:04.000Z</time>
        <extensions>
          <ns3:TrackPointExtension>
            <ns3:hr>123</ns3:hr>
            <ns3:cad>85</ns3:cad>
          </ns3:TrackPointExtension>
        </extensions>
      </trkpt>
      <trkpt lat="35.75989781878888607025146484375" lon="139.54060393385589122772216796875">
        <ele>45.200000762939453125</ele>
        <time>2026-09-30T22:46:05.000Z</time>
        <extensions>
          <ns3:TrackPointExtension>
            <ns3:hr>123</ns3:hr>
            <ns3:cad>85</ns3:cad>
          </ns3:TrackPointExtension>
        </extensions>
      </trkpt>
      <trkpt lat="35.7598789595067501068115234375" lon="139.54058079980313777923583984375">
        <ele>45.40000152587890625</ele>
        <time>2026-09-30T22:46:06.000Z</time>
        <extensions>
          <ns3:TrackPointExtension>
            <ns3:hr>123</ns3:hr>
            <ns3:cad>85</ns3:cad>
          </ns3:TrackPointExtension>
        </extensions>
      </trkpt>
      <trkpt lat="35.759867727756500244140625" lon="139.54055942595005035400390625">
        <ele>45.59999847412109375</ele>
        <time>2026-09-30T22:46:07.000Z</time>
        <extensions>
          <ns3:TrackPointExtension>
            <ns3:hr>123</ns3:hr>
            <ns3:cad>84</ns3:cad>
          </ns3:TrackPointExtension>
        </extensions>
      </trkpt>
      <trkpt lat="35.75985766947269439697265625" lon="139.5405381359159946441650390625">
        <ele>45.59999847412109375</ele>
        <time>2026-09-30T22:46:08.000Z</time>
        <extensions>
          <ns3:TrackPointExtension>
            <ns3:hr>123</ns3:hr>
            <ns3:cad>84</ns3:cad>
          </ns3:TrackPointExtension>
        </extensions>
      </trkpt>
      <trkpt lat="35.75984769500792026519775390625" lon="139.5405160076916217803955078125">
        <ele>45.799999237060546875</ele>
        <time>2026-09-30T22:46:09.000Z</time>
        <extensions>
          <ns3:TrackPointExtension>
            <ns3:hr>123</ns3:hr>
            <ns3:cad>85</ns3:cad>
          </ns3:TrackPointExtension>
        </extensions>
      </trkpt>
      <trkpt lat="35.75983210466802120208740234375" lon="139.5404999144375324249267578125">
        <ele>45.799999237060546875</ele>
        <time>2026-09-30T22:46:10.000Z</time>
        <extensions>
          <ns3:TrackPointExtension>
            <ns3:hr>123</ns3:hr>
            <ns3:cad>85</ns3:cad>
          </ns3:TrackPointExtension>
        </extensions>
      </trkpt>
      <trkpt lat="35.75981735251843929290771484375" lon="139.5404787920415401458740234375">
        <ele>46</ele>
        <time>2026-09-30T22:46:11.000Z</time>
        <extensions>
          <ns3:TrackPointExtension>
            <ns3:hr>123</ns3:hr>
            <ns3:cad>85</ns3:cad>
          </ns3:TrackPointExtension>
        </extensions>
      </trkpt>
      <trkpt lat="35.7598028518259525299072265625" lon="139.54045473597943782806396484375">
        <ele>46</ele>
        <time>2026-09-30T22:46:12.000Z</time>
        <extensions>
          <ns3:TrackPointExtension>
            <ns3:hr>123</ns3:hr>
            <ns3:cad>84</ns3:cad>
          </ns3:TrackPointExtension>
        </extensions>
      </trkpt>
      <trkpt lat="35.7597974874079227447509765625" lon="139.5404271595180034637451171875">
        <ele>46.200000762939453125</ele>
        <time>2026-09-30T22:46:13.000Z</time>
        <extensions>
          <ns3:TrackPointExtension>
            <ns3:hr>123</ns3:hr>
            <ns3:cad>84</ns3:cad>
          </ns3:TrackPointExtension>
        </extensions>
      </trkpt>
      <trkpt lat="35.75977393426001071929931640625" lon="139.540411569178104400634765625">
        <ele>46.40000152587890625</ele>
        <time>2026-09-30T22:46:14.000Z</time>
        <extensions>
          <ns3:TrackPointExtension>
            <ns3:hr>122</ns3:hr>
            <ns3:cad>84</ns3:cad>
          </ns3:TrackPointExtension>
        </extensions>
      </trkpt>
      <trkpt lat="35.75975599698722362518310546875" lon="139.54039153642952442169189453125">
        <ele>46.40000152587890625</ele>
        <time>2026-09-30T22:46:15.000Z</time>
        <extensions>
          <ns3:TrackPointExtension>
            <ns3:hr>122</ns3:hr>
            <ns3:cad>83</ns3:cad>
          </ns3:TrackPointExtension>
        </extensions>
      </trkpt>
      <trkpt lat="35.75974459759891033172607421875" lon="139.54037896357476711273193359375">
        <ele>46.59999847412109375</ele>
        <time>2026-09-30T22:46:16.000Z</time>
        <extensions>
          <ns3:TrackPointExtension>
            <ns3:hr>122</ns3:hr>
            <ns3:cad>83</ns3:cad>
          </ns3:TrackPointExtension>
        </extensions>
      </trkpt>
      <trkpt lat="35.7597297616302967071533203125" lon="139.54036454670131206512451171875">
        <ele>46.59999847412109375</ele>
        <time>2026-09-30T22:46:17.000Z</time>
        <extensions>
          <ns3:TrackPointExtension>
            <ns3:hr>122</ns3:hr>
            <ns3:cad>82</ns3:cad>
          </ns3:TrackPointExtension>
        </extensions>
      </trkpt>
      <trkpt lat="35.7597166858613491058349609375" lon="139.5403483696281909942626953125">
        <ele>46.59999847412109375</ele>
        <time>2026-09-30T22:46:18.000Z</time>
        <extensions>
          <ns3:TrackPointExtension>
            <ns3:hr>122</ns3:hr>
            <ns3:cad>82</ns3:cad>
          </ns3:TrackPointExtension>
        </extensions>
      </trkpt>
      <trkpt lat="35.7596989162266254425048828125" lon="139.5403269119560718536376953125">
        <ele>46.799999237060546875</ele>
        <time>2026-09-30T22:46:19.000Z</time>
        <extensions>
          <ns3:TrackPointExtension>
            <ns3:hr>122</ns3:hr>
            <ns3:cad>82</ns3:cad>
          </ns3:TrackPointExtension>
        </extensions>
      </trkpt>
      <trkpt lat="35.759685672819614410400390625" lon="139.540304951369762420654296875">
        <ele>46.799999237060546875</ele>
        <time>2026-09-30T22:46:20.000Z</time>
        <extensions>
          <ns3:TrackPointExtension>
            <ns3:hr>122</ns3:hr>
            <ns3:cad>82</ns3:cad>
          </ns3:TrackPointExtension>
        </extensions>
      </trkpt>
      <trkpt lat="35.75966748408973217010498046875" lon="139.54028324224054813385009765625">
        <ele>46.799999237060546875</ele>
        <time>2026-09-30T22:46:21.000Z</time>
        <extensions>
          <ns3:TrackPointExtension>
            <ns3:hr>122</ns3:hr>
            <ns3:cad>82</ns3:cad>
          </ns3:TrackPointExtension>
        </extensions>
      </trkpt>
      <trkpt lat="35.75964870862662792205810546875" lon="139.54026170074939727783203125">
        <ele>46.59999847412109375</ele>
        <time>2026-09-30T22:46:22.000Z</time>
        <extensions>
          <ns3:TrackPointExtension>
            <ns3:hr>122</ns3:hr>
            <ns3:cad>82</ns3:cad>
          </ns3:TrackPointExtension>
        </extensions>
      </trkpt>
      <trkpt lat="35.75963596813380718231201171875" lon="139.54023848287761211395263671875">
        <ele>46.200000762939453125</ele>
        <time>2026-09-30T22:46:23.000Z</time>
        <extensions>
          <ns3:TrackPointExtension>
            <ns3:hr>122</ns3:hr>
            <ns3:cad>83</ns3:cad>
          </ns3:TrackPointExtension>
        </extensions>
      </trkpt>
      <trkpt lat="35.759617276489734649658203125" lon="139.54021568410098552703857421875">
        <ele>46</ele>
        <time>2026-09-30T22:46:24.000Z</time>
        <extensions>
          <ns3:TrackPointExtension>
            <ns3:hr>122</ns3:hr>
            <ns3:cad>85</ns3:cad>
          </ns3:TrackPointExtension>
        </extensions>
      </trkpt>
      <trkpt lat="35.759603865444660186767578125" lon="139.54019405879080295562744140625">
        <ele>46</ele>
        <time>2026-09-30T22:46:25.000Z</time>
        <extensions>
          <ns3:TrackPointExtension>
            <ns3:hr>122</ns3:hr>
            <ns3:cad>86</ns3:cad>
          </ns3:TrackPointExtension>
        </extensions>
      </trkpt>
      <trkpt lat="35.759583413600921630859375" lon="139.54017695970833301544189453125">
        <ele>46</ele>
        <time>2026-09-30T22:46:26.000Z</time>
        <extensions>
          <ns3:TrackPointExtension>
            <ns3:hr>122</ns3:hr>
            <ns3:cad>86</ns3:cad>
          </ns3:TrackPointExtension>
        </extensions>
      </trkpt>
      <trkpt lat="35.75956120155751705169677734375" lon="139.54015919007360935211181640625">
        <ele>46</ele>
        <time>2026-09-30T22:46:27.000Z</time>
        <extensions>
          <ns3:TrackPointExtension>
            <ns3:hr>122</ns3:hr>
            <ns3:cad>85</ns3:cad>
          </ns3:TrackPointExtension>
        </extensions>
      </trkpt>
      <trkpt lat="35.75954209081828594207763671875" lon="139.54014100134372711181640625">
        <ele>45.799999237060546875</ele>
        <time>2026-09-30T22:46:28.000Z</time>
        <extensions>
          <ns3:TrackPointExtension>
            <ns3:hr>122</ns3:hr>
            <ns3:cad>84</ns3:cad>
          </ns3:TrackPointExtension>
        </extensions>
      </trkpt>
      <trkpt lat="35.75952775776386260986328125" lon="139.540120549499988555908203125">
        <ele>46</ele>
        <time>2026-09-30T22:46:29.000Z</time>
        <extensions>
          <ns3:TrackPointExtension>
            <ns3:hr>122</ns3:hr>
            <ns3:cad>83</ns3:cad>
          </ns3:TrackPointExtension>
        </extensions>
      </trkpt>
      <trkpt lat="35.759511999785900115966796875" lon="139.540103115141391754150390625">
        <ele>46</ele>
        <time>2026-09-30T22:46:30.000Z</time>
        <extensions>
          <ns3:TrackPointExtension>
            <ns3:hr>122</ns3:hr>
            <ns3:cad>83</ns3:cad>
          </ns3:TrackPointExtension>
        </extensions>
      </trkpt>
      <trkpt lat="35.75949599035084247589111328125" lon="139.540080986917018890380859375">
        <ele>46</ele>
        <time>2026-09-30T22:46:31.000Z</time>
        <extensions>
          <ns3:TrackPointExtension>
            <ns3:hr>122</ns3:hr>
            <ns3:cad>83</ns3:cad>
          </ns3:TrackPointExtension>
        </extensions>
      </trkpt>
      <trkpt lat="35.75947503559291362762451171875" lon="139.5400585234165191650390625">
        <ele>46</ele>
        <time>2026-09-30T22:46:32.000Z</time>
        <extensions>
          <ns3:TrackPointExtension>
            <ns3:hr>122</ns3:hr>
            <ns3:cad>83</ns3:cad>
          </ns3:TrackPointExtension>
        </extensions>
      </trkpt>
      <trkpt lat="35.75945240445435047149658203125" lon="139.54003916122019290924072265625">
        <ele>46</ele>
        <time>2026-09-30T22:46:33.000Z</time>
        <extensions>
          <ns3:TrackPointExtension>
            <ns3:hr>122</ns3:hr>
            <ns3:cad>83</ns3:cad>
          </ns3:TrackPointExtension>
        </extensions>
      </trkpt>
      <trkpt lat="35.759442262351512908935546875" lon="139.54001653008162975311279296875">
        <ele>46.200000762939453125</ele>
        <time>2026-09-30T22:46:34.000Z</time>
        <extensions>
          <ns3:TrackPointExtension>
            <ns3:hr>122</ns3:hr>
            <ns3:cad>83</ns3:cad>
          </ns3:TrackPointExtension>
        </extensions>
      </trkpt>
      <trkpt lat="35.75943228788673877716064453125" lon="139.53999808989465236663818359375">
        <ele>46.200000762939453125</ele>
        <time>2026-09-30T22:46:35.000Z</time>
        <extensions>
          <ns3:TrackPointExtension>
            <ns3:hr>122</ns3:hr>
            <ns3:cad>84</ns3:cad>
          </ns3:TrackPointExtension>
        </extensions>
      </trkpt>
      <trkpt lat="35.75943052768707275390625" lon="139.539970345795154571533203125">
        <ele>46.200000762939453125</ele>
        <time>2026-09-30T22:46:36.000Z</time>
        <extensions>
          <ns3:TrackPointExtension>
            <ns3:hr>122</ns3:hr>
            <ns3:cad>85</ns3:cad>
          </ns3:TrackPointExtension>
        </extensions>
      </trkpt>
      <trkpt lat="35.75940571725368499755859375" lon="139.539949558675289154052734375">
        <ele>46.40000152587890625</ele>
        <time>2026-09-30T22:46:37.000Z</time>
        <extensions>
          <ns3:TrackPointExtension>
            <ns3:hr>122</ns3:hr>
            <ns3:cad>85</ns3:cad>
          </ns3:TrackPointExtension>
        </extensions>
      </trkpt>
      <trkpt lat="35.75938803143799304962158203125" lon="139.53992349095642566680908203125">
        <ele>46.59999847412109375</ele>
        <time>2026-09-30T22:46:38.000Z</time>
        <extensions>
          <ns3:TrackPointExtension>
            <ns3:hr>122</ns3:hr>
            <ns3:cad>85</ns3:cad>
          </ns3:TrackPointExtension>
        </extensions>
      </trkpt>
      <trkpt lat="35.759375207126140594482421875" lon="139.5399002730846405029296875">
        <ele>46.59999847412109375</ele>
        <time>2026-09-30T22:46:39.000Z</time>
        <extensions>
          <ns3:TrackPointExtension>
            <ns3:hr>122</ns3:hr>
            <ns3:cad>84</ns3:cad>
          </ns3:TrackPointExtension>
        </extensions>
      </trkpt>
      <trkpt lat="35.759365148842334747314453125" lon="139.53988158144056797027587890625">
        <ele>46.59999847412109375</ele>
        <time>2026-09-30T22:46:40.000Z</time>
        <extensions>
          <ns3:TrackPointExtension>
            <ns3:hr>122</ns3:hr>
            <ns3:cad>84</ns3:cad>
          </ns3:TrackPointExtension>
        </extensions>
      </trkpt>
      <trkpt lat="35.75933136977255344390869140625" lon="139.5398627221584320068359375">
        <ele>46.59999847412109375</ele>
        <time>2026-09-30T22:46:41.000Z</time>
        <extensions>
          <ns3:TrackPointExtension>
            <ns3:hr>122</ns3:hr>
            <ns3:cad>84</ns3:cad>
          </ns3:TrackPointExtension>
        </extensions>
      </trkpt>
      <trkpt lat="35.7593106664717197418212890625" lon="139.53984604217112064361572265625">
        <ele>46.799999237060546875</ele>
        <time>2026-09-30T22:46:42.000Z</time>
        <extensions>
          <ns3:TrackPointExtension>
            <ns3:hr>122</ns3:hr>
            <ns3:cad>84</ns3:cad>
          </ns3:TrackPointExtension>
        </extensions>
      </trkpt>
      <trkpt lat="35.7592982612550258636474609375" lon="139.53981754370033740997314453125">
        <ele>46.59999847412109375</ele>
        <time>2026-09-30T22:46:43.000Z</time>
        <extensions>
          <ns3:TrackPointExtension>
            <ns3:hr>122</ns3:hr>
            <ns3:cad>85</ns3:cad>
          </ns3:TrackPointExtension>
        </extensions>
      </trkpt>
      <trkpt lat="35.75927152298390865325927734375" lon="139.53978736884891986846923828125">
        <ele>46.59999847412109375</ele>
        <time>2026-09-30T22:46:44.000Z</time>
        <extensions>
          <ns3:TrackPointExtension>
            <ns3:hr>122</ns3:hr>
            <ns3:cad>86</ns3:cad>
          </ns3:TrackPointExtension>
        </extensions>
      </trkpt>
      <trkpt lat="35.75924880802631378173828125" lon="139.53976775519549846649169921875">
        <ele>46.799999237060546875</ele>
        <time>2026-09-30T22:46:45.000Z</time>
        <extensions>
          <ns3:TrackPointExtension>
            <ns3:hr>122</ns3:hr>
            <ns3:cad>87</ns3:cad>
          </ns3:TrackPointExtension>
        </extensions>
      </trkpt>
      <trkpt lat="35.75922810472548007965087890625" lon="139.5397472195327281951904296875">
        <ele>46.799999237060546875</ele>
        <time>2026-09-30T22:46:46.000Z</time>
        <extensions>
          <ns3:TrackPointExtension>
            <ns3:hr>122</ns3:hr>
            <ns3:cad>88</ns3:cad>
          </ns3:TrackPointExtension>
        </extensions>
      </trkpt>
      <trkpt lat="35.7592080719769001007080078125" lon="139.53972299583256244659423828125">
        <ele>46.799999237060546875</ele>
        <time>2026-09-30T22:46:47.000Z</time>
        <extensions>
          <ns3:TrackPointExtension>
            <ns3:hr>122</ns3:hr>
            <ns3:cad>89</ns3:cad>
          </ns3:TrackPointExtension>
        </extensions>
      </trkpt>
      <trkpt lat="35.75919382274150848388671875" lon="139.5397049747407436370849609375">
        <ele>46.799999237060546875</ele>
        <time>2026-09-30T22:46:48.000Z</time>
        <extensions>
          <ns3:TrackPointExtension>
            <ns3:hr>122</ns3:hr>
            <ns3:cad>89</ns3:cad>
          </ns3:TrackPointExtension>
        </extensions>
      </trkpt>
      <trkpt lat="35.75916691683232784271240234375" lon="139.539677985012531280517578125">
        <ele>46.799999237060546875</ele>
        <time>2026-09-30T22:46:49.000Z</time>
        <extensions>
          <ns3:TrackPointExtension>
            <ns3:hr>122</ns3:hr>
            <ns3:cad>89</ns3:cad>
          </ns3:TrackPointExtension>
        </extensions>
      </trkpt>
      <trkpt lat="35.75914093293249607086181640625" lon="139.5396583713591098785400390625">
        <ele>46.799999237060546875</ele>
        <time>2026-09-30T22:46:50.000Z</time>
        <extensions>
          <ns3:TrackPointExtension>
            <ns3:hr>122</ns3:hr>
            <ns3:cad>89</ns3:cad>
          </ns3:TrackPointExtension>
        </extensions>
      </trkpt>
      <trkpt lat="35.75911561958491802215576171875" lon="139.539640434086322784423828125">
        <ele>46.799999237060546875</ele>
        <time>2026-09-30T22:46:51.000Z</time>
        <extensions>
          <ns3:TrackPointExtension>
            <ns3:hr>122</ns3:hr>
            <ns3:cad>89</ns3:cad>
          </ns3:TrackPointExtension>
        </extensions>
      </trkpt>
      <trkpt lat="35.7590960897505283355712890625" lon="139.5396261848509311676025390625">
        <ele>46.799999237060546875</ele>
        <time>2026-09-30T22:46:52.000Z</time>
        <extensions>
          <ns3:TrackPointExtension>
            <ns3:hr>122</ns3:hr>
            <ns3:cad>89</ns3:cad>
          </ns3:TrackPointExtension>
        </extensions>
      </trkpt>
      <trkpt lat="35.75907102786004543304443359375" lon="139.53961218707263469696044921875">
        <ele>46.799999237060546875</ele>
        <time>2026-09-30T22:46:53.000Z</time>
        <extensions>
          <ns3:TrackPointExtension>
            <ns3:hr>122</ns3:hr>
            <ns3:cad>89</ns3:cad>
          </ns3:TrackPointExtension>
        </extensions>
      </trkpt>
      <trkpt lat="35.75904085300862789154052734375" lon="139.5395879633724689483642578125">
        <ele>46.799999237060546875</ele>
        <time>2026-09-30T22:46:54.000Z</time>
        <extensions>
          <ns3:TrackPointExtension>
            <ns3:hr>122</ns3:hr>
            <ns3:cad>88</ns3:cad>
          </ns3:TrackPointExtension>
        </extensions>
      </trkpt>
      <trkpt lat="35.7590250112116336822509765625" lon="139.539563991129398345947265625">
        <ele>46.799999237060546875</ele>
        <time>2026-09-30T22:46:55.000Z</time>
        <extensions>
          <ns3:TrackPointExtension>
            <ns3:hr>122</ns3:hr>
            <ns3:cad>88</ns3:cad>
          </ns3:TrackPointExtension>
        </extensions>
      </trkpt>
      <trkpt lat="35.75901252217590808868408203125" lon="139.53953758813440799713134765625">
        <ele>46.799999237060546875</ele>
        <time>2026-09-30T22:46:56.000Z</time>
        <extensions>
          <ns3:TrackPointExtension>
            <ns3:hr>122</ns3:hr>
            <ns3:cad>88</ns3:cad>
          </ns3:TrackPointExtension>
        </extensions>
      </trkpt>
      <trkpt lat="35.75900397263467311859130859375" lon="139.5395111851394176483154296875">
        <ele>46.799999237060546875</ele>
        <time>2026-09-30T22:46:57.000Z</time>
        <extensions>
          <ns3:TrackPointExtension>
            <ns3:hr>122</ns3:hr>
            <ns3:cad>88</ns3:cad>
          </ns3:TrackPointExtension>
        </extensions>
      </trkpt>
      <trkpt lat="35.7590000331401824951171875" lon="139.539484195411205291748046875">
        <ele>46.799999237060546875</ele>
        <time>2026-09-30T22:46:58.000Z</time>
        <extensions>
          <ns3:TrackPointExtension>
            <ns3:hr>122</ns3:hr>
            <ns3:cad>88</ns3:cad>
          </ns3:TrackPointExtension>
        </extensions>
      </trkpt>
      <trkpt lat="35.75898385606706142425537109375" lon="139.53945980407297611236572265625">
        <ele>46.799999237060546875</ele>
        <time>2026-09-30T22:46:59.000Z</time>
        <extensions>
          <ns3:TrackPointExtension>
            <ns3:hr>122</ns3:hr>
            <ns3:cad>88</ns3:cad>
          </ns3:TrackPointExtension>
        </extensions>
      </trkpt>
      <trkpt lat="35.75896608643233776092529296875" lon="139.5394367538392543792724609375">
        <ele>46.799999237060546875</ele>
        <time>2026-09-30T22:47:00.000Z</time>
        <extensions>
          <ns3:TrackPointExtension>
            <ns3:hr>122</ns3:hr>
            <ns3:cad>87</ns3:cad>
          </ns3:TrackPointExtension>
        </extensions>
      </trkpt>
      <trkpt lat="35.75894949026405811309814453125" lon="139.53941253013908863067626953125">
        <ele>46.799999237060546875</ele>
        <time>2026-09-30T22:47:01.000Z</time>
        <extensions>
          <ns3:TrackPointExtension>
            <ns3:hr>122</ns3:hr>
            <ns3:cad>87</ns3:cad>
          </ns3:TrackPointExtension>
        </extensions>
      </trkpt>
      <trkpt lat="35.75892853550612926483154296875" lon="139.539389647543430328369140625">
        <ele>46.799999237060546875</ele>
        <time>2026-09-30T22:47:02.000Z</time>
        <extensions>
          <ns3:TrackPointExtension>
            <ns3:hr>122</ns3:hr>
            <ns3:cad>87</ns3:cad>
          </ns3:TrackPointExtension>
        </extensions>
      </trkpt>
      <trkpt lat="35.75890556909143924713134765625" lon="139.5393686927855014801025390625">
        <ele>47</ele>
        <time>2026-09-30T22:47:03.000Z</time>
        <extensions>
          <ns3:TrackPointExtension>
            <ns3:hr>122</ns3:hr>
            <ns3:cad>87</ns3:cad>
          </ns3:TrackPointExtension>
        </extensions>
      </trkpt>
      <trkpt lat="35.75888528488576412200927734375" lon="139.53934664838016033172607421875">
        <ele>47</ele>
        <time>2026-09-30T22:47:04.000Z</time>
        <extensions>
          <ns3:TrackPointExtension>
            <ns3:hr>122</ns3:hr>
            <ns3:cad>87</ns3:cad>
          </ns3:TrackPointExtension>
        </extensions>
      </trkpt>
      <trkpt lat="35.7588717900216579437255859375" lon="139.53932099975645542144775390625">
        <ele>47</ele>
        <time>2026-09-30T22:47:05.000Z</time>
        <extensions>
          <ns3:TrackPointExtension>
            <ns3:hr>122</ns3:hr>
            <ns3:cad>87</ns3:cad>
          </ns3:TrackPointExtension>
        </extensions>
      </trkpt>
      <trkpt lat="35.75885645113885402679443359375" lon="139.53929652459919452667236328125">
        <ele>47</ele>
        <time>2026-09-30T22:47:06.000Z</time>
        <extensions>
          <ns3:TrackPointExtension>
            <ns3:hr>122</ns3:hr>
            <ns3:cad>87</ns3:cad>
          </ns3:TrackPointExtension>
        </extensions>
      </trkpt>
      <trkpt lat="35.7588466443121433258056640625" lon="139.5392699539661407470703125">
        <ele>47</ele>
        <time>2026-09-30T22:47:07.000Z</time>
        <extensions>
          <ns3:TrackPointExtension>
            <ns3:hr>122</ns3:hr>
            <ns3:cad>88</ns3:cad>
          </ns3:TrackPointExtension>
        </extensions>
      </trkpt>
      <trkpt lat="35.758835412561893463134765625" lon="139.539244472980499267578125">
        <ele>47.200000762939453125</ele>
        <time>2026-09-30T22:47:08.000Z</time>
        <extensions>
          <ns3:TrackPointExtension>
            <ns3:hr>122</ns3:hr>
            <ns3:cad>88</ns3:cad>
          </ns3:TrackPointExtension>
        </extensions>
      </trkpt>
      <trkpt lat="35.7588201574981212615966796875" lon="139.53922058455646038055419921875">
        <ele>47.200000762939453125</ele>
        <time>2026-09-30T22:47:09.000Z</time>
        <extensions>
          <ns3:TrackPointExtension>
            <ns3:hr>122</ns3:hr>
            <ns3:cad>88</ns3:cad>
          </ns3:TrackPointExtension>
        </extensions>
      </trkpt>
      <trkpt lat="35.75880699791014194488525390625" lon="139.5391977019608020782470703125">
        <ele>47.200000762939453125</ele>
        <time>2026-09-30T22:47:10.000Z</time>
        <extensions>
          <ns3:TrackPointExtension>
            <ns3:hr>122</ns3:hr>
            <ns3:cad>88</ns3:cad>
          </ns3:TrackPointExtension>
        </extensions>
      </trkpt>
      <trkpt lat="35.7587919943034648895263671875" lon="139.5391695387661457061767578125">
        <ele>47.40000152587890625</ele>
        <time>2026-09-30T22:47:11.000Z</time>
        <extensions>
          <ns3:TrackPointExtension>
            <ns3:hr>122</ns3:hr>
            <ns3:cad>88</ns3:cad>
          </ns3:TrackPointExtension>
        </extensions>
      </trkpt>
      <trkpt lat="35.75878587551414966583251953125" lon="139.5391417108476161956787109375">
        <ele>47.59999847412109375</ele>
        <time>2026-09-30T22:47:12.000Z</time>
        <extensions>
          <ns3:TrackPointExtension>
            <ns3:hr>122</ns3:hr>
            <ns3:cad>88</ns3:cad>
          </ns3:TrackPointExtension>
        </extensions>
      </trkpt>
      <trkpt lat="35.75877212919294834136962890625" lon="139.539115726947784423828125">
        <ele>47.799999237060546875</ele>
        <time>2026-09-30T22:47:13.000Z</time>
        <extensions>
          <ns3:TrackPointExtension>
            <ns3:hr>122</ns3:hr>
            <ns3:cad>87</ns3:cad>
          </ns3:TrackPointExtension>
        </extensions>
      </trkpt>
      <trkpt lat="35.7587707042694091796875" lon="139.53908395953476428985595703125">
        <ele>48</ele>
        <time>2026-09-30T22:47:14.000Z</time>
        <extensions>
          <ns3:TrackPointExtension>
            <ns3:hr>122</ns3:hr>
            <ns3:cad>87</ns3:cad>
          </ns3:TrackPointExtension>
        </extensions>
      </trkpt>
      <trkpt lat="35.7587598077952861785888671875" lon="139.5390625856816768646240234375">
        <ele>48</ele>
        <time>2026-09-30T22:47:15.000Z</time>
        <extensions>
          <ns3:TrackPointExtension>
            <ns3:hr>122</ns3:hr>
            <ns3:cad>86</ns3:cad>
          </ns3:TrackPointExtension>
        </extensions>
      </trkpt>
      <trkpt lat="35.758737511932849884033203125" lon="139.5390434749424457550048828125">
        <ele>48.200000762939453125</ele>
        <time>2026-09-30T22:47:16.000Z</time>
        <extensions>
          <ns3:TrackPointExtension>
            <ns3:hr>122</ns3:hr>
            <ns3:cad>86</ns3:cad>
          </ns3:TrackPointExtension>
        </extensions>
      </trkpt>
      <trkpt lat="35.75873239897191524505615234375" lon="139.5390193350613117218017578125">
        <ele>48.40000152587890625</ele>
        <time>2026-09-30T22:47:17.000Z</time>
        <extensions>
          <ns3:TrackPointExtension>
            <ns3:hr>122</ns3:hr>
            <ns3:cad>85</ns3:cad>
          </ns3:TrackPointExtension>
        </extensions>
      </trkpt>
      <trkpt lat="35.758716724812984466552734375" lon="139.5389968715608119964599609375">
        <ele>48.59999847412109375</ele>
        <time>2026-09-30T22:47:18.000Z</time>
        <extensions>
          <ns3:TrackPointExtension>
            <ns3:hr>122</ns3:hr>
            <ns3:cad>85</ns3:cad>
          </ns3:TrackPointExtension>
        </extensions>
      </trkpt>
      <trkpt lat="35.75869954191148281097412109375" lon="139.5389749109745025634765625">
        <ele>48.59999847412109375</ele>
        <time>2026-09-30T22:47:19.000Z</time>
        <extensions>
          <ns3:TrackPointExtension>
            <ns3:hr>122</ns3:hr>
            <ns3:cad>85</ns3:cad>
          </ns3:TrackPointExtension>
        </extensions>
      </trkpt>
      <trkpt lat="35.7586867175996303558349609375" lon="139.53895814716815948486328125">
        <ele>48.59999847412109375</ele>
        <time>2026-09-30T22:47:20.000Z</time>
        <extensions>
          <ns3:TrackPointExtension>
            <ns3:hr>122</ns3:hr>
            <ns3:cad>85</ns3:cad>
          </ns3:TrackPointExtension>
        </extensions>
      </trkpt>
      <trkpt lat="35.7586749829351902008056640625" lon="139.538935683667659759521484375">
        <ele>48.59999847412109375</ele>
        <time>2026-09-30T22:47:21.000Z</time>
        <extensions>
          <ns3:TrackPointExtension>
            <ns3:hr>122</ns3:hr>
            <ns3:cad>84</ns3:cad>
          </ns3:TrackPointExtension>
        </extensions>
      </trkpt>
      <trkpt lat="35.7586598955094814300537109375" lon="139.53891498036682605743408203125">
        <ele>48.59999847412109375</ele>
        <time>2026-09-30T22:47:22.000Z</time>
        <extensions>
          <ns3:TrackPointExtension>
            <ns3:hr>122</ns3:hr>
            <ns3:cad>83</ns3:cad>
          </ns3:TrackPointExtension>
        </extensions>
      </trkpt>
      <trkpt lat="35.75864262878894805908203125" lon="139.538894779980182647705078125">
        <ele>48.200000762939453125</ele>
        <time>2026-09-30T22:47:23.000Z</time>
        <extensions>
          <ns3:TrackPointExtension>
            <ns3:hr>122</ns3:hr>
            <ns3:cad>83</ns3:cad>
          </ns3:TrackPointExtension>
        </extensions>
      </trkpt>
      <trkpt lat="35.758626870810985565185546875" lon="139.53887759707868099212646484375">
        <ele>48.200000762939453125</ele>
        <time>2026-09-30T22:47:24.000Z</time>
        <extensions>
          <ns3:TrackPointExtension>
            <ns3:hr>122</ns3:hr>
            <ns3:cad>85</ns3:cad>
          </ns3:TrackPointExtension>
        </extensions>
      </trkpt>
      <trkpt lat="35.75861052609980106353759765625" lon="139.53886284492909908294677734375">
        <ele>48</ele>
        <time>2026-09-30T22:47:25.000Z</time>
        <extensions>
          <ns3:TrackPointExtension>
            <ns3:hr>122</ns3:hr>
            <ns3:cad>86</ns3:cad>
          </ns3:TrackPointExtension>
        </extensions>
      </trkpt>
      <trkpt lat="35.75858470983803272247314453125" lon="139.53883803449571132659912109375">
        <ele>47.799999237060546875</ele>
        <time>2026-09-30T22:47:26.000Z</time>
        <extensions>
          <ns3:TrackPointExtension>
            <ns3:hr>123</ns3:hr>
            <ns3:cad>86</ns3:cad>
          </ns3:TrackPointExtension>
        </extensions>
      </trkpt>
      <trkpt lat="35.7585579715669155120849609375" lon="139.53882378526031970977783203125">
        <ele>47.59999847412109375</ele>
        <time>2026-09-30T22:47:27.000Z</time>
        <extensions>
          <ns3:TrackPointExtension>
            <ns3:hr>123</ns3:hr>
            <ns3:cad>86</ns3:cad>
          </ns3:TrackPointExtension>
        </extensions>
      </trkpt>
      <trkpt lat="35.75852788053452968597412109375" lon="139.53880794346332550048828125">
        <ele>47.59999847412109375</ele>
        <time>2026-09-30T22:47:28.000Z</time>
        <extensions>
          <ns3:TrackPointExtension>
            <ns3:hr>123</ns3:hr>
            <ns3:cad>86</ns3:cad>
          </ns3:TrackPointExtension>
        </extensions>
      </trkpt>
      <trkpt lat="35.7585006393492221832275390625" lon="139.538790173828601837158203125">
        <ele>47.40000152587890625</ele>
        <time>2026-09-30T22:47:29.000Z</time>
        <extensions>
          <ns3:TrackPointExtension>
            <ns3:hr>123</ns3:hr>
            <ns3:cad>86</ns3:cad>
          </ns3:TrackPointExtension>
        </extensions>
      </trkpt>
      <trkpt lat="35.758466608822345733642578125" lon="139.5387764275074005126953125">
        <ele>47.40000152587890625</ele>
        <time>2026-09-30T22:47:30.000Z</time>
        <extensions>
          <ns3:TrackPointExtension>
            <ns3:hr>123</ns3:hr>
            <ns3:cad>87</ns3:cad>
          </ns3:TrackPointExtension>
        </extensions>
      </trkpt>
      <trkpt lat="35.758440457284450531005859375" lon="139.53875907696783542633056640625">
        <ele>47.40000152587890625</ele>
        <time>2026-09-30T22:47:31.000Z</time>
        <extensions>
          <ns3:TrackPointExtension>
            <ns3:hr>123</ns3:hr>
            <ns3:cad>87</ns3:cad>
          </ns3:TrackPointExtension>
        </extensions>
      </trkpt>
      <trkpt lat="35.75841405428946018218994140625" lon="139.5387420617043972015380859375">
        <ele>47.40000152587890625</ele>
        <time>2026-09-30T22:47:32.000Z</time>
        <extensions>
          <ns3:TrackPointExtension>
            <ns3:hr>123</ns3:hr>
            <ns3:cad>87</ns3:cad>
          </ns3:TrackPointExtension>
        </extensions>
      </trkpt>
      <trkpt lat="35.75839393772184848785400390625" lon="139.53872186131775379180908203125">
        <ele>47.40000152587890625</ele>
        <time>2026-09-30T22:47:33.000Z</time>
        <extensions>
          <ns3:TrackPointExtension>
            <ns3:hr>123</ns3:hr>
            <ns3:cad>87</ns3:cad>
          </ns3:TrackPointExtension>
        </extensions>
      </trkpt>
      <trkpt lat="35.75838186778128147125244140625" lon="139.53870492987334728240966796875">
        <ele>47.200000762939453125</ele>
        <time>2026-09-30T22:47:34.000Z</time>
        <extensions>
          <ns3:TrackPointExtension>
            <ns3:hr>123</ns3:hr>
            <ns3:cad>87</ns3:cad>
          </ns3:TrackPointExtension>
        </extensions>
      </trkpt>
      <trkpt lat="35.75837306678295135498046875" lon="139.53867659904062747955322265625">
        <ele>47.200000762939453125</ele>
        <time>2026-09-30T22:47:35.000Z</time>
        <extensions>
          <ns3:TrackPointExtension>
            <ns3:hr>123</ns3:hr>
            <ns3:cad>87</ns3:cad>
          </ns3:TrackPointExtension>
        </extensions>
      </trkpt>
      <trkpt lat="35.75836460106074810028076171875" lon="139.5386475138366222381591796875">
        <ele>47.40000152587890625</ele>
        <time>2026-09-30T22:47:36.000Z</time>
        <extensions>
          <ns3:TrackPointExtension>
            <ns3:hr>124</ns3:hr>
            <ns3:cad>88</ns3:cad>
          </ns3:TrackPointExtension>
        </extensions>
      </trkpt>
      <trkpt lat="35.75835026800632476806640625" lon="139.5386173389852046966552734375">
        <ele>47.40000152587890625</ele>
        <time>2026-09-30T22:47:37.000Z</time>
        <extensions>
          <ns3:TrackPointExtension>
            <ns3:hr>124</ns3:hr>
            <ns3:cad>88</ns3:cad>
          </ns3:TrackPointExtension>
        </extensions>
      </trkpt>
      <trkpt lat="35.7583299838006496429443359375" lon="139.53858305700123310089111328125">
        <ele>47.40000152587890625</ele>
        <time>2026-09-30T22:47:38.000Z</time>
        <extensions>
          <ns3:TrackPointExtension>
            <ns3:hr>124</ns3:hr>
            <ns3:cad>88</ns3:cad>
          </ns3:TrackPointExtension>
        </extensions>
      </trkpt>
      <trkpt lat="35.75829570181667804718017578125" lon="139.53856746666133403778076171875">
        <ele>47.40000152587890625</ele>
        <time>2026-09-30T22:47:39.000Z</time>
        <extensions>
          <ns3:TrackPointExtension>
            <ns3:hr>125</ns3:hr>
            <ns3:cad>88</ns3:cad>
          </ns3:TrackPointExtension>
        </extensions>
      </trkpt>
      <trkpt lat="35.75825362466275691986083984375" lon="139.5385553129017353057861328125">
        <ele>47.40000152587890625</ele>
        <time>2026-09-30T22:47:40.000Z</time>
        <extensions>
          <ns3:TrackPointExtension>
            <ns3:hr>125</ns3:hr>
            <ns3:cad>88</ns3:cad>
          </ns3:TrackPointExtension>
        </extensions>
      </trkpt>
      <trkpt lat="35.75823484919965267181396484375" lon="139.53853310085833072662353515625">
        <ele>47.40000152587890625</ele>
        <time>2026-09-30T22:47:41.000Z</time>
        <extensions>
          <ns3:TrackPointExtension>
            <ns3:hr>125</ns3:hr>
            <ns3:cad>88</ns3:cad>
          </ns3:TrackPointExtension>
        </extensions>
      </trkpt>
      <trkpt lat="35.7582223601639270782470703125" lon="139.5385030098259449005126953125">
        <ele>47.40000152587890625</ele>
        <time>2026-09-30T22:47:42.000Z</time>
        <extensions>
          <ns3:TrackPointExtension>
            <ns3:hr>125</ns3:hr>
            <ns3:cad>88</ns3:cad>
          </ns3:TrackPointExtension>
        </extensions>
      </trkpt>
      <trkpt lat="35.7582169957458972930908203125" lon="139.53846973367035388946533203125">
        <ele>47.40000152587890625</ele>
        <time>2026-09-30T22:47:43.000Z</time>
        <extensions>
          <ns3:TrackPointExtension>
            <ns3:hr>125</ns3:hr>
            <ns3:cad>88</ns3:cad>
          </ns3:TrackPointExtension>
        </extensions>
      </trkpt>
      <trkpt lat="35.75820953585207462310791015625" lon="139.53843913972377777099609375">
        <ele>47.40000152587890625</ele>
        <time>2026-09-30T22:47:44.000Z</time>
        <extensions>
          <ns3:TrackPointExtension>
            <ns3:hr>125</ns3:hr>
            <ns3:cad>88</ns3:cad>
          </ns3:TrackPointExtension>
        </extensions>
      </trkpt>
      <trkpt lat="35.758203752338886260986328125" lon="139.53840469010174274444580078125">
        <ele>47.40000152587890625</ele>
        <time>2026-09-30T22:47:45.000Z</time>
        <extensions>
          <ns3:TrackPointExtension>
            <ns3:hr>125</ns3:hr>
            <ns3:cad>87</ns3:cad>
          </ns3:TrackPointExtension>
        </extensions>
      </trkpt>
      <trkpt lat="35.75819696299731731414794921875" lon="139.538374431431293487548828125">
        <ele>47.40000152587890625</ele>
        <time>2026-09-30T22:47:46.000Z</time>
        <extensions>
          <ns3:TrackPointExtension>
            <ns3:hr>125</ns3:hr>
            <ns3:cad>87</ns3:cad>
          </ns3:TrackPointExtension>
        </extensions>
      </trkpt>
      <trkpt lat="35.75818757526576519012451171875" lon="139.538342915475368499755859375">
        <ele>47.40000152587890625</ele>
        <time>2026-09-30T22:47:47.000Z</time>
        <extensions>
          <ns3:TrackPointExtension>
            <ns3:hr>126</ns3:hr>
            <ns3:cad>87</ns3:cad>
          </ns3:TrackPointExtension>
        </extensions>
      </trkpt>
      <trkpt lat="35.75817726552486419677734375" lon="139.53831466846168041229248046875">
        <ele>47.40000152587890625</ele>
        <time>2026-09-30T22:47:48.000Z</time>
        <extensions>
          <ns3:TrackPointExtension>
            <ns3:hr>126</ns3:hr>
            <ns3:cad>87</ns3:cad>
          </ns3:TrackPointExtension>
        </extensions>
      </trkpt>
      <trkpt lat="35.75816930271685123443603515625" lon="139.53828432597219944000244140625">
        <ele>47.40000152587890625</ele>
        <time>2026-09-30T22:47:49.000Z</time>
        <extensions>
          <ns3:TrackPointExtension>
            <ns3:hr>126</ns3:hr>
            <ns3:cad>87</ns3:cad>
          </ns3:TrackPointExtension>
        </extensions>
      </trkpt>
      <trkpt lat="35.7581589929759502410888671875" lon="139.5382569171488285064697265625">
        <ele>47.40000152587890625</ele>
        <time>2026-09-30T22:47:50.000Z</time>
        <extensions>
          <ns3:TrackPointExtension>
            <ns3:hr>126</ns3:hr>
            <ns3:cad>87</ns3:cad>
          </ns3:TrackPointExtension>
        </extensions>
      </trkpt>
      <trkpt lat="35.75814633630216121673583984375" lon="139.53822833485901355743408203125">
        <ele>47.40000152587890625</ele>
        <time>2026-09-30T22:47:51.000Z</time>
        <extensions>
          <ns3:TrackPointExtension>
            <ns3:hr>126</ns3:hr>
            <ns3:cad>88</ns3:cad>
          </ns3:TrackPointExtension>
        </extensions>
      </trkpt>
      <trkpt lat="35.75813225470483303070068359375" lon="139.5381999202072620391845703125">
        <ele>47.40000152587890625</ele>
        <time>2026-09-30T22:47:52.000Z</time>
        <extensions>
          <ns3:TrackPointExtension>
            <ns3:hr>126</ns3:hr>
            <ns3:cad>88</ns3:cad>
          </ns3:TrackPointExtension>
        </extensions>
      </trkpt>
      <trkpt lat="35.75811482034623622894287109375" lon="139.53817284666001796722412109375">
        <ele>47.40000152587890625</ele>
        <time>2026-09-30T22:47:53.000Z</time>
        <extensions>
          <ns3:TrackPointExtension>
            <ns3:hr>126</ns3:hr>
            <ns3:cad>88</ns3:cad>
          </ns3:TrackPointExtension>
        </extensions>
      </trkpt>
      <trkpt lat="35.75809755362570285797119140625" lon="139.53815055079758167266845703125">
        <ele>47.40000152587890625</ele>
        <time>2026-09-30T22:47:54.000Z</time>
        <extensions>
          <ns3:TrackPointExtension>
            <ns3:hr>126</ns3:hr>
            <ns3:cad>89</ns3:cad>
          </ns3:TrackPointExtension>
        </extensions>
      </trkpt>
      <trkpt lat="35.75808397494256496429443359375" lon="139.5381258241832256317138671875">
        <ele>47.40000152587890625</ele>
        <time>2026-09-30T22:47:55.000Z</time>
        <extensions>
          <ns3:TrackPointExtension>
            <ns3:hr>126</ns3:hr>
            <ns3:cad>89</ns3:cad>
          </ns3:TrackPointExtension>
        </extensions>
      </trkpt>
      <trkpt lat="35.75807400047779083251953125" lon="139.5380993373692035675048828125">
        <ele>47.59999847412109375</ele>
        <time>2026-09-30T22:47:56.000Z</time>
        <extensions>
          <ns3:TrackPointExtension>
            <ns3:hr>126</ns3:hr>
            <ns3:cad>88</ns3:cad>
          </ns3:TrackPointExtension>
        </extensions>
      </trkpt>
      <trkpt lat="35.75806519947946071624755859375" lon="139.53806974925100803375244140625">
        <ele>47.59999847412109375</ele>
        <time>2026-09-30T22:47:57.000Z</time>
        <extensions>
          <ns3:TrackPointExtension>
            <ns3:hr>126</ns3:hr>
            <ns3:cad>88</ns3:cad>
          </ns3:TrackPointExtension>
        </extensions>
      </trkpt>
      <trkpt lat="35.75805581174790859222412109375" lon="139.53804074786603450775146484375">
        <ele>47.59999847412109375</ele>
        <time>2026-09-30T22:47:58.000Z</time>
        <extensions>
          <ns3:TrackPointExtension>
            <ns3:hr>126</ns3:hr>
            <ns3:cad>88</ns3:cad>
          </ns3:TrackPointExtension>
        </extensions>
      </trkpt>
      <trkpt lat="35.7580483518540859222412109375" lon="139.53800705261528491973876953125">
        <ele>47.59999847412109375</ele>
        <time>2026-09-30T22:47:59.000Z</time>
        <extensions>
          <ns3:TrackPointExtension>
            <ns3:hr>126</ns3:hr>
            <ns3:cad>88</ns3:cad>
          </ns3:TrackPointExtension>
        </extensions>
      </trkpt>
      <trkpt lat="35.758036114275455474853515625" lon="139.53797779977321624755859375">
        <ele>47.59999847412109375</ele>
        <time>2026-09-30T22:48:00.000Z</time>
        <extensions>
          <ns3:TrackPointExtension>
            <ns3:hr>126</ns3:hr>
            <ns3:cad>88</ns3:cad>
          </ns3:TrackPointExtension>
        </extensions>
      </trkpt>
      <trkpt lat="35.75802396051585674285888671875" lon="139.53795156441628932952880859375">
        <ele>47.59999847412109375</ele>
        <time>2026-09-30T22:48:01.000Z</time>
        <extensions>
          <ns3:TrackPointExtension>
            <ns3:hr>126</ns3:hr>
            <ns3:cad>88</ns3:cad>
          </ns3:TrackPointExtension>
        </extensions>
      </trkpt>
      <trkpt lat="35.7580118067562580108642578125" lon="139.53792792744934558868408203125">
        <ele>47.59999847412109375</ele>
        <time>2026-09-30T22:48:02.000Z</time>
        <extensions>
          <ns3:TrackPointExtension>
            <ns3:hr>125</ns3:hr>
            <ns3:cad>88</ns3:cad>
          </ns3:TrackPointExtension>
        </extensions>
      </trkpt>
      <trkpt lat="35.757999233901500701904296875" lon="139.53790278173983097076416015625">
        <ele>47.59999847412109375</ele>
        <time>2026-09-30T22:48:03.000Z</time>
        <extensions>
          <ns3:TrackPointExtension>
            <ns3:hr>125</ns3:hr>
            <ns3:cad>88</ns3:cad>
          </ns3:TrackPointExtension>
        </extensions>
      </trkpt>
      <trkpt lat="35.7579853199422359466552734375" lon="139.5378752052783966064453125">
        <ele>47.59999847412109375</ele>
        <time>2026-09-30T22:48:04.000Z</time>
        <extensions>
          <ns3:TrackPointExtension>
            <ns3:hr>125</ns3:hr>
            <ns3:cad>88</ns3:cad>
          </ns3:TrackPointExtension>
        </extensions>
      </trkpt>
      <trkpt lat="35.75798037461936473846435546875" lon="139.5378458686172962188720703125">
        <ele>47.799999237060546875</ele>
        <time>2026-09-30T22:48:05.000Z</time>
        <extensions>
          <ns3:TrackPointExtension>
            <ns3:hr>125</ns3:hr>
            <ns3:cad>88</ns3:cad>
          </ns3:TrackPointExtension>
        </extensions>
      </trkpt>
      <trkpt lat="35.75796612538397312164306640625" lon="139.53781695105135440826416015625">
        <ele>47.799999237060546875</ele>
        <time>2026-09-30T22:48:06.000Z</time>
        <extensions>
          <ns3:TrackPointExtension>
            <ns3:hr>125</ns3:hr>
            <ns3:cad>88</ns3:cad>
          </ns3:TrackPointExtension>
        </extensions>
      </trkpt>
      <trkpt lat="35.7579605095088481903076171875" lon="139.53778895549476146697998046875">
        <ele>48</ele>
        <time>2026-09-30T22:48:07.000Z</time>
        <extensions>
          <ns3:TrackPointExtension>
            <ns3:hr>125</ns3:hr>
            <ns3:cad>87</ns3:cad>
          </ns3:TrackPointExtension>
        </extensions>
      </trkpt>
      <trkpt lat="35.75795439071953296661376953125" lon="139.53775978647172451019287109375">
        <ele>48</ele>
        <time>2026-09-30T22:48:08.000Z</time>
        <extensions>
          <ns3:TrackPointExtension>
            <ns3:hr>125</ns3:hr>
            <ns3:cad>87</ns3:cad>
          </ns3:TrackPointExtension>
        </extensions>
      </trkpt>
      <trkpt lat="35.75795103795826435089111328125" lon="139.53772961162030696868896484375">
        <ele>48.200000762939453125</ele>
        <time>2026-09-30T22:48:09.000Z</time>
        <extensions>
          <ns3:TrackPointExtension>
            <ns3:hr>125</ns3:hr>
            <ns3:cad>87</ns3:cad>
          </ns3:TrackPointExtension>
        </extensions>
      </trkpt>
      <trkpt lat="35.75794919393956661224365234375" lon="139.53769440762698650360107421875">
        <ele>48.40000152587890625</ele>
        <time>2026-09-30T22:48:10.000Z</time>
        <extensions>
          <ns3:TrackPointExtension>
            <ns3:hr>125</ns3:hr>
            <ns3:cad>86</ns3:cad>
          </ns3:TrackPointExtension>
        </extensions>
      </trkpt>
      <trkpt lat="35.7579457573592662811279296875" lon="139.537663646042346954345703125">
        <ele>48.59999847412109375</ele>
        <time>2026-09-30T22:48:11.000Z</time>
        <extensions>
          <ns3:TrackPointExtension>
            <ns3:hr>125</ns3:hr>
            <ns3:cad>86</ns3:cad>
          </ns3:TrackPointExtension>
        </extensions>
      </trkpt>
      <trkpt lat="35.757936872541904449462890625" lon="139.5376364886760711669921875">
        <ele>48.799999237060546875</ele>
        <time>2026-09-30T22:48:12.000Z</time>
        <extensions>
          <ns3:TrackPointExtension>
            <ns3:hr>125</ns3:hr>
            <ns3:cad>86</ns3:cad>
          </ns3:TrackPointExtension>
        </extensions>
      </trkpt>
      <trkpt lat="35.7579336874186992645263671875" lon="139.53760371543467044830322265625">
        <ele>49</ele>
        <time>2026-09-30T22:48:13.000Z</time>
        <extensions>
          <ns3:TrackPointExtension>
            <ns3:hr>125</ns3:hr>
            <ns3:cad>86</ns3:cad>
          </ns3:TrackPointExtension>
        </extensions>
      </trkpt>
      <trkpt lat="35.75793410651385784149169921875" lon="139.53757437877357006072998046875">
        <ele>49</ele>
        <time>2026-09-30T22:48:14.000Z</time>
        <extensions>
          <ns3:TrackPointExtension>
            <ns3:hr>125</ns3:hr>
            <ns3:cad>86</ns3:cad>
          </ns3:TrackPointExtension>
        </extensions>
      </trkpt>
      <trkpt lat="35.7579189352691173553466796875" lon="139.537547640502452850341796875">
        <ele>49</ele>
        <time>2026-09-30T22:48:15.000Z</time>
        <extensions>
          <ns3:TrackPointExtension>
            <ns3:hr>125</ns3:hr>
            <ns3:cad>87</ns3:cad>
          </ns3:TrackPointExtension>
        </extensions>
      </trkpt>
      <trkpt lat="35.75790175236761569976806640625" lon="139.53751604072749614715576171875">
        <ele>49</ele>
        <time>2026-09-30T22:48:16.000Z</time>
        <extensions>
          <ns3:TrackPointExtension>
            <ns3:hr>124</ns3:hr>
            <ns3:cad>87</ns3:cad>
          </ns3:TrackPointExtension>
        </extensions>
      </trkpt>
      <trkpt lat="35.75789286755025386810302734375" lon="139.53748016618192195892333984375">
        <ele>49</ele>
        <time>2026-09-30T22:48:17.000Z</time>
        <extensions>
          <ns3:TrackPointExtension>
            <ns3:hr>124</ns3:hr>
            <ns3:cad>87</ns3:cad>
          </ns3:TrackPointExtension>
        </extensions>
      </trkpt>
      <trkpt lat="35.7578897662460803985595703125" lon="139.53744596801698207855224609375">
        <ele>49</ele>
        <time>2026-09-30T22:48:18.000Z</time>
        <extensions>
          <ns3:TrackPointExtension>
            <ns3:hr>124</ns3:hr>
            <ns3:cad>87</ns3:cad>
          </ns3:TrackPointExtension>
        </extensions>
      </trkpt>
      <trkpt lat="35.75787224806845188140869140625" lon="139.53741914592683315277099609375">
        <ele>48.59999847412109375</ele>
        <time>2026-09-30T22:48:19.000Z</time>
        <extensions>
          <ns3:TrackPointExtension>
            <ns3:hr>124</ns3:hr>
            <ns3:cad>87</ns3:cad>
          </ns3:TrackPointExtension>
        </extensions>
      </trkpt>
      <trkpt lat="35.7578498683869838714599609375" lon="139.53739307820796966552734375">
        <ele>48.59999847412109375</ele>
        <time>2026-09-30T22:48:20.000Z</time>
        <extensions>
          <ns3:TrackPointExtension>
            <ns3:hr>124</ns3:hr>
            <ns3:cad>87</ns3:cad>
          </ns3:TrackPointExtension>
        </extensions>
      </trkpt>
      <trkpt lat="35.75784039683640003204345703125" lon="139.53736357390880584716796875">
        <ele>48.40000152587890625</ele>
        <time>2026-09-30T22:48:21.000Z</time>
        <extensions>
          <ns3:TrackPointExtension>
            <ns3:hr>124</ns3:hr>
            <ns3:cad>87</ns3:cad>
          </ns3:TrackPointExtension>
        </extensions>
      </trkpt>
      <trkpt lat="35.7578304223716259002685546875" lon="139.537334740161895751953125">
        <ele>48.200000762939453125</ele>
        <time>2026-09-30T22:48:22.000Z</time>
        <extensions>
          <ns3:TrackPointExtension>
            <ns3:hr>124</ns3:hr>
            <ns3:cad>87</ns3:cad>
          </ns3:TrackPointExtension>
        </extensions>
      </trkpt>
      <trkpt lat="35.75782229192554950714111328125" lon="139.53730884008109569549560546875">
        <ele>48.200000762939453125</ele>
        <time>2026-09-30T22:48:23.000Z</time>
        <extensions>
          <ns3:TrackPointExtension>
            <ns3:hr>124</ns3:hr>
            <ns3:cad>87</ns3:cad>
          </ns3:TrackPointExtension>
        </extensions>
      </trkpt>
      <trkpt lat="35.75781005434691905975341796875" lon="139.537281431257724761962890625">
        <ele>48</ele>
        <time>2026-09-30T22:48:24.000Z</time>
        <extensions>
          <ns3:TrackPointExtension>
            <ns3:hr>124</ns3:hr>
            <ns3:cad>87</ns3:cad>
          </ns3:TrackPointExtension>
        </extensions>
      </trkpt>
      <trkpt lat="35.7577999122440814971923828125" lon="139.53725201077759265899658203125">
        <ele>48</ele>
        <time>2026-09-30T22:48:25.000Z</time>
        <extensions>
          <ns3:TrackPointExtension>
            <ns3:hr>124</ns3:hr>
            <ns3:cad>87</ns3:cad>
          </ns3:TrackPointExtension>
        </extensions>
      </trkpt>
      <trkpt lat="35.7577878423035144805908203125" lon="139.5372239314019680023193359375">
        <ele>48</ele>
        <time>2026-09-30T22:48:26.000Z</time>
        <extensions>
          <ns3:TrackPointExtension>
            <ns3:hr>125</ns3:hr>
            <ns3:cad>87</ns3:cad>
          </ns3:TrackPointExtension>
        </extensions>
      </trkpt>
      <trkpt lat="35.75776512734591960906982421875" lon="139.5372071675956249237060546875">
        <ele>48.200000762939453125</ele>
        <time>2026-09-30T22:48:27.000Z</time>
        <extensions>
          <ns3:TrackPointExtension>
            <ns3:hr>125</ns3:hr>
            <ns3:cad>87</ns3:cad>
          </ns3:TrackPointExtension>
        </extensions>
      </trkpt>
      <trkpt lat="35.757744424045085906982421875" lon="139.53717850148677825927734375">
        <ele>48.200000762939453125</ele>
        <time>2026-09-30T22:48:28.000Z</time>
        <extensions>
          <ns3:TrackPointExtension>
            <ns3:hr>125</ns3:hr>
            <ns3:cad>87</ns3:cad>
          </ns3:TrackPointExtension>
        </extensions>
      </trkpt>
      <trkpt lat="35.75773428194224834442138671875" lon="139.5371478237211704254150390625">
        <ele>48.200000762939453125</ele>
        <time>2026-09-30T22:48:29.000Z</time>
        <extensions>
          <ns3:TrackPointExtension>
            <ns3:hr>125</ns3:hr>
            <ns3:cad>88</ns3:cad>
          </ns3:TrackPointExtension>
        </extensions>
      </trkpt>
      <trkpt lat="35.75773243792355060577392578125" lon="139.53711270354688167572021484375">
        <ele>48.200000762939453125</ele>
        <time>2026-09-30T22:48:30.000Z</time>
        <extensions>
          <ns3:TrackPointExtension>
            <ns3:hr>125</ns3:hr>
            <ns3:cad>88</ns3:cad>
          </ns3:TrackPointExtension>
        </extensions>
      </trkpt>
      <trkpt lat="35.7577325217425823211669921875" lon="139.53708353452384471893310546875">
        <ele>48.200000762939453125</ele>
        <time>2026-09-30T22:48:31.000Z</time>
        <extensions>
          <ns3:TrackPointExtension>
            <ns3:hr>125</ns3:hr>
            <ns3:cad>87</ns3:cad>
          </ns3:TrackPointExtension>
        </extensions>
      </trkpt>
      <trkpt lat="35.757722966372966766357421875" lon="139.53705386258661746978759765625">
        <ele>48.200000762939453125</ele>
        <time>2026-09-30T22:48:32.000Z</time>
        <extensions>
          <ns3:TrackPointExtension>
            <ns3:hr>125</ns3:hr>
            <ns3:cad>87</ns3:cad>
          </ns3:TrackPointExtension>
        </extensions>
      </trkpt>
      <trkpt lat="35.7577077113091945648193359375" lon="139.53702586703002452850341796875">
        <ele>48.200000762939453125</ele>
        <time>2026-09-30T22:48:33.000Z</time>
        <extensions>
          <ns3:TrackPointExtension>
            <ns3:hr>125</ns3:hr>
            <ns3:cad>87</ns3:cad>
          </ns3:TrackPointExtension>
        </extensions>
      </trkpt>
      <trkpt lat="35.75768985785543918609619140625" lon="139.53700457699596881866455078125">
        <ele>48.40000152587890625</ele>
        <time>2026-09-30T22:48:34.000Z</time>
        <extensions>
          <ns3:TrackPointExtension>
            <ns3:hr>125</ns3:hr>
            <ns3:cad>87</ns3:cad>
          </ns3:TrackPointExtension>
        </extensions>
      </trkpt>
      <trkpt lat="35.75765415094792842864990234375" lon="139.5369929261505603790283203125">
        <ele>48.40000152587890625</ele>
        <time>2026-09-30T22:48:35.000Z</time>
        <extensions>
          <ns3:TrackPointExtension>
            <ns3:hr>125</ns3:hr>
            <ns3:cad>87</ns3:cad>
          </ns3:TrackPointExtension>
        </extensions>
      </trkpt>
      <trkpt lat="35.75763319618999958038330078125" lon="139.53697264194488525390625">
        <ele>48.40000152587890625</ele>
        <time>2026-09-30T22:48:36.000Z</time>
        <extensions>
          <ns3:TrackPointExtension>
            <ns3:hr>125</ns3:hr>
            <ns3:cad>86</ns3:cad>
          </ns3:TrackPointExtension>
        </extensions>
      </trkpt>
      <trkpt lat="35.75761844404041767120361328125" lon="139.53694246709346771240234375">
        <ele>48.40000152587890625</ele>
        <time>2026-09-30T22:48:37.000Z</time>
        <extensions>
          <ns3:TrackPointExtension>
            <ns3:hr>125</ns3:hr>
            <ns3:cad>86</ns3:cad>
          </ns3:TrackPointExtension>
        </extensions>
      </trkpt>
      <trkpt lat="35.75760268606245517730712890625" lon="139.53691656701266765594482421875">
        <ele>48.40000152587890625</ele>
        <time>2026-09-30T22:48:38.000Z</time>
        <extensions>
          <ns3:TrackPointExtension>
            <ns3:hr>125</ns3:hr>
            <ns3:cad>87</ns3:cad>
          </ns3:TrackPointExtension>
        </extensions>
      </trkpt>
      <trkpt lat="35.75759765692055225372314453125" lon="139.53689091838896274566650390625">
        <ele>48.40000152587890625</ele>
        <time>2026-09-30T22:48:39.000Z</time>
        <extensions>
          <ns3:TrackPointExtension>
            <ns3:hr>125</ns3:hr>
            <ns3:cad>87</ns3:cad>
          </ns3:TrackPointExtension>
        </extensions>
      </trkpt>
      <trkpt lat="35.7575823180377483367919921875" lon="139.53686334192752838134765625">
        <ele>48.40000152587890625</ele>
        <time>2026-09-30T22:48:40.000Z</time>
        <extensions>
          <ns3:TrackPointExtension>
            <ns3:hr>125</ns3:hr>
            <ns3:cad>87</ns3:cad>
          </ns3:TrackPointExtension>
        </extensions>
      </trkpt>
      <trkpt lat="35.7575689069926738739013671875" lon="139.53683157451450824737548828125">
        <ele>48.40000152587890625</ele>
        <time>2026-09-30T22:48:41.000Z</time>
        <extensions>
          <ns3:TrackPointExtension>
            <ns3:hr>125</ns3:hr>
            <ns3:cad>87</ns3:cad>
          </ns3:TrackPointExtension>
        </extensions>
      </trkpt>
      <trkpt lat="35.75756094418466091156005859375" lon="139.53679561614990234375">
        <ele>48.40000152587890625</ele>
        <time>2026-09-30T22:48:42.000Z</time>
        <extensions>
          <ns3:TrackPointExtension>
            <ns3:hr>125</ns3:hr>
            <ns3:cad>87</ns3:cad>
          </ns3:TrackPointExtension>
        </extensions>
      </trkpt>
      <trkpt lat="35.7575541548430919647216796875" lon="139.53675831668078899383544921875">
        <ele>48.59999847412109375</ele>
        <time>2026-09-30T22:48:43.000Z</time>
        <extensions>
          <ns3:TrackPointExtension>
            <ns3:hr>125</ns3:hr>
            <ns3:cad>87</ns3:cad>
          </ns3:TrackPointExtension>
        </extensions>
      </trkpt>
      <trkpt lat="35.75753479264676570892333984375" lon="139.536724872887134552001953125">
        <ele>48.799999237060546875</ele>
        <time>2026-09-30T22:48:44.000Z</time>
        <extensions>
          <ns3:TrackPointExtension>
            <ns3:hr>125</ns3:hr>
            <ns3:cad>88</ns3:cad>
          </ns3:TrackPointExtension>
        </extensions>
      </trkpt>
      <trkpt lat="35.75745952315628528594970703125" lon="139.53666326589882373809814453125">
        <ele>49</ele>
        <time>2026-09-30T22:48:47.000Z</time>
        <extensions>
          <ns3:TrackPointExtension>
            <ns3:hr>124</ns3:hr>
            <ns3:cad>89</ns3:cad>
          </ns3:TrackPointExtension>
        </extensions>
      </trkpt>
      <trkpt lat="35.7574415020644664764404296875" lon="139.53665119595825672149658203125">
        <ele>49.200000762939453125</ele>
        <time>2026-09-30T22:48:48.000Z</time>
        <extensions>
          <ns3:TrackPointExtension>
            <ns3:hr>124</ns3:hr>
            <ns3:cad>90</ns3:cad>
          </ns3:TrackPointExtension>
        </extensions>
      </trkpt>
      <trkpt lat="35.75743622146546840667724609375" lon="139.536626301705837249755859375">
        <ele>49.59999847412109375</ele>
        <time>2026-09-30T22:48:49.000Z</time>
        <extensions>
          <ns3:TrackPointExtension>
            <ns3:hr>124</ns3:hr>
            <ns3:cad>90</ns3:cad>
          </ns3:TrackPointExtension>
        </extensions>
      </trkpt>
      <trkpt lat="35.75742599554359912872314453125" lon="139.53660048544406890869140625">
        <ele>49.799999237060546875</ele>
        <time>2026-09-30T22:48:50.000Z</time>
        <extensions>
          <ns3:TrackPointExtension>
            <ns3:hr>124</ns3:hr>
            <ns3:cad>90</ns3:cad>
          </ns3:TrackPointExtension>
        </extensions>
      </trkpt>
      <trkpt lat="35.75740789063274860382080078125" lon="139.53657592646777629852294921875">
        <ele>50</ele>
        <time>2026-09-30T22:48:51.000Z</time>
        <extensions>
          <ns3:TrackPointExtension>
            <ns3:hr>124</ns3:hr>
            <ns3:cad>90</ns3:cad>
          </ns3:TrackPointExtension>
        </extensions>
      </trkpt>
      <trkpt lat="35.75739674270153045654296875" lon="139.53654826618731021881103515625">
        <ele>50</ele>
        <time>2026-09-30T22:48:52.000Z</time>
        <extensions>
          <ns3:TrackPointExtension>
            <ns3:hr>124</ns3:hr>
            <ns3:cad>90</ns3:cad>
          </ns3:TrackPointExtension>
        </extensions>
      </trkpt>
      <trkpt lat="35.75738131999969482421875" lon="139.5365258865058422088623046875">
        <ele>50</ele>
        <time>2026-09-30T22:48:53.000Z</time>
        <extensions>
          <ns3:TrackPointExtension>
            <ns3:hr>124</ns3:hr>
            <ns3:cad>87</ns3:cad>
          </ns3:TrackPointExtension>
        </extensions>
      </trkpt>
      <trkpt lat="35.7573764584958553314208984375" lon="139.536496885120868682861328125">
        <ele>50</ele>
        <time>2026-09-30T22:48:54.000Z</time>
        <extensions>
          <ns3:TrackPointExtension>
            <ns3:hr>124</ns3:hr>
            <ns3:cad>87</ns3:cad>
          </ns3:TrackPointExtension>
        </extensions>
      </trkpt>
      <trkpt lat="35.75736581347882747650146484375" lon="139.53647098504006862640380859375">
        <ele>50</ele>
        <time>2026-09-30T22:48:55.000Z</time>
        <extensions>
          <ns3:TrackPointExtension>
            <ns3:hr>124</ns3:hr>
            <ns3:cad>87</ns3:cad>
          </ns3:TrackPointExtension>
        </extensions>
      </trkpt>
      <trkpt lat="35.75735005550086498260498046875" lon="139.53644533641636371612548828125">
        <ele>50.200000762939453125</ele>
        <time>2026-09-30T22:48:56.000Z</time>
        <extensions>
          <ns3:TrackPointExtension>
            <ns3:hr>124</ns3:hr>
            <ns3:cad>86</ns3:cad>
          </ns3:TrackPointExtension>
        </extensions>
      </trkpt>
      <trkpt lat="35.7573392428457736968994140625" lon="139.53641750849783420562744140625">
        <ele>50.200000762939453125</ele>
        <time>2026-09-30T22:48:57.000Z</time>
        <extensions>
          <ns3:TrackPointExtension>
            <ns3:hr>124</ns3:hr>
            <ns3:cad>87</ns3:cad>
          </ns3:TrackPointExtension>
        </extensions>
      </trkpt>
      <trkpt lat="35.75732432305812835693359375" lon="139.53639102168381214141845703125">
        <ele>50.200000762939453125</ele>
        <time>2026-09-30T22:48:58.000Z</time>
        <extensions>
          <ns3:TrackPointExtension>
            <ns3:hr>124</ns3:hr>
            <ns3:cad>87</ns3:cad>
          </ns3:TrackPointExtension>
        </extensions>
      </trkpt>
      <trkpt lat="35.75731518678367137908935546875" lon="139.53636202029883861541748046875">
        <ele>50.200000762939453125</ele>
        <time>2026-09-30T22:48:59.000Z</time>
        <extensions>
          <ns3:TrackPointExtension>
            <ns3:hr>124</ns3:hr>
            <ns3:cad>88</ns3:cad>
          </ns3:TrackPointExtension>
        </extensions>
      </trkpt>
      <trkpt lat="35.75730043463408946990966796875" lon="139.53633771277964115142822265625">
        <ele>50.200000762939453125</ele>
        <time>2026-09-30T22:49:00.000Z</time>
        <extensions>
          <ns3:TrackPointExtension>
            <ns3:hr>124</ns3:hr>
            <ns3:cad>89</ns3:cad>
          </ns3:TrackPointExtension>
        </extensions>
      </trkpt>
      <trkpt lat="35.75727864168584346771240234375" lon="139.5363170094788074493408203125">
        <ele>50.40000152587890625</ele>
        <time>2026-09-30T22:49:01.000Z</time>
        <extensions>
          <ns3:TrackPointExtension>
            <ns3:hr>124</ns3:hr>
            <ns3:cad>89</ns3:cad>
          </ns3:TrackPointExtension>
        </extensions>
      </trkpt>
      <trkpt lat="35.7572681643068790435791015625" lon="139.53628557734191417694091796875">
        <ele>50.40000152587890625</ele>
        <time>2026-09-30T22:49:02.000Z</time>
        <extensions>
          <ns3:TrackPointExtension>
            <ns3:hr>125</ns3:hr>
            <ns3:cad>89</ns3:cad>
          </ns3:TrackPointExtension>
        </extensions>
      </trkpt>
      <trkpt lat="35.757262967526912689208984375" lon="139.53625221736729145050048828125">
        <ele>50.40000152587890625</ele>
        <time>2026-09-30T22:49:03.000Z</time>
        <extensions>
          <ns3:TrackPointExtension>
            <ns3:hr>125</ns3:hr>
            <ns3:cad>88</ns3:cad>
          </ns3:TrackPointExtension>
        </extensions>
      </trkpt>
      <trkpt lat="35.757260620594024658203125" lon="139.5362211205065250396728515625">
        <ele>50.40000152587890625</ele>
        <time>2026-09-30T22:49:04.000Z</time>
        <extensions>
          <ns3:TrackPointExtension>
            <ns3:hr>125</ns3:hr>
            <ns3:cad>88</ns3:cad>
          </ns3:TrackPointExtension>
        </extensions>
      </trkpt>
      <trkpt lat="35.75725416652858257293701171875" lon="139.53619119711220264434814453125">
        <ele>50.40000152587890625</ele>
        <time>2026-09-30T22:49:05.000Z</time>
        <extensions>
          <ns3:TrackPointExtension>
            <ns3:hr>126</ns3:hr>
            <ns3:cad>87</ns3:cad>
          </ns3:TrackPointExtension>
        </extensions>
      </trkpt>
      <trkpt lat="35.75724511407315731048583984375" lon="139.5361621119081974029541015625">
        <ele>50.200000762939453125</ele>
        <time>2026-09-30T22:49:06.000Z</time>
        <extensions>
          <ns3:TrackPointExtension>
            <ns3:hr>126</ns3:hr>
            <ns3:cad>87</ns3:cad>
          </ns3:TrackPointExtension>
        </extensions>
      </trkpt>
      <trkpt lat="35.757234804332256317138671875" lon="139.536130763590335845947265625">
        <ele>50.200000762939453125</ele>
        <time>2026-09-30T22:49:07.000Z</time>
        <extensions>
          <ns3:TrackPointExtension>
            <ns3:hr>126</ns3:hr>
            <ns3:cad>87</ns3:cad>
          </ns3:TrackPointExtension>
        </extensions>
      </trkpt>
      <trkpt lat="35.757222734391689300537109375" lon="139.53610352240502834320068359375">
        <ele>50.200000762939453125</ele>
        <time>2026-09-30T22:49:08.000Z</time>
        <extensions>
          <ns3:TrackPointExtension>
            <ns3:hr>126</ns3:hr>
            <ns3:cad>88</ns3:cad>
          </ns3:TrackPointExtension>
        </extensions>
      </trkpt>
      <trkpt lat="35.75721091590821743011474609375" lon="139.53608122654259204864501953125">
        <ele>50.200000762939453125</ele>
        <time>2026-09-30T22:49:09.000Z</time>
        <extensions>
          <ns3:TrackPointExtension>
            <ns3:hr>126</ns3:hr>
            <ns3:cad>88</ns3:cad>
          </ns3:TrackPointExtension>
        </extensions>
      </trkpt>
      <trkpt lat="35.7571937330067157745361328125" lon="139.53604702837765216827392578125">
        <ele>50.200000762939453125</ele>
        <time>2026-09-30T22:49:10.000Z</time>
        <extensions>
          <ns3:TrackPointExtension>
            <ns3:hr>126</ns3:hr>
            <ns3:cad>88</ns3:cad>
          </ns3:TrackPointExtension>
        </extensions>
      </trkpt>
      <trkpt lat="35.75718442909419536590576171875" lon="139.53601165674626827239990234375">
        <ele>50.200000762939453125</ele>
        <time>2026-09-30T22:49:11.000Z</time>
        <extensions>
          <ns3:TrackPointExtension>
            <ns3:hr>126</ns3:hr>
            <ns3:cad>88</ns3:cad>
          </ns3:TrackPointExtension>
        </extensions>
      </trkpt>
      <trkpt lat="35.757172107696533203125" lon="139.53598198480904102325439453125">
        <ele>50</ele>
        <time>2026-09-30T22:49:12.000Z</time>
        <extensions>
          <ns3:TrackPointExtension>
            <ns3:hr>126</ns3:hr>
            <ns3:cad>88</ns3:cad>
          </ns3:TrackPointExtension>
        </extensions>
      </trkpt>
      <trkpt lat="35.75715827755630016326904296875" lon="139.53595616854727268218994140625">
        <ele>50</ele>
        <time>2026-09-30T22:49:13.000Z</time>
        <extensions>
          <ns3:TrackPointExtension>
            <ns3:hr>126</ns3:hr>
            <ns3:cad>89</ns3:cad>
          </ns3:TrackPointExtension>
        </extensions>
      </trkpt>
      <trkpt lat="35.75715576298534870147705078125" lon="139.53593085519969463348388671875">
        <ele>50</ele>
        <time>2026-09-30T22:49:14.000Z</time>
        <extensions>
          <ns3:TrackPointExtension>
            <ns3:hr>126</ns3:hr>
            <ns3:cad>90</ns3:cad>
          </ns3:TrackPointExtension>
        </extensions>
      </trkpt>
      <trkpt lat="35.75714017264544963836669921875" lon="139.53589548356831073760986328125">
        <ele>50</ele>
        <time>2026-09-30T22:49:15.000Z</time>
        <extensions>
          <ns3:TrackPointExtension>
            <ns3:hr>126</ns3:hr>
            <ns3:cad>90</ns3:cad>
          </ns3:TrackPointExtension>
        </extensions>
      </trkpt>
      <trkpt lat="35.75712273828685283660888671875" lon="139.53587050549685955047607421875">
        <ele>50</ele>
        <time>2026-09-30T22:49:16.000Z</time>
        <extensions>
          <ns3:TrackPointExtension>
            <ns3:hr>126</ns3:hr>
            <ns3:cad>89</ns3:cad>
          </ns3:TrackPointExtension>
        </extensions>
      </trkpt>
      <trkpt lat="35.75711385346949100494384765625" lon="139.535849802196025848388671875">
        <ele>50</ele>
        <time>2026-09-30T22:49:17.000Z</time>
        <extensions>
          <ns3:TrackPointExtension>
            <ns3:hr>126</ns3:hr>
            <ns3:cad>88</ns3:cad>
          </ns3:TrackPointExtension>
        </extensions>
      </trkpt>
      <trkpt lat="35.7571008615195751190185546875" lon="139.53581702895462512969970703125">
        <ele>50</ele>
        <time>2026-09-30T22:49:18.000Z</time>
        <extensions>
          <ns3:TrackPointExtension>
            <ns3:hr>126</ns3:hr>
            <ns3:cad>88</ns3:cad>
          </ns3:TrackPointExtension>
        </extensions>
      </trkpt>
      <trkpt lat="35.75708099640905857086181640625" lon="139.53577838838100433349609375">
        <ele>50</ele>
        <time>2026-09-30T22:49:19.000Z</time>
        <extensions>
          <ns3:TrackPointExtension>
            <ns3:hr>126</ns3:hr>
            <ns3:cad>89</ns3:cad>
          </ns3:TrackPointExtension>
        </extensions>
      </trkpt>
      <trkpt lat="35.75706708244979381561279296875" lon="139.5357428491115570068359375">
        <ele>50</ele>
        <time>2026-09-30T22:49:20.000Z</time>
        <extensions>
          <ns3:TrackPointExtension>
            <ns3:hr>126</ns3:hr>
            <ns3:cad>89</ns3:cad>
          </ns3:TrackPointExtension>
        </extensions>
      </trkpt>
      <trkpt lat="35.7570562697947025299072265625" lon="139.53571242280304431915283203125">
        <ele>50</ele>
        <time>2026-09-30T22:49:21.000Z</time>
        <extensions>
          <ns3:TrackPointExtension>
            <ns3:hr>126</ns3:hr>
            <ns3:cad>88</ns3:cad>
          </ns3:TrackPointExtension>
        </extensions>
      </trkpt>
      <trkpt lat="35.7570500671863555908203125" lon="139.53568107448518276214599609375">
        <ele>50</ele>
        <time>2026-09-30T22:49:22.000Z</time>
        <extensions>
          <ns3:TrackPointExtension>
            <ns3:hr>126</ns3:hr>
            <ns3:cad>88</ns3:cad>
          </ns3:TrackPointExtension>
        </extensions>
      </trkpt>
      <trkpt lat="35.75704696588218212127685546875" lon="139.53565358184278011322021484375">
        <ele>50.200000762939453125</ele>
        <time>2026-09-30T22:49:23.000Z</time>
        <extensions>
          <ns3:TrackPointExtension>
            <ns3:hr>126</ns3:hr>
            <ns3:cad>88</ns3:cad>
          </ns3:TrackPointExtension>
        </extensions>
      </trkpt>
      <trkpt lat="35.75703330338001251220703125" lon="139.5356236584484577178955078125">
        <ele>50.200000762939453125</ele>
        <time>2026-09-30T22:49:24.000Z</time>
        <extensions>
          <ns3:TrackPointExtension>
            <ns3:hr>127</ns3:hr>
            <ns3:cad>88</ns3:cad>
          </ns3:TrackPointExtension>
        </extensions>
      </trkpt>
      <trkpt lat="35.7570237480103969573974609375" lon="139.5355978421866893768310546875">
        <ele>50.40000152587890625</ele>
        <time>2026-09-30T22:49:25.000Z</time>
        <extensions>
          <ns3:TrackPointExtension>
            <ns3:hr>127</ns3:hr>
            <ns3:cad>88</ns3:cad>
          </ns3:TrackPointExtension>
        </extensions>
      </trkpt>
      <trkpt lat="35.75700706802308559417724609375" lon="139.53557194210588932037353515625">
        <ele>50.40000152587890625</ele>
        <time>2026-09-30T22:49:26.000Z</time>
        <extensions>
          <ns3:TrackPointExtension>
            <ns3:hr>127</ns3:hr>
            <ns3:cad>86</ns3:cad>
          </ns3:TrackPointExtension>
        </extensions>
      </trkpt>
      <trkpt lat="35.757000446319580078125" lon="139.53554310835897922515869140625">
        <ele>50.40000152587890625</ele>
        <time>2026-09-30T22:49:27.000Z</time>
        <extensions>
          <ns3:TrackPointExtension>
            <ns3:hr>128</ns3:hr>
            <ns3:cad>86</ns3:cad>
          </ns3:TrackPointExtension>
        </extensions>
      </trkpt>
      <trkpt lat="35.75699114240705966949462890625" lon="139.5355103351175785064697265625">
        <ele>50.40000152587890625</ele>
        <time>2026-09-30T22:49:28.000Z</time>
        <extensions>
          <ns3:TrackPointExtension>
            <ns3:hr>128</ns3:hr>
            <ns3:cad>86</ns3:cad>
          </ns3:TrackPointExtension>
        </extensions>
      </trkpt>
      <trkpt lat="35.7569768093526363372802734375" lon="139.53548091463744640350341796875">
        <ele>50.40000152587890625</ele>
        <time>2026-09-30T22:49:29.000Z</time>
        <extensions>
          <ns3:TrackPointExtension>
            <ns3:hr>128</ns3:hr>
            <ns3:cad>86</ns3:cad>
          </ns3:TrackPointExtension>
        </extensions>
      </trkpt>
      <trkpt lat="35.75695275329053401947021484375" lon="139.53545275144279003143310546875">
        <ele>50.200000762939453125</ele>
        <time>2026-09-30T22:49:30.000Z</time>
        <extensions>
          <ns3:TrackPointExtension>
            <ns3:hr>129</ns3:hr>
            <ns3:cad>87</ns3:cad>
          </ns3:TrackPointExtension>
        </extensions>
      </trkpt>
      <trkpt lat="35.75693431310355663299560546875" lon="139.535424001514911651611328125">
        <ele>50</ele>
        <time>2026-09-30T22:49:31.000Z</time>
        <extensions>
          <ns3:TrackPointExtension>
            <ns3:hr>129</ns3:hr>
            <ns3:cad>87</ns3:cad>
          </ns3:TrackPointExtension>
        </extensions>
      </trkpt>
      <trkpt lat="35.75691637583076953887939453125" lon="139.53539826907217502593994140625">
        <ele>50</ele>
        <time>2026-09-30T22:49:32.000Z</time>
        <extensions>
          <ns3:TrackPointExtension>
            <ns3:hr>129</ns3:hr>
            <ns3:cad>88</ns3:cad>
          </ns3:TrackPointExtension>
        </extensions>
      </trkpt>
      <trkpt lat="35.7569141127169132232666015625" lon="139.53536440618336200714111328125">
        <ele>50</ele>
        <time>2026-09-30T22:49:33.000Z</time>
        <extensions>
          <ns3:TrackPointExtension>
            <ns3:hr>130</ns3:hr>
            <ns3:cad>88</ns3:cad>
          </ns3:TrackPointExtension>
        </extensions>
      </trkpt>
      <trkpt lat="35.7569057308137416839599609375" lon="139.53533138148486614227294921875">
        <ele>50</ele>
        <time>2026-09-30T22:49:34.000Z</time>
        <extensions>
          <ns3:TrackPointExtension>
            <ns3:hr>130</ns3:hr>
            <ns3:cad>88</ns3:cad>
          </ns3:TrackPointExtension>
        </extensions>
      </trkpt>
      <trkpt lat="35.75689391233026981353759765625" lon="139.53530070371925830841064453125">
        <ele>50</ele>
        <time>2026-09-30T22:49:35.000Z</time>
        <extensions>
          <ns3:TrackPointExtension>
            <ns3:hr>130</ns3:hr>
            <ns3:cad>89</ns3:cad>
          </ns3:TrackPointExtension>
        </extensions>
      </trkpt>
      <trkpt lat="35.75688804499804973602294921875" lon="139.53526851721107959747314453125">
        <ele>50</ele>
        <time>2026-09-30T22:49:36.000Z</time>
        <extensions>
          <ns3:TrackPointExtension>
            <ns3:hr>130</ns3:hr>
            <ns3:cad>89</ns3:cad>
          </ns3:TrackPointExtension>
        </extensions>
      </trkpt>
      <trkpt lat="35.75688033364713191986083984375" lon="139.53523817472159862518310546875">
        <ele>50</ele>
        <time>2026-09-30T22:49:37.000Z</time>
        <extensions>
          <ns3:TrackPointExtension>
            <ns3:hr>130</ns3:hr>
            <ns3:cad>89</ns3:cad>
          </ns3:TrackPointExtension>
        </extensions>
      </trkpt>
      <trkpt lat="35.75687312521040439605712890625" lon="139.53520766459405422210693359375">
        <ele>50</ele>
        <time>2026-09-30T22:49:38.000Z</time>
        <extensions>
          <ns3:TrackPointExtension>
            <ns3:hr>130</ns3:hr>
            <ns3:cad>89</ns3:cad>
          </ns3:TrackPointExtension>
        </extensions>
      </trkpt>
      <trkpt lat="35.756861306726932525634765625" lon="139.535178579390048980712890625">
        <ele>50</ele>
        <time>2026-09-30T22:49:39.000Z</time>
        <extensions>
          <ns3:TrackPointExtension>
            <ns3:hr>130</ns3:hr>
            <ns3:cad>89</ns3:cad>
          </ns3:TrackPointExtension>
        </extensions>
      </trkpt>
      <trkpt lat="35.7568540982902050018310546875" lon="139.53514982946217060089111328125">
        <ele>50</ele>
        <time>2026-09-30T22:49:40.000Z</time>
        <extensions>
          <ns3:TrackPointExtension>
            <ns3:hr>130</ns3:hr>
            <ns3:cad>89</ns3:cad>
          </ns3:TrackPointExtension>
        </extensions>
      </trkpt>
      <trkpt lat="35.75684898532927036285400390625" lon="139.53511848114430904388427734375">
        <ele>50</ele>
        <time>2026-09-30T22:49:41.000Z</time>
        <extensions>
          <ns3:TrackPointExtension>
            <ns3:hr>130</ns3:hr>
            <ns3:cad>89</ns3:cad>
          </ns3:TrackPointExtension>
        </extensions>
      </trkpt>
      <trkpt lat="35.7568413577973842620849609375" lon="139.5350909046828746795654296875">
        <ele>50.200000762939453125</ele>
        <time>2026-09-30T22:49:42.000Z</time>
        <extensions>
          <ns3:TrackPointExtension>
            <ns3:hr>130</ns3:hr>
            <ns3:cad>87</ns3:cad>
          </ns3:TrackPointExtension>
        </extensions>
      </trkpt>
      <trkpt lat="35.75682585127651691436767578125" lon="139.5350627414882183074951171875">
        <ele>50.40000152587890625</ele>
        <time>2026-09-30T22:49:43.000Z</time>
        <extensions>
          <ns3:TrackPointExtension>
            <ns3:hr>130</ns3:hr>
            <ns3:cad>87</ns3:cad>
          </ns3:TrackPointExtension>
        </extensions>
      </trkpt>
      <trkpt lat="35.75681042857468128204345703125" lon="139.53503617085516452789306640625">
        <ele>50.40000152587890625</ele>
        <time>2026-09-30T22:49:44.000Z</time>
        <extensions>
          <ns3:TrackPointExtension>
            <ns3:hr>130</ns3:hr>
            <ns3:cad>88</ns3:cad>
          </ns3:TrackPointExtension>
        </extensions>
      </trkpt>
      <trkpt lat="35.756798274815082550048828125" lon="139.53500993549823760986328125">
        <ele>50.59999847412109375</ele>
        <time>2026-09-30T22:49:45.000Z</time>
        <extensions>
          <ns3:TrackPointExtension>
            <ns3:hr>130</ns3:hr>
            <ns3:cad>88</ns3:cad>
          </ns3:TrackPointExtension>
        </extensions>
      </trkpt>
      <trkpt lat="35.7567873783409595489501953125" lon="139.53498755581676959991455078125">
        <ele>50.799999237060546875</ele>
        <time>2026-09-30T22:49:46.000Z</time>
        <extensions>
          <ns3:TrackPointExtension>
            <ns3:hr>130</ns3:hr>
            <ns3:cad>87</ns3:cad>
          </ns3:TrackPointExtension>
        </extensions>
      </trkpt>
      <trkpt lat="35.7567823491990566253662109375" lon="139.53496073372662067413330078125">
        <ele>51</ele>
        <time>2026-09-30T22:49:47.000Z</time>
        <extensions>
          <ns3:TrackPointExtension>
            <ns3:hr>130</ns3:hr>
            <ns3:cad>87</ns3:cad>
          </ns3:TrackPointExtension>
        </extensions>
      </trkpt>
      <trkpt lat="35.75677623040974140167236328125" lon="139.53493407927453517913818359375">
        <ele>51</ele>
        <time>2026-09-30T22:49:48.000Z</time>
        <extensions>
          <ns3:TrackPointExtension>
            <ns3:hr>130</ns3:hr>
            <ns3:cad>87</ns3:cad>
          </ns3:TrackPointExtension>
        </extensions>
      </trkpt>
      <trkpt lat="35.756768099963665008544921875" lon="139.53490373678505420684814453125">
        <ele>51</ele>
        <time>2026-09-30T22:49:49.000Z</time>
        <extensions>
          <ns3:TrackPointExtension>
            <ns3:hr>130</ns3:hr>
            <ns3:cad>87</ns3:cad>
          </ns3:TrackPointExtension>
        </extensions>
      </trkpt>
      <trkpt lat="35.75675209052860736846923828125" lon="139.534877836704254150390625">
        <ele>51.200000762939453125</ele>
        <time>2026-09-30T22:49:50.000Z</time>
        <extensions>
          <ns3:TrackPointExtension>
            <ns3:hr>130</ns3:hr>
            <ns3:cad>87</ns3:cad>
          </ns3:TrackPointExtension>
        </extensions>
      </trkpt>
      <trkpt lat="35.75673800893127918243408203125" lon="139.53485243953764438629150390625">
        <ele>51.200000762939453125</ele>
        <time>2026-09-30T22:49:51.000Z</time>
        <extensions>
          <ns3:TrackPointExtension>
            <ns3:hr>130</ns3:hr>
            <ns3:cad>87</ns3:cad>
          </ns3:TrackPointExtension>
        </extensions>
      </trkpt>
      <trkpt lat="35.75672443024814128875732421875" lon="139.5348243601620197296142578125">
        <ele>51.200000762939453125</ele>
        <time>2026-09-30T22:49:52.000Z</time>
        <extensions>
          <ns3:TrackPointExtension>
            <ns3:hr>130</ns3:hr>
            <ns3:cad>87</ns3:cad>
          </ns3:TrackPointExtension>
        </extensions>
      </trkpt>
      <trkpt lat="35.7567287050187587738037109375" lon="139.534795023500919342041015625">
        <ele>51.200000762939453125</ele>
        <time>2026-09-30T22:49:53.000Z</time>
        <extensions>
          <ns3:TrackPointExtension>
            <ns3:hr>130</ns3:hr>
            <ns3:cad>87</ns3:cad>
          </ns3:TrackPointExtension>
        </extensions>
      </trkpt>
      <trkpt lat="35.75672225095331668853759765625" lon="139.53476426191627979278564453125">
        <ele>51.40000152587890625</ele>
        <time>2026-09-30T22:49:54.000Z</time>
        <extensions>
          <ns3:TrackPointExtension>
            <ns3:hr>130</ns3:hr>
            <ns3:cad>87</ns3:cad>
          </ns3:TrackPointExtension>
        </extensions>
      </trkpt>
      <trkpt lat="35.75670381076633930206298828125" lon="139.53474246896803379058837890625">
        <ele>51.59999847412109375</ele>
        <time>2026-09-30T22:49:55.000Z</time>
        <extensions>
          <ns3:TrackPointExtension>
            <ns3:hr>130</ns3:hr>
            <ns3:cad>87</ns3:cad>
          </ns3:TrackPointExtension>
        </extensions>
      </trkpt>
      <trkpt lat="35.7566933333873748779296875" lon="139.53472101129591464996337890625">
        <ele>51.799999237060546875</ele>
        <time>2026-09-30T22:49:56.000Z</time>
        <extensions>
          <ns3:TrackPointExtension>
            <ns3:hr>130</ns3:hr>
            <ns3:cad>85</ns3:cad>
          </ns3:TrackPointExtension>
        </extensions>
      </trkpt>
      <trkpt lat="35.75668235309422016143798828125" lon="139.53469284810125827789306640625">
        <ele>51.799999237060546875</ele>
        <time>2026-09-30T22:49:57.000Z</time>
        <extensions>
          <ns3:TrackPointExtension>
            <ns3:hr>130</ns3:hr>
            <ns3:cad>84</ns3:cad>
          </ns3:TrackPointExtension>
        </extensions>
      </trkpt>
      <trkpt lat="35.75667346827685832977294921875" lon="139.5346654392778873443603515625">
        <ele>51.799999237060546875</ele>
        <time>2026-09-30T22:49:58.000Z</time>
        <extensions>
          <ns3:TrackPointExtension>
            <ns3:hr>130</ns3:hr>
            <ns3:cad>84</ns3:cad>
          </ns3:TrackPointExtension>
        </extensions>
      </trkpt>
      <trkpt lat="35.75666257180273532867431640625" lon="139.534635432064533233642578125">
        <ele>51.799999237060546875</ele>
        <time>2026-09-30T22:49:59.000Z</time>
        <extensions>
          <ns3:TrackPointExtension>
            <ns3:hr>130</ns3:hr>
            <ns3:cad>85</ns3:cad>
          </ns3:TrackPointExtension>
        </extensions>
      </trkpt>
      <trkpt lat="35.75665066950023174285888671875" lon="139.5346091128885746002197265625">
        <ele>51.799999237060546875</ele>
        <time>2026-09-30T22:50:00.000Z</time>
        <extensions>
          <ns3:TrackPointExtension>
            <ns3:hr>130</ns3:hr>
            <ns3:cad>85</ns3:cad>
          </ns3:TrackPointExtension>
        </extensions>
      </trkpt>
      <trkpt lat="35.75664245523512363433837890625" lon="139.53458614647388458251953125">
        <ele>51.59999847412109375</ele>
        <time>2026-09-30T22:50:01.000Z</time>
        <extensions>
          <ns3:TrackPointExtension>
            <ns3:hr>130</ns3:hr>
            <ns3:cad>86</ns3:cad>
          </ns3:TrackPointExtension>
        </extensions>
      </trkpt>
      <trkpt lat="35.75662971474230289459228515625" lon="139.53455521725118160247802734375">
        <ele>51.40000152587890625</ele>
        <time>2026-09-30T22:50:02.000Z</time>
        <extensions>
          <ns3:TrackPointExtension>
            <ns3:hr>129</ns3:hr>
            <ns3:cad>86</ns3:cad>
          </ns3:TrackPointExtension>
        </extensions>
      </trkpt>
      <trkpt lat="35.7566140405833721160888671875" lon="139.53452940098941326141357421875">
        <ele>51.40000152587890625</ele>
        <time>2026-09-30T22:50:03.000Z</time>
        <extensions>
          <ns3:TrackPointExtension>
            <ns3:hr>129</ns3:hr>
            <ns3:cad>86</ns3:cad>
          </ns3:TrackPointExtension>
        </extensions>
      </trkpt>
      <trkpt lat="35.75659585185348987579345703125" lon="139.53449763357639312744140625">
        <ele>51.40000152587890625</ele>
        <time>2026-09-30T22:50:04.000Z</time>
        <extensions>
          <ns3:TrackPointExtension>
            <ns3:hr>129</ns3:hr>
            <ns3:cad>86</ns3:cad>
          </ns3:TrackPointExtension>
        </extensions>
      </trkpt>
      <trkpt lat="35.7565781660377979278564453125" lon="139.5344733260571956634521484375">
        <ele>51.40000152587890625</ele>
        <time>2026-09-30T22:50:05.000Z</time>
        <extensions>
          <ns3:TrackPointExtension>
            <ns3:hr>129</ns3:hr>
            <ns3:cad>86</ns3:cad>
          </ns3:TrackPointExtension>
        </extensions>
      </trkpt>
      <trkpt lat="35.7565647549927234649658203125" lon="139.5344495214521884918212890625">
        <ele>51.40000152587890625</ele>
        <time>2026-09-30T22:50:06.000Z</time>
        <extensions>
          <ns3:TrackPointExtension>
            <ns3:hr>129</ns3:hr>
            <ns3:cad>86</ns3:cad>
          </ns3:TrackPointExtension>
        </extensions>
      </trkpt>
      <trkpt lat="35.756549499928951263427734375" lon="139.53442479483783245086669921875">
        <ele>51.40000152587890625</ele>
        <time>2026-09-30T22:50:07.000Z</time>
        <extensions>
          <ns3:TrackPointExtension>
            <ns3:hr>129</ns3:hr>
            <ns3:cad>86</ns3:cad>
          </ns3:TrackPointExtension>
        </extensions>
      </trkpt>
      <trkpt lat="35.7565362565219402313232421875" lon="139.53439570963382720947265625">
        <ele>51.40000152587890625</ele>
        <time>2026-09-30T22:50:08.000Z</time>
        <extensions>
          <ns3:TrackPointExtension>
            <ns3:hr>129</ns3:hr>
            <ns3:cad>86</ns3:cad>
          </ns3:TrackPointExtension>
        </extensions>
      </trkpt>
      <trkpt lat="35.75652644969522953033447265625" lon="139.5343657024204730987548828125">
        <ele>51.40000152587890625</ele>
        <time>2026-09-30T22:50:09.000Z</time>
        <extensions>
          <ns3:TrackPointExtension>
            <ns3:hr>129</ns3:hr>
            <ns3:cad>86</ns3:cad>
          </ns3:TrackPointExtension>
        </extensions>
      </trkpt>
      <trkpt lat="35.75651161372661590576171875" lon="139.53433644957840442657470703125">
        <ele>51.40000152587890625</ele>
        <time>2026-09-30T22:50:10.000Z</time>
        <extensions>
          <ns3:TrackPointExtension>
            <ns3:hr>129</ns3:hr>
            <ns3:cad>87</ns3:cad>
          </ns3:TrackPointExtension>
        </extensions>
      </trkpt>
      <trkpt lat="35.7565064169466495513916015625" lon="139.53430359251797199249267578125">
        <ele>51.40000152587890625</ele>
        <time>2026-09-30T22:50:11.000Z</time>
        <extensions>
          <ns3:TrackPointExtension>
            <ns3:hr>128</ns3:hr>
            <ns3:cad>87</ns3:cad>
          </ns3:TrackPointExtension>
        </extensions>
      </trkpt>
      <trkpt lat="35.7564950175583362579345703125" lon="139.53427056781947612762451171875">
        <ele>51.40000152587890625</ele>
        <time>2026-09-30T22:50:12.000Z</time>
        <extensions>
          <ns3:TrackPointExtension>
            <ns3:hr>128</ns3:hr>
            <ns3:cad>87</ns3:cad>
          </ns3:TrackPointExtension>
        </extensions>
      </trkpt>
      <trkpt lat="35.7564747333526611328125" lon="139.53424525447189807891845703125">
        <ele>51.40000152587890625</ele>
        <time>2026-09-30T22:50:13.000Z</time>
        <extensions>
          <ns3:TrackPointExtension>
            <ns3:hr>128</ns3:hr>
            <ns3:cad>88</ns3:cad>
          </ns3:TrackPointExtension>
        </extensions>
      </trkpt>
      <trkpt lat="35.7564524374902248382568359375" lon="139.53422128222882747650146484375">
        <ele>51.40000152587890625</ele>
        <time>2026-09-30T22:50:14.000Z</time>
        <extensions>
          <ns3:TrackPointExtension>
            <ns3:hr>128</ns3:hr>
            <ns3:cad>89</ns3:cad>
          </ns3:TrackPointExtension>
        </extensions>
      </trkpt>
      <trkpt lat="35.7564412057399749755859375" lon="139.53419278375804424285888671875">
        <ele>51.40000152587890625</ele>
        <time>2026-09-30T22:50:15.000Z</time>
        <extensions>
          <ns3:TrackPointExtension>
            <ns3:hr>128</ns3:hr>
            <ns3:cad>90</ns3:cad>
          </ns3:TrackPointExtension>
        </extensions>
      </trkpt>
      <trkpt lat="35.75642578303813934326171875" lon="139.5341635309159755706787109375">
        <ele>51.40000152587890625</ele>
        <time>2026-09-30T22:50:16.000Z</time>
        <extensions>
          <ns3:TrackPointExtension>
            <ns3:hr>128</ns3:hr>
            <ns3:cad>90</ns3:cad>
          </ns3:TrackPointExtension>
        </extensions>
      </trkpt>
      <trkpt lat="35.756414718925952911376953125" lon="139.53413142822682857513427734375">
        <ele>51.40000152587890625</ele>
        <time>2026-09-30T22:50:17.000Z</time>
        <extensions>
          <ns3:TrackPointExtension>
            <ns3:hr>128</ns3:hr>
            <ns3:cad>89</ns3:cad>
          </ns3:TrackPointExtension>
        </extensions>
      </trkpt>
      <trkpt lat="35.756401978433132171630859375" lon="139.53409798443317413330078125">
        <ele>51.40000152587890625</ele>
        <time>2026-09-30T22:50:18.000Z</time>
        <extensions>
          <ns3:TrackPointExtension>
            <ns3:hr>128</ns3:hr>
            <ns3:cad>89</ns3:cad>
          </ns3:TrackPointExtension>
        </extensions>
      </trkpt>
      <trkpt lat="35.7563929259777069091796875" lon="139.53406588174402713775634765625">
        <ele>51.40000152587890625</ele>
        <time>2026-09-30T22:50:19.000Z</time>
        <extensions>
          <ns3:TrackPointExtension>
            <ns3:hr>128</ns3:hr>
            <ns3:cad>89</ns3:cad>
          </ns3:TrackPointExtension>
        </extensions>
      </trkpt>
      <trkpt lat="35.75638110749423503875732421875" lon="139.53403227031230926513671875">
        <ele>51.40000152587890625</ele>
        <time>2026-09-30T22:50:20.000Z</time>
        <extensions>
          <ns3:TrackPointExtension>
            <ns3:hr>129</ns3:hr>
            <ns3:cad>89</ns3:cad>
          </ns3:TrackPointExtension>
        </extensions>
      </trkpt>
      <trkpt lat="35.756362415850162506103515625" lon="139.534003101289272308349609375">
        <ele>51.59999847412109375</ele>
        <time>2026-09-30T22:50:21.000Z</time>
        <extensions>
          <ns3:TrackPointExtension>
            <ns3:hr>129</ns3:hr>
            <ns3:cad>89</ns3:cad>
          </ns3:TrackPointExtension>
        </extensions>
      </trkpt>
      <trkpt lat="35.75634908862411975860595703125" lon="139.53397066332399845123291015625">
        <ele>51.59999847412109375</ele>
        <time>2026-09-30T22:50:22.000Z</time>
        <extensions>
          <ns3:TrackPointExtension>
            <ns3:hr>129</ns3:hr>
            <ns3:cad>89</ns3:cad>
          </ns3:TrackPointExtension>
        </extensions>
      </trkpt>
      <trkpt lat="35.7563419640064239501953125" lon="139.53394032083451747894287109375">
        <ele>51.59999847412109375</ele>
        <time>2026-09-30T22:50:23.000Z</time>
        <extensions>
          <ns3:TrackPointExtension>
            <ns3:hr>129</ns3:hr>
            <ns3:cad>88</ns3:cad>
          </ns3:TrackPointExtension>
        </extensions>
      </trkpt>
      <trkpt lat="35.7563253678381443023681640625" lon="139.53391416929662227630615234375">
        <ele>51.59999847412109375</ele>
        <time>2026-09-30T22:50:24.000Z</time>
        <extensions>
          <ns3:TrackPointExtension>
            <ns3:hr>129</ns3:hr>
            <ns3:cad>88</ns3:cad>
          </ns3:TrackPointExtension>
        </extensions>
      </trkpt>
      <trkpt lat="35.7563169859349727630615234375" lon="139.53388080932199954986572265625">
        <ele>51.59999847412109375</ele>
        <time>2026-09-30T22:50:25.000Z</time>
        <extensions>
          <ns3:TrackPointExtension>
            <ns3:hr>129</ns3:hr>
            <ns3:cad>88</ns3:cad>
          </ns3:TrackPointExtension>
        </extensions>
      </trkpt>
      <trkpt lat="35.75631354935467243194580078125" lon="139.53384057618677616119384765625">
        <ele>51.59999847412109375</ele>
        <time>2026-09-30T22:50:26.000Z</time>
        <extensions>
          <ns3:TrackPointExtension>
            <ns3:hr>129</ns3:hr>
            <ns3:cad>87</ns3:cad>
          </ns3:TrackPointExtension>
        </extensions>
      </trkpt>
      <trkpt lat="35.75630650855600833892822265625" lon="139.533809311687946319580078125">
        <ele>51.799999237060546875</ele>
        <time>2026-09-30T22:50:27.000Z</time>
        <extensions>
          <ns3:TrackPointExtension>
            <ns3:hr>129</ns3:hr>
            <ns3:cad>87</ns3:cad>
          </ns3:TrackPointExtension>
        </extensions>
      </trkpt>
      <trkpt lat="35.756305754184722900390625" lon="139.53378223814070224761962890625">
        <ele>51.799999237060546875</ele>
        <time>2026-09-30T22:50:28.000Z</time>
        <extensions>
          <ns3:TrackPointExtension>
            <ns3:hr>129</ns3:hr>
            <ns3:cad>87</ns3:cad>
          </ns3:TrackPointExtension>
        </extensions>
      </trkpt>
      <trkpt lat="35.75630374252796173095703125" lon="139.53375399112701416015625">
        <ele>52</ele>
        <time>2026-09-30T22:50:29.000Z</time>
        <extensions>
          <ns3:TrackPointExtension>
            <ns3:hr>129</ns3:hr>
            <ns3:cad>88</ns3:cad>
          </ns3:TrackPointExtension>
        </extensions>
      </trkpt>
      <trkpt lat="35.75629577971994876861572265625" lon="139.533729851245880126953125">
        <ele>52</ele>
        <time>2026-09-30T22:50:30.000Z</time>
        <extensions>
          <ns3:TrackPointExtension>
            <ns3:hr>129</ns3:hr>
            <ns3:cad>89</ns3:cad>
          </ns3:TrackPointExtension>
        </extensions>
      </trkpt>
      <trkpt lat="35.75628823600709438323974609375" lon="139.53370093367993831634521484375">
        <ele>52.200000762939453125</ele>
        <time>2026-09-30T22:50:31.000Z</time>
        <extensions>
          <ns3:TrackPointExtension>
            <ns3:hr>129</ns3:hr>
            <ns3:cad>89</ns3:cad>
          </ns3:TrackPointExtension>
        </extensions>
      </trkpt>
      <trkpt lat="35.7562790997326374053955078125" lon="139.5336746983230113983154296875">
        <ele>52.59999847412109375</ele>
        <time>2026-09-30T22:50:32.000Z</time>
        <extensions>
          <ns3:TrackPointExtension>
            <ns3:hr>130</ns3:hr>
            <ns3:cad>86</ns3:cad>
          </ns3:TrackPointExtension>
        </extensions>
      </trkpt>
      <trkpt lat="35.75626677833497524261474609375" lon="139.53365407884120941162109375">
        <ele>52.799999237060546875</ele>
        <time>2026-09-30T22:50:33.000Z</time>
        <extensions>
          <ns3:TrackPointExtension>
            <ns3:hr>130</ns3:hr>
            <ns3:cad>86</ns3:cad>
          </ns3:TrackPointExtension>
        </extensions>
      </trkpt>
      <trkpt lat="35.75626141391694545745849609375" lon="139.53362834639847278594970703125">
        <ele>52.799999237060546875</ele>
        <time>2026-09-30T22:50:34.000Z</time>
        <extensions>
          <ns3:TrackPointExtension>
            <ns3:hr>130</ns3:hr>
            <ns3:cad>86</ns3:cad>
          </ns3:TrackPointExtension>
        </extensions>
      </trkpt>
      <trkpt lat="35.7562415488064289093017578125" lon="139.5336131751537322998046875">
        <ele>52.799999237060546875</ele>
        <time>2026-09-30T22:50:35.000Z</time>
        <extensions>
          <ns3:TrackPointExtension>
            <ns3:hr>130</ns3:hr>
            <ns3:cad>86</ns3:cad>
          </ns3:TrackPointExtension>
        </extensions>
      </trkpt>
      <trkpt lat="35.756228305399417877197265625" lon="139.53359800390899181365966796875">
        <ele>52.799999237060546875</ele>
        <time>2026-09-30T22:50:36.000Z</time>
        <extensions>
          <ns3:TrackPointExtension>
            <ns3:hr>130</ns3:hr>
            <ns3:cad>86</ns3:cad>
          </ns3:TrackPointExtension>
        </extensions>
      </trkpt>
      <trkpt lat="35.75619041919708251953125" lon="139.5335845090448856353759765625">
        <ele>52.799999237060546875</ele>
        <time>2026-09-30T22:50:37.000Z</time>
        <extensions>
          <ns3:TrackPointExtension>
            <ns3:hr>130</ns3:hr>
            <ns3:cad>86</ns3:cad>
          </ns3:TrackPointExtension>
        </extensions>
      </trkpt>
      <trkpt lat="35.75616233982145786285400390625" lon="139.5335573516786098480224609375">
        <ele>52.200000762939453125</ele>
        <time>2026-09-30T22:50:38.000Z</time>
        <extensions>
          <ns3:TrackPointExtension>
            <ns3:hr>130</ns3:hr>
            <ns3:cad>84</ns3:cad>
          </ns3:TrackPointExtension>
        </extensions>
      </trkpt>
      <trkpt lat="35.7561325840651988983154296875" lon="139.5335191302001476287841796875">
        <ele>52.200000762939453125</ele>
        <time>2026-09-30T22:50:39.000Z</time>
        <extensions>
          <ns3:TrackPointExtension>
            <ns3:hr>130</ns3:hr>
            <ns3:cad>84</ns3:cad>
          </ns3:TrackPointExtension>
        </extensions>
      </trkpt>
      <trkpt lat="35.75611875392496585845947265625" lon="139.53348903916776180267333984375">
        <ele>52</ele>
        <time>2026-09-30T22:50:40.000Z</time>
        <extensions>
          <ns3:TrackPointExtension>
            <ns3:hr>130</ns3:hr>
            <ns3:cad>86</ns3:cad>
          </ns3:TrackPointExtension>
        </extensions>
      </trkpt>
      <trkpt lat="35.7561060972511768341064453125" lon="139.533463306725025177001953125">
        <ele>52</ele>
        <time>2026-09-30T22:50:41.000Z</time>
        <extensions>
          <ns3:TrackPointExtension>
            <ns3:hr>130</ns3:hr>
            <ns3:cad>87</ns3:cad>
          </ns3:TrackPointExtension>
        </extensions>
      </trkpt>
      <trkpt lat="35.7560930214822292327880859375" lon="139.53344059176743030548095703125">
        <ele>52</ele>
        <time>2026-09-30T22:50:42.000Z</time>
        <extensions>
          <ns3:TrackPointExtension>
            <ns3:hr>130</ns3:hr>
            <ns3:cad>87</ns3:cad>
          </ns3:TrackPointExtension>
        </extensions>
      </trkpt>
      <trkpt lat="35.756075084209442138671875" lon="139.5334151946008205413818359375">
        <ele>52</ele>
        <time>2026-09-30T22:50:43.000Z</time>
        <extensions>
          <ns3:TrackPointExtension>
            <ns3:hr>130</ns3:hr>
            <ns3:cad>87</ns3:cad>
          </ns3:TrackPointExtension>
        </extensions>
      </trkpt>
      <trkpt lat="35.75606561265885829925537109375" lon="139.53338912688195705413818359375">
        <ele>52</ele>
        <time>2026-09-30T22:50:44.000Z</time>
        <extensions>
          <ns3:TrackPointExtension>
            <ns3:hr>130</ns3:hr>
            <ns3:cad>87</ns3:cad>
          </ns3:TrackPointExtension>
        </extensions>
      </trkpt>
      <trkpt lat="35.75605689547955989837646484375" lon="139.53336029313504695892333984375">
        <ele>52</ele>
        <time>2026-09-30T22:50:45.000Z</time>
        <extensions>
          <ns3:TrackPointExtension>
            <ns3:hr>130</ns3:hr>
            <ns3:cad>87</ns3:cad>
          </ns3:TrackPointExtension>
        </extensions>
      </trkpt>
      <trkpt lat="35.7560460828244686126708984375" lon="139.533337242901325225830078125">
        <ele>52</ele>
        <time>2026-09-30T22:50:46.000Z</time>
        <extensions>
          <ns3:TrackPointExtension>
            <ns3:hr>130</ns3:hr>
            <ns3:cad>87</ns3:cad>
          </ns3:TrackPointExtension>
        </extensions>
      </trkpt>
      <trkpt lat="35.756026804447174072265625" lon="139.53331469558179378509521484375">
        <ele>52</ele>
        <time>2026-09-30T22:50:47.000Z</time>
        <extensions>
          <ns3:TrackPointExtension>
            <ns3:hr>130</ns3:hr>
            <ns3:cad>87</ns3:cad>
          </ns3:TrackPointExtension>
        </extensions>
      </trkpt>
      <trkpt lat="35.756007693707942962646484375" lon="139.5332884602248668670654296875">
        <ele>52</ele>
        <time>2026-09-30T22:50:48.000Z</time>
        <extensions>
          <ns3:TrackPointExtension>
            <ns3:hr>130</ns3:hr>
            <ns3:cad>87</ns3:cad>
          </ns3:TrackPointExtension>
        </extensions>
      </trkpt>
      <trkpt lat="35.7559927739202976226806640625" lon="139.5332609675824642181396484375">
        <ele>52</ele>
        <time>2026-09-30T22:50:49.000Z</time>
        <extensions>
          <ns3:TrackPointExtension>
            <ns3:hr>130</ns3:hr>
            <ns3:cad>86</ns3:cad>
          </ns3:TrackPointExtension>
        </extensions>
      </trkpt>
      <trkpt lat="35.755983889102935791015625" lon="139.53322584740817546844482421875">
        <ele>52</ele>
        <time>2026-09-30T22:50:50.000Z</time>
        <extensions>
          <ns3:TrackPointExtension>
            <ns3:hr>130</ns3:hr>
            <ns3:cad>86</ns3:cad>
          </ns3:TrackPointExtension>
        </extensions>
      </trkpt>
      <trkpt lat="35.7559745013713836669921875" lon="139.53319382853806018829345703125">
        <ele>52</ele>
        <time>2026-09-30T22:50:51.000Z</time>
        <extensions>
          <ns3:TrackPointExtension>
            <ns3:hr>130</ns3:hr>
            <ns3:cad>86</ns3:cad>
          </ns3:TrackPointExtension>
        </extensions>
      </trkpt>
      <trkpt lat="35.7559664547443389892578125" lon="139.53316097147762775421142578125">
        <ele>52</ele>
        <time>2026-09-30T22:50:52.000Z</time>
        <extensions>
          <ns3:TrackPointExtension>
            <ns3:hr>130</ns3:hr>
            <ns3:cad>87</ns3:cad>
          </ns3:TrackPointExtension>
        </extensions>
      </trkpt>
      <trkpt lat="35.75595295988023281097412109375" lon="139.53313565813004970550537109375">
        <ele>52</ele>
        <time>2026-09-30T22:50:53.000Z</time>
        <extensions>
          <ns3:TrackPointExtension>
            <ns3:hr>130</ns3:hr>
            <ns3:cad>87</ns3:cad>
          </ns3:TrackPointExtension>
        </extensions>
      </trkpt>
      <trkpt lat="35.75594306923449039459228515625" lon="139.53310665674507617950439453125">
        <ele>52</ele>
        <time>2026-09-30T22:50:54.000Z</time>
        <extensions>
          <ns3:TrackPointExtension>
            <ns3:hr>130</ns3:hr>
            <ns3:cad>87</ns3:cad>
          </ns3:TrackPointExtension>
        </extensions>
      </trkpt>
      <trkpt lat="35.75594021938741207122802734375" lon="139.533083774149417877197265625">
        <ele>52</ele>
        <time>2026-09-30T22:50:55.000Z</time>
        <extensions>
          <ns3:TrackPointExtension>
            <ns3:hr>130</ns3:hr>
            <ns3:cad>88</ns3:cad>
          </ns3:TrackPointExtension>
        </extensions>
      </trkpt>
      <trkpt lat="35.75593183748424053192138671875" lon="139.53304982744157314300537109375">
        <ele>52</ele>
        <time>2026-09-30T22:50:56.000Z</time>
        <extensions>
          <ns3:TrackPointExtension>
            <ns3:hr>130</ns3:hr>
            <ns3:cad>88</ns3:cad>
          </ns3:TrackPointExtension>
        </extensions>
      </trkpt>
      <trkpt lat="35.7559196837246417999267578125" lon="139.53303021378815174102783203125">
        <ele>52</ele>
        <time>2026-09-30T22:50:57.000Z</time>
        <extensions>
          <ns3:TrackPointExtension>
            <ns3:hr>130</ns3:hr>
            <ns3:cad>88</ns3:cad>
          </ns3:TrackPointExtension>
        </extensions>
      </trkpt>
      <trkpt lat="35.75589830987155437469482421875" lon="139.53299702145159244537353515625">
        <ele>52</ele>
        <time>2026-09-30T22:50:58.000Z</time>
        <extensions>
          <ns3:TrackPointExtension>
            <ns3:hr>130</ns3:hr>
            <ns3:cad>87</ns3:cad>
          </ns3:TrackPointExtension>
        </extensions>
      </trkpt>
      <trkpt lat="35.75588841922581195831298828125" lon="139.53297254629433155059814453125">
        <ele>52</ele>
        <time>2026-09-30T22:50:59.000Z</time>
        <extensions>
          <ns3:TrackPointExtension>
            <ns3:hr>130</ns3:hr>
            <ns3:cad>87</ns3:cad>
          </ns3:TrackPointExtension>
        </extensions>
      </trkpt>
      <trkpt lat="35.7558811269700527191162109375" lon="139.53293323516845703125">
        <ele>52</ele>
        <time>2026-09-30T22:51:00.000Z</time>
        <extensions>
          <ns3:TrackPointExtension>
            <ns3:hr>130</ns3:hr>
            <ns3:cad>88</ns3:cad>
          </ns3:TrackPointExtension>
        </extensions>
      </trkpt>
      <trkpt lat="35.755876936018466949462890625" lon="139.5329025574028491973876953125">
        <ele>52</ele>
        <time>2026-09-30T22:51:01.000Z</time>
        <extensions>
          <ns3:TrackPointExtension>
            <ns3:hr>130</ns3:hr>
            <ns3:cad>88</ns3:cad>
          </ns3:TrackPointExtension>
        </extensions>
      </trkpt>
      <trkpt lat="35.7558646984398365020751953125" lon="139.53287246637046337127685546875">
        <ele>52</ele>
        <time>2026-09-30T22:51:02.000Z</time>
        <extensions>
          <ns3:TrackPointExtension>
            <ns3:hr>130</ns3:hr>
            <ns3:cad>88</ns3:cad>
          </ns3:TrackPointExtension>
        </extensions>
      </trkpt>
      <trkpt lat="35.7558539696037769317626953125" lon="139.53283893875777721405029296875">
        <ele>52.200000762939453125</ele>
        <time>2026-09-30T22:51:03.000Z</time>
        <extensions>
          <ns3:TrackPointExtension>
            <ns3:hr>130</ns3:hr>
            <ns3:cad>88</ns3:cad>
          </ns3:TrackPointExtension>
        </extensions>
      </trkpt>
      <trkpt lat="35.755843408405780792236328125" lon="139.532812200486660003662109375">
        <ele>52.200000762939453125</ele>
        <time>2026-09-30T22:51:04.000Z</time>
        <extensions>
          <ns3:TrackPointExtension>
            <ns3:hr>130</ns3:hr>
            <ns3:cad>88</ns3:cad>
          </ns3:TrackPointExtension>
        </extensions>
      </trkpt>
      <trkpt lat="35.7558251358568668365478515625" lon="139.5327818579971790313720703125">
        <ele>52.200000762939453125</ele>
        <time>2026-09-30T22:51:05.000Z</time>
        <extensions>
          <ns3:TrackPointExtension>
            <ns3:hr>130</ns3:hr>
            <ns3:cad>88</ns3:cad>
          </ns3:TrackPointExtension>
        </extensions>
      </trkpt>
      <trkpt lat="35.75581021606922149658203125" lon="139.53275294043123722076416015625">
        <ele>52.200000762939453125</ele>
        <time>2026-09-30T22:51:06.000Z</time>
        <extensions>
          <ns3:TrackPointExtension>
            <ns3:hr>130</ns3:hr>
            <ns3:cad>88</ns3:cad>
          </ns3:TrackPointExtension>
        </extensions>
      </trkpt>
      <trkpt lat="35.75579487718641757965087890625" lon="139.532723017036914825439453125">
        <ele>52.200000762939453125</ele>
        <time>2026-09-30T22:51:07.000Z</time>
        <extensions>
          <ns3:TrackPointExtension>
            <ns3:hr>130</ns3:hr>
            <ns3:cad>87</ns3:cad>
          </ns3:TrackPointExtension>
        </extensions>
      </trkpt>
      <trkpt lat="35.7557773590087890625" lon="139.53269711695611476898193359375">
        <ele>52.40000152587890625</ele>
        <time>2026-09-30T22:51:08.000Z</time>
        <extensions>
          <ns3:TrackPointExtension>
            <ns3:hr>130</ns3:hr>
            <ns3:cad>86</ns3:cad>
          </ns3:TrackPointExtension>
        </extensions>
      </trkpt>
      <trkpt lat="35.7557634450495243072509765625" lon="139.532670043408870697021484375">
        <ele>52.40000152587890625</ele>
        <time>2026-09-30T22:51:09.000Z</time>
        <extensions>
          <ns3:TrackPointExtension>
            <ns3:hr>130</ns3:hr>
            <ns3:cad>85</ns3:cad>
          </ns3:TrackPointExtension>
        </extensions>
      </trkpt>
      <trkpt lat="35.7557480223476886749267578125" lon="139.532644562423229217529296875">
        <ele>52.40000152587890625</ele>
        <time>2026-09-30T22:51:10.000Z</time>
        <extensions>
          <ns3:TrackPointExtension>
            <ns3:hr>130</ns3:hr>
            <ns3:cad>85</ns3:cad>
          </ns3:TrackPointExtension>
        </extensions>
      </trkpt>
      <trkpt lat="35.75572463683784008026123046875" lon="139.53262486495077610015869140625">
        <ele>52.40000152587890625</ele>
        <time>2026-09-30T22:51:11.000Z</time>
        <extensions>
          <ns3:TrackPointExtension>
            <ns3:hr>131</ns3:hr>
            <ns3:cad>86</ns3:cad>
          </ns3:TrackPointExtension>
        </extensions>
      </trkpt>
      <trkpt lat="35.75571122579276561737060546875" lon="139.53260458074510097503662109375">
        <ele>52.40000152587890625</ele>
        <time>2026-09-30T22:51:12.000Z</time>
        <extensions>
          <ns3:TrackPointExtension>
            <ns3:hr>131</ns3:hr>
            <ns3:cad>86</ns3:cad>
          </ns3:TrackPointExtension>
        </extensions>
      </trkpt>
      <trkpt lat="35.75569462962448596954345703125" lon="139.53257222659885883331298828125">
        <ele>52.59999847412109375</ele>
        <time>2026-09-30T22:51:13.000Z</time>
        <extensions>
          <ns3:TrackPointExtension>
            <ns3:hr>131</ns3:hr>
            <ns3:cad>86</ns3:cad>
          </ns3:TrackPointExtension>
        </extensions>
      </trkpt>
      <trkpt lat="35.75568943284451961517333984375" lon="139.53254096210002899169921875">
        <ele>52.59999847412109375</ele>
        <time>2026-09-30T22:51:14.000Z</time>
        <extensions>
          <ns3:TrackPointExtension>
            <ns3:hr>131</ns3:hr>
            <ns3:cad>86</ns3:cad>
          </ns3:TrackPointExtension>
        </extensions>
      </trkpt>
      <trkpt lat="35.75568792410194873809814453125" lon="139.53251103870570659637451171875">
        <ele>52.59999847412109375</ele>
        <time>2026-09-30T22:51:15.000Z</time>
        <extensions>
          <ns3:TrackPointExtension>
            <ns3:hr>132</ns3:hr>
            <ns3:cad>87</ns3:cad>
          </ns3:TrackPointExtension>
        </extensions>
      </trkpt>
      <trkpt lat="35.7556866668164730072021484375" lon="139.532479606568813323974609375">
        <ele>52.59999847412109375</ele>
        <time>2026-09-30T22:51:16.000Z</time>
        <extensions>
          <ns3:TrackPointExtension>
            <ns3:hr>132</ns3:hr>
            <ns3:cad>88</ns3:cad>
          </ns3:TrackPointExtension>
        </extensions>
      </trkpt>
      <trkpt lat="35.7556799612939357757568359375" lon="139.53245135955512523651123046875">
        <ele>52.59999847412109375</ele>
        <time>2026-09-30T22:51:17.000Z</time>
        <extensions>
          <ns3:TrackPointExtension>
            <ns3:hr>133</ns3:hr>
            <ns3:cad>88</ns3:cad>
          </ns3:TrackPointExtension>
        </extensions>
      </trkpt>
      <trkpt lat="35.7556776143610477447509765625" lon="139.53242294490337371826171875">
        <ele>52.59999847412109375</ele>
        <time>2026-09-30T22:51:18.000Z</time>
        <extensions>
          <ns3:TrackPointExtension>
            <ns3:hr>133</ns3:hr>
            <ns3:cad>88</ns3:cad>
          </ns3:TrackPointExtension>
        </extensions>
      </trkpt>
      <trkpt lat="35.755681134760379791259765625" lon="139.53239168040454387664794921875">
        <ele>52.59999847412109375</ele>
        <time>2026-09-30T22:51:19.000Z</time>
        <extensions>
          <ns3:TrackPointExtension>
            <ns3:hr>134</ns3:hr>
            <ns3:cad>88</ns3:cad>
          </ns3:TrackPointExtension>
        </extensions>
      </trkpt>
      <trkpt lat="35.75568423606455326080322265625" lon="139.53235982917249202728271484375">
        <ele>52.59999847412109375</ele>
        <time>2026-09-30T22:51:20.000Z</time>
        <extensions>
          <ns3:TrackPointExtension>
            <ns3:hr>134</ns3:hr>
            <ns3:cad>88</ns3:cad>
          </ns3:TrackPointExtension>
        </extensions>
      </trkpt>
      <trkpt lat="35.7556759379804134368896484375" lon="139.53233166597783565521240234375">
        <ele>52.40000152587890625</ele>
        <time>2026-09-30T22:51:21.000Z</time>
        <extensions>
          <ns3:TrackPointExtension>
            <ns3:hr>134</ns3:hr>
            <ns3:cad>88</ns3:cad>
          </ns3:TrackPointExtension>
        </extensions>
      </trkpt>
      <trkpt lat="35.7556695677340030670166015625" lon="139.532302580773830413818359375">
        <ele>52.40000152587890625</ele>
        <time>2026-09-30T22:51:22.000Z</time>
        <extensions>
          <ns3:TrackPointExtension>
            <ns3:hr>135</ns3:hr>
            <ns3:cad>88</ns3:cad>
          </ns3:TrackPointExtension>
        </extensions>
      </trkpt>
      <trkpt lat="35.75566001236438751220703125" lon="139.53227785415947437286376953125">
        <ele>52.40000152587890625</ele>
        <time>2026-09-30T22:51:23.000Z</time>
        <extensions>
          <ns3:TrackPointExtension>
            <ns3:hr>135</ns3:hr>
            <ns3:cad>87</ns3:cad>
          </ns3:TrackPointExtension>
        </extensions>
      </trkpt>
      <trkpt lat="35.75566143728792667388916015625" lon="139.5322447456419467926025390625">
        <ele>52.40000152587890625</ele>
        <time>2026-09-30T22:51:24.000Z</time>
        <extensions>
          <ns3:TrackPointExtension>
            <ns3:hr>135</ns3:hr>
            <ns3:cad>87</ns3:cad>
          </ns3:TrackPointExtension>
        </extensions>
      </trkpt>
      <trkpt lat="35.75566981919109821319580078125" lon="139.532210044562816619873046875">
        <ele>52.40000152587890625</ele>
        <time>2026-09-30T22:51:25.000Z</time>
        <extensions>
          <ns3:TrackPointExtension>
            <ns3:hr>136</ns3:hr>
            <ns3:cad>87</ns3:cad>
          </ns3:TrackPointExtension>
        </extensions>
      </trkpt>
      <trkpt lat="35.7556658796966075897216796875" lon="139.53218129463493824005126953125">
        <ele>52.40000152587890625</ele>
        <time>2026-09-30T22:51:26.000Z</time>
        <extensions>
          <ns3:TrackPointExtension>
            <ns3:hr>136</ns3:hr>
            <ns3:cad>87</ns3:cad>
          </ns3:TrackPointExtension>
        </extensions>
      </trkpt>
      <trkpt lat="35.7556615211069583892822265625" lon="139.532155059278011322021484375">
        <ele>52.59999847412109375</ele>
        <time>2026-09-30T22:51:27.000Z</time>
        <extensions>
          <ns3:TrackPointExtension>
            <ns3:hr>136</ns3:hr>
            <ns3:cad>87</ns3:cad>
          </ns3:TrackPointExtension>
        </extensions>
      </trkpt>
      <trkpt lat="35.75566269457340240478515625" lon="139.53212781809270381927490234375">
        <ele>52.59999847412109375</ele>
        <time>2026-09-30T22:51:28.000Z</time>
        <extensions>
          <ns3:TrackPointExtension>
            <ns3:hr>136</ns3:hr>
            <ns3:cad>86</ns3:cad>
          </ns3:TrackPointExtension>
        </extensions>
      </trkpt>
      <trkpt lat="35.75566613115370273590087890625" lon="139.53210032545030117034912109375">
        <ele>52.59999847412109375</ele>
        <time>2026-09-30T22:51:29.000Z</time>
        <extensions>
          <ns3:TrackPointExtension>
            <ns3:hr>137</ns3:hr>
            <ns3:cad>85</ns3:cad>
          </ns3:TrackPointExtension>
        </extensions>
      </trkpt>
      <trkpt lat="35.75567183084785938262939453125" lon="139.53206595964729785919189453125">
        <ele>52.59999847412109375</ele>
        <time>2026-09-30T22:51:30.000Z</time>
        <extensions>
          <ns3:TrackPointExtension>
            <ns3:hr>137</ns3:hr>
            <ns3:cad>85</ns3:cad>
          </ns3:TrackPointExtension>
        </extensions>
      </trkpt>
      <trkpt lat="35.75567853637039661407470703125" lon="139.532023631036281585693359375">
        <ele>52.59999847412109375</ele>
        <time>2026-09-30T22:51:31.000Z</time>
        <extensions>
          <ns3:TrackPointExtension>
            <ns3:hr>137</ns3:hr>
            <ns3:cad>85</ns3:cad>
          </ns3:TrackPointExtension>
        </extensions>
      </trkpt>
      <trkpt lat="35.7556767761707305908203125" lon="139.5319906063377857208251953125">
        <ele>52.799999237060546875</ele>
        <time>2026-09-30T22:51:32.000Z</time>
        <extensions>
          <ns3:TrackPointExtension>
            <ns3:hr>137</ns3:hr>
            <ns3:cad>84</ns3:cad>
          </ns3:TrackPointExtension>
        </extensions>
      </trkpt>
      <trkpt lat="35.7556749321520328521728515625" lon="139.53196403570473194122314453125">
        <ele>52.799999237060546875</ele>
        <time>2026-09-30T22:51:33.000Z</time>
        <extensions>
          <ns3:TrackPointExtension>
            <ns3:hr>137</ns3:hr>
            <ns3:cad>84</ns3:cad>
          </ns3:TrackPointExtension>
        </extensions>
      </trkpt>
      <trkpt lat="35.75567048974335193634033203125" lon="139.53193671070039272308349609375">
        <ele>52.799999237060546875</ele>
        <time>2026-09-30T22:51:34.000Z</time>
        <extensions>
          <ns3:TrackPointExtension>
            <ns3:hr>137</ns3:hr>
            <ns3:cad>84</ns3:cad>
          </ns3:TrackPointExtension>
        </extensions>
      </trkpt>
      <trkpt lat="35.75568004511296749114990234375" lon="139.5319114811718463897705078125">
        <ele>52.799999237060546875</ele>
        <time>2026-09-30T22:51:35.000Z</time>
        <extensions>
          <ns3:TrackPointExtension>
            <ns3:hr>137</ns3:hr>
            <ns3:cad>84</ns3:cad>
          </ns3:TrackPointExtension>
        </extensions>
      </trkpt>
      <trkpt lat="35.75569043867290019989013671875" lon="139.53188222832977771759033203125">
        <ele>52.799999237060546875</ele>
        <time>2026-09-30T22:51:36.000Z</time>
        <extensions>
          <ns3:TrackPointExtension>
            <ns3:hr>136</ns3:hr>
            <ns3:cad>84</ns3:cad>
          </ns3:TrackPointExtension>
        </extensions>
      </trkpt>
      <trkpt lat="35.75568071566522121429443359375" lon="139.5318581722676753997802734375">
        <ele>52.799999237060546875</ele>
        <time>2026-09-30T22:51:37.000Z</time>
        <extensions>
          <ns3:TrackPointExtension>
            <ns3:hr>135</ns3:hr>
            <ns3:cad>84</ns3:cad>
          </ns3:TrackPointExtension>
        </extensions>
      </trkpt>
      <trkpt lat="35.7556712441146373748779296875" lon="139.53183528967201709747314453125">
        <ele>52.799999237060546875</ele>
        <time>2026-09-30T22:51:38.000Z</time>
        <extensions>
          <ns3:TrackPointExtension>
            <ns3:hr>135</ns3:hr>
            <ns3:cad>85</ns3:cad>
          </ns3:TrackPointExtension>
        </extensions>
      </trkpt>
      <trkpt lat="35.75567199848592281341552734375" lon="139.531804360449314117431640625">
        <ele>52.799999237060546875</ele>
        <time>2026-09-30T22:51:39.000Z</time>
        <extensions>
          <ns3:TrackPointExtension>
            <ns3:hr>134</ns3:hr>
            <ns3:cad>85</ns3:cad>
          </ns3:TrackPointExtension>
        </extensions>
      </trkpt>
      <trkpt lat="35.75566747225821018218994140625" lon="139.53177695162594318389892578125">
        <ele>52.799999237060546875</ele>
        <time>2026-09-30T22:51:40.000Z</time>
        <extensions>
          <ns3:TrackPointExtension>
            <ns3:hr>134</ns3:hr>
            <ns3:cad>84</ns3:cad>
          </ns3:TrackPointExtension>
        </extensions>
      </trkpt>
      <trkpt lat="35.7556544803082942962646484375" lon="139.5317525602877140045166015625">
        <ele>52.799999237060546875</ele>
        <time>2026-09-30T22:51:41.000Z</time>
        <extensions>
          <ns3:TrackPointExtension>
            <ns3:hr>134</ns3:hr>
            <ns3:cad>84</ns3:cad>
          </ns3:TrackPointExtension>
        </extensions>
      </trkpt>
      <trkpt lat="35.75562656857073307037353515625" lon="139.53173252753913402557373046875">
        <ele>52.799999237060546875</ele>
        <time>2026-09-30T22:51:42.000Z</time>
        <extensions>
          <ns3:TrackPointExtension>
            <ns3:hr>134</ns3:hr>
            <ns3:cad>85</ns3:cad>
          </ns3:TrackPointExtension>
        </extensions>
      </trkpt>
      <trkpt lat="35.75561148114502429962158203125" lon="139.53171526081860065460205078125">
        <ele>52.799999237060546875</ele>
        <time>2026-09-30T22:51:43.000Z</time>
        <extensions>
          <ns3:TrackPointExtension>
            <ns3:hr>134</ns3:hr>
            <ns3:cad>85</ns3:cad>
          </ns3:TrackPointExtension>
        </extensions>
      </trkpt>
      <trkpt lat="35.755595304071903228759765625" lon="139.53169615007936954498291015625">
        <ele>52.799999237060546875</ele>
        <time>2026-09-30T22:51:44.000Z</time>
        <extensions>
          <ns3:TrackPointExtension>
            <ns3:hr>134</ns3:hr>
            <ns3:cad>85</ns3:cad>
          </ns3:TrackPointExtension>
        </extensions>
      </trkpt>
      <trkpt lat="35.75556211173534393310546875" lon="139.53168332576751708984375">
        <ele>52.799999237060546875</ele>
        <time>2026-09-30T22:51:45.000Z</time>
        <extensions>
          <ns3:TrackPointExtension>
            <ns3:hr>134</ns3:hr>
            <ns3:cad>84</ns3:cad>
          </ns3:TrackPointExtension>
        </extensions>
      </trkpt>
      <trkpt lat="35.755533613264560699462890625" lon="139.5316653884947299957275390625">
        <ele>52.799999237060546875</ele>
        <time>2026-09-30T22:51:46.000Z</time>
        <extensions>
          <ns3:TrackPointExtension>
            <ns3:hr>134</ns3:hr>
            <ns3:cad>84</ns3:cad>
          </ns3:TrackPointExtension>
        </extensions>
      </trkpt>
      <trkpt lat="35.7555190287530422210693359375" lon="139.5316402427852153778076171875">
        <ele>53</ele>
        <time>2026-09-30T22:51:47.000Z</time>
        <extensions>
          <ns3:TrackPointExtension>
            <ns3:hr>134</ns3:hr>
            <ns3:cad>84</ns3:cad>
          </ns3:TrackPointExtension>
        </extensions>
      </trkpt>
      <trkpt lat="35.7555091381072998046875" lon="139.5316161029040813446044921875">
        <ele>53</ele>
        <time>2026-09-30T22:51:48.000Z</time>
        <extensions>
          <ns3:TrackPointExtension>
            <ns3:hr>134</ns3:hr>
            <ns3:cad>84</ns3:cad>
          </ns3:TrackPointExtension>
        </extensions>
      </trkpt>
      <trkpt lat="35.75550176203250885009765625" lon="139.53159037046134471893310546875">
        <ele>53</ele>
        <time>2026-09-30T22:51:49.000Z</time>
        <extensions>
          <ns3:TrackPointExtension>
            <ns3:hr>134</ns3:hr>
            <ns3:cad>85</ns3:cad>
          </ns3:TrackPointExtension>
        </extensions>
      </trkpt>
      <trkpt lat="35.75549304485321044921875" lon="139.531565643846988677978515625">
        <ele>53</ele>
        <time>2026-09-30T22:51:50.000Z</time>
        <extensions>
          <ns3:TrackPointExtension>
            <ns3:hr>134</ns3:hr>
            <ns3:cad>86</ns3:cad>
          </ns3:TrackPointExtension>
        </extensions>
      </trkpt>
      <trkpt lat="35.7554710842669010162353515625" lon="139.5315450243651866912841796875">
        <ele>53</ele>
        <time>2026-09-30T22:51:51.000Z</time>
        <extensions>
          <ns3:TrackPointExtension>
            <ns3:hr>134</ns3:hr>
            <ns3:cad>86</ns3:cad>
          </ns3:TrackPointExtension>
        </extensions>
      </trkpt>
      <trkpt lat="35.7554563321173191070556640625" lon="139.53152113594114780426025390625">
        <ele>53</ele>
        <time>2026-09-30T22:51:52.000Z</time>
        <extensions>
          <ns3:TrackPointExtension>
            <ns3:hr>134</ns3:hr>
            <ns3:cad>86</ns3:cad>
          </ns3:TrackPointExtension>
        </extensions>
      </trkpt>
      <trkpt lat="35.75544786639511585235595703125" lon="139.5314942300319671630859375">
        <ele>53</ele>
        <time>2026-09-30T22:51:53.000Z</time>
        <extensions>
          <ns3:TrackPointExtension>
            <ns3:hr>134</ns3:hr>
            <ns3:cad>86</ns3:cad>
          </ns3:TrackPointExtension>
        </extensions>
      </trkpt>
      <trkpt lat="35.75543814338743686676025390625" lon="139.53146832995116710662841796875">
        <ele>53</ele>
        <time>2026-09-30T22:51:54.000Z</time>
        <extensions>
          <ns3:TrackPointExtension>
            <ns3:hr>134</ns3:hr>
            <ns3:cad>85</ns3:cad>
          </ns3:TrackPointExtension>
        </extensions>
      </trkpt>
      <trkpt lat="35.75542238540947437286376953125" lon="139.531449638307094573974609375">
        <ele>53</ele>
        <time>2026-09-30T22:51:55.000Z</time>
        <extensions>
          <ns3:TrackPointExtension>
            <ns3:hr>134</ns3:hr>
            <ns3:cad>85</ns3:cad>
          </ns3:TrackPointExtension>
        </extensions>
      </trkpt>
      <trkpt lat="35.7554010115563869476318359375" lon="139.53143178485333919525146484375">
        <ele>53.200000762939453125</ele>
        <time>2026-09-30T22:51:56.000Z</time>
        <extensions>
          <ns3:TrackPointExtension>
            <ns3:hr>134</ns3:hr>
            <ns3:cad>86</ns3:cad>
          </ns3:TrackPointExtension>
        </extensions>
      </trkpt>
      <trkpt lat="35.75538651086390018463134765625" lon="139.53141334466636180877685546875">
        <ele>53.200000762939453125</ele>
        <time>2026-09-30T22:51:57.000Z</time>
        <extensions>
          <ns3:TrackPointExtension>
            <ns3:hr>134</ns3:hr>
            <ns3:cad>86</ns3:cad>
          </ns3:TrackPointExtension>
        </extensions>
      </trkpt>
      <trkpt lat="35.75537410564720630645751953125" lon="139.5313894562423229217529296875">
        <ele>53.200000762939453125</ele>
        <time>2026-09-30T22:51:58.000Z</time>
        <extensions>
          <ns3:TrackPointExtension>
            <ns3:hr>134</ns3:hr>
            <ns3:cad>86</ns3:cad>
          </ns3:TrackPointExtension>
        </extensions>
      </trkpt>
      <trkpt lat="35.7553584314882755279541015625" lon="139.53136741183698177337646484375">
        <ele>53.200000762939453125</ele>
        <time>2026-09-30T22:51:59.000Z</time>
        <extensions>
          <ns3:TrackPointExtension>
            <ns3:hr>135</ns3:hr>
            <ns3:cad>85</ns3:cad>
          </ns3:TrackPointExtension>
        </extensions>
      </trkpt>
      <trkpt lat="35.75534024275839328765869140625" lon="139.53135064803063869476318359375">
        <ele>53.200000762939453125</ele>
        <time>2026-09-30T22:52:00.000Z</time>
        <extensions>
          <ns3:TrackPointExtension>
            <ns3:hr>135</ns3:hr>
            <ns3:cad>86</ns3:cad>
          </ns3:TrackPointExtension>
        </extensions>
      </trkpt>
      <trkpt lat="35.7553254067897796630859375" lon="139.53132969327270984649658203125">
        <ele>53.200000762939453125</ele>
        <time>2026-09-30T22:52:01.000Z</time>
        <extensions>
          <ns3:TrackPointExtension>
            <ns3:hr>136</ns3:hr>
            <ns3:cad>86</ns3:cad>
          </ns3:TrackPointExtension>
        </extensions>
      </trkpt>
      <trkpt lat="35.75530772097408771514892578125" lon="139.5313073135912418365478515625">
        <ele>53.200000762939453125</ele>
        <time>2026-09-30T22:52:02.000Z</time>
        <extensions>
          <ns3:TrackPointExtension>
            <ns3:hr>137</ns3:hr>
            <ns3:cad>87</ns3:cad>
          </ns3:TrackPointExtension>
        </extensions>
      </trkpt>
      <trkpt lat="35.75529112480580806732177734375" lon="139.531284682452678680419921875">
        <ele>53.200000762939453125</ele>
        <time>2026-09-30T22:52:03.000Z</time>
        <extensions>
          <ns3:TrackPointExtension>
            <ns3:hr>138</ns3:hr>
            <ns3:cad>87</ns3:cad>
          </ns3:TrackPointExtension>
        </extensions>
      </trkpt>
      <trkpt lat="35.7552746124565601348876953125" lon="139.531268589198589324951171875">
        <ele>53.200000762939453125</ele>
        <time>2026-09-30T22:52:04.000Z</time>
        <extensions>
          <ns3:TrackPointExtension>
            <ns3:hr>138</ns3:hr>
            <ns3:cad>87</ns3:cad>
          </ns3:TrackPointExtension>
        </extensions>
      </trkpt>
      <trkpt lat="35.75526178814470767974853515625" lon="139.53125325031578540802001953125">
        <ele>53.200000762939453125</ele>
        <time>2026-09-30T22:52:05.000Z</time>
        <extensions>
          <ns3:TrackPointExtension>
            <ns3:hr>138</ns3:hr>
            <ns3:cad>87</ns3:cad>
          </ns3:TrackPointExtension>
        </extensions>
      </trkpt>
      <trkpt lat="35.75525390915572643280029296875" lon="139.53123581595718860626220703125">
        <ele>53.200000762939453125</ele>
        <time>2026-09-30T22:52:06.000Z</time>
        <extensions>
          <ns3:TrackPointExtension>
            <ns3:hr>138</ns3:hr>
            <ns3:cad>87</ns3:cad>
          </ns3:TrackPointExtension>
        </extensions>
      </trkpt>
      <trkpt lat="35.75523412786424160003662109375" lon="139.53121989034116268157958984375">
        <ele>53.200000762939453125</ele>
        <time>2026-09-30T22:52:07.000Z</time>
        <extensions>
          <ns3:TrackPointExtension>
            <ns3:hr>138</ns3:hr>
            <ns3:cad>87</ns3:cad>
          </ns3:TrackPointExtension>
        </extensions>
      </trkpt>
      <trkpt lat="35.75521535240113735198974609375" lon="139.5312072336673736572265625">
        <ele>53.200000762939453125</ele>
        <time>2026-09-30T22:52:08.000Z</time>
        <extensions>
          <ns3:TrackPointExtension>
            <ns3:hr>138</ns3:hr>
            <ns3:cad>87</ns3:cad>
          </ns3:TrackPointExtension>
        </extensions>
      </trkpt>
      <trkpt lat="35.7551991753280162811279296875" lon="139.531186781823635101318359375">
        <ele>53.200000762939453125</ele>
        <time>2026-09-30T22:52:09.000Z</time>
        <extensions>
          <ns3:TrackPointExtension>
            <ns3:hr>138</ns3:hr>
            <ns3:cad>87</ns3:cad>
          </ns3:TrackPointExtension>
        </extensions>
      </trkpt>
      <trkpt lat="35.755183584988117218017578125" lon="139.53115962445735931396484375">
        <ele>53.200000762939453125</ele>
        <time>2026-09-30T22:52:10.000Z</time>
        <extensions>
          <ns3:TrackPointExtension>
            <ns3:hr>139</ns3:hr>
            <ns3:cad>87</ns3:cad>
          </ns3:TrackPointExtension>
        </extensions>
      </trkpt>
      <trkpt lat="35.75516841374337673187255859375" lon="139.5311436988413333892822265625">
        <ele>53.200000762939453125</ele>
        <time>2026-09-30T22:52:11.000Z</time>
        <extensions>
          <ns3:TrackPointExtension>
            <ns3:hr>138</ns3:hr>
            <ns3:cad>87</ns3:cad>
          </ns3:TrackPointExtension>
        </extensions>
      </trkpt>
      <trkpt lat="35.75514997355639934539794921875" lon="139.531123079359531402587890625">
        <ele>53.200000762939453125</ele>
        <time>2026-09-30T22:52:12.000Z</time>
        <extensions>
          <ns3:TrackPointExtension>
            <ns3:hr>139</ns3:hr>
            <ns3:cad>87</ns3:cad>
          </ns3:TrackPointExtension>
        </extensions>
      </trkpt>
      <trkpt lat="35.75513153336942195892333984375" lon="139.53110204078257083892822265625">
        <ele>53.200000762939453125</ele>
        <time>2026-09-30T22:52:13.000Z</time>
        <extensions>
          <ns3:TrackPointExtension>
            <ns3:hr>139</ns3:hr>
            <ns3:cad>86</ns3:cad>
          </ns3:TrackPointExtension>
        </extensions>
      </trkpt>
      <trkpt lat="35.75511191971600055694580078125" lon="139.5310860313475131988525390625">
        <ele>53.200000762939453125</ele>
        <time>2026-09-30T22:52:14.000Z</time>
        <extensions>
          <ns3:TrackPointExtension>
            <ns3:hr>139</ns3:hr>
            <ns3:cad>87</ns3:cad>
          </ns3:TrackPointExtension>
        </extensions>
      </trkpt>
      <trkpt lat="35.7550918869674205780029296875" lon="139.5310742966830730438232421875">
        <ele>53.200000762939453125</ele>
        <time>2026-09-30T22:52:15.000Z</time>
        <extensions>
          <ns3:TrackPointExtension>
            <ns3:hr>139</ns3:hr>
            <ns3:cad>87</ns3:cad>
          </ns3:TrackPointExtension>
        </extensions>
      </trkpt>
      <trkpt lat="35.75507570989429950714111328125" lon="139.5310615561902523040771484375">
        <ele>53.200000762939453125</ele>
        <time>2026-09-30T22:52:16.000Z</time>
        <extensions>
          <ns3:TrackPointExtension>
            <ns3:hr>139</ns3:hr>
            <ns3:cad>87</ns3:cad>
          </ns3:TrackPointExtension>
        </extensions>
      </trkpt>
      <trkpt lat="35.75505408458411693572998046875" lon="139.531047977507114410400390625">
        <ele>53.200000762939453125</ele>
        <time>2026-09-30T22:52:17.000Z</time>
        <extensions>
          <ns3:TrackPointExtension>
            <ns3:hr>139</ns3:hr>
            <ns3:cad>86</ns3:cad>
          </ns3:TrackPointExtension>
        </extensions>
      </trkpt>
      <trkpt lat="35.75503103435039520263671875" lon="139.53103800304234027862548828125">
        <ele>53.200000762939453125</ele>
        <time>2026-09-30T22:52:18.000Z</time>
        <extensions>
          <ns3:TrackPointExtension>
            <ns3:hr>139</ns3:hr>
            <ns3:cad>85</ns3:cad>
          </ns3:TrackPointExtension>
        </extensions>
      </trkpt>
      <trkpt lat="35.7550070621073246002197265625" lon="139.531027860939502716064453125">
        <ele>53.200000762939453125</ele>
        <time>2026-09-30T22:52:19.000Z</time>
        <extensions>
          <ns3:TrackPointExtension>
            <ns3:hr>139</ns3:hr>
            <ns3:cad>85</ns3:cad>
          </ns3:TrackPointExtension>
        </extensions>
      </trkpt>
      <trkpt lat="35.75498233549296855926513671875" lon="139.531017132103443145751953125">
        <ele>53.200000762939453125</ele>
        <time>2026-09-30T22:52:20.000Z</time>
        <extensions>
          <ns3:TrackPointExtension>
            <ns3:hr>139</ns3:hr>
            <ns3:cad>85</ns3:cad>
          </ns3:TrackPointExtension>
        </extensions>
      </trkpt>
      <trkpt lat="35.75496423058211803436279296875" lon="139.53099860809743404388427734375">
        <ele>53.200000762939453125</ele>
        <time>2026-09-30T22:52:21.000Z</time>
        <extensions>
          <ns3:TrackPointExtension>
            <ns3:hr>139</ns3:hr>
            <ns3:cad>85</ns3:cad>
          </ns3:TrackPointExtension>
        </extensions>
      </trkpt>
      <trkpt lat="35.7549383305013179779052734375" lon="139.5309854485094547271728515625">
        <ele>53.200000762939453125</ele>
        <time>2026-09-30T22:52:22.000Z</time>
        <extensions>
          <ns3:TrackPointExtension>
            <ns3:hr>139</ns3:hr>
            <ns3:cad>86</ns3:cad>
          </ns3:TrackPointExtension>
        </extensions>
      </trkpt>
      <trkpt lat="35.75491846539080142974853515625" lon="139.530968852341175079345703125">
        <ele>53.200000762939453125</ele>
        <time>2026-09-30T22:52:23.000Z</time>
        <extensions>
          <ns3:TrackPointExtension>
            <ns3:hr>138</ns3:hr>
            <ns3:cad>86</ns3:cad>
          </ns3:TrackPointExtension>
        </extensions>
      </trkpt>
      <trkpt lat="35.75490069575607776641845703125" lon="139.5309484004974365234375">
        <ele>53.200000762939453125</ele>
        <time>2026-09-30T22:52:24.000Z</time>
        <extensions>
          <ns3:TrackPointExtension>
            <ns3:hr>138</ns3:hr>
            <ns3:cad>85</ns3:cad>
          </ns3:TrackPointExtension>
        </extensions>
      </trkpt>
      <trkpt lat="35.754878818988800048828125" lon="139.53092836774885654449462890625">
        <ele>53.200000762939453125</ele>
        <time>2026-09-30T22:52:25.000Z</time>
        <extensions>
          <ns3:TrackPointExtension>
            <ns3:hr>138</ns3:hr>
            <ns3:cad>85</ns3:cad>
          </ns3:TrackPointExtension>
        </extensions>
      </trkpt>
      <trkpt lat="35.754853673279285430908203125" lon="139.5309093408286571502685546875">
        <ele>53.200000762939453125</ele>
        <time>2026-09-30T22:52:26.000Z</time>
        <extensions>
          <ns3:TrackPointExtension>
            <ns3:hr>139</ns3:hr>
            <ns3:cad>85</ns3:cad>
          </ns3:TrackPointExtension>
        </extensions>
      </trkpt>
      <trkpt lat="35.7548421062529087066650390625" lon="139.53088411130011081695556640625">
        <ele>53.200000762939453125</ele>
        <time>2026-09-30T22:52:27.000Z</time>
        <extensions>
          <ns3:TrackPointExtension>
            <ns3:hr>138</ns3:hr>
            <ns3:cad>85</ns3:cad>
          </ns3:TrackPointExtension>
        </extensions>
      </trkpt>
      <trkpt lat="35.754829533398151397705078125" lon="139.53084723092615604400634765625">
        <ele>53.200000762939453125</ele>
        <time>2026-09-30T22:52:28.000Z</time>
        <extensions>
          <ns3:TrackPointExtension>
            <ns3:hr>139</ns3:hr>
            <ns3:cad>86</ns3:cad>
          </ns3:TrackPointExtension>
        </extensions>
      </trkpt>
      <trkpt lat="35.75481218285858631134033203125" lon="139.53082208521664142608642578125">
        <ele>53.200000762939453125</ele>
        <time>2026-09-30T22:52:29.000Z</time>
        <extensions>
          <ns3:TrackPointExtension>
            <ns3:hr>139</ns3:hr>
            <ns3:cad>86</ns3:cad>
          </ns3:TrackPointExtension>
        </extensions>
      </trkpt>
      <trkpt lat="35.75479625724256038665771484375" lon="139.53080900944769382476806640625">
        <ele>53.200000762939453125</ele>
        <time>2026-09-30T22:52:30.000Z</time>
        <extensions>
          <ns3:TrackPointExtension>
            <ns3:hr>139</ns3:hr>
            <ns3:cad>86</ns3:cad>
          </ns3:TrackPointExtension>
        </extensions>
      </trkpt>
      <trkpt lat="35.75478787533938884735107421875" lon="139.53079727478325366973876953125">
        <ele>53.40000152587890625</ele>
        <time>2026-09-30T22:52:31.000Z</time>
        <extensions>
          <ns3:TrackPointExtension>
            <ns3:hr>139</ns3:hr>
            <ns3:cad>87</ns3:cad>
          </ns3:TrackPointExtension>
        </extensions>
      </trkpt>
      <trkpt lat="35.75477647595107555389404296875" lon="139.5307862944900989532470703125">
        <ele>53.40000152587890625</ele>
        <time>2026-09-30T22:52:32.000Z</time>
        <extensions>
          <ns3:TrackPointExtension>
            <ns3:hr>139</ns3:hr>
            <ns3:cad>87</ns3:cad>
          </ns3:TrackPointExtension>
        </extensions>
      </trkpt>
      <trkpt lat="35.75474680401384830474853515625" lon="139.530774392187595367431640625">
        <ele>53.40000152587890625</ele>
        <time>2026-09-30T22:52:33.000Z</time>
        <extensions>
          <ns3:TrackPointExtension>
            <ns3:hr>139</ns3:hr>
            <ns3:cad>87</ns3:cad>
          </ns3:TrackPointExtension>
        </extensions>
      </trkpt>
      <trkpt lat="35.7547341473400592803955078125" lon="139.5307494141161441802978515625">
        <ele>53.40000152587890625</ele>
        <time>2026-09-30T22:52:34.000Z</time>
        <extensions>
          <ns3:TrackPointExtension>
            <ns3:hr>139</ns3:hr>
            <ns3:cad>87</ns3:cad>
          </ns3:TrackPointExtension>
        </extensions>
      </trkpt>
      <trkpt lat="35.75469064526259899139404296875" lon="139.53072938136756420135498046875">
        <ele>53.40000152587890625</ele>
        <time>2026-09-30T22:52:35.000Z</time>
        <extensions>
          <ns3:TrackPointExtension>
            <ns3:hr>139</ns3:hr>
            <ns3:cad>87</ns3:cad>
          </ns3:TrackPointExtension>
        </extensions>
      </trkpt>
      <trkpt lat="35.75465493835508823394775390625" lon="139.5307068340480327606201171875">
        <ele>53.40000152587890625</ele>
        <time>2026-09-30T22:52:36.000Z</time>
        <extensions>
          <ns3:TrackPointExtension>
            <ns3:hr>139</ns3:hr>
            <ns3:cad>87</ns3:cad>
          </ns3:TrackPointExtension>
        </extensions>
      </trkpt>
      <trkpt lat="35.754634402692317962646484375" lon="139.5306773297488689422607421875">
        <ele>53.40000152587890625</ele>
        <time>2026-09-30T22:52:37.000Z</time>
        <extensions>
          <ns3:TrackPointExtension>
            <ns3:hr>139</ns3:hr>
            <ns3:cad>87</ns3:cad>
          </ns3:TrackPointExtension>
        </extensions>
      </trkpt>
      <trkpt lat="35.75462627224624156951904296875" lon="139.530644305050373077392578125">
        <ele>53.40000152587890625</ele>
        <time>2026-09-30T22:52:38.000Z</time>
        <extensions>
          <ns3:TrackPointExtension>
            <ns3:hr>139</ns3:hr>
            <ns3:cad>87</ns3:cad>
          </ns3:TrackPointExtension>
        </extensions>
      </trkpt>
      <trkpt lat="35.7546201534569263458251953125" lon="139.530612789094448089599609375">
        <ele>53.40000152587890625</ele>
        <time>2026-09-30T22:52:39.000Z</time>
        <extensions>
          <ns3:TrackPointExtension>
            <ns3:hr>139</ns3:hr>
            <ns3:cad>87</ns3:cad>
          </ns3:TrackPointExtension>
        </extensions>
      </trkpt>
      <trkpt lat="35.75459978543221950531005859375" lon="139.53058823011815547943115234375">
        <ele>53.40000152587890625</ele>
        <time>2026-09-30T22:52:40.000Z</time>
        <extensions>
          <ns3:TrackPointExtension>
            <ns3:hr>139</ns3:hr>
            <ns3:cad>87</ns3:cad>
          </ns3:TrackPointExtension>
        </extensions>
      </trkpt>
      <trkpt lat="35.7545832730829715728759765625" lon="139.53056140802800655364990234375">
        <ele>53.40000152587890625</ele>
        <time>2026-09-30T22:52:41.000Z</time>
        <extensions>
          <ns3:TrackPointExtension>
            <ns3:hr>139</ns3:hr>
            <ns3:cad>87</ns3:cad>
          </ns3:TrackPointExtension>
        </extensions>
      </trkpt>
      <trkpt lat="35.75456055812537670135498046875" lon="139.5305361784994602203369140625">
        <ele>53.40000152587890625</ele>
        <time>2026-09-30T22:52:42.000Z</time>
        <extensions>
          <ns3:TrackPointExtension>
            <ns3:hr>139</ns3:hr>
            <ns3:cad>87</ns3:cad>
          </ns3:TrackPointExtension>
        </extensions>
      </trkpt>
      <trkpt lat="35.7545383460819721221923828125" lon="139.53051229007542133331298828125">
        <ele>53.40000152587890625</ele>
        <time>2026-09-30T22:52:43.000Z</time>
        <extensions>
          <ns3:TrackPointExtension>
            <ns3:hr>139</ns3:hr>
            <ns3:cad>87</ns3:cad>
          </ns3:TrackPointExtension>
        </extensions>
      </trkpt>
      <trkpt lat="35.75452568940818309783935546875" lon="139.53048630617558956146240234375">
        <ele>53.59999847412109375</ele>
        <time>2026-09-30T22:52:44.000Z</time>
        <extensions>
          <ns3:TrackPointExtension>
            <ns3:hr>139</ns3:hr>
            <ns3:cad>86</ns3:cad>
          </ns3:TrackPointExtension>
        </extensions>
      </trkpt>
      <trkpt lat="35.75452937744557857513427734375" lon="139.530455209314823150634765625">
        <ele>53.59999847412109375</ele>
        <time>2026-09-30T22:52:45.000Z</time>
        <extensions>
          <ns3:TrackPointExtension>
            <ns3:hr>138</ns3:hr>
            <ns3:cad>86</ns3:cad>
          </ns3:TrackPointExtension>
        </extensions>
      </trkpt>
      <trkpt lat="35.75453616678714752197265625" lon="139.5304298959672451019287109375">
        <ele>53.59999847412109375</ele>
        <time>2026-09-30T22:52:46.000Z</time>
        <extensions>
          <ns3:TrackPointExtension>
            <ns3:hr>139</ns3:hr>
            <ns3:cad>87</ns3:cad>
          </ns3:TrackPointExtension>
        </extensions>
      </trkpt>
      <trkpt lat="35.754527114331722259521484375" lon="139.5304020680487155914306640625">
        <ele>53.59999847412109375</ele>
        <time>2026-09-30T22:52:47.000Z</time>
        <extensions>
          <ns3:TrackPointExtension>
            <ns3:hr>139</ns3:hr>
            <ns3:cad>87</ns3:cad>
          </ns3:TrackPointExtension>
        </extensions>
      </trkpt>
      <trkpt lat="35.7545178942382335662841796875" lon="139.53037331812083721160888671875">
        <ele>53.59999847412109375</ele>
        <time>2026-09-30T22:52:48.000Z</time>
        <extensions>
          <ns3:TrackPointExtension>
            <ns3:hr>138</ns3:hr>
            <ns3:cad>86</ns3:cad>
          </ns3:TrackPointExtension>
        </extensions>
      </trkpt>
      <trkpt lat="35.7545018009841442108154296875" lon="139.5303524471819400787353515625">
        <ele>53.799999237060546875</ele>
        <time>2026-09-30T22:52:49.000Z</time>
        <extensions>
          <ns3:TrackPointExtension>
            <ns3:hr>138</ns3:hr>
            <ns3:cad>85</ns3:cad>
          </ns3:TrackPointExtension>
        </extensions>
      </trkpt>
      <trkpt lat="35.75449065305292606353759765625" lon="139.53032772056758403778076171875">
        <ele>53.799999237060546875</ele>
        <time>2026-09-30T22:52:50.000Z</time>
        <extensions>
          <ns3:TrackPointExtension>
            <ns3:hr>139</ns3:hr>
            <ns3:cad>85</ns3:cad>
          </ns3:TrackPointExtension>
        </extensions>
      </trkpt>
      <trkpt lat="35.75446374714374542236328125" lon="139.5303112082183361053466796875">
        <ele>53.799999237060546875</ele>
        <time>2026-09-30T22:52:51.000Z</time>
        <extensions>
          <ns3:TrackPointExtension>
            <ns3:hr>139</ns3:hr>
            <ns3:cad>85</ns3:cad>
          </ns3:TrackPointExtension>
        </extensions>
      </trkpt>
      <trkpt lat="35.75443089008331298828125" lon="139.5303004793822765350341796875">
        <ele>53.799999237060546875</ele>
        <time>2026-09-30T22:52:52.000Z</time>
        <extensions>
          <ns3:TrackPointExtension>
            <ns3:hr>139</ns3:hr>
            <ns3:cad>85</ns3:cad>
          </ns3:TrackPointExtension>
        </extensions>
      </trkpt>
      <trkpt lat="35.754411108791828155517578125" lon="139.5302818715572357177734375">
        <ele>53.799999237060546875</ele>
        <time>2026-09-30T22:52:53.000Z</time>
        <extensions>
          <ns3:TrackPointExtension>
            <ns3:hr>139</ns3:hr>
            <ns3:cad>85</ns3:cad>
          </ns3:TrackPointExtension>
        </extensions>
      </trkpt>
      <trkpt lat="35.7543790899217128753662109375" lon="139.5302713103592395782470703125">
        <ele>54</ele>
        <time>2026-09-30T22:52:54.000Z</time>
        <extensions>
          <ns3:TrackPointExtension>
            <ns3:hr>139</ns3:hr>
            <ns3:cad>85</ns3:cad>
          </ns3:TrackPointExtension>
        </extensions>
      </trkpt>
      <trkpt lat="35.75434648431837558746337890625" lon="139.5302592404186725616455078125">
        <ele>54</ele>
        <time>2026-09-30T22:52:55.000Z</time>
        <extensions>
          <ns3:TrackPointExtension>
            <ns3:hr>139</ns3:hr>
            <ns3:cad>86</ns3:cad>
          </ns3:TrackPointExtension>
        </extensions>
      </trkpt>
      <trkpt lat="35.75431714765727519989013671875" lon="139.530248679220676422119140625">
        <ele>54</ele>
        <time>2026-09-30T22:52:56.000Z</time>
        <extensions>
          <ns3:TrackPointExtension>
            <ns3:hr>139</ns3:hr>
            <ns3:cad>86</ns3:cad>
          </ns3:TrackPointExtension>
        </extensions>
      </trkpt>
      <trkpt lat="35.75429921038448810577392578125" lon="139.5302314125001430511474609375">
        <ele>54</ele>
        <time>2026-09-30T22:52:57.000Z</time>
        <extensions>
          <ns3:TrackPointExtension>
            <ns3:hr>139</ns3:hr>
            <ns3:cad>86</ns3:cad>
          </ns3:TrackPointExtension>
        </extensions>
      </trkpt>
      <trkpt lat="35.754273645579814910888671875" lon="139.53021506778895854949951171875">
        <ele>54.200000762939453125</ele>
        <time>2026-09-30T22:52:58.000Z</time>
        <extensions>
          <ns3:TrackPointExtension>
            <ns3:hr>139</ns3:hr>
            <ns3:cad>85</ns3:cad>
          </ns3:TrackPointExtension>
        </extensions>
      </trkpt>
      <trkpt lat="35.7542632520198822021484375" lon="139.53018656931817531585693359375">
        <ele>54.200000762939453125</ele>
        <time>2026-09-30T22:52:59.000Z</time>
        <extensions>
          <ns3:TrackPointExtension>
            <ns3:hr>139</ns3:hr>
            <ns3:cad>85</ns3:cad>
          </ns3:TrackPointExtension>
        </extensions>
      </trkpt>
      <trkpt lat="35.754250846803188323974609375" lon="139.5301573164761066436767578125">
        <ele>54.200000762939453125</ele>
        <time>2026-09-30T22:53:00.000Z</time>
        <extensions>
          <ns3:TrackPointExtension>
            <ns3:hr>139</ns3:hr>
            <ns3:cad>86</ns3:cad>
          </ns3:TrackPointExtension>
        </extensions>
      </trkpt>
      <trkpt lat="35.75424472801387310028076171875" lon="139.53013326041400432586669921875">
        <ele>54.200000762939453125</ele>
        <time>2026-09-30T22:53:01.000Z</time>
        <extensions>
          <ns3:TrackPointExtension>
            <ns3:hr>139</ns3:hr>
            <ns3:cad>86</ns3:cad>
          </ns3:TrackPointExtension>
        </extensions>
      </trkpt>
      <trkpt lat="35.754236765205860137939453125" lon="139.53010618686676025390625">
        <ele>54.200000762939453125</ele>
        <time>2026-09-30T22:53:02.000Z</time>
        <extensions>
          <ns3:TrackPointExtension>
            <ns3:hr>139</ns3:hr>
            <ns3:cad>86</ns3:cad>
          </ns3:TrackPointExtension>
        </extensions>
      </trkpt>
      <trkpt lat="35.75423844158649444580078125" lon="139.53007475472986698150634765625">
        <ele>54.200000762939453125</ele>
        <time>2026-09-30T22:53:03.000Z</time>
        <extensions>
          <ns3:TrackPointExtension>
            <ns3:hr>140</ns3:hr>
            <ns3:cad>86</ns3:cad>
          </ns3:TrackPointExtension>
        </extensions>
      </trkpt>
      <trkpt lat="35.75423735193908214569091796875" lon="139.53003904782235622406005859375">
        <ele>54.200000762939453125</ele>
        <time>2026-09-30T22:53:04.000Z</time>
        <extensions>
          <ns3:TrackPointExtension>
            <ns3:hr>140</ns3:hr>
            <ns3:cad>86</ns3:cad>
          </ns3:TrackPointExtension>
        </extensions>
      </trkpt>
      <trkpt lat="35.75422905385494232177734375" lon="139.53000652603805065155029296875">
        <ele>54.200000762939453125</ele>
        <time>2026-09-30T22:53:05.000Z</time>
        <extensions>
          <ns3:TrackPointExtension>
            <ns3:hr>140</ns3:hr>
            <ns3:cad>86</ns3:cad>
          </ns3:TrackPointExtension>
        </extensions>
      </trkpt>
      <trkpt lat="35.75422234833240509033203125" lon="139.52997014857828617095947265625">
        <ele>54.200000762939453125</ele>
        <time>2026-09-30T22:53:06.000Z</time>
        <extensions>
          <ns3:TrackPointExtension>
            <ns3:hr>140</ns3:hr>
            <ns3:cad>87</ns3:cad>
          </ns3:TrackPointExtension>
        </extensions>
      </trkpt>
      <trkpt lat="35.75420985929667949676513671875" lon="139.52993863262236118316650390625">
        <ele>54.200000762939453125</ele>
        <time>2026-09-30T22:53:07.000Z</time>
        <extensions>
          <ns3:TrackPointExtension>
            <ns3:hr>140</ns3:hr>
            <ns3:cad>87</ns3:cad>
          </ns3:TrackPointExtension>
        </extensions>
      </trkpt>
      <trkpt lat="35.75420089066028594970703125" lon="139.52990745194256305694580078125">
        <ele>54.200000762939453125</ele>
        <time>2026-09-30T22:53:08.000Z</time>
        <extensions>
          <ns3:TrackPointExtension>
            <ns3:hr>140</ns3:hr>
            <ns3:cad>87</ns3:cad>
          </ns3:TrackPointExtension>
        </extensions>
      </trkpt>
      <trkpt lat="35.7541903294622898101806640625" lon="139.52988733537495136260986328125">
        <ele>54.200000762939453125</ele>
        <time>2026-09-30T22:53:09.000Z</time>
        <extensions>
          <ns3:TrackPointExtension>
            <ns3:hr>140</ns3:hr>
            <ns3:cad>87</ns3:cad>
          </ns3:TrackPointExtension>
        </extensions>
      </trkpt>
      <trkpt lat="35.7541645132005214691162109375" lon="139.52986604534089565277099609375">
        <ele>54.200000762939453125</ele>
        <time>2026-09-30T22:53:10.000Z</time>
        <extensions>
          <ns3:TrackPointExtension>
            <ns3:hr>140</ns3:hr>
            <ns3:cad>87</ns3:cad>
          </ns3:TrackPointExtension>
        </extensions>
      </trkpt>
      <trkpt lat="35.75415269471704959869384765625" lon="139.5298419892787933349609375">
        <ele>54</ele>
        <time>2026-09-30T22:53:11.000Z</time>
        <extensions>
          <ns3:TrackPointExtension>
            <ns3:hr>141</ns3:hr>
            <ns3:cad>88</ns3:cad>
          </ns3:TrackPointExtension>
        </extensions>
      </trkpt>
      <trkpt lat="35.754152946174144744873046875" lon="139.52981290407478809356689453125">
        <ele>54</ele>
        <time>2026-09-30T22:53:12.000Z</time>
        <extensions>
          <ns3:TrackPointExtension>
            <ns3:hr>142</ns3:hr>
            <ns3:cad>87</ns3:cad>
          </ns3:TrackPointExtension>
        </extensions>
      </trkpt>
      <trkpt lat="35.75414598919451236724853515625" lon="139.52978474088013172149658203125">
        <ele>54</ele>
        <time>2026-09-30T22:53:13.000Z</time>
        <extensions>
          <ns3:TrackPointExtension>
            <ns3:hr>145</ns3:hr>
            <ns3:cad>86</ns3:cad>
          </ns3:TrackPointExtension>
        </extensions>
      </trkpt>
      <trkpt lat="35.75413442216813564300537109375" lon="139.52975892461836338043212890625">
        <ele>54</ele>
        <time>2026-09-30T22:53:14.000Z</time>
        <extensions>
          <ns3:TrackPointExtension>
            <ns3:hr>150</ns3:hr>
            <ns3:cad>86</ns3:cad>
          </ns3:TrackPointExtension>
        </extensions>
      </trkpt>
      <trkpt lat="35.7541076838970184326171875" lon="139.5297405682504177093505859375">
        <ele>54</ele>
        <time>2026-09-30T22:53:15.000Z</time>
        <extensions>
          <ns3:TrackPointExtension>
            <ns3:hr>158</ns3:hr>
            <ns3:cad>86</ns3:cad>
          </ns3:TrackPointExtension>
        </extensions>
      </trkpt>
      <trkpt lat="35.75408379547297954559326171875" lon="139.52971701510250568389892578125">
        <ele>54</ele>
        <time>2026-09-30T22:53:16.000Z</time>
        <extensions>
          <ns3:TrackPointExtension>
            <ns3:hr>160</ns3:hr>
            <ns3:cad>86</ns3:cad>
          </ns3:TrackPointExtension>
        </extensions>
      </trkpt>
      <trkpt lat="35.75407926924526691436767578125" lon="139.52968331985175609588623046875">
        <ele>54</ele>
        <time>2026-09-30T22:53:17.000Z</time>
        <extensions>
          <ns3:TrackPointExtension>
            <ns3:hr>161</ns3:hr>
            <ns3:cad>86</ns3:cad>
          </ns3:TrackPointExtension>
        </extensions>
      </trkpt>
      <trkpt lat="35.75407541356980800628662109375" lon="139.529650546610355377197265625">
        <ele>54</ele>
        <time>2026-09-30T22:53:18.000Z</time>
        <extensions>
          <ns3:TrackPointExtension>
            <ns3:hr>163</ns3:hr>
            <ns3:cad>86</ns3:cad>
          </ns3:TrackPointExtension>
        </extensions>
      </trkpt>
      <trkpt lat="35.75407122261822223663330078125" lon="139.529625065624713897705078125">
        <ele>54</ele>
        <time>2026-09-30T22:53:19.000Z</time>
        <extensions>
          <ns3:TrackPointExtension>
            <ns3:hr>165</ns3:hr>
            <ns3:cad>87</ns3:cad>
          </ns3:TrackPointExtension>
        </extensions>
      </trkpt>
      <trkpt lat="35.75405881740152835845947265625" lon="139.529589526355266571044921875">
        <ele>54</ele>
        <time>2026-09-30T22:53:20.000Z</time>
        <extensions>
          <ns3:TrackPointExtension>
            <ns3:hr>166</ns3:hr>
            <ns3:cad>87</ns3:cad>
          </ns3:TrackPointExtension>
        </extensions>
      </trkpt>
      <trkpt lat="35.7540552131831645965576171875" lon="139.52955658547580242156982421875">
        <ele>54</ele>
        <time>2026-09-30T22:53:21.000Z</time>
        <extensions>
          <ns3:TrackPointExtension>
            <ns3:hr>166</ns3:hr>
            <ns3:cad>88</ns3:cad>
          </ns3:TrackPointExtension>
        </extensions>
      </trkpt>
      <trkpt lat="35.75403450988233089447021484375" lon="139.5295306853950023651123046875">
        <ele>54</ele>
        <time>2026-09-30T22:53:22.000Z</time>
        <extensions>
          <ns3:TrackPointExtension>
            <ns3:hr>167</ns3:hr>
            <ns3:cad>88</ns3:cad>
          </ns3:TrackPointExtension>
        </extensions>
      </trkpt>
      <trkpt lat="35.75403333641588687896728515625" lon="139.52950470149517059326171875">
        <ele>54</ele>
        <time>2026-09-30T22:53:23.000Z</time>
        <extensions>
          <ns3:TrackPointExtension>
            <ns3:hr>167</ns3:hr>
            <ns3:cad>87</ns3:cad>
          </ns3:TrackPointExtension>
        </extensions>
      </trkpt>
      <trkpt lat="35.75402378104627132415771484375" lon="139.52947762794792652130126953125">
        <ele>54</ele>
        <time>2026-09-30T22:53:24.000Z</time>
        <extensions>
          <ns3:TrackPointExtension>
            <ns3:hr>167</ns3:hr>
            <ns3:cad>86</ns3:cad>
          </ns3:TrackPointExtension>
        </extensions>
      </trkpt>
      <trkpt lat="35.75401389040052890777587890625" lon="139.529450722038745880126953125">
        <ele>54</ele>
        <time>2026-09-30T22:53:25.000Z</time>
        <extensions>
          <ns3:TrackPointExtension>
            <ns3:hr>167</ns3:hr>
            <ns3:cad>86</ns3:cad>
          </ns3:TrackPointExtension>
        </extensions>
      </trkpt>
      <trkpt lat="35.754010118544101715087890625" lon="139.52941627241671085357666015625">
        <ele>54</ele>
        <time>2026-09-30T22:53:26.000Z</time>
        <extensions>
          <ns3:TrackPointExtension>
            <ns3:hr>167</ns3:hr>
            <ns3:cad>86</ns3:cad>
          </ns3:TrackPointExtension>
        </extensions>
      </trkpt>
      <trkpt lat="35.75400735251605510711669921875" lon="139.52939196489751338958740234375">
        <ele>54</ele>
        <time>2026-09-30T22:53:27.000Z</time>
        <extensions>
          <ns3:TrackPointExtension>
            <ns3:hr>167</ns3:hr>
            <ns3:cad>86</ns3:cad>
          </ns3:TrackPointExtension>
        </extensions>
      </trkpt>
      <trkpt lat="35.754000730812549591064453125" lon="139.5293747819960117340087890625">
        <ele>54</ele>
        <time>2026-09-30T22:53:28.000Z</time>
        <extensions>
          <ns3:TrackPointExtension>
            <ns3:hr>167</ns3:hr>
            <ns3:cad>86</ns3:cad>
          </ns3:TrackPointExtension>
        </extensions>
      </trkpt>
      <trkpt lat="35.7539975456893444061279296875" lon="139.529349468648433685302734375">
        <ele>54</ele>
        <time>2026-09-30T22:53:29.000Z</time>
        <extensions>
          <ns3:TrackPointExtension>
            <ns3:hr>167</ns3:hr>
            <ns3:cad>86</ns3:cad>
          </ns3:TrackPointExtension>
        </extensions>
      </trkpt>
      <trkpt lat="35.75399679131805896759033203125" lon="139.529321305453777313232421875">
        <ele>54</ele>
        <time>2026-09-30T22:53:30.000Z</time>
        <extensions>
          <ns3:TrackPointExtension>
            <ns3:hr>167</ns3:hr>
            <ns3:cad>86</ns3:cad>
          </ns3:TrackPointExtension>
        </extensions>
      </trkpt>
      <trkpt lat="35.7539977133274078369140625" lon="139.529293477535247802734375">
        <ele>54.200000762939453125</ele>
        <time>2026-09-30T22:53:31.000Z</time>
        <extensions>
          <ns3:TrackPointExtension>
            <ns3:hr>167</ns3:hr>
            <ns3:cad>85</ns3:cad>
          </ns3:TrackPointExtension>
        </extensions>
      </trkpt>
      <trkpt lat="35.754002742469310760498046875" lon="139.52926338650286197662353515625">
        <ele>54.200000762939453125</ele>
        <time>2026-09-30T22:53:32.000Z</time>
        <extensions>
          <ns3:TrackPointExtension>
            <ns3:hr>167</ns3:hr>
            <ns3:cad>85</ns3:cad>
          </ns3:TrackPointExtension>
        </extensions>
      </trkpt>
      <trkpt lat="35.75401037000119686126708984375" lon="139.5292317867279052734375">
        <ele>54.200000762939453125</ele>
        <time>2026-09-30T22:53:33.000Z</time>
        <extensions>
          <ns3:TrackPointExtension>
            <ns3:hr>167</ns3:hr>
            <ns3:cad>85</ns3:cad>
          </ns3:TrackPointExtension>
        </extensions>
      </trkpt>
      <trkpt lat="35.754007436335086822509765625" lon="139.52920337207615375518798828125">
        <ele>54.59999847412109375</ele>
        <time>2026-09-30T22:53:34.000Z</time>
        <extensions>
          <ns3:TrackPointExtension>
            <ns3:hr>167</ns3:hr>
            <ns3:cad>85</ns3:cad>
          </ns3:TrackPointExtension>
        </extensions>
      </trkpt>
      <trkpt lat="35.75400601141154766082763671875" lon="139.52917319722473621368408203125">
        <ele>54.59999847412109375</ele>
        <time>2026-09-30T22:53:35.000Z</time>
        <extensions>
          <ns3:TrackPointExtension>
            <ns3:hr>167</ns3:hr>
            <ns3:cad>84</ns3:cad>
          </ns3:TrackPointExtension>
        </extensions>
      </trkpt>
      <trkpt lat="35.7540084421634674072265625" lon="139.5291471295058727264404296875">
        <ele>54.799999237060546875</ele>
        <time>2026-09-30T22:53:36.000Z</time>
        <extensions>
          <ns3:TrackPointExtension>
            <ns3:hr>167</ns3:hr>
            <ns3:cad>83</ns3:cad>
          </ns3:TrackPointExtension>
        </extensions>
      </trkpt>
      <trkpt lat="35.75400919653475284576416015625" lon="139.52912424691021442413330078125">
        <ele>54.799999237060546875</ele>
        <time>2026-09-30T22:53:37.000Z</time>
        <extensions>
          <ns3:TrackPointExtension>
            <ns3:hr>167</ns3:hr>
            <ns3:cad>83</ns3:cad>
          </ns3:TrackPointExtension>
        </extensions>
      </trkpt>
      <trkpt lat="35.754005424678325653076171875" lon="139.52910262160003185272216796875">
        <ele>54.799999237060546875</ele>
        <time>2026-09-30T22:53:38.000Z</time>
        <extensions>
          <ns3:TrackPointExtension>
            <ns3:hr>168</ns3:hr>
            <ns3:cad>82</ns3:cad>
          </ns3:TrackPointExtension>
        </extensions>
      </trkpt>
      <trkpt lat="35.7540008984506130218505859375" lon="139.52908485196530818939208984375">
        <ele>55</ele>
        <time>2026-09-30T22:53:39.000Z</time>
        <extensions>
          <ns3:TrackPointExtension>
            <ns3:hr>168</ns3:hr>
            <ns3:cad>81</ns3:cad>
          </ns3:TrackPointExtension>
        </extensions>
      </trkpt>
      <trkpt lat="35.75399410910904407501220703125" lon="139.52907261438667774200439453125">
        <ele>55.200000762939453125</ele>
        <time>2026-09-30T22:53:40.000Z</time>
        <extensions>
          <ns3:TrackPointExtension>
            <ns3:hr>168</ns3:hr>
            <ns3:cad>81</ns3:cad>
          </ns3:TrackPointExtension>
        </extensions>
      </trkpt>
      <trkpt lat="35.75397960841655731201171875" lon="139.52906674705445766448974609375">
        <ele>55.59999847412109375</ele>
        <time>2026-09-30T22:53:41.000Z</time>
        <extensions>
          <ns3:TrackPointExtension>
            <ns3:hr>168</ns3:hr>
            <ns3:cad>81</ns3:cad>
          </ns3:TrackPointExtension>
        </extensions>
      </trkpt>
      <trkpt lat="35.753961838781833648681640625" lon="139.529066495597362518310546875">
        <ele>55.59999847412109375</ele>
        <time>2026-09-30T22:53:42.000Z</time>
        <extensions>
          <ns3:TrackPointExtension>
            <ns3:hr>168</ns3:hr>
            <ns3:cad>80</ns3:cad>
          </ns3:TrackPointExtension>
        </extensions>
      </trkpt>
      <trkpt lat="35.75394700281322002410888671875" lon="139.52906548976898193359375">
        <ele>55.59999847412109375</ele>
        <time>2026-09-30T22:53:43.000Z</time>
        <extensions>
          <ns3:TrackPointExtension>
            <ns3:hr>168</ns3:hr>
            <ns3:cad>80</ns3:cad>
          </ns3:TrackPointExtension>
        </extensions>
      </trkpt>
      <trkpt lat="35.7539264671504497528076171875" lon="139.5290669985115528106689453125">
        <ele>55.59999847412109375</ele>
        <time>2026-09-30T22:53:44.000Z</time>
        <extensions>
          <ns3:TrackPointExtension>
            <ns3:hr>168</ns3:hr>
            <ns3:cad>80</ns3:cad>
          </ns3:TrackPointExtension>
        </extensions>
      </trkpt>
      <trkpt lat="35.75392085127532482147216796875" lon="139.5290669985115528106689453125">
        <ele>55.59999847412109375</ele>
        <time>2026-09-30T22:53:45.000Z</time>
        <extensions>
          <ns3:TrackPointExtension>
            <ns3:hr>168</ns3:hr>
            <ns3:cad>80</ns3:cad>
          </ns3:TrackPointExtension>
        </extensions>
      </trkpt>
      <trkpt lat="35.753917582333087921142578125" lon="139.5290643163025379180908203125">
        <ele>55.59999847412109375</ele>
        <time>2026-09-30T22:53:46.000Z</time>
        <extensions>
          <ns3:TrackPointExtension>
            <ns3:hr>168</ns3:hr>
            <ns3:cad>80</ns3:cad>
          </ns3:TrackPointExtension>
        </extensions>
      </trkpt>
      <trkpt lat="35.7539060153067111968994140625" lon="139.5290716923773288726806640625">
        <ele>55.59999847412109375</ele>
        <time>2026-09-30T22:53:47.000Z</time>
        <extensions>
          <ns3:TrackPointExtension>
            <ns3:hr>168</ns3:hr>
            <ns3:cad>81</ns3:cad>
          </ns3:TrackPointExtension>
        </extensions>
      </trkpt>
      <trkpt lat="35.75389872305095195770263671875" lon="139.52908334322273731231689453125">
        <ele>55.59999847412109375</ele>
        <time>2026-09-30T22:53:48.000Z</time>
        <extensions>
          <ns3:TrackPointExtension>
            <ns3:hr>167</ns3:hr>
            <ns3:cad>81</ns3:cad>
          </ns3:TrackPointExtension>
        </extensions>
      </trkpt>
      <trkpt lat="35.7539066858589649200439453125" lon="139.529095329344272613525390625">
        <ele>55.59999847412109375</ele>
        <time>2026-09-30T22:53:49.000Z</time>
        <extensions>
          <ns3:TrackPointExtension>
            <ns3:hr>167</ns3:hr>
            <ns3:cad>80</ns3:cad>
          </ns3:TrackPointExtension>
        </extensions>
      </trkpt>
      <trkpt lat="35.7539137266576290130615234375" lon="139.529111422598361968994140625">
        <ele>55.59999847412109375</ele>
        <time>2026-09-30T22:53:50.000Z</time>
        <extensions>
          <ns3:TrackPointExtension>
            <ns3:hr>167</ns3:hr>
            <ns3:cad>80</ns3:cad>
          </ns3:TrackPointExtension>
        </extensions>
      </trkpt>
      <trkpt lat="35.753925628960132598876953125" lon="139.52913665212690830230712890625">
        <ele>55.40000152587890625</ele>
        <time>2026-09-30T22:53:51.000Z</time>
        <extensions>
          <ns3:TrackPointExtension>
            <ns3:hr>167</ns3:hr>
            <ns3:cad>80</ns3:cad>
          </ns3:TrackPointExtension>
        </extensions>
      </trkpt>
      <trkpt lat="35.75394742190837860107421875" lon="139.529157020151615142822265625">
        <ele>55.200000762939453125</ele>
        <time>2026-09-30T22:53:52.000Z</time>
        <extensions>
          <ns3:TrackPointExtension>
            <ns3:hr>167</ns3:hr>
            <ns3:cad>80</ns3:cad>
          </ns3:TrackPointExtension>
        </extensions>
      </trkpt>
      <trkpt lat="35.753957815468311309814453125" lon="139.52917587943375110626220703125">
        <ele>55</ele>
        <time>2026-09-30T22:53:53.000Z</time>
        <extensions>
          <ns3:TrackPointExtension>
            <ns3:hr>166</ns3:hr>
            <ns3:cad>80</ns3:cad>
          </ns3:TrackPointExtension>
        </extensions>
      </trkpt>
      <trkpt lat="35.7539677061140537261962890625" lon="139.52919163741171360015869140625">
        <ele>55</ele>
        <time>2026-09-30T22:53:54.000Z</time>
        <extensions>
          <ns3:TrackPointExtension>
            <ns3:hr>166</ns3:hr>
            <ns3:cad>80</ns3:cad>
          </ns3:TrackPointExtension>
        </extensions>
      </trkpt>
      <trkpt lat="35.753964520990848541259765625" lon="139.52921343035995960235595703125">
        <ele>54.799999237060546875</ele>
        <time>2026-09-30T22:53:55.000Z</time>
        <extensions>
          <ns3:TrackPointExtension>
            <ns3:hr>166</ns3:hr>
            <ns3:cad>80</ns3:cad>
          </ns3:TrackPointExtension>
        </extensions>
      </trkpt>
      <trkpt lat="35.753961168229579925537109375" lon="139.52923907898366451263427734375">
        <ele>54.799999237060546875</ele>
        <time>2026-09-30T22:53:56.000Z</time>
        <extensions>
          <ns3:TrackPointExtension>
            <ns3:hr>166</ns3:hr>
            <ns3:cad>80</ns3:cad>
          </ns3:TrackPointExtension>
        </extensions>
      </trkpt>
      <trkpt lat="35.7539616711437702178955078125" lon="139.52926523052155971527099609375">
        <ele>54.799999237060546875</ele>
        <time>2026-09-30T22:53:57.000Z</time>
        <extensions>
          <ns3:TrackPointExtension>
            <ns3:hr>166</ns3:hr>
            <ns3:cad>80</ns3:cad>
          </ns3:TrackPointExtension>
        </extensions>
      </trkpt>
      <trkpt lat="35.7539655268192291259765625" lon="139.52929020859301090240478515625">
        <ele>54.799999237060546875</ele>
        <time>2026-09-30T22:53:58.000Z</time>
        <extensions>
          <ns3:TrackPointExtension>
            <ns3:hr>166</ns3:hr>
            <ns3:cad>80</ns3:cad>
          </ns3:TrackPointExtension>
        </extensions>
      </trkpt>
      <trkpt lat="35.753967873752117156982421875" lon="139.52931216917932033538818359375">
        <ele>54.59999847412109375</ele>
        <time>2026-09-30T22:53:59.000Z</time>
        <extensions>
          <ns3:TrackPointExtension>
            <ns3:hr>166</ns3:hr>
            <ns3:cad>80</ns3:cad>
          </ns3:TrackPointExtension>
        </extensions>
      </trkpt>
      <trkpt lat="35.753971897065639495849609375" lon="139.52932977117598056793212890625">
        <ele>54.40000152587890625</ele>
        <time>2026-09-30T22:54:00.000Z</time>
        <extensions>
          <ns3:TrackPointExtension>
            <ns3:hr>166</ns3:hr>
            <ns3:cad>80</ns3:cad>
          </ns3:TrackPointExtension>
        </extensions>
      </trkpt>
      <trkpt lat="35.75397734530270099639892578125" lon="139.5293482951819896697998046875">
        <ele>54.40000152587890625</ele>
        <time>2026-09-30T22:54:01.000Z</time>
        <extensions>
          <ns3:TrackPointExtension>
            <ns3:hr>166</ns3:hr>
            <ns3:cad>80</ns3:cad>
          </ns3:TrackPointExtension>
        </extensions>
      </trkpt>
      <trkpt lat="35.75398220680654048919677734375" lon="139.529369585216045379638671875">
        <ele>54.200000762939453125</ele>
        <time>2026-09-30T22:54:02.000Z</time>
        <extensions>
          <ns3:TrackPointExtension>
            <ns3:hr>166</ns3:hr>
            <ns3:cad>81</ns3:cad>
          </ns3:TrackPointExtension>
        </extensions>
      </trkpt>
      <trkpt lat="35.75398488901555538177490234375" lon="139.52939531765878200531005859375">
        <ele>54.200000762939453125</ele>
        <time>2026-09-30T22:54:03.000Z</time>
        <extensions>
          <ns3:TrackPointExtension>
            <ns3:hr>165</ns3:hr>
            <ns3:cad>81</ns3:cad>
          </ns3:TrackPointExtension>
        </extensions>
      </trkpt>
      <trkpt lat="35.75399243272840976715087890625" lon="139.52941945753991603851318359375">
        <ele>54.200000762939453125</ele>
        <time>2026-09-30T22:54:04.000Z</time>
        <extensions>
          <ns3:TrackPointExtension>
            <ns3:hr>164</ns3:hr>
            <ns3:cad>82</ns3:cad>
          </ns3:TrackPointExtension>
        </extensions>
      </trkpt>
      <trkpt lat="35.75399779714643955230712890625" lon="139.52944435179233551025390625">
        <ele>54</ele>
        <time>2026-09-30T22:54:05.000Z</time>
        <extensions>
          <ns3:TrackPointExtension>
            <ns3:hr>164</ns3:hr>
            <ns3:cad>82</ns3:cad>
          </ns3:TrackPointExtension>
        </extensions>
      </trkpt>
      <trkpt lat="35.7540096156299114227294921875" lon="139.5294686593115329742431640625">
        <ele>54</ele>
        <time>2026-09-30T22:54:06.000Z</time>
        <extensions>
          <ns3:TrackPointExtension>
            <ns3:hr>163</ns3:hr>
            <ns3:cad>82</ns3:cad>
          </ns3:TrackPointExtension>
        </extensions>
      </trkpt>
      <trkpt lat="35.7540082745254039764404296875" lon="139.52949036844074726104736328125">
        <ele>54</ele>
        <time>2026-09-30T22:54:07.000Z</time>
        <extensions>
          <ns3:TrackPointExtension>
            <ns3:hr>163</ns3:hr>
            <ns3:cad>82</ns3:cad>
          </ns3:TrackPointExtension>
        </extensions>
      </trkpt>
      <trkpt lat="35.75401439331471920013427734375" lon="139.52950579114258289337158203125">
        <ele>54</ele>
        <time>2026-09-30T22:54:08.000Z</time>
        <extensions>
          <ns3:TrackPointExtension>
            <ns3:hr>162</ns3:hr>
            <ns3:cad>82</ns3:cad>
          </ns3:TrackPointExtension>
        </extensions>
      </trkpt>
      <trkpt lat="35.75401984155178070068359375" lon="139.52952372841536998748779296875">
        <ele>54</ele>
        <time>2026-09-30T22:54:09.000Z</time>
        <extensions>
          <ns3:TrackPointExtension>
            <ns3:hr>162</ns3:hr>
            <ns3:cad>82</ns3:cad>
          </ns3:TrackPointExtension>
        </extensions>
      </trkpt>
      <trkpt lat="35.754026882350444793701171875" lon="139.52954225242137908935546875">
        <ele>54</ele>
        <time>2026-09-30T22:54:10.000Z</time>
        <extensions>
          <ns3:TrackPointExtension>
            <ns3:hr>162</ns3:hr>
            <ns3:cad>81</ns3:cad>
          </ns3:TrackPointExtension>
        </extensions>
      </trkpt>
      <trkpt lat="35.7540334202349185943603515625" lon="139.52956111170351505279541015625">
        <ele>54</ele>
        <time>2026-09-30T22:54:11.000Z</time>
        <extensions>
          <ns3:TrackPointExtension>
            <ns3:hr>161</ns3:hr>
            <ns3:cad>80</ns3:cad>
          </ns3:TrackPointExtension>
        </extensions>
      </trkpt>
      <trkpt lat="35.75403735972940921783447265625" lon="139.52958047389984130859375">
        <ele>53.799999237060546875</ele>
        <time>2026-09-30T22:54:12.000Z</time>
        <extensions>
          <ns3:TrackPointExtension>
            <ns3:hr>161</ns3:hr>
            <ns3:cad>80</ns3:cad>
          </ns3:TrackPointExtension>
        </extensions>
      </trkpt>
      <trkpt lat="35.75404532253742218017578125" lon="139.5295987464487552642822265625">
        <ele>53.799999237060546875</ele>
        <time>2026-09-30T22:54:13.000Z</time>
        <extensions>
          <ns3:TrackPointExtension>
            <ns3:hr>160</ns3:hr>
            <ns3:cad>80</ns3:cad>
          </ns3:TrackPointExtension>
        </extensions>
      </trkpt>
      <trkpt lat="35.754052698612213134765625" lon="139.52961609698832035064697265625">
        <ele>53.799999237060546875</ele>
        <time>2026-09-30T22:54:14.000Z</time>
        <extensions>
          <ns3:TrackPointExtension>
            <ns3:hr>159</ns3:hr>
            <ns3:cad>80</ns3:cad>
          </ns3:TrackPointExtension>
        </extensions>
      </trkpt>
      <trkpt lat="35.75405915267765522003173828125" lon="139.52963478863239288330078125">
        <ele>53.799999237060546875</ele>
        <time>2026-09-30T22:54:15.000Z</time>
        <extensions>
          <ns3:TrackPointExtension>
            <ns3:hr>159</ns3:hr>
            <ns3:cad>80</ns3:cad>
          </ns3:TrackPointExtension>
        </extensions>
      </trkpt>
      <trkpt lat="35.75406946241855621337890625" lon="139.52965356409549713134765625">
        <ele>53.799999237060546875</ele>
        <time>2026-09-30T22:54:16.000Z</time>
        <extensions>
          <ns3:TrackPointExtension>
            <ns3:hr>159</ns3:hr>
            <ns3:cad>80</ns3:cad>
          </ns3:TrackPointExtension>
        </extensions>
      </trkpt>
      <trkpt lat="35.7540780119597911834716796875" lon="139.52967359684407711029052734375">
        <ele>53.799999237060546875</ele>
        <time>2026-09-30T22:54:17.000Z</time>
        <extensions>
          <ns3:TrackPointExtension>
            <ns3:hr>158</ns3:hr>
            <ns3:cad>80</ns3:cad>
          </ns3:TrackPointExtension>
        </extensions>
      </trkpt>
      <trkpt lat="35.7540843822062015533447265625" lon="139.529693461954593658447265625">
        <ele>53.799999237060546875</ele>
        <time>2026-09-30T22:54:18.000Z</time>
        <extensions>
          <ns3:TrackPointExtension>
            <ns3:hr>158</ns3:hr>
            <ns3:cad>80</ns3:cad>
          </ns3:TrackPointExtension>
        </extensions>
      </trkpt>
      <trkpt lat="35.7540910877287387847900390625" lon="139.5297120697796344757080078125">
        <ele>53.799999237060546875</ele>
        <time>2026-09-30T22:54:19.000Z</time>
        <extensions>
          <ns3:TrackPointExtension>
            <ns3:hr>157</ns3:hr>
            <ns3:cad>81</ns3:cad>
          </ns3:TrackPointExtension>
        </extensions>
      </trkpt>
      <trkpt lat="35.7540971226990222930908203125" lon="139.52973109669983386993408203125">
        <ele>53.799999237060546875</ele>
        <time>2026-09-30T22:54:20.000Z</time>
        <extensions>
          <ns3:TrackPointExtension>
            <ns3:hr>157</ns3:hr>
            <ns3:cad>81</ns3:cad>
          </ns3:TrackPointExtension>
        </extensions>
      </trkpt>
      <trkpt lat="35.75410575605928897857666015625" lon="139.529751129448413848876953125">
        <ele>53.799999237060546875</ele>
        <time>2026-09-30T22:54:21.000Z</time>
        <extensions>
          <ns3:TrackPointExtension>
            <ns3:hr>156</ns3:hr>
            <ns3:cad>81</ns3:cad>
          </ns3:TrackPointExtension>
        </extensions>
      </trkpt>
      <trkpt lat="35.75411497615277767181396484375" lon="139.52977233566343784332275390625">
        <ele>53.799999237060546875</ele>
        <time>2026-09-30T22:54:22.000Z</time>
        <extensions>
          <ns3:TrackPointExtension>
            <ns3:hr>156</ns3:hr>
            <ns3:cad>81</ns3:cad>
          </ns3:TrackPointExtension>
        </extensions>
      </trkpt>
      <trkpt lat="35.7541232742369174957275390625" lon="139.5297932066023349761962890625">
        <ele>53.799999237060546875</ele>
        <time>2026-09-30T22:54:23.000Z</time>
        <extensions>
          <ns3:TrackPointExtension>
            <ns3:hr>155</ns3:hr>
            <ns3:cad>80</ns3:cad>
          </ns3:TrackPointExtension>
        </extensions>
      </trkpt>
      <trkpt lat="35.7541293092072010040283203125" lon="139.52981256879866123199462890625">
        <ele>53.799999237060546875</ele>
        <time>2026-09-30T22:54:24.000Z</time>
        <extensions>
          <ns3:TrackPointExtension>
            <ns3:hr>154</ns3:hr>
            <ns3:cad>80</ns3:cad>
          </ns3:TrackPointExtension>
        </extensions>
      </trkpt>
      <trkpt lat="35.75413173995912075042724609375" lon="139.52983318828046321868896484375">
        <ele>54</ele>
        <time>2026-09-30T22:54:25.000Z</time>
        <extensions>
          <ns3:TrackPointExtension>
            <ns3:hr>154</ns3:hr>
            <ns3:cad>80</ns3:cad>
          </ns3:TrackPointExtension>
        </extensions>
      </trkpt>
      <trkpt lat="35.75413526035845279693603515625" lon="139.5298579148948192596435546875">
        <ele>54</ele>
        <time>2026-09-30T22:54:26.000Z</time>
        <extensions>
          <ns3:TrackPointExtension>
            <ns3:hr>154</ns3:hr>
            <ns3:cad>80</ns3:cad>
          </ns3:TrackPointExtension>
        </extensions>
      </trkpt>
      <trkpt lat="35.75413844548165798187255859375" lon="139.52988331206142902374267578125">
        <ele>54</ele>
        <time>2026-09-30T22:54:27.000Z</time>
        <extensions>
          <ns3:TrackPointExtension>
            <ns3:hr>154</ns3:hr>
            <ns3:cad>81</ns3:cad>
          </ns3:TrackPointExtension>
        </extensions>
      </trkpt>
      <trkpt lat="35.7541433908045291900634765625" lon="139.52990778721868991851806640625">
        <ele>54</ele>
        <time>2026-09-30T22:54:28.000Z</time>
        <extensions>
          <ns3:TrackPointExtension>
            <ns3:hr>154</ns3:hr>
            <ns3:cad>82</ns3:cad>
          </ns3:TrackPointExtension>
        </extensions>
      </trkpt>
      <trkpt lat="35.7541527785360813140869140625" lon="139.52992958016693592071533203125">
        <ele>54</ele>
        <time>2026-09-30T22:54:29.000Z</time>
        <extensions>
          <ns3:TrackPointExtension>
            <ns3:hr>153</ns3:hr>
            <ns3:cad>83</ns3:cad>
          </ns3:TrackPointExtension>
        </extensions>
      </trkpt>
      <trkpt lat="35.75416333973407745361328125" lon="139.52995204366743564605712890625">
        <ele>54</ele>
        <time>2026-09-30T22:54:30.000Z</time>
        <extensions>
          <ns3:TrackPointExtension>
            <ns3:hr>153</ns3:hr>
            <ns3:cad>84</ns3:cad>
          </ns3:TrackPointExtension>
        </extensions>
      </trkpt>
      <trkpt lat="35.75417147018015384674072265625" lon="139.52997274696826934814453125">
        <ele>54</ele>
        <time>2026-09-30T22:54:31.000Z</time>
        <extensions>
          <ns3:TrackPointExtension>
            <ns3:hr>153</ns3:hr>
            <ns3:cad>84</ns3:cad>
          </ns3:TrackPointExtension>
        </extensions>
      </trkpt>
      <trkpt lat="35.75417968444526195526123046875" lon="139.5299937017261981964111328125">
        <ele>53.799999237060546875</ele>
        <time>2026-09-30T22:54:32.000Z</time>
        <extensions>
          <ns3:TrackPointExtension>
            <ns3:hr>152</ns3:hr>
            <ns3:cad>84</ns3:cad>
          </ns3:TrackPointExtension>
        </extensions>
      </trkpt>
      <trkpt lat="35.75418370775878429412841796875" lon="139.53001960180699825286865234375">
        <ele>53.799999237060546875</ele>
        <time>2026-09-30T22:54:33.000Z</time>
        <extensions>
          <ns3:TrackPointExtension>
            <ns3:hr>151</ns3:hr>
            <ns3:cad>83</ns3:cad>
          </ns3:TrackPointExtension>
        </extensions>
      </trkpt>
      <trkpt lat="35.75418387539684772491455078125" lon="139.530043490231037139892578125">
        <ele>53.799999237060546875</ele>
        <time>2026-09-30T22:54:34.000Z</time>
        <extensions>
          <ns3:TrackPointExtension>
            <ns3:hr>151</ns3:hr>
            <ns3:cad>83</ns3:cad>
          </ns3:TrackPointExtension>
        </extensions>
      </trkpt>
      <trkpt lat="35.75418655760586261749267578125" lon="139.530063606798648834228515625">
        <ele>53.799999237060546875</ele>
        <time>2026-09-30T22:54:35.000Z</time>
        <extensions>
          <ns3:TrackPointExtension>
            <ns3:hr>150</ns3:hr>
            <ns3:cad>83</ns3:cad>
          </ns3:TrackPointExtension>
        </extensions>
      </trkpt>
      <trkpt lat="35.754199884831905364990234375" lon="139.53008146025240421295166015625">
        <ele>53.59999847412109375</ele>
        <time>2026-09-30T22:54:36.000Z</time>
        <extensions>
          <ns3:TrackPointExtension>
            <ns3:hr>150</ns3:hr>
            <ns3:cad>83</ns3:cad>
          </ns3:TrackPointExtension>
        </extensions>
      </trkpt>
      <trkpt lat="35.7542141340672969818115234375" lon="139.530100487172603607177734375">
        <ele>53.59999847412109375</ele>
        <time>2026-09-30T22:54:37.000Z</time>
        <extensions>
          <ns3:TrackPointExtension>
            <ns3:hr>149</ns3:hr>
            <ns3:cad>83</ns3:cad>
          </ns3:TrackPointExtension>
        </extensions>
      </trkpt>
      <trkpt lat="35.754224024713039398193359375" lon="139.53012253157794475555419921875">
        <ele>53.59999847412109375</ele>
        <time>2026-09-30T22:54:38.000Z</time>
        <extensions>
          <ns3:TrackPointExtension>
            <ns3:hr>149</ns3:hr>
            <ns3:cad>83</ns3:cad>
          </ns3:TrackPointExtension>
        </extensions>
      </trkpt>
      <trkpt lat="35.75423450209200382232666015625" lon="139.5301432348787784576416015625">
        <ele>53.59999847412109375</ele>
        <time>2026-09-30T22:54:39.000Z</time>
        <extensions>
          <ns3:TrackPointExtension>
            <ns3:hr>149</ns3:hr>
            <ns3:cad>83</ns3:cad>
          </ns3:TrackPointExtension>
        </extensions>
      </trkpt>
      <trkpt lat="35.754245482385158538818359375" lon="139.530164860188961029052734375">
        <ele>53.59999847412109375</ele>
        <time>2026-09-30T22:54:40.000Z</time>
        <extensions>
          <ns3:TrackPointExtension>
            <ns3:hr>149</ns3:hr>
            <ns3:cad>83</ns3:cad>
          </ns3:TrackPointExtension>
        </extensions>
      </trkpt>
      <trkpt lat="35.754252187907695770263671875" lon="139.53018958680331707000732421875">
        <ele>53.59999847412109375</ele>
        <time>2026-09-30T22:54:41.000Z</time>
        <extensions>
          <ns3:TrackPointExtension>
            <ns3:hr>149</ns3:hr>
            <ns3:cad>83</ns3:cad>
          </ns3:TrackPointExtension>
        </extensions>
      </trkpt>
      <trkpt lat="35.75425914488732814788818359375" lon="139.530213139951229095458984375">
        <ele>53.59999847412109375</ele>
        <time>2026-09-30T22:54:42.000Z</time>
        <extensions>
          <ns3:TrackPointExtension>
            <ns3:hr>149</ns3:hr>
            <ns3:cad>83</ns3:cad>
          </ns3:TrackPointExtension>
        </extensions>
      </trkpt>
      <trkpt lat="35.75426752679049968719482421875" lon="139.53023518435657024383544921875">
        <ele>53.59999847412109375</ele>
        <time>2026-09-30T22:54:43.000Z</time>
        <extensions>
          <ns3:TrackPointExtension>
            <ns3:hr>149</ns3:hr>
            <ns3:cad>83</ns3:cad>
          </ns3:TrackPointExtension>
        </extensions>
      </trkpt>
      <trkpt lat="35.75427792035043239593505859375" lon="139.5302575640380382537841796875">
        <ele>53.59999847412109375</ele>
        <time>2026-09-30T22:54:44.000Z</time>
        <extensions>
          <ns3:TrackPointExtension>
            <ns3:hr>149</ns3:hr>
            <ns3:cad>84</ns3:cad>
          </ns3:TrackPointExtension>
        </extensions>
      </trkpt>
      <trkpt lat="35.75428646989166736602783203125" lon="139.5302853919565677642822265625">
        <ele>53.59999847412109375</ele>
        <time>2026-09-30T22:54:45.000Z</time>
        <extensions>
          <ns3:TrackPointExtension>
            <ns3:hr>149</ns3:hr>
            <ns3:cad>84</ns3:cad>
          </ns3:TrackPointExtension>
        </extensions>
      </trkpt>
      <trkpt lat="35.75430390425026416778564453125" lon="139.5303085260093212127685546875">
        <ele>53.40000152587890625</ele>
        <time>2026-09-30T22:54:46.000Z</time>
        <extensions>
          <ns3:TrackPointExtension>
            <ns3:hr>150</ns3:hr>
            <ns3:cad>84</ns3:cad>
          </ns3:TrackPointExtension>
        </extensions>
      </trkpt>
      <trkpt lat="35.75432636775076389312744140625" lon="139.53032973222434520721435546875">
        <ele>53.40000152587890625</ele>
        <time>2026-09-30T22:54:47.000Z</time>
        <extensions>
          <ns3:TrackPointExtension>
            <ns3:hr>150</ns3:hr>
            <ns3:cad>84</ns3:cad>
          </ns3:TrackPointExtension>
        </extensions>
      </trkpt>
      <trkpt lat="35.75434514321386814117431640625" lon="139.53035169281065464019775390625">
        <ele>53.40000152587890625</ele>
        <time>2026-09-30T22:54:48.000Z</time>
        <extensions>
          <ns3:TrackPointExtension>
            <ns3:hr>150</ns3:hr>
            <ns3:cad>84</ns3:cad>
          </ns3:TrackPointExtension>
        </extensions>
      </trkpt>
      <trkpt lat="35.75435671024024486541748046875" lon="139.53037667088210582733154296875">
        <ele>53.200000762939453125</ele>
        <time>2026-09-30T22:54:49.000Z</time>
        <extensions>
          <ns3:TrackPointExtension>
            <ns3:hr>150</ns3:hr>
            <ns3:cad>84</ns3:cad>
          </ns3:TrackPointExtension>
        </extensions>
      </trkpt>
      <trkpt lat="35.754370875656604766845703125" lon="139.53039863146841526031494140625">
        <ele>53.200000762939453125</ele>
        <time>2026-09-30T22:54:50.000Z</time>
        <extensions>
          <ns3:TrackPointExtension>
            <ns3:hr>150</ns3:hr>
            <ns3:cad>84</ns3:cad>
          </ns3:TrackPointExtension>
        </extensions>
      </trkpt>
      <trkpt lat="35.7543824426829814910888671875" lon="139.53041790984570980072021484375">
        <ele>53.200000762939453125</ele>
        <time>2026-09-30T22:54:51.000Z</time>
        <extensions>
          <ns3:TrackPointExtension>
            <ns3:hr>150</ns3:hr>
            <ns3:cad>86</ns3:cad>
          </ns3:TrackPointExtension>
        </extensions>
      </trkpt>
      <trkpt lat="35.75438596308231353759765625" lon="139.53043433837592601776123046875">
        <ele>53.200000762939453125</ele>
        <time>2026-09-30T22:54:52.000Z</time>
        <extensions>
          <ns3:TrackPointExtension>
            <ns3:hr>150</ns3:hr>
            <ns3:cad>86</ns3:cad>
          </ns3:TrackPointExtension>
        </extensions>
      </trkpt>
      <trkpt lat="35.75439157895743846893310546875" lon="139.53044590540230274200439453125">
        <ele>53.200000762939453125</ele>
        <time>2026-09-30T22:54:53.000Z</time>
        <extensions>
          <ns3:TrackPointExtension>
            <ns3:hr>150</ns3:hr>
            <ns3:cad>86</ns3:cad>
          </ns3:TrackPointExtension>
        </extensions>
      </trkpt>
      <trkpt lat="35.75440163724124431610107421875" lon="139.5304597355425357818603515625">
        <ele>53.200000762939453125</ele>
        <time>2026-09-30T22:54:54.000Z</time>
        <extensions>
          <ns3:TrackPointExtension>
            <ns3:hr>150</ns3:hr>
            <ns3:cad>86</ns3:cad>
          </ns3:TrackPointExtension>
        </extensions>
      </trkpt>
      <trkpt lat="35.75441504828631877899169921875" lon="139.53047155402600765228271484375">
        <ele>53.200000762939453125</ele>
        <time>2026-09-30T22:54:55.000Z</time>
        <extensions>
          <ns3:TrackPointExtension>
            <ns3:hr>150</ns3:hr>
            <ns3:cad>86</ns3:cad>
          </ns3:TrackPointExtension>
        </extensions>
      </trkpt>
      <trkpt lat="35.75442862696945667266845703125" lon="139.5304858870804309844970703125">
        <ele>53.200000762939453125</ele>
        <time>2026-09-30T22:54:56.000Z</time>
        <extensions>
          <ns3:TrackPointExtension>
            <ns3:hr>151</ns3:hr>
            <ns3:cad>86</ns3:cad>
          </ns3:TrackPointExtension>
        </extensions>
      </trkpt>
      <trkpt lat="35.75443767942488193511962890625" lon="139.5305006392300128936767578125">
        <ele>53.200000762939453125</ele>
        <time>2026-09-30T22:54:57.000Z</time>
        <extensions>
          <ns3:TrackPointExtension>
            <ns3:hr>151</ns3:hr>
            <ns3:cad>86</ns3:cad>
          </ns3:TrackPointExtension>
        </extensions>
      </trkpt>
      <trkpt lat="35.75444505549967288970947265625" lon="139.53051815740764141082763671875">
        <ele>53.200000762939453125</ele>
        <time>2026-09-30T22:54:58.000Z</time>
        <extensions>
          <ns3:TrackPointExtension>
            <ns3:hr>151</ns3:hr>
            <ns3:cad>85</ns3:cad>
          </ns3:TrackPointExtension>
        </extensions>
      </trkpt>
      <trkpt lat="35.75445762835443019866943359375" lon="139.5305365137755870819091796875">
        <ele>53.200000762939453125</ele>
        <time>2026-09-30T22:54:59.000Z</time>
        <extensions>
          <ns3:TrackPointExtension>
            <ns3:hr>151</ns3:hr>
            <ns3:cad>85</ns3:cad>
          </ns3:TrackPointExtension>
        </extensions>
      </trkpt>
      <trkpt lat="35.7544733025133609771728515625" lon="139.53055805526673793792724609375">
        <ele>53.200000762939453125</ele>
        <time>2026-09-30T22:55:00.000Z</time>
        <extensions>
          <ns3:TrackPointExtension>
            <ns3:hr>151</ns3:hr>
            <ns3:cad>85</ns3:cad>
          </ns3:TrackPointExtension>
        </extensions>
      </trkpt>
      <trkpt lat="35.75448713265359401702880859375" lon="139.5305790938436985015869140625">
        <ele>53.200000762939453125</ele>
        <time>2026-09-30T22:55:01.000Z</time>
        <extensions>
          <ns3:TrackPointExtension>
            <ns3:hr>151</ns3:hr>
            <ns3:cad>84</ns3:cad>
          </ns3:TrackPointExtension>
        </extensions>
      </trkpt>
      <trkpt lat="35.7544939219951629638671875" lon="139.5305978693068027496337890625">
        <ele>53.200000762939453125</ele>
        <time>2026-09-30T22:55:02.000Z</time>
        <extensions>
          <ns3:TrackPointExtension>
            <ns3:hr>151</ns3:hr>
            <ns3:cad>84</ns3:cad>
          </ns3:TrackPointExtension>
        </extensions>
      </trkpt>
      <trkpt lat="35.7545046508312225341796875" lon="139.53061580657958984375">
        <ele>53.200000762939453125</ele>
        <time>2026-09-30T22:55:03.000Z</time>
        <extensions>
          <ns3:TrackPointExtension>
            <ns3:hr>151</ns3:hr>
            <ns3:cad>84</ns3:cad>
          </ns3:TrackPointExtension>
        </extensions>
      </trkpt>
      <trkpt lat="35.7545135356485843658447265625" lon="139.53062997199594974517822265625">
        <ele>53.200000762939453125</ele>
        <time>2026-09-30T22:55:04.000Z</time>
        <extensions>
          <ns3:TrackPointExtension>
            <ns3:hr>151</ns3:hr>
            <ns3:cad>84</ns3:cad>
          </ns3:TrackPointExtension>
        </extensions>
      </trkpt>
      <trkpt lat="35.75452501885592937469482421875" lon="139.5306458137929439544677734375">
        <ele>53.200000762939453125</ele>
        <time>2026-09-30T22:55:05.000Z</time>
        <extensions>
          <ns3:TrackPointExtension>
            <ns3:hr>151</ns3:hr>
            <ns3:cad>82</ns3:cad>
          </ns3:TrackPointExtension>
        </extensions>
      </trkpt>
      <trkpt lat="35.75453490950167179107666015625" lon="139.530662409961223602294921875">
        <ele>53.200000762939453125</ele>
        <time>2026-09-30T22:55:06.000Z</time>
        <extensions>
          <ns3:TrackPointExtension>
            <ns3:hr>151</ns3:hr>
            <ns3:cad>82</ns3:cad>
          </ns3:TrackPointExtension>
        </extensions>
      </trkpt>
      <trkpt lat="35.7545477338135242462158203125" lon="139.5306793414056301116943359375">
        <ele>53</ele>
        <time>2026-09-30T22:55:07.000Z</time>
        <extensions>
          <ns3:TrackPointExtension>
            <ns3:hr>151</ns3:hr>
            <ns3:cad>82</ns3:cad>
          </ns3:TrackPointExtension>
        </extensions>
      </trkpt>
      <trkpt lat="35.75455469079315662384033203125" lon="139.5306971110403537750244140625">
        <ele>53</ele>
        <time>2026-09-30T22:55:08.000Z</time>
        <extensions>
          <ns3:TrackPointExtension>
            <ns3:hr>152</ns3:hr>
            <ns3:cad>82</ns3:cad>
          </ns3:TrackPointExtension>
        </extensions>
      </trkpt>
      <trkpt lat="35.75455938465893268585205078125" lon="139.5307168923318386077880859375">
        <ele>53</ele>
        <time>2026-09-30T22:55:09.000Z</time>
        <extensions>
          <ns3:TrackPointExtension>
            <ns3:hr>152</ns3:hr>
            <ns3:cad>82</ns3:cad>
          </ns3:TrackPointExtension>
        </extensions>
      </trkpt>
      <trkpt lat="35.7545591332018375396728515625" lon="139.53073860146105289459228515625">
        <ele>53</ele>
        <time>2026-09-30T22:55:10.000Z</time>
        <extensions>
          <ns3:TrackPointExtension>
            <ns3:hr>151</ns3:hr>
            <ns3:cad>82</ns3:cad>
          </ns3:TrackPointExtension>
        </extensions>
      </trkpt>
      <trkpt lat="35.75456164777278900146484375" lon="139.5307581312954425811767578125">
        <ele>53</ele>
        <time>2026-09-30T22:55:11.000Z</time>
        <extensions>
          <ns3:TrackPointExtension>
            <ns3:hr>150</ns3:hr>
            <ns3:cad>80</ns3:cad>
          </ns3:TrackPointExtension>
        </extensions>
      </trkpt>
      <trkpt lat="35.75457212515175342559814453125" lon="139.53077615238726139068603515625">
        <ele>53</ele>
        <time>2026-09-30T22:55:12.000Z</time>
        <extensions>
          <ns3:TrackPointExtension>
            <ns3:hr>150</ns3:hr>
            <ns3:cad>80</ns3:cad>
          </ns3:TrackPointExtension>
        </extensions>
      </trkpt>
      <trkpt lat="35.75458922423422336578369140625" lon="139.53078855760395526885986328125">
        <ele>53</ele>
        <time>2026-09-30T22:55:13.000Z</time>
        <extensions>
          <ns3:TrackPointExtension>
            <ns3:hr>150</ns3:hr>
            <ns3:cad>80</ns3:cad>
          </ns3:TrackPointExtension>
        </extensions>
      </trkpt>
      <trkpt lat="35.75460129417479038238525390625" lon="139.53080263920128345489501953125">
        <ele>53</ele>
        <time>2026-09-30T22:55:14.000Z</time>
        <extensions>
          <ns3:TrackPointExtension>
            <ns3:hr>150</ns3:hr>
            <ns3:cad>80</ns3:cad>
          </ns3:TrackPointExtension>
        </extensions>
      </trkpt>
      <trkpt lat="35.754615627229213714599609375" lon="139.5308268629014492034912109375">
        <ele>53</ele>
        <time>2026-09-30T22:55:15.000Z</time>
        <extensions>
          <ns3:TrackPointExtension>
            <ns3:hr>149</ns3:hr>
            <ns3:cad>80</ns3:cad>
          </ns3:TrackPointExtension>
        </extensions>
      </trkpt>
      <trkpt lat="35.75463046319782733917236328125" lon="139.53084069304168224334716796875">
        <ele>53</ele>
        <time>2026-09-30T22:55:16.000Z</time>
        <extensions>
          <ns3:TrackPointExtension>
            <ns3:hr>149</ns3:hr>
            <ns3:cad>81</ns3:cad>
          </ns3:TrackPointExtension>
        </extensions>
      </trkpt>
      <trkpt lat="35.75464018620550632476806640625" lon="139.530862234532833099365234375">
        <ele>53</ele>
        <time>2026-09-30T22:55:17.000Z</time>
        <extensions>
          <ns3:TrackPointExtension>
            <ns3:hr>149</ns3:hr>
            <ns3:cad>81</ns3:cad>
          </ns3:TrackPointExtension>
        </extensions>
      </trkpt>
      <trkpt lat="35.75464705936610698699951171875" lon="139.53088696114718914031982421875">
        <ele>53</ele>
        <time>2026-09-30T22:55:18.000Z</time>
        <extensions>
          <ns3:TrackPointExtension>
            <ns3:hr>149</ns3:hr>
            <ns3:cad>81</ns3:cad>
          </ns3:TrackPointExtension>
        </extensions>
      </trkpt>
      <trkpt lat="35.75465527363121509552001953125" lon="139.53090808354318141937255859375">
        <ele>53</ele>
        <time>2026-09-30T22:55:19.000Z</time>
        <extensions>
          <ns3:TrackPointExtension>
            <ns3:hr>149</ns3:hr>
            <ns3:cad>81</ns3:cad>
          </ns3:TrackPointExtension>
        </extensions>
      </trkpt>
      <trkpt lat="35.7546727918088436126708984375" lon="139.53092937357723712921142578125">
        <ele>53</ele>
        <time>2026-09-30T22:55:20.000Z</time>
        <extensions>
          <ns3:TrackPointExtension>
            <ns3:hr>148</ns3:hr>
            <ns3:cad>81</ns3:cad>
          </ns3:TrackPointExtension>
        </extensions>
      </trkpt>
      <trkpt lat="35.7546858675777912139892578125" lon="139.53094647265970706939697265625">
        <ele>53</ele>
        <time>2026-09-30T22:55:21.000Z</time>
        <extensions>
          <ns3:TrackPointExtension>
            <ns3:hr>148</ns3:hr>
            <ns3:cad>80</ns3:cad>
          </ns3:TrackPointExtension>
        </extensions>
      </trkpt>
      <trkpt lat="35.7546996138989925384521484375" lon="139.53096340410411357879638671875">
        <ele>53</ele>
        <time>2026-09-30T22:55:22.000Z</time>
        <extensions>
          <ns3:TrackPointExtension>
            <ns3:hr>148</ns3:hr>
            <ns3:cad>80</ns3:cad>
          </ns3:TrackPointExtension>
        </extensions>
      </trkpt>
      <trkpt lat="35.75471042655408382415771484375" lon="139.53098234720528125762939453125">
        <ele>53</ele>
        <time>2026-09-30T22:55:23.000Z</time>
        <extensions>
          <ns3:TrackPointExtension>
            <ns3:hr>148</ns3:hr>
            <ns3:cad>80</ns3:cad>
          </ns3:TrackPointExtension>
        </extensions>
      </trkpt>
      <trkpt lat="35.754720233380794525146484375" lon="139.53100363723933696746826171875">
        <ele>53</ele>
        <time>2026-09-30T22:55:24.000Z</time>
        <extensions>
          <ns3:TrackPointExtension>
            <ns3:hr>148</ns3:hr>
            <ns3:cad>81</ns3:cad>
          </ns3:TrackPointExtension>
        </extensions>
      </trkpt>
      <trkpt lat="35.75472802855074405670166015625" lon="139.531029872596263885498046875">
        <ele>53</ele>
        <time>2026-09-30T22:55:25.000Z</time>
        <extensions>
          <ns3:TrackPointExtension>
            <ns3:hr>148</ns3:hr>
            <ns3:cad>81</ns3:cad>
          </ns3:TrackPointExtension>
        </extensions>
      </trkpt>
      <trkpt lat="35.75474211014807224273681640625" lon="139.5310535095632076263427734375">
        <ele>53</ele>
        <time>2026-09-30T22:55:26.000Z</time>
        <extensions>
          <ns3:TrackPointExtension>
            <ns3:hr>147</ns3:hr>
            <ns3:cad>80</ns3:cad>
          </ns3:TrackPointExtension>
        </extensions>
      </trkpt>
      <trkpt lat="35.75476055033504962921142578125" lon="139.53107438050210475921630859375">
        <ele>53</ele>
        <time>2026-09-30T22:55:27.000Z</time>
        <extensions>
          <ns3:TrackPointExtension>
            <ns3:hr>147</ns3:hr>
            <ns3:cad>80</ns3:cad>
          </ns3:TrackPointExtension>
        </extensions>
      </trkpt>
      <trkpt lat="35.75476591475307941436767578125" lon="139.5310945808887481689453125">
        <ele>53</ele>
        <time>2026-09-30T22:55:28.000Z</time>
        <extensions>
          <ns3:TrackPointExtension>
            <ns3:hr>147</ns3:hr>
            <ns3:cad>82</ns3:cad>
          </ns3:TrackPointExtension>
        </extensions>
      </trkpt>
      <trkpt lat="35.7547861151397228240966796875" lon="139.53110354952514171600341796875">
        <ele>53</ele>
        <time>2026-09-30T22:55:29.000Z</time>
        <extensions>
          <ns3:TrackPointExtension>
            <ns3:hr>147</ns3:hr>
            <ns3:cad>83</ns3:cad>
          </ns3:TrackPointExtension>
        </extensions>
      </trkpt>
      <trkpt lat="35.754798687994480133056640625" lon="139.5311172120273113250732421875">
        <ele>53</ele>
        <time>2026-09-30T22:55:30.000Z</time>
        <extensions>
          <ns3:TrackPointExtension>
            <ns3:hr>148</ns3:hr>
            <ns3:cad>84</ns3:cad>
          </ns3:TrackPointExtension>
        </extensions>
      </trkpt>
      <trkpt lat="35.75481704436242580413818359375" lon="139.531129114329814910888671875">
        <ele>53</ele>
        <time>2026-09-30T22:55:31.000Z</time>
        <extensions>
          <ns3:TrackPointExtension>
            <ns3:hr>149</ns3:hr>
            <ns3:cad>84</ns3:cad>
          </ns3:TrackPointExtension>
        </extensions>
      </trkpt>
      <trkpt lat="35.75483079068362712860107421875" lon="139.5311415195465087890625">
        <ele>53</ele>
        <time>2026-09-30T22:55:32.000Z</time>
        <extensions>
          <ns3:TrackPointExtension>
            <ns3:hr>150</ns3:hr>
            <ns3:cad>84</ns3:cad>
          </ns3:TrackPointExtension>
        </extensions>
      </trkpt>
      <trkpt lat="35.7548439502716064453125" lon="139.53115534968674182891845703125">
        <ele>53</ele>
        <time>2026-09-30T22:55:33.000Z</time>
        <extensions>
          <ns3:TrackPointExtension>
            <ns3:hr>150</ns3:hr>
            <ns3:cad>83</ns3:cad>
          </ns3:TrackPointExtension>
        </extensions>
      </trkpt>
      <trkpt lat="35.75485727749764919281005859375" lon="139.53117144294083118438720703125">
        <ele>53</ele>
        <time>2026-09-30T22:55:34.000Z</time>
        <extensions>
          <ns3:TrackPointExtension>
            <ns3:hr>150</ns3:hr>
            <ns3:cad>83</ns3:cad>
          </ns3:TrackPointExtension>
        </extensions>
      </trkpt>
      <trkpt lat="35.75486599467694759368896484375" lon="139.53118636272847652435302734375">
        <ele>53</ele>
        <time>2026-09-30T22:55:35.000Z</time>
        <extensions>
          <ns3:TrackPointExtension>
            <ns3:hr>150</ns3:hr>
            <ns3:cad>82</ns3:cad>
          </ns3:TrackPointExtension>
        </extensions>
      </trkpt>
      <trkpt lat="35.7548803277313709259033203125" lon="139.53120346181094646453857421875">
        <ele>53</ele>
        <time>2026-09-30T22:55:36.000Z</time>
        <extensions>
          <ns3:TrackPointExtension>
            <ns3:hr>150</ns3:hr>
            <ns3:cad>82</ns3:cad>
          </ns3:TrackPointExtension>
        </extensions>
      </trkpt>
      <trkpt lat="35.7548920623958110809326171875" lon="139.5312179625034332275390625">
        <ele>53</ele>
        <time>2026-09-30T22:55:37.000Z</time>
        <extensions>
          <ns3:TrackPointExtension>
            <ns3:hr>149</ns3:hr>
            <ns3:cad>81</ns3:cad>
          </ns3:TrackPointExtension>
        </extensions>
      </trkpt>
      <trkpt lat="35.75490086339414119720458984375" lon="139.5312328822910785675048828125">
        <ele>53</ele>
        <time>2026-09-30T22:55:38.000Z</time>
        <extensions>
          <ns3:TrackPointExtension>
            <ns3:hr>149</ns3:hr>
            <ns3:cad>81</ns3:cad>
          </ns3:TrackPointExtension>
        </extensions>
      </trkpt>
      <trkpt lat="35.7549121789634227752685546875" lon="139.53124470077455043792724609375">
        <ele>53</ele>
        <time>2026-09-30T22:55:39.000Z</time>
        <extensions>
          <ns3:TrackPointExtension>
            <ns3:hr>149</ns3:hr>
            <ns3:cad>81</ns3:cad>
          </ns3:TrackPointExtension>
        </extensions>
      </trkpt>
      <trkpt lat="35.7549203932285308837890625" lon="139.5312590338289737701416015625">
        <ele>53</ele>
        <time>2026-09-30T22:55:40.000Z</time>
        <extensions>
          <ns3:TrackPointExtension>
            <ns3:hr>149</ns3:hr>
            <ns3:cad>81</ns3:cad>
          </ns3:TrackPointExtension>
        </extensions>
      </trkpt>
      <trkpt lat="35.75492768548429012298583984375" lon="139.5312744565308094024658203125">
        <ele>52.799999237060546875</ele>
        <time>2026-09-30T22:55:41.000Z</time>
        <extensions>
          <ns3:TrackPointExtension>
            <ns3:hr>148</ns3:hr>
            <ns3:cad>82</ns3:cad>
          </ns3:TrackPointExtension>
        </extensions>
      </trkpt>
      <trkpt lat="35.75493858195841312408447265625" lon="139.53128929249942302703857421875">
        <ele>52.799999237060546875</ele>
        <time>2026-09-30T22:55:42.000Z</time>
        <extensions>
          <ns3:TrackPointExtension>
            <ns3:hr>148</ns3:hr>
            <ns3:cad>82</ns3:cad>
          </ns3:TrackPointExtension>
        </extensions>
      </trkpt>
      <trkpt lat="35.75495115481317043304443359375" lon="139.53130588866770267486572265625">
        <ele>52.799999237060546875</ele>
        <time>2026-09-30T22:55:43.000Z</time>
        <extensions>
          <ns3:TrackPointExtension>
            <ns3:hr>147</ns3:hr>
            <ns3:cad>82</ns3:cad>
          </ns3:TrackPointExtension>
        </extensions>
      </trkpt>
      <trkpt lat="35.75496691279113292694091796875" lon="139.53131946735084056854248046875">
        <ele>52.799999237060546875</ele>
        <time>2026-09-30T22:55:44.000Z</time>
        <extensions>
          <ns3:TrackPointExtension>
            <ns3:hr>146</ns3:hr>
            <ns3:cad>82</ns3:cad>
          </ns3:TrackPointExtension>
        </extensions>
      </trkpt>
      <trkpt lat="35.75498350895941257476806640625" lon="139.53133321367204189300537109375">
        <ele>52.799999237060546875</ele>
        <time>2026-09-30T22:55:45.000Z</time>
        <extensions>
          <ns3:TrackPointExtension>
            <ns3:hr>146</ns3:hr>
            <ns3:cad>82</ns3:cad>
          </ns3:TrackPointExtension>
        </extensions>
      </trkpt>
      <trkpt lat="35.7549956627190113067626953125" lon="139.53134796582162380218505859375">
        <ele>52.799999237060546875</ele>
        <time>2026-09-30T22:55:46.000Z</time>
        <extensions>
          <ns3:TrackPointExtension>
            <ns3:hr>145</ns3:hr>
            <ns3:cad>82</ns3:cad>
          </ns3:TrackPointExtension>
        </extensions>
      </trkpt>
      <trkpt lat="35.7550134323537349700927734375" lon="139.53136204741895198822021484375">
        <ele>52.799999237060546875</ele>
        <time>2026-09-30T22:55:47.000Z</time>
        <extensions>
          <ns3:TrackPointExtension>
            <ns3:hr>145</ns3:hr>
            <ns3:cad>82</ns3:cad>
          </ns3:TrackPointExtension>
        </extensions>
      </trkpt>
      <trkpt lat="35.75502424500882625579833984375" lon="139.53137596137821674346923828125">
        <ele>52.799999237060546875</ele>
        <time>2026-09-30T22:55:48.000Z</time>
        <extensions>
          <ns3:TrackPointExtension>
            <ns3:hr>145</ns3:hr>
            <ns3:cad>82</ns3:cad>
          </ns3:TrackPointExtension>
        </extensions>
      </trkpt>
      <trkpt lat="35.75503237545490264892578125" lon="139.531392641365528106689453125">
        <ele>52.799999237060546875</ele>
        <time>2026-09-30T22:55:49.000Z</time>
        <extensions>
          <ns3:TrackPointExtension>
            <ns3:hr>145</ns3:hr>
            <ns3:cad>81</ns3:cad>
          </ns3:TrackPointExtension>
        </extensions>
      </trkpt>
      <trkpt lat="35.755045451223850250244140625" lon="139.5314038731157779693603515625">
        <ele>52.799999237060546875</ele>
        <time>2026-09-30T22:55:50.000Z</time>
        <extensions>
          <ns3:TrackPointExtension>
            <ns3:hr>145</ns3:hr>
            <ns3:cad>81</ns3:cad>
          </ns3:TrackPointExtension>
        </extensions>
      </trkpt>
      <trkpt lat="35.75506179593503475189208984375" lon="139.5314192958176136016845703125">
        <ele>52.799999237060546875</ele>
        <time>2026-09-30T22:55:51.000Z</time>
        <extensions>
          <ns3:TrackPointExtension>
            <ns3:hr>144</ns3:hr>
            <ns3:cad>81</ns3:cad>
          </ns3:TrackPointExtension>
        </extensions>
      </trkpt>
      <trkpt lat="35.75507797300815582275390625" lon="139.53143228776752948760986328125">
        <ele>52.59999847412109375</ele>
        <time>2026-09-30T22:55:52.000Z</time>
        <extensions>
          <ns3:TrackPointExtension>
            <ns3:hr>144</ns3:hr>
            <ns3:cad>82</ns3:cad>
          </ns3:TrackPointExtension>
        </extensions>
      </trkpt>
      <trkpt lat="35.75508845038712024688720703125" lon="139.531448967754840850830078125">
        <ele>52.59999847412109375</ele>
        <time>2026-09-30T22:55:53.000Z</time>
        <extensions>
          <ns3:TrackPointExtension>
            <ns3:hr>144</ns3:hr>
            <ns3:cad>82</ns3:cad>
          </ns3:TrackPointExtension>
        </extensions>
      </trkpt>
      <trkpt lat="35.75510085560381412506103515625" lon="139.5314598642289638519287109375">
        <ele>52.59999847412109375</ele>
        <time>2026-09-30T22:55:54.000Z</time>
        <extensions>
          <ns3:TrackPointExtension>
            <ns3:hr>144</ns3:hr>
            <ns3:cad>82</ns3:cad>
          </ns3:TrackPointExtension>
        </extensions>
      </trkpt>
      <trkpt lat="35.7551161944866180419921875" lon="139.531473107635974884033203125">
        <ele>52.59999847412109375</ele>
        <time>2026-09-30T22:55:55.000Z</time>
        <extensions>
          <ns3:TrackPointExtension>
            <ns3:hr>144</ns3:hr>
            <ns3:cad>82</ns3:cad>
          </ns3:TrackPointExtension>
        </extensions>
      </trkpt>
      <trkpt lat="35.75512935407459735870361328125" lon="139.531487524509429931640625">
        <ele>52.59999847412109375</ele>
        <time>2026-09-30T22:55:56.000Z</time>
        <extensions>
          <ns3:TrackPointExtension>
            <ns3:hr>144</ns3:hr>
            <ns3:cad>82</ns3:cad>
          </ns3:TrackPointExtension>
        </extensions>
      </trkpt>
      <trkpt lat="35.75514025054872035980224609375" lon="139.5315037854015827178955078125">
        <ele>52.59999847412109375</ele>
        <time>2026-09-30T22:55:57.000Z</time>
        <extensions>
          <ns3:TrackPointExtension>
            <ns3:hr>144</ns3:hr>
            <ns3:cad>82</ns3:cad>
          </ns3:TrackPointExtension>
        </extensions>
      </trkpt>
      <trkpt lat="35.75514812953770160675048828125" lon="139.53152239322662353515625">
        <ele>52.59999847412109375</ele>
        <time>2026-09-30T22:55:58.000Z</time>
        <extensions>
          <ns3:TrackPointExtension>
            <ns3:hr>144</ns3:hr>
            <ns3:cad>82</ns3:cad>
          </ns3:TrackPointExtension>
        </extensions>
      </trkpt>
      <trkpt lat="35.755160786211490631103515625" lon="139.53154074959456920623779296875">
        <ele>52.40000152587890625</ele>
        <time>2026-09-30T22:55:59.000Z</time>
        <extensions>
          <ns3:TrackPointExtension>
            <ns3:hr>143</ns3:hr>
            <ns3:cad>81</ns3:cad>
          </ns3:TrackPointExtension>
        </extensions>
      </trkpt>
      <trkpt lat="35.75517646037042140960693359375" lon="139.53155801631510257720947265625">
        <ele>52.40000152587890625</ele>
        <time>2026-09-30T22:56:00.000Z</time>
        <extensions>
          <ns3:TrackPointExtension>
            <ns3:hr>144</ns3:hr>
            <ns3:cad>81</ns3:cad>
          </ns3:TrackPointExtension>
        </extensions>
      </trkpt>
      <trkpt lat="35.75518785975873470306396484375" lon="139.53157679177820682525634765625">
        <ele>52.40000152587890625</ele>
        <time>2026-09-30T22:56:01.000Z</time>
        <extensions>
          <ns3:TrackPointExtension>
            <ns3:hr>144</ns3:hr>
            <ns3:cad>82</ns3:cad>
          </ns3:TrackPointExtension>
        </extensions>
      </trkpt>
      <trkpt lat="35.75519724749028682708740234375" lon="139.53159707598388195037841796875">
        <ele>52.40000152587890625</ele>
        <time>2026-09-30T22:56:02.000Z</time>
        <extensions>
          <ns3:TrackPointExtension>
            <ns3:hr>143</ns3:hr>
            <ns3:cad>82</ns3:cad>
          </ns3:TrackPointExtension>
        </extensions>
      </trkpt>
      <trkpt lat="35.75520537793636322021484375" lon="139.53162021003663539886474609375">
        <ele>52.40000152587890625</ele>
        <time>2026-09-30T22:56:03.000Z</time>
        <extensions>
          <ns3:TrackPointExtension>
            <ns3:hr>144</ns3:hr>
            <ns3:cad>82</ns3:cad>
          </ns3:TrackPointExtension>
        </extensions>
      </trkpt>
      <trkpt lat="35.75521954335272312164306640625" lon="139.53164108097553253173828125">
        <ele>52.40000152587890625</ele>
        <time>2026-09-30T22:56:04.000Z</time>
        <extensions>
          <ns3:TrackPointExtension>
            <ns3:hr>144</ns3:hr>
            <ns3:cad>82</ns3:cad>
          </ns3:TrackPointExtension>
        </extensions>
      </trkpt>
      <trkpt lat="35.7552296854555606842041015625" lon="139.53166010789573192596435546875">
        <ele>52.40000152587890625</ele>
        <time>2026-09-30T22:56:05.000Z</time>
        <extensions>
          <ns3:TrackPointExtension>
            <ns3:hr>144</ns3:hr>
            <ns3:cad>81</ns3:cad>
          </ns3:TrackPointExtension>
        </extensions>
      </trkpt>
      <trkpt lat="35.755238234996795654296875" lon="139.53168173320591449737548828125">
        <ele>52.40000152587890625</ele>
        <time>2026-09-30T22:56:06.000Z</time>
        <extensions>
          <ns3:TrackPointExtension>
            <ns3:hr>144</ns3:hr>
            <ns3:cad>81</ns3:cad>
          </ns3:TrackPointExtension>
        </extensions>
      </trkpt>
      <trkpt lat="35.75524921528995037078857421875" lon="139.53170302323997020721435546875">
        <ele>52.200000762939453125</ele>
        <time>2026-09-30T22:56:07.000Z</time>
        <extensions>
          <ns3:TrackPointExtension>
            <ns3:hr>145</ns3:hr>
            <ns3:cad>82</ns3:cad>
          </ns3:TrackPointExtension>
        </extensions>
      </trkpt>
      <trkpt lat="35.7552662305533885955810546875" lon="139.53172347508370876312255859375">
        <ele>52.200000762939453125</ele>
        <time>2026-09-30T22:56:08.000Z</time>
        <extensions>
          <ns3:TrackPointExtension>
            <ns3:hr>144</ns3:hr>
            <ns3:cad>83</ns3:cad>
          </ns3:TrackPointExtension>
        </extensions>
      </trkpt>
      <trkpt lat="35.7552799768745899200439453125" lon="139.53174568712711334228515625">
        <ele>52.200000762939453125</ele>
        <time>2026-09-30T22:56:09.000Z</time>
        <extensions>
          <ns3:TrackPointExtension>
            <ns3:hr>143</ns3:hr>
            <ns3:cad>83</ns3:cad>
          </ns3:TrackPointExtension>
        </extensions>
      </trkpt>
      <trkpt lat="35.755291543900966644287109375" lon="139.531768821179866790771484375">
        <ele>52.200000762939453125</ele>
        <time>2026-09-30T22:56:10.000Z</time>
        <extensions>
          <ns3:TrackPointExtension>
            <ns3:hr>143</ns3:hr>
            <ns3:cad>84</ns3:cad>
          </ns3:TrackPointExtension>
        </extensions>
      </trkpt>
      <trkpt lat="35.75529866851866245269775390625" lon="139.5317921228706836700439453125">
        <ele>52.200000762939453125</ele>
        <time>2026-09-30T22:56:11.000Z</time>
        <extensions>
          <ns3:TrackPointExtension>
            <ns3:hr>144</ns3:hr>
            <ns3:cad>84</ns3:cad>
          </ns3:TrackPointExtension>
        </extensions>
      </trkpt>
      <trkpt lat="35.7553064636886119842529296875" lon="139.53181534074246883392333984375">
        <ele>52.200000762939453125</ele>
        <time>2026-09-30T22:56:12.000Z</time>
        <extensions>
          <ns3:TrackPointExtension>
            <ns3:hr>144</ns3:hr>
            <ns3:cad>83</ns3:cad>
          </ns3:TrackPointExtension>
        </extensions>
      </trkpt>
      <trkpt lat="35.75531442649662494659423828125" lon="139.53183378092944622039794921875">
        <ele>52.200000762939453125</ele>
        <time>2026-09-30T22:56:13.000Z</time>
        <extensions>
          <ns3:TrackPointExtension>
            <ns3:hr>144</ns3:hr>
            <ns3:cad>83</ns3:cad>
          </ns3:TrackPointExtension>
        </extensions>
      </trkpt>
      <trkpt lat="35.7553205452859401702880859375" lon="139.5318528078496456146240234375">
        <ele>52.40000152587890625</ele>
        <time>2026-09-30T22:56:14.000Z</time>
        <extensions>
          <ns3:TrackPointExtension>
            <ns3:hr>145</ns3:hr>
            <ns3:cad>83</ns3:cad>
          </ns3:TrackPointExtension>
        </extensions>
      </trkpt>
      <trkpt lat="35.7553285919129848480224609375" lon="139.53186999075114727020263671875">
        <ele>52.200000762939453125</ele>
        <time>2026-09-30T22:56:15.000Z</time>
        <extensions>
          <ns3:TrackPointExtension>
            <ns3:hr>145</ns3:hr>
            <ns3:cad>83</ns3:cad>
          </ns3:TrackPointExtension>
        </extensions>
      </trkpt>
      <trkpt lat="35.75533823110163211822509765625" lon="139.5318870060145854949951171875">
        <ele>52.200000762939453125</ele>
        <time>2026-09-30T22:56:16.000Z</time>
        <extensions>
          <ns3:TrackPointExtension>
            <ns3:hr>146</ns3:hr>
            <ns3:cad>82</ns3:cad>
          </ns3:TrackPointExtension>
        </extensions>
      </trkpt>
      <trkpt lat="35.755352564156055450439453125" lon="139.531904943287372589111328125">
        <ele>52.200000762939453125</ele>
        <time>2026-09-30T22:56:17.000Z</time>
        <extensions>
          <ns3:TrackPointExtension>
            <ns3:hr>146</ns3:hr>
            <ns3:cad>83</ns3:cad>
          </ns3:TrackPointExtension>
        </extensions>
      </trkpt>
      <trkpt lat="35.7553627900779247283935546875" lon="139.5319260656833648681640625">
        <ele>52.200000762939453125</ele>
        <time>2026-09-30T22:56:18.000Z</time>
        <extensions>
          <ns3:TrackPointExtension>
            <ns3:hr>146</ns3:hr>
            <ns3:cad>82</ns3:cad>
          </ns3:TrackPointExtension>
        </extensions>
      </trkpt>
      <trkpt lat="35.755375362932682037353515625" lon="139.53194442205131053924560546875">
        <ele>52.200000762939453125</ele>
        <time>2026-09-30T22:56:19.000Z</time>
        <extensions>
          <ns3:TrackPointExtension>
            <ns3:hr>145</ns3:hr>
            <ns3:cad>82</ns3:cad>
          </ns3:TrackPointExtension>
        </extensions>
      </trkpt>
      <trkpt lat="35.755389444530010223388671875" lon="139.5319644547998905181884765625">
        <ele>52</ele>
        <time>2026-09-30T22:56:20.000Z</time>
        <extensions>
          <ns3:TrackPointExtension>
            <ns3:hr>146</ns3:hr>
            <ns3:cad>82</ns3:cad>
          </ns3:TrackPointExtension>
        </extensions>
      </trkpt>
      <trkpt lat="35.75539589859545230865478515625" lon="139.531985409557819366455078125">
        <ele>52</ele>
        <time>2026-09-30T22:56:21.000Z</time>
        <extensions>
          <ns3:TrackPointExtension>
            <ns3:hr>146</ns3:hr>
            <ns3:cad>83</ns3:cad>
          </ns3:TrackPointExtension>
        </extensions>
      </trkpt>
      <trkpt lat="35.75540252029895782470703125" lon="139.53200510703027248382568359375">
        <ele>52</ele>
        <time>2026-09-30T22:56:22.000Z</time>
        <extensions>
          <ns3:TrackPointExtension>
            <ns3:hr>146</ns3:hr>
            <ns3:cad>84</ns3:cad>
          </ns3:TrackPointExtension>
        </extensions>
      </trkpt>
      <trkpt lat="35.7554085552692413330078125" lon="139.53202438540756702423095703125">
        <ele>52</ele>
        <time>2026-09-30T22:56:23.000Z</time>
        <extensions>
          <ns3:TrackPointExtension>
            <ns3:hr>146</ns3:hr>
            <ns3:cad>84</ns3:cad>
          </ns3:TrackPointExtension>
        </extensions>
      </trkpt>
      <trkpt lat="35.75541366823017597198486328125" lon="139.53204383142292499542236328125">
        <ele>52</ele>
        <time>2026-09-30T22:56:24.000Z</time>
        <extensions>
          <ns3:TrackPointExtension>
            <ns3:hr>146</ns3:hr>
            <ns3:cad>84</ns3:cad>
          </ns3:TrackPointExtension>
        </extensions>
      </trkpt>
      <trkpt lat="35.7554221339523792266845703125" lon="139.532062523066997528076171875">
        <ele>52</ele>
        <time>2026-09-30T22:56:25.000Z</time>
        <extensions>
          <ns3:TrackPointExtension>
            <ns3:hr>145</ns3:hr>
            <ns3:cad>81</ns3:cad>
          </ns3:TrackPointExtension>
        </extensions>
      </trkpt>
      <trkpt lat="35.755431018769741058349609375" lon="139.53208104707300662994384765625">
        <ele>51.799999237060546875</ele>
        <time>2026-09-30T22:56:26.000Z</time>
        <extensions>
          <ns3:TrackPointExtension>
            <ns3:hr>145</ns3:hr>
            <ns3:cad>81</ns3:cad>
          </ns3:TrackPointExtension>
        </extensions>
      </trkpt>
      <trkpt lat="35.75543495826423168182373046875" lon="139.5321049354970455169677734375">
        <ele>51.799999237060546875</ele>
        <time>2026-09-30T22:56:27.000Z</time>
        <extensions>
          <ns3:TrackPointExtension>
            <ns3:hr>145</ns3:hr>
            <ns3:cad>80</ns3:cad>
          </ns3:TrackPointExtension>
        </extensions>
      </trkpt>
      <trkpt lat="35.75543738901615142822265625" lon="139.53212982974946498870849609375">
        <ele>51.799999237060546875</ele>
        <time>2026-09-30T22:56:28.000Z</time>
        <extensions>
          <ns3:TrackPointExtension>
            <ns3:hr>144</ns3:hr>
            <ns3:cad>80</ns3:cad>
          </ns3:TrackPointExtension>
        </extensions>
      </trkpt>
      <trkpt lat="35.75544736348092555999755859375" lon="139.53215262852609157562255859375">
        <ele>51.799999237060546875</ele>
        <time>2026-09-30T22:56:29.000Z</time>
        <extensions>
          <ns3:TrackPointExtension>
            <ns3:hr>144</ns3:hr>
            <ns3:cad>80</ns3:cad>
          </ns3:TrackPointExtension>
        </extensions>
      </trkpt>
      <trkpt lat="35.75545943342149257659912109375" lon="139.53217257745563983917236328125">
        <ele>51.799999237060546875</ele>
        <time>2026-09-30T22:56:30.000Z</time>
        <extensions>
          <ns3:TrackPointExtension>
            <ns3:hr>145</ns3:hr>
            <ns3:cad>81</ns3:cad>
          </ns3:TrackPointExtension>
        </extensions>
      </trkpt>
      <trkpt lat="35.7554694078862667083740234375" lon="139.5321931131184101104736328125">
        <ele>51.799999237060546875</ele>
        <time>2026-09-30T22:56:31.000Z</time>
        <extensions>
          <ns3:TrackPointExtension>
            <ns3:hr>145</ns3:hr>
            <ns3:cad>81</ns3:cad>
          </ns3:TrackPointExtension>
        </extensions>
      </trkpt>
      <trkpt lat="35.75547896325588226318359375" lon="139.53221498988568782806396484375">
        <ele>51.799999237060546875</ele>
        <time>2026-09-30T22:56:32.000Z</time>
        <extensions>
          <ns3:TrackPointExtension>
            <ns3:hr>145</ns3:hr>
            <ns3:cad>81</ns3:cad>
          </ns3:TrackPointExtension>
        </extensions>
      </trkpt>
      <trkpt lat="35.7554885186254978179931640625" lon="139.53223577700555324554443359375">
        <ele>51.799999237060546875</ele>
        <time>2026-09-30T22:56:33.000Z</time>
        <extensions>
          <ns3:TrackPointExtension>
            <ns3:hr>145</ns3:hr>
            <ns3:cad>82</ns3:cad>
          </ns3:TrackPointExtension>
        </extensions>
      </trkpt>
      <trkpt lat="35.75550301931798458099365234375" lon="139.5322527922689914703369140625">
        <ele>51.799999237060546875</ele>
        <time>2026-09-30T22:56:34.000Z</time>
        <extensions>
          <ns3:TrackPointExtension>
            <ns3:hr>145</ns3:hr>
            <ns3:cad>82</ns3:cad>
          </ns3:TrackPointExtension>
        </extensions>
      </trkpt>
      <trkpt lat="35.75551777146756649017333984375" lon="139.53227450139820575714111328125">
        <ele>51.799999237060546875</ele>
        <time>2026-09-30T22:56:35.000Z</time>
        <extensions>
          <ns3:TrackPointExtension>
            <ns3:hr>145</ns3:hr>
            <ns3:cad>82</ns3:cad>
          </ns3:TrackPointExtension>
        </extensions>
      </trkpt>
      <trkpt lat="35.75553587637841701507568359375" lon="139.53229713253676891326904296875">
        <ele>51.799999237060546875</ele>
        <time>2026-09-30T22:56:36.000Z</time>
        <extensions>
          <ns3:TrackPointExtension>
            <ns3:hr>144</ns3:hr>
            <ns3:cad>81</ns3:cad>
          </ns3:TrackPointExtension>
        </extensions>
      </trkpt>
      <trkpt lat="35.7555612735450267791748046875" lon="139.53232160769402980804443359375">
        <ele>51.799999237060546875</ele>
        <time>2026-09-30T22:56:37.000Z</time>
        <extensions>
          <ns3:TrackPointExtension>
            <ns3:hr>144</ns3:hr>
            <ns3:cad>81</ns3:cad>
          </ns3:TrackPointExtension>
        </extensions>
      </trkpt>
      <trkpt lat="35.7555760256946086883544921875" lon="139.53234557993710041046142578125">
        <ele>51.799999237060546875</ele>
        <time>2026-09-30T22:56:38.000Z</time>
        <extensions>
          <ns3:TrackPointExtension>
            <ns3:hr>144</ns3:hr>
            <ns3:cad>81</ns3:cad>
          </ns3:TrackPointExtension>
        </extensions>
      </trkpt>
      <trkpt lat="35.755590610206127166748046875" lon="139.53237324021756649017333984375">
        <ele>51.799999237060546875</ele>
        <time>2026-09-30T22:56:39.000Z</time>
        <extensions>
          <ns3:TrackPointExtension>
            <ns3:hr>144</ns3:hr>
            <ns3:cad>81</ns3:cad>
          </ns3:TrackPointExtension>
        </extensions>
      </trkpt>
      <trkpt lat="35.75560729019343852996826171875" lon="139.532396458089351654052734375">
        <ele>51.59999847412109375</ele>
        <time>2026-09-30T22:56:40.000Z</time>
        <extensions>
          <ns3:TrackPointExtension>
            <ns3:hr>144</ns3:hr>
            <ns3:cad>82</ns3:cad>
          </ns3:TrackPointExtension>
        </extensions>
      </trkpt>
      <trkpt lat="35.75562179088592529296875" lon="139.53242235817015171051025390625">
        <ele>51.59999847412109375</ele>
        <time>2026-09-30T22:56:41.000Z</time>
        <extensions>
          <ns3:TrackPointExtension>
            <ns3:hr>145</ns3:hr>
            <ns3:cad>82</ns3:cad>
          </ns3:TrackPointExtension>
        </extensions>
      </trkpt>
      <trkpt lat="35.75562623329460620880126953125" lon="139.532446078956127166748046875">
        <ele>51.59999847412109375</ele>
        <time>2026-09-30T22:56:42.000Z</time>
        <extensions>
          <ns3:TrackPointExtension>
            <ns3:hr>145</ns3:hr>
            <ns3:cad>82</ns3:cad>
          </ns3:TrackPointExtension>
        </extensions>
      </trkpt>
      <trkpt lat="35.755629837512969970703125" lon="139.532471559941768646240234375">
        <ele>51.59999847412109375</ele>
        <time>2026-09-30T22:56:43.000Z</time>
        <extensions>
          <ns3:TrackPointExtension>
            <ns3:hr>146</ns3:hr>
            <ns3:cad>82</ns3:cad>
          </ns3:TrackPointExtension>
        </extensions>
      </trkpt>
      <trkpt lat="35.7556363753974437713623046875" lon="139.532493017613887786865234375">
        <ele>51.59999847412109375</ele>
        <time>2026-09-30T22:56:44.000Z</time>
        <extensions>
          <ns3:TrackPointExtension>
            <ns3:hr>146</ns3:hr>
            <ns3:cad>82</ns3:cad>
          </ns3:TrackPointExtension>
        </extensions>
      </trkpt>
      <trkpt lat="35.75563930906355381011962890625" lon="139.5325134694576263427734375">
        <ele>51.59999847412109375</ele>
        <time>2026-09-30T22:56:45.000Z</time>
        <extensions>
          <ns3:TrackPointExtension>
            <ns3:hr>146</ns3:hr>
            <ns3:cad>82</ns3:cad>
          </ns3:TrackPointExtension>
        </extensions>
      </trkpt>
      <trkpt lat="35.755645930767059326171875" lon="139.53253434039652347564697265625">
        <ele>51.59999847412109375</ele>
        <time>2026-09-30T22:56:46.000Z</time>
        <extensions>
          <ns3:TrackPointExtension>
            <ns3:hr>146</ns3:hr>
            <ns3:cad>82</ns3:cad>
          </ns3:TrackPointExtension>
        </extensions>
      </trkpt>
      <trkpt lat="35.75565598905086517333984375" lon="139.53255378641188144683837890625">
        <ele>51.59999847412109375</ele>
        <time>2026-09-30T22:56:47.000Z</time>
        <extensions>
          <ns3:TrackPointExtension>
            <ns3:hr>146</ns3:hr>
            <ns3:cad>82</ns3:cad>
          </ns3:TrackPointExtension>
        </extensions>
      </trkpt>
      <trkpt lat="35.75566093437373638153076171875" lon="139.53257624991238117218017578125">
        <ele>51.59999847412109375</ele>
        <time>2026-09-30T22:56:48.000Z</time>
        <extensions>
          <ns3:TrackPointExtension>
            <ns3:hr>146</ns3:hr>
            <ns3:cad>81</ns3:cad>
          </ns3:TrackPointExtension>
        </extensions>
      </trkpt>
      <trkpt lat="35.75566512532532215118408203125" lon="139.53259603120386600494384765625">
        <ele>51.40000152587890625</ele>
        <time>2026-09-30T22:56:49.000Z</time>
        <extensions>
          <ns3:TrackPointExtension>
            <ns3:hr>146</ns3:hr>
            <ns3:cad>81</ns3:cad>
          </ns3:TrackPointExtension>
        </extensions>
      </trkpt>
      <trkpt lat="35.75567501597106456756591796875" lon="139.53261396847665309906005859375">
        <ele>51.40000152587890625</ele>
        <time>2026-09-30T22:56:50.000Z</time>
        <extensions>
          <ns3:TrackPointExtension>
            <ns3:hr>146</ns3:hr>
            <ns3:cad>81</ns3:cad>
          </ns3:TrackPointExtension>
        </extensions>
      </trkpt>
      <trkpt lat="35.7556826435029506683349609375" lon="139.53263341449201107025146484375">
        <ele>51.40000152587890625</ele>
        <time>2026-09-30T22:56:51.000Z</time>
        <extensions>
          <ns3:TrackPointExtension>
            <ns3:hr>146</ns3:hr>
            <ns3:cad>81</ns3:cad>
          </ns3:TrackPointExtension>
        </extensions>
      </trkpt>
      <trkpt lat="35.755689181387424468994140625" lon="139.53265386633574962615966796875">
        <ele>51.40000152587890625</ele>
        <time>2026-09-30T22:56:52.000Z</time>
        <extensions>
          <ns3:TrackPointExtension>
            <ns3:hr>146</ns3:hr>
            <ns3:cad>81</ns3:cad>
          </ns3:TrackPointExtension>
        </extensions>
      </trkpt>
      <trkpt lat="35.75568842701613903045654296875" lon="139.532677419483661651611328125">
        <ele>51.59999847412109375</ele>
        <time>2026-09-30T22:56:53.000Z</time>
        <extensions>
          <ns3:TrackPointExtension>
            <ns3:hr>146</ns3:hr>
            <ns3:cad>81</ns3:cad>
          </ns3:TrackPointExtension>
        </extensions>
      </trkpt>
      <trkpt lat="35.7556866668164730072021484375" lon="139.53269812278449535369873046875">
        <ele>51.59999847412109375</ele>
        <time>2026-09-30T22:56:54.000Z</time>
        <extensions>
          <ns3:TrackPointExtension>
            <ns3:hr>146</ns3:hr>
            <ns3:cad>81</ns3:cad>
          </ns3:TrackPointExtension>
        </extensions>
      </trkpt>
      <trkpt lat="35.755685828626155853271484375" lon="139.5327215082943439483642578125">
        <ele>51.59999847412109375</ele>
        <time>2026-09-30T22:56:55.000Z</time>
        <extensions>
          <ns3:TrackPointExtension>
            <ns3:hr>146</ns3:hr>
            <ns3:cad>81</ns3:cad>
          </ns3:TrackPointExtension>
        </extensions>
      </trkpt>
      <trkpt lat="35.7556916959583759307861328125" lon="139.5327409543097019195556640625">
        <ele>51.59999847412109375</ele>
        <time>2026-09-30T22:56:56.000Z</time>
        <extensions>
          <ns3:TrackPointExtension>
            <ns3:hr>146</ns3:hr>
            <ns3:cad>81</ns3:cad>
          </ns3:TrackPointExtension>
        </extensions>
      </trkpt>
      <trkpt lat="35.75569622218608856201171875" lon="139.5327607356011867523193359375">
        <ele>51.59999847412109375</ele>
        <time>2026-09-30T22:56:57.000Z</time>
        <extensions>
          <ns3:TrackPointExtension>
            <ns3:hr>146</ns3:hr>
            <ns3:cad>81</ns3:cad>
          </ns3:TrackPointExtension>
        </extensions>
      </trkpt>
      <trkpt lat="35.75569781474769115447998046875" lon="139.532777331769466400146484375">
        <ele>51.40000152587890625</ele>
        <time>2026-09-30T22:56:58.000Z</time>
        <extensions>
          <ns3:TrackPointExtension>
            <ns3:hr>146</ns3:hr>
            <ns3:cad>80</ns3:cad>
          </ns3:TrackPointExtension>
        </extensions>
      </trkpt>
      <trkpt lat="35.755702592432498931884765625" lon="139.5327888987958431243896484375">
        <ele>51.40000152587890625</ele>
        <time>2026-09-30T22:56:59.000Z</time>
        <extensions>
          <ns3:TrackPointExtension>
            <ns3:hr>146</ns3:hr>
            <ns3:cad>80</ns3:cad>
          </ns3:TrackPointExtension>
        </extensions>
      </trkpt>
      <trkpt lat="35.75571340508759021759033203125" lon="139.53280189074575901031494140625">
        <ele>51.40000152587890625</ele>
        <time>2026-09-30T22:57:00.000Z</time>
        <extensions>
          <ns3:TrackPointExtension>
            <ns3:hr>145</ns3:hr>
            <ns3:cad>81</ns3:cad>
          </ns3:TrackPointExtension>
        </extensions>
      </trkpt>
      <trkpt lat="35.75572916306555271148681640625" lon="139.53281546942889690399169921875">
        <ele>51.40000152587890625</ele>
        <time>2026-09-30T22:57:01.000Z</time>
        <extensions>
          <ns3:TrackPointExtension>
            <ns3:hr>145</ns3:hr>
            <ns3:cad>81</ns3:cad>
          </ns3:TrackPointExtension>
        </extensions>
      </trkpt>
      <trkpt lat="35.755740143358707427978515625" lon="139.53283005394041538238525390625">
        <ele>51.40000152587890625</ele>
        <time>2026-09-30T22:57:02.000Z</time>
        <extensions>
          <ns3:TrackPointExtension>
            <ns3:hr>144</ns3:hr>
            <ns3:cad>81</ns3:cad>
          </ns3:TrackPointExtension>
        </extensions>
      </trkpt>
      <trkpt lat="35.7557547278702259063720703125" lon="139.53284061513841152191162109375">
        <ele>51.40000152587890625</ele>
        <time>2026-09-30T22:57:03.000Z</time>
        <extensions>
          <ns3:TrackPointExtension>
            <ns3:hr>144</ns3:hr>
            <ns3:cad>80</ns3:cad>
          </ns3:TrackPointExtension>
        </extensions>
      </trkpt>
      <trkpt lat="35.75576889328658580780029296875" lon="139.53285536728799343109130859375">
        <ele>51.40000152587890625</ele>
        <time>2026-09-30T22:57:04.000Z</time>
        <extensions>
          <ns3:TrackPointExtension>
            <ns3:hr>144</ns3:hr>
            <ns3:cad>80</ns3:cad>
          </ns3:TrackPointExtension>
        </extensions>
      </trkpt>
      <trkpt lat="35.7557778619229793548583984375" lon="139.532873220741748809814453125">
        <ele>51.40000152587890625</ele>
        <time>2026-09-30T22:57:05.000Z</time>
        <extensions>
          <ns3:TrackPointExtension>
            <ns3:hr>144</ns3:hr>
            <ns3:cad>80</ns3:cad>
          </ns3:TrackPointExtension>
        </extensions>
      </trkpt>
      <trkpt lat="35.75578683055937290191650390625" lon="139.53289191238582134246826171875">
        <ele>51.40000152587890625</ele>
        <time>2026-09-30T22:57:06.000Z</time>
        <extensions>
          <ns3:TrackPointExtension>
            <ns3:hr>144</ns3:hr>
            <ns3:cad>80</ns3:cad>
          </ns3:TrackPointExtension>
        </extensions>
      </trkpt>
      <trkpt lat="35.75579521246254444122314453125" lon="139.5329109393060207366943359375">
        <ele>51.200000762939453125</ele>
        <time>2026-09-30T22:57:07.000Z</time>
        <extensions>
          <ns3:TrackPointExtension>
            <ns3:hr>143</ns3:hr>
            <ns3:cad>80</ns3:cad>
          </ns3:TrackPointExtension>
        </extensions>
      </trkpt>
      <trkpt lat="35.755803845822811126708984375" lon="139.53293013386428356170654296875">
        <ele>51.200000762939453125</ele>
        <time>2026-09-30T22:57:08.000Z</time>
        <extensions>
          <ns3:TrackPointExtension>
            <ns3:hr>143</ns3:hr>
            <ns3:cad>80</ns3:cad>
          </ns3:TrackPointExtension>
        </extensions>
      </trkpt>
      <trkpt lat="35.75580912642180919647216796875" lon="139.53295075334608554840087890625">
        <ele>51.200000762939453125</ele>
        <time>2026-09-30T22:57:09.000Z</time>
        <extensions>
          <ns3:TrackPointExtension>
            <ns3:hr>143</ns3:hr>
            <ns3:cad>80</ns3:cad>
          </ns3:TrackPointExtension>
        </extensions>
      </trkpt>
      <trkpt lat="35.75581734068691730499267578125" lon="139.5329702831804752349853515625">
        <ele>51.200000762939453125</ele>
        <time>2026-09-30T22:57:10.000Z</time>
        <extensions>
          <ns3:TrackPointExtension>
            <ns3:hr>143</ns3:hr>
            <ns3:cad>80</ns3:cad>
          </ns3:TrackPointExtension>
        </extensions>
      </trkpt>
      <trkpt lat="35.75582689605653285980224609375" lon="139.53298947773873805999755859375">
        <ele>51.200000762939453125</ele>
        <time>2026-09-30T22:57:11.000Z</time>
        <extensions>
          <ns3:TrackPointExtension>
            <ns3:hr>143</ns3:hr>
            <ns3:cad>81</ns3:cad>
          </ns3:TrackPointExtension>
        </extensions>
      </trkpt>
      <trkpt lat="35.7558331824839115142822265625" lon="139.53300875611603260040283203125">
        <ele>51</ele>
        <time>2026-09-30T22:57:12.000Z</time>
        <extensions>
          <ns3:TrackPointExtension>
            <ns3:hr>143</ns3:hr>
            <ns3:cad>81</ns3:cad>
          </ns3:TrackPointExtension>
        </extensions>
      </trkpt>
      <trkpt lat="35.7558452524244785308837890625" lon="139.53302870504558086395263671875">
        <ele>51.200000762939453125</ele>
        <time>2026-09-30T22:57:13.000Z</time>
        <extensions>
          <ns3:TrackPointExtension>
            <ns3:hr>143</ns3:hr>
            <ns3:cad>81</ns3:cad>
          </ns3:TrackPointExtension>
        </extensions>
      </trkpt>
      <trkpt lat="35.75585673563182353973388671875" lon="139.53305200673639774322509765625">
        <ele>51.200000762939453125</ele>
        <time>2026-09-30T22:57:14.000Z</time>
        <extensions>
          <ns3:TrackPointExtension>
            <ns3:hr>143</ns3:hr>
            <ns3:cad>82</ns3:cad>
          </ns3:TrackPointExtension>
        </extensions>
      </trkpt>
      <trkpt lat="35.75586729682981967926025390625" lon="139.53307245858013629913330078125">
        <ele>51.200000762939453125</ele>
        <time>2026-09-30T22:57:15.000Z</time>
        <extensions>
          <ns3:TrackPointExtension>
            <ns3:hr>144</ns3:hr>
            <ns3:cad>82</ns3:cad>
          </ns3:TrackPointExtension>
        </extensions>
      </trkpt>
      <trkpt lat="35.75587333180010318756103515625" lon="139.53309274278581142425537109375">
        <ele>51.200000762939453125</ele>
        <time>2026-09-30T22:57:16.000Z</time>
        <extensions>
          <ns3:TrackPointExtension>
            <ns3:hr>143</ns3:hr>
            <ns3:cad>82</ns3:cad>
          </ns3:TrackPointExtension>
        </extensions>
      </trkpt>
      <trkpt lat="35.755876936018466949462890625" lon="139.533115290105342864990234375">
        <ele>51</ele>
        <time>2026-09-30T22:57:17.000Z</time>
        <extensions>
          <ns3:TrackPointExtension>
            <ns3:hr>144</ns3:hr>
            <ns3:cad>82</ns3:cad>
          </ns3:TrackPointExtension>
        </extensions>
      </trkpt>
      <trkpt lat="35.75588271953165531158447265625" lon="139.53313766978681087493896484375">
        <ele>50.799999237060546875</ele>
        <time>2026-09-30T22:57:18.000Z</time>
        <extensions>
          <ns3:TrackPointExtension>
            <ns3:hr>144</ns3:hr>
            <ns3:cad>83</ns3:cad>
          </ns3:TrackPointExtension>
        </extensions>
      </trkpt>
      <trkpt lat="35.7558905147016048431396484375" lon="139.53316013328731060028076171875">
        <ele>50.799999237060546875</ele>
        <time>2026-09-30T22:57:19.000Z</time>
        <extensions>
          <ns3:TrackPointExtension>
            <ns3:hr>144</ns3:hr>
            <ns3:cad>83</ns3:cad>
          </ns3:TrackPointExtension>
        </extensions>
      </trkpt>
      <trkpt lat="35.75589965097606182098388671875" lon="139.5331838540732860565185546875">
        <ele>50.799999237060546875</ele>
        <time>2026-09-30T22:57:20.000Z</time>
        <extensions>
          <ns3:TrackPointExtension>
            <ns3:hr>144</ns3:hr>
            <ns3:cad>82</ns3:cad>
          </ns3:TrackPointExtension>
        </extensions>
      </trkpt>
      <trkpt lat="35.7559069432318210601806640625" lon="139.53320723958313465118408203125">
        <ele>50.799999237060546875</ele>
        <time>2026-09-30T22:57:21.000Z</time>
        <extensions>
          <ns3:TrackPointExtension>
            <ns3:hr>144</ns3:hr>
            <ns3:cad>82</ns3:cad>
          </ns3:TrackPointExtension>
        </extensions>
      </trkpt>
      <trkpt lat="35.75591214001178741455078125" lon="139.53323087655007839202880859375">
        <ele>50.799999237060546875</ele>
        <time>2026-09-30T22:57:22.000Z</time>
        <extensions>
          <ns3:TrackPointExtension>
            <ns3:hr>144</ns3:hr>
            <ns3:cad>82</ns3:cad>
          </ns3:TrackPointExtension>
        </extensions>
      </trkpt>
      <trkpt lat="35.75591859407722949981689453125" lon="139.53325116075575351715087890625">
        <ele>50.799999237060546875</ele>
        <time>2026-09-30T22:57:23.000Z</time>
        <extensions>
          <ns3:TrackPointExtension>
            <ns3:hr>144</ns3:hr>
            <ns3:cad>82</ns3:cad>
          </ns3:TrackPointExtension>
        </extensions>
      </trkpt>
      <trkpt lat="35.75592664070427417755126953125" lon="139.5332713611423969268798828125">
        <ele>50.799999237060546875</ele>
        <time>2026-09-30T22:57:24.000Z</time>
        <extensions>
          <ns3:TrackPointExtension>
            <ns3:hr>143</ns3:hr>
            <ns3:cad>82</ns3:cad>
          </ns3:TrackPointExtension>
        </extensions>
      </trkpt>
      <trkpt lat="35.75593669898808002471923828125" lon="139.53329256735742092132568359375">
        <ele>50.59999847412109375</ele>
        <time>2026-09-30T22:57:25.000Z</time>
        <extensions>
          <ns3:TrackPointExtension>
            <ns3:hr>143</ns3:hr>
            <ns3:cad>82</ns3:cad>
          </ns3:TrackPointExtension>
        </extensions>
      </trkpt>
      <trkpt lat="35.755950026214122772216796875" lon="139.5333199761807918548583984375">
        <ele>50.59999847412109375</ele>
        <time>2026-09-30T22:57:26.000Z</time>
        <extensions>
          <ns3:TrackPointExtension>
            <ns3:hr>143</ns3:hr>
            <ns3:cad>81</ns3:cad>
          </ns3:TrackPointExtension>
        </extensions>
      </trkpt>
      <trkpt lat="35.755959413945674896240234375" lon="139.533341266214847564697265625">
        <ele>50.59999847412109375</ele>
        <time>2026-09-30T22:57:27.000Z</time>
        <extensions>
          <ns3:TrackPointExtension>
            <ns3:hr>143</ns3:hr>
            <ns3:cad>81</ns3:cad>
          </ns3:TrackPointExtension>
        </extensions>
      </trkpt>
      <trkpt lat="35.755962431430816650390625" lon="139.53336515463888645172119140625">
        <ele>50.59999847412109375</ele>
        <time>2026-09-30T22:57:28.000Z</time>
        <extensions>
          <ns3:TrackPointExtension>
            <ns3:hr>143</ns3:hr>
            <ns3:cad>81</ns3:cad>
          </ns3:TrackPointExtension>
        </extensions>
      </trkpt>
      <trkpt lat="35.7559693045914173126220703125" lon="139.53338610939681529998779296875">
        <ele>50.59999847412109375</ele>
        <time>2026-09-30T22:57:29.000Z</time>
        <extensions>
          <ns3:TrackPointExtension>
            <ns3:hr>143</ns3:hr>
            <ns3:cad>81</ns3:cad>
          </ns3:TrackPointExtension>
        </extensions>
      </trkpt>
      <trkpt lat="35.75597525574266910552978515625" lon="139.53340865671634674072265625">
        <ele>50.799999237060546875</ele>
        <time>2026-09-30T22:57:30.000Z</time>
        <extensions>
          <ns3:TrackPointExtension>
            <ns3:hr>143</ns3:hr>
            <ns3:cad>82</ns3:cad>
          </ns3:TrackPointExtension>
        </extensions>
      </trkpt>
      <trkpt lat="35.7559830509126186370849609375" lon="139.533428438007831573486328125">
        <ele>51</ele>
        <time>2026-09-30T22:57:31.000Z</time>
        <extensions>
          <ns3:TrackPointExtension>
            <ns3:hr>143</ns3:hr>
            <ns3:cad>82</ns3:cad>
          </ns3:TrackPointExtension>
        </extensions>
      </trkpt>
      <trkpt lat="35.75599134899675846099853515625" lon="139.53344763256609439849853515625">
        <ele>51</ele>
        <time>2026-09-30T22:57:32.000Z</time>
        <extensions>
          <ns3:TrackPointExtension>
            <ns3:hr>144</ns3:hr>
            <ns3:cad>82</ns3:cad>
          </ns3:TrackPointExtension>
        </extensions>
      </trkpt>
      <trkpt lat="35.755999647080898284912109375" lon="139.53346632421016693115234375">
        <ele>51</ele>
        <time>2026-09-30T22:57:33.000Z</time>
        <extensions>
          <ns3:TrackPointExtension>
            <ns3:hr>144</ns3:hr>
            <ns3:cad>82</ns3:cad>
          </ns3:TrackPointExtension>
        </extensions>
      </trkpt>
      <trkpt lat="35.75601062737405300140380859375" lon="139.5334835909307003021240234375">
        <ele>51</ele>
        <time>2026-09-30T22:57:34.000Z</time>
        <extensions>
          <ns3:TrackPointExtension>
            <ns3:hr>145</ns3:hr>
            <ns3:cad>82</ns3:cad>
          </ns3:TrackPointExtension>
        </extensions>
      </trkpt>
      <trkpt lat="35.75601733289659023284912109375" lon="139.53350228257477283477783203125">
        <ele>51</ele>
        <time>2026-09-30T22:57:35.000Z</time>
        <extensions>
          <ns3:TrackPointExtension>
            <ns3:hr>145</ns3:hr>
            <ns3:cad>83</ns3:cad>
          </ns3:TrackPointExtension>
        </extensions>
      </trkpt>
      <trkpt lat="35.756022445857524871826171875" lon="139.5335214771330356597900390625">
        <ele>51</ele>
        <time>2026-09-30T22:57:36.000Z</time>
        <extensions>
          <ns3:TrackPointExtension>
            <ns3:hr>145</ns3:hr>
            <ns3:cad>83</ns3:cad>
          </ns3:TrackPointExtension>
        </extensions>
      </trkpt>
      <trkpt lat="35.75602747499942779541015625" lon="139.533541090786457061767578125">
        <ele>51</ele>
        <time>2026-09-30T22:57:37.000Z</time>
        <extensions>
          <ns3:TrackPointExtension>
            <ns3:hr>145</ns3:hr>
            <ns3:cad>82</ns3:cad>
          </ns3:TrackPointExtension>
        </extensions>
      </trkpt>
      <trkpt lat="35.75603761710226535797119140625" lon="139.53355609439313411712646484375">
        <ele>50.799999237060546875</ele>
        <time>2026-09-30T22:57:38.000Z</time>
        <extensions>
          <ns3:TrackPointExtension>
            <ns3:hr>145</ns3:hr>
            <ns3:cad>81</ns3:cad>
          </ns3:TrackPointExtension>
        </extensions>
      </trkpt>
      <trkpt lat="35.7560430653393268585205078125" lon="139.533573947846889495849609375">
        <ele>50.799999237060546875</ele>
        <time>2026-09-30T22:57:39.000Z</time>
        <extensions>
          <ns3:TrackPointExtension>
            <ns3:hr>144</ns3:hr>
            <ns3:cad>80</ns3:cad>
          </ns3:TrackPointExtension>
        </extensions>
      </trkpt>
      <trkpt lat="35.756051279604434967041015625" lon="139.5335922203958034515380859375">
        <ele>50.799999237060546875</ele>
        <time>2026-09-30T22:57:40.000Z</time>
        <extensions>
          <ns3:TrackPointExtension>
            <ns3:hr>144</ns3:hr>
            <ns3:cad>80</ns3:cad>
          </ns3:TrackPointExtension>
        </extensions>
      </trkpt>
      <trkpt lat="35.7560571469366550445556640625" lon="139.53360789455473423004150390625">
        <ele>50.799999237060546875</ele>
        <time>2026-09-30T22:57:41.000Z</time>
        <extensions>
          <ns3:TrackPointExtension>
            <ns3:hr>144</ns3:hr>
            <ns3:cad>80</ns3:cad>
          </ns3:TrackPointExtension>
        </extensions>
      </trkpt>
      <trkpt lat="35.75605438090860843658447265625" lon="139.53362859785556793212890625">
        <ele>50.799999237060546875</ele>
        <time>2026-09-30T22:57:42.000Z</time>
        <extensions>
          <ns3:TrackPointExtension>
            <ns3:hr>144</ns3:hr>
            <ns3:cad>80</ns3:cad>
          </ns3:TrackPointExtension>
        </extensions>
      </trkpt>
      <trkpt lat="35.756063349545001983642578125" lon="139.533645026385784149169921875">
        <ele>50.799999237060546875</ele>
        <time>2026-09-30T22:57:43.000Z</time>
        <extensions>
          <ns3:TrackPointExtension>
            <ns3:hr>144</ns3:hr>
            <ns3:cad>80</ns3:cad>
          </ns3:TrackPointExtension>
        </extensions>
      </trkpt>
      <trkpt lat="35.75607650913298130035400390625" lon="139.533659778535366058349609375">
        <ele>50.799999237060546875</ele>
        <time>2026-09-30T22:57:44.000Z</time>
        <extensions>
          <ns3:TrackPointExtension>
            <ns3:hr>144</ns3:hr>
            <ns3:cad>81</ns3:cad>
          </ns3:TrackPointExtension>
        </extensions>
      </trkpt>
      <trkpt lat="35.7560943625867366790771484375" lon="139.5336696691811084747314453125">
        <ele>50.799999237060546875</ele>
        <time>2026-09-30T22:57:45.000Z</time>
        <extensions>
          <ns3:TrackPointExtension>
            <ns3:hr>143</ns3:hr>
            <ns3:cad>81</ns3:cad>
          </ns3:TrackPointExtension>
        </extensions>
      </trkpt>
      <trkpt lat="35.7561138086020946502685546875" lon="139.5336824096739292144775390625">
        <ele>51</ele>
        <time>2026-09-30T22:57:46.000Z</time>
        <extensions>
          <ns3:TrackPointExtension>
            <ns3:hr>143</ns3:hr>
            <ns3:cad>81</ns3:cad>
          </ns3:TrackPointExtension>
        </extensions>
      </trkpt>
      <trkpt lat="35.75613015331327915191650390625" lon="139.533695988357067108154296875">
        <ele>51</ele>
        <time>2026-09-30T22:57:47.000Z</time>
        <extensions>
          <ns3:TrackPointExtension>
            <ns3:hr>143</ns3:hr>
            <ns3:cad>80</ns3:cad>
          </ns3:TrackPointExtension>
        </extensions>
      </trkpt>
      <trkpt lat="35.75615647248923778533935546875" lon="139.53371166251599788665771484375">
        <ele>51</ele>
        <time>2026-09-30T22:57:48.000Z</time>
        <extensions>
          <ns3:TrackPointExtension>
            <ns3:hr>143</ns3:hr>
            <ns3:cad>80</ns3:cad>
          </ns3:TrackPointExtension>
        </extensions>
      </trkpt>
      <trkpt lat="35.75617943890392780303955078125" lon="139.53372742049396038055419921875">
        <ele>51</ele>
        <time>2026-09-30T22:57:49.000Z</time>
        <extensions>
          <ns3:TrackPointExtension>
            <ns3:hr>143</ns3:hr>
            <ns3:cad>79</ns3:cad>
          </ns3:TrackPointExtension>
        </extensions>
      </trkpt>
      <trkpt lat="35.7561986334621906280517578125" lon="139.53374485485255718231201171875">
        <ele>50.799999237060546875</ele>
        <time>2026-09-30T22:57:50.000Z</time>
        <extensions>
          <ns3:TrackPointExtension>
            <ns3:hr>143</ns3:hr>
            <ns3:cad>79</ns3:cad>
          </ns3:TrackPointExtension>
        </extensions>
      </trkpt>
      <trkpt lat="35.756214559078216552734375" lon="139.53376094810664653778076171875">
        <ele>50.799999237060546875</ele>
        <time>2026-09-30T22:57:51.000Z</time>
        <extensions>
          <ns3:TrackPointExtension>
            <ns3:hr>143</ns3:hr>
            <ns3:cad>79</ns3:cad>
          </ns3:TrackPointExtension>
        </extensions>
      </trkpt>
      <trkpt lat="35.7562301494181156158447265625" lon="139.533778466284275054931640625">
        <ele>50.799999237060546875</ele>
        <time>2026-09-30T22:57:52.000Z</time>
        <extensions>
          <ns3:TrackPointExtension>
            <ns3:hr>143</ns3:hr>
            <ns3:cad>80</ns3:cad>
          </ns3:TrackPointExtension>
        </extensions>
      </trkpt>
      <trkpt lat="35.75624163262546062469482421875" lon="139.53379631973803043365478515625">
        <ele>50.799999237060546875</ele>
        <time>2026-09-30T22:57:53.000Z</time>
        <extensions>
          <ns3:TrackPointExtension>
            <ns3:hr>143</ns3:hr>
            <ns3:cad>80</ns3:cad>
          </ns3:TrackPointExtension>
        </extensions>
      </trkpt>
      <trkpt lat="35.7562534511089324951171875" lon="139.5338135026395320892333984375">
        <ele>50.799999237060546875</ele>
        <time>2026-09-30T22:57:54.000Z</time>
        <extensions>
          <ns3:TrackPointExtension>
            <ns3:hr>143</ns3:hr>
            <ns3:cad>80</ns3:cad>
          </ns3:TrackPointExtension>
        </extensions>
      </trkpt>
      <trkpt lat="35.7562620006501674652099609375" lon="139.53382984735071659088134765625">
        <ele>50.799999237060546875</ele>
        <time>2026-09-30T22:57:55.000Z</time>
        <extensions>
          <ns3:TrackPointExtension>
            <ns3:hr>143</ns3:hr>
            <ns3:cad>80</ns3:cad>
          </ns3:TrackPointExtension>
        </extensions>
      </trkpt>
      <trkpt lat="35.7562723942101001739501953125" lon="139.5338438451290130615234375">
        <ele>50.59999847412109375</ele>
        <time>2026-09-30T22:57:56.000Z</time>
        <extensions>
          <ns3:TrackPointExtension>
            <ns3:hr>143</ns3:hr>
            <ns3:cad>80</ns3:cad>
          </ns3:TrackPointExtension>
        </extensions>
      </trkpt>
      <trkpt lat="35.7562829554080963134765625" lon="139.53386186622083187103271484375">
        <ele>50.59999847412109375</ele>
        <time>2026-09-30T22:57:57.000Z</time>
        <extensions>
          <ns3:TrackPointExtension>
            <ns3:hr>143</ns3:hr>
            <ns3:cad>80</ns3:cad>
          </ns3:TrackPointExtension>
        </extensions>
      </trkpt>
      <trkpt lat="35.75629192404448986053466796875" lon="139.53388013876974582672119140625">
        <ele>50.40000152587890625</ele>
        <time>2026-09-30T22:57:58.000Z</time>
        <extensions>
          <ns3:TrackPointExtension>
            <ns3:hr>143</ns3:hr>
            <ns3:cad>80</ns3:cad>
          </ns3:TrackPointExtension>
        </extensions>
      </trkpt>
      <trkpt lat="35.75629762373864650726318359375" lon="139.53389941714704036712646484375">
        <ele>50.40000152587890625</ele>
        <time>2026-09-30T22:57:59.000Z</time>
        <extensions>
          <ns3:TrackPointExtension>
            <ns3:hr>143</ns3:hr>
            <ns3:cad>80</ns3:cad>
          </ns3:TrackPointExtension>
        </extensions>
      </trkpt>
      <trkpt lat="35.75630919076502323150634765625" lon="139.53391852788627147674560546875">
        <ele>50.40000152587890625</ele>
        <time>2026-09-30T22:58:00.000Z</time>
        <extensions>
          <ns3:TrackPointExtension>
            <ns3:hr>143</ns3:hr>
            <ns3:cad>80</ns3:cad>
          </ns3:TrackPointExtension>
        </extensions>
      </trkpt>
      <trkpt lat="35.75631539337337017059326171875" lon="139.5339365489780902862548828125">
        <ele>50.200000762939453125</ele>
        <time>2026-09-30T22:58:01.000Z</time>
        <extensions>
          <ns3:TrackPointExtension>
            <ns3:hr>143</ns3:hr>
            <ns3:cad>80</ns3:cad>
          </ns3:TrackPointExtension>
        </extensions>
      </trkpt>
      <trkpt lat="35.7563203386962413787841796875" lon="139.53395314514636993408203125">
        <ele>50.200000762939453125</ele>
        <time>2026-09-30T22:58:02.000Z</time>
        <extensions>
          <ns3:TrackPointExtension>
            <ns3:hr>143</ns3:hr>
            <ns3:cad>80</ns3:cad>
          </ns3:TrackPointExtension>
        </extensions>
      </trkpt>
      <trkpt lat="35.75632654130458831787109375" lon="139.53397099860012531280517578125">
        <ele>50.200000762939453125</ele>
        <time>2026-09-30T22:58:03.000Z</time>
        <extensions>
          <ns3:TrackPointExtension>
            <ns3:hr>142</ns3:hr>
            <ns3:cad>81</ns3:cad>
          </ns3:TrackPointExtension>
        </extensions>
      </trkpt>
      <trkpt lat="35.756334923207759857177734375" lon="139.53398910351097583770751953125">
        <ele>50.200000762939453125</ele>
        <time>2026-09-30T22:58:04.000Z</time>
        <extensions>
          <ns3:TrackPointExtension>
            <ns3:hr>142</ns3:hr>
            <ns3:cad>81</ns3:cad>
          </ns3:TrackPointExtension>
        </extensions>
      </trkpt>
      <trkpt lat="35.75634255073964595794677734375" lon="139.5340099744498729705810546875">
        <ele>50.200000762939453125</ele>
        <time>2026-09-30T22:58:05.000Z</time>
        <extensions>
          <ns3:TrackPointExtension>
            <ns3:hr>142</ns3:hr>
            <ns3:cad>81</ns3:cad>
          </ns3:TrackPointExtension>
        </extensions>
      </trkpt>
      <trkpt lat="35.75635470449924468994140625" lon="139.53402933664619922637939453125">
        <ele>50.200000762939453125</ele>
        <time>2026-09-30T22:58:06.000Z</time>
        <extensions>
          <ns3:TrackPointExtension>
            <ns3:hr>142</ns3:hr>
            <ns3:cad>81</ns3:cad>
          </ns3:TrackPointExtension>
        </extensions>
      </trkpt>
      <trkpt lat="35.75636551715433597564697265625" lon="139.5340505428612232208251953125">
        <ele>50.200000762939453125</ele>
        <time>2026-09-30T22:58:07.000Z</time>
        <extensions>
          <ns3:TrackPointExtension>
            <ns3:hr>142</ns3:hr>
            <ns3:cad>81</ns3:cad>
          </ns3:TrackPointExtension>
        </extensions>
      </trkpt>
      <trkpt lat="35.756377167999744415283203125" lon="139.53407241962850093841552734375">
        <ele>50.200000762939453125</ele>
        <time>2026-09-30T22:58:08.000Z</time>
        <extensions>
          <ns3:TrackPointExtension>
            <ns3:hr>142</ns3:hr>
            <ns3:cad>80</ns3:cad>
          </ns3:TrackPointExtension>
        </extensions>
      </trkpt>
      <trkpt lat="35.75638714246451854705810546875" lon="139.534096308052539825439453125">
        <ele>50.200000762939453125</ele>
        <time>2026-09-30T22:58:09.000Z</time>
        <extensions>
          <ns3:TrackPointExtension>
            <ns3:hr>142</ns3:hr>
            <ns3:cad>81</ns3:cad>
          </ns3:TrackPointExtension>
        </extensions>
      </trkpt>
      <trkpt lat="35.75639602728188037872314453125" lon="139.53412153758108615875244140625">
        <ele>50.200000762939453125</ele>
        <time>2026-09-30T22:58:10.000Z</time>
        <extensions>
          <ns3:TrackPointExtension>
            <ns3:hr>142</ns3:hr>
            <ns3:cad>81</ns3:cad>
          </ns3:TrackPointExtension>
        </extensions>
      </trkpt>
      <trkpt lat="35.75640776194632053375244140625" lon="139.53414467163383960723876953125">
        <ele>50.200000762939453125</ele>
        <time>2026-09-30T22:58:11.000Z</time>
        <extensions>
          <ns3:TrackPointExtension>
            <ns3:hr>141</ns3:hr>
            <ns3:cad>82</ns3:cad>
          </ns3:TrackPointExtension>
        </extensions>
      </trkpt>
      <trkpt lat="35.75641765259206295013427734375" lon="139.53417065553367137908935546875">
        <ele>50.200000762939453125</ele>
        <time>2026-09-30T22:58:12.000Z</time>
        <extensions>
          <ns3:TrackPointExtension>
            <ns3:hr>142</ns3:hr>
            <ns3:cad>83</ns3:cad>
          </ns3:TrackPointExtension>
        </extensions>
      </trkpt>
      <trkpt lat="35.75643156655132770538330078125" lon="139.534196220338344573974609375">
        <ele>50.200000762939453125</ele>
        <time>2026-09-30T22:58:13.000Z</time>
        <extensions>
          <ns3:TrackPointExtension>
            <ns3:hr>142</ns3:hr>
            <ns3:cad>83</ns3:cad>
          </ns3:TrackPointExtension>
        </extensions>
      </trkpt>
      <trkpt lat="35.75644900090992450714111328125" lon="139.534219019114971160888671875">
        <ele>50.200000762939453125</ele>
        <time>2026-09-30T22:58:14.000Z</time>
        <extensions>
          <ns3:TrackPointExtension>
            <ns3:hr>142</ns3:hr>
            <ns3:cad>83</ns3:cad>
          </ns3:TrackPointExtension>
        </extensions>
      </trkpt>
      <trkpt lat="35.75646241195499897003173828125" lon="139.53424240462481975555419921875">
        <ele>50.200000762939453125</ele>
        <time>2026-09-30T22:58:15.000Z</time>
        <extensions>
          <ns3:TrackPointExtension>
            <ns3:hr>142</ns3:hr>
            <ns3:cad>84</ns3:cad>
          </ns3:TrackPointExtension>
        </extensions>
      </trkpt>
      <trkpt lat="35.75647196732461452484130859375" lon="139.53426805324852466583251953125">
        <ele>50.200000762939453125</ele>
        <time>2026-09-30T22:58:16.000Z</time>
        <extensions>
          <ns3:TrackPointExtension>
            <ns3:hr>143</ns3:hr>
            <ns3:cad>84</ns3:cad>
          </ns3:TrackPointExtension>
        </extensions>
      </trkpt>
      <trkpt lat="35.7564883120357990264892578125" lon="139.53428833745419979095458984375">
        <ele>50</ele>
        <time>2026-09-30T22:58:17.000Z</time>
        <extensions>
          <ns3:TrackPointExtension>
            <ns3:hr>145</ns3:hr>
            <ns3:cad>85</ns3:cad>
          </ns3:TrackPointExtension>
        </extensions>
      </trkpt>
      <trkpt lat="35.75650063343346118927001953125" lon="139.53431189060211181640625">
        <ele>50</ele>
        <time>2026-09-30T22:58:18.000Z</time>
        <extensions>
          <ns3:TrackPointExtension>
            <ns3:hr>145</ns3:hr>
            <ns3:cad>85</ns3:cad>
          </ns3:TrackPointExtension>
        </extensions>
      </trkpt>
      <trkpt lat="35.756508596241474151611328125" lon="139.534333012998104095458984375">
        <ele>50</ele>
        <time>2026-09-30T22:58:19.000Z</time>
        <extensions>
          <ns3:TrackPointExtension>
            <ns3:hr>146</ns3:hr>
            <ns3:cad>85</ns3:cad>
          </ns3:TrackPointExtension>
        </extensions>
      </trkpt>
      <trkpt lat="35.75651169754564762115478515625" lon="139.5343549735844135284423828125">
        <ele>50.200000762939453125</ele>
        <time>2026-09-30T22:58:20.000Z</time>
        <extensions>
          <ns3:TrackPointExtension>
            <ns3:hr>146</ns3:hr>
            <ns3:cad>85</ns3:cad>
          </ns3:TrackPointExtension>
        </extensions>
      </trkpt>
      <trkpt lat="35.7565107755362987518310546875" lon="139.53438087366521358489990234375">
        <ele>50</ele>
        <time>2026-09-30T22:58:21.000Z</time>
        <extensions>
          <ns3:TrackPointExtension>
            <ns3:hr>146</ns3:hr>
            <ns3:cad>85</ns3:cad>
          </ns3:TrackPointExtension>
        </extensions>
      </trkpt>
      <trkpt lat="35.75651437975466251373291015625" lon="139.53440182842314243316650390625">
        <ele>50.200000762939453125</ele>
        <time>2026-09-30T22:58:22.000Z</time>
        <extensions>
          <ns3:TrackPointExtension>
            <ns3:hr>146</ns3:hr>
            <ns3:cad>84</ns3:cad>
          </ns3:TrackPointExtension>
        </extensions>
      </trkpt>
      <trkpt lat="35.75652326457202434539794921875" lon="139.5344233699142932891845703125">
        <ele>50.200000762939453125</ele>
        <time>2026-09-30T22:58:23.000Z</time>
        <extensions>
          <ns3:TrackPointExtension>
            <ns3:hr>146</ns3:hr>
            <ns3:cad>84</ns3:cad>
          </ns3:TrackPointExtension>
        </extensions>
      </trkpt>
      <trkpt lat="35.7565365917980670928955078125" lon="139.5344458334147930145263671875">
        <ele>50.200000762939453125</ele>
        <time>2026-09-30T22:58:24.000Z</time>
        <extensions>
          <ns3:TrackPointExtension>
            <ns3:hr>146</ns3:hr>
            <ns3:cad>84</ns3:cad>
          </ns3:TrackPointExtension>
        </extensions>
      </trkpt>
      <trkpt lat="35.756548829376697540283203125" lon="139.53446888364851474761962890625">
        <ele>50.200000762939453125</ele>
        <time>2026-09-30T22:58:25.000Z</time>
        <extensions>
          <ns3:TrackPointExtension>
            <ns3:hr>146</ns3:hr>
            <ns3:cad>84</ns3:cad>
          </ns3:TrackPointExtension>
        </extensions>
      </trkpt>
      <trkpt lat="35.7565590552985668182373046875" lon="139.53449151478707790374755859375">
        <ele>50.200000762939453125</ele>
        <time>2026-09-30T22:58:26.000Z</time>
        <extensions>
          <ns3:TrackPointExtension>
            <ns3:hr>146</ns3:hr>
            <ns3:cad>83</ns3:cad>
          </ns3:TrackPointExtension>
        </extensions>
      </trkpt>
      <trkpt lat="35.75657389126718044281005859375" lon="139.53451431356370449066162109375">
        <ele>50.200000762939453125</ele>
        <time>2026-09-30T22:58:27.000Z</time>
        <extensions>
          <ns3:TrackPointExtension>
            <ns3:hr>146</ns3:hr>
            <ns3:cad>83</ns3:cad>
          </ns3:TrackPointExtension>
        </extensions>
      </trkpt>
      <trkpt lat="35.75658797286450862884521484375" lon="139.53453962691128253936767578125">
        <ele>50</ele>
        <time>2026-09-30T22:58:28.000Z</time>
        <extensions>
          <ns3:TrackPointExtension>
            <ns3:hr>146</ns3:hr>
            <ns3:cad>84</ns3:cad>
          </ns3:TrackPointExtension>
        </extensions>
      </trkpt>
      <trkpt lat="35.75659786351025104522705078125" lon="139.5345638506114482879638671875">
        <ele>50</ele>
        <time>2026-09-30T22:58:29.000Z</time>
        <extensions>
          <ns3:TrackPointExtension>
            <ns3:hr>146</ns3:hr>
            <ns3:cad>86</ns3:cad>
          </ns3:TrackPointExtension>
        </extensions>
      </trkpt>
      <trkpt lat="35.75660674832761287689208984375" lon="139.5345889963209629058837890625">
        <ele>50</ele>
        <time>2026-09-30T22:58:30.000Z</time>
        <extensions>
          <ns3:TrackPointExtension>
            <ns3:hr>146</ns3:hr>
            <ns3:cad>86</ns3:cad>
          </ns3:TrackPointExtension>
        </extensions>
      </trkpt>
      <trkpt lat="35.75661663897335529327392578125" lon="139.53461162745952606201171875">
        <ele>49.799999237060546875</ele>
        <time>2026-09-30T22:58:31.000Z</time>
        <extensions>
          <ns3:TrackPointExtension>
            <ns3:hr>146</ns3:hr>
            <ns3:cad>86</ns3:cad>
          </ns3:TrackPointExtension>
        </extensions>
      </trkpt>
      <trkpt lat="35.7566217519342899322509765625" lon="139.53463937155902385711669921875">
        <ele>49.799999237060546875</ele>
        <time>2026-09-30T22:58:32.000Z</time>
        <extensions>
          <ns3:TrackPointExtension>
            <ns3:hr>146</ns3:hr>
            <ns3:cad>86</ns3:cad>
          </ns3:TrackPointExtension>
        </extensions>
      </trkpt>
      <trkpt lat="35.75663072057068347930908203125" lon="139.53465982340276241302490234375">
        <ele>49.799999237060546875</ele>
        <time>2026-09-30T22:58:33.000Z</time>
        <extensions>
          <ns3:TrackPointExtension>
            <ns3:hr>146</ns3:hr>
            <ns3:cad>85</ns3:cad>
          </ns3:TrackPointExtension>
        </extensions>
      </trkpt>
      <trkpt lat="35.756642036139965057373046875" lon="139.5346805267035961151123046875">
        <ele>49.799999237060546875</ele>
        <time>2026-09-30T22:58:34.000Z</time>
        <extensions>
          <ns3:TrackPointExtension>
            <ns3:hr>146</ns3:hr>
            <ns3:cad>85</ns3:cad>
          </ns3:TrackPointExtension>
        </extensions>
      </trkpt>
      <trkpt lat="35.75665318407118320465087890625" lon="139.53470206819474697113037109375">
        <ele>49.799999237060546875</ele>
        <time>2026-09-30T22:58:35.000Z</time>
        <extensions>
          <ns3:TrackPointExtension>
            <ns3:hr>146</ns3:hr>
            <ns3:cad>85</ns3:cad>
          </ns3:TrackPointExtension>
        </extensions>
      </trkpt>
      <trkpt lat="35.75666240416467189788818359375" lon="139.53472235240042209625244140625">
        <ele>49.799999237060546875</ele>
        <time>2026-09-30T22:58:36.000Z</time>
        <extensions>
          <ns3:TrackPointExtension>
            <ns3:hr>146</ns3:hr>
            <ns3:cad>85</ns3:cad>
          </ns3:TrackPointExtension>
        </extensions>
      </trkpt>
      <trkpt lat="35.756666846573352813720703125" lon="139.534746743738651275634765625">
        <ele>49.799999237060546875</ele>
        <time>2026-09-30T22:58:37.000Z</time>
        <extensions>
          <ns3:TrackPointExtension>
            <ns3:hr>146</ns3:hr>
            <ns3:cad>85</ns3:cad>
          </ns3:TrackPointExtension>
        </extensions>
      </trkpt>
      <trkpt lat="35.75667313300073146820068359375" lon="139.53476811759173870086669921875">
        <ele>49.799999237060546875</ele>
        <time>2026-09-30T22:58:38.000Z</time>
        <extensions>
          <ns3:TrackPointExtension>
            <ns3:hr>146</ns3:hr>
            <ns3:cad>85</ns3:cad>
          </ns3:TrackPointExtension>
        </extensions>
      </trkpt>
      <trkpt lat="35.75668101198971271514892578125" lon="139.53478940762579441070556640625">
        <ele>49.799999237060546875</ele>
        <time>2026-09-30T22:58:39.000Z</time>
        <extensions>
          <ns3:TrackPointExtension>
            <ns3:hr>146</ns3:hr>
            <ns3:cad>85</ns3:cad>
          </ns3:TrackPointExtension>
        </extensions>
      </trkpt>
      <trkpt lat="35.75668998062610626220703125" lon="139.534810446202754974365234375">
        <ele>49.799999237060546875</ele>
        <time>2026-09-30T22:58:40.000Z</time>
        <extensions>
          <ns3:TrackPointExtension>
            <ns3:hr>146</ns3:hr>
            <ns3:cad>85</ns3:cad>
          </ns3:TrackPointExtension>
        </extensions>
      </trkpt>
      <trkpt lat="35.75669844634830951690673828125" lon="139.5348324067890644073486328125">
        <ele>49.799999237060546875</ele>
        <time>2026-09-30T22:58:41.000Z</time>
        <extensions>
          <ns3:TrackPointExtension>
            <ns3:hr>146</ns3:hr>
            <ns3:cad>84</ns3:cad>
          </ns3:TrackPointExtension>
        </extensions>
      </trkpt>
      <trkpt lat="35.756707079708576202392578125" lon="139.53485663048923015594482421875">
        <ele>50</ele>
        <time>2026-09-30T22:58:42.000Z</time>
        <extensions>
          <ns3:TrackPointExtension>
            <ns3:hr>146</ns3:hr>
            <ns3:cad>84</ns3:cad>
          </ns3:TrackPointExtension>
        </extensions>
      </trkpt>
      <trkpt lat="35.75671470724046230316162109375" lon="139.53488160856068134307861328125">
        <ele>50</ele>
        <time>2026-09-30T22:58:43.000Z</time>
        <extensions>
          <ns3:TrackPointExtension>
            <ns3:hr>146</ns3:hr>
            <ns3:cad>84</ns3:cad>
          </ns3:TrackPointExtension>
        </extensions>
      </trkpt>
      <trkpt lat="35.75672350823879241943359375" lon="139.53490532934665679931640625">
        <ele>50</ele>
        <time>2026-09-30T22:58:44.000Z</time>
        <extensions>
          <ns3:TrackPointExtension>
            <ns3:hr>146</ns3:hr>
            <ns3:cad>84</ns3:cad>
          </ns3:TrackPointExtension>
        </extensions>
      </trkpt>
      <trkpt lat="35.75673423707485198974609375" lon="139.534928463399410247802734375">
        <ele>50</ele>
        <time>2026-09-30T22:58:45.000Z</time>
        <extensions>
          <ns3:TrackPointExtension>
            <ns3:hr>146</ns3:hr>
            <ns3:cad>85</ns3:cad>
          </ns3:TrackPointExtension>
        </extensions>
      </trkpt>
      <trkpt lat="35.7567458041012287139892578125" lon="139.53495025634765625">
        <ele>50</ele>
        <time>2026-09-30T22:58:46.000Z</time>
        <extensions>
          <ns3:TrackPointExtension>
            <ns3:hr>146</ns3:hr>
            <ns3:cad>85</ns3:cad>
          </ns3:TrackPointExtension>
        </extensions>
      </trkpt>
      <trkpt lat="35.75675527565181255340576171875" lon="139.534971378743648529052734375">
        <ele>50</ele>
        <time>2026-09-30T22:58:47.000Z</time>
        <extensions>
          <ns3:TrackPointExtension>
            <ns3:hr>146</ns3:hr>
            <ns3:cad>85</ns3:cad>
          </ns3:TrackPointExtension>
        </extensions>
      </trkpt>
      <trkpt lat="35.7567622326314449310302734375" lon="139.53499292023479938507080078125">
        <ele>49.799999237060546875</ele>
        <time>2026-09-30T22:58:48.000Z</time>
        <extensions>
          <ns3:TrackPointExtension>
            <ns3:hr>147</ns3:hr>
            <ns3:cad>85</ns3:cad>
          </ns3:TrackPointExtension>
        </extensions>
      </trkpt>
      <trkpt lat="35.7567709498107433319091796875" lon="139.53501471318304538726806640625">
        <ele>49.59999847412109375</ele>
        <time>2026-09-30T22:58:49.000Z</time>
        <extensions>
          <ns3:TrackPointExtension>
            <ns3:hr>147</ns3:hr>
            <ns3:cad>85</ns3:cad>
          </ns3:TrackPointExtension>
        </extensions>
      </trkpt>
      <trkpt lat="35.75677874498069286346435546875" lon="139.53503700904548168182373046875">
        <ele>49.59999847412109375</ele>
        <time>2026-09-30T22:58:50.000Z</time>
        <extensions>
          <ns3:TrackPointExtension>
            <ns3:hr>147</ns3:hr>
            <ns3:cad>86</ns3:cad>
          </ns3:TrackPointExtension>
        </extensions>
      </trkpt>
      <trkpt lat="35.75678679160773754119873046875" lon="139.535060226917266845703125">
        <ele>49.59999847412109375</ele>
        <time>2026-09-30T22:58:51.000Z</time>
        <extensions>
          <ns3:TrackPointExtension>
            <ns3:hr>148</ns3:hr>
            <ns3:cad>87</ns3:cad>
          </ns3:TrackPointExtension>
        </extensions>
      </trkpt>
      <trkpt lat="35.75679886154830455780029296875" lon="139.53508235514163970947265625">
        <ele>49.40000152587890625</ele>
        <time>2026-09-30T22:58:52.000Z</time>
        <extensions>
          <ns3:TrackPointExtension>
            <ns3:hr>149</ns3:hr>
            <ns3:cad>87</ns3:cad>
          </ns3:TrackPointExtension>
        </extensions>
      </trkpt>
      <trkpt lat="35.75680891983211040496826171875" lon="139.53510607592761516571044921875">
        <ele>49.40000152587890625</ele>
        <time>2026-09-30T22:58:53.000Z</time>
        <extensions>
          <ns3:TrackPointExtension>
            <ns3:hr>149</ns3:hr>
            <ns3:cad>86</ns3:cad>
          </ns3:TrackPointExtension>
        </extensions>
      </trkpt>
      <trkpt lat="35.75681797228753566741943359375" lon="139.53513172455132007598876953125">
        <ele>49.40000152587890625</ele>
        <time>2026-09-30T22:58:54.000Z</time>
        <extensions>
          <ns3:TrackPointExtension>
            <ns3:hr>149</ns3:hr>
            <ns3:cad>85</ns3:cad>
          </ns3:TrackPointExtension>
        </extensions>
      </trkpt>
      <trkpt lat="35.7568266056478023529052734375" lon="139.53515745699405670166015625">
        <ele>49</ele>
        <time>2026-09-30T22:58:55.000Z</time>
        <extensions>
          <ns3:TrackPointExtension>
            <ns3:hr>149</ns3:hr>
            <ns3:cad>85</ns3:cad>
          </ns3:TrackPointExtension>
        </extensions>
      </trkpt>
      <trkpt lat="35.75683775357902050018310546875" lon="139.5351794175803661346435546875">
        <ele>48.799999237060546875</ele>
        <time>2026-09-30T22:58:56.000Z</time>
        <extensions>
          <ns3:TrackPointExtension>
            <ns3:hr>149</ns3:hr>
            <ns3:cad>85</ns3:cad>
          </ns3:TrackPointExtension>
        </extensions>
      </trkpt>
      <trkpt lat="35.75684630312025547027587890625" lon="139.5352018810808658599853515625">
        <ele>48.799999237060546875</ele>
        <time>2026-09-30T22:58:57.000Z</time>
        <extensions>
          <ns3:TrackPointExtension>
            <ns3:hr>149</ns3:hr>
            <ns3:cad>85</ns3:cad>
          </ns3:TrackPointExtension>
        </extensions>
      </trkpt>
      <trkpt lat="35.7568569481372833251953125" lon="139.5352246798574924468994140625">
        <ele>48.40000152587890625</ele>
        <time>2026-09-30T22:58:58.000Z</time>
        <extensions>
          <ns3:TrackPointExtension>
            <ns3:hr>149</ns3:hr>
            <ns3:cad>85</ns3:cad>
          </ns3:TrackPointExtension>
        </extensions>
      </trkpt>
      <trkpt lat="35.7568678446114063262939453125" lon="139.53524756245315074920654296875">
        <ele>48.200000762939453125</ele>
        <time>2026-09-30T22:58:59.000Z</time>
        <extensions>
          <ns3:TrackPointExtension>
            <ns3:hr>149</ns3:hr>
            <ns3:cad>85</ns3:cad>
          </ns3:TrackPointExtension>
        </extensions>
      </trkpt>
      <trkpt lat="35.7568758912384510040283203125" lon="139.53527019359171390533447265625">
        <ele>48.200000762939453125</ele>
        <time>2026-09-30T22:59:00.000Z</time>
        <extensions>
          <ns3:TrackPointExtension>
            <ns3:hr>149</ns3:hr>
            <ns3:cad>85</ns3:cad>
          </ns3:TrackPointExtension>
        </extensions>
      </trkpt>
      <trkpt lat="35.75688385404646396636962890625" lon="139.53529399819672107696533203125">
        <ele>48.200000762939453125</ele>
        <time>2026-09-30T22:59:01.000Z</time>
        <extensions>
          <ns3:TrackPointExtension>
            <ns3:hr>149</ns3:hr>
            <ns3:cad>85</ns3:cad>
          </ns3:TrackPointExtension>
        </extensions>
      </trkpt>
      <trkpt lat="35.7568926550447940826416015625" lon="139.53531629405915737152099609375">
        <ele>48</ele>
        <time>2026-09-30T22:59:02.000Z</time>
        <extensions>
          <ns3:TrackPointExtension>
            <ns3:hr>149</ns3:hr>
            <ns3:cad>86</ns3:cad>
          </ns3:TrackPointExtension>
        </extensions>
      </trkpt>
      <trkpt lat="35.75689944438636302947998046875" lon="139.5353405177593231201171875">
        <ele>48</ele>
        <time>2026-09-30T22:59:03.000Z</time>
        <extensions>
          <ns3:TrackPointExtension>
            <ns3:hr>149</ns3:hr>
            <ns3:cad>87</ns3:cad>
          </ns3:TrackPointExtension>
        </extensions>
      </trkpt>
      <trkpt lat="35.75690648518502712249755859375" lon="139.535363651812076568603515625">
        <ele>48.200000762939453125</ele>
        <time>2026-09-30T22:59:04.000Z</time>
        <extensions>
          <ns3:TrackPointExtension>
            <ns3:hr>149</ns3:hr>
            <ns3:cad>87</ns3:cad>
          </ns3:TrackPointExtension>
        </extensions>
      </trkpt>
      <trkpt lat="35.75691419653594493865966796875" lon="139.5353886298835277557373046875">
        <ele>48.200000762939453125</ele>
        <time>2026-09-30T22:59:05.000Z</time>
        <extensions>
          <ns3:TrackPointExtension>
            <ns3:hr>150</ns3:hr>
            <ns3:cad>86</ns3:cad>
          </ns3:TrackPointExtension>
        </extensions>
      </trkpt>
      <trkpt lat="35.75692324899137020111083984375" lon="139.53541352413594722747802734375">
        <ele>48</ele>
        <time>2026-09-30T22:59:06.000Z</time>
        <extensions>
          <ns3:TrackPointExtension>
            <ns3:hr>150</ns3:hr>
            <ns3:cad>85</ns3:cad>
          </ns3:TrackPointExtension>
        </extensions>
      </trkpt>
      <trkpt lat="35.75693280436098575592041015625" lon="139.53543749637901782989501953125">
        <ele>48</ele>
        <time>2026-09-30T22:59:07.000Z</time>
        <extensions>
          <ns3:TrackPointExtension>
            <ns3:hr>150</ns3:hr>
            <ns3:cad>85</ns3:cad>
          </ns3:TrackPointExtension>
        </extensions>
      </trkpt>
      <trkpt lat="35.75694143772125244140625" lon="139.53546113334596157073974609375">
        <ele>48</ele>
        <time>2026-09-30T22:59:08.000Z</time>
        <extensions>
          <ns3:TrackPointExtension>
            <ns3:hr>150</ns3:hr>
            <ns3:cad>85</ns3:cad>
          </ns3:TrackPointExtension>
        </extensions>
      </trkpt>
      <trkpt lat="35.75695124454796314239501953125" lon="139.5354821719229221343994140625">
        <ele>48</ele>
        <time>2026-09-30T22:59:09.000Z</time>
        <extensions>
          <ns3:TrackPointExtension>
            <ns3:hr>151</ns3:hr>
            <ns3:cad>85</ns3:cad>
          </ns3:TrackPointExtension>
        </extensions>
      </trkpt>
      <trkpt lat="35.75695610605180263519287109375" lon="139.53550614416599273681640625">
        <ele>48</ele>
        <time>2026-09-30T22:59:10.000Z</time>
        <extensions>
          <ns3:TrackPointExtension>
            <ns3:hr>152</ns3:hr>
            <ns3:cad>85</ns3:cad>
          </ns3:TrackPointExtension>
        </extensions>
      </trkpt>
      <trkpt lat="35.75696532614529132843017578125" lon="139.535528607666492462158203125">
        <ele>48</ele>
        <time>2026-09-30T22:59:11.000Z</time>
        <extensions>
          <ns3:TrackPointExtension>
            <ns3:hr>152</ns3:hr>
            <ns3:cad>85</ns3:cad>
          </ns3:TrackPointExtension>
        </extensions>
      </trkpt>
      <trkpt lat="35.7569744624197483062744140625" lon="139.53555048443377017974853515625">
        <ele>48</ele>
        <time>2026-09-30T22:59:12.000Z</time>
        <extensions>
          <ns3:TrackPointExtension>
            <ns3:hr>152</ns3:hr>
            <ns3:cad>85</ns3:cad>
          </ns3:TrackPointExtension>
        </extensions>
      </trkpt>
      <trkpt lat="35.7569821737706661224365234375" lon="139.535572193562984466552734375">
        <ele>48.200000762939453125</ele>
        <time>2026-09-30T22:59:13.000Z</time>
        <extensions>
          <ns3:TrackPointExtension>
            <ns3:hr>152</ns3:hr>
            <ns3:cad>84</ns3:cad>
          </ns3:TrackPointExtension>
        </extensions>
      </trkpt>
      <trkpt lat="35.75698728673160076141357421875" lon="139.53559465706348419189453125">
        <ele>48.200000762939453125</ele>
        <time>2026-09-30T22:59:14.000Z</time>
        <extensions>
          <ns3:TrackPointExtension>
            <ns3:hr>152</ns3:hr>
            <ns3:cad>84</ns3:cad>
          </ns3:TrackPointExtension>
        </extensions>
      </trkpt>
      <trkpt lat="35.7569952495396137237548828125" lon="139.535615444183349609375">
        <ele>48.40000152587890625</ele>
        <time>2026-09-30T22:59:15.000Z</time>
        <extensions>
          <ns3:TrackPointExtension>
            <ns3:hr>152</ns3:hr>
            <ns3:cad>83</ns3:cad>
          </ns3:TrackPointExtension>
        </extensions>
      </trkpt>
      <trkpt lat="35.757002793252468109130859375" lon="139.53563665039837360382080078125">
        <ele>48.40000152587890625</ele>
        <time>2026-09-30T22:59:16.000Z</time>
        <extensions>
          <ns3:TrackPointExtension>
            <ns3:hr>152</ns3:hr>
            <ns3:cad>82</ns3:cad>
          </ns3:TrackPointExtension>
        </extensions>
      </trkpt>
      <trkpt lat="35.7570160366594791412353515625" lon="139.53565634787082672119140625">
        <ele>48.59999847412109375</ele>
        <time>2026-09-30T22:59:17.000Z</time>
        <extensions>
          <ns3:TrackPointExtension>
            <ns3:hr>152</ns3:hr>
            <ns3:cad>81</ns3:cad>
          </ns3:TrackPointExtension>
        </extensions>
      </trkpt>
      <trkpt lat="35.7570267654955387115478515625" lon="139.535675458610057830810546875">
        <ele>48.59999847412109375</ele>
        <time>2026-09-30T22:59:18.000Z</time>
        <extensions>
          <ns3:TrackPointExtension>
            <ns3:hr>152</ns3:hr>
            <ns3:cad>81</ns3:cad>
          </ns3:TrackPointExtension>
        </extensions>
      </trkpt>
      <trkpt lat="35.757036320865154266357421875" lon="139.5356937311589717864990234375">
        <ele>48.59999847412109375</ele>
        <time>2026-09-30T22:59:19.000Z</time>
        <extensions>
          <ns3:TrackPointExtension>
            <ns3:hr>153</ns3:hr>
            <ns3:cad>81</ns3:cad>
          </ns3:TrackPointExtension>
        </extensions>
      </trkpt>
      <trkpt lat="35.7570472173392772674560546875" lon="139.5357141830027103424072265625">
        <ele>48.59999847412109375</ele>
        <time>2026-09-30T22:59:20.000Z</time>
        <extensions>
          <ns3:TrackPointExtension>
            <ns3:hr>153</ns3:hr>
            <ns3:cad>81</ns3:cad>
          </ns3:TrackPointExtension>
        </extensions>
      </trkpt>
      <trkpt lat="35.75705207884311676025390625" lon="139.5357383228838443756103515625">
        <ele>48.59999847412109375</ele>
        <time>2026-09-30T22:59:21.000Z</time>
        <extensions>
          <ns3:TrackPointExtension>
            <ns3:hr>153</ns3:hr>
            <ns3:cad>84</ns3:cad>
          </ns3:TrackPointExtension>
        </extensions>
      </trkpt>
      <trkpt lat="35.75706054456532001495361328125" lon="139.5357611216604709625244140625">
        <ele>48.59999847412109375</ele>
        <time>2026-09-30T22:59:22.000Z</time>
        <extensions>
          <ns3:TrackPointExtension>
            <ns3:hr>153</ns3:hr>
            <ns3:cad>85</ns3:cad>
          </ns3:TrackPointExtension>
        </extensions>
      </trkpt>
      <trkpt lat="35.75707085430622100830078125" lon="139.5357849262654781341552734375">
        <ele>48.59999847412109375</ele>
        <time>2026-09-30T22:59:23.000Z</time>
        <extensions>
          <ns3:TrackPointExtension>
            <ns3:hr>152</ns3:hr>
            <ns3:cad>85</ns3:cad>
          </ns3:TrackPointExtension>
        </extensions>
      </trkpt>
      <trkpt lat="35.75707487761974334716796875" lon="139.5358073897659778594970703125">
        <ele>48.40000152587890625</ele>
        <time>2026-09-30T22:59:24.000Z</time>
        <extensions>
          <ns3:TrackPointExtension>
            <ns3:hr>152</ns3:hr>
            <ns3:cad>85</ns3:cad>
          </ns3:TrackPointExtension>
        </extensions>
      </trkpt>
      <trkpt lat="35.7570800743997097015380859375" lon="139.53583111055195331573486328125">
        <ele>48.40000152587890625</ele>
        <time>2026-09-30T22:59:25.000Z</time>
        <extensions>
          <ns3:TrackPointExtension>
            <ns3:hr>152</ns3:hr>
            <ns3:cad>85</ns3:cad>
          </ns3:TrackPointExtension>
        </extensions>
      </trkpt>
      <trkpt lat="35.7570871151983737945556640625" lon="139.5358563400804996490478515625">
        <ele>48.40000152587890625</ele>
        <time>2026-09-30T22:59:26.000Z</time>
        <extensions>
          <ns3:TrackPointExtension>
            <ns3:hr>152</ns3:hr>
            <ns3:cad>85</ns3:cad>
          </ns3:TrackPointExtension>
        </extensions>
      </trkpt>
      <trkpt lat="35.75709524564445018768310546875" lon="139.5358754508197307586669921875">
        <ele>48.40000152587890625</ele>
        <time>2026-09-30T22:59:27.000Z</time>
        <extensions>
          <ns3:TrackPointExtension>
            <ns3:hr>151</ns3:hr>
            <ns3:cad>85</ns3:cad>
          </ns3:TrackPointExtension>
        </extensions>
      </trkpt>
      <trkpt lat="35.75711117126047611236572265625" lon="139.53589548356831073760986328125">
        <ele>48.40000152587890625</ele>
        <time>2026-09-30T22:59:28.000Z</time>
        <extensions>
          <ns3:TrackPointExtension>
            <ns3:hr>149</ns3:hr>
            <ns3:cad>84</ns3:cad>
          </ns3:TrackPointExtension>
        </extensions>
      </trkpt>
      <trkpt lat="35.75711720623075962066650390625" lon="139.5359160192310810089111328125">
        <ele>48.40000152587890625</ele>
        <time>2026-09-30T22:59:29.000Z</time>
        <extensions>
          <ns3:TrackPointExtension>
            <ns3:hr>149</ns3:hr>
            <ns3:cad>84</ns3:cad>
          </ns3:TrackPointExtension>
        </extensions>
      </trkpt>
      <trkpt lat="35.75711737386882305145263671875" lon="139.5359398238360881805419921875">
        <ele>48.200000762939453125</ele>
        <time>2026-09-30T22:59:30.000Z</time>
        <extensions>
          <ns3:TrackPointExtension>
            <ns3:hr>148</ns3:hr>
            <ns3:cad>83</ns3:cad>
          </ns3:TrackPointExtension>
        </extensions>
      </trkpt>
      <trkpt lat="35.75712273828685283660888671875" lon="139.53596387989819049835205078125">
        <ele>48.200000762939453125</ele>
        <time>2026-09-30T22:59:31.000Z</time>
        <extensions>
          <ns3:TrackPointExtension>
            <ns3:hr>148</ns3:hr>
            <ns3:cad>82</ns3:cad>
          </ns3:TrackPointExtension>
        </extensions>
      </trkpt>
      <trkpt lat="35.7571347244083881378173828125" lon="139.535985253751277923583984375">
        <ele>48.200000762939453125</ele>
        <time>2026-09-30T22:59:32.000Z</time>
        <extensions>
          <ns3:TrackPointExtension>
            <ns3:hr>149</ns3:hr>
            <ns3:cad>82</ns3:cad>
          </ns3:TrackPointExtension>
        </extensions>
      </trkpt>
      <trkpt lat="35.75714972801506519317626953125" lon="139.5360045321285724639892578125">
        <ele>48.200000762939453125</ele>
        <time>2026-09-30T22:59:33.000Z</time>
        <extensions>
          <ns3:TrackPointExtension>
            <ns3:hr>149</ns3:hr>
            <ns3:cad>81</ns3:cad>
          </ns3:TrackPointExtension>
        </extensions>
      </trkpt>
      <trkpt lat="35.75716095976531505584716796875" lon="139.5360280014574527740478515625">
        <ele>48.200000762939453125</ele>
        <time>2026-09-30T22:59:34.000Z</time>
        <extensions>
          <ns3:TrackPointExtension>
            <ns3:hr>150</ns3:hr>
            <ns3:cad>81</ns3:cad>
          </ns3:TrackPointExtension>
        </extensions>
      </trkpt>
      <trkpt lat="35.75717135332524776458740234375" lon="139.5360486209392547607421875">
        <ele>48.40000152587890625</ele>
        <time>2026-09-30T22:59:35.000Z</time>
        <extensions>
          <ns3:TrackPointExtension>
            <ns3:hr>150</ns3:hr>
            <ns3:cad>82</ns3:cad>
          </ns3:TrackPointExtension>
        </extensions>
      </trkpt>
      <trkpt lat="35.75718258507549762725830078125" lon="139.53606781549751758575439453125">
        <ele>48.40000152587890625</ele>
        <time>2026-09-30T22:59:36.000Z</time>
        <extensions>
          <ns3:TrackPointExtension>
            <ns3:hr>150</ns3:hr>
            <ns3:cad>82</ns3:cad>
          </ns3:TrackPointExtension>
        </extensions>
      </trkpt>
      <trkpt lat="35.75719381682574748992919921875" lon="139.53608592040836811065673828125">
        <ele>48.40000152587890625</ele>
        <time>2026-09-30T22:59:37.000Z</time>
        <extensions>
          <ns3:TrackPointExtension>
            <ns3:hr>150</ns3:hr>
            <ns3:cad>82</ns3:cad>
          </ns3:TrackPointExtension>
        </extensions>
      </trkpt>
      <trkpt lat="35.7572007738053798675537109375" lon="139.536105953156948089599609375">
        <ele>48.200000762939453125</ele>
        <time>2026-09-30T22:59:38.000Z</time>
        <extensions>
          <ns3:TrackPointExtension>
            <ns3:hr>150</ns3:hr>
            <ns3:cad>82</ns3:cad>
          </ns3:TrackPointExtension>
        </extensions>
      </trkpt>
      <trkpt lat="35.7572101615369319915771484375" lon="139.5361252315342426300048828125">
        <ele>48.200000762939453125</ele>
        <time>2026-09-30T22:59:39.000Z</time>
        <extensions>
          <ns3:TrackPointExtension>
            <ns3:hr>150</ns3:hr>
            <ns3:cad>82</ns3:cad>
          </ns3:TrackPointExtension>
        </extensions>
      </trkpt>
      <trkpt lat="35.75722265057265758514404296875" lon="139.53614057041704654693603515625">
        <ele>48.200000762939453125</ele>
        <time>2026-09-30T22:59:40.000Z</time>
        <extensions>
          <ns3:TrackPointExtension>
            <ns3:hr>149</ns3:hr>
            <ns3:cad>82</ns3:cad>
          </ns3:TrackPointExtension>
        </extensions>
      </trkpt>
      <trkpt lat="35.7572322897613048553466796875" lon="139.53615884296596050262451171875">
        <ele>48.200000762939453125</ele>
        <time>2026-09-30T22:59:41.000Z</time>
        <extensions>
          <ns3:TrackPointExtension>
            <ns3:hr>148</ns3:hr>
            <ns3:cad>82</ns3:cad>
          </ns3:TrackPointExtension>
        </extensions>
      </trkpt>
      <trkpt lat="35.757243521511554718017578125" lon="139.53617895953357219696044921875">
        <ele>48</ele>
        <time>2026-09-30T22:59:42.000Z</time>
        <extensions>
          <ns3:TrackPointExtension>
            <ns3:hr>148</ns3:hr>
            <ns3:cad>81</ns3:cad>
          </ns3:TrackPointExtension>
        </extensions>
      </trkpt>
      <trkpt lat="35.757256262004375457763671875" lon="139.5361989922821521759033203125">
        <ele>48</ele>
        <time>2026-09-30T22:59:43.000Z</time>
        <extensions>
          <ns3:TrackPointExtension>
            <ns3:hr>149</ns3:hr>
            <ns3:cad>80</ns3:cad>
          </ns3:TrackPointExtension>
        </extensions>
      </trkpt>
      <trkpt lat="35.75727160088717937469482421875" lon="139.53621936030685901641845703125">
        <ele>48</ele>
        <time>2026-09-30T22:59:44.000Z</time>
        <extensions>
          <ns3:TrackPointExtension>
            <ns3:hr>149</ns3:hr>
            <ns3:cad>80</ns3:cad>
          </ns3:TrackPointExtension>
        </extensions>
      </trkpt>
      <trkpt lat="35.7572839222848415374755859375" lon="139.53623981215059757232666015625">
        <ele>48</ele>
        <time>2026-09-30T22:59:45.000Z</time>
        <extensions>
          <ns3:TrackPointExtension>
            <ns3:hr>149</ns3:hr>
            <ns3:cad>81</ns3:cad>
          </ns3:TrackPointExtension>
        </extensions>
      </trkpt>
      <trkpt lat="35.75729171745479106903076171875" lon="139.53626311384141445159912109375">
        <ele>47.799999237060546875</ele>
        <time>2026-09-30T22:59:46.000Z</time>
        <extensions>
          <ns3:TrackPointExtension>
            <ns3:hr>149</ns3:hr>
            <ns3:cad>83</ns3:cad>
          </ns3:TrackPointExtension>
        </extensions>
      </trkpt>
      <trkpt lat="35.75730160810053348541259765625" lon="139.5362848229706287384033203125">
        <ele>47.799999237060546875</ele>
        <time>2026-09-30T22:59:47.000Z</time>
        <extensions>
          <ns3:TrackPointExtension>
            <ns3:hr>149</ns3:hr>
            <ns3:cad>83</ns3:cad>
          </ns3:TrackPointExtension>
        </extensions>
      </trkpt>
      <trkpt lat="35.7573097385466098785400390625" lon="139.53630384989082813262939453125">
        <ele>47.799999237060546875</ele>
        <time>2026-09-30T22:59:48.000Z</time>
        <extensions>
          <ns3:TrackPointExtension>
            <ns3:hr>149</ns3:hr>
            <ns3:cad>84</ns3:cad>
          </ns3:TrackPointExtension>
        </extensions>
      </trkpt>
      <trkpt lat="35.75731895864009857177734375" lon="139.536321870982646942138671875">
        <ele>47.799999237060546875</ele>
        <time>2026-09-30T22:59:49.000Z</time>
        <extensions>
          <ns3:TrackPointExtension>
            <ns3:hr>149</ns3:hr>
            <ns3:cad>84</ns3:cad>
          </ns3:TrackPointExtension>
        </extensions>
      </trkpt>
      <trkpt lat="35.75732692144811153411865234375" lon="139.536336623132228851318359375">
        <ele>47.799999237060546875</ele>
        <time>2026-09-30T22:59:50.000Z</time>
        <extensions>
          <ns3:TrackPointExtension>
            <ns3:hr>150</ns3:hr>
            <ns3:cad>84</ns3:cad>
          </ns3:TrackPointExtension>
        </extensions>
      </trkpt>
      <trkpt lat="35.7573328725993633270263671875" lon="139.5363548956811428070068359375">
        <ele>47.59999847412109375</ele>
        <time>2026-09-30T22:59:51.000Z</time>
        <extensions>
          <ns3:TrackPointExtension>
            <ns3:hr>150</ns3:hr>
            <ns3:cad>84</ns3:cad>
          </ns3:TrackPointExtension>
        </extensions>
      </trkpt>
      <trkpt lat="35.75734117068350315093994140625" lon="139.5363760180771350860595703125">
        <ele>47.59999847412109375</ele>
        <time>2026-09-30T22:59:52.000Z</time>
        <extensions>
          <ns3:TrackPointExtension>
            <ns3:hr>150</ns3:hr>
            <ns3:cad>84</ns3:cad>
          </ns3:TrackPointExtension>
        </extensions>
      </trkpt>
      <trkpt lat="35.75735776685178279876708984375" lon="139.53639370389282703399658203125">
        <ele>47.40000152587890625</ele>
        <time>2026-09-30T22:59:53.000Z</time>
        <extensions>
          <ns3:TrackPointExtension>
            <ns3:hr>150</ns3:hr>
            <ns3:cad>83</ns3:cad>
          </ns3:TrackPointExtension>
        </extensions>
      </trkpt>
      <trkpt lat="35.757372267544269561767578125" lon="139.53641097061336040496826171875">
        <ele>47.40000152587890625</ele>
        <time>2026-09-30T22:59:54.000Z</time>
        <extensions>
          <ns3:TrackPointExtension>
            <ns3:hr>150</ns3:hr>
            <ns3:cad>83</ns3:cad>
          </ns3:TrackPointExtension>
        </extensions>
      </trkpt>
      <trkpt lat="35.757389031350612640380859375" lon="139.5364259742200374603271484375">
        <ele>47.40000152587890625</ele>
        <time>2026-09-30T22:59:55.000Z</time>
        <extensions>
          <ns3:TrackPointExtension>
            <ns3:hr>150</ns3:hr>
            <ns3:cad>83</ns3:cad>
          </ns3:TrackPointExtension>
        </extensions>
      </trkpt>
      <trkpt lat="35.75740034691989421844482421875" lon="139.536445923149585723876953125">
        <ele>47.40000152587890625</ele>
        <time>2026-09-30T22:59:56.000Z</time>
        <extensions>
          <ns3:TrackPointExtension>
            <ns3:hr>150</ns3:hr>
            <ns3:cad>83</ns3:cad>
          </ns3:TrackPointExtension>
        </extensions>
      </trkpt>
      <trkpt lat="35.75741778127849102020263671875" lon="139.536464028060436248779296875">
        <ele>47.40000152587890625</ele>
        <time>2026-09-30T22:59:57.000Z</time>
        <extensions>
          <ns3:TrackPointExtension>
            <ns3:hr>149</ns3:hr>
            <ns3:cad>84</ns3:cad>
          </ns3:TrackPointExtension>
        </extensions>
      </trkpt>
      <trkpt lat="35.7574282586574554443359375" lon="139.5364843122661113739013671875">
        <ele>47.40000152587890625</ele>
        <time>2026-09-30T22:59:58.000Z</time>
        <extensions>
          <ns3:TrackPointExtension>
            <ns3:hr>150</ns3:hr>
            <ns3:cad>84</ns3:cad>
          </ns3:TrackPointExtension>
        </extensions>
      </trkpt>
      <trkpt lat="35.7574368081986904144287109375" lon="139.53650551848113536834716796875">
        <ele>47.40000152587890625</ele>
        <time>2026-09-30T22:59:59.000Z</time>
        <extensions>
          <ns3:TrackPointExtension>
            <ns3:hr>150</ns3:hr>
            <ns3:cad>84</ns3:cad>
          </ns3:TrackPointExtension>
        </extensions>
      </trkpt>
      <trkpt lat="35.7574438489973545074462890625" lon="139.5365282334387302398681640625">
        <ele>47.40000152587890625</ele>
        <time>2026-09-30T23:00:00.000Z</time>
        <extensions>
          <ns3:TrackPointExtension>
            <ns3:hr>150</ns3:hr>
            <ns3:cad>85</ns3:cad>
          </ns3:TrackPointExtension>
        </extensions>
      </trkpt>
      <trkpt lat="35.75744711793959140777587890625" lon="139.53655078075826168060302734375">
        <ele>47.40000152587890625</ele>
        <time>2026-09-30T23:00:01.000Z</time>
        <extensions>
          <ns3:TrackPointExtension>
            <ns3:hr>150</ns3:hr>
            <ns3:cad>85</ns3:cad>
          </ns3:TrackPointExtension>
        </extensions>
      </trkpt>
      <trkpt lat="35.75745105743408203125" lon="139.53657475300133228302001953125">
        <ele>47.40000152587890625</ele>
        <time>2026-09-30T23:00:02.000Z</time>
        <extensions>
          <ns3:TrackPointExtension>
            <ns3:hr>149</ns3:hr>
            <ns3:cad>84</ns3:cad>
          </ns3:TrackPointExtension>
        </extensions>
      </trkpt>
      <trkpt lat="35.7574577629566192626953125" lon="139.53659419901669025421142578125">
        <ele>47.40000152587890625</ele>
        <time>2026-09-30T23:00:03.000Z</time>
        <extensions>
          <ns3:TrackPointExtension>
            <ns3:hr>149</ns3:hr>
            <ns3:cad>84</ns3:cad>
          </ns3:TrackPointExtension>
        </extensions>
      </trkpt>
      <trkpt lat="35.75746321119368076324462890625" lon="139.5366130582988262176513671875">
        <ele>47.40000152587890625</ele>
        <time>2026-09-30T23:00:04.000Z</time>
        <extensions>
          <ns3:TrackPointExtension>
            <ns3:hr>149</ns3:hr>
            <ns3:cad>83</ns3:cad>
          </ns3:TrackPointExtension>
        </extensions>
      </trkpt>
      <trkpt lat="35.75746824033558368682861328125" lon="139.53662923537194728851318359375">
        <ele>47.200000762939453125</ele>
        <time>2026-09-30T23:00:05.000Z</time>
        <extensions>
          <ns3:TrackPointExtension>
            <ns3:hr>149</ns3:hr>
            <ns3:cad>83</ns3:cad>
          </ns3:TrackPointExtension>
        </extensions>
      </trkpt>
      <trkpt lat="35.75747586786746978759765625" lon="139.53664734028279781341552734375">
        <ele>47.40000152587890625</ele>
        <time>2026-09-30T23:00:06.000Z</time>
        <extensions>
          <ns3:TrackPointExtension>
            <ns3:hr>148</ns3:hr>
            <ns3:cad>83</ns3:cad>
          </ns3:TrackPointExtension>
        </extensions>
      </trkpt>
      <trkpt lat="35.75748366303741931915283203125" lon="139.536665193736553192138671875">
        <ele>47.40000152587890625</ele>
        <time>2026-09-30T23:00:07.000Z</time>
        <extensions>
          <ns3:TrackPointExtension>
            <ns3:hr>148</ns3:hr>
            <ns3:cad>83</ns3:cad>
          </ns3:TrackPointExtension>
        </extensions>
      </trkpt>
      <trkpt lat="35.75748751871287822723388671875" lon="139.5366834662854671478271484375">
        <ele>47.40000152587890625</ele>
        <time>2026-09-30T23:00:08.000Z</time>
        <extensions>
          <ns3:TrackPointExtension>
            <ns3:hr>148</ns3:hr>
            <ns3:cad>84</ns3:cad>
          </ns3:TrackPointExtension>
        </extensions>
      </trkpt>
      <trkpt lat="35.75749305076897144317626953125" lon="139.5367029123008251190185546875">
        <ele>47.40000152587890625</ele>
        <time>2026-09-30T23:00:09.000Z</time>
        <extensions>
          <ns3:TrackPointExtension>
            <ns3:hr>148</ns3:hr>
            <ns3:cad>84</ns3:cad>
          </ns3:TrackPointExtension>
        </extensions>
      </trkpt>
      <trkpt lat="35.75749606825411319732666015625" lon="139.53672328032553195953369140625">
        <ele>47.40000152587890625</ele>
        <time>2026-09-30T23:00:10.000Z</time>
        <extensions>
          <ns3:TrackPointExtension>
            <ns3:hr>148</ns3:hr>
            <ns3:cad>84</ns3:cad>
          </ns3:TrackPointExtension>
        </extensions>
      </trkpt>
      <trkpt lat="35.75750042684376239776611328125" lon="139.53674255870282649993896484375">
        <ele>47.40000152587890625</ele>
        <time>2026-09-30T23:00:11.000Z</time>
        <extensions>
          <ns3:TrackPointExtension>
            <ns3:hr>148</ns3:hr>
            <ns3:cad>84</ns3:cad>
          </ns3:TrackPointExtension>
        </extensions>
      </trkpt>
      <trkpt lat="35.75750545598566532135009765625" lon="139.53675949014723300933837890625">
        <ele>47.40000152587890625</ele>
        <time>2026-09-30T23:00:12.000Z</time>
        <extensions>
          <ns3:TrackPointExtension>
            <ns3:hr>148</ns3:hr>
            <ns3:cad>84</ns3:cad>
          </ns3:TrackPointExtension>
        </extensions>
      </trkpt>
      <trkpt lat="35.75750998221337795257568359375" lon="139.536776505410671234130859375">
        <ele>47.40000152587890625</ele>
        <time>2026-09-30T23:00:13.000Z</time>
        <extensions>
          <ns3:TrackPointExtension>
            <ns3:hr>147</ns3:hr>
            <ns3:cad>84</ns3:cad>
          </ns3:TrackPointExtension>
        </extensions>
      </trkpt>
      <trkpt lat="35.7575139217078685760498046875" lon="139.5367904193699359893798828125">
        <ele>47.40000152587890625</ele>
        <time>2026-09-30T23:00:14.000Z</time>
        <extensions>
          <ns3:TrackPointExtension>
            <ns3:hr>147</ns3:hr>
            <ns3:cad>84</ns3:cad>
          </ns3:TrackPointExtension>
        </extensions>
      </trkpt>
      <trkpt lat="35.75752221979200839996337890625" lon="139.5368108712136745452880859375">
        <ele>47.40000152587890625</ele>
        <time>2026-09-30T23:00:15.000Z</time>
        <extensions>
          <ns3:TrackPointExtension>
            <ns3:hr>147</ns3:hr>
            <ns3:cad>84</ns3:cad>
          </ns3:TrackPointExtension>
        </extensions>
      </trkpt>
      <trkpt lat="35.75754250399768352508544921875" lon="139.536841213703155517578125">
        <ele>47.40000152587890625</ele>
        <time>2026-09-30T23:00:16.000Z</time>
        <extensions>
          <ns3:TrackPointExtension>
            <ns3:hr>147</ns3:hr>
            <ns3:cad>83</ns3:cad>
          </ns3:TrackPointExtension>
        </extensions>
      </trkpt>
      <trkpt lat="35.757558681070804595947265625" lon="139.536866359412670135498046875">
        <ele>47.40000152587890625</ele>
        <time>2026-09-30T23:00:17.000Z</time>
        <extensions>
          <ns3:TrackPointExtension>
            <ns3:hr>147</ns3:hr>
            <ns3:cad>83</ns3:cad>
          </ns3:TrackPointExtension>
        </extensions>
      </trkpt>
      <trkpt lat="35.7575712539255619049072265625" lon="139.53688672743737697601318359375">
        <ele>47.40000152587890625</ele>
        <time>2026-09-30T23:00:18.000Z</time>
        <extensions>
          <ns3:TrackPointExtension>
            <ns3:hr>147</ns3:hr>
            <ns3:cad>85</ns3:cad>
          </ns3:TrackPointExtension>
        </extensions>
      </trkpt>
      <trkpt lat="35.75759178958833217620849609375" lon="139.53690047375857830047607421875">
        <ele>47.799999237060546875</ele>
        <time>2026-09-30T23:00:19.000Z</time>
        <extensions>
          <ns3:TrackPointExtension>
            <ns3:hr>147</ns3:hr>
            <ns3:cad>85</ns3:cad>
          </ns3:TrackPointExtension>
        </extensions>
      </trkpt>
      <trkpt lat="35.757599584758281707763671875" lon="139.53691438771784305572509765625">
        <ele>48</ele>
        <time>2026-09-30T23:00:20.000Z</time>
        <extensions>
          <ns3:TrackPointExtension>
            <ns3:hr>147</ns3:hr>
            <ns3:cad>85</ns3:cad>
          </ns3:TrackPointExtension>
        </extensions>
      </trkpt>
      <trkpt lat="35.75760788284242153167724609375" lon="139.5369298942387104034423828125">
        <ele>48.200000762939453125</ele>
        <time>2026-09-30T23:00:21.000Z</time>
        <extensions>
          <ns3:TrackPointExtension>
            <ns3:hr>147</ns3:hr>
            <ns3:cad>83</ns3:cad>
          </ns3:TrackPointExtension>
        </extensions>
      </trkpt>
      <trkpt lat="35.75760905630886554718017578125" lon="139.536946825683116912841796875">
        <ele>48.200000762939453125</ele>
        <time>2026-09-30T23:00:22.000Z</time>
        <extensions>
          <ns3:TrackPointExtension>
            <ns3:hr>147</ns3:hr>
            <ns3:cad>81</ns3:cad>
          </ns3:TrackPointExtension>
        </extensions>
      </trkpt>
      <trkpt lat="35.7576101459562778472900390625" lon="139.53696300275623798370361328125">
        <ele>48.200000762939453125</ele>
        <time>2026-09-30T23:00:23.000Z</time>
        <extensions>
          <ns3:TrackPointExtension>
            <ns3:hr>147</ns3:hr>
            <ns3:cad>80</ns3:cad>
          </ns3:TrackPointExtension>
        </extensions>
      </trkpt>
      <trkpt lat="35.75761400163173675537109375" lon="139.5369798503816127777099609375">
        <ele>48.200000762939453125</ele>
        <time>2026-09-30T23:00:24.000Z</time>
        <extensions>
          <ns3:TrackPointExtension>
            <ns3:hr>147</ns3:hr>
            <ns3:cad>80</ns3:cad>
          </ns3:TrackPointExtension>
        </extensions>
      </trkpt>
      <trkpt lat="35.757621042430400848388671875" lon="139.53699971549212932586669921875">
        <ele>48.200000762939453125</ele>
        <time>2026-09-30T23:00:25.000Z</time>
        <extensions>
          <ns3:TrackPointExtension>
            <ns3:hr>147</ns3:hr>
            <ns3:cad>79</ns3:cad>
          </ns3:TrackPointExtension>
        </extensions>
      </trkpt>
      <trkpt lat="35.75763520784676074981689453125" lon="139.5370190776884555816650390625">
        <ele>48.200000762939453125</ele>
        <time>2026-09-30T23:00:26.000Z</time>
        <extensions>
          <ns3:TrackPointExtension>
            <ns3:hr>147</ns3:hr>
            <ns3:cad>79</ns3:cad>
          </ns3:TrackPointExtension>
        </extensions>
      </trkpt>
      <trkpt lat="35.75764350593090057373046875" lon="139.5370385237038135528564453125">
        <ele>48.200000762939453125</ele>
        <time>2026-09-30T23:00:27.000Z</time>
        <extensions>
          <ns3:TrackPointExtension>
            <ns3:hr>147</ns3:hr>
            <ns3:cad>79</ns3:cad>
          </ns3:TrackPointExtension>
        </extensions>
      </trkpt>
      <trkpt lat="35.75764878652989864349365234375" lon="139.537059478461742401123046875">
        <ele>48</ele>
        <time>2026-09-30T23:00:28.000Z</time>
        <extensions>
          <ns3:TrackPointExtension>
            <ns3:hr>147</ns3:hr>
            <ns3:cad>80</ns3:cad>
          </ns3:TrackPointExtension>
        </extensions>
      </trkpt>
      <trkpt lat="35.75765549205243587493896484375" lon="139.5370807684957981109619140625">
        <ele>48</ele>
        <time>2026-09-30T23:00:29.000Z</time>
        <extensions>
          <ns3:TrackPointExtension>
            <ns3:hr>147</ns3:hr>
            <ns3:cad>82</ns3:cad>
          </ns3:TrackPointExtension>
        </extensions>
      </trkpt>
      <trkpt lat="35.75766362249851226806640625" lon="139.5371018908917903900146484375">
        <ele>48</ele>
        <time>2026-09-30T23:00:30.000Z</time>
        <extensions>
          <ns3:TrackPointExtension>
            <ns3:hr>148</ns3:hr>
            <ns3:cad>82</ns3:cad>
          </ns3:TrackPointExtension>
        </extensions>
      </trkpt>
      <trkpt lat="35.757668651640415191650390625" lon="139.5371233485639095306396484375">
        <ele>48</ele>
        <time>2026-09-30T23:00:31.000Z</time>
        <extensions>
          <ns3:TrackPointExtension>
            <ns3:hr>148</ns3:hr>
            <ns3:cad>83</ns3:cad>
          </ns3:TrackPointExtension>
        </extensions>
      </trkpt>
      <trkpt lat="35.75767292641103267669677734375" lon="139.53714639879763126373291015625">
        <ele>48</ele>
        <time>2026-09-30T23:00:32.000Z</time>
        <extensions>
          <ns3:TrackPointExtension>
            <ns3:hr>148</ns3:hr>
            <ns3:cad>83</ns3:cad>
          </ns3:TrackPointExtension>
        </extensions>
      </trkpt>
      <trkpt lat="35.7576865889132022857666015625" lon="139.537165425717830657958984375">
        <ele>48</ele>
        <time>2026-09-30T23:00:33.000Z</time>
        <extensions>
          <ns3:TrackPointExtension>
            <ns3:hr>148</ns3:hr>
            <ns3:cad>83</ns3:cad>
          </ns3:TrackPointExtension>
        </extensions>
      </trkpt>
      <trkpt lat="35.75770142488181591033935546875" lon="139.53718193806707859039306640625">
        <ele>48</ele>
        <time>2026-09-30T23:00:34.000Z</time>
        <extensions>
          <ns3:TrackPointExtension>
            <ns3:hr>148</ns3:hr>
            <ns3:cad>83</ns3:cad>
          </ns3:TrackPointExtension>
        </extensions>
      </trkpt>
      <trkpt lat="35.75771299190819263458251953125" lon="139.537200964987277984619140625">
        <ele>48</ele>
        <time>2026-09-30T23:00:35.000Z</time>
        <extensions>
          <ns3:TrackPointExtension>
            <ns3:hr>148</ns3:hr>
            <ns3:cad>84</ns3:cad>
          </ns3:TrackPointExtension>
        </extensions>
      </trkpt>
      <trkpt lat="35.75772522948682308197021484375" lon="139.53722015954554080963134765625">
        <ele>48.200000762939453125</ele>
        <time>2026-09-30T23:00:36.000Z</time>
        <extensions>
          <ns3:TrackPointExtension>
            <ns3:hr>148</ns3:hr>
            <ns3:cad>85</ns3:cad>
          </ns3:TrackPointExtension>
        </extensions>
      </trkpt>
      <trkpt lat="35.75773629359900951385498046875" lon="139.53723885118961334228515625">
        <ele>48.200000762939453125</ele>
        <time>2026-09-30T23:00:37.000Z</time>
        <extensions>
          <ns3:TrackPointExtension>
            <ns3:hr>148</ns3:hr>
            <ns3:cad>85</ns3:cad>
          </ns3:TrackPointExtension>
        </extensions>
      </trkpt>
      <trkpt lat="35.75774651952087879180908203125" lon="139.5372594706714153289794921875">
        <ele>48.200000762939453125</ele>
        <time>2026-09-30T23:00:38.000Z</time>
        <extensions>
          <ns3:TrackPointExtension>
            <ns3:hr>149</ns3:hr>
            <ns3:cad>85</ns3:cad>
          </ns3:TrackPointExtension>
        </extensions>
      </trkpt>
      <trkpt lat="35.7577554881572723388671875" lon="139.5372792519629001617431640625">
        <ele>48.200000762939453125</ele>
        <time>2026-09-30T23:00:39.000Z</time>
        <extensions>
          <ns3:TrackPointExtension>
            <ns3:hr>149</ns3:hr>
            <ns3:cad>85</ns3:cad>
          </ns3:TrackPointExtension>
        </extensions>
      </trkpt>
      <trkpt lat="35.75776311568915843963623046875" lon="139.5372998714447021484375">
        <ele>48.200000762939453125</ele>
        <time>2026-09-30T23:00:40.000Z</time>
        <extensions>
          <ns3:TrackPointExtension>
            <ns3:hr>149</ns3:hr>
            <ns3:cad>84</ns3:cad>
          </ns3:TrackPointExtension>
        </extensions>
      </trkpt>
      <trkpt lat="35.75776755809783935546875" lon="139.53732124529778957366943359375">
        <ele>48</ele>
        <time>2026-09-30T23:00:41.000Z</time>
        <extensions>
          <ns3:TrackPointExtension>
            <ns3:hr>150</ns3:hr>
            <ns3:cad>84</ns3:cad>
          </ns3:TrackPointExtension>
        </extensions>
      </trkpt>
      <trkpt lat="35.75777267105877399444580078125" lon="139.5373427867889404296875">
        <ele>48</ele>
        <time>2026-09-30T23:00:42.000Z</time>
        <extensions>
          <ns3:TrackPointExtension>
            <ns3:hr>150</ns3:hr>
            <ns3:cad>83</ns3:cad>
          </ns3:TrackPointExtension>
        </extensions>
      </trkpt>
      <trkpt lat="35.7577808015048503875732421875" lon="139.537363909184932708740234375">
        <ele>48</ele>
        <time>2026-09-30T23:00:43.000Z</time>
        <extensions>
          <ns3:TrackPointExtension>
            <ns3:hr>150</ns3:hr>
            <ns3:cad>83</ns3:cad>
          </ns3:TrackPointExtension>
        </extensions>
      </trkpt>
      <trkpt lat="35.7577895186841487884521484375" lon="139.537385366857051849365234375">
        <ele>48</ele>
        <time>2026-09-30T23:00:44.000Z</time>
        <extensions>
          <ns3:TrackPointExtension>
            <ns3:hr>150</ns3:hr>
            <ns3:cad>83</ns3:cad>
          </ns3:TrackPointExtension>
        </extensions>
      </trkpt>
      <trkpt lat="35.7578002475202083587646484375" lon="139.53740456141531467437744140625">
        <ele>48</ele>
        <time>2026-09-30T23:00:45.000Z</time>
        <extensions>
          <ns3:TrackPointExtension>
            <ns3:hr>150</ns3:hr>
            <ns3:cad>84</ns3:cad>
          </ns3:TrackPointExtension>
        </extensions>
      </trkpt>
      <trkpt lat="35.75780921615660190582275390625" lon="139.5374224148690700531005859375">
        <ele>48</ele>
        <time>2026-09-30T23:00:46.000Z</time>
        <extensions>
          <ns3:TrackPointExtension>
            <ns3:hr>150</ns3:hr>
            <ns3:cad>85</ns3:cad>
          </ns3:TrackPointExtension>
        </extensions>
      </trkpt>
      <trkpt lat="35.75781793333590030670166015625" lon="139.5374405197799205780029296875">
        <ele>48.200000762939453125</ele>
        <time>2026-09-30T23:00:47.000Z</time>
        <extensions>
          <ns3:TrackPointExtension>
            <ns3:hr>150</ns3:hr>
            <ns3:cad>85</ns3:cad>
          </ns3:TrackPointExtension>
        </extensions>
      </trkpt>
      <trkpt lat="35.7578240521252155303955078125" lon="139.53745837323367595672607421875">
        <ele>48.200000762939453125</ele>
        <time>2026-09-30T23:00:48.000Z</time>
        <extensions>
          <ns3:TrackPointExtension>
            <ns3:hr>149</ns3:hr>
            <ns3:cad>86</ns3:cad>
          </ns3:TrackPointExtension>
        </extensions>
      </trkpt>
      <trkpt lat="35.75782882981002330780029296875" lon="139.5374770648777484893798828125">
        <ele>48.200000762939453125</ele>
        <time>2026-09-30T23:00:49.000Z</time>
        <extensions>
          <ns3:TrackPointExtension>
            <ns3:hr>149</ns3:hr>
            <ns3:cad>86</ns3:cad>
          </ns3:TrackPointExtension>
        </extensions>
      </trkpt>
      <trkpt lat="35.75782899744808673858642578125" lon="139.53749709762632846832275390625">
        <ele>48.200000762939453125</ele>
        <time>2026-09-30T23:00:50.000Z</time>
        <extensions>
          <ns3:TrackPointExtension>
            <ns3:hr>149</ns3:hr>
            <ns3:cad>86</ns3:cad>
          </ns3:TrackPointExtension>
        </extensions>
      </trkpt>
      <trkpt lat="35.75783394277095794677734375" lon="139.53751587308943271636962890625">
        <ele>48</ele>
        <time>2026-09-30T23:00:51.000Z</time>
        <extensions>
          <ns3:TrackPointExtension>
            <ns3:hr>150</ns3:hr>
            <ns3:cad>84</ns3:cad>
          </ns3:TrackPointExtension>
        </extensions>
      </trkpt>
      <trkpt lat="35.7578371278941631317138671875" lon="139.53753213398158550262451171875">
        <ele>48</ele>
        <time>2026-09-30T23:00:52.000Z</time>
        <extensions>
          <ns3:TrackPointExtension>
            <ns3:hr>150</ns3:hr>
            <ns3:cad>84</ns3:cad>
          </ns3:TrackPointExtension>
        </extensions>
      </trkpt>
      <trkpt lat="35.75784492306411266326904296875" lon="139.53754990361630916595458984375">
        <ele>48</ele>
        <time>2026-09-30T23:00:53.000Z</time>
        <extensions>
          <ns3:TrackPointExtension>
            <ns3:hr>149</ns3:hr>
            <ns3:cad>83</ns3:cad>
          </ns3:TrackPointExtension>
        </extensions>
      </trkpt>
      <trkpt lat="35.75784944929182529449462890625" lon="139.53757119365036487579345703125">
        <ele>48</ele>
        <time>2026-09-30T23:00:54.000Z</time>
        <extensions>
          <ns3:TrackPointExtension>
            <ns3:hr>149</ns3:hr>
            <ns3:cad>83</ns3:cad>
          </ns3:TrackPointExtension>
        </extensions>
      </trkpt>
      <trkpt lat="35.75785649009048938751220703125" lon="139.537593238055706024169921875">
        <ele>47.799999237060546875</ele>
        <time>2026-09-30T23:00:55.000Z</time>
        <extensions>
          <ns3:TrackPointExtension>
            <ns3:hr>147</ns3:hr>
            <ns3:cad>82</ns3:cad>
          </ns3:TrackPointExtension>
        </extensions>
      </trkpt>
      <trkpt lat="35.75785933993756771087646484375" lon="139.53761192969977855682373046875">
        <ele>47.799999237060546875</ele>
        <time>2026-09-30T23:00:56.000Z</time>
        <extensions>
          <ns3:TrackPointExtension>
            <ns3:hr>147</ns3:hr>
            <ns3:cad>82</ns3:cad>
          </ns3:TrackPointExtension>
        </extensions>
      </trkpt>
      <trkpt lat="35.7578810490667819976806640625" lon="139.53762785531580448150634765625">
        <ele>47.799999237060546875</ele>
        <time>2026-09-30T23:00:57.000Z</time>
        <extensions>
          <ns3:TrackPointExtension>
            <ns3:hr>146</ns3:hr>
            <ns3:cad>82</ns3:cad>
          </ns3:TrackPointExtension>
        </extensions>
      </trkpt>
      <trkpt lat="35.7578917779028415679931640625" lon="139.5376507379114627838134765625">
        <ele>47.799999237060546875</ele>
        <time>2026-09-30T23:00:58.000Z</time>
        <extensions>
          <ns3:TrackPointExtension>
            <ns3:hr>146</ns3:hr>
            <ns3:cad>82</ns3:cad>
          </ns3:TrackPointExtension>
        </extensions>
      </trkpt>
      <trkpt lat="35.75789563357830047607421875" lon="139.5376725308597087860107421875">
        <ele>47.799999237060546875</ele>
        <time>2026-09-30T23:00:59.000Z</time>
        <extensions>
          <ns3:TrackPointExtension>
            <ns3:hr>146</ns3:hr>
            <ns3:cad>82</ns3:cad>
          </ns3:TrackPointExtension>
        </extensions>
      </trkpt>
      <trkpt lat="35.75790158472955226898193359375" lon="139.53769541345536708831787109375">
        <ele>47.799999237060546875</ele>
        <time>2026-09-30T23:01:00.000Z</time>
        <extensions>
          <ns3:TrackPointExtension>
            <ns3:hr>147</ns3:hr>
            <ns3:cad>84</ns3:cad>
          </ns3:TrackPointExtension>
        </extensions>
      </trkpt>
      <trkpt lat="35.75791549868881702423095703125" lon="139.53773950226604938507080078125">
        <ele>47.59999847412109375</ele>
        <time>2026-09-30T23:01:01.000Z</time>
        <extensions>
          <ns3:TrackPointExtension>
            <ns3:hr>147</ns3:hr>
            <ns3:cad>85</ns3:cad>
          </ns3:TrackPointExtension>
        </extensions>
      </trkpt>
      <trkpt lat="35.75791549868881702423095703125" lon="139.53773950226604938507080078125">
        <ele>47.59999847412109375</ele>
        <time>2026-09-30T23:01:02.000Z</time>
        <extensions>
          <ns3:TrackPointExtension>
            <ns3:hr>147</ns3:hr>
            <ns3:cad>86</ns3:cad>
          </ns3:TrackPointExtension>
        </extensions>
      </trkpt>
      <trkpt lat="35.75792388059198856353759765625" lon="139.5377600379288196563720703125">
        <ele>47.40000152587890625</ele>
        <time>2026-09-30T23:01:03.000Z</time>
        <extensions>
          <ns3:TrackPointExtension>
            <ns3:hr>146</ns3:hr>
            <ns3:cad>86</ns3:cad>
          </ns3:TrackPointExtension>
        </extensions>
      </trkpt>
      <trkpt lat="35.757930837571620941162109375" lon="139.537779651582241058349609375">
        <ele>47.200000762939453125</ele>
        <time>2026-09-30T23:01:04.000Z</time>
        <extensions>
          <ns3:TrackPointExtension>
            <ns3:hr>146</ns3:hr>
            <ns3:cad>84</ns3:cad>
          </ns3:TrackPointExtension>
        </extensions>
      </trkpt>
      <trkpt lat="35.75793963856995105743408203125" lon="139.53779968433082103729248046875">
        <ele>47</ele>
        <time>2026-09-30T23:01:05.000Z</time>
        <extensions>
          <ns3:TrackPointExtension>
            <ns3:hr>145</ns3:hr>
            <ns3:cad>83</ns3:cad>
          </ns3:TrackPointExtension>
        </extensions>
      </trkpt>
      <trkpt lat="35.75794902630150318145751953125" lon="139.5378190465271472930908203125">
        <ele>47</ele>
        <time>2026-09-30T23:01:06.000Z</time>
        <extensions>
          <ns3:TrackPointExtension>
            <ns3:hr>145</ns3:hr>
            <ns3:cad>82</ns3:cad>
          </ns3:TrackPointExtension>
        </extensions>
      </trkpt>
      <trkpt lat="35.7579571567475795745849609375" lon="139.53783891163766384124755859375">
        <ele>46.799999237060546875</ele>
        <time>2026-09-30T23:01:07.000Z</time>
        <extensions>
          <ns3:TrackPointExtension>
            <ns3:hr>145</ns3:hr>
            <ns3:cad>82</ns3:cad>
          </ns3:TrackPointExtension>
        </extensions>
      </trkpt>
      <trkpt lat="35.75796612538397312164306640625" lon="139.537858106195926666259765625">
        <ele>46.799999237060546875</ele>
        <time>2026-09-30T23:01:08.000Z</time>
        <extensions>
          <ns3:TrackPointExtension>
            <ns3:hr>146</ns3:hr>
            <ns3:cad>82</ns3:cad>
          </ns3:TrackPointExtension>
        </extensions>
      </trkpt>
      <trkpt lat="35.75797484256327152252197265625" lon="139.5378767140209674835205078125">
        <ele>46.799999237060546875</ele>
        <time>2026-09-30T23:01:09.000Z</time>
        <extensions>
          <ns3:TrackPointExtension>
            <ns3:hr>145</ns3:hr>
            <ns3:cad>82</ns3:cad>
          </ns3:TrackPointExtension>
        </extensions>
      </trkpt>
      <trkpt lat="35.75798758305609226226806640625" lon="139.53789557330310344696044921875">
        <ele>46.799999237060546875</ele>
        <time>2026-09-30T23:01:10.000Z</time>
        <extensions>
          <ns3:TrackPointExtension>
            <ns3:hr>145</ns3:hr>
            <ns3:cad>82</ns3:cad>
          </ns3:TrackPointExtension>
        </extensions>
      </trkpt>
      <trkpt lat="35.7579987309873104095458984375" lon="139.537913762032985687255859375">
        <ele>46.799999237060546875</ele>
        <time>2026-09-30T23:01:11.000Z</time>
        <extensions>
          <ns3:TrackPointExtension>
            <ns3:hr>145</ns3:hr>
            <ns3:cad>82</ns3:cad>
          </ns3:TrackPointExtension>
        </extensions>
      </trkpt>
      <trkpt lat="35.75800694525241851806640625" lon="139.5379313640296459197998046875">
        <ele>46.799999237060546875</ele>
        <time>2026-09-30T23:01:12.000Z</time>
        <extensions>
          <ns3:TrackPointExtension>
            <ns3:hr>145</ns3:hr>
            <ns3:cad>82</ns3:cad>
          </ns3:TrackPointExtension>
        </extensions>
      </trkpt>
      <trkpt lat="35.758012644946575164794921875" lon="139.53795072622597217559814453125">
        <ele>46.799999237060546875</ele>
        <time>2026-09-30T23:01:13.000Z</time>
        <extensions>
          <ns3:TrackPointExtension>
            <ns3:hr>145</ns3:hr>
            <ns3:cad>84</ns3:cad>
          </ns3:TrackPointExtension>
        </extensions>
      </trkpt>
      <trkpt lat="35.75801960192620754241943359375" lon="139.5379664003849029541015625">
        <ele>46.799999237060546875</ele>
        <time>2026-09-30T23:01:14.000Z</time>
        <extensions>
          <ns3:TrackPointExtension>
            <ns3:hr>145</ns3:hr>
            <ns3:cad>84</ns3:cad>
          </ns3:TrackPointExtension>
        </extensions>
      </trkpt>
      <trkpt lat="35.75802261941134929656982421875" lon="139.53799297101795673370361328125">
        <ele>46.799999237060546875</ele>
        <time>2026-09-30T23:01:15.000Z</time>
        <extensions>
          <ns3:TrackPointExtension>
            <ns3:hr>144</ns3:hr>
            <ns3:cad>84</ns3:cad>
          </ns3:TrackPointExtension>
        </extensions>
      </trkpt>
      <trkpt lat="35.7580346055328845977783203125" lon="139.53801007010042667388916015625">
        <ele>46.59999847412109375</ele>
        <time>2026-09-30T23:01:16.000Z</time>
        <extensions>
          <ns3:TrackPointExtension>
            <ns3:hr>143</ns3:hr>
            <ns3:cad>83</ns3:cad>
          </ns3:TrackPointExtension>
        </extensions>
      </trkpt>
      <trkpt lat="35.758042149245738983154296875" lon="139.53802666626870632171630859375">
        <ele>46.59999847412109375</ele>
        <time>2026-09-30T23:01:17.000Z</time>
        <extensions>
          <ns3:TrackPointExtension>
            <ns3:hr>143</ns3:hr>
            <ns3:cad>82</ns3:cad>
          </ns3:TrackPointExtension>
        </extensions>
      </trkpt>
      <trkpt lat="35.7580443285405635833740234375" lon="139.5380441844463348388671875">
        <ele>46.59999847412109375</ele>
        <time>2026-09-30T23:01:18.000Z</time>
        <extensions>
          <ns3:TrackPointExtension>
            <ns3:hr>143</ns3:hr>
            <ns3:cad>82</ns3:cad>
          </ns3:TrackPointExtension>
        </extensions>
      </trkpt>
      <trkpt lat="35.758046843111515045166015625" lon="139.538061283528804779052734375">
        <ele>46.59999847412109375</ele>
        <time>2026-09-30T23:01:19.000Z</time>
        <extensions>
          <ns3:TrackPointExtension>
            <ns3:hr>143</ns3:hr>
            <ns3:cad>82</ns3:cad>
          </ns3:TrackPointExtension>
        </extensions>
      </trkpt>
      <trkpt lat="35.75805229134857654571533203125" lon="139.538080058991909027099609375">
        <ele>46.59999847412109375</ele>
        <time>2026-09-30T23:01:20.000Z</time>
        <extensions>
          <ns3:TrackPointExtension>
            <ns3:hr>143</ns3:hr>
            <ns3:cad>82</ns3:cad>
          </ns3:TrackPointExtension>
        </extensions>
      </trkpt>
      <trkpt lat="35.75806268490850925445556640625" lon="139.53809875063598155975341796875">
        <ele>46.59999847412109375</ele>
        <time>2026-09-30T23:01:21.000Z</time>
        <extensions>
          <ns3:TrackPointExtension>
            <ns3:hr>143</ns3:hr>
            <ns3:cad>82</ns3:cad>
          </ns3:TrackPointExtension>
        </extensions>
      </trkpt>
      <trkpt lat="35.75807140208780765533447265625" lon="139.53811702318489551544189453125">
        <ele>46.40000152587890625</ele>
        <time>2026-09-30T23:01:22.000Z</time>
        <extensions>
          <ns3:TrackPointExtension>
            <ns3:hr>143</ns3:hr>
            <ns3:cad>82</ns3:cad>
          </ns3:TrackPointExtension>
        </extensions>
      </trkpt>
      <trkpt lat="35.758079700171947479248046875" lon="139.53813663683831691741943359375">
        <ele>46.59999847412109375</ele>
        <time>2026-09-30T23:01:23.000Z</time>
        <extensions>
          <ns3:TrackPointExtension>
            <ns3:hr>143</ns3:hr>
            <ns3:cad>82</ns3:cad>
          </ns3:TrackPointExtension>
        </extensions>
      </trkpt>
      <trkpt lat="35.7580885849893093109130859375" lon="139.53815591521561145782470703125">
        <ele>46.59999847412109375</ele>
        <time>2026-09-30T23:01:24.000Z</time>
        <extensions>
          <ns3:TrackPointExtension>
            <ns3:hr>143</ns3:hr>
            <ns3:cad>82</ns3:cad>
          </ns3:TrackPointExtension>
        </extensions>
      </trkpt>
      <trkpt lat="35.758101828396320343017578125" lon="139.5381727628409862518310546875">
        <ele>46.59999847412109375</ele>
        <time>2026-09-30T23:01:25.000Z</time>
        <extensions>
          <ns3:TrackPointExtension>
            <ns3:hr>142</ns3:hr>
            <ns3:cad>82</ns3:cad>
          </ns3:TrackPointExtension>
        </extensions>
      </trkpt>
      <trkpt lat="35.75811163522303104400634765625" lon="139.5381895266473293304443359375">
        <ele>46.59999847412109375</ele>
        <time>2026-09-30T23:01:26.000Z</time>
        <extensions>
          <ns3:TrackPointExtension>
            <ns3:hr>142</ns3:hr>
            <ns3:cad>82</ns3:cad>
          </ns3:TrackPointExtension>
        </extensions>
      </trkpt>
      <trkpt lat="35.75811968185007572174072265625" lon="139.538207463920116424560546875">
        <ele>46.59999847412109375</ele>
        <time>2026-09-30T23:01:27.000Z</time>
        <extensions>
          <ns3:TrackPointExtension>
            <ns3:hr>142</ns3:hr>
            <ns3:cad>82</ns3:cad>
          </ns3:TrackPointExtension>
        </extensions>
      </trkpt>
      <trkpt lat="35.758127309381961822509765625" lon="139.53822783194482326507568359375">
        <ele>46.59999847412109375</ele>
        <time>2026-09-30T23:01:28.000Z</time>
        <extensions>
          <ns3:TrackPointExtension>
            <ns3:hr>141</ns3:hr>
            <ns3:cad>82</ns3:cad>
          </ns3:TrackPointExtension>
        </extensions>
      </trkpt>
      <trkpt lat="35.75813644565641880035400390625" lon="139.53824861906468868255615234375">
        <ele>46.59999847412109375</ele>
        <time>2026-09-30T23:01:29.000Z</time>
        <extensions>
          <ns3:TrackPointExtension>
            <ns3:hr>141</ns3:hr>
            <ns3:cad>82</ns3:cad>
          </ns3:TrackPointExtension>
        </extensions>
      </trkpt>
      <trkpt lat="35.7581489346921443939208984375" lon="139.53826655633747577667236328125">
        <ele>46.40000152587890625</ele>
        <time>2026-09-30T23:01:30.000Z</time>
        <extensions>
          <ns3:TrackPointExtension>
            <ns3:hr>141</ns3:hr>
            <ns3:cad>82</ns3:cad>
          </ns3:TrackPointExtension>
        </extensions>
      </trkpt>
      <trkpt lat="35.75816008262336254119873046875" lon="139.538286589086055755615234375">
        <ele>46.40000152587890625</ele>
        <time>2026-09-30T23:01:31.000Z</time>
        <extensions>
          <ns3:TrackPointExtension>
            <ns3:hr>141</ns3:hr>
            <ns3:cad>82</ns3:cad>
          </ns3:TrackPointExtension>
        </extensions>
      </trkpt>
      <trkpt lat="35.7581697218120098114013671875" lon="139.53830595128238201141357421875">
        <ele>46.40000152587890625</ele>
        <time>2026-09-30T23:01:32.000Z</time>
        <extensions>
          <ns3:TrackPointExtension>
            <ns3:hr>141</ns3:hr>
            <ns3:cad>82</ns3:cad>
          </ns3:TrackPointExtension>
        </extensions>
      </trkpt>
      <trkpt lat="35.75818154029548168182373046875" lon="139.5383246429264545440673828125">
        <ele>46.40000152587890625</ele>
        <time>2026-09-30T23:01:33.000Z</time>
        <extensions>
          <ns3:TrackPointExtension>
            <ns3:hr>141</ns3:hr>
            <ns3:cad>83</ns3:cad>
          </ns3:TrackPointExtension>
        </extensions>
      </trkpt>
      <trkpt lat="35.75818874873220920562744140625" lon="139.53834467567503452301025390625">
        <ele>46.40000152587890625</ele>
        <time>2026-09-30T23:01:34.000Z</time>
        <extensions>
          <ns3:TrackPointExtension>
            <ns3:hr>141</ns3:hr>
            <ns3:cad>84</ns3:cad>
          </ns3:TrackPointExtension>
        </extensions>
      </trkpt>
      <trkpt lat="35.75819528661668300628662109375" lon="139.53836479224264621734619140625">
        <ele>46.40000152587890625</ele>
        <time>2026-09-30T23:01:35.000Z</time>
        <extensions>
          <ns3:TrackPointExtension>
            <ns3:hr>141</ns3:hr>
            <ns3:cad>84</ns3:cad>
          </ns3:TrackPointExtension>
        </extensions>
      </trkpt>
      <trkpt lat="35.758202075958251953125" lon="139.53838608227670192718505859375">
        <ele>46.40000152587890625</ele>
        <time>2026-09-30T23:01:36.000Z</time>
        <extensions>
          <ns3:TrackPointExtension>
            <ns3:hr>141</ns3:hr>
            <ns3:cad>83</ns3:cad>
          </ns3:TrackPointExtension>
        </extensions>
      </trkpt>
      <trkpt lat="35.75821104459464550018310546875" lon="139.53840561211109161376953125">
        <ele>46.40000152587890625</ele>
        <time>2026-09-30T23:01:37.000Z</time>
        <extensions>
          <ns3:TrackPointExtension>
            <ns3:hr>141</ns3:hr>
            <ns3:cad>83</ns3:cad>
          </ns3:TrackPointExtension>
        </extensions>
      </trkpt>
      <trkpt lat="35.75822277925908565521240234375" lon="139.53842765651643276214599609375">
        <ele>46.200000762939453125</ele>
        <time>2026-09-30T23:01:38.000Z</time>
        <extensions>
          <ns3:TrackPointExtension>
            <ns3:hr>142</ns3:hr>
            <ns3:cad>84</ns3:cad>
          </ns3:TrackPointExtension>
        </extensions>
      </trkpt>
      <trkpt lat="35.75824172236025333404541015625" lon="139.53844676725566387176513671875">
        <ele>46.200000762939453125</ele>
        <time>2026-09-30T23:01:39.000Z</time>
        <extensions>
          <ns3:TrackPointExtension>
            <ns3:hr>142</ns3:hr>
            <ns3:cad>84</ns3:cad>
          </ns3:TrackPointExtension>
        </extensions>
      </trkpt>
      <trkpt lat="35.758260749280452728271484375" lon="139.5384668000042438507080078125">
        <ele>46.200000762939453125</ele>
        <time>2026-09-30T23:01:40.000Z</time>
        <extensions>
          <ns3:TrackPointExtension>
            <ns3:hr>142</ns3:hr>
            <ns3:cad>84</ns3:cad>
          </ns3:TrackPointExtension>
        </extensions>
      </trkpt>
      <trkpt lat="35.75827139429748058319091796875" lon="139.5384875871241092681884765625">
        <ele>46.200000762939453125</ele>
        <time>2026-09-30T23:01:41.000Z</time>
        <extensions>
          <ns3:TrackPointExtension>
            <ns3:hr>142</ns3:hr>
            <ns3:cad>83</ns3:cad>
          </ns3:TrackPointExtension>
        </extensions>
      </trkpt>
      <trkpt lat="35.75828078202903270721435546875" lon="139.5385053567588329315185546875">
        <ele>46.40000152587890625</ele>
        <time>2026-09-30T23:01:42.000Z</time>
        <extensions>
          <ns3:TrackPointExtension>
            <ns3:hr>141</ns3:hr>
            <ns3:cad>83</ns3:cad>
          </ns3:TrackPointExtension>
        </extensions>
      </trkpt>
      <trkpt lat="35.7582897506654262542724609375" lon="139.53852505423128604888916015625">
        <ele>46.40000152587890625</ele>
        <time>2026-09-30T23:01:43.000Z</time>
        <extensions>
          <ns3:TrackPointExtension>
            <ns3:hr>141</ns3:hr>
            <ns3:cad>83</ns3:cad>
          </ns3:TrackPointExtension>
        </extensions>
      </trkpt>
      <trkpt lat="35.75830391608178615570068359375" lon="139.53854148276150226593017578125">
        <ele>46.40000152587890625</ele>
        <time>2026-09-30T23:01:44.000Z</time>
        <extensions>
          <ns3:TrackPointExtension>
            <ns3:hr>141</ns3:hr>
            <ns3:cad>85</ns3:cad>
          </ns3:TrackPointExtension>
        </extensions>
      </trkpt>
      <trkpt lat="35.75831883586943149566650390625" lon="139.53855958767235279083251953125">
        <ele>46.40000152587890625</ele>
        <time>2026-09-30T23:01:45.000Z</time>
        <extensions>
          <ns3:TrackPointExtension>
            <ns3:hr>141</ns3:hr>
            <ns3:cad>86</ns3:cad>
          </ns3:TrackPointExtension>
        </extensions>
      </trkpt>
      <trkpt lat="35.75833442620933055877685546875" lon="139.5385777764022350311279296875">
        <ele>46.40000152587890625</ele>
        <time>2026-09-30T23:01:46.000Z</time>
        <extensions>
          <ns3:TrackPointExtension>
            <ns3:hr>142</ns3:hr>
            <ns3:cad>86</ns3:cad>
          </ns3:TrackPointExtension>
        </extensions>
      </trkpt>
      <trkpt lat="35.75834834016859531402587890625" lon="139.5385952107608318328857421875">
        <ele>46.40000152587890625</ele>
        <time>2026-09-30T23:01:47.000Z</time>
        <extensions>
          <ns3:TrackPointExtension>
            <ns3:hr>142</ns3:hr>
            <ns3:cad>86</ns3:cad>
          </ns3:TrackPointExtension>
        </extensions>
      </trkpt>
      <trkpt lat="35.75836476869881153106689453125" lon="139.53861105255782604217529296875">
        <ele>46.200000762939453125</ele>
        <time>2026-09-30T23:01:48.000Z</time>
        <extensions>
          <ns3:TrackPointExtension>
            <ns3:hr>142</ns3:hr>
            <ns3:cad>86</ns3:cad>
          </ns3:TrackPointExtension>
        </extensions>
      </trkpt>
      <trkpt lat="35.75837583281099796295166015625" lon="139.5386273972690105438232421875">
        <ele>46.200000762939453125</ele>
        <time>2026-09-30T23:01:49.000Z</time>
        <extensions>
          <ns3:TrackPointExtension>
            <ns3:hr>142</ns3:hr>
            <ns3:cad>86</ns3:cad>
          </ns3:TrackPointExtension>
        </extensions>
      </trkpt>
      <trkpt lat="35.7583893276751041412353515625" lon="139.538644663989543914794921875">
        <ele>46.200000762939453125</ele>
        <time>2026-09-30T23:01:50.000Z</time>
        <extensions>
          <ns3:TrackPointExtension>
            <ns3:hr>142</ns3:hr>
            <ns3:cad>86</ns3:cad>
          </ns3:TrackPointExtension>
        </extensions>
      </trkpt>
      <trkpt lat="35.7584024034440517425537109375" lon="139.538661427795886993408203125">
        <ele>46.200000762939453125</ele>
        <time>2026-09-30T23:01:51.000Z</time>
        <extensions>
          <ns3:TrackPointExtension>
            <ns3:hr>142</ns3:hr>
            <ns3:cad>86</ns3:cad>
          </ns3:TrackPointExtension>
        </extensions>
      </trkpt>
      <trkpt lat="35.75841338373720645904541015625" lon="139.53868179582059383392333984375">
        <ele>46.200000762939453125</ele>
        <time>2026-09-30T23:01:52.000Z</time>
        <extensions>
          <ns3:TrackPointExtension>
            <ns3:hr>142</ns3:hr>
            <ns3:cad>86</ns3:cad>
          </ns3:TrackPointExtension>
        </extensions>
      </trkpt>
      <trkpt lat="35.7584287226200103759765625" lon="139.53869906254112720489501953125">
        <ele>46.200000762939453125</ele>
        <time>2026-09-30T23:01:53.000Z</time>
        <extensions>
          <ns3:TrackPointExtension>
            <ns3:hr>142</ns3:hr>
            <ns3:cad>86</ns3:cad>
          </ns3:TrackPointExtension>
        </extensions>
      </trkpt>
      <trkpt lat="35.75844054110348224639892578125" lon="139.53871582634747028350830078125">
        <ele>46.200000762939453125</ele>
        <time>2026-09-30T23:01:54.000Z</time>
        <extensions>
          <ns3:TrackPointExtension>
            <ns3:hr>142</ns3:hr>
            <ns3:cad>86</ns3:cad>
          </ns3:TrackPointExtension>
        </extensions>
      </trkpt>
      <trkpt lat="35.75845596380531787872314453125" lon="139.53873208723962306976318359375">
        <ele>46.200000762939453125</ele>
        <time>2026-09-30T23:01:55.000Z</time>
        <extensions>
          <ns3:TrackPointExtension>
            <ns3:hr>141</ns3:hr>
            <ns3:cad>86</ns3:cad>
          </ns3:TrackPointExtension>
        </extensions>
      </trkpt>
      <trkpt lat="35.75846836902201175689697265625" lon="139.53874893486499786376953125">
        <ele>46.200000762939453125</ele>
        <time>2026-09-30T23:01:56.000Z</time>
        <extensions>
          <ns3:TrackPointExtension>
            <ns3:hr>141</ns3:hr>
            <ns3:cad>86</ns3:cad>
          </ns3:TrackPointExtension>
        </extensions>
      </trkpt>
      <trkpt lat="35.7584815286099910736083984375" lon="139.53876905143260955810546875">
        <ele>46.200000762939453125</ele>
        <time>2026-09-30T23:01:57.000Z</time>
        <extensions>
          <ns3:TrackPointExtension>
            <ns3:hr>142</ns3:hr>
            <ns3:cad>86</ns3:cad>
          </ns3:TrackPointExtension>
        </extensions>
      </trkpt>
      <trkpt lat="35.7584946043789386749267578125" lon="139.53878724016249179840087890625">
        <ele>46</ele>
        <time>2026-09-30T23:01:58.000Z</time>
        <extensions>
          <ns3:TrackPointExtension>
            <ns3:hr>142</ns3:hr>
            <ns3:cad>85</ns3:cad>
          </ns3:TrackPointExtension>
        </extensions>
      </trkpt>
      <trkpt lat="35.75850893743336200714111328125" lon="139.53880249522626399993896484375">
        <ele>46</ele>
        <time>2026-09-30T23:01:59.000Z</time>
        <extensions>
          <ns3:TrackPointExtension>
            <ns3:hr>142</ns3:hr>
            <ns3:cad>85</ns3:cad>
          </ns3:TrackPointExtension>
        </extensions>
      </trkpt>
      <trkpt lat="35.75852083973586559295654296875" lon="139.53882043249905109405517578125">
        <ele>46</ele>
        <time>2026-09-30T23:02:00.000Z</time>
        <extensions>
          <ns3:TrackPointExtension>
            <ns3:hr>141</ns3:hr>
            <ns3:cad>85</ns3:cad>
          </ns3:TrackPointExtension>
        </extensions>
      </trkpt>
      <trkpt lat="35.758537016808986663818359375" lon="139.53883803449571132659912109375">
        <ele>45.799999237060546875</ele>
        <time>2026-09-30T23:02:01.000Z</time>
        <extensions>
          <ns3:TrackPointExtension>
            <ns3:hr>141</ns3:hr>
            <ns3:cad>85</ns3:cad>
          </ns3:TrackPointExtension>
        </extensions>
      </trkpt>
      <trkpt lat="35.758553110063076019287109375" lon="139.53885312192142009735107421875">
        <ele>45.799999237060546875</ele>
        <time>2026-09-30T23:02:02.000Z</time>
        <extensions>
          <ns3:TrackPointExtension>
            <ns3:hr>140</ns3:hr>
            <ns3:cad>85</ns3:cad>
          </ns3:TrackPointExtension>
        </extensions>
      </trkpt>
      <trkpt lat="35.75856685638427734375" lon="139.53887022100389003753662109375">
        <ele>45.799999237060546875</ele>
        <time>2026-09-30T23:02:03.000Z</time>
        <extensions>
          <ns3:TrackPointExtension>
            <ns3:hr>140</ns3:hr>
            <ns3:cad>84</ns3:cad>
          </ns3:TrackPointExtension>
        </extensions>
      </trkpt>
      <trkpt lat="35.7585811056196689605712890625" lon="139.53888815827667713165283203125">
        <ele>45.799999237060546875</ele>
        <time>2026-09-30T23:02:04.000Z</time>
        <extensions>
          <ns3:TrackPointExtension>
            <ns3:hr>140</ns3:hr>
            <ns3:cad>84</ns3:cad>
          </ns3:TrackPointExtension>
        </extensions>
      </trkpt>
      <trkpt lat="35.7585911639034748077392578125" lon="139.53890626318752765655517578125">
        <ele>45.59999847412109375</ele>
        <time>2026-09-30T23:02:05.000Z</time>
        <extensions>
          <ns3:TrackPointExtension>
            <ns3:hr>140</ns3:hr>
            <ns3:cad>84</ns3:cad>
          </ns3:TrackPointExtension>
        </extensions>
      </trkpt>
      <trkpt lat="35.75859946198761463165283203125" lon="139.53892637975513935089111328125">
        <ele>45.59999847412109375</ele>
        <time>2026-09-30T23:02:06.000Z</time>
        <extensions>
          <ns3:TrackPointExtension>
            <ns3:hr>140</ns3:hr>
            <ns3:cad>84</ns3:cad>
          </ns3:TrackPointExtension>
        </extensions>
      </trkpt>
      <trkpt lat="35.75860868208110332489013671875" lon="139.5389472506940364837646484375">
        <ele>45.799999237060546875</ele>
        <time>2026-09-30T23:02:07.000Z</time>
        <extensions>
          <ns3:TrackPointExtension>
            <ns3:hr>140</ns3:hr>
            <ns3:cad>84</ns3:cad>
          </ns3:TrackPointExtension>
        </extensions>
      </trkpt>
      <trkpt lat="35.758616812527179718017578125" lon="139.5389700494706630706787109375">
        <ele>45.799999237060546875</ele>
        <time>2026-09-30T23:02:08.000Z</time>
        <extensions>
          <ns3:TrackPointExtension>
            <ns3:hr>141</ns3:hr>
            <ns3:cad>85</ns3:cad>
          </ns3:TrackPointExtension>
        </extensions>
      </trkpt>
      <trkpt lat="35.7586240209639072418212890625" lon="139.53899477608501911163330078125">
        <ele>45.799999237060546875</ele>
        <time>2026-09-30T23:02:09.000Z</time>
        <extensions>
          <ns3:TrackPointExtension>
            <ns3:hr>141</ns3:hr>
            <ns3:cad>85</ns3:cad>
          </ns3:TrackPointExtension>
        </extensions>
      </trkpt>
      <trkpt lat="35.75863718055188655853271484375" lon="139.5390143059194087982177734375">
        <ele>46</ele>
        <time>2026-09-30T23:02:10.000Z</time>
        <extensions>
          <ns3:TrackPointExtension>
            <ns3:hr>141</ns3:hr>
            <ns3:cad>85</ns3:cad>
          </ns3:TrackPointExtension>
        </extensions>
      </trkpt>
      <trkpt lat="35.758649669587612152099609375" lon="139.539029896259307861328125">
        <ele>46</ele>
        <time>2026-09-30T23:02:11.000Z</time>
        <extensions>
          <ns3:TrackPointExtension>
            <ns3:hr>141</ns3:hr>
            <ns3:cad>85</ns3:cad>
          </ns3:TrackPointExtension>
        </extensions>
      </trkpt>
      <trkpt lat="35.758662410080432891845703125" lon="139.539045654237270355224609375">
        <ele>46</ele>
        <time>2026-09-30T23:02:12.000Z</time>
        <extensions>
          <ns3:TrackPointExtension>
            <ns3:hr>141</ns3:hr>
            <ns3:cad>85</ns3:cad>
          </ns3:TrackPointExtension>
        </extensions>
      </trkpt>
      <trkpt lat="35.758679844439029693603515625" lon="139.53905914910137653350830078125">
        <ele>46.200000762939453125</ele>
        <time>2026-09-30T23:02:13.000Z</time>
        <extensions>
          <ns3:TrackPointExtension>
            <ns3:hr>142</ns3:hr>
            <ns3:cad>85</ns3:cad>
          </ns3:TrackPointExtension>
        </extensions>
      </trkpt>
      <trkpt lat="35.75869618915021419525146484375" lon="139.53907473944127559661865234375">
        <ele>46.200000762939453125</ele>
        <time>2026-09-30T23:02:14.000Z</time>
        <extensions>
          <ns3:TrackPointExtension>
            <ns3:hr>142</ns3:hr>
            <ns3:cad>83</ns3:cad>
          </ns3:TrackPointExtension>
        </extensions>
      </trkpt>
      <trkpt lat="35.7587111927568912506103515625" lon="139.53908957540988922119140625">
        <ele>46.200000762939453125</ele>
        <time>2026-09-30T23:02:15.000Z</time>
        <extensions>
          <ns3:TrackPointExtension>
            <ns3:hr>142</ns3:hr>
            <ns3:cad>83</ns3:cad>
          </ns3:TrackPointExtension>
        </extensions>
      </trkpt>
      <trkpt lat="35.7587235979735851287841796875" lon="139.5391024835407733917236328125">
        <ele>46.200000762939453125</ele>
        <time>2026-09-30T23:02:16.000Z</time>
        <extensions>
          <ns3:TrackPointExtension>
            <ns3:hr>142</ns3:hr>
            <ns3:cad>82</ns3:cad>
          </ns3:TrackPointExtension>
        </extensions>
      </trkpt>
      <trkpt lat="35.75873508118093013763427734375" lon="139.5391172356903553009033203125">
        <ele>46.40000152587890625</ele>
        <time>2026-09-30T23:02:17.000Z</time>
        <extensions>
          <ns3:TrackPointExtension>
            <ns3:hr>142</ns3:hr>
            <ns3:cad>82</ns3:cad>
          </ns3:TrackPointExtension>
        </extensions>
      </trkpt>
      <trkpt lat="35.75874933041632175445556640625" lon="139.53913056291639804840087890625">
        <ele>46.40000152587890625</ele>
        <time>2026-09-30T23:02:18.000Z</time>
        <extensions>
          <ns3:TrackPointExtension>
            <ns3:hr>142</ns3:hr>
            <ns3:cad>82</ns3:cad>
          </ns3:TrackPointExtension>
        </extensions>
      </trkpt>
      <trkpt lat="35.758760981261730194091796875" lon="139.5391474105417728424072265625">
        <ele>46.40000152587890625</ele>
        <time>2026-09-30T23:02:19.000Z</time>
        <extensions>
          <ns3:TrackPointExtension>
            <ns3:hr>142</ns3:hr>
            <ns3:cad>83</ns3:cad>
          </ns3:TrackPointExtension>
        </extensions>
      </trkpt>
      <trkpt lat="35.75877766124904155731201171875" lon="139.53916258178651332855224609375">
        <ele>46.40000152587890625</ele>
        <time>2026-09-30T23:02:20.000Z</time>
        <extensions>
          <ns3:TrackPointExtension>
            <ns3:hr>142</ns3:hr>
            <ns3:cad>83</ns3:cad>
          </ns3:TrackPointExtension>
        </extensions>
      </trkpt>
      <trkpt lat="35.75879006646573543548583984375" lon="139.539179094135761260986328125">
        <ele>46.200000762939453125</ele>
        <time>2026-09-30T23:02:21.000Z</time>
        <extensions>
          <ns3:TrackPointExtension>
            <ns3:hr>142</ns3:hr>
            <ns3:cad>83</ns3:cad>
          </ns3:TrackPointExtension>
        </extensions>
      </trkpt>
      <trkpt lat="35.75879995711147785186767578125" lon="139.53919912688434123992919921875">
        <ele>46.200000762939453125</ele>
        <time>2026-09-30T23:02:22.000Z</time>
        <extensions>
          <ns3:TrackPointExtension>
            <ns3:hr>142</ns3:hr>
            <ns3:cad>83</ns3:cad>
          </ns3:TrackPointExtension>
        </extensions>
      </trkpt>
      <trkpt lat="35.75881294906139373779296875" lon="139.5392174832522869110107421875">
        <ele>46.200000762939453125</ele>
        <time>2026-09-30T23:02:23.000Z</time>
        <extensions>
          <ns3:TrackPointExtension>
            <ns3:hr>142</ns3:hr>
            <ns3:cad>83</ns3:cad>
          </ns3:TrackPointExtension>
        </extensions>
      </trkpt>
      <trkpt lat="35.7588255219161510467529296875" lon="139.53923399560153484344482421875">
        <ele>46</ele>
        <time>2026-09-30T23:02:24.000Z</time>
        <extensions>
          <ns3:TrackPointExtension>
            <ns3:hr>143</ns3:hr>
            <ns3:cad>84</ns3:cad>
          </ns3:TrackPointExtension>
        </extensions>
      </trkpt>
      <trkpt lat="35.75883884914219379425048828125" lon="139.53925008885562419891357421875">
        <ele>46</ele>
        <time>2026-09-30T23:02:25.000Z</time>
        <extensions>
          <ns3:TrackPointExtension>
            <ns3:hr>143</ns3:hr>
            <ns3:cad>85</ns3:cad>
          </ns3:TrackPointExtension>
        </extensions>
      </trkpt>
      <trkpt lat="35.75884974561631679534912109375" lon="139.53926718793809413909912109375">
        <ele>46</ele>
        <time>2026-09-30T23:02:26.000Z</time>
        <extensions>
          <ns3:TrackPointExtension>
            <ns3:hr>143</ns3:hr>
            <ns3:cad>85</ns3:cad>
          </ns3:TrackPointExtension>
        </extensions>
      </trkpt>
      <trkpt lat="35.75886181555688381195068359375" lon="139.5392845384776592254638671875">
        <ele>46</ele>
        <time>2026-09-30T23:02:27.000Z</time>
        <extensions>
          <ns3:TrackPointExtension>
            <ns3:hr>144</ns3:hr>
            <ns3:cad>85</ns3:cad>
          </ns3:TrackPointExtension>
        </extensions>
      </trkpt>
      <trkpt lat="35.75887463986873626708984375" lon="139.53930272720754146575927734375">
        <ele>46</ele>
        <time>2026-09-30T23:02:28.000Z</time>
        <extensions>
          <ns3:TrackPointExtension>
            <ns3:hr>144</ns3:hr>
            <ns3:cad>85</ns3:cad>
          </ns3:TrackPointExtension>
        </extensions>
      </trkpt>
      <trkpt lat="35.75889131985604763031005859375" lon="139.53931949101388454437255859375">
        <ele>46</ele>
        <time>2026-09-30T23:02:29.000Z</time>
        <extensions>
          <ns3:TrackPointExtension>
            <ns3:hr>145</ns3:hr>
            <ns3:cad>86</ns3:cad>
          </ns3:TrackPointExtension>
        </extensions>
      </trkpt>
      <trkpt lat="35.75890012085437774658203125" lon="139.53933893702924251556396484375">
        <ele>45.799999237060546875</ele>
        <time>2026-09-30T23:02:30.000Z</time>
        <extensions>
          <ns3:TrackPointExtension>
            <ns3:hr>145</ns3:hr>
            <ns3:cad>86</ns3:cad>
          </ns3:TrackPointExtension>
        </extensions>
      </trkpt>
      <trkpt lat="35.7589086703956127166748046875" lon="139.539359472692012786865234375">
        <ele>45.799999237060546875</ele>
        <time>2026-09-30T23:02:31.000Z</time>
        <extensions>
          <ns3:TrackPointExtension>
            <ns3:hr>145</ns3:hr>
            <ns3:cad>86</ns3:cad>
          </ns3:TrackPointExtension>
        </extensions>
      </trkpt>
      <trkpt lat="35.758918225765228271484375" lon="139.53937749378383159637451171875">
        <ele>45.799999237060546875</ele>
        <time>2026-09-30T23:02:32.000Z</time>
        <extensions>
          <ns3:TrackPointExtension>
            <ns3:hr>145</ns3:hr>
            <ns3:cad>86</ns3:cad>
          </ns3:TrackPointExtension>
        </extensions>
      </trkpt>
      <trkpt lat="35.75892719440162181854248046875" lon="139.53939610160887241363525390625">
        <ele>45.799999237060546875</ele>
        <time>2026-09-30T23:02:33.000Z</time>
        <extensions>
          <ns3:TrackPointExtension>
            <ns3:hr>145</ns3:hr>
            <ns3:cad>86</ns3:cad>
          </ns3:TrackPointExtension>
        </extensions>
      </trkpt>
      <trkpt lat="35.758939348161220550537109375" lon="139.53941605053842067718505859375">
        <ele>45.59999847412109375</ele>
        <time>2026-09-30T23:02:34.000Z</time>
        <extensions>
          <ns3:TrackPointExtension>
            <ns3:hr>145</ns3:hr>
            <ns3:cad>85</ns3:cad>
          </ns3:TrackPointExtension>
        </extensions>
      </trkpt>
      <trkpt lat="35.75894881971180438995361328125" lon="139.53943482600152492523193359375">
        <ele>45.59999847412109375</ele>
        <time>2026-09-30T23:02:35.000Z</time>
        <extensions>
          <ns3:TrackPointExtension>
            <ns3:hr>145</ns3:hr>
            <ns3:cad>85</ns3:cad>
          </ns3:TrackPointExtension>
        </extensions>
      </trkpt>
      <trkpt lat="35.75896047055721282958984375" lon="139.539452008903026580810546875">
        <ele>45.59999847412109375</ele>
        <time>2026-09-30T23:02:36.000Z</time>
        <extensions>
          <ns3:TrackPointExtension>
            <ns3:hr>146</ns3:hr>
            <ns3:cad>85</ns3:cad>
          </ns3:TrackPointExtension>
        </extensions>
      </trkpt>
      <trkpt lat="35.75897027738392353057861328125" lon="139.539468772709369659423828125">
        <ele>45.59999847412109375</ele>
        <time>2026-09-30T23:02:37.000Z</time>
        <extensions>
          <ns3:TrackPointExtension>
            <ns3:hr>146</ns3:hr>
            <ns3:cad>84</ns3:cad>
          </ns3:TrackPointExtension>
        </extensions>
      </trkpt>
      <trkpt lat="35.75898519717156887054443359375" lon="139.5394830219447612762451171875">
        <ele>45.59999847412109375</ele>
        <time>2026-09-30T23:02:38.000Z</time>
        <extensions>
          <ns3:TrackPointExtension>
            <ns3:hr>146</ns3:hr>
            <ns3:cad>84</ns3:cad>
          </ns3:TrackPointExtension>
        </extensions>
      </trkpt>
      <trkpt lat="35.75899911113083362579345703125" lon="139.5394977740943431854248046875">
        <ele>45.59999847412109375</ele>
        <time>2026-09-30T23:02:39.000Z</time>
        <extensions>
          <ns3:TrackPointExtension>
            <ns3:hr>146</ns3:hr>
            <ns3:cad>84</ns3:cad>
          </ns3:TrackPointExtension>
        </extensions>
      </trkpt>
      <trkpt lat="35.75901302509009838104248046875" lon="139.53951193951070308685302734375">
        <ele>45.59999847412109375</ele>
        <time>2026-09-30T23:02:40.000Z</time>
        <extensions>
          <ns3:TrackPointExtension>
            <ns3:hr>146</ns3:hr>
            <ns3:cad>84</ns3:cad>
          </ns3:TrackPointExtension>
        </extensions>
      </trkpt>
      <trkpt lat="35.75903113000094890594482421875" lon="139.53952384181320667266845703125">
        <ele>45.59999847412109375</ele>
        <time>2026-09-30T23:02:41.000Z</time>
        <extensions>
          <ns3:TrackPointExtension>
            <ns3:hr>146</ns3:hr>
            <ns3:cad>85</ns3:cad>
          </ns3:TrackPointExtension>
        </extensions>
      </trkpt>
      <trkpt lat="35.75904906727373600006103515625" lon="139.53953557647764682769775390625">
        <ele>45.40000152587890625</ele>
        <time>2026-09-30T23:02:42.000Z</time>
        <extensions>
          <ns3:TrackPointExtension>
            <ns3:hr>146</ns3:hr>
            <ns3:cad>85</ns3:cad>
          </ns3:TrackPointExtension>
        </extensions>
      </trkpt>
      <trkpt lat="35.75905811972916126251220703125" lon="139.539550244808197021484375">
        <ele>45.40000152587890625</ele>
        <time>2026-09-30T23:02:43.000Z</time>
        <extensions>
          <ns3:TrackPointExtension>
            <ns3:hr>146</ns3:hr>
            <ns3:cad>85</ns3:cad>
          </ns3:TrackPointExtension>
        </extensions>
      </trkpt>
      <trkpt lat="35.759068094193935394287109375" lon="139.53956625424325466156005859375">
        <ele>45.200000762939453125</ele>
        <time>2026-09-30T23:02:44.000Z</time>
        <extensions>
          <ns3:TrackPointExtension>
            <ns3:hr>145</ns3:hr>
            <ns3:cad>85</ns3:cad>
          </ns3:TrackPointExtension>
        </extensions>
      </trkpt>
      <trkpt lat="35.759076811373233795166015625" lon="139.5395825989544391632080078125">
        <ele>45.200000762939453125</ele>
        <time>2026-09-30T23:02:45.000Z</time>
        <extensions>
          <ns3:TrackPointExtension>
            <ns3:hr>145</ns3:hr>
            <ns3:cad>85</ns3:cad>
          </ns3:TrackPointExtension>
        </extensions>
      </trkpt>
      <trkpt lat="35.75908896513283252716064453125" lon="139.539600200951099395751953125">
        <ele>45.200000762939453125</ele>
        <time>2026-09-30T23:02:46.000Z</time>
        <extensions>
          <ns3:TrackPointExtension>
            <ns3:hr>145</ns3:hr>
            <ns3:cad>85</ns3:cad>
          </ns3:TrackPointExtension>
        </extensions>
      </trkpt>
      <trkpt lat="35.759102962911128997802734375" lon="139.5396174676716327667236328125">
        <ele>45.200000762939453125</ele>
        <time>2026-09-30T23:02:47.000Z</time>
        <extensions>
          <ns3:TrackPointExtension>
            <ns3:hr>144</ns3:hr>
            <ns3:cad>84</ns3:cad>
          </ns3:TrackPointExtension>
        </extensions>
      </trkpt>
      <trkpt lat="35.75911737978458404541015625" lon="139.53963540494441986083984375">
        <ele>45.40000152587890625</ele>
        <time>2026-09-30T23:02:48.000Z</time>
        <extensions>
          <ns3:TrackPointExtension>
            <ns3:hr>143</ns3:hr>
            <ns3:cad>83</ns3:cad>
          </ns3:TrackPointExtension>
        </extensions>
      </trkpt>
      <trkpt lat="35.7591255940496921539306640625" lon="139.53965594060719013214111328125">
        <ele>45.40000152587890625</ele>
        <time>2026-09-30T23:02:49.000Z</time>
        <extensions>
          <ns3:TrackPointExtension>
            <ns3:hr>143</ns3:hr>
            <ns3:cad>83</ns3:cad>
          </ns3:TrackPointExtension>
        </extensions>
      </trkpt>
      <trkpt lat="35.759133808314800262451171875" lon="139.5396727882325649261474609375">
        <ele>45.40000152587890625</ele>
        <time>2026-09-30T23:02:50.000Z</time>
        <extensions>
          <ns3:TrackPointExtension>
            <ns3:hr>143</ns3:hr>
            <ns3:cad>83</ns3:cad>
          </ns3:TrackPointExtension>
        </extensions>
      </trkpt>
      <trkpt lat="35.75914043001830577850341796875" lon="139.53969399444758892059326171875">
        <ele>45.40000152587890625</ele>
        <time>2026-09-30T23:02:51.000Z</time>
        <extensions>
          <ns3:TrackPointExtension>
            <ns3:hr>143</ns3:hr>
            <ns3:cad>83</ns3:cad>
          </ns3:TrackPointExtension>
        </extensions>
      </trkpt>
      <trkpt lat="35.7591490633785724639892578125" lon="139.5397136919200420379638671875">
        <ele>45.40000152587890625</ele>
        <time>2026-09-30T23:02:52.000Z</time>
        <extensions>
          <ns3:TrackPointExtension>
            <ns3:hr>143</ns3:hr>
            <ns3:cad>83</ns3:cad>
          </ns3:TrackPointExtension>
        </extensions>
      </trkpt>
      <trkpt lat="35.759159289300441741943359375" lon="139.53972802497446537017822265625">
        <ele>45.40000152587890625</ele>
        <time>2026-09-30T23:02:53.000Z</time>
        <extensions>
          <ns3:TrackPointExtension>
            <ns3:hr>143</ns3:hr>
            <ns3:cad>83</ns3:cad>
          </ns3:TrackPointExtension>
        </extensions>
      </trkpt>
      <trkpt lat="35.7591681741178035736083984375" lon="139.53974545933306217193603515625">
        <ele>45.40000152587890625</ele>
        <time>2026-09-30T23:02:54.000Z</time>
        <extensions>
          <ns3:TrackPointExtension>
            <ns3:hr>143</ns3:hr>
            <ns3:cad>83</ns3:cad>
          </ns3:TrackPointExtension>
        </extensions>
      </trkpt>
      <trkpt lat="35.75918133370578289031982421875" lon="139.53976012766361236572265625">
        <ele>45.40000152587890625</ele>
        <time>2026-09-30T23:02:55.000Z</time>
        <extensions>
          <ns3:TrackPointExtension>
            <ns3:hr>143</ns3:hr>
            <ns3:cad>83</ns3:cad>
          </ns3:TrackPointExtension>
        </extensions>
      </trkpt>
      <trkpt lat="35.75919021852314472198486328125" lon="139.53977848403155803680419921875">
        <ele>45.40000152587890625</ele>
        <time>2026-09-30T23:02:56.000Z</time>
        <extensions>
          <ns3:TrackPointExtension>
            <ns3:hr>143</ns3:hr>
            <ns3:cad>83</ns3:cad>
          </ns3:TrackPointExtension>
        </extensions>
      </trkpt>
      <trkpt lat="35.75920279137790203094482421875" lon="139.53979575075209140777587890625">
        <ele>45.200000762939453125</ele>
        <time>2026-09-30T23:02:57.000Z</time>
        <extensions>
          <ns3:TrackPointExtension>
            <ns3:hr>143</ns3:hr>
            <ns3:cad>83</ns3:cad>
          </ns3:TrackPointExtension>
        </extensions>
      </trkpt>
      <trkpt lat="35.7592151127755641937255859375" lon="139.53981134109199047088623046875">
        <ele>45.200000762939453125</ele>
        <time>2026-09-30T23:02:58.000Z</time>
        <extensions>
          <ns3:TrackPointExtension>
            <ns3:hr>143</ns3:hr>
            <ns3:cad>83</ns3:cad>
          </ns3:TrackPointExtension>
        </extensions>
      </trkpt>
      <trkpt lat="35.7592315413057804107666015625" lon="139.5398270152509212493896484375">
        <ele>45</ele>
        <time>2026-09-30T23:02:59.000Z</time>
        <extensions>
          <ns3:TrackPointExtension>
            <ns3:hr>143</ns3:hr>
            <ns3:cad>83</ns3:cad>
          </ns3:TrackPointExtension>
        </extensions>
      </trkpt>
      <trkpt lat="35.75924738310277462005615234375" lon="139.53984285704791545867919921875">
        <ele>45</ele>
        <time>2026-09-30T23:03:00.000Z</time>
        <extensions>
          <ns3:TrackPointExtension>
            <ns3:hr>143</ns3:hr>
            <ns3:cad>83</ns3:cad>
          </ns3:TrackPointExtension>
        </extensions>
      </trkpt>
      <trkpt lat="35.75926012359559535980224609375" lon="139.53985643573105335235595703125">
        <ele>45</ele>
        <time>2026-09-30T23:03:01.000Z</time>
        <extensions>
          <ns3:TrackPointExtension>
            <ns3:hr>143</ns3:hr>
            <ns3:cad>83</ns3:cad>
          </ns3:TrackPointExtension>
        </extensions>
      </trkpt>
      <trkpt lat="35.75927420519292354583740234375" lon="139.5398685894906520843505859375">
        <ele>45</ele>
        <time>2026-09-30T23:03:02.000Z</time>
        <extensions>
          <ns3:TrackPointExtension>
            <ns3:hr>143</ns3:hr>
            <ns3:cad>83</ns3:cad>
          </ns3:TrackPointExtension>
        </extensions>
      </trkpt>
      <trkpt lat="35.75928845442831516265869140625" lon="139.53988292254507541656494140625">
        <ele>45</ele>
        <time>2026-09-30T23:03:03.000Z</time>
        <extensions>
          <ns3:TrackPointExtension>
            <ns3:hr>143</ns3:hr>
            <ns3:cad>83</ns3:cad>
          </ns3:TrackPointExtension>
        </extensions>
      </trkpt>
      <trkpt lat="35.7593002729117870330810546875" lon="139.53989800997078418731689453125">
        <ele>45</ele>
        <time>2026-09-30T23:03:04.000Z</time>
        <extensions>
          <ns3:TrackPointExtension>
            <ns3:hr>143</ns3:hr>
            <ns3:cad>83</ns3:cad>
          </ns3:TrackPointExtension>
        </extensions>
      </trkpt>
      <trkpt lat="35.75930873863399028778076171875" lon="139.53991443850100040435791015625">
        <ele>45</ele>
        <time>2026-09-30T23:03:05.000Z</time>
        <extensions>
          <ns3:TrackPointExtension>
            <ns3:hr>143</ns3:hr>
            <ns3:cad>83</ns3:cad>
          </ns3:TrackPointExtension>
        </extensions>
      </trkpt>
      <trkpt lat="35.75931728817522525787353515625" lon="139.539931118488311767578125">
        <ele>45</ele>
        <time>2026-09-30T23:03:06.000Z</time>
        <extensions>
          <ns3:TrackPointExtension>
            <ns3:hr>142</ns3:hr>
            <ns3:cad>83</ns3:cad>
          </ns3:TrackPointExtension>
        </extensions>
      </trkpt>
      <trkpt lat="35.75932659208774566650390625" lon="139.5399530790746212005615234375">
        <ele>44.799999237060546875</ele>
        <time>2026-09-30T23:03:07.000Z</time>
        <extensions>
          <ns3:TrackPointExtension>
            <ns3:hr>142</ns3:hr>
            <ns3:cad>83</ns3:cad>
          </ns3:TrackPointExtension>
        </extensions>
      </trkpt>
      <trkpt lat="35.75934042222797870635986328125" lon="139.53996992669999599456787109375">
        <ele>44.799999237060546875</ele>
        <time>2026-09-30T23:03:08.000Z</time>
        <extensions>
          <ns3:TrackPointExtension>
            <ns3:hr>142</ns3:hr>
            <ns3:cad>83</ns3:cad>
          </ns3:TrackPointExtension>
        </extensions>
      </trkpt>
      <trkpt lat="35.7593485526740550994873046875" lon="139.53999021090567111968994140625">
        <ele>44.799999237060546875</ele>
        <time>2026-09-30T23:03:09.000Z</time>
        <extensions>
          <ns3:TrackPointExtension>
            <ns3:hr>142</ns3:hr>
            <ns3:cad>82</ns3:cad>
          </ns3:TrackPointExtension>
        </extensions>
      </trkpt>
      <trkpt lat="35.7593621313571929931640625" lon="139.5400063879787921905517578125">
        <ele>44.799999237060546875</ele>
        <time>2026-09-30T23:03:10.000Z</time>
        <extensions>
          <ns3:TrackPointExtension>
            <ns3:hr>141</ns3:hr>
            <ns3:cad>82</ns3:cad>
          </ns3:TrackPointExtension>
        </extensions>
      </trkpt>
      <trkpt lat="35.7593713514506816864013671875" lon="139.54002566635608673095703125">
        <ele>44.799999237060546875</ele>
        <time>2026-09-30T23:03:11.000Z</time>
        <extensions>
          <ns3:TrackPointExtension>
            <ns3:hr>141</ns3:hr>
            <ns3:cad>82</ns3:cad>
          </ns3:TrackPointExtension>
        </extensions>
      </trkpt>
      <trkpt lat="35.759382583200931549072265625" lon="139.54004175961017608642578125">
        <ele>44.59999847412109375</ele>
        <time>2026-09-30T23:03:12.000Z</time>
        <extensions>
          <ns3:TrackPointExtension>
            <ns3:hr>141</ns3:hr>
            <ns3:cad>82</ns3:cad>
          </ns3:TrackPointExtension>
        </extensions>
      </trkpt>
      <trkpt lat="35.75939574278891086578369140625" lon="139.540056847035884857177734375">
        <ele>44.799999237060546875</ele>
        <time>2026-09-30T23:03:13.000Z</time>
        <extensions>
          <ns3:TrackPointExtension>
            <ns3:hr>142</ns3:hr>
            <ns3:cad>83</ns3:cad>
          </ns3:TrackPointExtension>
        </extensions>
      </trkpt>
      <trkpt lat="35.7594058848917484283447265625" lon="139.54007520340383052825927734375">
        <ele>44.799999237060546875</ele>
        <time>2026-09-30T23:03:14.000Z</time>
        <extensions>
          <ns3:TrackPointExtension>
            <ns3:hr>142</ns3:hr>
            <ns3:cad>83</ns3:cad>
          </ns3:TrackPointExtension>
        </extensions>
      </trkpt>
      <trkpt lat="35.75941854156553745269775390625" lon="139.5400922186672687530517578125">
        <ele>44.799999237060546875</ele>
        <time>2026-09-30T23:03:15.000Z</time>
        <extensions>
          <ns3:TrackPointExtension>
            <ns3:hr>142</ns3:hr>
            <ns3:cad>84</ns3:cad>
          </ns3:TrackPointExtension>
        </extensions>
      </trkpt>
      <trkpt lat="35.7594310306012630462646484375" lon="139.5401113294064998626708984375">
        <ele>44.799999237060546875</ele>
        <time>2026-09-30T23:03:16.000Z</time>
        <extensions>
          <ns3:TrackPointExtension>
            <ns3:hr>142</ns3:hr>
            <ns3:cad>85</ns3:cad>
          </ns3:TrackPointExtension>
        </extensions>
      </trkpt>
      <trkpt lat="35.7594452798366546630859375" lon="139.5401314459741115570068359375">
        <ele>44.799999237060546875</ele>
        <time>2026-09-30T23:03:17.000Z</time>
        <extensions>
          <ns3:TrackPointExtension>
            <ns3:hr>142</ns3:hr>
            <ns3:cad>85</ns3:cad>
          </ns3:TrackPointExtension>
        </extensions>
      </trkpt>
      <trkpt lat="35.75945978052914142608642578125" lon="139.5401532389223575592041015625">
        <ele>44.799999237060546875</ele>
        <time>2026-09-30T23:03:18.000Z</time>
        <extensions>
          <ns3:TrackPointExtension>
            <ns3:hr>142</ns3:hr>
            <ns3:cad>85</ns3:cad>
          </ns3:TrackPointExtension>
        </extensions>
      </trkpt>
      <trkpt lat="35.75947419740259647369384765625" lon="139.54018031246960163116455078125">
        <ele>44.799999237060546875</ele>
        <time>2026-09-30T23:03:19.000Z</time>
        <extensions>
          <ns3:TrackPointExtension>
            <ns3:hr>142</ns3:hr>
            <ns3:cad>85</ns3:cad>
          </ns3:TrackPointExtension>
        </extensions>
      </trkpt>
      <trkpt lat="35.75948894955217838287353515625" lon="139.54020579345524311065673828125">
        <ele>44.799999237060546875</ele>
        <time>2026-09-30T23:03:20.000Z</time>
        <extensions>
          <ns3:TrackPointExtension>
            <ns3:hr>142</ns3:hr>
            <ns3:cad>85</ns3:cad>
          </ns3:TrackPointExtension>
        </extensions>
      </trkpt>
      <trkpt lat="35.75950252823531627655029296875" lon="139.54022423364222049713134765625">
        <ele>44.799999237060546875</ele>
        <time>2026-09-30T23:03:21.000Z</time>
        <extensions>
          <ns3:TrackPointExtension>
            <ns3:hr>142</ns3:hr>
            <ns3:cad>85</ns3:cad>
          </ns3:TrackPointExtension>
        </extensions>
      </trkpt>
      <trkpt lat="35.75951577164232730865478515625" lon="139.54024158418178558349609375">
        <ele>44.799999237060546875</ele>
        <time>2026-09-30T23:03:22.000Z</time>
        <extensions>
          <ns3:TrackPointExtension>
            <ns3:hr>142</ns3:hr>
            <ns3:cad>86</ns3:cad>
          </ns3:TrackPointExtension>
        </extensions>
      </trkpt>
      <trkpt lat="35.75952448882162570953369140625" lon="139.54025642015039920806884765625">
        <ele>45</ele>
        <time>2026-09-30T23:03:23.000Z</time>
        <extensions>
          <ns3:TrackPointExtension>
            <ns3:hr>142</ns3:hr>
            <ns3:cad>86</ns3:cad>
          </ns3:TrackPointExtension>
        </extensions>
      </trkpt>
      <trkpt lat="35.7595346309244632720947265625" lon="139.54027452506124973297119140625">
        <ele>45.200000762939453125</ele>
        <time>2026-09-30T23:03:24.000Z</time>
        <extensions>
          <ns3:TrackPointExtension>
            <ns3:hr>142</ns3:hr>
            <ns3:cad>86</ns3:cad>
          </ns3:TrackPointExtension>
        </extensions>
      </trkpt>
      <trkpt lat="35.75955181382596492767333984375" lon="139.54029397107660770416259765625">
        <ele>45.200000762939453125</ele>
        <time>2026-09-30T23:03:25.000Z</time>
        <extensions>
          <ns3:TrackPointExtension>
            <ns3:hr>142</ns3:hr>
            <ns3:cad>85</ns3:cad>
          </ns3:TrackPointExtension>
        </extensions>
      </trkpt>
      <trkpt lat="35.75956623069941997528076171875" lon="139.5403104834258556365966796875">
        <ele>45.200000762939453125</ele>
        <time>2026-09-30T23:03:26.000Z</time>
        <extensions>
          <ns3:TrackPointExtension>
            <ns3:hr>142</ns3:hr>
            <ns3:cad>84</ns3:cad>
          </ns3:TrackPointExtension>
        </extensions>
      </trkpt>
      <trkpt lat="35.75957595370709896087646484375" lon="139.54032833687961101531982421875">
        <ele>45.40000152587890625</ele>
        <time>2026-09-30T23:03:27.000Z</time>
        <extensions>
          <ns3:TrackPointExtension>
            <ns3:hr>143</ns3:hr>
            <ns3:cad>84</ns3:cad>
          </ns3:TrackPointExtension>
        </extensions>
      </trkpt>
      <trkpt lat="35.75958752073347568511962890625" lon="139.5403413288295269012451171875">
        <ele>45.59999847412109375</ele>
        <time>2026-09-30T23:03:28.000Z</time>
        <extensions>
          <ns3:TrackPointExtension>
            <ns3:hr>143</ns3:hr>
            <ns3:cad>84</ns3:cad>
          </ns3:TrackPointExtension>
        </extensions>
      </trkpt>
      <trkpt lat="35.75960193760693073272705078125" lon="139.54035599716007709503173828125">
        <ele>45.799999237060546875</ele>
        <time>2026-09-30T23:03:29.000Z</time>
        <extensions>
          <ns3:TrackPointExtension>
            <ns3:hr>144</ns3:hr>
            <ns3:cad>84</ns3:cad>
          </ns3:TrackPointExtension>
        </extensions>
      </trkpt>
      <trkpt lat="35.75961434282362461090087890625" lon="139.54037611372768878936767578125">
        <ele>45.799999237060546875</ele>
        <time>2026-09-30T23:03:30.000Z</time>
        <extensions>
          <ns3:TrackPointExtension>
            <ns3:hr>144</ns3:hr>
            <ns3:cad>83</ns3:cad>
          </ns3:TrackPointExtension>
        </extensions>
      </trkpt>
      <trkpt lat="35.7596321962773799896240234375" lon="139.5403926260769367218017578125">
        <ele>45.799999237060546875</ele>
        <time>2026-09-30T23:03:31.000Z</time>
        <extensions>
          <ns3:TrackPointExtension>
            <ns3:hr>144</ns3:hr>
            <ns3:cad>83</ns3:cad>
          </ns3:TrackPointExtension>
        </extensions>
      </trkpt>
      <trkpt lat="35.7596469484269618988037109375" lon="139.5404016785323619842529296875">
        <ele>46</ele>
        <time>2026-09-30T23:03:32.000Z</time>
        <extensions>
          <ns3:TrackPointExtension>
            <ns3:hr>144</ns3:hr>
            <ns3:cad>82</ns3:cad>
          </ns3:TrackPointExtension>
        </extensions>
      </trkpt>
      <trkpt lat="35.75966455042362213134765625" lon="139.5404023490846157073974609375">
        <ele>46</ele>
        <time>2026-09-30T23:03:33.000Z</time>
        <extensions>
          <ns3:TrackPointExtension>
            <ns3:hr>144</ns3:hr>
            <ns3:cad>82</ns3:cad>
          </ns3:TrackPointExtension>
        </extensions>
      </trkpt>
      <trkpt lat="35.75968064367771148681640625" lon="139.54040796495974063873291015625">
        <ele>46</ele>
        <time>2026-09-30T23:03:34.000Z</time>
        <extensions>
          <ns3:TrackPointExtension>
            <ns3:hr>145</ns3:hr>
            <ns3:cad>82</ns3:cad>
          </ns3:TrackPointExtension>
        </extensions>
      </trkpt>
      <trkpt lat="35.75969212688505649566650390625" lon="139.5404164306819438934326171875">
        <ele>46</ele>
        <time>2026-09-30T23:03:35.000Z</time>
        <extensions>
          <ns3:TrackPointExtension>
            <ns3:hr>145</ns3:hr>
            <ns3:cad>84</ns3:cad>
          </ns3:TrackPointExtension>
        </extensions>
      </trkpt>
      <trkpt lat="35.7597059570252895355224609375" lon="139.54041349701583385467529296875">
        <ele>46</ele>
        <time>2026-09-30T23:03:36.000Z</time>
        <extensions>
          <ns3:TrackPointExtension>
            <ns3:hr>146</ns3:hr>
            <ns3:cad>84</ns3:cad>
          </ns3:TrackPointExtension>
        </extensions>
      </trkpt>
      <trkpt lat="35.75971928425133228302001953125" lon="139.5404067076742649078369140625">
        <ele>46</ele>
        <time>2026-09-30T23:03:37.000Z</time>
        <extensions>
          <ns3:TrackPointExtension>
            <ns3:hr>146</ns3:hr>
            <ns3:cad>84</ns3:cad>
          </ns3:TrackPointExtension>
        </extensions>
      </trkpt>
      <trkpt lat="35.75973236002027988433837890625" lon="139.54039673320949077606201171875">
        <ele>45.799999237060546875</ele>
        <time>2026-09-30T23:03:38.000Z</time>
        <extensions>
          <ns3:TrackPointExtension>
            <ns3:hr>146</ns3:hr>
            <ns3:cad>85</ns3:cad>
          </ns3:TrackPointExtension>
        </extensions>
      </trkpt>
      <trkpt lat="35.75974459759891033172607421875" lon="139.54038147814571857452392578125">
        <ele>45.799999237060546875</ele>
        <time>2026-09-30T23:03:39.000Z</time>
        <extensions>
          <ns3:TrackPointExtension>
            <ns3:hr>146</ns3:hr>
            <ns3:cad>84</ns3:cad>
          </ns3:TrackPointExtension>
        </extensions>
      </trkpt>
      <trkpt lat="35.75975197367370128631591796875" lon="139.54036421142518520355224609375">
        <ele>45.799999237060546875</ele>
        <time>2026-09-30T23:03:40.000Z</time>
        <extensions>
          <ns3:TrackPointExtension>
            <ns3:hr>146</ns3:hr>
            <ns3:cad>84</ns3:cad>
          </ns3:TrackPointExtension>
        </extensions>
      </trkpt>
      <trkpt lat="35.75974811799824237823486328125" lon="139.54034711234271526336669921875">
        <ele>45.799999237060546875</ele>
        <time>2026-09-30T23:03:41.000Z</time>
        <extensions>
          <ns3:TrackPointExtension>
            <ns3:hr>147</ns3:hr>
            <ns3:cad>84</ns3:cad>
          </ns3:TrackPointExtension>
        </extensions>
      </trkpt>
      <trkpt lat="35.75974375940859317779541015625" lon="139.5403346233069896697998046875">
        <ele>45.799999237060546875</ele>
        <time>2026-09-30T23:03:42.000Z</time>
        <extensions>
          <ns3:TrackPointExtension>
            <ns3:hr>147</ns3:hr>
            <ns3:cad>84</ns3:cad>
          </ns3:TrackPointExtension>
        </extensions>
      </trkpt>
      <trkpt lat="35.75973001308739185333251953125" lon="139.5403175242245197296142578125">
        <ele>45.799999237060546875</ele>
        <time>2026-09-30T23:03:43.000Z</time>
        <extensions>
          <ns3:TrackPointExtension>
            <ns3:hr>147</ns3:hr>
            <ns3:cad>84</ns3:cad>
          </ns3:TrackPointExtension>
        </extensions>
      </trkpt>
      <trkpt lat="35.759717188775539398193359375" lon="139.540305621922016143798828125">
        <ele>45.59999847412109375</ele>
        <time>2026-09-30T23:03:44.000Z</time>
        <extensions>
          <ns3:TrackPointExtension>
            <ns3:hr>148</ns3:hr>
            <ns3:cad>84</ns3:cad>
          </ns3:TrackPointExtension>
        </extensions>
      </trkpt>
      <trkpt lat="35.7597042806446552276611328125" lon="139.54028927721083164215087890625">
        <ele>45.59999847412109375</ele>
        <time>2026-09-30T23:03:45.000Z</time>
        <extensions>
          <ns3:TrackPointExtension>
            <ns3:hr>148</ns3:hr>
            <ns3:cad>83</ns3:cad>
          </ns3:TrackPointExtension>
        </extensions>
      </trkpt>
      <trkpt lat="35.75968642719089984893798828125" lon="139.54026513732969760894775390625">
        <ele>45.200000762939453125</ele>
        <time>2026-09-30T23:03:46.000Z</time>
        <extensions>
          <ns3:TrackPointExtension>
            <ns3:hr>149</ns3:hr>
            <ns3:cad>83</ns3:cad>
          </ns3:TrackPointExtension>
        </extensions>
      </trkpt>
      <trkpt lat="35.75966932810842990875244140625" lon="139.54024736769497394561767578125">
        <ele>45</ele>
        <time>2026-09-30T23:03:47.000Z</time>
        <extensions>
          <ns3:TrackPointExtension>
            <ns3:hr>150</ns3:hr>
            <ns3:cad>84</ns3:cad>
          </ns3:TrackPointExtension>
        </extensions>
      </trkpt>
      <trkpt lat="35.75965239666402339935302734375" lon="139.540226161479949951171875">
        <ele>44.799999237060546875</ele>
        <time>2026-09-30T23:03:48.000Z</time>
        <extensions>
          <ns3:TrackPointExtension>
            <ns3:hr>150</ns3:hr>
            <ns3:cad>85</ns3:cad>
          </ns3:TrackPointExtension>
        </extensions>
      </trkpt>
      <trkpt lat="35.75963529758155345916748046875" lon="139.540205709636211395263671875">
        <ele>44.799999237060546875</ele>
        <time>2026-09-30T23:03:49.000Z</time>
        <extensions>
          <ns3:TrackPointExtension>
            <ns3:hr>150</ns3:hr>
            <ns3:cad>86</ns3:cad>
          </ns3:TrackPointExtension>
        </extensions>
      </trkpt>
      <trkpt lat="35.7596115767955780029296875" lon="139.5401837490499019622802734375">
        <ele>44.799999237060546875</ele>
        <time>2026-09-30T23:03:50.000Z</time>
        <extensions>
          <ns3:TrackPointExtension>
            <ns3:hr>150</ns3:hr>
            <ns3:cad>87</ns3:cad>
          </ns3:TrackPointExtension>
        </extensions>
      </trkpt>
      <trkpt lat="35.75959523208439350128173828125" lon="139.54017058946192264556884765625">
        <ele>44.799999237060546875</ele>
        <time>2026-09-30T23:03:51.000Z</time>
        <extensions>
          <ns3:TrackPointExtension>
            <ns3:hr>150</ns3:hr>
            <ns3:cad>87</ns3:cad>
          </ns3:TrackPointExtension>
        </extensions>
      </trkpt>
      <trkpt lat="35.75957176275551319122314453125" lon="139.54015298746526241302490234375">
        <ele>44.799999237060546875</ele>
        <time>2026-09-30T23:03:52.000Z</time>
        <extensions>
          <ns3:TrackPointExtension>
            <ns3:hr>150</ns3:hr>
            <ns3:cad>87</ns3:cad>
          </ns3:TrackPointExtension>
        </extensions>
      </trkpt>
      <trkpt lat="35.75955231674015522003173828125" lon="139.54013454727828502655029296875">
        <ele>44.799999237060546875</ele>
        <time>2026-09-30T23:03:53.000Z</time>
        <extensions>
          <ns3:TrackPointExtension>
            <ns3:hr>150</ns3:hr>
            <ns3:cad>87</ns3:cad>
          </ns3:TrackPointExtension>
        </extensions>
      </trkpt>
      <trkpt lat="35.75953924097120761871337890625" lon="139.540111832320690155029296875">
        <ele>44.799999237060546875</ele>
        <time>2026-09-30T23:03:54.000Z</time>
        <extensions>
          <ns3:TrackPointExtension>
            <ns3:hr>150</ns3:hr>
            <ns3:cad>87</ns3:cad>
          </ns3:TrackPointExtension>
        </extensions>
      </trkpt>
      <trkpt lat="35.75953085906803607940673828125" lon="139.540093727409839630126953125">
        <ele>44.799999237060546875</ele>
        <time>2026-09-30T23:03:55.000Z</time>
        <extensions>
          <ns3:TrackPointExtension>
            <ns3:hr>150</ns3:hr>
            <ns3:cad>87</ns3:cad>
          </ns3:TrackPointExtension>
        </extensions>
      </trkpt>
      <trkpt lat="35.75951526872813701629638671875" lon="139.54007252119481563568115234375">
        <ele>44.799999237060546875</ele>
        <time>2026-09-30T23:03:56.000Z</time>
        <extensions>
          <ns3:TrackPointExtension>
            <ns3:hr>150</ns3:hr>
            <ns3:cad>87</ns3:cad>
          </ns3:TrackPointExtension>
        </extensions>
      </trkpt>
      <trkpt lat="35.75950521044433116912841796875" lon="139.5400585234165191650390625">
        <ele>44.799999237060546875</ele>
        <time>2026-09-30T23:03:57.000Z</time>
        <extensions>
          <ns3:TrackPointExtension>
            <ns3:hr>149</ns3:hr>
            <ns3:cad>87</ns3:cad>
          </ns3:TrackPointExtension>
        </extensions>
      </trkpt>
      <trkpt lat="35.7594819925725460052490234375" lon="139.54004435800015926361083984375">
        <ele>44.799999237060546875</ele>
        <time>2026-09-30T23:03:58.000Z</time>
        <extensions>
          <ns3:TrackPointExtension>
            <ns3:hr>149</ns3:hr>
            <ns3:cad>86</ns3:cad>
          </ns3:TrackPointExtension>
        </extensions>
      </trkpt>
      <trkpt lat="35.7594640552997589111328125" lon="139.5400209724903106689453125">
        <ele>45</ele>
        <time>2026-09-30T23:03:59.000Z</time>
        <extensions>
          <ns3:TrackPointExtension>
            <ns3:hr>149</ns3:hr>
            <ns3:cad>85</ns3:cad>
          </ns3:TrackPointExtension>
        </extensions>
      </trkpt>
      <trkpt lat="35.7594586908817291259765625" lon="139.54000647179782390594482421875">
        <ele>45.200000762939453125</ele>
        <time>2026-09-30T23:04:00.000Z</time>
        <extensions>
          <ns3:TrackPointExtension>
            <ns3:hr>150</ns3:hr>
            <ns3:cad>85</ns3:cad>
          </ns3:TrackPointExtension>
        </extensions>
      </trkpt>
      <trkpt lat="35.7594488002359867095947265625" lon="139.53998317010700702667236328125">
        <ele>45.200000762939453125</ele>
        <time>2026-09-30T23:04:01.000Z</time>
        <extensions>
          <ns3:TrackPointExtension>
            <ns3:hr>150</ns3:hr>
            <ns3:cad>85</ns3:cad>
          </ns3:TrackPointExtension>
        </extensions>
      </trkpt>
      <trkpt lat="35.759437568485736846923828125" lon="139.539964981377124786376953125">
        <ele>45.200000762939453125</ele>
        <time>2026-09-30T23:04:02.000Z</time>
        <extensions>
          <ns3:TrackPointExtension>
            <ns3:hr>151</ns3:hr>
            <ns3:cad>85</ns3:cad>
          </ns3:TrackPointExtension>
        </extensions>
      </trkpt>
      <trkpt lat="35.7594345510005950927734375" lon="139.53994444571435451507568359375">
        <ele>45.200000762939453125</ele>
        <time>2026-09-30T23:04:03.000Z</time>
        <extensions>
          <ns3:TrackPointExtension>
            <ns3:hr>151</ns3:hr>
            <ns3:cad>85</ns3:cad>
          </ns3:TrackPointExtension>
        </extensions>
      </trkpt>
      <trkpt lat="35.75942373834550380706787109375" lon="139.5399178750813007354736328125">
        <ele>45.40000152587890625</ele>
        <time>2026-09-30T23:04:04.000Z</time>
        <extensions>
          <ns3:TrackPointExtension>
            <ns3:hr>151</ns3:hr>
            <ns3:cad>85</ns3:cad>
          </ns3:TrackPointExtension>
        </extensions>
      </trkpt>
      <trkpt lat="35.759416781365871429443359375" lon="139.53989700414240360260009765625">
        <ele>45.40000152587890625</ele>
        <time>2026-09-30T23:04:05.000Z</time>
        <extensions>
          <ns3:TrackPointExtension>
            <ns3:hr>151</ns3:hr>
            <ns3:cad>85</ns3:cad>
          </ns3:TrackPointExtension>
        </extensions>
      </trkpt>
      <trkpt lat="35.75940035283565521240234375" lon="139.539889208972454071044921875">
        <ele>45.40000152587890625</ele>
        <time>2026-09-30T23:04:06.000Z</time>
        <extensions>
          <ns3:TrackPointExtension>
            <ns3:hr>151</ns3:hr>
            <ns3:cad>85</ns3:cad>
          </ns3:TrackPointExtension>
        </extensions>
      </trkpt>
      <trkpt lat="35.7593844272196292877197265625" lon="139.5398789830505847930908203125">
        <ele>45.40000152587890625</ele>
        <time>2026-09-30T23:04:07.000Z</time>
        <extensions>
          <ns3:TrackPointExtension>
            <ns3:hr>151</ns3:hr>
            <ns3:cad>85</ns3:cad>
          </ns3:TrackPointExtension>
        </extensions>
      </trkpt>
      <trkpt lat="35.75936414301395416259765625" lon="139.5398627221584320068359375">
        <ele>45.40000152587890625</ele>
        <time>2026-09-30T23:04:08.000Z</time>
        <extensions>
          <ns3:TrackPointExtension>
            <ns3:hr>151</ns3:hr>
            <ns3:cad>86</ns3:cad>
          </ns3:TrackPointExtension>
        </extensions>
      </trkpt>
      <trkpt lat="35.75935249216854572296142578125" lon="139.53985056839883327484130859375">
        <ele>45.40000152587890625</ele>
        <time>2026-09-30T23:04:09.000Z</time>
        <extensions>
          <ns3:TrackPointExtension>
            <ns3:hr>151</ns3:hr>
            <ns3:cad>86</ns3:cad>
          </ns3:TrackPointExtension>
        </extensions>
      </trkpt>
      <trkpt lat="35.759347043931484222412109375" lon="139.5398219861090183258056640625">
        <ele>45.40000152587890625</ele>
        <time>2026-09-30T23:04:10.000Z</time>
        <extensions>
          <ns3:TrackPointExtension>
            <ns3:hr>151</ns3:hr>
            <ns3:cad>85</ns3:cad>
          </ns3:TrackPointExtension>
        </extensions>
      </trkpt>
      <trkpt lat="35.7593455351889133453369140625" lon="139.539798013865947723388671875">
        <ele>45.40000152587890625</ele>
        <time>2026-09-30T23:04:11.000Z</time>
        <extensions>
          <ns3:TrackPointExtension>
            <ns3:hr>151</ns3:hr>
            <ns3:cad>85</ns3:cad>
          </ns3:TrackPointExtension>
        </extensions>
      </trkpt>
      <trkpt lat="35.7593381591141223907470703125" lon="139.539773873984813690185546875">
        <ele>45.40000152587890625</ele>
        <time>2026-09-30T23:04:12.000Z</time>
        <extensions>
          <ns3:TrackPointExtension>
            <ns3:hr>151</ns3:hr>
            <ns3:cad>84</ns3:cad>
          </ns3:TrackPointExtension>
        </extensions>
      </trkpt>
      <trkpt lat="35.7593254186213016510009765625" lon="139.539759457111358642578125">
        <ele>45.40000152587890625</ele>
        <time>2026-09-30T23:04:13.000Z</time>
        <extensions>
          <ns3:TrackPointExtension>
            <ns3:hr>151</ns3:hr>
            <ns3:cad>84</ns3:cad>
          </ns3:TrackPointExtension>
        </extensions>
      </trkpt>
      <trkpt lat="35.75931209139525890350341796875" lon="139.53974478878080844879150390625">
        <ele>45.40000152587890625</ele>
        <time>2026-09-30T23:04:14.000Z</time>
        <extensions>
          <ns3:TrackPointExtension>
            <ns3:hr>150</ns3:hr>
            <ns3:cad>84</ns3:cad>
          </ns3:TrackPointExtension>
        </extensions>
      </trkpt>
      <trkpt lat="35.7592969201505184173583984375" lon="139.53972768969833850860595703125">
        <ele>45.40000152587890625</ele>
        <time>2026-09-30T23:04:15.000Z</time>
        <extensions>
          <ns3:TrackPointExtension>
            <ns3:hr>150</ns3:hr>
            <ns3:cad>84</ns3:cad>
          </ns3:TrackPointExtension>
        </extensions>
      </trkpt>
      <trkpt lat="35.759284682571887969970703125" lon="139.53971453011035919189453125">
        <ele>45.40000152587890625</ele>
        <time>2026-09-30T23:04:16.000Z</time>
        <extensions>
          <ns3:TrackPointExtension>
            <ns3:hr>150</ns3:hr>
            <ns3:cad>84</ns3:cad>
          </ns3:TrackPointExtension>
        </extensions>
      </trkpt>
      <trkpt lat="35.75927135534584522247314453125" lon="139.53970053233206272125244140625">
        <ele>45.40000152587890625</ele>
        <time>2026-09-30T23:04:17.000Z</time>
        <extensions>
          <ns3:TrackPointExtension>
            <ns3:hr>150</ns3:hr>
            <ns3:cad>83</ns3:cad>
          </ns3:TrackPointExtension>
        </extensions>
      </trkpt>
      <trkpt lat="35.75925777666270732879638671875" lon="139.53968502581119537353515625">
        <ele>45.40000152587890625</ele>
        <time>2026-09-30T23:04:18.000Z</time>
        <extensions>
          <ns3:TrackPointExtension>
            <ns3:hr>150</ns3:hr>
            <ns3:cad>83</ns3:cad>
          </ns3:TrackPointExtension>
        </extensions>
      </trkpt>
      <trkpt lat="35.75924386270344257354736328125" lon="139.53967505134642124176025390625">
        <ele>45.40000152587890625</ele>
        <time>2026-09-30T23:04:19.000Z</time>
        <extensions>
          <ns3:TrackPointExtension>
            <ns3:hr>149</ns3:hr>
            <ns3:cad>83</ns3:cad>
          </ns3:TrackPointExtension>
        </extensions>
      </trkpt>
      <trkpt lat="35.7592280209064483642578125" lon="139.5396593771874904632568359375">
        <ele>45.40000152587890625</ele>
        <time>2026-09-30T23:04:20.000Z</time>
        <extensions>
          <ns3:TrackPointExtension>
            <ns3:hr>149</ns3:hr>
            <ns3:cad>83</ns3:cad>
          </ns3:TrackPointExtension>
        </extensions>
      </trkpt>
      <trkpt lat="35.7592131011188030242919921875" lon="139.53964387066662311553955078125">
        <ele>45.40000152587890625</ele>
        <time>2026-09-30T23:04:21.000Z</time>
        <extensions>
          <ns3:TrackPointExtension>
            <ns3:hr>149</ns3:hr>
            <ns3:cad>84</ns3:cad>
          </ns3:TrackPointExtension>
        </extensions>
      </trkpt>
      <trkpt lat="35.75920430012047290802001953125" lon="139.53963062725961208343505859375">
        <ele>45.40000152587890625</ele>
        <time>2026-09-30T23:04:22.000Z</time>
        <extensions>
          <ns3:TrackPointExtension>
            <ns3:hr>148</ns3:hr>
            <ns3:cad>84</ns3:cad>
          </ns3:TrackPointExtension>
        </extensions>
      </trkpt>
      <trkpt lat="35.759196169674396514892578125" lon="139.539613611996173858642578125">
        <ele>45.40000152587890625</ele>
        <time>2026-09-30T23:04:23.000Z</time>
        <extensions>
          <ns3:TrackPointExtension>
            <ns3:hr>148</ns3:hr>
            <ns3:cad>85</ns3:cad>
          </ns3:TrackPointExtension>
        </extensions>
      </trkpt>
      <trkpt lat="35.75918217189610004425048828125" lon="139.5395966805517673492431640625">
        <ele>45.40000152587890625</ele>
        <time>2026-09-30T23:04:24.000Z</time>
        <extensions>
          <ns3:TrackPointExtension>
            <ns3:hr>147</ns3:hr>
            <ns3:cad>84</ns3:cad>
          </ns3:TrackPointExtension>
        </extensions>
      </trkpt>
      <trkpt lat="35.75917211361229419708251953125" lon="139.53958176076412200927734375">
        <ele>45.40000152587890625</ele>
        <time>2026-09-30T23:04:25.000Z</time>
        <extensions>
          <ns3:TrackPointExtension>
            <ns3:hr>146</ns3:hr>
            <ns3:cad>84</ns3:cad>
          </ns3:TrackPointExtension>
        </extensions>
      </trkpt>
      <trkpt lat="35.759164988994598388671875" lon="139.53956843353807926177978515625">
        <ele>45.40000152587890625</ele>
        <time>2026-09-30T23:04:26.000Z</time>
        <extensions>
          <ns3:TrackPointExtension>
            <ns3:hr>145</ns3:hr>
            <ns3:cad>84</ns3:cad>
          </ns3:TrackPointExtension>
        </extensions>
      </trkpt>
      <trkpt lat="35.75915082357823848724365234375" lon="139.53955049626529216766357421875">
        <ele>45.40000152587890625</ele>
        <time>2026-09-30T23:04:27.000Z</time>
        <extensions>
          <ns3:TrackPointExtension>
            <ns3:hr>145</ns3:hr>
            <ns3:cad>84</ns3:cad>
          </ns3:TrackPointExtension>
        </extensions>
      </trkpt>
      <trkpt lat="35.7591343112289905548095703125" lon="139.53953356482088565826416015625">
        <ele>45.40000152587890625</ele>
        <time>2026-09-30T23:04:28.000Z</time>
        <extensions>
          <ns3:TrackPointExtension>
            <ns3:hr>145</ns3:hr>
            <ns3:cad>83</ns3:cad>
          </ns3:TrackPointExtension>
        </extensions>
      </trkpt>
      <trkpt lat="35.7591121830046176910400390625" lon="139.53952400945127010345458984375">
        <ele>45.40000152587890625</ele>
        <time>2026-09-30T23:04:29.000Z</time>
        <extensions>
          <ns3:TrackPointExtension>
            <ns3:hr>144</ns3:hr>
            <ns3:cad>83</ns3:cad>
          </ns3:TrackPointExtension>
        </extensions>
      </trkpt>
      <trkpt lat="35.7590957544744014739990234375" lon="139.5395078323781490325927734375">
        <ele>45.40000152587890625</ele>
        <time>2026-09-30T23:04:30.000Z</time>
        <extensions>
          <ns3:TrackPointExtension>
            <ns3:hr>145</ns3:hr>
            <ns3:cad>83</ns3:cad>
          </ns3:TrackPointExtension>
        </extensions>
      </trkpt>
      <trkpt lat="35.75908393599092960357666015625" lon="139.53949433751404285430908203125">
        <ele>45.40000152587890625</ele>
        <time>2026-09-30T23:04:31.000Z</time>
        <extensions>
          <ns3:TrackPointExtension>
            <ns3:hr>145</ns3:hr>
            <ns3:cad>83</ns3:cad>
          </ns3:TrackPointExtension>
        </extensions>
      </trkpt>
      <trkpt lat="35.75907203368842601776123046875" lon="139.53947405330836772918701171875">
        <ele>45.40000152587890625</ele>
        <time>2026-09-30T23:04:32.000Z</time>
        <extensions>
          <ns3:TrackPointExtension>
            <ns3:hr>145</ns3:hr>
            <ns3:cad>82</ns3:cad>
          </ns3:TrackPointExtension>
        </extensions>
      </trkpt>
      <trkpt lat="35.75905971229076385498046875" lon="139.53946030698716640472412109375">
        <ele>45.40000152587890625</ele>
        <time>2026-09-30T23:04:33.000Z</time>
        <extensions>
          <ns3:TrackPointExtension>
            <ns3:hr>145</ns3:hr>
            <ns3:cad>82</ns3:cad>
          </ns3:TrackPointExtension>
        </extensions>
      </trkpt>
      <trkpt lat="35.75905024074018001556396484375" lon="139.539442956447601318359375">
        <ele>45.40000152587890625</ele>
        <time>2026-09-30T23:04:34.000Z</time>
        <extensions>
          <ns3:TrackPointExtension>
            <ns3:hr>145</ns3:hr>
            <ns3:cad>82</ns3:cad>
          </ns3:TrackPointExtension>
        </extensions>
      </trkpt>
      <trkpt lat="35.75903146527707576751708984375" lon="139.53942711465060710906982421875">
        <ele>45.59999847412109375</ele>
        <time>2026-09-30T23:04:35.000Z</time>
        <extensions>
          <ns3:TrackPointExtension>
            <ns3:hr>145</ns3:hr>
            <ns3:cad>82</ns3:cad>
          </ns3:TrackPointExtension>
        </extensions>
      </trkpt>
      <trkpt lat="35.75900900177657604217529296875" lon="139.5394067466259002685546875">
        <ele>45.59999847412109375</ele>
        <time>2026-09-30T23:04:36.000Z</time>
        <extensions>
          <ns3:TrackPointExtension>
            <ns3:hr>145</ns3:hr>
            <ns3:cad>82</ns3:cad>
          </ns3:TrackPointExtension>
        </extensions>
      </trkpt>
      <trkpt lat="35.75899391435086727142333984375" lon="139.53938327729701995849609375">
        <ele>45.59999847412109375</ele>
        <time>2026-09-30T23:04:37.000Z</time>
        <extensions>
          <ns3:TrackPointExtension>
            <ns3:hr>145</ns3:hr>
            <ns3:cad>82</ns3:cad>
          </ns3:TrackPointExtension>
        </extensions>
      </trkpt>
      <trkpt lat="35.75897865928709506988525390625" lon="139.53936659730970859527587890625">
        <ele>45.59999847412109375</ele>
        <time>2026-09-30T23:04:38.000Z</time>
        <extensions>
          <ns3:TrackPointExtension>
            <ns3:hr>145</ns3:hr>
            <ns3:cad>82</ns3:cad>
          </ns3:TrackPointExtension>
        </extensions>
      </trkpt>
      <trkpt lat="35.75897195376455783843994140625" lon="139.53935570083558559417724609375">
        <ele>45.59999847412109375</ele>
        <time>2026-09-30T23:04:39.000Z</time>
        <extensions>
          <ns3:TrackPointExtension>
            <ns3:hr>145</ns3:hr>
            <ns3:cad>83</ns3:cad>
          </ns3:TrackPointExtension>
        </extensions>
      </trkpt>
      <trkpt lat="35.75895510613918304443359375" lon="139.539340697228908538818359375">
        <ele>45.59999847412109375</ele>
        <time>2026-09-30T23:04:40.000Z</time>
        <extensions>
          <ns3:TrackPointExtension>
            <ns3:hr>145</ns3:hr>
            <ns3:cad>83</ns3:cad>
          </ns3:TrackPointExtension>
        </extensions>
      </trkpt>
      <trkpt lat="35.75894261710345745086669921875" lon="139.5393316447734832763671875">
        <ele>45.59999847412109375</ele>
        <time>2026-09-30T23:04:41.000Z</time>
        <extensions>
          <ns3:TrackPointExtension>
            <ns3:hr>145</ns3:hr>
            <ns3:cad>85</ns3:cad>
          </ns3:TrackPointExtension>
        </extensions>
      </trkpt>
      <trkpt lat="35.75892635621130466461181640625" lon="139.53932619653642177581787109375">
        <ele>45.59999847412109375</ele>
        <time>2026-09-30T23:04:42.000Z</time>
        <extensions>
          <ns3:TrackPointExtension>
            <ns3:hr>144</ns3:hr>
            <ns3:cad>85</ns3:cad>
          </ns3:TrackPointExtension>
        </extensions>
      </trkpt>
      <trkpt lat="35.75891076587140560150146484375" lon="139.5393180660903453826904296875">
        <ele>45.59999847412109375</ele>
        <time>2026-09-30T23:04:43.000Z</time>
        <extensions>
          <ns3:TrackPointExtension>
            <ns3:hr>144</ns3:hr>
            <ns3:cad>85</ns3:cad>
          </ns3:TrackPointExtension>
        </extensions>
      </trkpt>
      <trkpt lat="35.7588959299027919769287109375" lon="139.5393043197691440582275390625">
        <ele>45.799999237060546875</ele>
        <time>2026-09-30T23:04:44.000Z</time>
        <extensions>
          <ns3:TrackPointExtension>
            <ns3:hr>145</ns3:hr>
            <ns3:cad>85</ns3:cad>
          </ns3:TrackPointExtension>
        </extensions>
      </trkpt>
      <trkpt lat="35.7588766515254974365234375" lon="139.53929007053375244140625">
        <ele>45.799999237060546875</ele>
        <time>2026-09-30T23:04:45.000Z</time>
        <extensions>
          <ns3:TrackPointExtension>
            <ns3:hr>145</ns3:hr>
            <ns3:cad>85</ns3:cad>
          </ns3:TrackPointExtension>
        </extensions>
      </trkpt>
      <trkpt lat="35.75885477475821971893310546875" lon="139.53926391899585723876953125">
        <ele>45.799999237060546875</ele>
        <time>2026-09-30T23:04:46.000Z</time>
        <extensions>
          <ns3:TrackPointExtension>
            <ns3:hr>144</ns3:hr>
            <ns3:cad>85</ns3:cad>
          </ns3:TrackPointExtension>
        </extensions>
      </trkpt>
      <trkpt lat="35.75883415527641773223876953125" lon="139.53924371860921382904052734375">
        <ele>45.799999237060546875</ele>
        <time>2026-09-30T23:04:47.000Z</time>
        <extensions>
          <ns3:TrackPointExtension>
            <ns3:hr>144</ns3:hr>
            <ns3:cad>85</ns3:cad>
          </ns3:TrackPointExtension>
        </extensions>
      </trkpt>
      <trkpt lat="35.75879945419728755950927734375" lon="139.5392262004315853118896484375">
        <ele>45.799999237060546875</ele>
        <time>2026-09-30T23:04:48.000Z</time>
        <extensions>
          <ns3:TrackPointExtension>
            <ns3:hr>144</ns3:hr>
            <ns3:cad>86</ns3:cad>
          </ns3:TrackPointExtension>
        </extensions>
      </trkpt>
      <trkpt lat="35.7587805949151515960693359375" lon="139.53921907581388950347900390625">
        <ele>45.799999237060546875</ele>
        <time>2026-09-30T23:04:49.000Z</time>
        <extensions>
          <ns3:TrackPointExtension>
            <ns3:hr>144</ns3:hr>
            <ns3:cad>86</ns3:cad>
          </ns3:TrackPointExtension>
        </extensions>
      </trkpt>
      <trkpt lat="35.75876601040363311767578125" lon="139.5392060838639736175537109375">
        <ele>45.799999237060546875</ele>
        <time>2026-09-30T23:04:50.000Z</time>
        <extensions>
          <ns3:TrackPointExtension>
            <ns3:hr>144</ns3:hr>
            <ns3:cad>86</ns3:cad>
          </ns3:TrackPointExtension>
        </extensions>
      </trkpt>
      <trkpt lat="35.7587574608623981475830078125" lon="139.539191164076328277587890625">
        <ele>46</ele>
        <time>2026-09-30T23:04:51.000Z</time>
        <extensions>
          <ns3:TrackPointExtension>
            <ns3:hr>144</ns3:hr>
            <ns3:cad>85</ns3:cad>
          </ns3:TrackPointExtension>
        </extensions>
      </trkpt>
      <trkpt lat="35.75874513946473598480224609375" lon="139.53917716629803180694580078125">
        <ele>46.200000762939453125</ele>
        <time>2026-09-30T23:04:52.000Z</time>
        <extensions>
          <ns3:TrackPointExtension>
            <ns3:hr>144</ns3:hr>
            <ns3:cad>84</ns3:cad>
          </ns3:TrackPointExtension>
        </extensions>
      </trkpt>
      <trkpt lat="35.75874145142734050750732421875" lon="139.539160318672657012939453125">
        <ele>46.40000152587890625</ele>
        <time>2026-09-30T23:04:53.000Z</time>
        <extensions>
          <ns3:TrackPointExtension>
            <ns3:hr>143</ns3:hr>
            <ns3:cad>83</ns3:cad>
          </ns3:TrackPointExtension>
        </extensions>
      </trkpt>
      <trkpt lat="35.75873516499996185302734375" lon="139.53915051184594631195068359375">
        <ele>46.40000152587890625</ele>
        <time>2026-09-30T23:04:54.000Z</time>
        <extensions>
          <ns3:TrackPointExtension>
            <ns3:hr>143</ns3:hr>
            <ns3:cad>82</ns3:cad>
          </ns3:TrackPointExtension>
        </extensions>
      </trkpt>
      <trkpt lat="35.75873692519962787628173828125" lon="139.53912905417382717132568359375">
        <ele>46.40000152587890625</ele>
        <time>2026-09-30T23:04:55.000Z</time>
        <extensions>
          <ns3:TrackPointExtension>
            <ns3:hr>143</ns3:hr>
            <ns3:cad>81</ns3:cad>
          </ns3:TrackPointExtension>
        </extensions>
      </trkpt>
      <trkpt lat="35.7587390206754207611083984375" lon="139.5391001366078853607177734375">
        <ele>46.59999847412109375</ele>
        <time>2026-09-30T23:04:56.000Z</time>
        <extensions>
          <ns3:TrackPointExtension>
            <ns3:hr>144</ns3:hr>
            <ns3:cad>81</ns3:cad>
          </ns3:TrackPointExtension>
        </extensions>
      </trkpt>
      <trkpt lat="35.7587329857051372528076171875" lon="139.5390821993350982666015625">
        <ele>46.59999847412109375</ele>
        <time>2026-09-30T23:04:57.000Z</time>
        <extensions>
          <ns3:TrackPointExtension>
            <ns3:hr>144</ns3:hr>
            <ns3:cad>81</ns3:cad>
          </ns3:TrackPointExtension>
        </extensions>
      </trkpt>
      <trkpt lat="35.75872669927775859832763671875" lon="139.53906719572842121124267578125">
        <ele>46.59999847412109375</ele>
        <time>2026-09-30T23:04:58.000Z</time>
        <extensions>
          <ns3:TrackPointExtension>
            <ns3:hr>144</ns3:hr>
            <ns3:cad>81</ns3:cad>
          </ns3:TrackPointExtension>
        </extensions>
      </trkpt>
      <trkpt lat="35.75870406813919544219970703125" lon="139.5390565507113933563232421875">
        <ele>46.799999237060546875</ele>
        <time>2026-09-30T23:04:59.000Z</time>
        <extensions>
          <ns3:TrackPointExtension>
            <ns3:hr>144</ns3:hr>
            <ns3:cad>81</ns3:cad>
          </ns3:TrackPointExtension>
        </extensions>
      </trkpt>
      <trkpt lat="35.7586910761892795562744140625" lon="139.53904934227466583251953125">
        <ele>46.799999237060546875</ele>
        <time>2026-09-30T23:05:00.000Z</time>
        <extensions>
          <ns3:TrackPointExtension>
            <ns3:hr>144</ns3:hr>
            <ns3:cad>81</ns3:cad>
          </ns3:TrackPointExtension>
        </extensions>
      </trkpt>
      <trkpt lat="35.758685879409313201904296875" lon="139.5390371046960353851318359375">
        <ele>46.799999237060546875</ele>
        <time>2026-09-30T23:05:01.000Z</time>
        <extensions>
          <ns3:TrackPointExtension>
            <ns3:hr>144</ns3:hr>
            <ns3:cad>81</ns3:cad>
          </ns3:TrackPointExtension>
        </extensions>
      </trkpt>
      <trkpt lat="35.75868696905672550201416015625" lon="139.5390203408896923065185546875">
        <ele>47</ele>
        <time>2026-09-30T23:05:02.000Z</time>
        <extensions>
          <ns3:TrackPointExtension>
            <ns3:hr>144</ns3:hr>
            <ns3:cad>81</ns3:cad>
          </ns3:TrackPointExtension>
        </extensions>
      </trkpt>
      <trkpt lat="35.7586867175996303558349609375" lon="139.5389995537698268890380859375">
        <ele>47.200000762939453125</ele>
        <time>2026-09-30T23:05:03.000Z</time>
        <extensions>
          <ns3:TrackPointExtension>
            <ns3:hr>144</ns3:hr>
            <ns3:cad>81</ns3:cad>
          </ns3:TrackPointExtension>
        </extensions>
      </trkpt>
      <trkpt lat="35.75867749750614166259765625" lon="139.5389837957918643951416015625">
        <ele>47.200000762939453125</ele>
        <time>2026-09-30T23:05:04.000Z</time>
        <extensions>
          <ns3:TrackPointExtension>
            <ns3:hr>144</ns3:hr>
            <ns3:cad>82</ns3:cad>
          </ns3:TrackPointExtension>
        </extensions>
      </trkpt>
      <trkpt lat="35.7586786709725856781005859375" lon="139.53897046856582164764404296875">
        <ele>47.200000762939453125</ele>
        <time>2026-09-30T23:05:05.000Z</time>
        <extensions>
          <ns3:TrackPointExtension>
            <ns3:hr>145</ns3:hr>
            <ns3:cad>82</ns3:cad>
          </ns3:TrackPointExtension>
        </extensions>
      </trkpt>
      <trkpt lat="35.7586746476590633392333984375" lon="139.5389563031494617462158203125">
        <ele>47.200000762939453125</ele>
        <time>2026-09-30T23:05:06.000Z</time>
        <extensions>
          <ns3:TrackPointExtension>
            <ns3:hr>145</ns3:hr>
            <ns3:cad>83</ns3:cad>
          </ns3:TrackPointExtension>
        </extensions>
      </trkpt>
      <trkpt lat="35.75865813530981540679931640625" lon="139.53894339501857757568359375">
        <ele>47</ele>
        <time>2026-09-30T23:05:07.000Z</time>
        <extensions>
          <ns3:TrackPointExtension>
            <ns3:hr>145</ns3:hr>
            <ns3:cad>83</ns3:cad>
          </ns3:TrackPointExtension>
        </extensions>
      </trkpt>
      <trkpt lat="35.7586397789418697357177734375" lon="139.5389251224696636199951171875">
        <ele>46.799999237060546875</ele>
        <time>2026-09-30T23:05:08.000Z</time>
        <extensions>
          <ns3:TrackPointExtension>
            <ns3:hr>144</ns3:hr>
            <ns3:cad>83</ns3:cad>
          </ns3:TrackPointExtension>
        </extensions>
      </trkpt>
      <trkpt lat="35.75862829573452472686767578125" lon="139.53890777193009853363037109375">
        <ele>46.799999237060546875</ele>
        <time>2026-09-30T23:05:09.000Z</time>
        <extensions>
          <ns3:TrackPointExtension>
            <ns3:hr>143</ns3:hr>
            <ns3:cad>82</ns3:cad>
          </ns3:TrackPointExtension>
        </extensions>
      </trkpt>
      <trkpt lat="35.7586079277098178863525390625" lon="139.538892097771167755126953125">
        <ele>46.799999237060546875</ele>
        <time>2026-09-30T23:05:10.000Z</time>
        <extensions>
          <ns3:TrackPointExtension>
            <ns3:hr>143</ns3:hr>
            <ns3:cad>82</ns3:cad>
          </ns3:TrackPointExtension>
        </extensions>
      </trkpt>
      <trkpt lat="35.7585816085338592529296875" lon="139.53888447023928165435791015625">
        <ele>46.799999237060546875</ele>
        <time>2026-09-30T23:05:11.000Z</time>
        <extensions>
          <ns3:TrackPointExtension>
            <ns3:hr>143</ns3:hr>
            <ns3:cad>82</ns3:cad>
          </ns3:TrackPointExtension>
        </extensions>
      </trkpt>
      <trkpt lat="35.75856274925172328948974609375" lon="139.5388724841177463531494140625">
        <ele>46.59999847412109375</ele>
        <time>2026-09-30T23:05:12.000Z</time>
        <extensions>
          <ns3:TrackPointExtension>
            <ns3:hr>143</ns3:hr>
            <ns3:cad>82</ns3:cad>
          </ns3:TrackPointExtension>
        </extensions>
      </trkpt>
      <trkpt lat="35.75854866765439510345458984375" lon="139.538854546844959259033203125">
        <ele>46.40000152587890625</ele>
        <time>2026-09-30T23:05:13.000Z</time>
        <extensions>
          <ns3:TrackPointExtension>
            <ns3:hr>143</ns3:hr>
            <ns3:cad>82</ns3:cad>
          </ns3:TrackPointExtension>
        </extensions>
      </trkpt>
      <trkpt lat="35.7585345022380352020263671875" lon="139.53883610665798187255859375">
        <ele>46.200000762939453125</ele>
        <time>2026-09-30T23:05:14.000Z</time>
        <extensions>
          <ns3:TrackPointExtension>
            <ns3:hr>143</ns3:hr>
            <ns3:cad>82</ns3:cad>
          </ns3:TrackPointExtension>
        </extensions>
      </trkpt>
      <trkpt lat="35.75852570123970508575439453125" lon="139.53880735673010349273681640625">
        <ele>46.200000762939453125</ele>
        <time>2026-09-30T23:05:15.000Z</time>
        <extensions>
          <ns3:TrackPointExtension>
            <ns3:hr>143</ns3:hr>
            <ns3:cad>82</ns3:cad>
          </ns3:TrackPointExtension>
        </extensions>
      </trkpt>
      <trkpt lat="35.7585267908871173858642578125" lon="139.53878623433411121368408203125">
        <ele>46</ele>
        <time>2026-09-30T23:05:16.000Z</time>
        <extensions>
          <ns3:TrackPointExtension>
            <ns3:hr>143</ns3:hr>
            <ns3:cad>82</ns3:cad>
          </ns3:TrackPointExtension>
        </extensions>
      </trkpt>
      <trkpt lat="35.75852151028811931610107421875" lon="139.5387655310332775115966796875">
        <ele>46</ele>
        <time>2026-09-30T23:05:17.000Z</time>
        <extensions>
          <ns3:TrackPointExtension>
            <ns3:hr>143</ns3:hr>
            <ns3:cad>83</ns3:cad>
          </ns3:TrackPointExtension>
        </extensions>
      </trkpt>
      <trkpt lat="35.75850457884371280670166015625" lon="139.53875103034079074859619140625">
        <ele>46</ele>
        <time>2026-09-30T23:05:18.000Z</time>
        <extensions>
          <ns3:TrackPointExtension>
            <ns3:hr>143</ns3:hr>
            <ns3:cad>83</ns3:cad>
          </ns3:TrackPointExtension>
        </extensions>
      </trkpt>
      <trkpt lat="35.7584946043789386749267578125" lon="139.53874030150473117828369140625">
        <ele>46</ele>
        <time>2026-09-30T23:05:19.000Z</time>
        <extensions>
          <ns3:TrackPointExtension>
            <ns3:hr>142</ns3:hr>
            <ns3:cad>83</ns3:cad>
          </ns3:TrackPointExtension>
        </extensions>
      </trkpt>
      <trkpt lat="35.75848245061933994293212890625" lon="139.53872437588870525360107421875">
        <ele>46</ele>
        <time>2026-09-30T23:05:20.000Z</time>
        <extensions>
          <ns3:TrackPointExtension>
            <ns3:hr>143</ns3:hr>
            <ns3:cad>83</ns3:cad>
          </ns3:TrackPointExtension>
        </extensions>
      </trkpt>
      <trkpt lat="35.75847088359296321868896484375" lon="139.538710378110408782958984375">
        <ele>46</ele>
        <time>2026-09-30T23:05:21.000Z</time>
        <extensions>
          <ns3:TrackPointExtension>
            <ns3:hr>143</ns3:hr>
            <ns3:cad>83</ns3:cad>
          </ns3:TrackPointExtension>
        </extensions>
      </trkpt>
      <trkpt lat="35.7584590651094913482666015625" lon="139.53869235701858997344970703125">
        <ele>46</ele>
        <time>2026-09-30T23:05:22.000Z</time>
        <extensions>
          <ns3:TrackPointExtension>
            <ns3:hr>143</ns3:hr>
            <ns3:cad>82</ns3:cad>
          </ns3:TrackPointExtension>
        </extensions>
      </trkpt>
      <trkpt lat="35.75845026411116123199462890625" lon="139.53867961652576923370361328125">
        <ele>46</ele>
        <time>2026-09-30T23:05:23.000Z</time>
        <extensions>
          <ns3:TrackPointExtension>
            <ns3:hr>143</ns3:hr>
            <ns3:cad>82</ns3:cad>
          </ns3:TrackPointExtension>
        </extensions>
      </trkpt>
      <trkpt lat="35.7584459893405437469482421875" lon="139.538661427795886993408203125">
        <ele>46</ele>
        <time>2026-09-30T23:05:24.000Z</time>
        <extensions>
          <ns3:TrackPointExtension>
            <ns3:hr>143</ns3:hr>
            <ns3:cad>82</ns3:cad>
          </ns3:TrackPointExtension>
        </extensions>
      </trkpt>
      <trkpt lat="35.758437775075435638427734375" lon="139.53864072449505329132080078125">
        <ele>46</ele>
        <time>2026-09-30T23:05:25.000Z</time>
        <extensions>
          <ns3:TrackPointExtension>
            <ns3:hr>143</ns3:hr>
            <ns3:cad>82</ns3:cad>
          </ns3:TrackPointExtension>
        </extensions>
      </trkpt>
      <trkpt lat="35.75842612423002719879150390625" lon="139.53862597234547138214111328125">
        <ele>46</ele>
        <time>2026-09-30T23:05:26.000Z</time>
        <extensions>
          <ns3:TrackPointExtension>
            <ns3:hr>143</ns3:hr>
            <ns3:cad>82</ns3:cad>
          </ns3:TrackPointExtension>
        </extensions>
      </trkpt>
      <trkpt lat="35.7584168203175067901611328125" lon="139.5386096276342868804931640625">
        <ele>46</ele>
        <time>2026-09-30T23:05:27.000Z</time>
        <extensions>
          <ns3:TrackPointExtension>
            <ns3:hr>143</ns3:hr>
            <ns3:cad>81</ns3:cad>
          </ns3:TrackPointExtension>
        </extensions>
      </trkpt>
      <trkpt lat="35.7584072649478912353515625" lon="139.53859294764697551727294921875">
        <ele>46</ele>
        <time>2026-09-30T23:05:28.000Z</time>
        <extensions>
          <ns3:TrackPointExtension>
            <ns3:hr>143</ns3:hr>
            <ns3:cad>81</ns3:cad>
          </ns3:TrackPointExtension>
        </extensions>
      </trkpt>
      <trkpt lat="35.75839930213987827301025390625" lon="139.53857132233679294586181640625">
        <ele>46</ele>
        <time>2026-09-30T23:05:29.000Z</time>
        <extensions>
          <ns3:TrackPointExtension>
            <ns3:hr>143</ns3:hr>
            <ns3:cad>81</ns3:cad>
          </ns3:TrackPointExtension>
        </extensions>
      </trkpt>
      <trkpt lat="35.7583913393318653106689453125" lon="139.53855522908270359039306640625">
        <ele>46</ele>
        <time>2026-09-30T23:05:30.000Z</time>
        <extensions>
          <ns3:TrackPointExtension>
            <ns3:hr>143</ns3:hr>
            <ns3:cad>81</ns3:cad>
          </ns3:TrackPointExtension>
        </extensions>
      </trkpt>
      <trkpt lat="35.7583802752196788787841796875" lon="139.5385439135134220123291015625">
        <ele>46</ele>
        <time>2026-09-30T23:05:31.000Z</time>
        <extensions>
          <ns3:TrackPointExtension>
            <ns3:hr>143</ns3:hr>
            <ns3:cad>82</ns3:cad>
          </ns3:TrackPointExtension>
        </extensions>
      </trkpt>
      <trkpt lat="35.7583635114133358001708984375" lon="139.53853167593479156494140625">
        <ele>46</ele>
        <time>2026-09-30T23:05:32.000Z</time>
        <extensions>
          <ns3:TrackPointExtension>
            <ns3:hr>142</ns3:hr>
            <ns3:cad>82</ns3:cad>
          </ns3:TrackPointExtension>
        </extensions>
      </trkpt>
      <trkpt lat="35.75835026800632476806640625" lon="139.538516588509082794189453125">
        <ele>46</ele>
        <time>2026-09-30T23:05:33.000Z</time>
        <extensions>
          <ns3:TrackPointExtension>
            <ns3:hr>142</ns3:hr>
            <ns3:cad>82</ns3:cad>
          </ns3:TrackPointExtension>
        </extensions>
      </trkpt>
      <trkpt lat="35.75833777897059917449951171875" lon="139.53849948942661285400390625">
        <ele>46</ele>
        <time>2026-09-30T23:05:34.000Z</time>
        <extensions>
          <ns3:TrackPointExtension>
            <ns3:hr>142</ns3:hr>
            <ns3:cad>82</ns3:cad>
          </ns3:TrackPointExtension>
        </extensions>
      </trkpt>
      <trkpt lat="35.75831799767911434173583984375" lon="139.53848264180123805999755859375">
        <ele>46</ele>
        <time>2026-09-30T23:05:35.000Z</time>
        <extensions>
          <ns3:TrackPointExtension>
            <ns3:hr>142</ns3:hr>
            <ns3:cad>81</ns3:cad>
          </ns3:TrackPointExtension>
        </extensions>
      </trkpt>
      <trkpt lat="35.7583058439195156097412109375" lon="139.53846520744264125823974609375">
        <ele>46</ele>
        <time>2026-09-30T23:05:36.000Z</time>
        <extensions>
          <ns3:TrackPointExtension>
            <ns3:hr>142</ns3:hr>
            <ns3:cad>81</ns3:cad>
          </ns3:TrackPointExtension>
        </extensions>
      </trkpt>
      <trkpt lat="35.75829620473086833953857421875" lon="139.538449533283710479736328125">
        <ele>46</ele>
        <time>2026-09-30T23:05:37.000Z</time>
        <extensions>
          <ns3:TrackPointExtension>
            <ns3:hr>142</ns3:hr>
            <ns3:cad>81</ns3:cad>
          </ns3:TrackPointExtension>
        </extensions>
      </trkpt>
      <trkpt lat="35.75827357359230518341064453125" lon="139.53843251802027225494384765625">
        <ele>46</ele>
        <time>2026-09-30T23:05:38.000Z</time>
        <extensions>
          <ns3:TrackPointExtension>
            <ns3:hr>142</ns3:hr>
            <ns3:cad>82</ns3:cad>
          </ns3:TrackPointExtension>
        </extensions>
      </trkpt>
      <trkpt lat="35.75825882144272327423095703125" lon="139.53842078335583209991455078125">
        <ele>46.200000762939453125</ele>
        <time>2026-09-30T23:05:39.000Z</time>
        <extensions>
          <ns3:TrackPointExtension>
            <ns3:hr>142</ns3:hr>
            <ns3:cad>82</ns3:cad>
          </ns3:TrackPointExtension>
        </extensions>
      </trkpt>
      <trkpt lat="35.7582424767315387725830078125" lon="139.538405947387218475341796875">
        <ele>46</ele>
        <time>2026-09-30T23:05:40.000Z</time>
        <extensions>
          <ns3:TrackPointExtension>
            <ns3:hr>142</ns3:hr>
            <ns3:cad>83</ns3:cad>
          </ns3:TrackPointExtension>
        </extensions>
      </trkpt>
      <trkpt lat="35.7582273893058300018310546875" lon="139.53838641755282878875732421875">
        <ele>46.200000762939453125</ele>
        <time>2026-09-30T23:05:41.000Z</time>
        <extensions>
          <ns3:TrackPointExtension>
            <ns3:hr>141</ns3:hr>
            <ns3:cad>83</ns3:cad>
          </ns3:TrackPointExtension>
        </extensions>
      </trkpt>
      <trkpt lat="35.75822177343070507049560546875" lon="139.538368396461009979248046875">
        <ele>46.200000762939453125</ele>
        <time>2026-09-30T23:05:42.000Z</time>
        <extensions>
          <ns3:TrackPointExtension>
            <ns3:hr>141</ns3:hr>
            <ns3:cad>83</ns3:cad>
          </ns3:TrackPointExtension>
        </extensions>
      </trkpt>
      <trkpt lat="35.75820467434823513031005859375" lon="139.538348279893398284912109375">
        <ele>46.200000762939453125</ele>
        <time>2026-09-30T23:05:43.000Z</time>
        <extensions>
          <ns3:TrackPointExtension>
            <ns3:hr>141</ns3:hr>
            <ns3:cad>83</ns3:cad>
          </ns3:TrackPointExtension>
        </extensions>
      </trkpt>
      <trkpt lat="35.75819335877895355224609375" lon="139.53833092935383319854736328125">
        <ele>46.200000762939453125</ele>
        <time>2026-09-30T23:05:44.000Z</time>
        <extensions>
          <ns3:TrackPointExtension>
            <ns3:hr>141</ns3:hr>
            <ns3:cad>85</ns3:cad>
          </ns3:TrackPointExtension>
        </extensions>
      </trkpt>
      <trkpt lat="35.75818103738129138946533203125" lon="139.53830494545400142669677734375">
        <ele>46.200000762939453125</ele>
        <time>2026-09-30T23:05:45.000Z</time>
        <extensions>
          <ns3:TrackPointExtension>
            <ns3:hr>142</ns3:hr>
            <ns3:cad>85</ns3:cad>
          </ns3:TrackPointExtension>
        </extensions>
      </trkpt>
      <trkpt lat="35.758170895278453826904296875" lon="139.53828818164765834808349609375">
        <ele>46.200000762939453125</ele>
        <time>2026-09-30T23:05:46.000Z</time>
        <extensions>
          <ns3:TrackPointExtension>
            <ns3:hr>142</ns3:hr>
            <ns3:cad>85</ns3:cad>
          </ns3:TrackPointExtension>
        </extensions>
      </trkpt>
      <trkpt lat="35.75815270654857158660888671875" lon="139.5382642932236194610595703125">
        <ele>46.200000762939453125</ele>
        <time>2026-09-30T23:05:47.000Z</time>
        <extensions>
          <ns3:TrackPointExtension>
            <ns3:hr>141</ns3:hr>
            <ns3:cad>86</ns3:cad>
          </ns3:TrackPointExtension>
        </extensions>
      </trkpt>
      <trkpt lat="35.7581392116844654083251953125" lon="139.5382471941411495208740234375">
        <ele>46.200000762939453125</ele>
        <time>2026-09-30T23:05:48.000Z</time>
        <extensions>
          <ns3:TrackPointExtension>
            <ns3:hr>141</ns3:hr>
            <ns3:cad>86</ns3:cad>
          </ns3:TrackPointExtension>
        </extensions>
      </trkpt>
      <trkpt lat="35.75812353752553462982177734375" lon="139.5382265746593475341796875">
        <ele>46.200000762939453125</ele>
        <time>2026-09-30T23:05:49.000Z</time>
        <extensions>
          <ns3:TrackPointExtension>
            <ns3:hr>141</ns3:hr>
            <ns3:cad>87</ns3:cad>
          </ns3:TrackPointExtension>
        </extensions>
      </trkpt>
      <trkpt lat="35.75811163522303104400634765625" lon="139.5382024347782135009765625">
        <ele>46.200000762939453125</ele>
        <time>2026-09-30T23:05:50.000Z</time>
        <extensions>
          <ns3:TrackPointExtension>
            <ns3:hr>142</ns3:hr>
            <ns3:cad>87</ns3:cad>
          </ns3:TrackPointExtension>
        </extensions>
      </trkpt>
      <trkpt lat="35.75809822417795658111572265625" lon="139.538181312382221221923828125">
        <ele>46.200000762939453125</ele>
        <time>2026-09-30T23:05:51.000Z</time>
        <extensions>
          <ns3:TrackPointExtension>
            <ns3:hr>141</ns3:hr>
            <ns3:cad>86</ns3:cad>
          </ns3:TrackPointExtension>
        </extensions>
      </trkpt>
      <trkpt lat="35.75807358138263225555419921875" lon="139.5381633751094341278076171875">
        <ele>46.200000762939453125</ele>
        <time>2026-09-30T23:05:52.000Z</time>
        <extensions>
          <ns3:TrackPointExtension>
            <ns3:hr>142</ns3:hr>
            <ns3:cad>86</ns3:cad>
          </ns3:TrackPointExtension>
        </extensions>
      </trkpt>
      <trkpt lat="35.7580506987869739532470703125" lon="139.53814283944666385650634765625">
        <ele>46.200000762939453125</ele>
        <time>2026-09-30T23:05:53.000Z</time>
        <extensions>
          <ns3:TrackPointExtension>
            <ns3:hr>142</ns3:hr>
            <ns3:cad>86</ns3:cad>
          </ns3:TrackPointExtension>
        </extensions>
      </trkpt>
      <trkpt lat="35.75803938321769237518310546875" lon="139.5381231419742107391357421875">
        <ele>46.200000762939453125</ele>
        <time>2026-09-30T23:05:54.000Z</time>
        <extensions>
          <ns3:TrackPointExtension>
            <ns3:hr>142</ns3:hr>
            <ns3:cad>86</ns3:cad>
          </ns3:TrackPointExtension>
        </extensions>
      </trkpt>
      <trkpt lat="35.7580252178013324737548828125" lon="139.53810461796820163726806640625">
        <ele>46.200000762939453125</ele>
        <time>2026-09-30T23:05:55.000Z</time>
        <extensions>
          <ns3:TrackPointExtension>
            <ns3:hr>145</ns3:hr>
            <ns3:cad>86</ns3:cad>
          </ns3:TrackPointExtension>
        </extensions>
      </trkpt>
      <trkpt lat="35.75802362523972988128662109375" lon="139.53807813115417957305908203125">
        <ele>46.40000152587890625</ele>
        <time>2026-09-30T23:05:56.000Z</time>
        <extensions>
          <ns3:TrackPointExtension>
            <ns3:hr>145</ns3:hr>
            <ns3:cad>85</ns3:cad>
          </ns3:TrackPointExtension>
        </extensions>
      </trkpt>
      <trkpt lat="35.75801490806043148040771484375" lon="139.53805516473948955535888671875">
        <ele>46.40000152587890625</ele>
        <time>2026-09-30T23:05:57.000Z</time>
        <extensions>
          <ns3:TrackPointExtension>
            <ns3:hr>144</ns3:hr>
            <ns3:cad>85</ns3:cad>
          </ns3:TrackPointExtension>
        </extensions>
      </trkpt>
      <trkpt lat="35.758013986051082611083984375" lon="139.53803136013448238372802734375">
        <ele>46.40000152587890625</ele>
        <time>2026-09-30T23:05:58.000Z</time>
        <extensions>
          <ns3:TrackPointExtension>
            <ns3:hr>144</ns3:hr>
            <ns3:cad>85</ns3:cad>
          </ns3:TrackPointExtension>
        </extensions>
      </trkpt>
      <trkpt lat="35.7580131478607654571533203125" lon="139.538007639348506927490234375">
        <ele>46.40000152587890625</ele>
        <time>2026-09-30T23:05:59.000Z</time>
        <extensions>
          <ns3:TrackPointExtension>
            <ns3:hr>144</ns3:hr>
            <ns3:cad>84</ns3:cad>
          </ns3:TrackPointExtension>
        </extensions>
      </trkpt>
      <trkpt lat="35.75801122002303600311279296875" lon="139.53797888942062854766845703125">
        <ele>46.40000152587890625</ele>
        <time>2026-09-30T23:06:00.000Z</time>
        <extensions>
          <ns3:TrackPointExtension>
            <ns3:hr>143</ns3:hr>
            <ns3:cad>84</ns3:cad>
          </ns3:TrackPointExtension>
        </extensions>
      </trkpt>
      <trkpt lat="35.75800971128046512603759765625" lon="139.5379565097391605377197265625">
        <ele>46.40000152587890625</ele>
        <time>2026-09-30T23:06:01.000Z</time>
        <extensions>
          <ns3:TrackPointExtension>
            <ns3:hr>144</ns3:hr>
            <ns3:cad>84</ns3:cad>
          </ns3:TrackPointExtension>
        </extensions>
      </trkpt>
      <trkpt lat="35.758006274700164794921875" lon="139.5379343815147876739501953125">
        <ele>46.40000152587890625</ele>
        <time>2026-09-30T23:06:02.000Z</time>
        <extensions>
          <ns3:TrackPointExtension>
            <ns3:hr>144</ns3:hr>
            <ns3:cad>84</ns3:cad>
          </ns3:TrackPointExtension>
        </extensions>
      </trkpt>
      <trkpt lat="35.75800417922437191009521484375" lon="139.53791183419525623321533203125">
        <ele>46.40000152587890625</ele>
        <time>2026-09-30T23:06:03.000Z</time>
        <extensions>
          <ns3:TrackPointExtension>
            <ns3:hr>144</ns3:hr>
            <ns3:cad>84</ns3:cad>
          </ns3:TrackPointExtension>
        </extensions>
      </trkpt>
      <trkpt lat="35.75800552032887935638427734375" lon="139.5378914661705493927001953125">
        <ele>46.40000152587890625</ele>
        <time>2026-09-30T23:06:04.000Z</time>
        <extensions>
          <ns3:TrackPointExtension>
            <ns3:hr>145</ns3:hr>
            <ns3:cad>84</ns3:cad>
          </ns3:TrackPointExtension>
        </extensions>
      </trkpt>
      <trkpt lat="35.7580030895769596099853515625" lon="139.53787185251712799072265625">
        <ele>46.40000152587890625</ele>
        <time>2026-09-30T23:06:05.000Z</time>
        <extensions>
          <ns3:TrackPointExtension>
            <ns3:hr>145</ns3:hr>
            <ns3:cad>84</ns3:cad>
          </ns3:TrackPointExtension>
        </extensions>
      </trkpt>
      <trkpt lat="35.7579973898828029632568359375" lon="139.5378519035875797271728515625">
        <ele>46.40000152587890625</ele>
        <time>2026-09-30T23:06:06.000Z</time>
        <extensions>
          <ns3:TrackPointExtension>
            <ns3:hr>145</ns3:hr>
            <ns3:cad>84</ns3:cad>
          </ns3:TrackPointExtension>
        </extensions>
      </trkpt>
      <trkpt lat="35.7579920254647731781005859375" lon="139.5378280989825725555419921875">
        <ele>46.40000152587890625</ele>
        <time>2026-09-30T23:06:07.000Z</time>
        <extensions>
          <ns3:TrackPointExtension>
            <ns3:hr>145</ns3:hr>
            <ns3:cad>84</ns3:cad>
          </ns3:TrackPointExtension>
        </extensions>
      </trkpt>
      <trkpt lat="35.757987163960933685302734375" lon="139.53780706040561199188232421875">
        <ele>46.40000152587890625</ele>
        <time>2026-09-30T23:06:08.000Z</time>
        <extensions>
          <ns3:TrackPointExtension>
            <ns3:hr>145</ns3:hr>
            <ns3:cad>84</ns3:cad>
          </ns3:TrackPointExtension>
        </extensions>
      </trkpt>
      <trkpt lat="35.75797987170517444610595703125" lon="139.53778677619993686676025390625">
        <ele>46.40000152587890625</ele>
        <time>2026-09-30T23:06:09.000Z</time>
        <extensions>
          <ns3:TrackPointExtension>
            <ns3:hr>145</ns3:hr>
            <ns3:cad>84</ns3:cad>
          </ns3:TrackPointExtension>
        </extensions>
      </trkpt>
      <trkpt lat="35.7579682208597660064697265625" lon="139.53776632435619831085205078125">
        <ele>46.59999847412109375</ele>
        <time>2026-09-30T23:06:10.000Z</time>
        <extensions>
          <ns3:TrackPointExtension>
            <ns3:hr>145</ns3:hr>
            <ns3:cad>84</ns3:cad>
          </ns3:TrackPointExtension>
        </extensions>
      </trkpt>
      <trkpt lat="35.7579588331282138824462890625" lon="139.5377499796450138092041015625">
        <ele>46.59999847412109375</ele>
        <time>2026-09-30T23:06:11.000Z</time>
        <extensions>
          <ns3:TrackPointExtension>
            <ns3:hr>145</ns3:hr>
            <ns3:cad>84</ns3:cad>
          </ns3:TrackPointExtension>
        </extensions>
      </trkpt>
      <trkpt lat="35.757945589721202850341796875" lon="139.53773397020995616912841796875">
        <ele>46.799999237060546875</ele>
        <time>2026-09-30T23:06:12.000Z</time>
        <extensions>
          <ns3:TrackPointExtension>
            <ns3:hr>145</ns3:hr>
            <ns3:cad>83</ns3:cad>
          </ns3:TrackPointExtension>
        </extensions>
      </trkpt>
      <trkpt lat="35.75793310068547725677490234375" lon="139.5377157814800739288330078125">
        <ele>47</ele>
        <time>2026-09-30T23:06:13.000Z</time>
        <extensions>
          <ns3:TrackPointExtension>
            <ns3:hr>145</ns3:hr>
            <ns3:cad>81</ns3:cad>
          </ns3:TrackPointExtension>
        </extensions>
      </trkpt>
      <trkpt lat="35.7579219527542591094970703125" lon="139.53769960440695285797119140625">
        <ele>47</ele>
        <time>2026-09-30T23:06:14.000Z</time>
        <extensions>
          <ns3:TrackPointExtension>
            <ns3:hr>145</ns3:hr>
            <ns3:cad>81</ns3:cad>
          </ns3:TrackPointExtension>
        </extensions>
      </trkpt>
      <trkpt lat="35.75791801325976848602294921875" lon="139.537684433162212371826171875">
        <ele>47.200000762939453125</ele>
        <time>2026-09-30T23:06:15.000Z</time>
        <extensions>
          <ns3:TrackPointExtension>
            <ns3:hr>146</ns3:hr>
            <ns3:cad>81</ns3:cad>
          </ns3:TrackPointExtension>
        </extensions>
      </trkpt>
      <trkpt lat="35.75791533105075359344482421875" lon="139.53766875900328159332275390625">
        <ele>47.40000152587890625</ele>
        <time>2026-09-30T23:06:16.000Z</time>
        <extensions>
          <ns3:TrackPointExtension>
            <ns3:hr>146</ns3:hr>
            <ns3:cad>82</ns3:cad>
          </ns3:TrackPointExtension>
        </extensions>
      </trkpt>
      <trkpt lat="35.75790829025208950042724609375" lon="139.5376477204263210296630859375">
        <ele>47.40000152587890625</ele>
        <time>2026-09-30T23:06:17.000Z</time>
        <extensions>
          <ns3:TrackPointExtension>
            <ns3:hr>146</ns3:hr>
            <ns3:cad>83</ns3:cad>
          </ns3:TrackPointExtension>
        </extensions>
      </trkpt>
      <trkpt lat="35.7579030096530914306640625" lon="139.537628106772899627685546875">
        <ele>47.59999847412109375</ele>
        <time>2026-09-30T23:06:18.000Z</time>
        <extensions>
          <ns3:TrackPointExtension>
            <ns3:hr>146</ns3:hr>
            <ns3:cad>83</ns3:cad>
          </ns3:TrackPointExtension>
        </extensions>
      </trkpt>
      <trkpt lat="35.75789068825542926788330078125" lon="139.53760773874819278717041015625">
        <ele>47.59999847412109375</ele>
        <time>2026-09-30T23:06:19.000Z</time>
        <extensions>
          <ns3:TrackPointExtension>
            <ns3:hr>146</ns3:hr>
            <ns3:cad>82</ns3:cad>
          </ns3:TrackPointExtension>
        </extensions>
      </trkpt>
      <trkpt lat="35.757878534495830535888671875" lon="139.53758192248642444610595703125">
        <ele>47.59999847412109375</ele>
        <time>2026-09-30T23:06:20.000Z</time>
        <extensions>
          <ns3:TrackPointExtension>
            <ns3:hr>146</ns3:hr>
            <ns3:cad>82</ns3:cad>
          </ns3:TrackPointExtension>
        </extensions>
      </trkpt>
      <trkpt lat="35.7578703202307224273681640625" lon="139.537562392652034759521484375">
        <ele>47.59999847412109375</ele>
        <time>2026-09-30T23:06:21.000Z</time>
        <extensions>
          <ns3:TrackPointExtension>
            <ns3:hr>146</ns3:hr>
            <ns3:cad>82</ns3:cad>
          </ns3:TrackPointExtension>
        </extensions>
      </trkpt>
      <trkpt lat="35.75785162858664989471435546875" lon="139.53753632493317127227783203125">
        <ele>47.59999847412109375</ele>
        <time>2026-09-30T23:06:22.000Z</time>
        <extensions>
          <ns3:TrackPointExtension>
            <ns3:hr>147</ns3:hr>
            <ns3:cad>85</ns3:cad>
          </ns3:TrackPointExtension>
        </extensions>
      </trkpt>
      <trkpt lat="35.7578438334167003631591796875" lon="139.53751268796622753143310546875">
        <ele>47.40000152587890625</ele>
        <time>2026-09-30T23:06:23.000Z</time>
        <extensions>
          <ns3:TrackPointExtension>
            <ns3:hr>147</ns3:hr>
            <ns3:cad>86</ns3:cad>
          </ns3:TrackPointExtension>
        </extensions>
      </trkpt>
      <trkpt lat="35.757836960256099700927734375" lon="139.5374938286840915679931640625">
        <ele>47.40000152587890625</ele>
        <time>2026-09-30T23:06:24.000Z</time>
        <extensions>
          <ns3:TrackPointExtension>
            <ns3:hr>148</ns3:hr>
            <ns3:cad>85</ns3:cad>
          </ns3:TrackPointExtension>
        </extensions>
      </trkpt>
      <trkpt lat="35.75782715342938899993896484375" lon="139.5374703593552112579345703125">
        <ele>47.200000762939453125</ele>
        <time>2026-09-30T23:06:25.000Z</time>
        <extensions>
          <ns3:TrackPointExtension>
            <ns3:hr>148</ns3:hr>
            <ns3:cad>86</ns3:cad>
          </ns3:TrackPointExtension>
        </extensions>
      </trkpt>
      <trkpt lat="35.757817514240741729736328125" lon="139.537442028522491455078125">
        <ele>47</ele>
        <time>2026-09-30T23:06:26.000Z</time>
        <extensions>
          <ns3:TrackPointExtension>
            <ns3:hr>148</ns3:hr>
            <ns3:cad>85</ns3:cad>
          </ns3:TrackPointExtension>
        </extensions>
      </trkpt>
      <trkpt lat="35.75781592167913913726806640625" lon="139.53742652200162410736083984375">
        <ele>47</ele>
        <time>2026-09-30T23:06:27.000Z</time>
        <extensions>
          <ns3:TrackPointExtension>
            <ns3:hr>149</ns3:hr>
            <ns3:cad>86</ns3:cad>
          </ns3:TrackPointExtension>
        </extensions>
      </trkpt>
      <trkpt lat="35.75781323947012424468994140625" lon="139.5373992808163166046142578125">
        <ele>46.799999237060546875</ele>
        <time>2026-09-30T23:06:28.000Z</time>
        <extensions>
          <ns3:TrackPointExtension>
            <ns3:hr>149</ns3:hr>
            <ns3:cad>85</ns3:cad>
          </ns3:TrackPointExtension>
        </extensions>
      </trkpt>
      <trkpt lat="35.75781038962304592132568359375" lon="139.53738025389611721038818359375">
        <ele>46.799999237060546875</ele>
        <time>2026-09-30T23:06:29.000Z</time>
        <extensions>
          <ns3:TrackPointExtension>
            <ns3:hr>149</ns3:hr>
            <ns3:cad>85</ns3:cad>
          </ns3:TrackPointExtension>
        </extensions>
      </trkpt>
      <trkpt lat="35.757796056568622589111328125" lon="139.5373617298901081085205078125">
        <ele>46.59999847412109375</ele>
        <time>2026-09-30T23:06:30.000Z</time>
        <extensions>
          <ns3:TrackPointExtension>
            <ns3:hr>149</ns3:hr>
            <ns3:cad>85</ns3:cad>
          </ns3:TrackPointExtension>
        </extensions>
      </trkpt>
      <trkpt lat="35.7577761076390743255615234375" lon="139.53734404407441616058349609375">
        <ele>46.59999847412109375</ele>
        <time>2026-09-30T23:06:31.000Z</time>
        <extensions>
          <ns3:TrackPointExtension>
            <ns3:hr>149</ns3:hr>
            <ns3:cad>84</ns3:cad>
          </ns3:TrackPointExtension>
        </extensions>
      </trkpt>
      <trkpt lat="35.7577608525753021240234375" lon="139.53732493333518505096435546875">
        <ele>46.59999847412109375</ele>
        <time>2026-09-30T23:06:32.000Z</time>
        <extensions>
          <ns3:TrackPointExtension>
            <ns3:hr>149</ns3:hr>
            <ns3:cad>84</ns3:cad>
          </ns3:TrackPointExtension>
        </extensions>
      </trkpt>
      <trkpt lat="35.7577459327876567840576171875" lon="139.53730531968176364898681640625">
        <ele>46.59999847412109375</ele>
        <time>2026-09-30T23:06:33.000Z</time>
        <extensions>
          <ns3:TrackPointExtension>
            <ns3:hr>149</ns3:hr>
            <ns3:cad>83</ns3:cad>
          </ns3:TrackPointExtension>
        </extensions>
      </trkpt>
      <trkpt lat="35.75772422365844249725341796875" lon="139.53729115426540374755859375">
        <ele>46.59999847412109375</ele>
        <time>2026-09-30T23:06:34.000Z</time>
        <extensions>
          <ns3:TrackPointExtension>
            <ns3:hr>149</ns3:hr>
            <ns3:cad>83</ns3:cad>
          </ns3:TrackPointExtension>
        </extensions>
      </trkpt>
      <trkpt lat="35.75770997442305088043212890625" lon="139.53727112151682376861572265625">
        <ele>46.59999847412109375</ele>
        <time>2026-09-30T23:06:35.000Z</time>
        <extensions>
          <ns3:TrackPointExtension>
            <ns3:hr>149</ns3:hr>
            <ns3:cad>84</ns3:cad>
          </ns3:TrackPointExtension>
        </extensions>
      </trkpt>
      <trkpt lat="35.75770410709083080291748046875" lon="139.5372467301785945892333984375">
        <ele>46.59999847412109375</ele>
        <time>2026-09-30T23:06:36.000Z</time>
        <extensions>
          <ns3:TrackPointExtension>
            <ns3:hr>149</ns3:hr>
            <ns3:cad>84</ns3:cad>
          </ns3:TrackPointExtension>
        </extensions>
      </trkpt>
      <trkpt lat="35.7576939649879932403564453125" lon="139.5372261106967926025390625">
        <ele>46.799999237060546875</ele>
        <time>2026-09-30T23:06:37.000Z</time>
        <extensions>
          <ns3:TrackPointExtension>
            <ns3:hr>149</ns3:hr>
            <ns3:cad>84</ns3:cad>
          </ns3:TrackPointExtension>
        </extensions>
      </trkpt>
      <trkpt lat="35.75768684037029743194580078125" lon="139.537204988300800323486328125">
        <ele>46.799999237060546875</ele>
        <time>2026-09-30T23:06:38.000Z</time>
        <extensions>
          <ns3:TrackPointExtension>
            <ns3:hr>149</ns3:hr>
            <ns3:cad>84</ns3:cad>
          </ns3:TrackPointExtension>
        </extensions>
      </trkpt>
      <trkpt lat="35.7576788775622844696044921875" lon="139.53718478791415691375732421875">
        <ele>46.799999237060546875</ele>
        <time>2026-09-30T23:06:39.000Z</time>
        <extensions>
          <ns3:TrackPointExtension>
            <ns3:hr>149</ns3:hr>
            <ns3:cad>84</ns3:cad>
          </ns3:TrackPointExtension>
        </extensions>
      </trkpt>
      <trkpt lat="35.757670663297176361083984375" lon="139.53716374933719635009765625">
        <ele>46.799999237060546875</ele>
        <time>2026-09-30T23:06:40.000Z</time>
        <extensions>
          <ns3:TrackPointExtension>
            <ns3:hr>149</ns3:hr>
            <ns3:cad>84</ns3:cad>
          </ns3:TrackPointExtension>
        </extensions>
      </trkpt>
      <trkpt lat="35.757659934461116790771484375" lon="139.537145309150218963623046875">
        <ele>46.799999237060546875</ele>
        <time>2026-09-30T23:06:41.000Z</time>
        <extensions>
          <ns3:TrackPointExtension>
            <ns3:hr>149</ns3:hr>
            <ns3:cad>84</ns3:cad>
          </ns3:TrackPointExtension>
        </extensions>
      </trkpt>
      <trkpt lat="35.757651887834072113037109375" lon="139.5371241867542266845703125">
        <ele>46.799999237060546875</ele>
        <time>2026-09-30T23:06:42.000Z</time>
        <extensions>
          <ns3:TrackPointExtension>
            <ns3:hr>149</ns3:hr>
            <ns3:cad>84</ns3:cad>
          </ns3:TrackPointExtension>
        </extensions>
      </trkpt>
      <trkpt lat="35.7576413266360759735107421875" lon="139.53710432164371013641357421875">
        <ele>46.799999237060546875</ele>
        <time>2026-09-30T23:06:43.000Z</time>
        <extensions>
          <ns3:TrackPointExtension>
            <ns3:hr>150</ns3:hr>
            <ns3:cad>84</ns3:cad>
          </ns3:TrackPointExtension>
        </extensions>
      </trkpt>
      <trkpt lat="35.75763680040836334228515625" lon="139.537086971104145050048828125">
        <ele>46.799999237060546875</ele>
        <time>2026-09-30T23:06:44.000Z</time>
        <extensions>
          <ns3:TrackPointExtension>
            <ns3:hr>151</ns3:hr>
            <ns3:cad>84</ns3:cad>
          </ns3:TrackPointExtension>
        </extensions>
      </trkpt>
      <trkpt lat="35.75762917287647724151611328125" lon="139.5370613224804401397705078125">
        <ele>46.799999237060546875</ele>
        <time>2026-09-30T23:06:45.000Z</time>
        <extensions>
          <ns3:TrackPointExtension>
            <ns3:hr>151</ns3:hr>
            <ns3:cad>84</ns3:cad>
          </ns3:TrackPointExtension>
        </extensions>
      </trkpt>
      <trkpt lat="35.757631771266460418701171875" lon="139.53704145736992359161376953125">
        <ele>46.799999237060546875</ele>
        <time>2026-09-30T23:06:46.000Z</time>
        <extensions>
          <ns3:TrackPointExtension>
            <ns3:hr>151</ns3:hr>
            <ns3:cad>84</ns3:cad>
          </ns3:TrackPointExtension>
        </extensions>
      </trkpt>
      <trkpt lat="35.757621712982654571533203125" lon="139.53702050261199474334716796875">
        <ele>46.799999237060546875</ele>
        <time>2026-09-30T23:06:47.000Z</time>
        <extensions>
          <ns3:TrackPointExtension>
            <ns3:hr>151</ns3:hr>
            <ns3:cad>84</ns3:cad>
          </ns3:TrackPointExtension>
        </extensions>
      </trkpt>
      <trkpt lat="35.7576119899749755859375" lon="139.53699887730181217193603515625">
        <ele>46.799999237060546875</ele>
        <time>2026-09-30T23:06:48.000Z</time>
        <extensions>
          <ns3:TrackPointExtension>
            <ns3:hr>151</ns3:hr>
            <ns3:cad>84</ns3:cad>
          </ns3:TrackPointExtension>
        </extensions>
      </trkpt>
      <trkpt lat="35.75760637409985065460205078125" lon="139.5369858853518962860107421875">
        <ele>47</ele>
        <time>2026-09-30T23:06:49.000Z</time>
        <extensions>
          <ns3:TrackPointExtension>
            <ns3:hr>151</ns3:hr>
            <ns3:cad>85</ns3:cad>
          </ns3:TrackPointExtension>
        </extensions>
      </trkpt>
      <trkpt lat="35.7575910352170467376708984375" lon="139.53696970827877521514892578125">
        <ele>47</ele>
        <time>2026-09-30T23:06:50.000Z</time>
        <extensions>
          <ns3:TrackPointExtension>
            <ns3:hr>151</ns3:hr>
            <ns3:cad>85</ns3:cad>
          </ns3:TrackPointExtension>
        </extensions>
      </trkpt>
      <trkpt lat="35.757577121257781982421875" lon="139.5369520224630832672119140625">
        <ele>47</ele>
        <time>2026-09-30T23:06:51.000Z</time>
        <extensions>
          <ns3:TrackPointExtension>
            <ns3:hr>151</ns3:hr>
            <ns3:cad>85</ns3:cad>
          </ns3:TrackPointExtension>
        </extensions>
      </trkpt>
      <trkpt lat="35.75756630860269069671630859375" lon="139.536939449608325958251953125">
        <ele>47</ele>
        <time>2026-09-30T23:06:52.000Z</time>
        <extensions>
          <ns3:TrackPointExtension>
            <ns3:hr>151</ns3:hr>
            <ns3:cad>85</ns3:cad>
          </ns3:TrackPointExtension>
        </extensions>
      </trkpt>
      <trkpt lat="35.75756547041237354278564453125" lon="139.53691103495657444000244140625">
        <ele>47</ele>
        <time>2026-09-30T23:06:53.000Z</time>
        <extensions>
          <ns3:TrackPointExtension>
            <ns3:hr>151</ns3:hr>
            <ns3:cad>84</ns3:cad>
          </ns3:TrackPointExtension>
        </extensions>
      </trkpt>
      <trkpt lat="35.7575746066868305206298828125" lon="139.536886475980281829833984375">
        <ele>47</ele>
        <time>2026-09-30T23:06:54.000Z</time>
        <extensions>
          <ns3:TrackPointExtension>
            <ns3:hr>151</ns3:hr>
            <ns3:cad>84</ns3:cad>
          </ns3:TrackPointExtension>
        </extensions>
      </trkpt>
      <trkpt lat="35.75756027363240718841552734375" lon="139.53687180764973163604736328125">
        <ele>47</ele>
        <time>2026-09-30T23:06:55.000Z</time>
        <extensions>
          <ns3:TrackPointExtension>
            <ns3:hr>151</ns3:hr>
            <ns3:cad>84</ns3:cad>
          </ns3:TrackPointExtension>
        </extensions>
      </trkpt>
      <trkpt lat="35.7575337029993534088134765625" lon="139.53686191700398921966552734375">
        <ele>47</ele>
        <time>2026-09-30T23:06:56.000Z</time>
        <extensions>
          <ns3:TrackPointExtension>
            <ns3:hr>151</ns3:hr>
            <ns3:cad>84</ns3:cad>
          </ns3:TrackPointExtension>
        </extensions>
      </trkpt>
      <trkpt lat="35.75753143988549709320068359375" lon="139.5368467457592487335205078125">
        <ele>47</ele>
        <time>2026-09-30T23:06:57.000Z</time>
        <extensions>
          <ns3:TrackPointExtension>
            <ns3:hr>151</ns3:hr>
            <ns3:cad>83</ns3:cad>
          </ns3:TrackPointExtension>
        </extensions>
      </trkpt>
      <trkpt lat="35.75752548873424530029296875" lon="139.53684263862669467926025390625">
        <ele>47</ele>
        <time>2026-09-30T23:06:58.000Z</time>
        <extensions>
          <ns3:TrackPointExtension>
            <ns3:hr>151</ns3:hr>
            <ns3:cad>82</ns3:cad>
          </ns3:TrackPointExtension>
        </extensions>
      </trkpt>
      <trkpt lat="35.7575219683349132537841796875" lon="139.536834843456745147705078125">
        <ele>46.799999237060546875</ele>
        <time>2026-09-30T23:06:59.000Z</time>
        <extensions>
          <ns3:TrackPointExtension>
            <ns3:hr>151</ns3:hr>
            <ns3:cad>82</ns3:cad>
          </ns3:TrackPointExtension>
        </extensions>
      </trkpt>
      <trkpt lat="35.75751517899334430694580078125" lon="139.5368309877812862396240234375">
        <ele>47</ele>
        <time>2026-09-30T23:07:00.000Z</time>
        <extensions>
          <ns3:TrackPointExtension>
            <ns3:hr>151</ns3:hr>
            <ns3:cad>82</ns3:cad>
          </ns3:TrackPointExtension>
        </extensions>
      </trkpt>
      <trkpt lat="35.75750964693725109100341796875" lon="139.53682704828679561614990234375">
        <ele>46.799999237060546875</ele>
        <time>2026-09-30T23:07:01.000Z</time>
        <extensions>
          <ns3:TrackPointExtension>
            <ns3:hr>151</ns3:hr>
            <ns3:cad>83</ns3:cad>
          </ns3:TrackPointExtension>
        </extensions>
      </trkpt>
      <trkpt lat="35.75751216150820255279541015625" lon="139.5364777743816375732421875">
        <ele>48</ele>
        <time>2026-09-30T23:07:12.000Z</time>
        <extensions>
          <ns3:TrackPointExtension>
            <ns3:hr>150</ns3:hr>
            <ns3:cad>81</ns3:cad>
          </ns3:TrackPointExtension>
        </extensions>
      </trkpt>
      <trkpt lat="35.75750193558633327484130859375" lon="139.5364839769899845123291015625">
        <ele>48.200000762939453125</ele>
        <time>2026-09-30T23:07:13.000Z</time>
        <extensions>
          <ns3:TrackPointExtension>
            <ns3:hr>150</ns3:hr>
            <ns3:cad>81</ns3:cad>
          </ns3:TrackPointExtension>
        </extensions>
      </trkpt>
      <trkpt lat="35.75750445015728473663330078125" lon="139.53646411187946796417236328125">
        <ele>48.200000762939453125</ele>
        <time>2026-09-30T23:07:14.000Z</time>
        <extensions>
          <ns3:TrackPointExtension>
            <ns3:hr>150</ns3:hr>
            <ns3:cad>82</ns3:cad>
          </ns3:TrackPointExtension>
        </extensions>
      </trkpt>
      <trkpt lat="35.7575105689465999603271484375" lon="139.53645229339599609375">
        <ele>48.200000762939453125</ele>
        <time>2026-09-30T23:07:15.000Z</time>
        <extensions>
          <ns3:TrackPointExtension>
            <ns3:hr>150</ns3:hr>
            <ns3:cad>83</ns3:cad>
          </ns3:TrackPointExtension>
        </extensions>
      </trkpt>
      <trkpt lat="35.7574803940951824188232421875" lon="139.53644969500601291656494140625">
        <ele>48.200000762939453125</ele>
        <time>2026-09-30T23:07:16.000Z</time>
        <extensions>
          <ns3:TrackPointExtension>
            <ns3:hr>151</ns3:hr>
            <ns3:cad>83</ns3:cad>
          </ns3:TrackPointExtension>
        </extensions>
      </trkpt>
      <trkpt lat="35.757470838725566864013671875" lon="139.53643544577062129974365234375">
        <ele>48.200000762939453125</ele>
        <time>2026-09-30T23:07:17.000Z</time>
        <extensions>
          <ns3:TrackPointExtension>
            <ns3:hr>151</ns3:hr>
            <ns3:cad>84</ns3:cad>
          </ns3:TrackPointExtension>
        </extensions>
      </trkpt>
      <trkpt lat="35.75745600275695323944091796875" lon="139.536415077745914459228515625">
        <ele>48.200000762939453125</ele>
        <time>2026-09-30T23:07:18.000Z</time>
        <extensions>
          <ns3:TrackPointExtension>
            <ns3:hr>151</ns3:hr>
            <ns3:cad>84</ns3:cad>
          </ns3:TrackPointExtension>
        </extensions>
      </trkpt>
      <trkpt lat="35.7574438489973545074462890625" lon="139.5364014990627765655517578125">
        <ele>48.200000762939453125</ele>
        <time>2026-09-30T23:07:19.000Z</time>
        <extensions>
          <ns3:TrackPointExtension>
            <ns3:hr>152</ns3:hr>
            <ns3:cad>84</ns3:cad>
          </ns3:TrackPointExtension>
        </extensions>
      </trkpt>
      <trkpt lat="35.7574287615716457366943359375" lon="139.53637928701937198638916015625">
        <ele>48.200000762939453125</ele>
        <time>2026-09-30T23:07:20.000Z</time>
        <extensions>
          <ns3:TrackPointExtension>
            <ns3:hr>153</ns3:hr>
            <ns3:cad>84</ns3:cad>
          </ns3:TrackPointExtension>
        </extensions>
      </trkpt>
      <trkpt lat="35.7574116624891757965087890625" lon="139.53635682351887226104736328125">
        <ele>48.200000762939453125</ele>
        <time>2026-09-30T23:07:21.000Z</time>
        <extensions>
          <ns3:TrackPointExtension>
            <ns3:hr>153</ns3:hr>
            <ns3:cad>84</ns3:cad>
          </ns3:TrackPointExtension>
        </extensions>
      </trkpt>
      <trkpt lat="35.75739632360637187957763671875" lon="139.53634022735059261322021484375">
        <ele>48.200000762939453125</ele>
        <time>2026-09-30T23:07:22.000Z</time>
        <extensions>
          <ns3:TrackPointExtension>
            <ns3:hr>154</ns3:hr>
            <ns3:cad>85</ns3:cad>
          </ns3:TrackPointExtension>
        </extensions>
      </trkpt>
      <trkpt lat="35.75737620703876018524169921875" lon="139.53632891178131103515625">
        <ele>48.200000762939453125</ele>
        <time>2026-09-30T23:07:23.000Z</time>
        <extensions>
          <ns3:TrackPointExtension>
            <ns3:hr>154</ns3:hr>
            <ns3:cad>85</ns3:cad>
          </ns3:TrackPointExtension>
        </extensions>
      </trkpt>
      <trkpt lat="35.75736413709819316864013671875" lon="139.53631072305142879486083984375">
        <ele>48.200000762939453125</ele>
        <time>2026-09-30T23:07:24.000Z</time>
        <extensions>
          <ns3:TrackPointExtension>
            <ns3:hr>155</ns3:hr>
            <ns3:cad>84</ns3:cad>
          </ns3:TrackPointExtension>
        </extensions>
      </trkpt>
      <trkpt lat="35.75735156424343585968017578125" lon="139.53628943301737308502197265625">
        <ele>48.200000762939453125</ele>
        <time>2026-09-30T23:07:25.000Z</time>
        <extensions>
          <ns3:TrackPointExtension>
            <ns3:hr>155</ns3:hr>
            <ns3:cad>83</ns3:cad>
          </ns3:TrackPointExtension>
        </extensions>
      </trkpt>
      <trkpt lat="35.75734485872089862823486328125" lon="139.53626789152622222900390625">
        <ele>48.200000762939453125</ele>
        <time>2026-09-30T23:07:26.000Z</time>
        <extensions>
          <ns3:TrackPointExtension>
            <ns3:hr>154</ns3:hr>
            <ns3:cad>83</ns3:cad>
          </ns3:TrackPointExtension>
        </extensions>
      </trkpt>
      <trkpt lat="35.75733396224677562713623046875" lon="139.53624819405376911163330078125">
        <ele>48.200000762939453125</ele>
        <time>2026-09-30T23:07:27.000Z</time>
        <extensions>
          <ns3:TrackPointExtension>
            <ns3:hr>155</ns3:hr>
            <ns3:cad>84</ns3:cad>
          </ns3:TrackPointExtension>
        </extensions>
      </trkpt>
      <trkpt lat="35.75731921009719371795654296875" lon="139.53622723929584026336669921875">
        <ele>48.200000762939453125</ele>
        <time>2026-09-30T23:07:28.000Z</time>
        <extensions>
          <ns3:TrackPointExtension>
            <ns3:hr>155</ns3:hr>
            <ns3:cad>84</ns3:cad>
          </ns3:TrackPointExtension>
        </extensions>
      </trkpt>
      <trkpt lat="35.7573107443749904632568359375" lon="139.5362134091556072235107421875">
        <ele>48.200000762939453125</ele>
        <time>2026-09-30T23:07:29.000Z</time>
        <extensions>
          <ns3:TrackPointExtension>
            <ns3:hr>155</ns3:hr>
            <ns3:cad>84</ns3:cad>
          </ns3:TrackPointExtension>
        </extensions>
      </trkpt>
      <trkpt lat="35.7572923041880130767822265625" lon="139.53619069419801235198974609375">
        <ele>48.200000762939453125</ele>
        <time>2026-09-30T23:07:30.000Z</time>
        <extensions>
          <ns3:TrackPointExtension>
            <ns3:hr>155</ns3:hr>
            <ns3:cad>84</ns3:cad>
          </ns3:TrackPointExtension>
        </extensions>
      </trkpt>
      <trkpt lat="35.75729104690253734588623046875" lon="139.53617133200168609619140625">
        <ele>48.200000762939453125</ele>
        <time>2026-09-30T23:07:31.000Z</time>
        <extensions>
          <ns3:TrackPointExtension>
            <ns3:hr>155</ns3:hr>
            <ns3:cad>84</ns3:cad>
          </ns3:TrackPointExtension>
        </extensions>
      </trkpt>
      <trkpt lat="35.757277719676494598388671875" lon="139.53614744357764720916748046875">
        <ele>48.200000762939453125</ele>
        <time>2026-09-30T23:07:32.000Z</time>
        <extensions>
          <ns3:TrackPointExtension>
            <ns3:hr>155</ns3:hr>
            <ns3:cad>85</ns3:cad>
          </ns3:TrackPointExtension>
        </extensions>
      </trkpt>
      <trkpt lat="35.75727495364844799041748046875" lon="139.53611793927848339080810546875">
        <ele>48.200000762939453125</ele>
        <time>2026-09-30T23:07:33.000Z</time>
        <extensions>
          <ns3:TrackPointExtension>
            <ns3:hr>155</ns3:hr>
            <ns3:cad>85</ns3:cad>
          </ns3:TrackPointExtension>
        </extensions>
      </trkpt>
      <trkpt lat="35.75726355426013469696044921875" lon="139.5361020974814891815185546875">
        <ele>48.200000762939453125</ele>
        <time>2026-09-30T23:07:34.000Z</time>
        <extensions>
          <ns3:TrackPointExtension>
            <ns3:hr>154</ns3:hr>
            <ns3:cad>86</ns3:cad>
          </ns3:TrackPointExtension>
        </extensions>
      </trkpt>
      <trkpt lat="35.75725450180470943450927734375" lon="139.5360880158841609954833984375">
        <ele>48.200000762939453125</ele>
        <time>2026-09-30T23:07:35.000Z</time>
        <extensions>
          <ns3:TrackPointExtension>
            <ns3:hr>155</ns3:hr>
            <ns3:cad>86</ns3:cad>
          </ns3:TrackPointExtension>
        </extensions>
      </trkpt>
      <trkpt lat="35.75724561698734760284423828125" lon="139.5360620319843292236328125">
        <ele>48.200000762939453125</ele>
        <time>2026-09-30T23:07:36.000Z</time>
        <extensions>
          <ns3:TrackPointExtension>
            <ns3:hr>154</ns3:hr>
            <ns3:cad>86</ns3:cad>
          </ns3:TrackPointExtension>
        </extensions>
      </trkpt>
      <trkpt lat="35.7572378218173980712890625" lon="139.5360347069799900054931640625">
        <ele>48.200000762939453125</ele>
        <time>2026-09-30T23:07:37.000Z</time>
        <extensions>
          <ns3:TrackPointExtension>
            <ns3:hr>154</ns3:hr>
            <ns3:cad>86</ns3:cad>
          </ns3:TrackPointExtension>
        </extensions>
      </trkpt>
      <trkpt lat="35.75723505578935146331787109375" lon="139.5360176078975200653076171875">
        <ele>48</ele>
        <time>2026-09-30T23:07:38.000Z</time>
        <extensions>
          <ns3:TrackPointExtension>
            <ns3:hr>154</ns3:hr>
            <ns3:cad>86</ns3:cad>
          </ns3:TrackPointExtension>
        </extensions>
      </trkpt>
      <trkpt lat="35.75721929781138896942138671875" lon="139.535999335348606109619140625">
        <ele>48</ele>
        <time>2026-09-30T23:07:39.000Z</time>
        <extensions>
          <ns3:TrackPointExtension>
            <ns3:hr>153</ns3:hr>
            <ns3:cad>86</ns3:cad>
          </ns3:TrackPointExtension>
        </extensions>
      </trkpt>
      <trkpt lat="35.7572148554027080535888671875" lon="139.5359864272177219390869140625">
        <ele>48</ele>
        <time>2026-09-30T23:07:40.000Z</time>
        <extensions>
          <ns3:TrackPointExtension>
            <ns3:hr>153</ns3:hr>
            <ns3:cad>86</ns3:cad>
          </ns3:TrackPointExtension>
        </extensions>
      </trkpt>
      <trkpt lat="35.75721292756497859954833984375" lon="139.5359681546688079833984375">
        <ele>48</ele>
        <time>2026-09-30T23:07:41.000Z</time>
        <extensions>
          <ns3:TrackPointExtension>
            <ns3:hr>153</ns3:hr>
            <ns3:cad>85</ns3:cad>
          </ns3:TrackPointExtension>
        </extensions>
      </trkpt>
      <trkpt lat="35.75721594505012035369873046875" lon="139.53594896011054515838623046875">
        <ele>48</ele>
        <time>2026-09-30T23:07:42.000Z</time>
        <extensions>
          <ns3:TrackPointExtension>
            <ns3:hr>153</ns3:hr>
            <ns3:cad>85</ns3:cad>
          </ns3:TrackPointExtension>
        </extensions>
      </trkpt>
      <trkpt lat="35.75721544213593006134033203125" lon="139.53593068756163120269775390625">
        <ele>48</ele>
        <time>2026-09-30T23:07:43.000Z</time>
        <extensions>
          <ns3:TrackPointExtension>
            <ns3:hr>152</ns3:hr>
            <ns3:cad>83</ns3:cad>
          </ns3:TrackPointExtension>
        </extensions>
      </trkpt>
      <trkpt lat="35.75720923952758312225341796875" lon="139.53591358847916126251220703125">
        <ele>47.799999237060546875</ele>
        <time>2026-09-30T23:07:44.000Z</time>
        <extensions>
          <ns3:TrackPointExtension>
            <ns3:hr>152</ns3:hr>
            <ns3:cad>82</ns3:cad>
          </ns3:TrackPointExtension>
        </extensions>
      </trkpt>
      <trkpt lat="35.75721343047916889190673828125" lon="139.53589263372123241424560546875">
        <ele>47.799999237060546875</ele>
        <time>2026-09-30T23:07:45.000Z</time>
        <extensions>
          <ns3:TrackPointExtension>
            <ns3:hr>152</ns3:hr>
            <ns3:cad>82</ns3:cad>
          </ns3:TrackPointExtension>
        </extensions>
      </trkpt>
      <trkpt lat="35.75721326284110546112060546875" lon="139.535867236554622650146484375">
        <ele>47.799999237060546875</ele>
        <time>2026-09-30T23:07:46.000Z</time>
        <extensions>
          <ns3:TrackPointExtension>
            <ns3:hr>152</ns3:hr>
            <ns3:cad>82</ns3:cad>
          </ns3:TrackPointExtension>
        </extensions>
      </trkpt>
      <trkpt lat="35.75720496475696563720703125" lon="139.53585307113826274871826171875">
        <ele>47.799999237060546875</ele>
        <time>2026-09-30T23:07:47.000Z</time>
        <extensions>
          <ns3:TrackPointExtension>
            <ns3:hr>151</ns3:hr>
            <ns3:cad>83</ns3:cad>
          </ns3:TrackPointExtension>
        </extensions>
      </trkpt>
      <trkpt lat="35.75720940716564655303955078125" lon="139.53582893125712871551513671875">
        <ele>47.799999237060546875</ele>
        <time>2026-09-30T23:07:48.000Z</time>
        <extensions>
          <ns3:TrackPointExtension>
            <ns3:hr>150</ns3:hr>
            <ns3:cad>84</ns3:cad>
          </ns3:TrackPointExtension>
        </extensions>
      </trkpt>
      <trkpt lat="35.75720471329987049102783203125" lon="139.53581484965980052947998046875">
        <ele>47.799999237060546875</ele>
        <time>2026-09-30T23:07:49.000Z</time>
        <extensions>
          <ns3:TrackPointExtension>
            <ns3:hr>149</ns3:hr>
            <ns3:cad>84</ns3:cad>
          </ns3:TrackPointExtension>
        </extensions>
      </trkpt>
      <trkpt lat="35.7571974210441112518310546875" lon="139.53579640947282314300537109375">
        <ele>47.799999237060546875</ele>
        <time>2026-09-30T23:07:50.000Z</time>
        <extensions>
          <ns3:TrackPointExtension>
            <ns3:hr>147</ns3:hr>
            <ns3:cad>85</ns3:cad>
          </ns3:TrackPointExtension>
        </extensions>
      </trkpt>
      <trkpt lat="35.757190547883510589599609375" lon="139.53577897511422634124755859375">
        <ele>48</ele>
        <time>2026-09-30T23:07:51.000Z</time>
        <extensions>
          <ns3:TrackPointExtension>
            <ns3:hr>146</ns3:hr>
            <ns3:cad>84</ns3:cad>
          </ns3:TrackPointExtension>
        </extensions>
      </trkpt>
      <trkpt lat="35.757179819047451019287109375" lon="139.53576363623142242431640625">
        <ele>48</ele>
        <time>2026-09-30T23:07:52.000Z</time>
        <extensions>
          <ns3:TrackPointExtension>
            <ns3:hr>145</ns3:hr>
            <ns3:cad>84</ns3:cad>
          </ns3:TrackPointExtension>
        </extensions>
      </trkpt>
      <trkpt lat="35.75716615654528141021728515625" lon="139.535746537148952484130859375">
        <ele>48</ele>
        <time>2026-09-30T23:07:53.000Z</time>
        <extensions>
          <ns3:TrackPointExtension>
            <ns3:hr>145</ns3:hr>
            <ns3:cad>84</ns3:cad>
          </ns3:TrackPointExtension>
        </extensions>
      </trkpt>
      <trkpt lat="35.75714671052992343902587890625" lon="139.5357282646000385284423828125">
        <ele>48</ele>
        <time>2026-09-30T23:07:54.000Z</time>
        <extensions>
          <ns3:TrackPointExtension>
            <ns3:hr>145</ns3:hr>
            <ns3:cad>84</ns3:cad>
          </ns3:TrackPointExtension>
        </extensions>
      </trkpt>
      <trkpt lat="35.75712692923843860626220703125" lon="139.53571443445980548858642578125">
        <ele>48</ele>
        <time>2026-09-30T23:07:55.000Z</time>
        <extensions>
          <ns3:TrackPointExtension>
            <ns3:hr>145</ns3:hr>
            <ns3:cad>83</ns3:cad>
          </ns3:TrackPointExtension>
        </extensions>
      </trkpt>
      <trkpt lat="35.75710304081439971923828125" lon="139.5356984250247478485107421875">
        <ele>48</ele>
        <time>2026-09-30T23:07:56.000Z</time>
        <extensions>
          <ns3:TrackPointExtension>
            <ns3:hr>145</ns3:hr>
            <ns3:cad>83</ns3:cad>
          </ns3:TrackPointExtension>
        </extensions>
      </trkpt>
      <trkpt lat="35.7570867799222469329833984375" lon="139.53568325378000736236572265625">
        <ele>48</ele>
        <time>2026-09-30T23:07:57.000Z</time>
        <extensions>
          <ns3:TrackPointExtension>
            <ns3:hr>144</ns3:hr>
            <ns3:cad>83</ns3:cad>
          </ns3:TrackPointExtension>
        </extensions>
      </trkpt>
      <trkpt lat="35.75708183459937572479248046875" lon="139.5356655679643154144287109375">
        <ele>48</ele>
        <time>2026-09-30T23:07:58.000Z</time>
        <extensions>
          <ns3:TrackPointExtension>
            <ns3:hr>144</ns3:hr>
            <ns3:cad>84</ns3:cad>
          </ns3:TrackPointExtension>
        </extensions>
      </trkpt>
      <trkpt lat="35.757073201239109039306640625" lon="139.535643942654132843017578125">
        <ele>48.200000762939453125</ele>
        <time>2026-09-30T23:07:59.000Z</time>
        <extensions>
          <ns3:TrackPointExtension>
            <ns3:hr>143</ns3:hr>
            <ns3:cad>85</ns3:cad>
          </ns3:TrackPointExtension>
        </extensions>
      </trkpt>
      <trkpt lat="35.75707127340137958526611328125" lon="139.535627178847789764404296875">
        <ele>48.200000762939453125</ele>
        <time>2026-09-30T23:08:00.000Z</time>
        <extensions>
          <ns3:TrackPointExtension>
            <ns3:hr>143</ns3:hr>
            <ns3:cad>85</ns3:cad>
          </ns3:TrackPointExtension>
        </extensions>
      </trkpt>
      <trkpt lat="35.7570612989366054534912109375" lon="139.5355894602835178375244140625">
        <ele>48.200000762939453125</ele>
        <time>2026-09-30T23:08:01.000Z</time>
        <extensions>
          <ns3:TrackPointExtension>
            <ns3:hr>142</ns3:hr>
            <ns3:cad>84</ns3:cad>
          </ns3:TrackPointExtension>
        </extensions>
      </trkpt>
      <trkpt lat="35.7570612989366054534912109375" lon="139.5355894602835178375244140625">
        <ele>48.200000762939453125</ele>
        <time>2026-09-30T23:08:02.000Z</time>
        <extensions>
          <ns3:TrackPointExtension>
            <ns3:hr>142</ns3:hr>
            <ns3:cad>84</ns3:cad>
          </ns3:TrackPointExtension>
        </extensions>
      </trkpt>
      <trkpt lat="35.75705903582274913787841796875" lon="139.535567499697208404541015625">
        <ele>48.200000762939453125</ele>
        <time>2026-09-30T23:08:03.000Z</time>
        <extensions>
          <ns3:TrackPointExtension>
            <ns3:hr>142</ns3:hr>
            <ns3:cad>84</ns3:cad>
          </ns3:TrackPointExtension>
        </extensions>
      </trkpt>
      <trkpt lat="35.75705383904278278350830078125" lon="139.5355485565960407257080078125">
        <ele>48.200000762939453125</ele>
        <time>2026-09-30T23:08:04.000Z</time>
        <extensions>
          <ns3:TrackPointExtension>
            <ns3:hr>143</ns3:hr>
            <ns3:cad>84</ns3:cad>
          </ns3:TrackPointExtension>
        </extensions>
      </trkpt>
      <trkpt lat="35.75704361312091350555419921875" lon="139.53553028404712677001953125">
        <ele>48.200000762939453125</ele>
        <time>2026-09-30T23:08:05.000Z</time>
        <extensions>
          <ns3:TrackPointExtension>
            <ns3:hr>143</ns3:hr>
            <ns3:cad>84</ns3:cad>
          </ns3:TrackPointExtension>
        </extensions>
      </trkpt>
      <trkpt lat="35.75703598558902740478515625" lon="139.53551125712692737579345703125">
        <ele>48.200000762939453125</ele>
        <time>2026-09-30T23:08:06.000Z</time>
        <extensions>
          <ns3:TrackPointExtension>
            <ns3:hr>143</ns3:hr>
            <ns3:cad>84</ns3:cad>
          </ns3:TrackPointExtension>
        </extensions>
      </trkpt>
      <trkpt lat="35.7570267654955387115478515625" lon="139.535491056740283966064453125">
        <ele>48.200000762939453125</ele>
        <time>2026-09-30T23:08:07.000Z</time>
        <extensions>
          <ns3:TrackPointExtension>
            <ns3:hr>143</ns3:hr>
            <ns3:cad>84</ns3:cad>
          </ns3:TrackPointExtension>
        </extensions>
      </trkpt>
      <trkpt lat="35.75702282600104808807373046875" lon="139.53547119162976741790771484375">
        <ele>48.200000762939453125</ele>
        <time>2026-09-30T23:08:08.000Z</time>
        <extensions>
          <ns3:TrackPointExtension>
            <ns3:hr>144</ns3:hr>
            <ns3:cad>84</ns3:cad>
          </ns3:TrackPointExtension>
        </extensions>
      </trkpt>
      <trkpt lat="35.757010839879512786865234375" lon="139.5354426093399524688720703125">
        <ele>48</ele>
        <time>2026-09-30T23:08:09.000Z</time>
        <extensions>
          <ns3:TrackPointExtension>
            <ns3:hr>144</ns3:hr>
            <ns3:cad>84</ns3:cad>
          </ns3:TrackPointExtension>
        </extensions>
      </trkpt>
      <trkpt lat="35.757000781595706939697265625" lon="139.53542458824813365936279296875">
        <ele>47.799999237060546875</ele>
        <time>2026-09-30T23:08:10.000Z</time>
        <extensions>
          <ns3:TrackPointExtension>
            <ns3:hr>145</ns3:hr>
            <ns3:cad>84</ns3:cad>
          </ns3:TrackPointExtension>
        </extensions>
      </trkpt>
      <trkpt lat="35.75699533335864543914794921875" lon="139.53539977781474590301513671875">
        <ele>47.799999237060546875</ele>
        <time>2026-09-30T23:08:11.000Z</time>
        <extensions>
          <ns3:TrackPointExtension>
            <ns3:hr>145</ns3:hr>
            <ns3:cad>84</ns3:cad>
          </ns3:TrackPointExtension>
        </extensions>
      </trkpt>
      <trkpt lat="35.75698426924645900726318359375" lon="139.53538200818002223968505859375">
        <ele>47.59999847412109375</ele>
        <time>2026-09-30T23:08:12.000Z</time>
        <extensions>
          <ns3:TrackPointExtension>
            <ns3:hr>145</ns3:hr>
            <ns3:cad>84</ns3:cad>
          </ns3:TrackPointExtension>
        </extensions>
      </trkpt>
      <trkpt lat="35.75697295367717742919921875" lon="139.5353700220584869384765625">
        <ele>47.59999847412109375</ele>
        <time>2026-09-30T23:08:13.000Z</time>
        <extensions>
          <ns3:TrackPointExtension>
            <ns3:hr>145</ns3:hr>
            <ns3:cad>85</ns3:cad>
          </ns3:TrackPointExtension>
        </extensions>
      </trkpt>
      <trkpt lat="35.7569674216210842132568359375" lon="139.53534294851124286651611328125">
        <ele>47.59999847412109375</ele>
        <time>2026-09-30T23:08:14.000Z</time>
        <extensions>
          <ns3:TrackPointExtension>
            <ns3:hr>144</ns3:hr>
            <ns3:cad>85</ns3:cad>
          </ns3:TrackPointExtension>
        </extensions>
      </trkpt>
      <trkpt lat="35.7569588720798492431640625" lon="139.5353217422962188720703125">
        <ele>47.59999847412109375</ele>
        <time>2026-09-30T23:08:15.000Z</time>
        <extensions>
          <ns3:TrackPointExtension>
            <ns3:hr>144</ns3:hr>
            <ns3:cad>85</ns3:cad>
          </ns3:TrackPointExtension>
        </extensions>
      </trkpt>
      <trkpt lat="35.756957866251468658447265625" lon="139.53530204482376575469970703125">
        <ele>47.59999847412109375</ele>
        <time>2026-09-30T23:08:16.000Z</time>
        <extensions>
          <ns3:TrackPointExtension>
            <ns3:hr>143</ns3:hr>
            <ns3:cad>85</ns3:cad>
          </ns3:TrackPointExtension>
        </extensions>
      </trkpt>
      <trkpt lat="35.75695241801440715789794921875" lon="139.53527505509555339813232421875">
        <ele>47.59999847412109375</ele>
        <time>2026-09-30T23:08:17.000Z</time>
        <extensions>
          <ns3:TrackPointExtension>
            <ns3:hr>143</ns3:hr>
            <ns3:cad>85</ns3:cad>
          </ns3:TrackPointExtension>
        </extensions>
      </trkpt>
      <trkpt lat="35.756945125758647918701171875" lon="139.5352520048618316650390625">
        <ele>47.799999237060546875</ele>
        <time>2026-09-30T23:08:18.000Z</time>
        <extensions>
          <ns3:TrackPointExtension>
            <ns3:hr>143</ns3:hr>
            <ns3:cad>85</ns3:cad>
          </ns3:TrackPointExtension>
        </extensions>
      </trkpt>
      <trkpt lat="35.75693582184612751007080078125" lon="139.53523012809455394744873046875">
        <ele>47.799999237060546875</ele>
        <time>2026-09-30T23:08:19.000Z</time>
        <extensions>
          <ns3:TrackPointExtension>
            <ns3:hr>144</ns3:hr>
            <ns3:cad>85</ns3:cad>
          </ns3:TrackPointExtension>
        </extensions>
      </trkpt>
      <trkpt lat="35.7569255121052265167236328125" lon="139.53521068207919597625732421875">
        <ele>47.799999237060546875</ele>
        <time>2026-09-30T23:08:20.000Z</time>
        <extensions>
          <ns3:TrackPointExtension>
            <ns3:hr>144</ns3:hr>
            <ns3:cad>85</ns3:cad>
          </ns3:TrackPointExtension>
        </extensions>
      </trkpt>
      <trkpt lat="35.7569184713065624237060546875" lon="139.53518888913094997406005859375">
        <ele>47.799999237060546875</ele>
        <time>2026-09-30T23:08:21.000Z</time>
        <extensions>
          <ns3:TrackPointExtension>
            <ns3:hr>144</ns3:hr>
            <ns3:cad>85</ns3:cad>
          </ns3:TrackPointExtension>
        </extensions>
      </trkpt>
      <trkpt lat="35.75690749101340770721435546875" lon="139.53516625799238681793212890625">
        <ele>47.799999237060546875</ele>
        <time>2026-09-30T23:08:22.000Z</time>
        <extensions>
          <ns3:TrackPointExtension>
            <ns3:hr>143</ns3:hr>
            <ns3:cad>85</ns3:cad>
          </ns3:TrackPointExtension>
        </extensions>
      </trkpt>
      <trkpt lat="35.756904222071170806884765625" lon="139.535140693187713623046875">
        <ele>47.799999237060546875</ele>
        <time>2026-09-30T23:08:23.000Z</time>
        <extensions>
          <ns3:TrackPointExtension>
            <ns3:hr>143</ns3:hr>
            <ns3:cad>85</ns3:cad>
          </ns3:TrackPointExtension>
        </extensions>
      </trkpt>
      <trkpt lat="35.756894834339618682861328125" lon="139.535119570791721343994140625">
        <ele>47.799999237060546875</ele>
        <time>2026-09-30T23:08:24.000Z</time>
        <extensions>
          <ns3:TrackPointExtension>
            <ns3:hr>143</ns3:hr>
            <ns3:cad>85</ns3:cad>
          </ns3:TrackPointExtension>
        </extensions>
      </trkpt>
      <trkpt lat="35.7568839378654956817626953125" lon="139.53509534709155559539794921875">
        <ele>47.799999237060546875</ele>
        <time>2026-09-30T23:08:25.000Z</time>
        <extensions>
          <ns3:TrackPointExtension>
            <ns3:hr>143</ns3:hr>
            <ns3:cad>85</ns3:cad>
          </ns3:TrackPointExtension>
        </extensions>
      </trkpt>
      <trkpt lat="35.75687211938202381134033203125" lon="139.53506718389689922332763671875">
        <ele>48</ele>
        <time>2026-09-30T23:08:26.000Z</time>
        <extensions>
          <ns3:TrackPointExtension>
            <ns3:hr>144</ns3:hr>
            <ns3:cad>85</ns3:cad>
          </ns3:TrackPointExtension>
        </extensions>
      </trkpt>
      <trkpt lat="35.756866000592708587646484375" lon="139.535048492252826690673828125">
        <ele>48</ele>
        <time>2026-09-30T23:08:27.000Z</time>
        <extensions>
          <ns3:TrackPointExtension>
            <ns3:hr>144</ns3:hr>
            <ns3:cad>86</ns3:cad>
          </ns3:TrackPointExtension>
        </extensions>
      </trkpt>
      <trkpt lat="35.7568584568798542022705078125" lon="139.53502611257135868072509765625">
        <ele>48.200000762939453125</ele>
        <time>2026-09-30T23:08:28.000Z</time>
        <extensions>
          <ns3:TrackPointExtension>
            <ns3:hr>144</ns3:hr>
            <ns3:cad>86</ns3:cad>
          </ns3:TrackPointExtension>
        </extensions>
      </trkpt>
      <trkpt lat="35.75684563256800174713134765625" lon="139.53500146977603435516357421875">
        <ele>48.40000152587890625</ele>
        <time>2026-09-30T23:08:29.000Z</time>
        <extensions>
          <ns3:TrackPointExtension>
            <ns3:hr>144</ns3:hr>
            <ns3:cad>85</ns3:cad>
          </ns3:TrackPointExtension>
        </extensions>
      </trkpt>
      <trkpt lat="35.7568359933793544769287109375" lon="139.53498621471226215362548828125">
        <ele>48.59999847412109375</ele>
        <time>2026-09-30T23:08:30.000Z</time>
        <extensions>
          <ns3:TrackPointExtension>
            <ns3:hr>145</ns3:hr>
            <ns3:cad>85</ns3:cad>
          </ns3:TrackPointExtension>
        </extensions>
      </trkpt>
      <trkpt lat="35.7568249292671680450439453125" lon="139.5349658466875553131103515625">
        <ele>48.799999237060546875</ele>
        <time>2026-09-30T23:08:31.000Z</time>
        <extensions>
          <ns3:TrackPointExtension>
            <ns3:hr>145</ns3:hr>
            <ns3:cad>85</ns3:cad>
          </ns3:TrackPointExtension>
        </extensions>
      </trkpt>
      <trkpt lat="35.75681948103010654449462890625" lon="139.53494229353964328765869140625">
        <ele>48.799999237060546875</ele>
        <time>2026-09-30T23:08:32.000Z</time>
        <extensions>
          <ns3:TrackPointExtension>
            <ns3:hr>146</ns3:hr>
            <ns3:cad>84</ns3:cad>
          </ns3:TrackPointExtension>
        </extensions>
      </trkpt>
      <trkpt lat="35.75681478716433048248291015625" lon="139.53491848893463611602783203125">
        <ele>49</ele>
        <time>2026-09-30T23:08:33.000Z</time>
        <extensions>
          <ns3:TrackPointExtension>
            <ns3:hr>146</ns3:hr>
            <ns3:cad>84</ns3:cad>
          </ns3:TrackPointExtension>
        </extensions>
      </trkpt>
      <trkpt lat="35.75681612826883792877197265625" lon="139.53488655388355255126953125">
        <ele>49</ele>
        <time>2026-09-30T23:08:34.000Z</time>
        <extensions>
          <ns3:TrackPointExtension>
            <ns3:hr>147</ns3:hr>
            <ns3:cad>84</ns3:cad>
          </ns3:TrackPointExtension>
        </extensions>
      </trkpt>
      <trkpt lat="35.75680824927985668182373046875" lon="139.53486300073564052581787109375">
        <ele>49</ele>
        <time>2026-09-30T23:08:35.000Z</time>
        <extensions>
          <ns3:TrackPointExtension>
            <ns3:hr>148</ns3:hr>
            <ns3:cad>85</ns3:cad>
          </ns3:TrackPointExtension>
        </extensions>
      </trkpt>
      <trkpt lat="35.75680397450923919677734375" lon="139.5348444767296314239501953125">
        <ele>49</ele>
        <time>2026-09-30T23:08:36.000Z</time>
        <extensions>
          <ns3:TrackPointExtension>
            <ns3:hr>148</ns3:hr>
            <ns3:cad>85</ns3:cad>
          </ns3:TrackPointExtension>
        </extensions>
      </trkpt>
      <trkpt lat="35.75679735280573368072509765625" lon="139.53481614589691162109375">
        <ele>49</ele>
        <time>2026-09-30T23:08:37.000Z</time>
        <extensions>
          <ns3:TrackPointExtension>
            <ns3:hr>149</ns3:hr>
            <ns3:cad>85</ns3:cad>
          </ns3:TrackPointExtension>
        </extensions>
      </trkpt>
      <trkpt lat="35.75678830035030841827392578125" lon="139.5347908325493335723876953125">
        <ele>49</ele>
        <time>2026-09-30T23:08:38.000Z</time>
        <extensions>
          <ns3:TrackPointExtension>
            <ns3:hr>149</ns3:hr>
            <ns3:cad>85</ns3:cad>
          </ns3:TrackPointExtension>
        </extensions>
      </trkpt>
      <trkpt lat="35.756783187389373779296875" lon="139.5347720570862293243408203125">
        <ele>49</ele>
        <time>2026-09-30T23:08:39.000Z</time>
        <extensions>
          <ns3:TrackPointExtension>
            <ns3:hr>149</ns3:hr>
            <ns3:cad>84</ns3:cad>
          </ns3:TrackPointExtension>
        </extensions>
      </trkpt>
      <trkpt lat="35.75677715241909027099609375" lon="139.53475101850926876068115234375">
        <ele>49.200000762939453125</ele>
        <time>2026-09-30T23:08:40.000Z</time>
        <extensions>
          <ns3:TrackPointExtension>
            <ns3:hr>150</ns3:hr>
            <ns3:cad>84</ns3:cad>
          </ns3:TrackPointExtension>
        </extensions>
      </trkpt>
      <trkpt lat="35.7567679323256015777587890625" lon="139.53474783338606357574462890625">
        <ele>49.40000152587890625</ele>
        <time>2026-09-30T23:08:41.000Z</time>
        <extensions>
          <ns3:TrackPointExtension>
            <ns3:hr>151</ns3:hr>
            <ns3:cad>84</ns3:cad>
          </ns3:TrackPointExtension>
        </extensions>
      </trkpt>
      <trkpt lat="35.7567511685192584991455078125" lon="139.5347512699663639068603515625">
        <ele>49.40000152587890625</ele>
        <time>2026-09-30T23:08:42.000Z</time>
        <extensions>
          <ns3:TrackPointExtension>
            <ns3:hr>151</ns3:hr>
            <ns3:cad>84</ns3:cad>
          </ns3:TrackPointExtension>
        </extensions>
      </trkpt>
      <trkpt lat="35.7567401044070720672607421875" lon="139.53475638292729854583740234375">
        <ele>49.40000152587890625</ele>
        <time>2026-09-30T23:08:43.000Z</time>
        <extensions>
          <ns3:TrackPointExtension>
            <ns3:hr>151</ns3:hr>
            <ns3:cad>84</ns3:cad>
          </ns3:TrackPointExtension>
        </extensions>
      </trkpt>
      <trkpt lat="35.7567266933619976043701171875" lon="139.5347663573920726776123046875">
        <ele>49.59999847412109375</ele>
        <time>2026-09-30T23:08:44.000Z</time>
        <extensions>
          <ns3:TrackPointExtension>
            <ns3:hr>153</ns3:hr>
            <ns3:cad>84</ns3:cad>
          </ns3:TrackPointExtension>
        </extensions>
      </trkpt>
      <trkpt lat="35.756715796887874603271484375" lon="139.5347770862281322479248046875">
        <ele>49.59999847412109375</ele>
        <time>2026-09-30T23:08:45.000Z</time>
        <extensions>
          <ns3:TrackPointExtension>
            <ns3:hr>155</ns3:hr>
            <ns3:cad>84</ns3:cad>
          </ns3:TrackPointExtension>
        </extensions>
      </trkpt>
      <trkpt lat="35.75670599006116390228271484375" lon="139.5347906649112701416015625">
        <ele>49.59999847412109375</ele>
        <time>2026-09-30T23:08:46.000Z</time>
        <extensions>
          <ns3:TrackPointExtension>
            <ns3:hr>156</ns3:hr>
            <ns3:cad>84</ns3:cad>
          </ns3:TrackPointExtension>
        </extensions>
      </trkpt>
      <trkpt lat="35.75671018101274967193603515625" lon="139.53480499796569347381591796875">
        <ele>49.59999847412109375</ele>
        <time>2026-09-30T23:08:47.000Z</time>
        <extensions>
          <ns3:TrackPointExtension>
            <ns3:hr>156</ns3:hr>
            <ns3:cad>85</ns3:cad>
          </ns3:TrackPointExtension>
        </extensions>
      </trkpt>
      <trkpt lat="35.75671772472560405731201171875" lon="139.53481807373464107513427734375">
        <ele>49.59999847412109375</ele>
        <time>2026-09-30T23:08:48.000Z</time>
        <extensions>
          <ns3:TrackPointExtension>
            <ns3:hr>156</ns3:hr>
            <ns3:cad>85</ns3:cad>
          </ns3:TrackPointExtension>
        </extensions>
      </trkpt>
      <trkpt lat="35.75672878883779048919677734375" lon="139.5348300598561763763427734375">
        <ele>49.59999847412109375</ele>
        <time>2026-09-30T23:08:49.000Z</time>
        <extensions>
          <ns3:TrackPointExtension>
            <ns3:hr>156</ns3:hr>
            <ns3:cad>84</ns3:cad>
          </ns3:TrackPointExtension>
        </extensions>
      </trkpt>
      <trkpt lat="35.75673289597034454345703125" lon="139.5348528586328029632568359375">
        <ele>49.40000152587890625</ele>
        <time>2026-09-30T23:08:50.000Z</time>
        <extensions>
          <ns3:TrackPointExtension>
            <ns3:hr>156</ns3:hr>
            <ns3:cad>84</ns3:cad>
          </ns3:TrackPointExtension>
        </extensions>
      </trkpt>
      <trkpt lat="35.75673432089388370513916015625" lon="139.53487222082912921905517578125">
        <ele>49.200000762939453125</ele>
        <time>2026-09-30T23:08:51.000Z</time>
        <extensions>
          <ns3:TrackPointExtension>
            <ns3:hr>156</ns3:hr>
            <ns3:cad>85</ns3:cad>
          </ns3:TrackPointExtension>
        </extensions>
      </trkpt>
    </trkseg>
  </trk>
</gpx>
